{
  "robot_name": "rb20_1900es",
  "urdf_path": "D:\\flame_robotics_drt\\urdf\\rb20_1900es_RT.urdf",
  "base_pose": [
    0.0,
    0.0,
    0.0,
    0,
    0,
    0
  ],
  "joint_names": [
    "rt_joint_linear_track",
    "rt_joint_carriage",
    "rt_base",
    "rt_shoulder",
    "rt_elbow",
    "rt_wrist1",
    "rt_wrist2",
    "rt_wrist3"
  ],
  "csv_path": "experiment\\inspection_ik\\session_20260716_101733\\inspection_ik_rb20_1900es_normalized_fallback_20260716_103801.csv",
  "target_T": [
    [
      8.119980888807669e-06,
      7.1570859565696186e-06,
      0.9999999999414211,
      5.200248754255607
    ],
    [
      0.5735764363506304,
      -0.819152044288396,
      1.205311891104852e-06,
      1.4604356295320144
    ],
    [
      0.8191520442490375,
      0.5735764363072438,
      -1.0756634802273854e-05,
      1.9127715114373516
    ],
    [
      0.0,
      0.0,
      0.0,
      1.0
    ]
  ],
  "goal_q": [
    4.927903403449806,
    1.0,
    -0.01770762600710642,
    0.9137187315777179,
    -1.3707590737394622,
    0.030164536162206945,
    -3.14,
    -3.1253112577501603
  ],
  "ik_result": {
    "success": false,
    "fallback": true,
    "position_error": 0.10858385477116125,
    "orientation_error": 0.5046010909609628,
    "collision": false,
    "collision_pair_count": 0,
    "iterations": 1000,
    "elapsed": 0.04257040000084089,
    "max_iter": 1000,
    "solver": "dls_normalized",
    "normalize": true
  }
}