{
  "robot_name": "dda_rb10_1300e",
  "urdf_path": "D:\\flame_robotics_drt\\urdf\\rb10_1300e_DDA.urdf",
  "base_pose": [
    0.0,
    3.75,
    0.0,
    0,
    0,
    0
  ],
  "joint_names": [
    "dda_joint_linear_track",
    "dda_joint_carriage",
    "dda_joint_base",
    "dda_joint_shoulder",
    "dda_joint_elbow",
    "dda_joint_wrist1",
    "dda_joint_wrist2",
    "dda_joint_wrist3"
  ],
  "csv_path": "experiment\\inspection_ik\\session_20260716_101733\\inspection_ik_dda_rb10_1300e_raw_fallback_20260716_101829.csv",
  "target_T": [
    [
      -8.305056293129422e-06,
      -6.706208654130493e-06,
      0.9999999999430264,
      2.8208336182505396
    ],
    [
      0.7071067811467125,
      0.7071067811467133,
      1.061456723840219e-05,
      1.906958255254395
    ],
    [
      -0.7071067811776105,
      0.7071067811945807,
      -1.1305560075565608e-06,
      1.7097093394893101
    ],
    [
      0.0,
      0.0,
      0.0,
      1.0
    ]
  ],
  "goal_q": [
    1.640694513338115,
    -1.0,
    -1.772761104323658,
    1.2075547074185826,
    -0.0007321400530413224,
    -2.9752405601828062,
    -0.805452866352872,
    3.14
  ],
  "ik_result": {
    "success": false,
    "fallback": true,
    "position_error": 0.4110706471505732,
    "orientation_error": 0.28322174366396585,
    "collision": false,
    "collision_pair_count": 0,
    "iterations": 1000,
    "elapsed": 0.03742229999988922,
    "max_iter": 1000,
    "solver": "dls",
    "normalize": false
  }
}