iteration,err_norm,position_error,orientation_error,tcp_x,tcp_y,tcp_z,q0_dda_joint_linear_track,q1_dda_joint_carriage,q2_dda_joint_base,q3_dda_joint_shoulder,q4_dda_joint_elbow,q5_dda_joint_wrist1,q6_dda_joint_wrist2,q7_dda_joint_wrist3,dq0_dda_joint_linear_track,dq1_dda_joint_carriage,dq2_dda_joint_base,dq3_dda_joint_shoulder,dq4_dda_joint_elbow,dq5_dda_joint_wrist1,dq6_dda_joint_wrist2,dq7_dda_joint_wrist3
0,5.156495843512688,4.385774362430275,1.63783382500105,0.47255,3.7499999999986655,2.697,0.0,0.0,0.0,0.0,0.0,0.0,0.0,0.0,0.0,0.0,0.0,0.0,0.0,0.0,0.0,0.0
1,4.293522315879455,3.5917959597770146,1.6071583950313302,1.1192423369468845,3.2232610236941923,2.662945650436898,0.6405132433206333,-0.2413186598421232,0.022141047549508665,-0.20729911018945613,-0.05944316730610893,0.0781446666010894,0.05984708814935034,0.10641514760122671,0.6405132433206333,-0.2413186598421232,0.022141047549508665,-0.20729911018945613,-0.05944316730610893,0.0781446666010894,0.05984708814935034,0.10641514760122671
2,5.484634303584646,4.399284174585196,2.2085994221722687,0.18478283477846993,3.321144062470793,2.09161245614731,0.8958907962865919,-1.0,1.2083599260112665,0.8339970924389732,0.49899080629550746,-0.31022219932595485,-1.08060234358128,-1.1699666966029574,0.25537755296595854,-0.7586813401578768,1.1862188784617578,1.0412962026284294,0.5584339736016164,-0.3883668659270443,-1.1404494317306302,-1.276381844204184
3,4.380694002126231,3.7208750835641613,1.7710253920029397,0.8954696908343294,3.075784317390636,2.566749392030266,1.1885167240859342,-1.0,1.389086714007862,0.31330318819374614,0.37579682751282073,-0.09179783101059491,-0.8691203406945528,-0.9338825124889623,0.2926259277993424,0.0,0.18072678799659547,-0.5206939042452271,-0.12319397878268673,0.21842436831535994,0.21148200288672714,0.23608418411399512
4,3.510915389874741,3.0839599830891675,1.4149411644029966,1.60104908367823,2.978766959854795,2.701956883249619,1.2554443970588034,-1.0,1.5088829987242371,-0.14029871294095836,0.17385374765175293,0.11883713217326766,-0.7992714491395734,-0.6910408750466333,0.06692767297286917,0.0,0.11979628471637516,-0.4536019011347045,-0.2019430798610678,0.21063496318386257,0.06984889155497942,0.242841637442329
5,2.7398492377180608,2.443119904395379,1.1458878373716366,2.2566318487774506,3.017086947674084,2.3822897341824194,2.3163494682397427,-1.0,1.4869482918197168,0.9978295436547737,-1.2380492726138748,0.03620539049317198,-0.7106615344895708,-0.5302840963423368,1.0609050711809394,0.0,-0.021934706904520374,1.138128256595732,-1.4119030202656278,-0.08263174168009568,0.08860991465000256,0.1607567787042965
6,2.2897298827856356,2.0821474174570453,0.9106347515833114,2.680511679556845,2.991356202635149,2.380584835437392,2.4778327199569765,-1.0,1.5414352674481164,0.7785070383104494,-1.3295046222801359,0.025719269507910973,-0.7501840602176676,-0.3630435924757061,0.16148325171723377,0.0,0.05448697562839966,-0.2193225053443243,-0.09145534966626112,-0.010486120985261006,-0.03952252572809678,0.16724050386663064
7,1.9524063961821698,1.8055555668988377,0.7254033840247706,3.0240991429224557,2.987530560487753,2.3326100441767204,2.633032123714464,-1.0,1.5694550840872306,0.6095098086281336,-1.3886853592340287,0.01775535125868361,-0.793873225680688,-0.2583969412702449,0.15519940375748753,0.0,0.028019816639114126,-0.16899722968231579,-0.05918073695389281,-0.007963918249227365,-0.043689165463020374,0.10464665120546124
8,1.6999553112311938,1.5957596950764776,0.5794639331312789,3.296314448919163,2.9846715056429796,2.2616856164836983,2.767880708605798,-1.0,1.569033168745759,0.4858250749079332,-1.4523088952089642,0.017897598970958464,-0.8240157278363229,-0.17546764623355635,0.1348485848913339,0.0,-0.00042191534147151266,-0.12368473372020045,-0.06362353597493553,0.00014224771227485528,-0.030142502155634965,0.08292929503668853
9,1.5093463289609272,1.4356747525459104,0.4636471120707765,3.5097549697017048,2.974347946785441,2.183953441497271,2.8763233779650554,-1.0,1.5500912326864142,0.3853751849725694,-1.5134308516334898,0.02421687157038322,-0.846935227618436,-0.09828092365178577,0.1084426693592575,0.0,-0.0189419360593448,-0.1004498899353638,-0.06112195642452556,0.006319272599424757,-0.02291949978211305,0.07718672258177058
10,1.3639418925457347,1.312239553396127,0.37131907163984396,3.676923994699456,2.9561296775061607,2.109670127207979,2.963150346179713,-1.0,1.5211044820853834,0.2991494090227641,-1.5632109884103356,0.030695410773138115,-0.8682915029356439,-0.02515802247084231,0.08682696821465763,0.0,-0.028986750601030842,-0.0862257759498053,-0.049780136776845785,0.006478539202754895,-0.021356275317207962,0.07312290118094346
11,1.2514755855194448,1.215512886686313,0.29754933177503257,3.808248392528168,2.9318761573018177,2.043701598852677,3.033442763636888,-1.0,1.4868024270907065,0.22455368020541397,-1.59995202569112,0.034346568216905696,-0.8899140540854615,0.043230400553236986,0.07029241745717485,0.0,-0.03430205499467687,-0.07459572881735013,-0.03674103728078437,0.0036511574437675803,-0.021622551149817593,0.0683884230240793
12,1.1628005637440053,1.1379988191554993,0.23854398276417327,3.911842259276674,2.903573166927359,1.9876335921270394,3.090761005119115,-1.0,1.4497305298854724,0.1603340368113338,-1.6249205354046394,0.034220572787747726,-0.9118652876745424,0.10660407912469205,0.057318241482227084,0.0,-0.03707189720523418,-0.06421964339408018,-0.024968509713519493,-0.00012599542915796985,-0.02195123358908091,0.06337367857145507
13,1.0911370204781872,1.0741557688509311,0.19132071531017333,3.9938926138278235,2.87279175154201,1.9413436114681477,3.1376377033943115,-1.0,1.4113450832246675,0.10535444848850514,-1.640081807845833,0.030226099126007724,-0.9337082604957039,0.16519102098549146,0.04687669827519647,0.0,-0.0383854466608049,-0.05497958832282865,-0.015161272441193585,-0.0039944736617400015,-0.021842972821161433,0.05858694186079941
14,1.0315356171978902,1.0199737353140848,0.15351236318100256,4.059107871524056,2.8406475536243785,1.9039110004887405,3.176016387480808,-1.0,1.3725201149371058,0.05843252850759427,-1.6473588632437968,0.02264341942128486,-0.9549921601605644,0.21949214707588566,0.038378684086496584,0.0,-0.038824968287561656,-0.04692191998091087,-0.00727705539796375,-0.007582679704722865,-0.02128389966486055,0.0543011260903942
15,0.980448763306513,0.9726079234055349,0.12323260998630804,4.1110905592594955,2.8078896403039737,1.8741137533647154,3.2074736305787397,-1.0,1.3337908475386517,0.018376248492095078,-1.6484228605081628,0.011933156665108711,-0.9753972411796558,0.2700896959430561,0.03145724309793163,0.0,-0.03872926739845406,-0.04005628001549919,-0.0010639972643660123,-0.010710262756176148,-0.02040508101909133,0.05059754886717044
16,0.9353805351976406,0.9300766390941981,0.0989757790499626,4.152619246288967,2.775005951091759,1.8506900099506693,3.233322890575652,-1.0,1.2954884142970893,-0.015956151637273666,-1.6446546040420824,-0.0013612331854960854,-0.9947493270369412,0.31753410074013455,0.025849259996912455,0.0,-0.03830243324156246,-0.034332400129368744,0.0037682564660803664,-0.013294389850604797,-0.019352085857285428,0.047444404797078454
17,0.8946064581802631,0.8910234537255376,0.07953892998072182,4.185854796679238,2.742311614907614,1.8324671874272185,3.2546663654133137,-1.0,1.2578219477089059,-0.04560789029540292,-1.6371645196572775,-0.01667780524666925,-1.0129902894985163,0.36229108681032884,0.021343474837661525,0.0,-0.0376664665881834,-0.029651738658129256,0.007490084384804918,-0.015316572061173166,-0.01824096246157514,0.04475698607019429
18,0.8569559159549015,0.8545363121525552,0.06396037376436386,4.212490159334809,2.7100131532512997,1.8184171716848783,3.2724261041804317,-1.0,1.2209293780268642,-0.07149377868716601,-1.6268322100508361,-0.033480653698170396,-1.0301400628912352,0.40472721775022497,0.017759738767118005,0.0,-0.03689256968204169,-0.02588588839176309,0.010332309606441381,-0.016802848451501144,-0.017149773392718837,0.04243613093989612
19,0.8216482009694445,0.8200135360593582,0.051470901616879505,4.233859825672636,2.6782511873283603,1.8076710905909779,3.2873673439365425,-1.0,1.184907719585451,-0.09438806856587509,-1.6143494868815755,-0.05128770719751734,-1.0462637502417067,0.44511652698939963,0.014941239756110836,0.0,-0.03602165844141325,-0.022894289878709076,0.012482723169260579,-0.017807053499346942,-0.01612368735047154,0.040389309239174664
20,0.7881722288570763,0.7870666751929032,0.0414550196768105,4.251020820609917,2.6471269763825123,1.7995130760989828,3.3001188088285476,-1.0,1.1498300049868955,-0.11492628451004185,-1.6002596972241818,-0.06968460932267556,-1.0614474837472603,0.4836564109629526,0.012751464892005071,0.0,-0.035077714598555465,-0.020538215944166757,0.014089789657393714,-0.018396902125158224,-0.015183733505553576,0.03853988397355296
21,0.7562002244510087,0.7554513157592859,0.033420092178111226,4.264813496551414,2.6167179389865685,1.793364207348574,3.3111913504551747,-1.0,1.1157539920352988,-0.133616376608499,-1.5849906368597384,-0.08832831306091171,-1.0757825706173727,0.5204857486280887,0.011072541626627075,0.0,-0.03407601295159668,-0.018690092098457164,0.01526906036444342,-0.01864370373823615,-0.014335086870112423,0.03682933766513613
22,0.7255268726493593,0.7250185107630622,0.026971745714477986,4.275907797544412,2.5870861751650507,1.7887629532755798,3.3209951301650236,-1.0,1.0827261671990769,-0.15085491822828231,-1.568880708593985,-0.10694400343012503,-1.0893561172679875,0.5557016388670459,0.009803779709848914,0.0,-0.03302782483622191,-0.017238541619783304,0.016109928265753304,-0.018615690369213317,-0.013573546650614832,0.035215890238957215
23,0.696027014128484,0.6956810863343219,0.021794238499941374,4.284838891669021,2.5582827980408895,1.7853455275459964,3.3298552487494937,-1.0,1.050783308139199,-0.16694507866419908,-1.5521990840820379,-0.1253183017465091,-1.102246216851135,0.5893732769973435,0.008860118584470111,0.0,-0.031942859059877815,-0.016090160435916767,0.016681624511947213,-0.01837429831638407,-0.012890099583147574,0.03367163813029761
24,0.6676265662990131,0.6673905057330882,0.01763477439784131,4.292034891681039,2.53034991159831,1.782827852733418,3.3380257364586248,-1.0,1.019952957924703,-0.18211420006391074,-1.5351609887979896,-0.1432908559670791,-1.114520114848674,0.6215526628444425,0.008170487709131091,0.0,-0.030830350214495983,-0.01516912139971166,0.017038095284048316,-0.01797255422057001,-0.012273897997538974,0.03217938584709901
25,0.6402827452375813,0.6401211482269265,0.014290957308379775,4.297838597568282,2.503321380238012,1.7809898405458031,3.345701892739451,-1.0,0.9902535593056275,-0.19652973389612283,-1.5179392162188543,-0.1607456622096594,-1.126234178923259,0.6522823968858111,0.007676156280826074,0.0,-0.029699398619075557,-0.014415533832212085,0.017221772579135264,-0.017454806242580306,-0.011714064074584973,0.030729734041368584
26,0.6139707750185848,0.6138597670312784,0.011600750065943343,4.30252466214192,2.477223075039067,1.779662145435244,3.353031032465921,-1.0,0.9616946219825666,-0.21031296461805174,-1.5006728123781352,-0.17760288948574396,-1.1374348601034219,0.6816010406342836,0.007329139726470313,0.0,-0.028558937323060918,-0.013783230721928913,0.01726640384071909,-0.016857227276084547,-0.01120068118016282,0.029318643748472484
27,0.5886751026730397,0.5885985571003942,0.009434433837379338,4.3063132130577495,2.4520729846650027,1.7787152632118324,3.360121737828607,-1.0,0.9342770756109461,-0.22355038567915772,-1.4834736727651956,-0.19381159041654122,-1.1481601105324457,0.709546559400697,0.007090705362685856,0.0,-0.027417546371620527,-0.01323742106110598,0.017199139612939618,-0.016208700930797265,-0.010725250429023836,0.02794551876641338
28,0.5643837348761234,0.5643307367665236,0.007688167455827143,4.309380705571641,2.427881391397664,1.778050714975889,3.367051736824899,-1.0,0.9079938399230004,-0.2363028489679356,-1.4664316113143063,-0.20934343663305,-1.1584409239177216,0.7361583251724849,0.006929998996291875,0.0,-0.02628323568794566,-0.012752463288777882,0.017042061450889268,-0.015531846216508771,-0.010280813385275867,0.02661176577178792
29,0.5410847312130318,0.5410478759014973,0.006278827583584921,4.311868594319738,2.4046511969920683,1.7775940128591456,3.373874538199211,-1.0,0.8828305823087006,-0.24861273879888887,-1.4496183124689666,-0.22418747576883277,-1.1683028041561303,0.761478085114642,0.006822801374311904,0.0,-0.025163257614299828,-0.012309889830953269,0.016813298845339775,-0.014844039135782777,-0.009861880238408727,0.025319759942157072
30,0.5187641783446331,0.5187384294468409,0.005139874971136911,4.313890276590142,2.382378414142332,1.7772891073526287,3.380624954578466,-1.0,0.8587666077122221,-0.2605094708215709,-1.4330904629048253,-0.23834583207694515,-1.1777670610482442,0.785550222294827,0.006750416379255331,0.0,-0.024063974596478466,-0.011896732022682016,0.016527849564141217,-0.01415835630811238,-0.009464256892113942,0.02407213718018497
31,0.4974051691181202,0.4973870911990449,0.004218043120780226,4.31553665885344,2.3610528012868013,1.7770940424953308,3.38732364366895,-1.0,0.8357758203572403,-0.272013617616062,-1.4168922745859065,-0.25183023918118624,-1.186851892358204,0.8084215613061804,0.006698689090483878,0.0,-0.022990787354981834,-0.011504146794491132,0.016198188318918838,-0.013484407104241092,-0.009084831309959851,0.02287133901135341
32,0.476987449478949,0.4769746917657762,0.003470686248788611,4.31688062260206,2.3406586006192724,1.7769775811153061,3.393980793122898,-1.0,0.8138277021474821,-0.28313993830689027,-1.4010575492951551,-0.2646592841760675,-1.1955732484904447,0.8301409072807268,0.006657149453948019,0.0,-0.021948118209758172,-0.01112632069082825,0.01583472529075136,-0.012829044994881245,-0.008721356132240565,0.02171934597454639
33,0.4574874938278125,0.4574784422565965,0.0028636558037943884,4.31798060785406,2.3211753342010133,1.7769166000050027,3.40059906852621,-1.0,0.7928882628406169,-0.2938995533457322,-1.3856113909844123,-0.27685624630817757,-1.2039454969915986,0.8507584537084729,0.006618275403312168,0.0,-0.02093943930686526,-0.01075961503884193,0.015446158310742808,-0.012196962132110079,-0.008372248501153923,0.02061754642774616
34,0.43887883944662,0.43887238170615084,0.002369600666897923,4.318883488160668,2.3025786158344244,1.7768940904011277,3.4071759361096046,-1.0,0.7729209288234291,-0.3043014661709934,-1.370571641581708,-0.2884474241224616,-1.211981914270401,0.8703251521940345,0.006576867583394375,0.0,-0.019967334017187754,-0.010401912825261206,0.015039749402704361,-0.011591177814284037,-0.008036417278802332,0.019566698485561584
35,0.4211325613924559,0.4211279279275749,0.0019666068770268744,4.31962687620786,2.2848409432356878,1.7768976306080224,3.4137054624991463,-1.0,0.7538873485564848,-0.3143535955397109,-1.3559500946376004,-0.2994608582945089,-1.2196950352225358,0.8888921047046972,0.00652952638954174,0.0,-0.01903358026694435,-0.010052129368717466,0.014621546944107555,-0.01101343417204731,-0.007713120952134833,0.01856695251066265
36,0.4042178064353873,0.4042144625907257,0.001637109349312338,4.320240971697167,2.2679324435485815,1.7769182244629826,3.42017968348642,-1.0,0.7357481024870174,-0.3240634483694375,-1.3417535266279401,-0.30992537115796487,-1.2270968905997592,0.9065100145807797,0.006474220987273682,0.0,-0.018139246069467374,-0.00970985282972664,0.014196568009660293,-0.010464512863455955,-0.007401855377223487,0.017617909876082583
37,0.3881023318522887,0.38809990451887777,0.0013670214004620773,4.320750041389963,2.2518215537751773,1.776949421669132,3.4265896228967967,-1.0,0.7184633130352291,-0.3334385338933074,-1.327984575812623,-0.31986985698033243,-1.2341991588739871,0.9232287151116857,0.006409939410376708,0.0,-0.01728478945178824,-0.009375085523869897,0.01376895081531715,-0.009944485822367566,-0.007102268274227885,0.01671870053090596
38,0.3727530147780318,0.37275124236122986,0.0011450386331386543,4.321173603739008,2.236475625331635,1.7769866542245654,3.4329260316652253,-1.0,0.7019931561042007,-0.3424865959317237,-1.3146424917966495,-0.32932276876659483,-1.2410132552786008,0.9390967824211228,0.006336408768428559,0.0,-0.01647015693102849,-0.009048062038416294,0.013342084015973477,-0.009452911786262397,-0.006814096404613723,0.01586806730943713
39,0.3581363120969164,0.35813501028633865,0.0009620823443236817,4.321527376478457,2.2218614482204115,1.7770267377985731,3.4391799066378264,-1.0,0.6862982796217315,-0.35121572076516855,-1.3017237742984353,-0.3383117575676584,-1.2475503764531952,0.9541612314988518,0.006253874972601103,0.0,-0.015694876482469144,-0.008729124833444846,0.01291871749821416,-0.00898898880106358,-0.006537121174594374,0.01506444907772897
40,0.3442186609311011,0.34421769920413486,0.0008108545611206987,4.321824034198705,2.207945695125266,1.7770674985147363,3.4453428387494918,-1.0,0.6713401371758754,-0.35963436287819067,-1.2892227163739882,-0.34686342893123234,-1.253821515131057,0.9684672893949628,0.006162932111665409,0.0,-0.014958142445856137,-0.008418642113022123,0.012501057924447112,-0.008551671363573932,-0.006271138677861776,0.014306057896111057
41,0.33096681666273764,0.3309661020987141,0.0006854823618948919,4.322073813759054,2.1946952891632923,1.777107494731043,3.451407231313685,-1.0,0.6570812461665274,-0.36775131908848924,-1.2771318649826577,-0.3550031883580983,-1.259837455820316,0.9820582369849685,0.006064392564193444,0.0,-0.014258891009347963,-0.008116956210298565,0.012090851391330482,-0.008139759426865956,-0.006015940689259036,0.013590947590005675
42,0.31834812993085787,0.31834759601910584,0.0005812336011016306,4.322284997970964,2.182077701257758,1.7771458105327922,3.457366421322122,-1.0,0.6434853803633829,-0.37557567264574915,-1.2654424099886472,-0.3627551535693303,-1.265608759521849,0.9949753096328479,0.00595919000843681,0.0,-0.013595865803144536,-0.007824353557259911,0.011689454994010529,-0.007751965211232004,-0.005771303701533004,0.012917072647879335
43,0.3063307668083066,0.30633036567823735,0.0004942897362228488,4.322464301985903,2.1700611843570297,1.7771819031796268,3.4632147299193443,-1.0,0.630517706599062,-0.38311672221156656,-1.2541445112670633,-0.3701421162204583,-1.2711457431930362,1.0072576470015528,0.005848308597222296,0.0,-0.012967673764320842,-0.007541049565817415,0.011297898721583932,-0.007386962651127982,-0.005536983671187157,0.012282337368704987
44,0.2948838778836597,0.2948835748876677,0.00042156430136098595,4.322617181977953,2.1586149522488975,1.7772154910097415,3.468947462552866,-1.0,0.6181448747516927,-0.3903839057230916,-1.2432275723972834,-0.3771855395857204,-1.2764584578519336,1.0189422828009975,0.005732732633521476,0.0,-0.01237283184736937,-0.007267183511525055,0.010916938869779846,-0.0070434233652620915,-0.005312714658897377,0.011684635799444676
45,0.2839777226285148,0.28397749254836097,0.0003605578713488941,4.322748081806092,2.147709310713246,1.7772464715761989,3.474560874620922,-1.0,0.6063350693526001,-0.39738672559076843,-1.2326804684041532,-0.3839055818362493,-1.2815566678458132,1.0300641661477186,0.00561341206805599,0.0,-0.011809805399092599,-0.007002819867676813,0.010547103993130191,-0.006720042250528913,-0.0050982099938796654,0.01112188334672104
46,0.273583755508698,0.27358357988639814,0.0003092421864420207,4.32286063019842,2.13731574839277,1.7772748622923495,3.480052114639016,-1.0,0.595058030217394,-0.4041346791548485,-1.2224917341052604,-0.39032113698998594,-1.2864498328012088,1.040656207249952,0.005491240018094423,0.0,-0.011277039135206057,-0.006747953564080089,0.010188734298892888,-0.006415555153736652,-0.004893164955395601,0.01059204110223333
47,0.26367468001041233,0.26367454526115064,0.0002659675539001417,4.322957798475898,2.127406994178342,1.7773007577700757,3.485419153905218,-1.0,0.5842850485312228,-0.4106371965652411,-1.2126497188156136,-0.39644988753924076,-1.2911470930542885,1.0507493412032958,0.005367039266201967,0.0,-0.010772981686171246,-0.006502517410392594,0.009842015289646788,-0.006128750549254824,-0.004697260253079705,0.01009313395334388
48,0.2542244762515013,0.25422437232271833,0.00022938884956292695,4.32304202680906,2.117957047206164,1.7773242994831693,3.4906607092450916,-1.0,0.5739889438803631,-0.41690358705209013,-1.2031427124356733,-0.40230836426656047,-1.2956572588644801,1.0603726047090523,0.0052415553398734716,0.0,-0.010296104650859617,-0.006266390486849016,0.009507006379940286,-0.005858476727319706,-0.004510165810191591,0.009623263505756485
49,0.24520840724038365,0.24520832665401782,0.00019840634676664273,4.323115325380625,2.1089411848220956,1.777345654485592,3.495776163550178,-1.0,0.5641440268490145,-0.42294299376530287,-1.1939590472967312,-0.40791200992623006,-1.2999888033856415,1.0695532214665986,0.00511545430508642,0.0,-0.009844917031348599,-0.006039406713212736,0.009183665138942088,-0.005603645659669587,-0.004331544521161357,0.009180616757546334
50,0.2366030082028239,0.23660294536759488,0.00017211834453210816,4.323179355531851,2.1003359531352377,1.777365000743622,3.500765487390531,-1.0,0.5547260510120136,-0.4287643568633337,-1.1850871795536841,-0.413275244367456,-1.3041498591632086,1.078316692822192,0.004989323840352888,0.0,-0.009417975837000991,-0.0058213630980308295,0.008871867743047046,-0.005363234441225939,-0.004161055777567091,0.0087634713555933
51,0.22838606276594467,0.2283860134808819,0.00014978322002298728,4.323235494936795,2.0921191440901605,1.7773825172658988,3.505629163896282,-1.0,0.5457121574592738,-0.4343763842379799,-1.1765157533949007,-0.4184115293630031,-1.308148217807822,1.0866868909736564,0.004863676505751258,0.0,-0.009013893552739738,-0.005612027374646222,0.00857142615878348,-0.00513628499554708,-0.003998358644613509,0.008370198151464558
52,0.22053656919792983,0.22053653029202033,0.00013078894770506455,4.323284890024376,2.084269762353813,1.7773983776853295,3.5103681182931226,-1.0,0.5370808143864073,-0.43978752910895524,-1.1682336508779576,-0.42333343192964384,-1.3119913324392678,1.0946861526367873,0.004738954396840356,0.0,-0.008631343072866504,-0.005411144870975326,0.008282102516943057,-0.004921902566640768,-0.00384311463144571,0.007999261663130808
53,0.21303469936588842,0.21303466843510208,0.00011462855570176038,4.323328498211803,2.0767679847479794,1.7774127462992344,3.5149836528818925,-1.0,0.5288117537735688,-0.44500597366328853,-1.1602300297942276,-0.42805268532083907,-1.31568632247923,1.1023353715835325,0.004615534588769954,0.0,-0.008269060612838497,-0.00521844455433329,0.008003621083729984,-0.004719253391195222,-0.0036949900399620983,0.007649218946745195
54,0.20586175259986148,0.20586172781420153,0.00010088031546131829,4.323367121990405,2.0695951144635174,1.77742577583776,3.5194773878241667,-1.0,0.5208859067436319,-0.45003961791699876,-1.1524943516101558,-0.43258024716662946,-1.3192399803827313,1.109654088875215,0.00449373494227423,0.0,-0.007925847029936928,-0.005033644253710223,0.007735678184071837,-0.0045275618457903954,-0.0035536579035013727,0.007318717291682653
55,0.1990001062387271,0.19900008619990509,8.919166682017746e-05,4.323401436489313,2.0627335318663276,1.7774376064272142,3.5238512077945208,-1.0,0.5132853388325683,-0.45489607301665297,-1.1450164012239912,-0.43692635445365297,-1.3226587799257201,1.1166605799481217,0.00437381997035402,0.0,-0.0076005679110635604,-0.004856455099654211,0.007477950386164611,-0.004346107287023504,-0.0034187995429888485,0.007006491072906629
56,0.19243316428105567,0.19243314791695912,7.92661243737934e-05,4.323432011811973,2.05616664334252,1.7774483653612116,3.528107214354876,-1.0,0.5059931861101892,-0.4595826582600968,-1.137786300009153,-0.441100575197445,-1.3259488857026995,1.1233719379754346,0.0042560065603551855,0.0,-0.007292152722379153,-0.0046865852434438415,0.007230101214838136,-0.004174220743792034,-0.003290105776979413,0.006711358027312819
57,0.1861453052660524,0.1861452917520924,7.085264447361527e-05,4.323459331177788,2.049878829325419,1.7774581674008714,3.5322476837725043,-1.0,0.4989935928493119,-0.46410640118782914,-1.13079451338483,-0.4451118567737059,-1.3291161635285587,1.1298041531396192,0.004140469417628356,0.0,-0.00699959326087729,-0.004523742927732333,0.006991786624322982,-0.0040112815762609055,-0.003167277825859127,0.006432215164184685
58,0.18012183026083253,0.18012181896103654,6.373692614567392e-05,4.323483805692254,2.043855392393289,1.7774671154052992,3.5362750299219816,-1.0,0.49227165124765515,-0.4684740401718759,-1.1240318539565755,-0.4489685709558987,-1.3321661914795104,1.1359721876127267,0.004027346149477307,0.0,-0.0067219416016567335,-0.00436763898404674,0.006762659428254603,-0.0038567141821927997,-0.0030500279509517725,0.006168034473107431
59,0.17434891162445795,0.17434890204713888,5.773446396171538e-05,4.3235057864029995,2.0380825061173846,1.7774753011523567,3.5401917718680673,-1.0,0.48581334355187966,-0.4726920290029578,-1.117489481100573,-0.45267855576173716,-1.3351042713471892,1.1418900461671697,0.003916741946085711,0.0,-0.006458307695775489,-0.004217988831081931,0.006542372856002565,-0.003709984805838451,-0.0029380798676788,0.005917858554443045
60,0.168813543050483,0.1688135348147265,5.268497675978843e-05,4.323525574166979,2.0325471651687685,1.777482806252673,3.5440005057100703,-1.0,0.47960548681059195,-0.47676654304640476,-1.1111588977212405,-0.45624915424733176,-1.3379354403162587,1.147570842433667,0.003808733842002976,0.0,-0.0062078567412877095,-0.004074514043446942,0.006330583379332344,-0.0035705984855946005,-0.002831168969069431,0.005680796266497312
61,0.16350349125280944,0.16350348406302687,4.8448210268590226e-05,4.323543427749085,2.027237137053614,1.777489703091054,3.5477038802704617,-1.0,0.47363568038713444,-0.4807034866011335,-1.1050319447895829,-0.45968725040988634,-1.3406644827087029,1.153026860892366,0.0037033745603913815,0.0,-0.005969806423457513,-0.0039369435547287335,0.006126952931657659,-0.0034380961625545825,-0.002729042392444203,0.005456018458698919
62,0.15840724954938212,0.15840724317591007,4.4900806367647426e-05,4.323559570488781,2.02214091573515,1.777496055751921,3.551304576225066,-1.0,0.46789225628872155,-0.48450850115335203,-1.0991007941662116,-0.4629993023716975,-1.3432959416670713,1.158269614732763,0.003600695954604216,0.0,-0.005743424098412886,-0.003805014552218544,0.00593115062337124,-0.003312051961811169,-0.002631458958368471,0.005242753840396963
63,0.15351399351036835,0.15351398777461858,4.193411277782796e-05,4.323574195804709,2.017247677311592,1.7775019209014726,3.5548052882945957,-1.0,0.4623642323118551,-0.4881869742673685,-1.0933579401255868,-0.46619137302263747,-1.3458341306743475,1.163309899752166,0.0035007120695298433,0.0,-0.00552802397686647,-0.0036784731140164784,0.005742854040624801,-0.00319207065093996,-0.0025381890072762037,0.0050402850194031235
64,0.14881353876805822,0.14881353353110918,3.9452675256442885e-05,4.323587471754171,2.0125472378493052,1.7775073486105604,3.5582087101442577,-1.0,0.4570412679615289,-0.4917440489001707,-1.087796189924461,-0.46926915829747884,-1.348283144829999,1.168157844484498,0.003403421849661914,0.0,-0.005322964350326198,-0.003557074632802193,0.005561750201125815,-0.0030777852748413714,-0.0024490141556514633,0.004847944732331966
65,0.14429630103157318,0.1442962961853764,3.7373169839807436e-05,4.323599544821962,2.0080300134157945,1.7775123831101645,3.561517521667309,-1.0,0.4519136230706705,-0.495184632964718,-1.0824086536957005,-0.4722380132599808,-1.3506468718204057,1.1728229567640174,0.0033088115230515136,0.0,-0.005127644890858374,-0.0034405840645472807,0.005387536228760537,-0.0029688549625019878,-0.002363726990406656,0.004665112279519379
66,0.1399532583077726,0.13995325376835122,3.562359993769861e-05,4.32361054307918,2.003686982315048,1.777517063476679,3.564734378358137,-1.0,0.4469721190242218,-0.498513408999694,-1.0771887338968542,-0.47510297615878877,-1.3529290025375864,1.1773141669342673,0.0032168566908277185,0.0,-0.004941504046448719,-0.003328776034976,0.005219919798846284,-0.0028649628988079434,-0.0022821307171807526,0.004491210170249893
67,0.13577591529812677,0.13577591100029984,3.4142472359152355e-05,4.323620578825651,1.9995096494958746,1.7775214242477801,3.5678619025095526,-1.0,0.44220810247732406,-0.501734843831361,-1.0721301144995175,-0.4778687906118283,-1.355133041313265,1.1816398679130116,0.003127524151415706,0.0,-0.004764016546897731,-0.003221434831667036,0.005058619397336761,-0.002765814453039528,-0.0022040387756785407,0.004325700978744296
68,0.13175626991792033,0.13175626581120034,3.2877918817854175e-05,4.323629750807793,1.9954900130802464,1.777525495971877,3.570902675996808,-1.0,0.43761341144767546,-0.5048531981367184,-1.0672267500693924,-0.4805399260666375,-1.3572623157461825,1.18580795232051,0.0030407734872555103,0.0,-0.004594691029648601,-0.0031183543053573404,0.004903364430125068,-0.0026711354548091815,-0.0021292744329175495,0.004168084407498496
69,0.12788678186721475,0.12788677791260813,3.1786806952088555e-05,4.32363814608651,1.991620532941583,1.7775293056954928,3.5738592344369233,-1.0,0.43318034365702984,-0.5078725358369401,-1.0624728548568525,-0.4831205966744602,-1.3593199861094507,1.1898258468723082,0.00295655844011522,0.0,-0.004433067790645617,-0.0030193377002217803,0.0047538952125398826,-0.0025806706078227437,-0.0020576703632682047,0.004017894551798129
70,0.1241603431712946,0.12416033933880279,3.0833653272489666e-05,4.32364584161565,1.987894101251093,1.7775328773936072,3.5767340625360124,-1.0,0.42890162699497203,-0.5107967332665657,-1.0578628919928343,-0.48561477870625586,-1.3613090543319588,1.1937005442296398,0.0028748280990891217,0.0,-0.004278716662057813,-0.0029241974296255746,0.004609962864018158,-0.002494182031795633,-0.0019890682225081058,0.0038746973573315913
71,0.12057025060072411,0.1205702468673858,2.998968179516432e-05,4.3236529055803965,1.984304014902592,1.7775362323482555,3.5795295904593107,-1.0,0.4247703919787441,-0.5136294880775918,-1.0533915628641812,-0.4880262266292985,-1.3632323725536268,1.1974386324912278,0.002795527923298291,0.0,-0.004131235016227919,-0.0028327548110260725,0.004471329128653112,-0.0024114479230426533,-0.0019233182216680245,0.0037380882615880573
72,0.11711017987671374,0.11711017622506888,2.9231703283199304e-05,4.3236593985358995,1.9808439497217354,1.7775393894806593,3.5822481910785533,-1.0,0.4207801460853533,-0.5163743278488937,-1.0490537967254674,-0.4903584879539004,-1.3650926512588728,1.201046322500226,0.0027186006192425616,0.0,-0.003990245893390809,-0.00274483977130191,0.004337766138713839,-0.002332261324601903,-0.0018602787052459657,0.003607690008998077
73,0.11377416156558555,0.11377415798247122,2.854132177279083e-05,4.3236653743791305,1.9775079363636368,1.777542365641939,3.584892177969284,-1.0,0.41692474983595973,-0.5190346183806311,-1.0448447405902648,-0.49261491695110393,-1.3668924669962244,1.2045294731296483,0.002643986890730865,0.0,-0.0038553962493935723,-0.0026602905317374415,0.004209056135202616,-0.002256428997203519,-0.001799815737351551,0.0034831506294223935
74,0.11055655856611411,0.11055655504171545,2.7903935301072035e-05,4.323670881181088,1.9742903378027836,1.7775451758671479,3.587463804046712,-1.0,0.413198394517227,-0.521613571660807,-1.0407597494332617,-0.49479868733399446,-1.3686342696947202,1.20789361469919,0.00257162607742778,0.0,-0.0037263553187327214,-0.0025789532801758774,0.004084991157003115,-0.0021837703828905264,-0.0017418026984958868,0.0033641415695417898
75,0.10745204509488375,0.10745204162198768,2.730814950395251e-05,4.323675961901668,1.9711858283205126,1.7775478335969845,3.589965260742985,-1.0,0.4095955814295934,-0.5241142534972024,-1.0367943767252141,-0.49691280398763454,-1.3703203895897744,1.2111439706660374,0.0025014566962728857,0.0,-0.003602813087633605,-0.002500681836395402,0.003965372708047532,-0.0021141166536400857,-0.0016861198950541834,0.003250355966847307
76,0.10445558707728046,0.1044555836506876,2.6745106236414013e-05,4.32368065500561,1.9681893738977456,1.777550350871137,3.592398677641392,-1.0,0.40611110255806376,-0.5265395908127606,-1.03294436531504,-0.49896011382550276,-1.3719530437726144,1.2142854777222574,0.002433416898407259,0.0,-0.0034844788715296393,-0.0024253373155581626,0.003850011410174048,-0.0020473098378682164,-0.0016326541828399765,0.003141507056219961
77,0.1015624238549169,0.10156242047097923,2.620792745402089e-05,4.323684994994809,1.965296213923859,1.7775527384967975,3.5947661224941516,-1.0,0.4027400225669307,-0.5288923786063235,-1.0292056386671626,-0.5009433158437389,-1.3735343423783908,1.217322804421762,0.002367444852759526,0.0,-0.0033710799911330636,-0.0023527877935629604,0.003738726647877444,-0.0019832020182360965,-0.0015812986057763823,0.0030373266995047388
78,0.09876805112400931,0.09876804778026656,2.569136508484464e-05,4.323689012869659,1.9625018441362583,1.77755500619553,3.597069601560259,-1.0,0.3994776620256809,-0.5311752865836219,-1.0255742924572282,-0.502864970438434,-1.3750662944286494,1.220260368450692,0.0023034790661071725,0.0,-0.003262360541249787,-0.002282907977298354,0.0036313462099344385,-0.0019216545946951769,-0.0015319520502585782,0.002937564028929973
79,0.0960682050232512,0.09606820171814301,2.5191407932526893e-05,4.323692736529994,1.9598020007092471,1.7775571627312614,3.5993110602084926,-1.0,0.3963195817791177,-0.5333908654657187,-1.0220465865253596,-0.5047275080456272,-1.3765508133441546,1.22310235264644,0.002241458648233774,0.0,-0.003158080246563222,-0.0022155788820967803,0.0035277059318685744,-0.0018625376071931266,-0.001484518915505273,0.002841984195747882
80,0.09345884729396994,0.09345884402661081,2.4705010793402926e-05,4.323696191124482,1.9571926454150184,1.7775592160218738,3.6014923837382153,-1.0,0.39326156838036136,-0.5355415529838378,-1.0186189371829693,-0.5065332371585612,-1.3779897221441024,1.2258527198624207,0.0021813235297227784,0.0,-0.003058013398756332,-0.0021506875181190876,0.003427649342390371,-0.0018057291129340847,-0.0014389087999477912,0.0027503672159807646
81,0.09093615143963081,0.09093614820963393,2.422994792282072e-05,4.32369939935585,1.9546699517838557,1.777561173236551,3.6036153983772032,-1.0,0.3902996205108213,-0.5376296795707713,-1.015287909866728,-0.5082843517720748,-1.379384758347624,1.22851522676812,0.0021230146389878968,0.0,-0.0029619478695400714,-0.0020881265869335808,0.003331027316241242,-0.0017511146135135158,-0.0013950362035215491,0.0026625069056993578
82,0.08849648981606101,0.08849648662339978,2.3764516510877978e-05,4.323702381748198,1.9522302921949437,1.777563040880755,3.605681872421502,-1.0,0.38742993631643047,-0.539657473759943,-1.0120502121314203,-0.5099829382997307,-1.380737578593195,1.2310934366668873,0.002066474044298605,0.0,-0.0028696841943908202,-0.00202779418917165,0.0032376977353076875,-0.0016985865276559764,-0.0013528202455710403,0.0025782098987672253
83,0.08613642158796807,0.08613641843286815,2.330747397773125e-05,4.3237051568816485,1.9498702258333798,1.7775648248704758,3.607693517487313,-1.0,0.38464890159437476,-0.5416270673037761,-1.008902686972016,-0.5116309820053817,-1.382049762991168,1.2335907314073935,0.002011645065810974,0.0,-0.0027810347220557086,-0.0019695935438330814,0.0031475251594044185,-0.00164804370565097,-0.001312184397973093,0.002497294740506195
84,0.08385268149143027,0.08385267837428684,2.2857973283362255e-05,4.323707741598766,1.947586487453083,1.7775665305971806,3.609651989849273,-1.0,0.3819530787692163,-0.5435405000233434,-1.0058423064642883,-0.5132303729873151,-1.3833228192241647,1.2360103224586045,0.0019584723619603395,0.0,-0.002695822825158456,-0.0019134327195673428,0.0030603805077276114,-0.0015993909819334018,-0.0012730562329965611,0.002419591051211034
85,0.08164216934599597,0.08164216626730833,2.241540821959699e-05,4.323710151186571,1.9453759768892456,1.7775681629846918,3.61155889184329,-1.0,0.3793391966017112,-0.545399724401403,-1.0028661657126023,-0.5147829117498728,-1.3845581864095224,1.2383552612125124,0.0019069019940167742,0.0,-0.002613882167505077,-0.0018592243780596318,0.0029761407516859517,-0.0015525387625576759,-0.001235367185357772,0.0023449387539078437
86,0.07950194026377479,0.07950193722409818,2.1979328939605562e-05,4.3237123995373,1.9432357492677255,1.7775697265390655,3.613415773315361,-1.0,0.3768041405777377,-0.5472066099308981,-0.9999714770930614,-0.5162903143944855,-1.3857572387374164,1.2406284485737036,0.0018568814720709703,0.0,-0.0025350560239735254,-0.0018068855294950392,0.002894688619540897,-0.0015074026446126876,-0.001199052327893968,0.002273187361191198
87,0.07742919550654041,0.07742919250644739,2.1549459431198567e-05,4.3237144992907295,1.941163005862403,1.7775712253923959,3.615224133100674,-1.0,0.37434494392861134,-0.5489629472308462,-0.9971555647799591,-0.5177542174593684,-1.3869212888976652,1.2428326438900765,0.0018083597853131295,0.0,-0.0024591966491263606,-0.001756337299948063,0.002815912313102298,-0.0014639030648829765,-0.0011640501602487863,0.0022041953163729477
88,0.07542127394520884,0.07542127098526277,2.1125642724564304e-05,4.32371646196036,1.9391550855548794,1.7775726633413413,3.6169854205197254,-1.0,0.37195877923765347,-0.5506704519413036,-0.9944158595434132,-0.5191761824346689,-1.3880515913076208,1.2449704732746463,0.0017612874190513494,0.0,-0.0023861646909578704,-0.0017075047104574415,0.002739705236545986,-0.0014219649753004493,-0.001130302409955597,0.002137829384569745
89,0.07347564407931131,0.07347564116004483,2.0707821549215973e-05,4.323718298045512,1.9372094568541338,1.777574043881068,3.618701036880333,-1.0,0.369642950591227,-0.5523307684087739,-0.9917498938061149,-0.5205576999776212,-1.3891493451529184,1.2470444373643472,0.0017156163606077968,0.0,-0.0023158286464264877,-0.0016603164674703352,0.0026659657372982704,-0.0013815175429523485,-0.0010977538452976443,0.0020739640897009526
90,0.07158989657703992,0.07158989369894093,2.0295928571346088e-05,4.323720017131074,1.9353237104367305,1.7775753702352037,3.6203723369762555,-1.0,0.3673948862355599,-0.5539454731730649,-0.9891552969472881,-0.5219001938502261,-1.3902156972522526,1.2490569185580505,0.0016713000959223123,0.0,-0.002248064355667101,-0.0016147047642909307,0.002594596858826792,-0.0013424938726048774,-0.0010663520993341447,0.0020124811937032305
91,0.06976173729930127,0.06976173446280336,1.988995252055225e-05,4.323721627976387,1.9334955521710093,1.7775766453823183,3.6220006305747026,-1.0,0.36521213170356226,-0.555516078266196,-0.9866297908421906,-0.523205024600116,-1.3912517447567425,1.2510101877726199,0.0016282935984470726,0.0,-0.0021827545319976216,-0.0015706050931311166,0.002525506105097497,-0.0013048307498898515,-0.0010360475044899342,0.0019532692145693975
92,0.06798898077382233,0.0679889779792979,1.948996693390302e-05,4.323723138594596,1.9317227965913093,1.7775778720793725,3.623587183886393,-1.0,0.36309234337851115,-0.557044034333534,-0.9841711856257939,-0.5244734930035707,-1.392258537693863,1.2529064107527228,0.0015865533116903308,0.0,-0.0021197883250511085,-0.001527956067338021,0.0024586052163967365,-0.0012684684034547367,-0.001006792937120471,0.0018962229801029462
93,0.06626954408781799,0.0662695413355734,1.909598777890535e-05,4.323724556323562,1.930003360790737,1.7775790528825308,3.6251332210129728,-1.0,0.3610332824639522,-0.5585307335868892,-0.9817773756696185,-0.5257068432881103,-1.3932370813653512,1.2547476539672542,0.0015460371265798578,0.0,-0.00205906091455893,-0.001486699253355206,0.00239380995617533,-0.001233350284539636,-0.0009785436714881968,0.001841243214531385
94,0.06460144117000759,0.06460143846028432,1.870805033094418e-05,4.323725887889356,1.9283352587032752,1.7775801901656574,3.6266399253676225,-1.0,0.3590328093314554,-0.559977512598865,-0.9794463357610822,-0.526906266150675,-1.3941883386079534,1.2565358901226205,0.0015067043546497239,0.0,-0.002000473132496794,-0.0014467790119757629,0.0023310399085363365,-0.0011994228625646919,-0.0009512572426022547,0.001788236155366274
95,0.06298277743491827,0.06298277476789035,1.8326211132557567e-05,4.323727139463169,1.9267165957481571,1.7775812861367888,3.628108441065524,-1.0,0.35708887821997326,-0.5613856549473013,-0.9771761174751151,-0.528072901586122,-1.3951132319253527,1.2582730033207303,0.00146851569790174,0.0,-0.0019439311114821667,-0.0014081423484363365,0.002270218285967074,-0.0011666354354469277,-0.0009248933173993112,0.0017371131981098742
96,0.06141174476434472,0.061411742140121885,1.795052536036873e-05,4.323728316712362,1.925145563811397,1.7775823428528386,3.6295398742816074,-1.0,0.3551995322625057,-0.5627563937182137,-0.9749648457282097,-0.5292078415395941,-1.396012645499118,1.2599607938873418,0.0014314332160831889,0.0,-0.0018893459574675364,-0.0013707387709124275,0.0022112717469053855,-0.001134939953472136,-0.0008994135737652176,0.0016877905666115023
97,0.05988661680271471,0.0598866142213432,1.758104648452312e-05,4.323729424846386,1.9236204365412097,1.7775833622327388,3.6309352945736046,-1.0,0.35336289881758,-0.564090913875197,-0.972810715505489,-0.5303121323952383,-1.396887427086043,1.261600982894398,0.0013954202919972403,0.0,-0.0018366334449257393,-0.001334520156983321,0.002154130222720707,-0.00110429085564423,-0.0008747815869249997,0.001640189007056092
98,0.05840574454477404,0.05840574200624033,1.7217761409472576e-05,4.32373046865805,1.9221395649357482,1.7775843460692151,3.6322957361689854,-1.0,0.35157718508471664,-0.565390354502839,-0.9707119887517991,-0.5313867773127754,-1.3977383898087896,1.263195216398136,0.0013604415953807347,0.0,-0.0017857137328633477,-0.001299440627641979,0.002098726753689939,-0.0010746449175370598,-0.000850962722746651,0.0015942335037379962
99,0.05696755219558906,0.05696754969982163,1.6860688583620557e-05,4.323731452560733,1.9207013732031473,1.7775852960393517,3.63362219921478,-1.0,0.34984067398459207,-0.5666558109312837,-0.9686669914182457,-0.5324327384225227,-1.3985663138463258,1.2647450694130644,0.0013264630457947568,0.0,-0.0017365111001245714,-0.0012654564284446668,0.0020449973335533445,-0.0010459611097473065,-0.0008279240375361763,0.0015498530149284928
100,0.05557053328433117,0.055570530831205826,1.650989484950288e-05,4.323732380621903,1.9193043548753494,1.7775862137140945,3.634915650989692,-1.0,0.34815172028602653,-0.5678883367486895,-0.9666741106560054,-0.5334509388886534,-1.3993719480302436,1.2662520496403413,0.0012934517749116914,0.0,-0.0016889536985655318,-0.0012325258174058495,0.0019928807622403566,-0.0010182004661306587,-0.0008056341839177694,0.0015069802272769106
101,0.054213247014638165,0.05421324460398058,1.6165363171653207e-05,4.32373325659341,1.917947069158497,1.7775871005668102,3.636177027078208,-1.0,0.34650874696323475,-0.5690889457079515,-0.9647317921496408,-0.5344422648497192,-1.4001560113526654,1.2677176009676658,0.0012613760885162861,0.0,-0.0016429733227917853,-0.001200608959261995,0.0019423185063646153,-0.0009913259610658809,-0.0007840633224218685,0.0014655513273245102
102,0.052894314835615845,0.05289431246720533,1.5827053555495236e-05,4.323734083938834,1.9166281375039638,1.7775879579810105,3.637407232506688,-1.0,0.3449102417679866,-0.570258613533695,-0.9628385375825418,-0.5354075672447809,-1.4009191943910848,1.2691431067564856,0.001230205428480069,0.0,-0.0015985051952481233,-0.001169667825743459,0.0018932545670989898,-0.0009653023950616513,-0.0007631830384193794,0.0014255057888197253
103,0.051612417218673115,0.0516124148922457,1.5495000966550495e-05,4.323734865858236,1.9153462403852155,1.7775887872573406,3.6386071428416336,-1.0,0.3433547540024389,-0.5713982796352062,-0.9609929022274856,-0.5363476635328536,-1.4016621606551543,1.2705298929311202,0.0011999103349453755,0.0,-0.0015554877655477028,-0.001139666101511172,0.0018456353550562188,-0.0009400962880726782,-0.0007429662640694445,0.0013867861746346133
104,0.05036629062647871,0.05036628834173171,1.5169118614901892e-05,4.323735605310582,1.9141001142667906,1.7775895896198988,3.639777605250521,-1.0,0.34184089147942914,-0.5725088487306376,-0.959193492655678,-0.5372633393127981,-1.4023855478601168,1.271879230883298,0.0011704624088872961,0.0,-0.001513862523009779,-0.0011105690954313907,0.0017994095718075753,-0.0009156757799445581,-0.0007233872049625667,0.0013493379521778426
105,0.04915472466129426,0.04915472241788985,1.484943890579549e-05,4.32373630503404,1.9128885487526524,1.777590366221985,3.6409194395257307,-1.0,0.3403673176579733,-0.5735911923875123,-0.9574389645579816,-0.5381553498502601,-1.4030899691312793,1.2731923402045915,0.0011418342752098631,0.0,-0.0014735738214558536,-0.0010823436568747624,0.001754528097696384,-0.000892010537462018,-0.0007044212711624365,0.0013131093212934708
106,0.047976559380859304,0.047976557178426936,1.4535882253604426e-05,4.3237369675644235,1.9117103839020904,1.7775911181513138,3.642033439072231,-1.0,0.33893274894258724,-0.5746461504842675,-0.9557280206723741,-0.5390244215177615,-1.4037760141436473,1.2744703912583017,0.0011139995465003771,0.0,-0.0014345687153860531,-0.0010549580967551542,0.001710943885607552,-0.0008690716675013865,-0.0006860450123680195,0.0012780510537102607
107,0.04683068277085004,0.04683068060898927,1.4228400900557072e-05,4.323737595251921,1.9105645077021955,1.7775918464347658,3.6431203718597662,-1.0,0.3375359521358609,-0.5756745325972851,-0.9540594088119979,-0.5398712531536127,-1.4044442502005845,1.2757145076014904,0.0010869327875351331,0.0,-0.0013967968067263303,-0.0010283821130175896,0.0016686118603761457,-0.0008468316358511974,-0.0006682360569372214,0.0012441163431886615
108,0.04571602836370568,0.04571602624199151,1.3926982709347286e-05,4.3237381902763135,1.9094498536867028,1.7775925520427212,3.644180981340378,-1.0,0.3361757420344635,-0.5766771193176081,-0.9524319199884674,-0.5406965173448909,-1.405095223255108,1.2769257682670647,0.0010606094806115962,0.0,-0.0013602101013974188,-0.001002586720323051,0.0016274888235304763,-0.0008252641912781522,-0.0006509730545234405,0.0012112606655743097
109,0.04463157299435729,0.04463157091234063,1.3631492344757413e-05,4.323738754660809,1.9083653986917275,1.7775932358930144,3.6452159873321484,-1.0,0.3348509791594519,-0.5776546635012871,-0.9508443866253898,-0.5415008616393545,-1.4057294588772105,1.2781052099151013,0.0010350059917705323,0.0,-0.001324762875011598,-0.0009775441836790133,0.0015875333630775978,-0.0008043442944636325,-0.0006342356221025192,0.0011794416480366277
110,0.043576334684033886,0.04357633264124524,1.334195752880813e-05,4.323739290284649,1.9073101607395855,1.7775938988545545,3.646226086870096,-1.0,0.33356056761239067,-0.5786078914570656,-0.9492956808573313,-0.5422849096908163,-1.406347463170381,1.2792538288619228,0.0010100995379476174,0.0,-0.001290411547061221,-0.0009532279557784573,0.0015487057680585448,-0.0007840480514618164,-0.0006180042931704932,0.0011486189468215002
111,0.0425493706439678,0.04254936863992,1.3058213273972499e-05,4.3237397988945965,1.9062831970425076,1.7775945417506416,3.64721195502518,-1.0,0.33230345304938597,-0.5795375040748999,-0.9477847129097221,-0.5430492623421715,-1.4069497236402957,1.2803725829948287,0.0009858681550838355,0.0,-0.001257114563004702,-0.0009296126178343078,0.0015109679476091875,-0.0007643526513552157,-0.0006022604699147394,0.0011187541329058526
112,0.041549775391371994,0.04154977342556195,1.2780280407560173e-05,4.323740282115395,1.9052836021186246,1.7775951653620092,3.648174245692399,-1.0,0.33107862076568134,-0.5804441778985966,-0.9463104295554434,-0.5437944986499832,-1.4075367100184684,1.2814623935798155,0.0009622906672190901,0.0,-0.0012248322837046244,-0.0009066738236966909,0.0014742833542786826,-0.0007452363078116475,-0.0005869863781726714,0.0010898105849868056
113,0.0405766789706014,0.04057667704251273,1.2508013758633604e-05,4.323740741459342,1.9043105060131371,1.7775957704296184,3.649113592348977,-1.0,0.32988509388397114,-0.5813285661456585,-0.9448718126440716,-0.5445211768542525,-1.4081088750434678,1.2825241469690976,0.0009393466565779107,0.0,-0.0011935268817102052,-0.0008843882470619402,0.001438616911371815,-0.0007266782042693043,-0.0005721650249994603,0.0010617533892820497
114,0.03962924527289646,0.03962924338200143,1.2241356070240638e-05,4.323741178335027,1.9033630726180657,1.7775963576572313,3.650030608783624,-1.0,0.32872193164005353,-0.5821912996772447,-0.9434678776999799,-0.5452298352967507,-1.4086666552021523,1.2835586962147576,0.0009170164346472554,0.0,-0.0011631622439176037,-0.0008627335315861684,0.0014039349440917448,-0.0007086584424982334,-0.0005577801586844622,0.0010345492456600436
115,0.038706670448571574,0.03870666859433295,1.1980218521478155e-05,4.323741594055308,1.9024404980844452,1.7775969277137795,3.65092588979787,-1.0,0.32758822775988045,-0.5830329879209818,-0.9420976725857082,-0.5459209932910533,-1.409210471433214,1.2845668625944162,0.0008952810142459633,0.0,-0.001133703880173087,-0.0008416882437370932,0.001370205114271661,-0.000691157994302527,-0.0005438162310618111,0.0010081663796586149
116,0.03780818140590669,0.03780817958777933,1.1724515435487421e-05,4.323741989844627,1.9015420093212216,1.777597481235549,3.6518000118804474,-1.0,0.32648310892246307,-0.5838542197491986,-0.9407602762272096,-0.546595151947204,-1.4097407297951867,1.2855494370543896,0.0008741220825774221,0.0,-0.0011051188374173737,-0.0008212318282168063,0.0013373963584986104,-0.0006741586561507251,-0.0005302583619726242,0.0009825744599734065
117,0.036933034391419844,0.036933032608852646,1.147418439801467e-05,4.323742366845696,1.9006668625755305,1.7775980188282012,3.6526535338556987,-1.0,0.32540573330346384,-0.5846555643150059,-0.93945479739777,-0.5472527949537372,-1.410257822100933,1.2865071815754372,0.0008535219752512369,0.0,-0.0010773756189992323,-0.0008013445658072715,0.0013054788294395436,-0.0006576430065332595,-0.0005170923057462584,0.0009577445210475766
118,0.036080513646538456,0.03608051189897523,1.1229110111193689e-05,4.32374272612564,1.8998143420893712,1.777598541068638,3.6534869975069557,-1.0,0.324355289194651,-0.5854375718485012,-0.938180373557577,-0.5478943893195999,-1.4107621265205064,1.2874408304658387,0.000833463651257027,0.0,-0.0010504441088128313,-0.0007820075334953325,0.0012744238401930508,-0.0006415943658626411,-0.000504304419573387,0.0009336488904014839
119,0.03524993013603242,0.035249928422913884,1.098921995378117e-05,4.323743068681608,1.8989837588280452,1.7775990485067295,3.65430092817583,-1.0,0.3233309936947128,-0.5862007744152434,-0.9369361697460779,-0.548520386078348,-1.4112540081541638,1.2883510915862246,0.000813930668874363,0.0,-0.0010242954999382103,-0.0007632025667422271,0.001244203811499145,-0.0006259967587480819,-0.0004918816336574316,0.0009102611203859468
120,0.0344406203438718,0.03444061866463612,1.0754385963764998e-05,4.323743395445942,1.8981744492760162,1.777599541666917,3.6550958353383214,-1.0,0.32233209146722314,-0.5869456866390169,-0.9357213775244292,-0.5491312209568315,-1.4117338195771962,1.2892386475102797,0.0007949071624913095,0.0,-0.000998902227489662,-0.0007449122237734862,0.001214792221648664,-0.0006108348784835682,-0.00047981142303243907,0.0008875559240550945
121,0.033651945132479565,0.033651943486563966,1.0524566835678533e-05,4.323743707290921,1.8973857742961673,1.777600021049701,3.655872213158637,-1.0,0.3213578535618295,-0.5876728063907868,-0.9345352139654846,-0.5497273150104376,-1.4122019013581433,1.290104156625163,0.000776377820315588,0.0,-0.0009742379053936379,-0.0007271197517698669,0.0011861635589446307,-0.0005960940536060555,-0.00046808178094703834,0.0008655091148832561
122,0.03288328866158981,0.032883287048432054,1.029962397823733e-05,4.323744005033116,1.8966171180486617,1.7776004871330184,3.6566305410215842,-1.0,0.32040757629498595,-0.5883826154456379,-0.9333769206889129,-0.550309075226823,-1.4126585825518616,1.290948254175229,0.0007583278629472723,0.0,-0.0009502772668435466,-0.0007098090548510738,0.001158293276571687,-0.0005817602163854518,-0.0004566811937183335,0.0008440975500660919
123,0.03213405736319654,0.0321340557822349,1.0079531391563701e-05,4.32374428943739,1.8958678869658931,1.77760094037353,3.657371284044375,-1.0,0.31948058018679587,-0.589075580109383,-0.9322457629391672,-0.5508768950999461,-1.413104181168831,1.2917715532524001,0.0007407430227908129,0.0,-0.0009269961081900813,-0.0006929646637451325,0.0011311577497457037,-0.0005678198731230433,-0.000445598616969356,0.0008232990771710469
124,0.03140367896929058,0.03140367741996482,9.864118513955384e-06,4.3237445612206065,1.8951375087802258,1.7776013812078137,3.6580948935686584,-1.0,0.3185762089507476,-0.5897521518164321,-0.9311410287041532,-0.5514311551760851,-1.4135390046219904,1.2925746457363119,0.0007236095242832974,0.0,-0.0009043712360482514,-0.0006765717070491561,0.0011047342350140044,-0.0005542600761390126,-0.000434823453159483,0.0008030924839117493
125,0.030691601589306183,0.030691600071058152,9.653376600737216e-06,4.323744821055001,1.894425431601443,1.7776018100534778,3.65880180763356,-1.0,0.31769382853333095,-0.5904127677004185,-0.9300620278725613,-0.5519722235734298,-1.4139633501523319,1.2933581031871606,0.0007069140649016425,0.0,-0.0008823804174166727,-0.0006606158839863596,0.0010790008315918476,-0.0005410683973446906,-0.0004243455303414301,0.0007834574508487346
126,0.029997292834388806,0.02999729134666464,9.4471481677928e-06,4.3237450695713395,1.8937311230410188,1.7776022273102017,3.6594924514304985,-1.0,0.31683282620071684,-0.591057851138997,-0.9290080914279395,-0.5525004564767229,-1.4143775052343903,1.2941224776939764,0.000690643796938506,0.0,-0.0008610023326141025,-0.0006450834385784976,0.001053936444621817,-0.0005282329032930688,-0.00041415508205844276,0.0007643745068157681
127,0.02932023898579717,0.029320237528045492,9.245399014327571e-06,4.32374530736178,1.8930540693805171,1.7776026333607022,3.6601672377405023,-1.0,0.315992609669857,-0.5916878122741447,-0.927978570677687,-0.5530161986083415,-1.4147817479627154,1.294868302680883,0.0006747863100038387,0.0,-0.0008402165308598608,-0.000629961135147683,0.0010295207502525328,-0.0005157421316186461,-0.000404242728325066,0.0007458249869065625
128,0.02865994420490155,0.0286599427765763,9.047987040197292e-06,4.323745534982563,1.8923937747815973,1.7776030285716433,3.66082656735474,-1.0,0.3151726062815278,-0.5923030485092194,-0.9269728365152485,-0.5535197836771208,-1.415176347420336,1.2955960936737305,0.0006593296142378691,0.0,-0.0008200033883291602,-0.0006152362350747564,0.001005734162438432,-0.0005035850687793442,-0.00039459945762065907,0.0007277909928475879
129,0.028015929782420748,0.028015928382980334,8.854851263100888e-06,4.323745752956454,1.8917497605352482,1.7776034132944791,3.6614708294789424,-1.0,0.3143722622129959,-0.5929039449839637,-0.9259902787138831,-0.5540115348061352,-1.4155615640301742,1.2963063490293445,0.0006442621242022106,0.0,-0.0008003440685319108,-0.0006008964747442613,0.000982557801365469,-0.0004917511290143395,-0.000385216609838146,0.0007102553556139757
130,0.027387733424679938,0.02738773205358764,8.665918873459102e-06,4.323745961775023,1.891121564348049,1.7776037878662494,3.662100402122369,-1.0,0.31359104172812713,-0.5934908750285691,-0.9250303052504649,-0.5544917649405856,-1.4159376498903067,1.2969995506294831,0.0006295726434264459,0.0,-0.0007812204848687831,-0.000586930044605416,0.00095997346341814,-0.0004802301344504212,-0.00037608586013249123,0.0006932016001386376
131,0.026774908574811452,0.02677490723153677,8.48102570755544e-06,4.323746161900756,1.890508739663372,1.7776041526103206,3.6627156524719573,-1.0,0.31282842646289594,-0.5940642005978591,-0.9240923416578619,-0.5549607772368648,-1.4163048490939205,1.297676164541471,0.0006152503495884254,0.0,-0.0007626152652311924,-0.0005733255692900174,0.0009379635926030083,-0.00046901229627915875,-0.00036719920361383274,0.0006766139119878112
132,0.02617702376695281,0.026177022450970443,8.300174178417298e-06,4.323746353768992,1.8899108550155794,1.777604507837083,3.66331693725225,-1.0,0.3120839147443724,-0.594624272686585,-0.9231758304045113,-0.5554188654338091,-1.4166633980347603,1.298336641647349,0.0006012847802927546,0.0,-0.0007445117185235217,-0.0005600720887258825,0.0009165112533505715,-0.00045808819694437286,-0.00035854894083975353,0.0006604771058780212
133,0.025593662011611007,0.02559366072240283,8.123278881165753e-06,4.32374653778972,1.889327493415392,1.7776048538446036,3.6639046030716873,-1.0,0.3113570209413865,-0.5951714317267774,-0.9222802302998873,-0.5558663142070851,-1.4170135256988197,1.2989814182432715,0.0005876658194372553,0.0,-0.0007268938029859062,-0.0005471590401924242,0.0008956001046240836,-0.0004474487732759602,-0.00035012766405939644,0.0006447765959225471
134,0.02502442021048375,0.025024418947537135,7.950184958946108e-06,4.323746714349263,1.8887582517647075,1.777605190919239,3.664478986755824,-1.0,0.310647274845175,-0.5957060079680419,-0.9214050159246229,-0.5563033995075991,-1.4173554539429822,1.2996109166107683,0.0005743836841367589,0.0,-0.0007097460962114943,-0.0005345762412644062,0.0008752143752643882,-0.0004370853005140063,-0.0003419282441625704,0.0006294983674968169
135,0.02446890859911993,0.024468907361929648,7.780889273724093e-06,4.323746883811811,1.888202740299265,1.7776055193362112,3.6650404156680016,-1.0,0.30995422107841614,-0.5962283218416382,-0.9205496770841178,-0.5567303888847708,-1.417689397761282,1.3002255455613965,0.0005614289121775862,0.0,-0.0006930537667588776,-0.0005223138735963584,0.0008553388405050377,-0.0004269893771716715,-0.0003339438182998755,0.0006146289506281377
136,0.023926750215920698,0.02392674900398769,7.615295249442417e-06,4.323747046520859,1.8876605820576444,1.7776058393601506,3.6655892080179937,-1.0,0.30927741853115676,-0.5967386843091389,-0.9197137182845201,-0.5571475417954551,-1.4180155655394135,1.30082570095621,0.0005487923499920555,0.0,-0.0006768025472593808,-0.0005103624675006913,0.0008359587995977469,-0.00041715291068433746,-0.0003261677781314365,0.0006001553948136173
137,0.02339758039604104,0.023397579208874187,7.45329211487188e-06,4.323747202800547,1.8871314123751717,1.7776061512456052,3.666125673159117,-1.0,0.30861643982222065,-0.5972373971964152,-0.9188966582300309,-0.5575551098992552,-1.4183341592980818,1.3014117662013918,0.0005364651411232657,0.0,-0.0006609787089361108,-0.0004987128872763202,0.000817060054489227,-0.00040756810380004893,-0.000318593758668273,0.0005860652451816772
138,0.02288104628888205,0.02288104512599692,7.294753845040255e-06,4.323747352956882,1.8866148784014083,1.7776064552375197,3.666650111874277,-1.0,0.30797087078477203,-0.5977247535136636,-0.9180980293405373,-0.5579533373409238,-1.4186453749257577,1.3019841127213103,0.0005244387151601693,0.0,-0.0006455690374486123,-0.00048735631724838857,0.0007986288894935578,-0.00039822744166861934,-0.00031121562767588706,0.000572346519918554
139,0.022376806397892655,0.02237680525881272,7.139755753559468e-06,4.323747497278895,1.8861106386399564,1.7776067515716893,3.6671628166514045,-1.0,0.30734030997478595,-0.5982010377621422,-0.9173173772886275,-0.5583424610205114,-1.4189494024013651,1.302543100410188,0.0005127047771273929,0.0,-0.0006305608099860804,-0.00047628424847856454,0.0007806520519098026,-0.00038912367958765515,-0.0003040274756074268,0.0005589876888776324
140,0.021884530141522567,0.021884529025777633,6.988056789532502e-06,4.323747636039708,1.8856183625094096,1.7776070404751854,3.6676640719487144,-1.0,0.3067243682012485,-0.5986665262282534,-0.9165542605550914,-0.5587227108518792,-1.4192464260073996,1.3030890780634983,0.0005012552973098217,0.0,-0.000615941773537465,-0.0004654884661112746,0.0007631167335361289,-0.0003802498313677516,-0.0002970236060344522,0.0005459776533103256
141,0.021403897434192742,0.021403896341321144,6.839681684421262e-06,4.323747769497527,1.8851377299243275,1.7776073221667574,3.668154154450203,-1.0,0.30612266807697747,-0.5991214872655755,-0.915808250002059,-0.559094310010162,-1.4195366245339518,1.3036223837901453,0.0004900825014888532,0.0,-0.0006017001242710207,-0.0004549610373220103,0.0007460105530323613,-0.000371599158282776,-0.00029019852655221,0.0005333057266470043
142,0.020934598286262665,0.02093459721580968,6.694586100591709e-06,4.323747897896563,1.8846684308951998,1.7776075968572131,3.6686333333117807,-1.0,0.30553484358901994,-0.5995661815654101,-0.9150789284629698,-0.5594574751687315,-1.4198201714740812,1.3041433454064129,0.00047917886157744505,0.0,-0.0005878244879575223,-0.00044469429983462483,0.0007293215390892227,-0.0003631651585694895,-0.00028354694012944215,0.000520961616267579
143,0.020476332421988205,0.02047633137350622,6.552547373051738e-06,4.323748021467893,1.8842101651464063,1.7776078647497786,3.6691018703984204,-1.0,0.30496053968764036,-0.600000862416389,-0.9143658903486065,-0.5598124167261792,-1.420097235210962,1.3046522808126173,0.00046853708663974203,0.0,-0.0005743039013795803,-0.00043468085097886355,0.0007130381143632958,-0.00035494155744775213,-0.0002770637368807449,0.0005089354062044471
144,0.020028808914551555,0.020028807887600697,6.413733975505401e-06,4.3237481404302684,1.8837626417512479,1.7776081260404346,3.6695600205126917,-1.0,0.30439941189296965,-0.6004257759536474,-0.9136687412684694,-0.5601593390238105,-1.4203679791971986,1.3051494983533434,0.00045815011427130514,0.0,-0.0005611277946707127,-0.0004249135372584867,0.0006971490801370717,-0.00034692229763133575,-0.0002707439862366101,0.0004972175407260693
145,0.019591745837288163,0.019591744831436615,6.277864693245065e-06,4.323748254990848,1.8833255787831733,1.77760838091824,3.670008031615017,-1.0,0.303851125918437,-0.6008411613980513,-0.9129870976668003,-0.5604984405541106,-1.4206325621266913,1.305635297162091,0.0004480111023252853,0.0,-0.0005482859745326585,-0.0004153854444038929,0.000681643601669113,-0.0003391015303000344,-0.0002645829294927182,0.0004857988087476617
146,0.019164869930289753,0.019164868945112722,6.144990277752248e-06,4.32374836534591,1.8828987029823814,1.7776086295656337,3.6704461450360015,-1.0,0.30331535731015824,-0.6012472512859357,-0.9123205864726012,-0.5608299141606229,-1.4208911380994032,1.306109967491114,0.00043811342098454276,0.0,-0.0005357686082787527,-0.0004060898878843755,0.0006665111941991375,-0.0003314736065123114,-0.00025857597271183863,0.0004746703290230414
147,0.018747916281591604,0.018747915316672362,6.014903137056654e-06,4.323748471681493,1.8824817494370105,1.7776088721587227,3.670874595681139,-1.0,0.3027917911014953,-0.6016442716897907,-0.9116688447630262,-0.5611539472296513,-1.4211438567793722,1.30657379102719,0.0004284506451375236,0.0,-0.0005235662086629511,-0.0003970204038550307,0.0006517417095749378,-0.00032403306902839546,-0.00025271867996901065,0.00046382353607588023
148,0.01834062802223417,0.018340627077162663,5.887712597587129e-06,4.323748574174006,1.8820744612781983,1.7776091088675545,3.671293612228214,-1.0,0.30228012148205086,-0.6020324424303081,-0.9110315194395562,-0.561470721874177,-1.4213908635462826,1.3070270411940133,0.00041901654707476865,0.0,-0.0005116696194444326,-0.00038817074051733513,0.0006373253234700504,-0.00031677464452573023,-0.00024700676691047363,0.00045325016682329355
149,0.017942756034480315,0.017942755108854527,5.763263690099345e-06,4.323748672990795,1.8816765893883018,1.777609339856374,3.671703417317683,-1.0,0.301780051480397,-0.6024119772801786,-0.9104082669163924,-0.5617804151103608,-1.4216322996409037,1.3074699834418733,0.00040980508946919514,0.0,-0.0005000700016538628,-0.000379534849870522,0.0006232525231637531,-0.0003096932361837945,-0.000241436094621017,0.000442942247860012
150,0.01755405867256001,0.017554057765985117,5.641541056450684e-06,4.323748768290665,1.8812878921216403,1.77760956528387,3.6721042277363236,-1.0,0.3012912926598794,-0.6027830841600146,-0.9097987528205376,-0.5620831990269791,-1.4218683023046763,1.3079028755252333,0.00040081041864059586,0.0,-0.0004887588205175764,-0.0003711068798359918,0.0006095140958548573,-0.00030278391661830995,-0.00023600266377266088,0.00043289208336005913
151,0.017174301495304398,0.017174300607392556,5.522483724424234e-06,4.323748860224392,1.88090813503713,1.7776097853034054,3.6724962545944106,-1.0,0.3008135648268711,-0.6031459653267486,-0.9092026517030545,-0.562379240948125,-1.4220990049137252,1.3083259677688008,0.00039202685808703563,0.0,-0.00047772783300831234,-0.00036288116673399706,0.0005961011174830944,-0.00029604192114585093,-0.00023070260904889395,0.0004230922435675133
152,0.01680325701009649,0.016803256140466998,5.4059391998684415e-06,4.323748948935171,1.8805370906422356,1.777610000063239,3.672879703496686,-1.0,0.30034659575088524,-0.6035008175548436,-0.9086196467610205,-0.562668703589488,-1.4223245371075501,1.3087395033226399,0.00038344890227515194,0.0,-0.000466969075985868,-0.00035485222809505945,0.0005830049420340044,-0.00028946264136298083,-0.00022553219382492884,0.0004135355538390506
153,0.016440704427589957,0.016440703575869936,5.291989583477088e-06,4.323749034559054,1.88017453814769,1.777610209706736,3.67325477470736,-1.0,0.29989012089598827,-0.6038478323106338,-0.9080494295697175,-0.5629517452085089,-1.4225450249126421,1.309143718406852,0.0003750712106742604,0.0,-0.00045647485489697104,-0.0003470147557901315,0.000570217191303013,-0.0002830416190209295,-0.0002204878050919845,0.0004042150842120673
154,0.016086429426667267,0.016086428592490244,5.180420353649803e-06,4.323749117225355,1.8798202632324499,1.7776104143725626,3.6736216633093846,-1.0,0.29944388316298254,-0.6041871959200982,-0.9074916998246211,-0.56322851974869,-1.4227605908612564,1.3095388425463204,0.00036688860202449547,0.0,-0.00044623773300572767,-0.0003393636094644048,0.0005577297450963803,-0.0002767745401811572,-0.00021556594861427136,0.00039512413946840574
155,0.01574022392914793,0.015740223112155324,5.0713886164749446e-06,4.3237491970570385,1.8794740578184077,1.7776106141948818,3.673980559358222,-1.0,0.29900763264185887,-0.6045190897303536,-0.9069461650927714,-0.563499176978329,-1.4229713541055595,1.3099250987959867,0.0003588960488376536,0.0,-0.00043625052112367113,-0.00033189381025544584,0.0005455347318497061,-0.00027065722963892647,-0.00021076324430313598,0.0003862562496663724
156,0.01540188588378459,0.015401885083623511,4.964659034128004e-06,4.32374927417106,1.8791357198543839,1.7776108093035268,3.6743316480303228,-1.0,0.2985811263740408,-0.604843690265142,-0.9064125405731305,-0.5637638626239259,-1.4231774305273632,1.3103027039571047,0.0003510886721005413,0.0,-0.0004265062678180942,-0.00032460053478833295,0.0005336245196408962,-0.000264685645596896,-0.00020607642180370256,0.0003776051611179554
157,0.015071219059094577,0.015071218275419834,4.860154840328786e-06,4.323749348678711,1.8788050531089628,1.777610999824176,3.6746751097665236,-1.0,0.2981641281239746,-0.6051611693745691,-0.9058905488655478,-0.5640227184985074,-1.4233789328436384,1.3106718687848897,0.0003434617362008119,0.0,-0.00041699825006619173,-0.0003174791094271434,0.0005219917075827141,-0.0002588558745815206,-0.00020150231627513726,0.0003691648277850401
158,0.014748032844629489,0.01474803207710218,4.757976003572249e-06,4.3237494206859335,1.8784818669717593,1.777611185878516,3.6750111204105598,-1.0,0.29775640815963417,-0.6054716943793448,-0.9053799197479748,-0.5642758826250905,-1.4235759707079996,1.311032798187965,0.00033601064403621095,0.0,-0.0004077199643404139,-0.0003105250047756858,0.000510629117572936,-0.0002531641265831608,-0.00019703786436120474,0.0003609294030753052
159,0.014432142060259367,0.014432141308547489,4.658037206259047e-06,4.3237494902936024,1.8781659762627048,1.777611367584395,3.6753398513428808,-1.0,0.29735774304153784,-0.6057754282097582,-0.904880389961587,-0.5645234893555046,-1.4237686508083391,1.31138569141998,0.0003287309323209975,0.0,-0.00039866511809633076,-0.0003037338304133774,0.0004995297863877868,-0.00024760673041401837,-0.00019268010033957061,0.00035289323201492806
160,0.014123366773127305,0.014123366036905378,4.560242265373055e-06,4.323749557597815,1.877857201049001,1.7776115450559726,3.675661469609953,-1.0,0.29696791541989365,-0.6060725295396112,-0.9043917030034845,-0.5647656694847751,-1.4239570769607786,1.3117307422637592,0.0003216182670722212,0.0,-0.0003898276216441898,-0.0002971013298530556,0.0004886869581025577,-0.00024218012927057497,-0.00018842615243941374,0.00034505084377922657
161,0.013821532121893547,0.013821531400842395,4.464483387417139e-06,4.32374962269014,1.8775553664693643,1.777611718403859,3.6759761380492217,-1.0,0.296586713839507,-0.6063631529153246,-0.9039136089266622,-0.5650025503612651,-1.4241413502000995,1.3120681392083204,0.00031466843926875043,0.0,-0.00038120158038662533,-0.0002906233757133947,0.00047809407682231075,-0.00023688087648998657,-0.000184273239320909,0.00033739694456125235
162,0.013526468147950827,0.013526467441757352,4.370792791858292e-06,4.323749685657866,1.8772603025652417,1.7776118877352514,3.6762840154098977,-1.0,0.29621393255210676,-0.6066474488804182,-0.9034458641469523,-0.5652342559927568,-1.4243215688668063,1.3123980656190855,0.0003078773606759455,0.0,-0.00037278128740025895,-0.0002842959650936061,0.0004677447797098999,-0.00023170563149166323,-0.00018021866670681064,0.0003299264107650135
163,0.013238009633280427,0.013238008941638483,4.279202551759548e-06,4.323749746584226,1.8769718441186674,1.7776120531540618,3.6765852564697283,-1.0,0.295849371335759,-0.606925564095559,-0.902988231256655,-0.5654609071486506,-1.4244978286909684,1.3127206999015861,0.0003012410598306481,0.0,-0.0003645612163477585,-0.00027811521514076176,0.00045763289029732146,-0.00022665115589382,-0.00017625982416213937,0.0003226342825006778
164,0.012955995944655076,0.012955995267264193,4.189532423808121e-06,4.323749805548619,1.8766898304964639,1.7776122147610387,3.676880012147908,-1.0,0.29549283532105936,-0.6071976414543614,-0.9025404788445887,-0.5656826214584475,-1.424670222872978,1.3130362156589572,0.0002947556781798255,0.0,-0.0003565360146996488,-0.0002720773588024139,0.00044775241206629346,-0.00022171430979689433,-0.0001723941820095387,0.0003155157573710987
165,0.012680270883894578,0.012680270220460522,4.101745934988321e-06,4.323749862626809,1.8764141055004997,1.7776123726538853,3.67716842961427,-1.0,0.29514413482380464,-0.6074638201951142,-0.9021023813223015,-0.5658995135066739,-1.424838842161356,1.3133447818434916,0.0002884174663617678,0.0,-0.00034870049725471697,-0.00026617874075285375,0.0004380975222871841,-0.0002168920482263914,-0.00016861928837808016,0.00030856618453434237
166,0.01241068254390689,0.012410681894140655,4.015911321846705e-06,4.32374991789111,1.8761445172237288,1.7776125269273695,3.6774506523948993,-1.0,0.294803085183864,-0.6077242360086017,-0.9016737187561978,-0.5661116949244,-1.4250037749277336,1.3136465629025174,0.0002822227806293931,0.0,-0.0003410496399406382,-0.0002604158134874579,0.0004286625661036325,-0.00021218141772616494,-0.00016493276637752352,0.0003017810590257852
167,0.012147083170249177,0.0121470825338687,3.931874053593311e-06,4.3237499714105745,1.8758809179117544,1.7776126776734336,3.677726820474311,-1.0,0.2944695066099818,-0.607979021142178,-0.901254276705346,-0.5663192744774949,-1.4251651072391245,1.3139417189188465,0.000276168079411665,0.0,-0.00033357857388222056,-0.0002547851335763518,0.00041944205085187036,-0.00020757955309480547,-0.00016133231139092707,0.00029515601632912336
168,0.011889329027978434,0.011889328404706773,3.84975183620249e-06,4.323750023251156,1.8756231638296763,1.7776128249812928,3.677997070394305,-1.0,0.29414322403025583,-0.6082283045002477,-0.9008438460647415,-0.5665223581517547,-1.4253229229276068,1.3142304057460295,0.0002702499199940256,0.0,-0.000326282579725945,-0.00024928335806961854,0.00041043064060442003,-0.00020308367425980745,-0.00015781568848227678,0.00028868682718297123
169,0.011637280273533602,0.011637279663099638,3.7692574867657985e-06,4.323750073475869,1.8753711151339756,1.777612968937536,3.6782615353496353,-1.0,0.2938240669480508,-0.6084722117412957,-0.9004422229138138,-0.5667210492350353,-1.425477303657518,1.3145127751386427,0.00026446495533027914,0.0,-0.0003191570822050349,-0.00024390724104805805,0.0004016231509277324,-0.00019869108328063323,-0.00015438072991114105,0.00028236939261327976
170,0.011390800831457992,0.0113908002335957,3.6904975243057717e-06,4.323750122144948,1.8751246357492355,1.777613109626217,3.678520345280608,-1.0,0.2935118693031153,-0.6087108653716069,-0.9000492083699696,-0.5669154483965116,-1.4256283289902694,1.3147889748778185,0.0002588099309726033,0.0,-0.00031219764493550795,-0.0002386536303111697,0.00039301454384421675,-0.00019439916147634406,-0.00015102533275146435,0.00027619973917580865
171,0.011149758275719545,0.011149757690168972,3.6134624597504467e-06,4.323750169315966,1.8748835932494636,1.7776132471289456,3.6787736269627147,-1.0,0.29320646933768246,-0.6089443848358049,-0.899664608446979,-0.5671056537631838,-1.4257760764468779,1.3150591488922236,0.00025328168210680957,0.0,-0.00030539996543282877,-0.00023351946419802871,0.00038459992299055834,-0.00019020536667213594,-0.00014774745660850463,0.00027017401440510014
172,0.010914023715459959,0.010914023141965752,3.53807668758983e-06,4.323750215043998,1.8746478587438387,1.7776133815249717,3.6790215040934218,-1.0,0.2929077094673477,-0.609172886604339,-0.899288233918017,-0.5672917609937399,-1.4259206215683058,1.3153234373746763,0.00024787713070706374,0.0,-0.000298759870334786,-0.0002285017685340618,0.00037637452896199797,-0.00018610723055612066,-0.0001445451214279192,0.0002642884824526348
173,0.010683471684952773,0.01068347112326569,3.464255592042841e-06,4.32375025938172,1.8744173067666714,1.7776135128912687,3.6792640973762074,-1.0,0.2926154361565211,-0.6093964842580369,-0.8989199001831815,-0.5674738633498853,-1.4260620379737035,1.3155819768945891,0.0002425932827856414,0.0,-0.00029227331082659624,-0.00022359765369794893,0.00036833373483557974,-0.00018210235614535275,-0.0001414164053976652,0.0002585395199128371
174,0.01045798003761303,0.010457979487488304,3.3920358692113363e-06,4.323750302379549,1.8741918151714114,1.7776136413026102,3.6795015246019562,-1.0,0.2923294997982688,-0.6096152885698402,-0.8985594271413172,-0.5676520517652385,-1.4262003974166346,1.3158349005064094,0.0002374272257488208,0.0,-0.00028593635825230335,-0.00021880431180321125,0.0003604730418642621,-0.00017818841535321983,-0.00013835944293116853,0.0002529236118202771
175,0.010237429843874673,0.010237429305072616,3.3213882732820546e-06,4.323750344085738,1.8739712650285267,1.7776137668316476,3.6797339007278,-1.0,0.29204975459835936,-0.6098294075838293,-0.8982066390659827,-0.5678264149118938,-1.4263357698393693,1.3160823378542243,0.00023237612584381395,0.0,-0.00027974519990942026,-0.00021411901398915578,0.00035278807533445367,-0.00017436314665530972,-0.00013537242273464756,0.0002474373478149605
176,0.01002170529276837,0.010021704765054271,3.2522104346133975e-06,4.323750384546492,1.873755540527081,1.777613889548981,3.6799613379535034,-1.0,0.29177605846334553,-0.610038946691648,-0.8978613644854029,-0.5679970392647398,-1.426468223425319,1.3163244152726912,0.00022743722570339742,0.0,-0.0002736961350138234,-0.00020953910781873475,0.0003452745805798685,-0.00017062435284598276,-0.00013245358594971002,0.00024207741846682396
177,0.00981069359705359,0.009810693080197835,3.184528410321472e-06,4.3237504238060644,1.8735445288798656,1.7776140095232278,3.6801839457954753,-1.0,0.2915082728925162,-0.6102440087064224,-0.8975234360662581,-0.5681640091636259,-1.426597824649691,1.3165612558844404,0.00022260784197181138,0.0,-0.0002677855708293486,-0.0002050620147743265,0.0003379284191448173,-0.00016696989888609348,-0.0001296012243721112,0.00023684061174922277
178,0.009604284901750896,0.009604284395528797,3.1182259779680817e-06,4.323750461906854,1.8733381202319321,1.7776141268210903,3.6804018311584965,-1.0,0.29124626287356226,-0.6104446939342726,-0.8971926905011677,-0.5683274068734606,-1.4267246383284318,1.3167929796941003,0.00021788536302125294,0.0,-0.0002620100189539287,-0.00020068522785021692,0.00033074556509038455,-0.0001633977098347561,-0.00012681367874067817,0.00023172380965985617
179,0.009402372195933182,0.00940237170012409,3.053393009686021e-06,4.323750498889492,1.8731362075723827,1.7776142415074183,3.680615098405244,-1.0,0.290989896781807,-0.6106411002435096,-0.8968689683997288,-0.568487312642322,-1.4268487276655228,1.3170197036790758,0.00021326724674741726,0.0,-0.0002563660917552779,-0.0001964063092370072,0.00032372210143882807,-0.0001599057688613792,-0.00012408933709107117,0.00022672398497558532
180,0.009204851227634208,0.009204850742022342,2.9899765690550603e-06,4.32375053479293,1.8729386866492803,1.7776143536452718,3.6808238494236853,-1.0,0.29073904628285857,-0.6108333231316031,-0.896552114182981,-0.5686438047576579,-1.4269701542987019,1.3172415418772154,0.00020875101844142208,0.0,-0.0002508504989484073,-0.0001922228880935073,0.00031685421674787495,-0.00015649211533586005,-0.00012142663317904479,0.00022183819813959005
181,0.009011620421764215,0.009011619946137948,2.92776534724558e-06,4.323750569654519,1.8727454558875627,1.777614463295978,3.6810281836924252,-1.0,0.2904935862385497,-0.6110214557900052,-0.8962419759811701,-0.5687969596006494,-1.4270889783436616,1.3174586054714907,0.0002043342687398919,0.0,-0.00024546004430886503,-0.00018813265840211812,0.00031013820181091667,-0.00015315484299149862,-0.00011882404495966448,0.00021706359427531297
182,0.008822580800886276,0.008822580335039288,2.8669927075457376e-06,4.323750603510076,1.872556416309821,1.7776145705191897,3.6812281983440696,-1.0,0.2902533946160326,-0.6112055891669105,-0.8959384055346912,-0.5689468516988089,-1.4272052584367918,1.3176710028718062,0.0002000146516443202,0.0,-0.00024019162251709414,-0.00018413337690526,0.00030357044647888465,-0.00014989209815952087,-0.0001162800931302499,0.00021239740031542276
183,0.008637635908758795,0.008637635452487859,2.8075148059509745e-06,4.323750636393975,1.8723714714598385,1.7776146753729365,3.6814239882266815,-1.0,0.2900183523999079,-0.6113858120280287,-0.8956412580980952,-0.5690935537768792,-1.4273190517765175,1.3178788397940548,0.00019578988261192976,0.0,-0.00023504221612469234,-0.00018022286111818442,0.0002971474365959237,-0.00014670207807032654,-0.0001137933397257207,0.0002078369222486831
184,0.00845669173650982,0.00845669128961686,2.7491733780252887e-06,4.323750668339193,1.8721905273287698,1.7776147779136806,3.681615645963391,-1.0,0.2897883435072667,-0.6115622110154428,-0.8953503923470487,-0.5692371368060993,-1.4274304141632879,1.3180822193365287,0.00019165773670959396,0.0,-0.00023000889264124247,-0.00017639898741417248,0.0002908657510465318,-0.000143583029220129,-0.00011136238677034171,0.00020337954247384715
185,0.008279656651363331,0.008279656213653938,2.692289747255503e-06,4.323750699377392,1.872013492283863,1.7776148781963643,3.6818032620102286,-1.0,0.2895632547055351,-0.6117348707046261,-0.8950656702881401,-0.5693776700518963,-1.4275394000382673,1.3182812420537835,0.0001876160468374799,0.0,-0.00022508880173155443,-0.00017265968918322994,0.00028472205890861524,-0.0001405332457969921,-0.00010898587497942813,0.00019902271725480425
186,0.008106441327789123,0.008106440899073359,2.636452979398117e-06,4.323750729538975,1.871840276999612,1.777614976274459,3.6819869247122337,-1.0,0.2893429755330112,-0.6119038736596807,-0.894786957171432,-0.5695152211200654,-1.4276460625207779,1.3184760060280638,0.00018366270200509405,0.0,-0.00022027917252392948,-0.00016900295505462015,0.00027871311670812915,-0.0001375510681690395,-0.00010666248251056665,0.00019476397428030978
187,0.007936958680997969,0.00793695826108917,2.58173099889266e-06,4.3237507588531345,1.8716707943912505,1.777615072200012,3.682166720357908,-1.0,0.2891273982219912,-0.6120693004868674,-0.8945141214056613,-0.5696498560014913,-1.4277504534445407,1.318666606938377,0.00017979564567438544,0.0,-0.00021557731102000988,-0.00016542682718667656,0.0002728357657706404,-0.0001346348814259546,-0.00010439092376279824,0.00019060091031319892
188,0.007771123802682934,0.00777112339139881,2.528284020157784e-06,4.323750787347922,1.8715049595504942,1.7776151660236896,3.682342733232064,-1.0,0.2889164176243888,-0.6122312298864842,-0.8942470344759933,-0.5697816391154684,-1.4278526233927595,1.3188531381273092,0.00017601287415613953,0.0,-0.00021098059760238375,-0.0001619293996167892,0.0002670869296680367,-0.00013178311397710196,-0.00010216994821887759,0.000186531188932193
189,0.007608853898917095,0.007608853496079189,2.4760152547961506e-06,4.323750815050293,1.8713426896834382,1.7776152577948228,3.6825150456671247,-1.0,0.2887099311397494,-0.6123897387031564,-0.8939855708642407,-0.5699106333516679,-1.427952621732092,1.3190356906656693,0.00017231243506055094,0.0,-0.0002064864846393899,-0.0001585088166722315,0.00026146361175261035,-0.0001289942361994978,-9.999833933238556e-05,0.00018255253836008123
190,0.0074500682301267525,0.007450067835559809,2.4246346033986255e-06,4.323750841986149,1.8711839040505294,1.7776153475614442,3.682683738092924,-1.0,0.28850783864557145,-0.6125449019745935,-0.8937296079714612,-0.5700369001108034,-1.4280504966455478,1.3192143534150447,0.00016869242579931054,0.0,-0.00020209249417796338,-0.00015516327143716424,0.00025596289277951545,-0.00012626675913551821,-9.787491345591981e-05,0.00017866274937539117
191,0.0072946880530535855,0.007294687666586938,2.3744802817162e-06,4.323750868180403,1.871028523908531,1.777615435370334,3.6828488890850672,-1.0,0.2883100424298479,-0.6126967929788667,-0.8934790260428508,-0.5701604993440429,-1.4281462951643547,1.3193892130883453,0.00016515099214320372,0.0,-0.00019779621572352246,-0.0001518910042731525,0.00025058192861038275,-0.00012359923323945754,-9.579851880681112e-05,0.00017485967330066465
192,0.007142636564641051,0.007142636186106472,2.3253451827926104e-06,4.323750893657005,1.8708764724544051,1.7776155212670517,3.6830105754118856,-1.0,0.2881164471257443,-0.6128454832802616,-0.8932337080948541,-0.57028148959121,-1.428240063198829,1.3195603543084145,0.00016168632681834438,0.0,-0.00019359530410362202,-0.0001486903013948604,0.0002453179479966483,-0.00012099024716705209,-9.376803447436188e-05,0.00017114122006911536
193,0.006993838847752407,0.006993838476986014,2.277197774331738e-06,4.323750918438994,1.8707276747710355,1.777615605295978,3.683168872080046,-1.0,0.2879269596483354,-0.6129910427737539,-0.8929935398444147,-0.5703999280178211,-1.4283318455682879,1.3197278596647757,0.00015829666816058463,0.0,-0.0001894874774088784,-0.0001455594934923754,0.00024016825043948753,-0.00011843842661118931,-9.178236945883711e-05,0.00016750535636123054
194,0.006848221818669632,0.006848221455510837,2.230301154448119e-06,4.323750942548539,1.8705820577747228,1.7776156875003477,3.683323852378852,-1.0,0.2877414891333241,-0.6131335397281584,-0.8927584096402921,-0.5705158704509982,-1.4284216860300376,1.319891809768589,0.0001549802988058957,0.0,-0.00018547051501133227,-0.00014249695440449184,0.00023513020412258,-0.00011594243317702979,-8.984046174975724e-05,0.0001639501038133151
195,0.006705714176289029,0.006705713820580298,2.1841259790156954e-06,4.323750966006975,1.8704395501643811,1.7776157679222857,3.6834755879232794,-1.0,0.2875599468776691,-0.6132730408279955,-0.8925282083963771,-0.5706293714142967,-1.4285096273074713,1.3200522833058783,0.00015173554442737824,0.0,-0.00018154225565497617,-0.00013950109983706938,0.00023020124391492924,-0.00011350096329854065,-8.794127743372293e-05,0.00016047353728931846
196,0.006566246352964394,0.0065662460045515705,2.139030417990109e-06,4.323750988834834,1.8703000823723823,1.7776158466028391,3.6836241486957935,-1.0,0.28738224628205367,-0.6134096112141214,-0.8923028295269352,-0.5707404841614893,-1.4285957111173078,1.3202093570890978,0.000148560772514017,0.0,-0.0001777005956154487,-0.00013657038612591155,0.00022537886944196117,-0.00011111274719255437,-8.608380983643471e-05,0.00015707378321949683
197,0.006429750466920738,0.006429750125652824,2.0948722089282495e-06,4.323751011051891,1.8701635865169686,1.777615923582009,3.6837696030869815,-1.0,0.2872083027951271,-0.6135433145231637,-0.8920821688837146,-0.5708492607093391,-1.428679978196002,1.320363106107093,0.00014545439118807124,0.0,-0.00017394348692656436,-0.00013370330904227679,0.00022066064322057155,-0.00010877654784979818,-8.426707869424455e-05,0.00015374901799525276
198,0.006296160276190955,0.0062961599419204765,2.051603648602812e-06,4.323751032677185,1.87002999635619,1.777615998898782,3.6839120179350444,-1.0,0.28703803385945587,-0.6136742129258025,-0.891866124694857,-0.5709557518694014,-1.4287624683253572,1.3205136035735212,0.0001424148480628773,0.0,-0.00017026893567123613,-0.0001308984026388016,0.00021604418885756704,-0.00010649116006233861,-8.249012935523936e-05,0.00015049746642814554
199,0.006165411134017099,0.006165410806599097,2.009171699367286e-06,4.323751053729062,1.8698992472433043,1.7776160725911598,3.6840514585641793,-1.0,0.2868713588591229,-0.6138023671639388,-0.8916545975055495,-0.5710600072788835,-1.4288432203573673,1.3206609209737805,0.000139440629134846,0.0,-0.0001666750003329609,-0.0001281542381362799,0.00021152718930750325,-0.00010425540948211243,-8.075203201007852e-05,0.00014731740025930584
200,0.006037439945652934,0.006037439624946159,1.96774333201359e-06,4.32375107422519,1.8697712760835818,1.777616144696187,3.6841879888218925,-1.0,0.2867081990689164,-0.6139278365867847,-0.8914474901203617,-0.5711620754305989,-1.428922272238314,1.3208051281105064,0.0001365302577132077,0.0,-0.00016315979020647964,-0.00012546942284596962,0.00020710738518781024,-0.00010206815171542871,-7.90518809465901e-05,0.00014420713672591567
201,0.0059121851265327326,0.005912184812398596,1.9272680537971548e-06,4.323751094182606,1.8696460212924721,1.7776162152499804,3.684321671115277,-1.0,0.2865484776050525,-0.6140506791859146,-0.8912447075472109,-0.5712620037020448,-1.4289996610321465,1.3209462931476834,0.0001336822933843962,0.0,-0.0001597214638639488,-0.00012284259912986872,0.00020278257315087256,-9.992827144589267e-05,-7.73887938325668e-05,0.00014116503717698237
202,0.0057895865617379446,0.005789586254040554,1.8874542753185466e-06,4.323751113617724,1.8695234227550714,1.7776162842877548,3.6844525664462844,-1.0,0.28639211937737585,-0.6141709516293106,-0.891046156942903,-0.5713598383836328,-1.4290754229431708,1.3210844826534223,0.00013089533100751893,0.0,-0.00015635822767662289,-0.00012027244339596344,0.00019855060430784555,-9.78346815879716e-05,-7.576191102431906e-05,0.00013818950573885047
203,0.005669585566728571,0.005669585265334783,1.848705103310708e-06,4.323751132546372,1.8694034217868543,1.777616351843848,3.6845807344460293,-1.0,0.28623905104298897,-0.6142887092944358,-0.8908517475601982,-0.5714556247061034,-1.4291495933380671,1.321219761641451,0.00012816799974491033,0.0,-0.0001530683343868855,-0.00011775766512522878,0.00019440938270476327,-9.578632247064789e-05,-7.417039489632238e-05,0.00013527898802867533
204,0.005552124849285643,0.005552124554065516,1.810598394761814e-06,4.323751150983819,1.8692859610956163,1.7776164179517473,3.6847062334081486,-1.0,0.28608920096125845,-0.6144040063003686,-0.8906613906963503,-0.5715494068671504,-1.4292222067672633,1.3213521936113635,0.00012549896211933032,0.0,-0.00014985008173051817,-0.00011529700593282399,0.00019035686384794026,-9.378216104694026e-05,-7.261342919617775e-05,0.0001324319699125276
205,0.005437148472626584,0.005437148183452403,1.7731755710417588e-06,4.323751168944787,1.8691709847445883,1.7776164826441136,3.6848291203212513,-1.0,0.2859424991501509,-0.6145168955390278,-0.8904749996430738,-0.5716412280572812,-1.4292932969856837,1.3214818405876692,0.00012288691310269328,0.0,-0.00014670181110754132,-0.0001128892386591529,0.0001863910532765578,-9.182119013084744e-05,-7.109021842044427e-05,0.00012964697630568622
206,0.005324601819643999,0.005324601536391336,1.7367365699214097e-06,4.323751186443482,1.869058438116677,1.7776165459528026,3.684949450900487,-1.0,0.28579887724385405,-0.6146274287055193,-0.890292489637892,-0.5717311304849411,-1.4293628969728962,1.321608763157686,0.0001203305792358833,0.0,-0.00014362190629685356,-0.00011053316649156653,0.00018251000518176852,-8.990242765982703e-05,-6.95999872124542e-05,0.00012692257001689633
207,0.005214431558239134,0.0052144312807854915,1.7009530276212377e-06,4.323751203493611,1.8689482678797962,1.7776166079088909,3.68506727961826,-1.0,0.2856582684516368,-0.6147356563276328,-0.8901137778168227,-0.5718191554009224,-1.4294310389526756,1.3217330205083166,0.0001178287177729942,0.0,-0.0001406087922172783,-0.00010822762211348813,0.0001787118210693217,-8.802491598136619e-05,-6.81419797794458e-05,0.00012425735063059662
208,0.0051065856076974924,0.005106585335923561,1.6660004686564567e-06,4.323751220108405,1.8688404219532446,1.7776166685426935,3.6851826597341115,-1.0,0.28552060751790753,-0.6148416277945156,-0.889938783168358,-0.5719053431220859,-1.4294977544120053,1.3218546704617464,0.00011538011585132679,0.0,-0.00013766093372924448,-0.00010597146688273718,0.00017499464846471025,-8.61877211634221e-05,-6.671545932968037e-05,0.00012164995342978102
209,0.0050010131060819795,0.00500101283987026,1.6315240494218483e-06,4.32375123630064,1.868734849475097,1.7776167278837893,3.6852956433238018,-1.0,0.2853858306834298,-0.6149453913845508,-0.8897674264886983,-0.5719897330544137,-1.4295630741195349,1.321973769510099,0.00011298358969025202,0.0,-0.00013477683447771227,-0.00010376359003527735,0.00017135667965961776,-8.438993232784409e-05,-6.531970752954308e-05,0.00011909904835261109
210,0.004897664378600663,0.0048976641178365135,1.5981104610909266e-06,4.3237512520826495,1.868631500770574,1.777616785961038,3.685406281307614,-1.0,0.2852538756476557,-0.6150469942924655,-0.8895996303382007,-0.5720723637154184,-1.429627028143512,1.3220903728490863,0.0001106379838122784,0.0,-0.00013195503577412282,-0.0001016029079146108,0.00016779615049766772,-8.263066100466787e-05,-6.395402397707528e-05,0.00011660333898722008
211,0.004796490906916009,0.004796490651487335,1.5651185519101885e-06,4.323751267466343,1.86853032732135,1.7776168428026018,3.685514623477904,-1.0,0.2851246815321402,-0.6151464826556922,-0.889435318999003,-0.572153272755927,-1.429689645869205,1.3222045344106859,0.0001083421702898768,0.0,-0.0001291941155154852,-9.94883632267074e-05,0.00016431133919769803,-8.090904050861436e-05,-6.261772569304824e-05,0.00011416156159960167
212,0.0046974452993708005,0.00469744504916785,1.5331549783817818e-06,4.323751282463232,1.8684312817357793,1.7776168984359626,3.685620718525916,-1.0,0.2849981888450004,-0.6152439015800102,-0.8892744184337886,-0.5722324969812614,-1.429750956015835,1.3223163068948798,0.00010609504801228908,0.0,-0.0001264926871398231,-9.741892431802679e-05,0.00016090056521433915,-7.922422533446216e-05,-6.131014663002254e-05,0.00011177248419391717
213,0.004600481262083079,0.004600481016997525,1.5016940459424623e-06,4.32375129708443,1.8683343177199903,1.7776169528879442,3.685724614067894,-1.0,0.2848743394463838,-0.6153392951644858,-0.8891168562456551,-0.5723100723718351,-1.4298109866530317,1.3224257418004834,0.00010389554197764994,0.0,-0.0001238493986165934,-9.539358447563373e-05,0.00015756218813356426,-7.757539057362539e-05,-6.003063719672852e-05,0.00010943490560366698
214,0.004505553570897144,0.004505553330823926,1.4707680106597522e-06,4.323751311340683,1.868239390049839,1.7776170061847265,3.685826356670501,-1.0,0.28475307651491455,-0.6154327065257368,-0.8889625616390526,-0.5723860341031822,-1.4298697652168284,1.322532889455099,0.00010174260260731316,0.0,-0.00012126293146924594,-9.341136125096128e-05,0.00015429460660243421,-7.596173134716278e-05,-5.877856379665758e-05,0.00010714765461550257
215,0.0044126180441521196,0.004412617808988277,1.4404113261217614e-06,4.323751325242377,1.8681464545436754,1.7776170583518627,3.6859259918755747,-1.0,0.2846343445150827,-0.6155241778215405,-0.8888114653817616,-0.5724604165654407,-1.429927318525213,1.322637799044218,9.963520507350054e-05,0.0,-0.000118731999831867,-9.147129580366897e-05,0.00015109625729103904,-7.43824622584377e-05,-5.7553308384639124e-05,0.00010490958911901771
216,0.0043216315162422515,0.004321631285885933,1.4108181451017388e-06,4.323751338799551,1.868055468035903,1.7776171094142998,3.686023564224233,-1.0,0.2845180891655482,-0.6156137502738063,-0.8886634997678741,-0.5725332533823043,-1.429983672793248,1.3227405186395047,9.757234865848119e-05,0.0,-0.00011625534953446648,-8.957245226581811e-05,0.00014796561388752405,-7.283681686365284e-05,-5.6354268034963795e-05,0.00010271959528673769
217,0.004232551811938971,0.004232551586292241,1.3821981698639574e-06,4.3237513520219135,1.867966388351305,1.7776171593963914,3.6861191172803554,-1.0,0.28440425740832864,-0.6157014641909332,-0.8885185985817522,-0.5726045774294605,-1.4300388536477717,1.3228410952262846,9.555305612218845e-05,0.0,-0.0001138317572195735,-8.771391712691923e-05,0.00014490118612187075,-7.132404715615159e-05,-5.518085452371757e-05,0.0001005765867798658
218,0.004145337721460539,0.004145337500425375,1.353465178950603e-06,4.323751364918853,1.8678791742801073,1.777617208321915,3.6862126936534505,-1.0,0.284292797378842,-0.6157873589895698,-0.8883766970629315,-0.572674420852531,-1.4300928861416982,1.3229395747302641,9.357637309514999e-05,0.0,-0.00011146002948664302,-8.589479863663207e-05,0.00014190151882065294,-6.984342307048141e-05,-5.403249392643694e-05,9.847950397956495e-05
219,0.004059948976245177,0.0040599487597272575,1.325784708233884e-06,4.32375137749945,1.8677937855537596,1.7776172562140868,3.6863043350209383,-1.0,0.2841836583767781,-0.6158714732157966,-0.8882377318719419,-0.5727428150845308,-1.430145794767924,1.3230360020435095,9.164136748784912e-05,0.0,-0.00010913900206388494,-8.411422622678355e-05,0.00013896519098965943,-6.839423199989092e-05,-5.2908626225756095e-05,9.64273132453286e-05
220,0.0039763462254270715,0.0039763460133334805,1.2983692235227523e-06,4.323751389772493,1.8677101828214049,1.7776173030955762,3.686394082149855,-1.0,0.28407679083777104,-0.6159538445657468,-0.8881016410570184,-0.5728097908628595,-1.4301976034728576,1.3231304210497035,8.974712891651748e-05,0.0,-0.00010686753900707169,-8.237134995014994e-05,0.00013609081492349517,-6.697577832870394e-05,-5.180870493370904e-05,9.441900619400201e-05
221,0.0038944910129692094,0.003894490805209153,1.27193435030429e-06,4.3237514017464855,1.8676283276270154,1.7776173489885205,3.686481974917999,-1.0,0.28397214630584705,-0.616034509905684,-0.8879683640216757,-0.5728753782458398,-1.4302483356695823,1.3232228746487085,8.789276814402669e-05,0.0,-0.00010464453192399192,-8.06653399372248e-05,0.00013327703534271595,-6.55873829802367e-05,-5.073219672468987e-05,9.24535990050046e-05
222,0.0038143457554521963,0.003814345551936433,1.2458297590064902e-06,4.323751413429655,1.8675481823871802,1.7776173939145397,3.6865680523345414,-1.0,0.2838696774066247,-0.6161135052915528,-0.8878378414931201,-0.5729396066288173,-1.4302980142506623,1.3233134047804538,8.607741654254042e-05,0.0,-0.00010246889922232993,-7.899538586886301e-05,0.00013052252855560997,-6.422838297748257e-05,-4.967858107995937e-05,9.053013174531443e-05
223,0.0037358737204799776,0.003735873521120914,1.2204405802157247e-06,4.323751424829969,1.867469710369512,1.7776174378947485,3.6866523525601087,-1.0,0.2837693378212421,-0.6161908659880175,-0.8877100154914743,-0.5730025047598354,-1.4303466616006058,1.3234020524481713,8.430022556726868e-05,0.0,-0.0001003395853826361,-7.736069646469002e-05,0.00012782600164573665,-6.28981310181187e-05,-4.864734994347586e-05,8.864766771754518e-05
224,0.0036590390056938688,0.0036590388104061774,1.1954409551699623e-06,4.323751435955139,1.8673928756716607,1.77761748094977,3.6867349129263536,-1.0,0.28367108226098936,-0.6162666264870054,-0.8875848292997927,-0.5730641007548969,-1.4303942996079946,1.3234888577409993,8.256036624487706e-05,0.0,-9.825556025272464e-05,-7.576049898783133e-05,0.0001251861916816699,-6.159599506150304e-05,-4.7638007388828285e-05,8.68052928280072e-05
225,0.0035838065183725998,0.003583806327072777,1.170855836901922e-06,4.323751446812635,1.8673176432009135,1.7776175230997482,3.6868157699550346,-1.0,0.2835748664426238,-0.6163408205257681,-0.8874622274348406,-0.5731244221128262,-1.4304409496772896,1.3235738598559734,8.085702868099176e-05,0.0,-9.62158183655526e-05,-7.419403876274266e-05,0.00012260186495205438,-6.0321357929327135e-05,-4.665006929505111e-05,8.50021149740865e-05
226,0.0035101419555969575,0.0035101417682029874,1.1469055059489555e-06,4.3237514574096885,1.867243978654359,1.7776175643643615,3.686894959376613,-1.0,0.28348064706434684,-0.6164134811044771,-0.8873421556186195,-0.5731834957297431,-1.4304866327403238,1.3236570971194246,7.918942157836284e-05,0.0,-9.42193782769718e-05,-7.266057870902731e-05,0.00012007181622109009,-5.907361691692703e-05,-4.568306303420755e-05,8.323726345116356e-05
227,0.003438011784959466,0.003438011601391341,1.1234329238517139e-06,4.323751467753311,1.867171848499598,1.777617604762832,3.6869725161483813,-1.0,0.28338838178242226,-0.6164846405033649,-0.8872245607506134,-0.5732413479131606,-1.4305313692674908,1.3237386070078037,7.755677176835007e-05,0.0,-9.226528192457506e-05,-7.115939888779899e-05,0.00011759486800611008,-5.785218341747278e-05,-4.473652716696641e-05,8.150988837907214e-05
228,0.0033673832258117545,0.0033673830459905155,1.1002668703779973e-06,4.323751477850289,1.867101219955989,1.7776176443139409,3.6870484744721383,-1.0,0.2832980291884158,-0.616554330299427,-0.8871093908807366,-0.5732980043957174,-1.4305751792786383,1.3238184261679484,7.59583237570638e-05,0.0,-9.035259400647089e-05,-6.968979606203352e-05,0.00011516986987680777,-5.66564825568161e-05,-4.3810011147504824e-05,7.981916014476731e-05
229,0.0032982242310187065,0.0032982240548676983,1.0776331860879313e-06,4.3237514877072,1.8670320609764053,1.7776176830360355,3.687122867811425,-1.0,0.283209548787038,-0.6166225813826967,-0.8869965951829635,-0.5733534903485562,-1.4306180823536774,1.3238965904368103,7.439333928660474e-05,0.0,-8.848040137776625e-05,-6.82510832696881e-05,0.00011279569777311593,-5.548595283877411e-05,-4.2903075039069094e-05,7.816426886186889e-05
230,0.003230503469213256,0.003230503296656777,1.0557764520596966e-06,4.323751497330426,1.8669643402294862,1.7776177209470438,3.6871957289083293,-1.0,0.2831229009745709,-0.6166894239721059,-0.8868861239296195,-0.5734078303943576,-1.4306600976429131,1.323973134860659,7.286109690429754e-05,0.0,-8.664781246714437e-05,-6.684258940925503e-05,0.0001104712533439578,-5.434004580140428e-05,-4.201528923575282e-05,7.654442384863458e-05
231,0.0031641903075305044,0.0031641901384954854,1.0341019375859646e-06,4.323751506726141,1.8668980270823752,1.7776177580644823,3.6872670897998727,-1.0,0.2830380470178604,-0.6167548876309428,-0.8867779284663155,-0.5734610486200411,-1.4307012438771072,1.32404809371378,7.136089154347047e-05,0.0,-8.485395671048446e-05,-6.546365883686178e-05,0.00010819546330398389,-5.3218225683493436e-05,-4.114623419404495e-05,7.495885312103212e-05
232,0.0030992547948154262,0.0030992546292288262,1.0130598027577554e-06,4.323751515900341,1.8668330915839226,1.7776177944054692,3.687336981833999,-1.0,0.28295494903386076,-0.6168190012819186,-0.886671961187507,-0.5735131685891419,-1.4307415393772784,1.3241215005166793,6.989203412643974e-05,0.0,-8.309798399963597e-05,-6.411365097580557e-05,0.00010596727880851642,-5.211996910081673e-05,-4.029550017126127e-05,7.34068028993562e-05
233,0.0030356676452703577,0.003035667483062148,9.92466557344639e-07,4.323751524858836,1.8667695044483392,1.7776178299867311,3.687405435685159,-1.0,0.2828735699697088,-0.616881793221855,-0.8865681755126602,-0.5735642133538725,-1.430781002064253,1.3241933880538126,6.845385115994418e-05,0.0,-8.137906415195406e-05,-6.279193993641297e-05,0.00010378567484681245,-5.104476473061226e-05,-3.9462686974633954e-05,7.1887537133275e-05
234,0.002973400222554951,0.002973400063655198,9.718938981962781e-07,4.323751533607264,1.8667072370392899,1.7776178648246153,3.68747248136952,-1.0,0.28279387358331787,-0.6169432911360032,-0.8864665258630088,-0.5736142054668792,-1.4308196494679655,1.3242637883908503,6.704568436077807e-05,0.0,-7.969638639093723e-05,-6.149791414822303e-05,0.0001016496496514252,-4.99921130067138e-05,-3.864740371239961e-05,7.040033703775705e-05
235,0.0029124245242982336,0.002912424368639614,9.520431068518096e-07,4.3237515421510855,1.8666462613544113,1.7776178989350977,3.6875381482597986,-1.0,0.28271582442447213,-0.6170035221120033,-0.886366967638884,-0.5736631669927025,-1.4308574987365235,1.3243327328914956,6.566689027875938e-05,0.0,-7.804915884573882e-05,-6.0230976000053005e-05,9.955822412477389e-05,-4.896152582323232e-05,-3.784926855798787e-05,6.894450064520719e-05
236,0.002852713167032161,0.0028527130145478623,9.324841408230413e-07,4.323751550495609,1.8665865500102408,1.7776179323337942,3.687602465099736,-1.0,0.282639387816409,-0.6170625126534968,-0.8862694571976026,-0.5737111195189484,-1.430894566645041,1.3244002522338645,6.431683993746162e-05,0.0,-7.643660806311292e-05,-5.8990541493497695e-05,9.751044128136765e-05,-4.7952526245897964e-05,-3.7067908517540715e-05,6.751934236892687e-05
237,0.002794239371516342,0.0027942392221414216,9.137219021771207e-07,4.3237515586459745,1.8665280762275447,1.7776179650359663,3.687665460018215,-1.0,0.2825645298378729,-0.6171202886934004,-0.8861739518318971,-0.5737580841671804,-1.4309308696042455,1.3244663764264464,6.299491847894245e-05,0.0,-7.485797853612475e-05,-5.7776039903645326e-05,9.550536570557266e-05,-4.696464823206181e-05,-3.630295920453719e-05,6.612419258189561e-05
238,0.0027369769484556043,0.002736976802126199,8.94814419508155e-07,4.32375156660718,1.8664708138170336,1.7776179970565318,3.6877271605430395,-1.0,0.2824912173056289,-0.6171768756068511,-0.8860804097488728,-0.5738040816035391,-1.4309664236688684,1.3245311348236524,6.170052482445954e-05,0.0,-7.331253224396317e-05,-5.658691345067357e-05,9.354208302425615e-05,-4.5997436358691246e-05,-3.555406462285582e-05,6.475839720598842e-05
239,0.0026809002845896023,0.002680900141243214,8.765125971945055e-07,4.323751574384069,1.8664147371654531,1.7776180284100749,3.687787593614377,-1.0,0.2824194177574212,-0.6172322982238306,-0.885988790049479,-0.573849132049098,-1.4310012445458224,1.3245945561409664,6.043307133740683e-05,0.0,-7.179954820774048e-05,-5.54226169795502e-05,9.161969939386339e-05,-4.505044555891402e-05,-3.482087695405589e-05,6.342131731407186e-05
240,0.0026259843291468925,0.002625984188722762,8.58855155169368e-07,4.323751581981345,1.866359821222038,1.7776180591108492,3.687846785597879,-1.0,0.2823490994353646,-0.6172865808414812,-0.8858990527084774,-0.573893255289962,-1.4310353476021738,1.3246566684697094,5.919198350223809e-05,0.0,-7.031832205656174e-05,-5.428261765061393e-05,8.973734100159447e-05,-4.412324086400243e-05,-3.410305635132005e-05,6.211232874298034e-05
241,0.002572204580654602,0.00257220444309274,8.413549788888406e-07,4.323751589403574,1.8663060414853205,1.7776180891727915,3.687904762297487,-1.0,0.2822802312697559,-0.6173397472361168,-0.8858111585548966,-0.573936470687117,-1.4310687478729132,1.3247174992914286,5.797669960783125e-05,0.0,-6.886816560874864e-05,-5.316639463559536e-05,8.7894153580792e-05,-4.321539715490541e-05,-3.340027073939211e-05,6.0830821719148886e-05
242,0.002519537074085257,0.002519536939326926,8.240220882117082e-07,4.323751596655193,1.8662533739902787,1.7776181186095261,3.6879615489679263,-1.0,0.28221278286329293,-0.6173918206749426,-0.8857250692529585,-0.5739787971860353,-1.4311014600685346,1.3247770754919221,5.678667043929053e-05,0.0,-6.744840646294437e-05,-5.207343882573934e-05,8.608930193809705e-05,-4.232649891833251e-05,-3.2712195621398266e-05,5.957620049357182e-05
243,0.002467958368341477,0.0024679582363294336,8.068672639537604e-07,4.32375160374051,1.8662017952958208,1.7776181474343729,3.6880171703269053,-1.0,0.2821467244756903,-0.6174428239274872,-0.8856407472834641,-0.5740202533260476,-1.431133498582423,1.324835423374911,5.562135897907439e-05,0.0,-6.605838760265215e-05,-5.100325254459026e-05,8.432196949437198e-05,-4.145614001227482e-05,-3.203851388833279e-05,5.834788298875182e-05
244,0.0024174455340607746,0.0024174454047389054,7.907449699295727e-07,4.323751610663702,1.8661512824725894,1.777618175660356,3.6880716505670237,-1.0,0.28208202700867985,-0.6174927792767583,-0.8855581559256261,-0.5740608572494825,-1.43116487749806,1.324892568675365,5.448024011833752e-05,0.0,-6.469746701043277e-05,-4.9955349271102456e-05,8.259135783794669e-05,-4.060392343496755e-05,-3.137891563720352e-05,5.714530045408672e-05
245,0.0023679761417331373,0.002367976015046018,7.742870483855548e-07,4.323751617428838,1.8661018130910794,1.7776182033002088,3.688125013367395,-1.0,0.2820186619913861,-0.6175417085301272,-0.8854772592393365,-0.5741006267105857,-1.4311956105960508,1.324948536572497,5.3362800371381525e-05,0.0,-6.336501729375943e-05,-4.892925336896781e-05,8.08966862896332e-05,-3.976946110317847e-05,-3.073309799073165e-05,5.596789713191441e-05
246,0.0023195282501231903,0.002319528126016962,7.586432731961108e-07,4.32375162403986,1.8660533652100606,1.7776182303663832,3.688177281904995,-1.0,0.2819566015660638,-0.6175896330299506,-0.8853980220478571,-0.5741395790842203,-1.431225711360977,1.3250033517024304,5.2268537599875486e-05,0.0,-6.206042532230782e-05,-4.792449982338187e-05,7.923719147939767e-05,-3.895237363460424e-05,-3.010076492615532e-05,5.4815129933549755e-05
247,0.002272080394987872,0.0022720802734097966,7.432677694165833e-07,4.323751630500608,1.866005917365295,1.7776182568710541,3.688228478865741,-1.0,0.2818958184741903,-0.6176365736639363,-0.8853204099209232,-0.5741777313743577,-1.4312551929880821,1.3250570381705544,5.1196960745958364e-05,0.0,-6.078309187346198e-05,-4.694063398569259e-05,7.76121269339125e-05,-3.815229013737209e-05,-2.948162710514346e-05,5.368646812398126e-05
248,0.00222561157807882,0.002225611458977247,7.281775309366516e-07,4.323751636814806,1.865959448558539,1.777618282826128,3.6882786264553094,-1.0,0.28183628604290045,-0.6176825508752605,-0.8852443891582474,-0.5742151002223613,-1.431284068389792,1.3251096195635697,5.014758956845e-05,0.0,-5.953243128986596e-05,-4.597721132415522e-05,7.602076267576585e-05,-3.736884800364937e-05,-2.8875401709926862e-05,5.258139301522746e-05
249,0.0021801012564267707,0.0021801011397508275,7.130793401006253e-07,4.323751642986081,1.8659139382468275,1.777618308243247,3.6883277464097004,-1.0,0.2817779781717556,-0.617727584672442,-0.8851699267734148,-0.5742517019150724,-1.4313123502020775,1.3251611189612382,4.9119954391052545e-05,0.0,-5.8307871144858137e-05,-4.5033797181570634e-05,7.44623848326631e-05,-3.660169271102465e-05,-2.828181228542448e-05,5.149939766857514e-05
250,0.0021355293318905326,0.0021355292175911987,6.98290736309303e-07,4.32375164901795,1.865869366332025,1.7776183331337987,3.688375860005551,-1.0,0.28172086931983725,-0.6177716946389813,-0.8850969904781575,-0.5742875523927006,-1.4313400507906595,1.3252115589478428,4.811359585055186e-05,0.0,-5.7108851918341585e-05,-4.410996653925192e-05,7.293629525728651e-05,-3.585047762821869e-05,-2.7700588582035834e-05,5.043998660458904e-05
251,0.0020918761409768104,0.0020918760290049784,6.841564347296489e-07,4.323751654913839,1.8658257131506413,1.7776183575089182,3.68842298807021,-1.0,0.28166493449315716,-0.6178148999427695,-0.8850255486670008,-0.5743226672565253,-1.4313671822570662,1.3252609616233655,4.712806465922981e-05,0.0,-5.5934826680092975e-05,-4.3205303788207416e-05,7.144181115670278e-05,-3.511486382468121e-05,-2.7131466406649096e-05,4.9402675522669526e-05
252,0.0020491224449029027,0.0020491223352111284,6.700553642486792e-07,4.323751660677077,1.8657829594638988,1.7776183813794968,3.688469150991577,-1.0,0.281610149232373,-0.6178572193452746,-0.8849555704022691,-0.5743570617764132,-1.4313937564445414,1.3253093486143916,4.616292136683242e-05,0.0,-5.478526078417367e-05,-4.231940250509769e-05,6.997826473165158e-05,-3.439451988795916e-05,-2.657418747520346e-05,4.83869910261614e-05
253,0.002007249419921297,0.0020072493124626955,6.566662948289841e-07,4.3237516663108995,1.865741086448054,1.7776184047561863,3.6885143687277093,-1.0,0.28155648960080387,-0.617898671210509,-0.8848870253994437,-0.574390750898157,-1.4314197849438117,1.3253567410847489,4.521773613230806e-05,0.0,-5.365963156911402e-05,-4.14518652344098e-05,6.8545002825382e-05,-3.3689121743840644e-05,-2.602849927035855e-05,4.73924703572326e-05
254,0.0019662386478748253,0.00196623854260414,6.429984870669779e-07,4.323751671818456,1.8657000756849542,1.7776184276494063,3.688558660816209,-1.0,0.28150393217273567,-0.6179392735137864,-0.8848198840128625,-0.574423749250639,-1.4314452790987133,1.3254031597458862,4.429208849954236e-05,0.0,-5.255742806820063e-05,-4.0602303277403884e-05,6.714138658125979e-05,-3.299835248193883e-05,-2.5494154901606336e-05,4.6418661137304085e-05
255,0.0019260721069885877,0.0019260720038611475,6.300918612440325e-07,4.323751677202805,1.8656599091528285,1.7776184500693466,3.688602046383389,-1.0,0.28145245402200914,-0.6179790438502718,-0.8847541172217532,-0.5744560711528249,-1.4314702500116856,1.3254486248670014,4.338556718019859e-05,0.0,-5.1478150726536054e-05,-3.9770336485389635e-05,6.576679110925632e-05,-3.232190218593889e-05,-2.497091297226639e-05,4.546512111525125e-05
256,0.0018867321628942074,0.0018867320618658023,6.172750943067165e-07,4.323751682466927,1.865620569217312,1.777618472025976,3.6886445441532314,-1.0,0.28140203271088304,-0.6180179994433301,-0.884689696616592,-0.5744877306205938,-1.4314947085491312,1.3254931562849244,4.249776984233122e-05,0.0,-5.042131112609205e-05,-3.895559305833185e-05,6.44206051612084e-05,-3.1659467768840877e-05,-2.445853744559301e-05,4.45314179229328e-05
257,0.0018482015598664829,0.0018482014608944865,6.049210766012891e-07,4.323751687613725,1.865582038622684,1.7776184935290453,3.6886861724561335,-1.0,0.28135264627916456,-0.6180561571526799,-0.8846265943857775,-0.574518741373405,-1.4315186653466498,1.325536773413761,4.162830290210806e-05,0.0,-4.9386431718478896e-05,-3.815770934978424e-05,6.310223081451571e-05,-3.101075281120025e-05,-2.3956797518653872e-05,4.361712883671487e-05
258,0.0018104634122834366,0.0018104633153253789,5.923094425902391e-07,4.32375169264601,1.8655443004833256,1.7776185145880923,3.688726949237456,-1.0,0.2813042732336001,-0.6180935334823563,-0.8845647833026143,-0.5745491168408094,-1.431542130814147,1.325579495254306,4.0776781322637845e-05,0.0,-4.837304556448707e-05,-3.7376329676375164e-05,6.181108316316575e-05,-3.0375467404475387e-05,-2.346546749709688e-05,4.2721840544990286e-05
259,0.0017735011962891126,0.001773501101304449,5.809542146211327e-07,4.323751697566532,1.8655073382753857,1.777618535212449,3.688766892065875,-1.0,0.28125689253752006,-0.6181301445884877,-0.8845042367125969,-0.5745788701688086,-1.4315651151408202,1.3256213404032295,3.9942828419015086e-05,0.0,-4.738069608001272e-05,-3.661110613140117e-05,6.054659001741847e-05,-2.9753327999149093e-05,-2.298432667324768e-05,4.1845148923469466e-05
260,0.0017372987416658285,0.0017372986486141868,5.685920723777763e-07,4.323751702377959,1.8654711358286495,1.7776185554112427,3.6888060181415385,-1.0,0.28121048360072937,-0.6181660062868922,-0.8844449285209861,-0.5746080142260631,-1.4315876283000297,1.3256623270620442,3.91260756633649e-05,0.0,-4.640893679069835e-05,-3.58616984045268e-05,5.930819161081846e-05,-2.914405725451541e-05,-2.2513159209536227e-05,4.09866588146901e-05
261,0.001701840223899272,0.0017018401327408325,5.567533282121911e-07,4.32375170708289,1.865435677318606,1.7776185751934042,3.6888443443040417,-1.0,0.28116502626963896,-0.6182011340604974,-0.8843868331806715,-0.5746365616099586,-1.4316096800540512,1.3257024730458589,3.8326162503210526e-05,0.0,-4.545733109040384e-05,-3.512777360514807e-05,5.809534031464558e-05,-2.8547383895460854e-05,-2.2051754021479297e-05,4.01459838146323e-05
262,0.0016671101564362857,0.0016671100671327899,5.454720621622608e-07,4.323751711683856,1.8654009472587063,1.7776185945676704,3.6888818870402154,-1.0,0.28112050081763035,-0.6182355430665878,-0.8843299256803123,-0.5746645246525286,-1.4316312799587194,1.3257417957919235,3.754273617362358e-05,0.0,-4.4525452008614685e-05,-3.440900609041897e-05,5.690750035913794e-05,-2.79630425700228e-05,-2.159990466821249e-05,3.9322746064662795e-05
263,0.0016330933831353335,0.00163309329564889,5.343681894851124e-07,4.32375171618332,1.8653669304928118,1.7776186135425889,3.68891866249174,-1.0,0.28107688793564845,-0.6182692481438864,-0.8842741815327498,-0.574691915426241,-1.4316524373679602,1.3257803123679726,3.677545152447337e-05,0.0,-4.361288198190261e-05,-3.3705077298606945e-05,5.574414756248647e-05,-2.739077371238796e-05,-2.1157409240801783e-05,3.851657604903025e-05
264,0.0015997750708900715,0.0015997749851836202,5.234529993012695e-07,4.3237517205836795,1.8653336121878195,1.777618632126523,3.688954686462584,-1.0,0.2810341687230155,-0.6183022638194716,-0.8842195767636839,-0.5747187457496498,-1.4316731614382183,1.3258180394803694,3.6023970844123454e-05,0.0,-4.2719212632935655e-05,-3.3015675585224e-05,5.46047690659357e-05,-2.6830323408777446e-05,-2.0724070258104632e-05,3.772711239680149e-05
265,0.001567140702441273,0.0015671406184779848,5.127385417844487e-07,4.3237517248872726,1.8653009778264729,1.7776186503276545,3.6889899744262773,-1.0,0.2809923246784617,-0.6183346043155353,-0.884166087900608,-0.5747450271929168,-1.4316934611327807,1.3258549934820605,3.5287963693342306e-05,0.0,-4.184404455381818e-05,-3.23404960637097e-05,5.348886307587897e-05,-2.6281443266995552e-05,-2.0299694562408988e-05,3.695400169112517e-05
266,0.0015351760693484333,0.0015351759870931242,5.026795802543514e-07,4.323751729096372,1.8652690132003356,1.7776186681539912,3.6890245415330143,-1.0,0.2809513376913647,-0.6183662835559863,-0.8841136919619959,-0.574770771083206,-1.4317133452259994,1.3258911903803416,3.456710673699348e-05,0.0,-4.098698709698034e-05,-3.1679240450999124e-05,5.2395938612170845e-05,-2.5743890289198212e-05,-1.9884093218625054e-05,3.619689828116002e-05
267,0.0015038672651418498,0.001503867184559129,4.924151790695927e-07,4.323751733213191,1.86523770440294,1.7776186856133658,3.689058402616601,-1.0,0.2809111900331958,-0.6183973151729029,-0.8840623664467333,-0.5747959885099525,-1.4317328223074155,1.325926645844441,3.3861083586828045e-05,0.0,-4.014765816889865e-05,-3.1031616916532556e-05,5.132551526254581e-05,-2.521742674654881e-05,-1.9477081416141573e-05,3.545546409933209e-05
268,0.0014732006786259257,0.0014732005996828332,4.814712530792852e-07,4.323751737239889,1.8652070378230954,1.7776187027134442,3.6890915722012445,-1.0,0.2808718643491642,-0.6184277125128367,-0.8840120893237897,-0.5748206903300133,-1.4317519007857888,1.3259613752129267,3.3169584643388816e-05,0.0,-3.932568403158809e-05,-3.0397339933818657e-05,5.0277122943587216e-05,-2.4701820060757385e-05,-1.907847837334664e-05,3.472936848569752e-05
269,0.0014431629873567968,0.0014431629100190382,4.721575831697883e-07,4.32375174117857,1.8651770001383587,1.7776187194617272,3.6891240645081873,-1.0,0.28083334365005636,-0.6184574886429747,-0.8839628390221231,-0.5748448871726968,-1.431770588893033,1.3259953935009399,3.249230694279959e-05,0.0,-3.852069910786904e-05,-2.977613013799285e-05,4.9250301666581286e-05,-2.419684268351041e-05,-1.8688107244146934e-05,3.40182880131934e-05
270,0.0014137411512570883,0.001413741075492056,4.631361445164738e-07,4.32375174503128,1.8651475783086566,1.777618735865555,3.689155893462195,-1.0,0.2807956113042642,-0.6184866563571588,-0.8839145944208121,-0.5748685894446806,-1.4317888946880604,1.3260287154072603,3.182895400755115e-05,0.0,-3.7732345792129696e-05,-2.916771418415287e-05,4.824460131103159e-05,-2.3702271983783163e-05,-1.8305795027373506e-05,3.332190632043819e-05
271,0.0013849224063935547,0.0013849223321693578,4.534460322470388e-07,4.323751748800014,1.8651187595700587,1.77761875193211,3.689187072697897,-1.0,0.2807586510299989,-0.6185152281817715,-0.8838673348394112,-0.5748918073348143,-1.4318068260605379,1.3260613553212075,3.117923570217229e-05,0.0,-3.696027426530746e-05,-2.85718246126887e-05,4.72595814009491e-05,-2.3217890133708785e-05,-1.7931372477519858e-05,3.2639913947196675e-05
272,0.001356694258900023,0.0013566941861846542,4.440446026847202e-07,4.323751752486715,1.8650905314287007,1.7776187676684208,3.689217615565987,-1.0,0.2807224468876837,-0.6185432163814857,-0.8838210400285218,-0.5749145508188149,-1.431824390734557,1.3260933273293813,3.054286808978901e-05,0.0,-3.6204142315199306e-05,-2.7988199714168438e-05,4.629481088935794e-05,-2.2743484000664616e-05,-1.7564674019032722e-05,3.1972008173841715e-05
273,0.0013290444790372666,0.0013290444078006424,4.3495057580848155e-07,4.323751756093281,1.8650628816548476,1.7776187830813661,3.689247535139282,-1.0,0.2806869832725224,-0.6185706329648857,-0.8837756901605758,-0.5749368296638556,-1.431841596272219,1.3261246452222477,2.9919573295345003e-05,0.0,-3.5463615161324125e-05,-2.7416583399997307e-05,4.5349867946020694e-05,-2.2278845040690776e-05,-1.7205537662157155e-05,3.13178928663671e-05
274,0.0013019610954013142,0.0013019610256131994,4.2618363040909765e-07,4.3237517596215564,1.865035798277097,1.7776187981776779,3.689276844218649,-1.0,0.28065224490723856,-0.6185974896899615,-0.8837312658208245,-0.5749586534330489,-1.4318584500771399,1.3261553225005722,2.9309079367045854e-05,0.0,-3.4738365283837336e-05,-2.685672507585224e-05,4.4424339751270026e-05,-2.1823769193241027e-05,-1.6853804920780036e-05,3.067727832450906e-05
275,0.0012754323892588805,0.001275432320889464,4.172325134277374e-07,4.323751763073343,1.8650092695767184,1.7776188129639439,3.6893055553387986,-1.0,0.28061821683498206,-0.6186237980694793,-0.8836877479985294,-0.57498003148983,-1.4318749593978717,1.3261853723817045,2.871112014934951e-05,0.0,-3.402807225649784e-05,-2.6308379517780978e-05,4.3517822295058295e-05,-2.1378056781151678e-05,-1.650932073182787e-05,3.004988113231022e-05
276,0.00124944688901967,0.0012494468220402577,4.0862885715967964e-07,4.323751766450394,1.8649832840821243,1.7776188274466116,3.6893336807739465,-1.0,0.28058488441239643,-0.6186495693762305,-0.8836451180783498,-0.5750009730022411,-1.43189113133125,1.326214807805721,2.8125435147963174e-05,0.0,-3.3332422585630184e-05,-2.5771306751187772e-05,4.262992017967093e-05,-2.0941512411054575e-05,-1.6171933378217318e-05,2.943542401645516e-05
277,0.0012239933648364016,0.0012239932992184044,4.0094924113374354e-07,4.323751769754421,1.8649578305634695,1.7776188416319914,3.689361232543357,-1.0,0.2805522333028467,-0.6186748146481639,-0.8836033578319215,-0.5750214869471183,-1.431906972825662,1.3262436414414234,2.7551769410383287e-05,0.0,-3.265110954975281e-05,-2.5245271933371782e-05,4.176024642832399e-05,-2.0513944877231793e-05,-1.5841494412027757e-05,2.8833635702385507e-05
278,0.0011990608233314252,0.001199060759047169,3.925543985462062e-07,4.323751772987091,1.8649328980273792,1.7776188555262586,3.6893882224167553,-1.0,0.2805202494697998,-0.6186995446934023,-0.8835624494096233,-0.5750415821141852,-1.4319224906842425,1.3262718856922031,2.6989873398441944e-05,0.0,-3.1983833046866916e-05,-2.4730045238396947e-05,4.0908422298202574e-05,-2.009516706691361e-05,-1.551785858056043e-05,2.824425077974091e-05
279,0.0011746385024400498,0.0011746384394626024,3.845539063383347e-07,4.323751776150032,1.864908475711791,1.777618869135459,3.689414661919627,-1.0,0.28048891917035684,-0.6187237700951476,-0.883522375332526,-0.5750612671100542,-1.4319376915679969,1.32629955270177,2.6439502871511422e-05,0.0,-3.13302994429665e-05,-2.422540174529253e-05,4.0074077097274063e-05,-1.9684995869018174e-05,-1.5200883754395988e-05,2.7667009566911815e-05
280,0.0011507158663846737,0.0011507158046873418,3.769728732309816e-07,4.3237517792448275,1.8648845530809297,1.7776188824655086,3.6894405623383935,-1.0,0.2804582289489312,-0.6187475012164758,-0.8834831184845201,-0.5750805503621385,-1.431952581998853,1.3263266543597516,2.5900418766600097e-05,0.0,-3.069022142565547e-05,-2.373112132825206e-05,3.9256848005875256e-05,-1.9283252084223435e-05,-1.4890430856118186e-05,2.710165798158748e-05
281,0.0011272826007507634,0.001127282540307435,3.6863436927953517e-07,4.323751782273025,1.8648611198203828,1.7776188955221979,3.6894659347254803,-1.0,0.2804281656310707,-0.6187707482050259,-0.8834446621046171,-0.575099440122476,-1.4319671683626443,1.326353202307165,2.537238708688605e-05,0.0,-3.0063317860484773e-05,-2.3246988550051917e-05,3.845637990296247e-05,-1.8889760337592598e-05,-1.4586363791257995e-05,2.6547947413302353e-05
282,0.001104328607687179,0.0011043285484719568,3.6133395591325183e-07,4.3237517852361345,1.8648381658323012,1.777618908311195,3.689490789904269,-1.0,0.28039871631741903,-0.6187935209975836,-0.8834069897794212,-0.5751179444714691,-1.4319814569120266,1.3263792079417638,2.485517878847432e-05,0.0,-2.9449313651674913e-05,-2.277279255769038e-05,3.767232519591435e-05,-1.850434899308695e-05,-1.428854938234636e-05,2.6005634598869065e-05
283,0.0010818440012102418,0.001081843943198321,3.5388297101968464e-07,4.323751788135623,1.864815681230704,1.7776189208380482,3.689515138473941,-1.0,0.2803698683778134,-0.6188158293245639,-0.8833700854357669,-0.5751360713215399,-1.4319954537693291,1.3264046824232663,2.4348569672039133e-05,0.0,-2.8847939605614048e-05,-2.2308326980358117e-05,3.6904343654331484e-05,-1.8126850070743217e-05,-1.399685730252287e-05,2.5474481502474333e-05
284,0.0010598191026183876,0.0010598190457855015,3.4627169485754695e-07,4.323751790972931,1.8647936563368916,1.7776189331081875,3.689538990814218,-1.0,0.2803416094455156,-0.6188376827143948,-0.8833339333335187,-0.5751538284207045,-1.4320091649293405,1.3264296366784627,2.385234027713068e-05,0.0,-2.8258932297797745e-05,-2.185338983085039e-05,3.6152102248165896e-05,-1.7757099164628087e-05,-1.3711160011364854e-05,2.495425519644101e-05
285,0.0010382444360138286,0.0010382443803356163,3.397987559733222e-07,4.3237517937494525,1.864772081674968,1.7776189451269298,3.6895623570899945,-1.0,0.28031392741157185,-0.6188590904978024,-0.8832985180585295,-0.5751712233560686,-1.4320225962620337,1.3264540814062098,2.336627577648187e-05,0.0,-2.768203394376556e-05,-2.1407783407645375e-05,3.541527498918118e-05,-1.73949353641234e-05,-1.3431332693158993e-05,2.444472774709716e-05
286,0.001017110723918345,0.0010171106693714301,3.3253302580746263e-07,4.323751796466558,1.8647509479674573,1.7776189568994778,3.6895852472558706,-1.0,0.28028681041930037,-0.6188800618120035,-0.8832638245157525,-0.5751882635572446,-1.4320357535152288,1.3264780270823116,2.2890165876088275e-05,0.0,-2.71169922714809e-05,-2.097131420109033e-05,3.469354277707559e-05,-1.704020117598848e-05,-1.3157253195172913e-05,2.3945676101755353e-05
287,0.000996408882999339,0.0009964088295608866,3.2510495527493244e-07,4.3237517991255805,1.8647302461310291,1.7776189684309252,3.6896076710605867,-1.0,0.2802602468589013,-0.6189006056048039,-0.8832298379225051,-0.5752049562996941,-1.4320486423171983,1.3265014839642915,2.242380471617622e-05,0.0,-2.6563560399095465e-05,-2.054379280036489e-05,3.3986593247381514e-05,-1.6692742449531117e-05,-1.2888801969479502e-05,2.3456881979910804e-05
288,0.0009761300198834578,0.0009761299675306781,3.182017282256888e-07,4.323751801727815,1.8647099672723115,1.7776189797262583,3.689629638051359,-1.0,0.2802342253621877,-0.6189207306386075,-0.8831965438018801,-0.5752213087079955,-1.4320612681792122,1.3265244620960566,2.1966990772170902e-05,0.0,-2.6021496713546366e-05,-2.012503380366404e-05,3.329412062502701e-05,-1.6352408301334442e-05,-1.2625862013893041e-05,2.2978131765105658e-05
289,0.0009562654270736392,0.0009562653757846194,3.125693941623437e-07,4.323751804274537,1.8646901026838099,1.7776189907903588,3.6896511575781235,-1.0,0.2802087347974346,-0.6189404454943368,-0.8831639279763,-0.5752373277590407,-1.4320736364980275,1.3265469713124585,2.151952676454627e-05,0.0,-2.5490564753150036e-05,-1.971485572926923e-05,3.2615825580117885e-05,-1.601905104520185e-05,-1.2368318815347834e-05,2.250921640190029e-05
290,0.0009368065789510587,0.0009368065287039605,3.068336886461687e-07,4.323751806766979,1.8646706438399068,1.7776190016280047,3.689672238797685,-1.0,0.28018376426434133,-0.6189597585752677,-0.8831319765612132,-0.57525302028516,-1.4320857525583228,1.3265690212437513,2.1081219561569498e-05,0.0,-2.497053309324926e-05,-1.931308093094941e-05,3.195141508671728e-05,-1.5692526119326367e-05,-1.2116060295275233e-05,2.2049931292844605e-05
291,0.0009177451278720473,0.0009177450786456146,2.9950963321688554e-07,4.323751809206355,1.8646515823929606,1.7776190122438735,3.6896928906777777,-1.0,0.28015930308910764,-0.6189786781107799,-0.8831006759589268,-0.5752683929771799,-1.4320976215350787,1.3265906213199514,2.065188009270358e-05,0.0,-2.4461175233692067e-05,-1.891953551214076e-05,3.1300602286399304e-05,-1.5372692019899326e-05,-1.1868976755868843e-05,2.1600076200112284e-05
292,0.000899072900353231,0.0008990728521267686,2.950279395762593e-07,4.32375181159384,1.8646329101694898,1.777619022642545,3.689713122001035,-1.0,0.28013534081961766,-0.6189972121600249,-0.8830700128525737,-0.5752834523874125,-1.432109248495905,1.3266117807751,2.0231323257124956e-05,0.0,-2.3962269489974375e-05,-1.8534049245011452e-05,3.066310635313485e-05,-1.5059410232609594e-05,-1.162696082634973e-05,2.1159455148467288e-05
293,0.0008807818933374692,0.0008807818460905327,2.889442358861176e-07,4.3237518139305875,1.864614619166439,1.7776190328285022,3.6897329413688773,-1.0,0.2801118672207316,-0.6190153686155151,-0.883039974200211,-0.5752982049325801,-1.4321206384033174,1.3266325086514295,1.9819367842455193e-05,0.0,-2.347359888604794e-05,-1.8156455490192513e-05,3.00386523627294e-05,-1.4752545167584508e-05,-1.138990741234025e-05,2.0727876329562633e-05
294,0.0008628642705503778,0.0008628642242635224,2.827296549232355e-07,4.323751816217721,1.864596701547536,1.7776190428061351,3.689752357205313,-1.0,0.28008887226968127,-0.6190331552066329,-0.8830105472290463,-0.5753126568966751,-1.4321317961169628,1.3266528138034397,1.9415836435499045e-05,0.0,-2.299495105034799e-05,-1.7786591117840977e-05,2.9426971164703275e-05,-1.4451964094996939e-05,-1.1157713645459921e-05,2.0305152010235972e-05
295,0.000845312358934773,0.0008453123135882669,2.7637536810325784e-07,4.323751818456339,1.8645791496397246,1.77761905257974,3.689771377760655,-1.0,0.2800663461515671,-0.6190505795030653,-0.8829817194297896,-0.5753268144337578,-1.432142726395797,1.3266727049018823,1.90205553423084e-05,0.0,-2.2526118114152283e-05,-1.742429643236676e-05,2.8827799256614384e-05,-1.4157537082670757e-05,-1.093027883425357e-05,1.9891098442581523e-05
296,0.0008281186451640026,0.0008281186007379958,2.706930357901008e-07,4.3237518206475105,1.8645619559296793,1.7776190621535235,3.689790011115164,-1.0,0.2800442792549547,-0.6190676489181611,-0.8829534785511272,-0.5753406835706936,-1.432153433900214,1.3266921904376578,1.8633354508690303e-05,0.0,-2.2066896612438214e-05,-1.7069415095827267e-05,2.824087866248881e-05,-1.3869136935795723e-05,-1.070750441689583e-05,1.9485535775576324e-05
297,0.0008112757722345876,0.0008112757287109182,2.6488883546935366e-07,4.323751822792282,1.8645451130603996,1.7776190715316051,3.6898082651826036,-1.0,0.2800226621675685,-0.6190843707122174,-0.8829258125943144,-0.5753542702098302,-1.4321639231941274,1.3267112787256268,1.8254067439826827e-05,0.0,-2.1617087386183176e-05,-1.6721794056318018e-05,2.7665956812805703e-05,-1.3586639136642376e-05,-1.0489293913451547e-05,1.908828796892692e-05
298,0.0007947765361368123,0.000794776493497111,2.5981062314156804e-07,4.323751824891676,1.8645286138278767,1.7776190807180166,3.689826147713729,-1.0,0.28000148567208,-0.6191007519956945,-0.8828987098078864,-0.5753675801316152,-1.4321741987470085,1.3267299779083357,1.7882531125223977e-05,0.0,-2.1176495488495206e-05,-1.6381283477029385e-05,2.7102786427923853e-05,-1.3309921784943057e-05,-1.0275552881022776e-05,1.8699182708914464e-05
299,0.0007786138825954277,0.0007786138408220119,2.546311540996299e-07,4.3237518269466895,1.8645124511778373,1.7776190897167068,3.6898436662996916,-1.0,0.27998074074198837,-0.6191167997323591,-0.8828721586824825,-0.5753806189971594,-1.4321842649358776,1.3267482959596628,1.7518585962772448e-05,0.0,-2.0744930091631808e-05,-1.6047736664637213e-05,2.655112540395077e-05,-1.3038865544268141e-05,-1.006618886911781e-05,1.8318051327126383e-05
300,0.0007627809038864673,0.0007627808629609668,2.49344118396663e-07,4.323751828958297,1.8644966182025577,1.777619098531541,3.689860828375376,-1.0,0.27996041853759124,-0.6191325207423625,-0.8828461479457811,-0.5753933923507424,-1.432194126047253,1.3267662406883831,1.716207568458472e-05,0.0,-2.0322204397127397e-05,-1.5721010003355573e-05,2.6010736701387316e-05,-1.2773353582962166e-05,-9.861111375464304e-06,1.7944728720298286e-05
301,0.0007472708357202417,0.0007472707956259427,2.448510635667298e-07,4.3237518309274465,1.8644811081377513,1.7776191071663043,3.689877641222663,-1.0,0.279940510402044,-0.6191479217052493,-0.8828206665575455,-0.5754059056222643,-1.4322037862790575,1.3267838197416546,1.681284728682897e-05,0.0,-1.9908135547253014e-05,-1.5400962886880087e-05,2.5481388235548685e-05,-1.2513271521963354e-05,-9.66023180448694e-06,1.757905327148812e-05
302,0.0007320770541985939,0.0007320770149184079,2.3934808975769653e-07,4.32375183285507,1.8644659143595204,1.777619115624702,3.689894111973624,-1.0,0.27992100785750545,-0.6191630091629039,-0.8827957037047747,-0.575418164129645,-1.432213249742482,1.3268010406084283,1.647075096089523e-05,0.0,-1.9502544538529953e-05,-1.5087457654550107e-05,2.496285277087118e-05,-1.2258507380624728e-05,-9.463463424452812e-06,1.7220866773692833e-05
303,0.0007171930728361819,0.0007171930343537123,2.346637211445519e-07,4.323751834742073,1.8644510303813815,1.7776191239103625,3.6899102476136445,-1.0,0.27990190260136677,-0.6191777895224303,-0.8827712487969583,-0.5754301730811707,-1.4322225204638106,1.3268179106227849,1.613564002056478e-05,0.0,-1.910525613868508e-05,-1.4780359526400666e-05,2.4454907816329197e-05,-1.2008951525754874e-05,-9.270721328613618e-06,1.6870014356573648e-05
304,0.0007026125396487966,0.0007026125019478611,2.3084779657169732e-07,4.323751836589343,1.8644364498513517,1.7776191320268389,3.689926054984484,-1.0,0.2798831865025633,-0.6191922690589728,-0.8827472914614348,-0.5754419375777905,-1.4322316023862045,1.3268344369671967,1.5807370839393542e-05,0.0,-1.8716098803495118e-05,-1.4479536542544302e-05,2.3957335523516754e-05,-1.1764496619770526e-05,-9.081922393905373e-06,1.652634441184908e-05
305,0.0006883292343034353,0.0006883291973677951,2.2500259981366294e-07,4.323751838397745,1.864422166549099,1.7776191399776093,3.6899415407872684,-1.0,0.2798648515979667,-0.6192064539184742,-0.8827238215388472,-0.5754534626153631,-1.4322404993714477,1.32685062667572,1.5485802784542813e-05,0.0,-1.8334904596573054e-05,-1.4184859501331637e-05,2.34699225876156e-05,-1.1525037572623908e-05,-8.896985243200817e-06,1.6189708523350888e-05
306,0.0006743370653337534,0.0006743370291480594,2.200130084191774e-07,4.323751840168127,1.8644081743831589,1.7776191477660799,3.689956711585418,-1.0,0.27984689008885505,-0.6192203501203752,-0.8827008290786974,-0.575464753086855,-1.432249215201655,1.3268664866371174,1.5170798149721776e-05,0.0,-1.7961509111652507e-05,-1.3896201901064664e-05,2.2992460149806604e-05,-1.1290471491842702e-05,-8.715830207339792e-06,1.5859961397302058e-05
307,0.0006606300674175829,0.0006606300319667614,2.1696418193818725e-07,4.323751841901311,1.8643944673882105,1.777619155395586,3.6899715738075143,-1.0,0.27982929433745973,-0.6192339635602563,-0.8826783043349951,-0.5754758137844912,-1.4322577535809424,1.326882023597912,1.4862222096123645e-05,0.0,-1.7595751395316217e-05,-1.361343988104391e-05,2.2524743702345695e-05,-1.106069763623374e-05,-8.538379287381659e-06,1.5536960794593213e-05
308,0.0006472023987094142,0.0006472023639783694,2.1283115233608674e-07,4.323751843598105,1.8643810397224092,1.7776191628693934,3.689986133750105,-1.0,0.2798120568635878,-0.6192473000124218,-0.8826562377619993,-0.5754866494018606,-1.4322661181370622,1.326897244165375,1.4559942590697261e-05,0.0,-1.7237473871944964e-05,-1.3336452165502166e-05,2.2066572995749212e-05,-1.083561736936467e-05,-8.364556119744293e-06,1.5220567463058998e-05
309,0.0006340483382375078,0.0006340483042113496,2.0647654623614315e-07,4.323751845259298,1.8643678856647845,1.7776191701906996,3.6900003975804507,-1.0,0.2797951703413166,-0.6192603651324298,-0.8826346200100518,-0.575497264535975,-1.4322743124230022,1.3269121548104494,1.426383034575096e-05,0.0,-1.6886522271164495e-05,-1.3065120007982323e-05,2.161775194753357e-05,-1.0615134114488889e-05,-8.194285940010815e-06,1.4910645074417417e-05
310,0.0006211622833518722,0.0006211622500164284,2.021291846968317e-07,4.323751846885663,1.864354999612688,1.7776191773626362,3.690014371339211,-1.0,0.2797786275957605,-0.6192731644595673,-0.882613441921498,-0.575507663689285,-1.432282339918551,1.3269267618706098,1.39737587603328e-05,0.0,-1.6542745556125116e-05,-1.2799327137491545e-05,2.117808855373049e-05,-1.0399153309914588e-05,-8.02749554873472e-06,1.4607060160320984e-05
311,0.0006085387472326053,0.0006085387145739213,1.9768624248238833e-07,4.32375184847795,1.864342376079301,1.7776191843882694,3.690028060943073,-1.0,0.27976242159990683,-0.6192857034192725,-0.882592694526696,-0.5755178512716512,-1.4322902040318282,1.3269410715526604,1.3689603862054867e-05,0.0,-1.6205995853668664e-05,-1.2538959705210573e-05,2.0747394802067554e-05,-1.0187582366261161e-05,-7.86411327724501e-06,1.4309682050628325e-05
312,0.0005961723564514205,0.0005961723244561251,1.9542689693874154e-07,4.323751850036895,1.8643300096911966,1.777619191270601,3.690041472187328,-1.0,0.279746545471521,-0.6192979873255055,-0.8825723690401093,-0.5755278316022754,-1.432297908100784,1.3269550899354725,1.3411244254690757e-05,0.0,-1.5876128385827748e-05,-1.2283906232979369e-05,2.032548658670308e-05,-9.980330624159706e-06,-7.704068955893817e-06,1.4018382812119867e-05
313,0.0005840578485837701,0.0005840578172381164,1.8966081829902343e-07,4.32375185156322,1.8643178951859507,1.7776191980125724,3.690054610748388,-1.0,0.27973099247011746,-0.6193100213830679,-0.8825524568564835,-0.5755376089115883,-1.4323054553946641,1.326968822972663,1.3138561059999887e-05,0.0,-1.555300140354543e-05,-1.2034057562448908e-05,1.9912183625736546e-05,-9.777309312952731e-06,-7.547293880083572e-06,1.3733037190544195e-05
314,0.0005721900698772468,0.0005721900391676188,1.8730469182098736e-07,4.323751853057624,1.864306027409812,1.7776192046170618,3.690067482186254,-1.0,0.27971575599399623,-0.6193218106898741,-0.8825329495471043,-0.5755471873430984,-1.4323128491154449,1.3269822764952155,1.2871437866213142e-05,0.0,-1.5236476121227582e-05,-1.1789306806231359e-05,1.950730937927414e-05,-9.578431510059993e-06,-7.39372078073508e-06,1.3453522552442365e-05
315,0.000560563972964662,0.0005605639428781614,1.8250120749944311e-07,4.323751854520795,1.8642944013154148,1.777619211086889,3.690080091946929,-1.0,0.2797008295773434,-0.6193333602391726,-0.8825138388561337,-0.575556570955201,-1.4323200923992365,1.3269954562140431,1.2609760675186266e-05,0.0,-1.492641665284955e-05,-1.1549549298495165e-05,1.9110690970602917e-05,-9.383612102564776e-06,-7.2432837916469595e-06,1.3179718827638354e-05
316,0.0005491746146346821,0.0005491745851588648,1.8005141576520485e-07,4.323751855953404,1.864283011959549,1.7776192174248149,3.6900924453647805,-1.0,0.2796862068873932,-0.6193446749217215,-0.8824951166970254,-0.5755657637229479,-1.4323271883176576,1.3270083677224997,1.2353417851329596e-05,0.0,-1.462268995017224e-05,-1.1314682548890787e-05,1.8722159108253145e-05,-9.1927677469128e-06,-7.095918421073932e-06,1.2911508456614484e-05
317,0.0005380171536442827,0.0005380171247670773,1.7504900879369298e-07,4.323751857356108,1.8642718545009729,1.777619223633543,3.690104547664853,-1.0,0.27967188172165186,-0.6193557595279169,-0.882476775149015,-0.5755747695397807,-1.4323341398791785,1.3270210164988336,1.2102300072314165e-05,0.0,-1.432516574134679e-05,-1.108460619536622e-05,1.8341548010392117e-05,-9.005816832829971e-06,-6.951561520862626e-06,1.2648776333890055e-05
318,0.000527086848579445,0.0005270868202885326,1.7249341164216756e-07,4.323751858729548,1.8642609241982728,1.7776192297157218,3.690116403965131,-1.0,0.27965784800518007,-0.6193666187498764,-0.882458806453685,-0.5755835922192263,-1.4323409500304376,1.327033407908591,1.1856300278001441e-05,0.0,-1.4033716471795188e-05,-1.0859221959536036e-05,1.796869532999512e-05,-8.8226794455748e-06,-6.810151259140085e-06,1.2391409757395166e-05
319,0.0005163790557674585,0.0005163790280507959,1.6858739404357632e-07,4.323751860074348,1.8642502164077772,1.777619235673943,3.690128019278756,-1.0,0.279644099787934,-0.6193772571834785,-0.8824412030116023,-0.5755922354965566,-1.4323476216575286,1.3270455472069664,1.1615313625146229e-05,0.0,-1.37482172460901e-05,-1.0638433602050412e-05,1.7603442082680942e-05,-8.643277330300236e-06,-6.671627091003884e-06,1.2139298375402063e-05
320,0.0005058892272252484,0.0005058892000711256,1.6458870496134868e-07,4.323751861391125,1.864239726581504,1.7776192415107468,3.6901393985161963,-1.0,0.27963063124216364,-0.6193876793303583,-0.8824239573790266,-0.5756007030304131,-1.4323541575872598,1.3270574395411037,1.1379237440323209e-05,0.0,-1.3468545770334295e-05,-1.0422146879851546e-05,1.724563257576861e-05,-8.467533856526543e-06,-6.5359297312106435e-06,1.189233413723123e-05
321,0.0004956129086604196,0.0004956128820574076,1.6049041769309372e-07,4.323751862680476,1.864229450265162,1.7776192472286194,3.6901505464873687,-1.0,0.27961743665986577,-0.6193978895998614,-0.8824070622646886,-0.5756089984043969,-1.4323605605883885,1.3270690899523474,1.1147971172409399e-05,0.0,-1.3194582297870738e-05,-1.0210269503097003e-05,1.6895114338000283e-05,-8.295373983835397e-06,-6.403001128640895e-06,1.1650411243735448e-05
322,0.00048554573750998,0.0004855457114463894,1.576990670600291e-07,4.323751863942986,1.8642193830961884,1.7776192528299966,3.6901614679037182,-1.0,0.27960451045029205,-0.6194078923109563,-0.8823905105266361,-0.5756171251286251,-1.4323668333728268,1.3270805033784465,1.0921416349507496e-05,0.0,-1.292620957371593e-05,-1.0002711094858618e-05,1.6551738052483778e-05,-8.126724228119109e-06,-6.272784438321466e-06,1.1413426099116109e-05
323,0.00047568344102260143,0.0004756834154885461,1.5485740967710726e-07,4.32375186517923,1.8642095208018346,1.7776192583172623,3.690172167380253,-1.0,0.27959184713751006,-0.6194176916941063,-0.8823742951691462,-0.5756250866412534,-1.4323729785968229,1.3270916846557104,1.0699476534981045e-05,0.0,-1.2663312781990843e-05,-9.79938315004425e-06,1.621535748985714e-05,-7.961512628384959e-06,-6.145223996112392e-06,1.1181277263849765e-05
324,0.00046602183438687166,0.0004660218093706919,1.5196262340524166e-07,4.323751866389764,1.864199859197288,1.7776192636927535,3.6901826494375363,-1.0,0.2795794413580158,-0.6194272918931018,-0.8823584093397032,-0.5756328863099688,-1.4323789988621178,1.327102638521119,1.048205728304552e-05,0.0,-1.2405779494240043e-05,-9.600198995429743e-06,1.5885829443007538e-05,-7.799668715335883e-06,-6.020265294948146e-06,1.0953865408724894e-05
325,0.00045655681888943017,0.00045655679438122594,1.490116119384767e-07,4.3237518675751385,1.8641903941838376,1.7776192689587564,3.690192918503637,-1.0,0.2795672878583981,-0.6194366969668542,-0.8823428463260393,-0.5756405274334471,-1.4323848967170763,1.327113369614389,1.0269066100576651e-05,0.0,-1.2153499617750807e-05,-9.405073752466464e-06,1.556301366389956e-05,-7.641123478285827e-06,-5.897854958414328e-06,1.073109326998889e-05
326,0.000447284380122709,0.0004472843561115707,1.460009659995544e-07,4.323751868735886,1.8641811217470756,1.7776192741175119,3.6902029789160378,-1.0,0.2795553814930511,-0.6194459108911518,-0.8823275995532384,-0.5756480132427831,-1.4323906746577941,1.3271238824799947,1.0060412400925145e-05,0.0,-1.1906365346980863e-05,-9.213924297535314e-06,1.5246772800958652e-05,-7.4858093360719025e-06,-5.7779407178770725e-06,1.051286560560527e-05
327,0.00043820058622521716,0.0004382005627015743,1.429269171748377e-07,4.323751869872533,1.8641720379551425,1.7776192791712133,3.6902128349235066,-1.0,0.27954371722193727,-0.619454937560378,-0.8823126625808998,-0.5756553469028891,-1.4323963351291833,1.327134181569146,9.856007468833639e-06,0.0,-1.1664271113820401e-05,-9.026669226197548e-06,1.4936972338563947e-05,-7.333660105968143e-06,-5.6604713891683645e-06,1.0299089151288854e-05
328,0.0004293015861629493,0.0004293015631164454,1.3818768405162858e-07,4.323751870985589,1.8641631389570041,1.77761928412201,3.690222490687924,-1.0,0.27953229010839564,-0.6194637807891946,-0.8822980291003626,-0.5756625315138632,-1.4324018805260317,1.327144271241726,9.655764417360047e-06,0.0,-1.1427113541628842e-05,-8.843228816668436e-06,1.4633480537207255e-05,-7.184610974042549e-06,-5.545396848383177e-06,1.0089672580093634e-05
329,0.00042058360804287417,0.00042058358546409835,1.3978528260658483e-07,4.323751872075554,1.864154420980769,1.777619288972006,3.6902319502860763,-1.0,0.27952109531699876,-0.6194724443141891,-0.8822836929319873,-0.5756695701123299,-1.4324073131940425,1.3271541557681854,9.459598152350424e-06,0.0,-1.1194791396884618e-05,-8.663524994512173e-06,1.433616837531737e-05,-7.03859846673538e-06,-5.4326680107852354e-06,9.88452645933613e-06
330,0.0004120429574682124,0.00041204293534758145,1.332800374925012e-07,4.323751873142919,1.8641458803320408,1.7776192937232616,3.69024121771141,-1.0,0.2795101281114533,-0.6194809317954868,-0.8822696480224951,-0.5756764656727521,-1.4324126354308506,1.3271638393313978,9.267425333803203e-06,0.0,-1.0967205545442393e-05,-8.487481297669852e-06,1.4044909492194613e-05,-6.8955604222153966e-06,-5.322236808158465e-06,9.683563212403712e-06
331,0.0004036760159240509,0.0004036759942523673,1.2990531157078375e-07,4.3237518741881615,1.8641375133923055,1.7776192983777959,3.690250296875748,-1.0,0.279499383852546,-0.6194892468183295,-0.8822558884423627,-0.5756832211087156,-1.4324178494870181,1.327173326028476,9.079164337677526e-06,0.0,-1.074425890729147e-05,-8.315022842708686e-06,1.3759580132388649e-05,-6.755435963512468e-06,-5.2140561674907104e-06,9.486697078120443e-06
332,0.00039547923920119093,0.0003954792179693913,1.2818463544611084e-07,4.323751875211751,1.8641293166173547,1.7776193029375857,3.6902591916109713,-1.0,0.2794888579961331,-0.6194973928946215,-0.8822424083832715,-0.5756898392741862,-1.432422957567008,1.3271826198725483,8.894735223474726e-06,0.0,-1.0525856412924028e-05,-8.146076291959403e-06,1.3480059091186547e-05,-6.6181654705399495e-06,-5.108079989879499e-06,9.293844072333357e-06
333,0.0003874491558494234,0.0003874491350482897,1.264405455326822e-07,4.323751876214142,1.8641212865357386,1.777619307404567,3.6902679056706655,-1.0,0.2794785460911714,-0.6195053734644422,-0.8822292021556107,-0.5756963229647405,-1.4324279618301379,1.3271917247944998,8.714059694270304e-06,0.0,-1.0311904961701757e-05,-7.980569820764671e-06,1.3206227660766956e-05,-6.483690554337507e-06,-5.004263129881892e-06,9.104921951497147e-06
334,0.0003795823656675823,0.00037958234528816015,1.2287812309317777e-07,4.323751877195786,1.8641134197472569,1.777619311780636,3.6902764427317334,-1.0,0.2794684437777922,-0.619513191897528,-0.8822162641860322,-0.5757026749187713,-1.4324328643915138,1.3272006446446738,8.537061067848128e-06,0.0,-1.0102313379223293e-05,-7.818433085726717e-06,1.2937969578574737e-05,-6.351954030758833e-06,-4.902561375974557e-06,8.919850174038402e-06
335,0.00037187553822217866,0.00037187551825674804,1.2105760581248948e-07,4.323751878157118,1.8641057129214778,1.7776193160676508,3.690284806395972,-1.0,0.27945854678541443,-0.6195208514947216,-0.8822035890150564,-0.5757088978186674,-1.4324376673229438,1.3272093831945402,8.363664238508761e-06,0.0,-9.896992377744773e-06,-7.659597193621082e-06,1.2675170975806616e-05,-6.222899896157763e-06,-4.802931429903623e-06,8.738549866382783e-06
336,0.0003643254114025068,0.00036432539184182676,1.1920928955078133e-07,4.323751879098567,1.8640981627962896,1.7776193202674293,3.6902930001916174,-1.0,0.27944885093089894,-0.6195283554893933,-0.8821911712947291,-0.5757149942919682,-1.4324423726538322,1.3272179441383263,8.193795645539126e-06,0.0,-9.695854515490154e-06,-7.5039946717536665e-06,1.2417720327229098e-05,-6.096473300742922e-06,-4.705330888477022e-06,8.56094378609562e-06
337,0.00035692878999817284,0.0003569287708345519,1.1542389828584848e-07,4.323751880020554,1.864090766176484,1.7776193243817529,3.69030102757486,-1.0,0.2794393521167406,-0.6195357070488302,-0.8821790057863259,-0.5757209669124947,-1.4324469823720565,1.3272263310946149,8.027383242570352e-06,0.0,-9.498814158348523e-06,-7.3515594368744885e-06,1.216550840321684e-05,-5.972620526595307e-06,-4.609718224246606e-06,8.38695628857522e-06
338,0.00034968254431934386,0.00034968252554456927,1.1348386266624797e-07,4.323751880923487,1.8640835199323713,1.7776193284123676,3.690308891931324,-1.0,0.27943004632929896,-0.6195429092755973,-0.8821670873581056,-0.5757268182014574,-1.4324514984248236,1.3272345476079077,7.864356463826994e-06,0.0,-9.305787441626912e-06,-7.202226767089037e-06,1.1918428220347721e-05,-5.8512889626882725e-06,-4.516052767078449e-06,8.216513292857996e-06
339,0.00034258360882978946,0.0003425835904359953,1.1151007970493862e-07,4.323751881807769,1.864076420998416,1.7776193323609817,3.6903165965775173,-1.0,0.2794209296370661,-0.619549965208871,-0.8821554109831097,-0.5757325506285388,-1.4324559227195097,1.3272425971501567,7.704646193484876e-06,0.0,-9.116692232857826e-06,-7.05593327365861e-06,1.1676374995883698e-05,-5.732427081350799e-06,-4.4242946861672294e-06,8.049542248977914e-06
340,0.00033562898082338267,0.00033562896280314275,1.0950072449966577e-07,4.323751882673787,1.8640694663719128,1.7776193362292696,3.6903241447622546,-1.0,0.27941199818897083,-0.6195568778257429,-0.8821439717370085,-0.5757381666129557,-1.4324602571244822,1.327250483122262,7.548184737249386e-06,0.0,-8.93144809527291e-06,-6.912616871912469e-06,1.1439246101141443e-05,-5.615984416951214e-06,-4.33440497249471e-06,7.885972105325934e-06
341,0.00032881571912344215,0.0003288157014686716,1.0536712127723512e-07,4.32375188352193,1.864062653111685,1.7776193400188705,3.6903315396680467,-1.0,0.2794032482127185,-0.6195636500424981,-0.8821327647959917,-0.5757436685244984,-1.4324645034699035,1.32725820885554,7.394905792157402e-06,0.0,-8.749976252331315e-06,-6.772216755268623e-06,1.1206941016861371e-05,-5.501911542693527e-06,-4.246345421288211e-06,7.725733278007851e-06
342,0.0003221409428055511,0.00032214092550861034,1.0323827311807144e-07,4.32375188435257,1.8640559783368091,1.7776193437313903,3.6903387844124613,-1.0,0.27939467601316553,-0.6195702847158658,-0.8821217854347024,-0.5757490586845475,-1.43246866354852,1.3272657776131591,7.244744414602877e-06,0.0,-8.572199552969728e-06,-6.6346733677002945e-06,1.0979361289242817e-05,-5.390160049079107e-06,-4.160078616477492e-06,7.568757619091926e-06
343,0.0003156018299513658,0.0003156018130055741,1.0106459234841571e-07,4.323751885166078,1.8640494392253681,1.777619347368402,3.6903458820494586,-1.0,0.2793862779707284,-0.6195767846442443,-0.8821110290242152,-0.5757543393670703,-1.4324727391164318,1.327273192591546,7.097636997244194e-06,0.0,-8.398042437129938e-06,-6.499928378422837e-06,1.075641048720044e-05,-5.280682522812441e-06,-4.075567911820954e-06,7.414978386854898e-06
344,0.00030919561643277484,0.00030919559983062935,1.0106459234841571e-07,4.323751885962808,1.8640430330132336,1.777619350931446,3.690352835570695,-1.0,0.27937805053982545,-0.6195831525688997,-0.8821004910300557,-0.5757595127995963,-1.4324767318938487,1.327280456921762,6.953521236585658e-06,0.0,-8.227430902951749e-06,-6.367924655470425e-06,1.0537994159509623e-05,-5.173432525928945e-06,-3.992777416916837e-06,7.264330216028014e-06
345,0.00030291959470944604,0.00030291957844447235,9.884312124119404e-08,4.323751886743116,1.8640367569928666,1.7776193544220311,3.690359647906805,-1.0,0.279369990247352,-0.6195893911751412,-0.8820901670102609,-0.5757645811641717,-1.4324806435658293,1.3272875736708516,6.812336109884853e-06,0.0,-8.06029247346629e-06,-6.238606241493194e-06,1.0324019794838435e-05,-5.0683645754778794e-06,-3.911671980549869e-06,7.116749089597363e-06
346,0.00029677111266768197,0.0002967710967323632,9.884312124119404e-08,4.323751887507345,1.864030608512153,1.7776193578416357,3.690366321928649,-1.0,0.2793620936911866,-0.6195955030934699,-0.8820800526134804,-0.5757695465982955,-1.4324844757830042,1.3272945458431618,6.674021844066402e-06,0.0,-7.89655616539875e-06,-6.111918328666199e-06,1.0114396780447343e-05,-4.965434123760382e-06,-3.8322171749261e-06,6.9721723101601185e-06
347,0.00029074757246629583,0.00029074755685459976,9.424321830774487e-08,4.3237518882558295,1.8640245849732533,1.7776193611917075,3.690372860448543,-1.0,0.2793543575387292,-0.6196014909007054,-0.8820701435771173,-0.5757744111958342,-1.4324882301622857,1.3273013763816335,6.538519893961592e-06,0.0,-7.736152457360479e-06,-5.987807235485754e-06,9.909036363109358e-06,-4.864597538678517e-06,-3.7543792814620502e-06,6.8305384717248785e-06
348,0.0002848464294254216,0.00028484641412985585,9.424321830774487e-08,4.323751888988898,1.8640186838314867,1.777619364473664,3.6903792662214583,-1.0,0.2793467785254698,-0.619607357121088,-0.8820604357255067,-0.5757791770079183,-1.43249190828756,1.3273080681690672,6.4057729152189324e-06,0.0,-7.579013259428891e-06,-5.866220382677589e-06,9.707851610585294e-06,-4.765812084084331e-06,-3.6781252743534054e-06,6.6917874337324434e-06
349,0.0002790651909205741,0.00027906517593561417,9.185692672385244e-08,4.3237518897068785,1.8640129025942311,1.777619367688894,3.6903855419461964,-1.0,0.2793393534535864,-0.6196131042273587,-0.882050924968133,-0.575783846043821,-1.4324955117103688,1.3273146240293607,6.275724738102895e-06,0.0,-7.425071883393475e-06,-5.74710627065933e-06,9.510757373765166e-06,-4.669035902793439e-06,-3.6034228088066556e-06,6.5558602935222865e-06
350,0.00027340141531433516,0.0002734014006332509,8.688795409866128e-08,4.3237518904100805,1.8640072388198483,1.7776193708387587,3.6903916902665412,-1.0,0.27933207919057285,-0.6196187346418154,-0.8820416072978834,-0.5757884202718174,-1.4324990419505725,1.3273210467287229,6.148320344845359e-06,0.0,-7.274263013556936e-06,-5.630414456669897e-06,9.31767024958674e-06,-4.574227996378966e-06,-3.5302402037196146e-06,6.422699362129691e-06
351,0.0002678527109005182,0.0002678526965173186,8.429369702178808e-08,4.323751891098816,1.8640016901166332,1.7776193739245898,3.6903977137723873,-1.0,0.27932495266789525,-0.6196242507373491,-0.8820324787893385,-0.575792901620026,-1.4325025004970027,1.3273273389768594,6.02350584610889e-06,0.0,-7.12652267759184e-06,-5.516095533675269e-06,9.128508544842262e-06,-4.481348208629221e-06,-3.458546430135101e-06,6.292248136530176e-06
352,0.00026241673487702774,0.0002624167207857045,8.429369702178808e-08,4.323751891773383,1.863996254141784,1.7776193769476925,3.6904036150008426,-1.0,0.2793179708796763,-0.6196296548384569,-0.8820235355970975,-0.5757972919772333,-1.4325058888080995,1.3273335034281362,5.901228455229557e-06,0.0,-6.981788218951568e-06,-5.404101107830961e-06,8.94319224109541e-06,-4.390357207229023e-06,-3.3883110968080388e-06,6.164451276768901e-06
353,0.0002570911923376442,0.00025709117853198995,8.429369702178808e-08,4.323751892434079,1.8639909286003948,1.7776193799093456,3.6904093964373113,-1.0,0.2793111308814069,-0.6196349492222349,-0.882014773954138,-0.575801593193701,-1.4325092083125361,1.3273395426827177,5.781436468677015e-06,0.0,-6.8399982693923e-06,-5.294383778053913e-06,8.761642959487226e-06,-4.301216467661462e-06,-3.3195044366607362e-06,6.039254581535758e-06
354,0.0002518738352826146,0.0002518738217571313,7.884953353001449e-08,4.323751893081195,1.8639857112444669,1.7776193828108016,3.690415060516552,-1.0,0.2793044297886849,-0.6196401361193504,-0.8820061901702108,-0.5758058070819558,-1.4325124604098305,1.327345459287681,5.664079240741415e-06,0.0,-6.701092721994595e-06,-5.186897115483369e-06,8.583783927207378e-06,-4.21388825488922e-06,-3.2520972943483883e-06,5.916604963296379e-06
355,0.00024676246165503596,0.00024676244840378815,7.884953353001449e-08,4.323751893715011,1.8639805998719432,1.7776193856532865,3.6904206096237147,-1.0,0.2792978647759799,-0.6196452177149934,-0.8819977806302669,-0.5758099354175648,-1.4325156464709439,1.327351255738107,5.549107162661215e-06,0.0,-6.5650127050176366e-06,-5.08159564294175e-06,8.409539943854405e-06,-4.128335608921674e-06,-3.1860611133804895e-06,5.796450426087674e-06
356,0.00024175491439217892,0.00024175490140996713,7.598131170262078e-08,4.323751894335807,1.8639755923257622,1.7776193884380023,3.6904260460953573,-1.0,0.2792914330754238,-0.619650196149809,-0.8819895417929177,-0.5758139799398916,-1.4325187678388671,1.3273569344781495,5.436471642639162e-06,0.0,-6.43170055608655e-06,-4.978434815616772e-06,8.238837349239247e-06,-4.044522326829281e-06,-3.1213679232422464e-06,5.67874004242519e-06
357,0.00023684908050305967,0.0002368490677842083,7.884953353001449e-08,4.323751894943849,1.8639706864929326,1.7776193911661256,3.6904313722204396,-1.0,0.2792851319756265,-0.6196550735208106,-0.8819814701889263,-0.5758179423528397,-1.4325218258291952,1.3273624979020808,5.326125082305566e-06,0.0,-6.301099797323406e-06,-4.877371001632547e-06,8.071603991410825e-06,-3.962412948088634e-06,-3.0579903280703036e-06,5.563423931320699e-06
358,0.00023204289015628,0.00023204287769497807,7.598131170262078e-08,4.323751895539408,1.8639658803036234,1.777619393838809,3.690436590241297,-1.0,0.27927895882051645,-0.6196598518822735,-0.8819735624197308,-0.5758218243255792,-1.432524821730689,1.327367948355317,5.218020857622463e-06,0.0,-6.173155110034134e-06,-4.778361462842717e-06,7.90776919545877e-06,-3.88197273948343e-06,-2.9959014937741557e-06,5.450453236077735e-06
359,0.00022733431579475928,0.00022733430358671045,7.300048299977716e-08,4.323751896122739,1.8639611717302793,1.7776193964571823,3.6904417023545966,-1.0,0.27927291100820495,-0.6196645332466099,-0.8819658151559975,-0.5758256274932585,-1.4325277568058257,1.3273732881354203,5.11211329934369e-06,0.0,-6.047812311504863e-06,-4.681364336400762e-06,7.747263733315357e-06,-3.8031676793393032e-06,-2.9350751367118733e-06,5.3397801034194e-06
360,0.0002227213712669243,0.00022272135930606133,6.664001874625058e-08,4.323751896694099,1.8639565587867473,1.7776193990223514,3.6904467107122683,-1.0,0.27926698598987426,-0.6196691195852274,-0.8819582251362046,-0.575829353457701,-1.432530632291339,1.3273785194930823,5.0083576716986045e-06,0.0,-5.925018330688037e-06,-4.586338617551533e-06,7.5900197928913116e-06,-3.725964442535812e-06,-2.875485513254006e-06,5.231357661950042e-06
361,0.00021820211097354377,0.00021820209925547482,6.989264130329237e-08,4.323751897253734,1.86395203952743,1.7776194015353994,3.690451617422422,-1.0,0.2792611812686886,-0.6196736128293678,-0.8819507891652544,-0.5758330037880883,-1.4325334493987454,1.3273836446330856,4.906710153740335e-06,0.0,-5.804721185664885e-06,-4.493244140424402e-06,7.435970950209203e-06,-3.6503303872947868e-06,-2.817107406460906e-06,5.125140003281459e-06
362,0.00021377462903515327,0.00021377461755474128,6.664001874625058e-08,4.323751897801888,1.8639476120464478,1.777619403997388,3.6904564245502445,-1.0,0.27925549439872815,-0.6196780148709295,-0.8819435041131145,-0.5758365800216283,-1.4325362093148624,1.3273886657152452,4.807127822470392e-06,0.0,-5.686869960441765e-06,-4.402041561712977e-06,7.285052139871517e-06,-3.576233539970275e-06,-2.7599161169789e-06,5.021082159606394e-06
363,0.00020943705847448172,0.0002094370472269823,6.664001874625058e-08,4.3237518983388,1.8639432744768238,1.7776194064093571,3.690461134118875,-1.0,0.2792499229839447,-0.619682327563273,-0.8819363669134875,-0.5758400836642101,-1.4325389132023145,1.3273935848553318,4.709568630634209e-06,0.0,-5.571414783467343e-06,-4.312692343466651e-06,7.137199626972013e-06,-3.5036425818368855e-06,-2.703887452160103e-06,4.919140086601104e-06
364,0.00020518757041860022,0.0002051875593990688,6.664001874625058e-08,4.323751898864704,1.8639390249896854,1.7776194087723247,3.6904657481102663,-1.0,0.27924446467713904,-0.6196865527220092,-0.8819293745625073,-0.5758435161910451,-1.432541562200029,1.3273984041259745,4.613991391178018e-06,0.0,-5.4583068056501816e-06,-4.2251587362152065e-06,6.9923509802283235e-06,-3.4325268349899574e-06,-2.6489977145160992e-06,4.8192706427752086e-06
365,0.00020102437331481472,0.00020102436251891306,6.322027276634106e-08,4.323751899379826,1.8639348617934808,1.7776194110872883,3.6904702684660244,-1.0,0.27923911717895983,-0.6196906921257722,-0.8819225241174629,-0.5758468790472948,-1.4325441574237212,1.3274031255575465,4.520355758153016e-06,0.0,-5.347498179208987e-06,-4.139403762981608e-06,6.850445044448428e-06,-3.362856249689017e-06,-2.5952236921700234e-06,4.721431571930168e-06
366,0.00019694571216621916,0.0001969457015894141,5.960464477539064e-08,4.323751899884391,1.863930783133213,1.777619413355225,3.690474697088237,-1.0,0.27923387823692314,-0.6196947475169753,-0.8819158126955479,-0.5758501736486857,-1.4325466999663703,1.3274077511390294,4.428622212504507e-06,0.0,-5.238942036689398e-06,-4.055391203072745e-06,6.711421914995519e-06,-3.294601390924079e-06,-2.5425426490865988e-06,4.625581482953223e-06
367,0.0001929498677786647,0.0001929498574161711,5.960464477539064e-08,4.323751900378617,1.863926787289688,1.7776194155770921,3.6904790358402773,-1.0,0.27922874564445194,-0.6196987206025518,-0.8819092374726365,-0.5758534013821119,-1.4325491908986847,1.327412282818863,4.338752040311533e-06,0.0,-5.132592471202013e-06,-3.973085576536306e-06,6.575222911364698e-06,-3.2277334262031943e-06,-2.490932314413996e-06,4.531679833608138e-06
368,0.00018903515602744327,0.0001890351458754022,5.575503985246929e-08,4.323751900862718,1.8639228725787824,1.7776194177538271,3.6904832865475963,-1.0,0.2792237172399356,-0.6197026130546811,-0.8819027956820845,-0.5758565636062245,-1.4325516312695583,1.3274167225057758,4.250707319020108e-06,0.0,-5.028404516327356e-06,-3.892452129283797e-06,6.441790551980908e-06,-3.162224112562839e-06,-2.440370873602049e-06,4.439686912771634e-06
369,0.00018519992713923042,0.00018519991719274307,5.575503985246929e-08,4.323751901336904,1.863919037350722,1.777619419886349,3.690487450998498,-1.0,0.27921879090580926,-0.6197064265114987,-0.8818964846135545,-0.5758596616520093,-1.432554022106517,1.3274210720695983,4.164450901900096e-06,0.0,-4.926334126353904e-06,-3.8134568175474115e-06,6.311068529996078e-06,-3.0980457847995524e-06,-2.390836958632292e-06,4.349563822447777e-06
370,0.0001814425649825145,0.00018144255523803413,5.960464477539064e-08,4.32375190180138,1.8639152799893768,1.777619421975557,3.690491530944898,-1.0,0.2792139645676519,-0.6197101625777922,-0.8818903016118655,-0.5758626968233526,-1.4325563644161559,1.327425333342059,4.079946399837553e-06,0.0,-4.826338157348786e-06,-3.73606629355816e-06,6.1830016889752315e-06,-3.035171343257481e-06,-2.3423096389141307e-06,4.26127246067054e-06
371,0.0001777614863826999,0.00017776147683587043,5.575503985246929e-08,4.323751902256347,1.8639115989115718,1.7776194240223326,3.6904955281030656,-1.0,0.27920923619330296,-0.6197138228256831,-0.881884244075867,-0.5758656703975953,-1.4325586591845676,1.327429508117566,3.99715816756796e-06,0.0,-4.728374348950126e-06,-3.660247890890922e-06,6.057535998582608e-06,-2.9735742427261513e-06,-2.294768411736925e-06,4.174775507070905e-06
372,0.00017415514044401628,0.00017415513109058752,5.16191365590357e-08,4.323751902701999,1.8639079925664115,1.777619426027539,3.6904994441543515,-1.0,0.27920460379199713,-0.6197174087952942,-0.8818783094573346,-0.5758685836260755,-1.4325609073777623,1.3274335981539704,3.916051285912658e-06,0.0,-4.632401305826317e-06,-3.5859696111417705e-06,5.9346185323772005e-06,-2.913228480228014e-06,-2.2481931947204714e-06,4.0900364044471615e-06
373,0.00017062200788709134,0.00017062199872367852,5.575503985246929e-08,4.323751903138532,1.8639044594346177,1.7776194279920225,3.690503280745903,-1.0,0.2792000654135179,-0.6197209219954036,-0.8818724952598902,-0.57587143773466,-1.432563109942078,1.3274376051733145,3.836591551564794e-06,0.0,-4.538378479246319e-06,-3.5132001093840515e-06,5.814197444387048e-06,-2.8541085844713265e-06,-2.2025643156009522e-06,4.007019344109963e-06
374,0.00016716060040231043,0.00016716059142453792,5.575503985246929e-08,4.323751903566131,1.86390099802788,1.7776194299166106,3.6905070394913593,-1.0,0.27919561914736707,-0.6197243639040849,-0.8818667990379431,-0.5758742339242642,-1.4325652678045824,1.3274415308625647,3.7587454562171274e-06,0.0,-4.446266150814893e-06,-3.441908681289796e-06,5.696221947126823e-06,-2.7961896041928114e-06,-2.1578625044593736e-06,3.925689250117159e-06
375,0.00016376946001582767,0.0001637694512198519,5.16191365590357e-08,4.323751903984984,1.8638976068882254,1.7776194318021152,3.690510721971537,-1.0,0.279191263121953,-0.6197277359693338,-0.8818612183956528,-0.5758769733713632,-1.432567381873468,1.327445376874329,3.6824801776802474e-06,0.0,-4.356025414042897e-06,-3.372065248918865e-06,5.5806422902815456e-06,-2.7394470990538267e-06,-2.11406888572796e-06,3.846011764396806e-06
376,0.0001604471584641775,0.00016044714984699094,5.16191365590357e-08,4.323751904395269,1.8638942845873914,1.7776194336493316,3.6905143297350995,-1.0,0.27918699550379433,-0.6197310396096835,-0.8818557509859144,-0.5758796572284901,-1.4325694530384379,1.3274491448275607,3.6077635625630933e-06,0.0,-4.267618158693143e-06,-3.303640349616721e-06,5.467409738391105e-06,-2.6838571268728018e-06,-2.0711649697524592e-06,3.7679532316481357e-06
377,0.0001571922965920056,0.00015719228814915824,4.712160915387242e-08,4.323751904797164,1.8638910297262214,1.7776194354590387,3.6905178642992134,-1.0,0.27918281449674087,-0.6197342762148053,-0.8818503945093634,-0.575882286624725,-1.4325714821710827,1.3274528363082458,3.5345641138384565e-06,0.0,-4.181007053460917e-06,-3.2366051218035707e-06,5.356476550977263e-06,-2.6293962348544753e-06,-2.029132644798537e-06,3.691480685130699e-06
378,0.0001540035037483114,0.00015400349547698143,5.16191365590357e-08,4.323751905190842,1.8638878409340665,1.7776194372319987,3.69052132715019,-1.0,0.2791787183412102,-0.6197374471460987,-0.881845146713402,-0.5758848626661742,-1.432573470125252,1.3274564528700779,3.462850976632126e-06,0.0,-4.096155530652901e-06,-3.1709312934280476e-06,5.24779596144942e-06,-2.576041449264821e-06,-1.987954169280215e-06,3.616561832009424e-06
379,0.00015087943721192232,0.0001508794291083085,5.16191365590357e-08,4.323751905576468,1.8638847168682044,1.7776194389689592,3.690524719744116,-1.0,0.2791747053134404,-0.6197405537372678,-0.8818400053912444,-0.5758873864364397,-1.432575417737416,1.3274599960351177,3.3925939257883897e-06,0.0,-4.013027769811384e-06,-3.106591169088624e-06,5.141322157564687e-06,-2.5237702654390404e-06,-1.9476121639883104e-06,3.5431650398098924e-06
380,0.00014781878160950306,0.00014781877367044707,4.712160915387242e-08,4.323751905954215,1.863881656213263,1.7776194406706518,3.6905280435074697,-1.0,0.2791707737247579,-0.6197435972948869,-0.8818349683809825,-0.5758898589970779,-1.4325773258270207,1.3274634672944405,3.3237633538796274e-06,0.0,-3.931588682504206e-06,-3.0435576191534253e-06,5.037010261887964e-06,-2.472560638233645e-06,-1.9080896047629636e-06,3.471259322873621e-06
381,0.00014482024836574733,0.000144820240587719,4.2146848510894035e-08,4.32375190632424,1.8638786576806665,1.7776194423377947,3.690531299837724,-1.0,0.27916692192085985,-0.6197465790989544,-0.8818300335646708,-0.5758922813880504,-1.4325791951968367,1.3274668681087696,3.256330254330919e-06,0.0,-3.851803898058392e-06,-2.981804067436755e-06,4.934816311696899e-06,-2.4223909724785386e-06,-1.8693698160543448e-06,3.4008143290353843e-06
382,0.00014188257514835214,0.0001418825675276798,4.2146848510894035e-08,4.323751906686707,1.8638757200080829,1.7776194439710897,3.690534490103939,-1.0,0.27916314828111266,-0.6197495004034346,-0.8818251988674293,-0.5758946546281638,-1.4325810266332983,1.3274701999090954,3.190266215202797e-06,0.0,-3.7736397471843652e-06,-2.921304480207887e-06,4.834697241551389e-06,-2.373240113429098e-06,-1.8314364615967804e-06,3.331800325856449e-06
383,0.00013900452533081127,0.00013900451786510402,4.2146848510894035e-08,4.323751907041768,1.863872841958887,1.7776194455712249,3.6905376156473406,-1.0,0.2791594512178635,-0.6197523624367893,-0.8818204622565654,-0.5758969797155027,-1.4325828209068385,1.3274734640972845,3.1255434014276773e-06,0.0,-3.6970632491528654e-06,-2.8620333547557664e-06,4.7366108638646764e-06,-2.3250873388835913e-06,-1.7942735401899057e-06,3.2641881890782543e-06
384,0.00013618488747374951,0.00013618488015929077,4.2146848510894035e-08,4.323751907389574,1.8638700223216385,1.777619447138875,3.690540677781887,-1.0,0.279155829175767,-0.6197551664024978,-0.8818158217407142,-0.5758992576278513,-1.4325845787722145,1.3274766620466734,3.062134546372164e-06,0.0,-3.6220420965293876e-06,-2.8039657085088265e-06,4.640515851250804e-06,-2.2779123486360575e-06,-1.7578653759287022e-06,3.1979493888556476e-06
385,0.0001334224748015935,0.00013342246763559064,4.2146848510894035e-08,4.323751907730277,1.8638672599095627,1.7776194486747,3.6905436777948273,-1.0,0.2791522806311256,-0.6197579134795668,-0.8818112753689951,-0.5759014893231083,-1.4325863009688284,1.3274797951026516,3.0000129402907305e-06,0.0,-3.548544641351903e-06,-2.747077068931958e-06,4.546371719094111e-06,-2.231695256926791e-06,-1.72219661398465e-06,3.133055978210564e-06
386,0.00013071612470246497,0.00013071611768202947,4.2146848510894035e-08,4.323751908064025,1.863864553560048,1.7776194501793465,3.6905466169472434,-1.0,0.27914880409124293,-0.619760604823029,-0.8818068212301873,-0.5759036757396921,-1.4325879882210413,1.3274828645832333,2.9391524161148652e-06,0.0,-3.476539882696361e-06,-2.6913434622022336e-06,4.454138807785668e-06,-2.1864165838936245e-06,-1.6872522128341672e-06,3.069480581707751e-06
387,0.00012806469823423538,0.00012806469135592655,4.2146848510894035e-08,4.323751908390957,1.8638619021341518,1.777619451653449,3.6905494964745835,-1.0,0.2791453980937908,-0.6197632415644323,-0.8818024574519208,-0.5759058177969391,-1.4325896412384787,1.3274858717796152,2.879527340127197e-06,0.0,-3.4059974521327696e-06,-2.6367414033279246e-06,4.363778266514018e-06,-2.142057246912188e-06,-1.653017437375226e-06,3.007196381910049e-06
388,0.00012546707963725288,0.00012546707289850338,4.2146848510894035e-08,4.323751908711215,1.8638593045161156,1.7776194530976277,3.690552317587186,-1.0,0.27914206120618973,-0.619765824812319,-0.8817981821998848,-0.5759079163954914,-1.4325912607163325,1.3274888179567246,2.8211126026356226e-06,0.0,-3.33688760106865e-06,-2.5832478867116038e-06,4.275252035945698e-06,-2.0985985523802597e-06,-1.619477853820328e-06,2.946177109386383e-06
389,0.00012292217586693172,0.0001229221692645946,3.6500241499888574e-08,4.323751909024935,1.8638567596128943,1.7776194545124913,3.69055508147079,-1.0,0.2791387920250014,-0.6197683556526942,-0.8817939936770525,-0.5759099724176795,-1.4325928473356553,1.327491704353756,2.7638836037624515e-06,0.0,-3.2691811883145405e-06,-2.530840375158938e-06,4.188522832349051e-06,-2.056022188057227e-06,-1.586619322813121e-06,2.8863970313874887e-06
390,0.00012042891612221962,0.00012042890965391034,2.9802322387695312e-08,4.323751909332254,1.863854266353688,1.7776194558986353,3.690557789287036,-1.0,0.279135589175334,-0.6197708351494853,-0.8817898901229204,-0.5759119867278947,-1.4325944017636487,1.3274945321846954,2.7078162458948896e-06,0.0,-3.2028496674274542e-06,-2.479496791107927e-06,4.1035541320511015e-06,-2.014310215181503e-06,-1.554427993433194e-06,2.827830939411413e-06
391,0.00011798625139697736,0.00011798624505962089,4.2146848510894035e-08,4.323751909633301,1.8638518236894897,1.7776194572566437,3.6905604421739575,-1.0,0.2791324513102596,-0.6197732643449926,-0.8817858698127654,-0.575913960172955,-1.4325959246539457,1.327497302638836,2.6528869216946305e-06,0.0,-3.1378650743874026e-06,-2.429195507303028e-06,4.020310155006257e-06,-1.973445060365897e-06,-1.5228902969788294e-06,2.7704541405437766e-06
392,0.00011559315403045593,0.00011559314782204644,2.9802322387695312e-08,4.3237519099282045,1.86384943059264,1.7776194585870877,3.690563041246463,-1.0,0.27912937711024394,-0.6197756442603297,-0.8817819310569148,-0.5759158935824636,-1.4325974166468876,1.327500016881281,2.5990725056601605e-06,0.0,-3.0742000156624982e-06,-2.379915337136218e-06,3.938755850585451e-06,-1.933409508603212e-06,-1.4919929418599764e-06,2.714242445023274e-06
393,0.00011324861727655978,0.00011324861119367069,4.2146848510894035e-08,4.323751910217092,1.8638470860563918,1.777619459890528,3.690565587596805,-1.0,0.2791263652825873,-0.6197779758958553,-0.8817780722000331,-0.5759177877691597,-1.4325988783697954,1.3275026760534379,2.5463503416922606e-06,0.0,-3.0118276566626356e-06,-2.331635525543163e-06,3.858856881699957e-06,-1.8941866960497933e-06,-1.4617229078250915e-06,2.659172156915801e-06
394,0.00011095165486916857,0.00011095164890970818,2.9802322387695312e-08,4.323751910500087,1.8638447890944803,1.7776194611675122,3.690568082295042,-1.0,0.27912341456087714,-0.6197802602315957,-0.8817742916204219,-0.5759196435292622,-1.432600310437235,1.3275052812735013,2.494698237320847e-06,0.0,-2.9507217101376604e-06,-2.2843357404545017e-06,3.7805796112566625e-06,-1.8557601024760118e-06,-1.4320674395218447e-06,2.605220063456315e-06
395,0.00010870130061177695,0.00010870129477310113,3.6500241499888574e-08,4.3237519107773075,1.8638425387407085,1.7776194624185795,3.6905705263894917,-1.0,0.27912052370445223,-0.6197824982276599,-0.8817705877293351,-0.5759214616428061,-1.432601713451277,1.3275078336369273,2.4440944494941164e-06,0.0,-2.8908564249086055e-06,-2.237996064136105e-06,3.7038910867259744e-06,-1.818113543938793e-06,-1.4030140420562276e-06,2.5523634259450034e-06
396,0.00010649660796301118,0.00010649660224262773,2.1073424255447017e-08,4.323751911048878,1.8638403340485354,1.7776194636442555,3.690572920907172,-1.0,0.27911769149787724,-0.6197846908246446,-0.8817669589703084,-0.5759232428739728,-1.4326030880017522,1.3275103342168961,2.3945176801376533e-06,0.0,-2.832206574987506e-06,-2.1925969847513826e-06,3.628759026708117e-06,-1.78123116667539e-06,-1.3745504752193938e-06,2.5005799688671004e-06
397,0.00010433664963597891,0.00010433664403188961,2.9802322387695312e-08,4.32375191131491,1.8638381740906749,1.7776194648450565,3.690575266854234,-1.0,0.2791149167504282,-0.6197868389440323,-0.881763403818501,-0.5759249879714127,-1.4326044346665006,1.3275127840647678,2.3459470623876655e-06,0.0,-2.7747474490302793e-06,-2.1481193877015414e-06,3.5551518073884125e-06,-1.7450974398869334e-06,-1.3466647483806327e-06,2.4498478716772354e-06
398,0.00010222051720736323,0.00010222051171673677,2.9802322387695312e-08,4.323751911575518,1.8638360579587028,1.7776194660214875,3.6905775652163912,-1.0,0.2791121982955892,-0.6197889434885803,-0.8817599207800525,-0.5759266976685614,-1.4326057540116157,1.3275151842105255,2.2983621570382695e-06,0.0,-2.718454839012452e-06,-2.104544547965048e-06,3.48303844854847e-06,-1.7096971487440271e-06,-1.3193451151582991e-06,2.400145757697203e-06
399,0.00010014732072939228,0.00010014731535024173,2.1073424255447017e-08,4.323751911830811,1.8638339847626724,1.7776194671740433,3.69057981695933,-1.0,0.27910953499055857,-0.6197910053427019,-0.8817565083914515,-0.5759283726839504,-1.4326070465916847,1.3275175356632127,2.2517429387747256e-06,0.0,-2.663305030625729e-06,-2.061854121659934e-06,3.412388601020666e-06,-1.6750153889466546e-06,-1.2925800689789213e-06,2.3514526872325803e-06
400,9.811618835701719e-05,9.811618308699939e-05,2.9802322387695312e-08,4.323751912080903,1.8638319536307384,1.7776194683032096,3.6905820230291213,-1.0,0.2791069257157656,-0.6197930253728404,-0.8817531652189182,-0.57593001372151,-1.4326083129500216,1.3275198394113594,2.2060697912884564e-06,0.0,-2.6092747929529203e-06,-2.0200301384942776e-06,3.343172533254446e-06,-1.641037559618752e-06,-1.2663583368599518e-06,2.3037481466925414e-06
