{
  "input_csv": "calibration_verify_20260512_093702.csv",
  "mocap_source": "aligned",
  "mode": "paired",
  "iterations": 1,
  "before": {
    "count": 292,
    "rmse_mm": 4.633641171567918,
    "mean_mm": 4.562342309890239,
    "median_mm": 4.503896177425281,
    "p95_mm": 5.814566134692506,
    "max_mm": 6.476329361606063
  },
  "after": {
    "count": 292,
    "rmse_mm": 1.1257664323613834,
    "mean_mm": 1.0523492246283783,
    "median_mm": 0.9582001421170676,
    "p95_mm": 1.8451434180738515,
    "max_mm": 2.543166735041313
  },
  "T_icp_mocap_to_robot": [
    [
      0.9999965780222384,
      -0.0024327663354528017,
      -0.0009620768004640624,
      0.000152353169358882
    ],
    [
      0.002433910548327621,
      0.9999963300561968,
      0.0011899384774381276,
      0.002235465634076894
    ],
    [
      0.0009591784274273884,
      -0.0011922760143679115,
      0.9999988292266399,
      -0.0009690421841566099
    ],
    [
      0.0,
      0.0,
      0.0,
      1.0
    ]
  ]
}