{
    "metadata": {
        "spool": "/home/dev/flame_robotics_drt/sample/MERGED_SPOOL-004_0001_20260528T170812.pcd",
        "state": "/home/dev/flame_robotics_drt/sample/MERGED_SPOOL-004_0001_20260528T170812.json",
        "planner": "rrt_connect",
        "spool_pose": {
            "x": -3.05,
            "y": 0.43,
            "z": -0.05,
            "x_rotation": 0.0,
            "z_rotation": 90.0
        },
        "positioner": {
            "x": 0.55,
            "z": 0.9,
            "r": 270.0,
            "clamp": 0.2
        },
        "verification": {
            "ray_hits": 0,
            "clearance_hits": 0,
            "min_distance": 0.0008059398387558758,
            "sample_count": 613
        },
        "robot_links_considered": false
    },
    "path": [
        [
            2.8587109375000006,
            1.9536173400878898,
            0.6156168251037598,
            0.0,
            0.0,
            0.0
        ],
        [
            2.72454492539497,
            1.9993149904758825,
            0.566512793244354,
            0.0,
            0.0,
            0.0
        ],
        [
            2.6356802925886407,
            1.9059428363806339,
            0.48980087842136566,
            0.0,
            0.0,
            0.0
        ],
        [
            2.485847384522885,
            1.9099408965253375,
            0.4956416981958581,
            0.0,
            0.0,
            0.0
        ],
        [
            2.336014476457129,
            1.913938956670041,
            0.5014825179703506,
            0.0,
            0.0,
            0.0
        ],
        [
            2.1948545511697217,
            1.9302767888750916,
            0.4534517910167305,
            0.0,
            0.0,
            0.0
        ],
        [
            2.0914717970037118,
            1.8585975649585451,
            0.3717566565240818,
            0.0,
            0.0,
            0.0
        ],
        [
            1.9421010698812893,
            1.8696046324315276,
            0.37995606775684787,
            0.0,
            0.0,
            0.0
        ],
        [
            1.7927303427588668,
            1.8806116999045102,
            0.38815547898961394,
            0.0,
            0.0,
            0.0
        ],
        [
            1.6433596156364443,
            1.8916187673774927,
            0.39635489022238,
            0.0,
            0.0,
            0.0
        ],
        [
            1.4939888885140218,
            1.902625834850475,
            0.4045543014551461,
            0.0,
            0.0,
            0.0
        ],
        [
            1.3543266748174365,
            1.8648788153476035,
            0.36493576306692194,
            0.0,
            0.0,
            0.0
        ],
        [
            1.2090925593983313,
            1.8601683434251388,
            0.3277220132867975,
            0.0,
            0.0,
            0.0
        ],
        [
            1.0605444997983162,
            1.8458734830046737,
            0.3428590854815714,
            0.0,
            0.0,
            0.0
        ],
        [
            0.9458377434472676,
            1.7760862660209584,
            0.40973287999847463,
            0.0,
            0.0,
            0.0
        ],
        [
            0.7962625359704829,
            1.7842602650429698,
            0.4175073927333647,
            0.0,
            0.0,
            0.0
        ],
        [
            0.6466873284936983,
            1.792434264064981,
            0.42528190546825473,
            0.0,
            0.0,
            0.0
        ],
        [
            0.4985570844486181,
            1.7961358899433526,
            0.40196391316613783,
            0.0,
            0.0,
            0.0
        ],
        [
            0.3489293287912715,
            1.8050002173546371,
            0.40770485703373577,
            0.0,
            0.0,
            0.0
        ],
        [
            0.20355181783664839,
            1.7971268319844593,
            0.37160237635094745,
            0.0,
            0.0,
            0.0
        ],
        [
            0.05375181313291269,
            1.8036107787423872,
            0.37583522706897704,
            0.0,
            0.0,
            0.0
        ],
        [
            -0.07529139084793846,
            1.7719740533468717,
            0.4454554045508335,
            0.0,
            0.0,
            0.0
        ],
        [
            -0.2170182634884444,
            1.750067844684597,
            0.489428255192868,
            0.0,
            0.0,
            0.0
        ],
        [
            -0.3605136164904331,
            1.7092153157731718,
            0.5049251758023249,
            0.0,
            0.0,
            0.0
        ],
        [
            -0.5096294175095183,
            1.7250364727765486,
            0.5011610188567265,
            0.0,
            0.0,
            0.0
        ],
        [
            -0.6587452185286035,
            1.7408576297799254,
            0.49739686191112814,
            0.0,
            0.0,
            0.0
        ],
        [
            -0.8056559402836092,
            1.7351221477238816,
            0.46765893866473984,
            0.0,
            0.0,
            0.0
        ],
        [
            -0.9542859722228727,
            1.7531842696012325,
            0.4585554580654723,
            0.0,
            0.0,
            0.0
        ],
        [
            -1.097101998404465,
            1.714788106665858,
            0.48364165621383554,
            0.0,
            0.0,
            0.0
        ],
        [
            -1.2468937483653177,
            1.7226563546377727,
            0.4829189408356902,
            0.0,
            0.0,
            0.0
        ],
        [
            -1.3966854983261705,
            1.7305246026096874,
            0.48219622545754487,
            0.0,
            0.0,
            0.0
        ],
        [
            -1.433042214849329,
            1.645706732833018,
            0.6004506889259597,
            0.0,
            0.0,
            0.0
        ],
        [
            -1.582369465242035,
            1.6597109633471063,
            0.5981585681040266,
            0.0,
            0.0,
            0.0
        ],
        [
            -1.7316967156347411,
            1.6737151938611947,
            0.5958664472820935,
            0.0,
            0.0,
            0.0
        ],
        [
            -1.8678703925179563,
            1.618212158385508,
            0.625466156353137,
            0.0,
            0.0,
            0.0
        ],
        [
            -2.0044266653708807,
            1.6429494479837121,
            0.5685411983131683,
            0.0,
            0.0,
            0.0
        ],
        [
            -2.151008331357966,
            1.6727916943642527,
            0.5796432489081565,
            0.0,
            0.0,
            0.0
        ],
        [
            -2.1659204133822234,
            1.6353512912934585,
            0.4351584883705889,
            0.0,
            0.0,
            0.0
        ],
        [
            -2.168938552830619,
            1.760928665049212,
            0.3531754777227858,
            0.0,
            0.0,
            0.0
        ],
        [
            -2.3179299891803775,
            1.763159224141259,
            0.3359540811309674,
            0.0,
            0.0,
            0.0
        ],
        [
            -2.4486400330349993,
            1.690414442357046,
            0.32485988631160234,
            0.0,
            0.0,
            0.0
        ],
        [
            -2.594792505654334,
            1.7046445146367415,
            0.3554696852356283,
            0.0,
            0.0,
            0.0
        ],
        [
            -2.7409449782736686,
            1.718874586916437,
            0.3860794841596542,
            0.0,
            0.0,
            0.0
        ],
        [
