iteration,err_norm,position_error,orientation_error,tcp_x,tcp_y,tcp_z,q0_dda_joint_linear_track,q1_dda_joint_carriage,q2_dda_joint_base,q3_dda_joint_shoulder,q4_dda_joint_elbow,q5_dda_joint_wrist1,q6_dda_joint_wrist2,q7_dda_joint_wrist3
0,5.476329307084402,4.4550850072169865,2.0943951023903686,0.47255,3.7499999999986655,2.697,0.0,0.0,0.0,0.0,0.0,0.0,0.0,0.0
1,3.970708481772526,3.317151256947916,1.6296842724256664,2.187061586299985,4.1891562333972825,2.648361755760541,1.6530205417481645,0.14845885793979535,-0.19989140061833957,0.22068849434925844,0.1297277520845865,0.04508393422559724,-0.22308809717269734,0.027691979017001975
2,2.8958115280522168,2.522828593046591,1.1763969289825624,3.281652419923274,3.958239334701445,2.6504952722482935,2.6440271255599384,0.2667365015758646,-1.0580553848619905,0.22874059163045107,0.041987960971932886,-0.07708591569064167,0.34595695565323475,0.5238163784363062
3,1.730869320665749,1.525373377771552,0.7671269558268357,3.908618327853747,3.3236412070077477,2.0265648200674957,2.559299653021224,-0.5833456151070447,-1.2004117574836535,0.9854607278867449,0.2114323149457186,-0.6039885745797671,0.22253557531998508,0.4313886873414082
4,1.1365363786365694,1.0130680031795045,0.5002355517965397,4.213681033816273,2.8971012369730866,1.8866979984612868,2.791678694332899,-0.8309892705765765,-1.3657637883241827,1.0842056245437353,0.2534580628544698,-0.6026814718235619,0.19924916357626504,0.4911005353350388
5,0.7912357649540074,0.7189199977761407,0.32557127523815893,4.340655978452998,2.6330988865120526,1.7871689936020787,2.893201233940433,-1.0,-1.4459547777415673,1.1577811204175537,0.2785442604362705,-0.6185466509373799,0.14549007659958002,0.5349484294940456
6,0.6853173440466545,0.6509648325291393,0.2117457468525829,4.390853303670359,2.5758536139274755,1.728323352182712,2.9366029099856874,-1.0,-1.4922977548107788,1.2008836540649939,0.29437348542410613,-0.6267020568513738,0.10026576765014225,0.5631927114180763
7,0.6273886605274974,0.6117939702140097,0.13762040277310034,4.411501580550901,2.5396281822266227,1.693708837057179,2.9565927925619677,-1.0,-1.5212345538382233,1.22657340562339,0.3037589818990089,-0.6326242462060836,0.06770549298842753,0.5838845611842723
8,0.5949486991134209,0.5880701487874108,0.08939332305129187,4.4183147781532295,2.5166598531730022,1.6742467390852378,2.9646514477261143,-1.0,-1.5395189140776455,1.2411492193659535,0.30934099401069676,-0.6361734351401641,0.04524649777495261,0.5989989008569417
9,0.5762464110939779,0.5732666627082854,0.05803307580582617,4.418939790757944,2.5020753422158455,1.6637142358805872,2.966853604370363,-1.0,-1.5511313634039614,1.249090223695259,0.3126707669191755,-0.6380687651857793,0.030087323815127076,0.6099522263646371
10,0.5651568506339133,0.5638811389926708,0.037647127501967935,4.417075042195396,2.492789054410511,1.658260872934996,2.9663918470189894,-1.0,-1.5585345868331446,1.2532237052632729,0.3146581754746694,-0.6389662794363111,0.019984078683048072,0.6178194042271378
11,0.5584241960038596,0.5578825712832509,0.024398257711293662,4.414468030484547,2.486856092263436,1.6556133284595764,2.9648988041848425,-1.0,-1.56327106182203,1.255241462878042,0.3158403514649338,-0.6393153444538191,0.013304086974417758,0.6234258317405765
12,0.55426112530513,0.554032702323,0.015790647372502756,4.411899136805033,2.483052540274137,1.654466768874026,2.963170094052382,-1.0,-1.5663112650067474,1.2561236946402916,0.316537156264224,-0.6393902017993203,0.008910655979016486,0.6273974637845864
13,0.5516516316046375,0.5515558677911423,0.010202358191279655,4.409673770167417,2.4806066366545374,1.6540891070949155,2.9615611316864947,-1.0,-1.568268201135563,1.2564238872727291,0.3169405240649691,-0.6393462612090215,0.0060313650329357135,0.6302004129898976
14,0.549999644478747,0.5499596988956773,0.006580448751719246,4.407871086249691,2.4790297525989384,1.6540793760631494,2.960203088867104,-1.0,-1.5695307905947335,1.2564464185865678,0.3171662650656903,-0.6392657805656371,0.0041489920937493084,0.6321758733628094
15,0.5489462993320292,0.5489296663730636,0.004242759360428412,4.406469690140626,2.4780110577185486,1.6542246357055264,2.9591187786393784,-1.0,-1.570346902945642,1.256353243714878,0.31728450116867196,-0.639188681247076,0.0029204537653464246,0.6335700431386018
16,0.5482711728262742,0.5482641805803214,0.0027493631339011145,4.405410201842571,2.477351926596462,1.6544167680593884,2.958283529822926,-1.0,-1.5708751750806478,1.2562265562130972,0.317337764468726,-0.6391316446292558,0.002119598194020421,0.6345585244346665
17,0.5478368284393969,0.5478337645627696,0.0018189302376829782,4.404625201307964,2.476924934268614,1.6546047774673485,2.9576560989901868,-1.0,-1.5712175000290884,1.2561049668151099,0.3173518603715223,-0.6390993353223313,0.0015979832201400606,0.6352654026446499
18,0.5475566193248186,0.5475551185344633,0.0012718451754334362,4.404052413852302,2.476648070525476,1.6547678318873382,2.957193486053395,-1.0,-1.571439515095614,1.2560040518865407,0.31734243129875384,-0.6390907197189577,0.0012584568347529317,0.6357776998872741
19,0.5473754747257541,0.5473745708160864,0.0009856047388961738,4.40363947442899,2.4764684213586827,1.654900285657222,2.9568572924883516,-1.0,-1.5715835986891917,1.2559278059530137,0.31731894007918104,-0.6391024681506979,0.001037562590308429,0.6361560689165945
20,0.5472581853396499,0.547257492122344,0.0008618495892072945,4.4033446587861995,2.476351781042342,1.6550035476201452,2.9566157963464623,-1.0,-1.5716771593766354,1.2558748701934739,0.3172870937232233,-0.6391306844428161,0.000893910334326935,0.6364425667539674
21,0.5471821428744543,0.5471815116450037,0.0008216113846985062,4.4031358633277895,2.476276006506312,1.6550818093680002,2.956443992375358,-1.0,-1.571737946456724,1.2558418045616022,0.31725031996404246,-0.6391717092275758,0.0008005289012231703,0.6366662298923349
22,0.5471327845077912,0.5471321618745753,0.0008155945030220501,4.4029889862417155,2.476226748784325,1.6551399131441216,2.956322779223581,-1.0,-1.5717774646953149,1.255824717633283,0.31721066674911685,-0.6392224311567575,0.0007398548063932158,0.6368470311735255
23,0.5471007082272873,0.5471000777745894,0.0008205150224545855,4.402886260070471,2.4761947027819984,1.6551823777349568,2.956237890425468,-1.0,-1.5718031762006452,1.255820006882697,0.31716934963385907,-0.6392803514272816,0.000700456177614821,0.6369986648965011
24,0.5470798337642534,0.5470791925501183,0.0008274046945174397,4.402814770242505,2.476173831170259,1.6552130294761804,2.956178849772309,-1.0,-1.5718199232284722,1.2558246343810562,0.3171270842468237,-0.6393435360317364,0.0006748946079314771,0.637130494055066
25,0.5470662242316473,0.5470655736084034,0.000833414657087187,4.402765234416232,2.476160215404751,1.6552349324947457,2.9561380655242577,-1.0,-1.5718308489976596,1.2558361733687686,0.3170842876368869,-0.6394105264054355,0.0006583312739914514,0.6372489042650998
26,0.5470573283041676,0.5470566705292867,0.0008379640722965681,4.402731041786002,2.4761513115175022,1.6552504531771248,2.9561100944048344,-1.0,-1.5718379942961707,1.2558527527462786,0.31704119975219164,-0.639480243447489,0.0006476189693832695,0.6373582408029279
27,0.5470514915276623,0.547050828650197,0.0008411986525818737,4.402707519965216,2.4761454676582595,1.6552613731167332,2.9560910675163865,-1.0,-1.5718426843377886,1.2558729654271439,0.31699795638369926,-0.6395519005035492,0.000640710986872277,0.637461454558971
28,0.5470476405516383,0.5470469741487224,0.0008434276408836712,4.40269138783033,2.476141611129399,1.655269008562689,2.956078254981582,-1.0,-1.5718457797525915,1.2558957727315823,0.3169546327085089,-0.6396249307939403,0.0006362764292535171,0.6375605458082261
29,0.5470450787989175,0.5470444099989401,0.000844940398413252,4.402680353949614,2.4761390452813714,1.6552743179224598,2.956069742511464,-1.0,-1.5718478394919015,1.2559204188517767,0.3169112690965474,-0.6396989298321634,0.0006334499289486305,0.6376568681671968
30,0.5470433541052759,0.5470426836850628,0.0008459615981818567,4.402672825703341,2.4761373176650014,1.6552779910245763,2.956064194869405,-1.0,-1.5718492265898452,1.2559463600623058,0.3168678862708523,-0.6397736112271283,0.0006316688465065544,0.6377513362336339
31,0.5470421729138708,0.547041501396509,0.000846652488907055,4.402667700796018,2.4761361344237764,1.6552805197320906,2.956060685015037,-1.0,-1.5718501768385797,1.2559732088353803,0.3168244941164951,-0.6398487735511196,0.0006305673872732663,0.6378445670926918
32,0.5470413446192243,0.5470406723522702,0.0008471242181888768,4.402664219113759,2.4761353047019874,1.6552822520244694,2.956058571922019,-1.0,-1.5718508433872154,1.2560006910993737,0.31678109672868715,-0.6399242759392246,0.0006299077440760318,0.6379369765463762
33,0.5470407454528963,0.5470400726653671,0.0008474516688403563,4.402661858221662,2.4761347045413995,1.6552834324699288,2.9560574139242863,-1.0,-1.571851325707381,1.2560286142854207,0.31673769525430207,-0.6400000203650366,0.0006295353221228887,0.6380288444257123
34,0.5470402950429464,0.547039621884956,0.0008476846083355328,4.40266026009866,2.4761342534332282,1.6552842319905197,2.956056907686076,-1.0,-1.571851688406312,1.2560568438453648,0.3166942894533562,-0.6400759389070129,0.000629349625513874,0.6381203588400961
35,0.5470399411965429,0.5470392677661513,0.0008478558351703513,4.4026591800439645,2.476133899088874,1.6552847694578647,2.9560568454729426,-1.0,-1.5718519734462435,1.256085286224655,0.31665087852852664,-0.6401519846823686,0.0006292853282232683,0.6382116461075049
36,0.5470396500196438,0.5470389763807639,0.0008479868515606809,4.4026584512092795,2.476133607548518,1.6552851271924152,2.9560570853885384,-1.0,-1.5718522080811892,1.2561138766477344,0.3166074615438555,-0.640228125440506,0.0006292999674077246,0.6383027909687645
37,0.547039399501348,0.5470387256955701,0.0008480917051864669,4.402657960077266,2.476133356756626,1.655285361988677,2.95605753073501,-1.0,-1.5718524100120783,1.2561425704326181,0.31656403761861696,-0.6403043390645115,0.0006293659425539458,0.638393850220826
38,0.5470391753477293,0.5470385014020873,0.0008481795553484142,4.402657629568481,2.4761331323892355,1.6552855128998374,2.9560581157562473,-1.0,-1.5718525907351284,1.2561713368602714,0.3165206060024506,-0.6403806104296214,0.0006294653141484294,0.6384848618996619
39,0.5470389682763414,0.5470382942083892,0.0008482563638345482,4.402657407440552,2.4761329251437987,1.655285606699792,2.9560587958241964,-1.0,-1.5718527577166668,1.256200154874229,0.3164771660911295,-0.6404569292196804,0.000629586422431859,0.6385758514580806
40,0.5470387722592341,0.5470380980803593,0.0008483260095648511,4.40265725834441,2.476132728978963,1.655285661694893,2.9560595407044845,-1.0,-1.5718529158056962,1.2562290100801856,0.3164337174153165,-0.6405332884157287,0.0006297216894182736,0.6386668359171795
41,0.5470385833819436,0.5470379090995244,0.0008483910128810037,4.402657158398642,2.4761325399713563,1.655285690371572,2.956060329947958,-1.0,-1.5718530681513523,1.2562578926623122,0.3163902596192859,-0.6406096832536439,0.0006298661901441585,0.6387578266531513
42,0.5470383991024989,0.5470377247213077,0.0008484530126032388,4.402657091492395,2.476132355573095,1.6552857012278452,2.9560611497449427,-1.0,-1.5718532167987826,1.256286795942097,0.31634679243801284,-0.6406861105076048,0.0006300167239702073,0.6388488312661705
43,0.5470382177702084,0.5470375432933258,0.0008485130721005365,4.402657046771471,2.476132174129572,1.6552857000356642,2.9560619907828416,-1.0,-1.5718533630761573,1.2563157153851727,0.3163033156763801,-0.6407625679989619,0.0006301712109407151,0.6389398548325382
44,0.5470380383131629,0.5470373637425694,0.000848571883375306,4.402657016932255,2.476131994566283,1.6552856907081772,2.956062846790079,-1.0,-1.571853507846017,1.2563446479190672,0.31625982919182705,-0.6408390542604893,0.0006303282994379447,0.6390309007428735
45,0.547037860035294,0.5470371853722558,0.0008486298946332262,4.4026569970659715,2.476131816185446,1.6552856758938428,2.9560637135483985,-1.0,-1.571853651668515,1.256373591465883,0.31621633288057827,-0.640915568307402,0.0006304871111799906,0.6391219712627401
46,0.5470376824845888,0.5470370077299085,0.0008486873982824637,4.402656983876985,2.4761316385339143,1.6552856573823573,2.9560645882240175,-1.0,-1.5718537949074314,1.2564025446230287,0.3161728266670727,-0.6409921094815277,0.0006306470754883705,0.639213067907327
47,0.5470375053675126,0.5470368305216918,0.0008487445825276672,4.402656975154949,2.4761314613174044,1.655285636381353,2.956065468915449,-1.0,-1.5718539377990217,1.256431506445608,0.3161293104960392,-0.6410686773454669,0.0006308078215788118,0.6393041916916724
48,0.5470373284934326,0.5470366535567776,0.0008488015706459691,4.402656969418816,2.4761312843447896,1.655285613704607,2.9560663543482413,-1.0,-1.5718540804967305,1.2564604762984126,0.31608578432666184,-0.6411452716108393,0.000630969108562411,0.6393953432976519
49,0.547037151738536,0.547036476711225,0.0008488584424588605,4.402656965677108,2.4761311074919297,1.6552855898998027,2.956067243669201,-1.0,-1.5718542231002266,1.2564894537554572,0.3160422481283425,-0.6412218920897181,0.0006311307799568218,0.6394865231853455
50,0.5470369750223945,0.5470362999045241,0.0008489152500407109,4.402656963266647,2.476130930678182,1.6552855653351068,2.9560681363078385,-1.0,-1.5718543656742594,1.2565184385319026,0.3159987018776577,-0.6412985386618092,0.0006312927341250619,0.6395777316672626
51,0.5470367982927501,0.5470361230843632,0.0008489720271437568,4.402656961744202,2.476130753851146,1.6552855402577376,2.9560690318832044,-1.0,-1.5718545082609034,1.2565474304380042,0.3159551455561931,-0.6413752112523036,0.0006314549050666042,0.6396689689577817
52,0.5470366215156366,0.5470359462167408,0.0008490287952193923,4.402656960813771,2.476130576976761,1.6552855148335273,2.9560699301413034,-1.0,-1.5718546508875098,1.2565764293480077,0.31591157914901336,-0.6414519098169504,0.0006316172499354329,0.6397602352060622
53,0.5470364446689596,0.5470357692795408,0.0008490855683909852,4.402656960277817,2.476130400032872,1.6552854891736062,2.9560708309131023,-1.0,-1.5718547935718694,1.2566054351791687,0.31586800264358894,-0.6415286343320108,0.0006317797409293709,0.6398515305179419
54,0.5470362677383387,0.5470355922583674,0.000849142356071255,4.4026569600046,2.4761302230050575,1.6552854633523775,2.9560717340863807,-1.0,-1.5718549363255656,1.2566344478776201,0.3158244160290465,-0.6416053847875021,0.0006319423600202418,0.6399428549704983
55,0.547036090714398,0.547035415143835,0.000849199164532699,4.402656959906325,2.4761300458839135,1.6552854374196133,2.9560726395868766,-1.0,-1.5718550791561516,1.256663467408865,0.3157808192956485,-0.641682161182662,0.0006321050955297792,0.6400342086217269
56,0.5470359135910099,0.5470352379298108,0.0008492559969086409,4.402656959924514,2.4761298686632967,1.6552854114085775,2.9560735473656714,-1.0,-1.5718552220685635,1.256692493751388,0.3157372124344333,-0.6417589635229047,0.0006322679399050358,0.6401255915169698
57,0.5470357363641587,0.547035060612274,0.0008493128571158847,4.4026569600202405,2.476129691339178,1.6552853853414857,2.956074457390757,-1.0,-1.5718553650660385,1.2567215268923642,0.31569359543696657,-0.6418357918177809,0.0006324308882730484,0.6402170036931858
58,0.5470355590311977,0.5470348831885754,0.000849369745410264,4.402656960167605,2.4761295139089037,1.6552853592331618,2.9560753696413986,-1.0,-1.5718555081507108,1.2567505668247851,0.3156499682951712,-0.6419126460796115,0.000632593937502014,0.6403084451817833
59,0.5470353815903682,0.5470347056569547,0.0008494266636159725,4.402656960349395,2.4761293363707098,1.6552853330934894,2.9560762841043755,-1.0,-1.5718556513239987,1.256779613545531,0.31560633100121044,-0.6419895263225734,0.0006327570855908527,0.6403999160105005
60,0.5470352040404904,0.5470345280162309,0.0008494836122497736,4.402656960554161,2.476129158723413,1.6552853069290532,2.9560772007714693,-1.0,-1.5718557945868548,1.2568086670540797,0.3155626835474079,-0.6420664325620886,0.0006329203312733634,0.640491416204652
61,0.5470350263807585,0.5470343502655977,0.0008495405920896585,4.402656960774305,2.4761289809662053,1.655285280744235,2.9560781196377928,-1.0,-1.5718559379399306,1.2568377273516462,0.3155190259261936,-0.6421433648144158,0.00063308367376048,0.6405829457879549
62,0.5470348486106094,0.5470341724044913,0.0008495976023452905,4.402656961004778,2.476128803098523,1.6552852545419503,2.9560790407006743,-1.0,-1.571856081383682,1.256866794440604,0.3154753581300665,-0.6422203230963779,0.000633247112573358,0.6406745047830773
63,0.5470346707296374,0.5470339944325052,0.0008496546451012284,4.402656961242234,2.4761286251199577,1.6552852283241342,2.9560799639589166,-1.0,-1.5718562249184374,1.2568958683241014,0.3154316801515698,-0.6422973074251799,0.0006334106474343387,0.640766093212
64,0.5470344927375396,0.5470338163493373,0.0008497117190443388,4.402656961484448,2.476128447030207,1.6552852020920699,2.956080889412302,-1.0,-1.5718563685444427,1.256924949005804,0.31538799198327366,-0.6423743178182881,0.0006335742781969866,0.6408577110962571
65,0.5470343146340817,0.5470336381547518,0.0008497688244296377,4.4026569617299485,2.4761282688290356,1.6552851758466083,2.956081817061264,-1.0,-1.5718565122618904,1.2569540364897238,0.3153442936177639,-0.6424513542933492,0.0006337380047994984,0.6409493584570959
66,0.5470341364190678,0.5470334598485539,0.0008498259622959166,4.402656961977759,2.476128090516248,1.6552851495883103,2.9560827469066706,-1.0,-1.5718566560709384,1.2569831307801047,0.31530058504763403,-0.6425284168681364,0.000633901827235579,0.6410410353155807
67,0.5470339580923338,0.5470332814305786,0.0008498831315915647,4.402656962227233,2.476127912091679,1.6552851233175443,2.9560836789496765,-1.0,-1.5718567999717221,1.2570122318813466,0.3152568662654803,-0.6426055055605138,0.0006340657455348574,0.6411327416926634
68,0.5470337796537325,0.5470331029006785,0.0008499403328327348,4.402656962477944,2.4761277335551815,1.6552850970345534,2.9560846131916287,-1.0,-1.5718569439643622,1.2570413397979545,0.31521313726389766,-0.6426826203884123,0.0006342297597502971,0.6412244776092294
69,0.5470336011031276,0.5470329242587181,0.0008499975662742069,4.402656962729607,2.4761275549066193,1.6552850707394933,2.956085549634002,-1.0,-1.5718570880489702,1.257070454534506,0.315169398035478,-0.6427597613698145,0.0006343938699501905,0.6413162430861276
70,0.5470334224403915,0.5470327455045686,0.000850054831387053,4.402656962982033,2.476127376145864,1.655285044432465,2.956086488278357,-1.0,-1.5718572322256514,1.257099576095627,0.315125648572808,-0.6428369285227434,0.0006345580762126418,0.6414080381441911
71,0.5470332436653994,0.5470325666381062,0.0008501121292096507,4.402656963235101,2.476127197272792,1.6552850181135315,2.95608742912631,-1.0,-1.5718573764945076,1.2571287044859785,0.3150818888684685,-0.6429141218652561,0.0006347223786223804,0.6414998628042505
72,0.5470330647780324,0.5470323876592114,0.000850169458168325,4.402656963488727,2.4761270182872837,1.6552849917827317,2.9560883721795186,-1.0,-1.5718575208556376,1.2571578397102459,0.3150381189150333,-0.6429913414154385,0.0006348867772683519,0.6415917170871425
73,0.5470328857781714,0.5470322085677647,0.0008502268198237335,4.402656963742858,2.476126839189219,1.6552849654400876,2.956089317439664,-1.0,-1.5718576653091392,1.2571869817731327,0.31499433870506915,-0.643068587191403,0.0006350512722423383,0.6416836010137152
74,0.5470327066656993,0.5470320293636497,0.0008502842136469754,4.402656963997459,2.4761266599784815,1.6552849390856097,2.956090264908447,-1.0,-1.5718578098551086,1.2572161306793563,0.31495054823113505,-0.6431458592112861,0.0006352158636379677,0.6417755146048332
75,0.5470325274404993,0.5470318500467489,0.0008503416396315373,4.402656964252504,2.4761264806549548,1.6552849127193023,2.9560912145875804,-1.0,-1.571857954493642,1.2572452864336445,0.31490674748578223,-0.643223157493247,0.000635380551550189,0.6418674578813791
76,0.5470323481024548,0.5470316706169465,0.0008503990980320101,4.4026569645079805,2.476126301218522,1.6552848863411649,2.9560921664787876,-1.0,-1.5718580992248348,1.2572744490407342,0.3148629364615538,-0.6433004820554667,0.0006355453360747091,0.641959430864256
77,0.5470321686514518,0.5470314910741273,0.0008504565883196461,4.40265696476388,2.4761261216690684,1.655284859951193,2.9560931205837964,-1.0,-1.5718582440487827,1.2573036185053699,0.3148191151509849,-0.643377832916148,0.0006357102173080313,0.6420514335743878
78,0.5470319890873726,0.5470313114181742,0.0008505141110101214,4.402656965020189,2.4761259420064765,1.6552848335493808,2.95609407690434,-1.0,-1.571858388965581,1.257332794832303,0.31477528354660245,-0.6434552100935144,0.0006358751953469698,0.6421434660327205
79,0.5470318094101023,0.5470311316489722,0.0008505716658358083,4.40265696527691,2.4761257622306316,1.6552848071357202,2.9560950354421585,-1.0,-1.5718585339753253,1.2573619780262912,0.31473144164092515,-0.6435326136058103,0.0006360402702887273,0.6422355282602228
80,0.5470316296195253,0.5470309517664048,0.0008506292533122556,4.40265696553404,2.4761255823414174,1.6552847807102034,2.956095996198992,-1.0,-1.5718586790781108,1.2573911680920982,0.31468758942646335,-0.6436100434713007,0.0006362054422307787,0.6423276202778859
81,0.5470314497155248,0.5470307717703567,0.000850686872910796,4.402656965791572,2.476125402338718,1.6552847542728206,2.9560969591765853,-1.0,-1.5718588242740332,1.257420365034493,0.31464372689571923,-0.6436874997082713,0.0006363707112707349,0.6424197421067245
82,0.5470312696979838,0.5470305916607107,0.0008507445251469037,4.402656966049512,2.4761252222224166,1.6552847278235623,2.9560979243766856,-1.0,-1.5718589695631882,1.2574495688582508,0.3145998540411865,-0.6437649823350282,0.0006365360775066341,0.6425118937677761
83,0.5470310895667888,0.5470304114373513,0.0008508022094919785,4.402656966307854,2.4761250419923977,1.6552847013624195,2.956098891801042,-1.0,-1.5718591149456713,1.2574787795681512,0.3145559708553506,-0.6438424913698981,0.000636701541036359,0.6426040752821021
84,0.5470309093218212,0.5470302311001616,0.0008508599264614198,4.4026569665665996,2.476124861648544,1.6552846748893812,2.9560998614514067,-1.0,-1.5718592604215789,1.2575079971689802,0.3145120773306885,-0.6439200268312282,0.0006368671019582199,0.6426962866707869
85,0.5470307289629648,0.547030050649025,0.000850917676048589,4.4026569668257505,2.47612468119074,1.6552846484044377,2.956100833329534,-1.0,-1.5718594059910065,1.2575372216655283,0.3144681734596688,-0.643997588737386,0.0006370327603705854,0.6427885279549389
86,0.5470305484901036,0.5470298700838248,0.000850975457985916,4.402656967085303,2.4761245006188677,1.6552846219075787,2.9561018074371797,-1.0,-1.5718595516540508,1.2575664530625916,0.31442425923475187,-0.6440751771067597,0.0006371985163719406,0.64288079915569
87,0.5470303679031197,0.5470296894044442,0.0008510332725277232,4.40265696734526,2.4761243199328105,1.655284595398795,2.956102783776103,-1.0,-1.5718596974108077,1.2575956913649717,0.3143803346483894,-0.6441527919577579,0.0006373643700609842,0.6429731002941956
88,0.5470301872018974,0.5470295086107665,0.0008510911196673661,4.4026569676056235,2.4761241391324527,1.6552845688780746,2.9561037623480644,-1.0,-1.5718598432613735,1.2576249365774752,0.3143363996930248,-0.64423043330881,0.0006375303215365123,0.6430654313916351
89,0.5470300063863183,0.5470293277026735,0.0008511489993981985,4.40265696786639,2.476123958217675,1.6552845423454083,2.9561047431548255,-1.0,-1.571859989205845,1.2576541887049142,0.3142924543610931,-0.6443081011783662,0.0006376963708974958,0.6431577924692112
90,0.5470298254562657,0.5470291466800485,0.0008512069119744304,4.402656968127561,2.476123777188361,1.655284515800785,2.9561057261981527,-1.0,-1.5718601352443187,1.257683447752106,0.31424849864502075,-0.6443857955848968,0.0006378625182429247,0.6432501835481509
91,0.5470296444116214,0.5470289655427734,0.0008512648568676768,4.402656968389137,2.476123596044393,1.6552844892441945,2.9561067114798125,-1.0,-1.5718602813768918,1.2577127137238728,0.3142045325372257,-0.644463516546893,0.0006380287636722752,0.6433426046497048
92,0.5470294632522682,0.5470287842907307,0.0008513228345929847,4.402656968651118,2.4761234147856523,1.6552844626756265,2.9561076990015738,-1.0,-1.5718604276036612,1.2577419866250428,0.31416055603011744,-0.6445412640828668,0.0006381951072847318,0.6434350557951477
93,0.5470292819780882,0.5470286029238023,0.0008513808451436469,4.402656968913505,2.4761232334120225,1.6552844360950707,2.956108688765209,-1.0,-1.5718605739247238,1.2577712664604488,0.314116569116097,-0.6446190382113508,0.0006383615491799454,0.643527537005778
94,0.5470291005889639,0.5470284214418707,0.0008514388882521664,4.402656969176299,2.476123051923385,1.655284409502516,2.95610968077249,-1.0,-1.5718607203401769,1.2578005532349295,0.31407257178755693,-0.6446968389508984,0.0006385280894575084,0.6436200483029182
95,0.547028919084776,0.5470282398448171,0.0008514969644334246,4.402656969439498,2.476122870319622,1.655284382897953,2.9561106750251933,-1.0,-1.5718608668501177,1.2578298469533282,0.3140285640368811,-0.6447746663200835,0.0006386947282172661,0.6437125897079147
96,0.5470287374654067,0.5470280581325229,0.0008515550734199028,4.402656969703105,2.476122688600613,1.6552843562813704,2.9561116715250964,-1.0,-1.5718610134546442,1.2578591476204943,0.31398454585644503,-0.6448525203375015,0.0006388614655591218,0.6438051612421379
97,0.5470285557307378,0.5470278763048699,0.0008516132149441518,4.4026569699671185,2.4761225067662416,1.6552843296527577,2.956112670273979,-1.0,-1.5718611601538537,1.2578884552412821,0.3139405172386156,-0.6449304010217679,0.0006390283015831732,0.6438977629269828
98,0.5470283738806498,0.5470276943617393,0.0008516713897816565,4.402656970231541,2.476122324816388,1.655284303012105,2.9561136712736227,-1.0,-1.5718613069478442,1.257917769820551,0.3138964781757511,-0.6450083083915196,0.0006391952363897513,0.6439903947838678
99,0.5470281919150234,0.5470275123030113,0.0008517295976648925,4.402656970496368,2.4761221427509335,1.6552842763594011,2.956114674525811,-1.0,-1.5718614538367137,1.2579470913631663,0.31385242866020135,-0.6450862424654142,0.0006393622700791673,0.6440830568342357
100,0.5470280098337407,0.5470273301285677,0.0008517878380657236,4.402656970761604,2.476121960569759,1.6552842496946356,2.956115680032332,-1.0,-1.5718616008205601,1.2579764198739982,0.3138083686843074,-0.6451642032621302,0.0006395294027519854,0.6441757490995539
101,0.5470278276366831,0.5470271478382894,0.000851846111498806,4.402656971027249,2.476121778272745,1.6552842230177984,2.9561166877949727,-1.0,-1.5718617478994819,1.2580057553579225,0.3137642982404018,-0.645242190800367,0.0006396966345088278,0.6442684716013135
102,0.5470276453237298,0.5470269654320566,0.0008519044182180061,4.402656971293304,2.476121595859772,1.6552841963288785,2.956117697815524,-1.0,-1.571861895073577,1.2580350978198203,0.3137202173208085,-0.6453202050988456,0.0006398639654505694,0.6443612243610299
103,0.5470274628947606,0.5470267829097488,0.0008519627574346084,4.402656971559767,2.4761214133307203,1.6552841696278657,2.9561187100957778,-1.0,-1.5718620423429446,1.258064447264578,0.31367612591784283,-0.6453982461763073,0.0006400313956781628,0.6444540074002433
104,0.5470272803496575,0.5470266002712474,0.0008520211301843745,4.40265697182664,2.4761212306854707,1.6552841429147485,2.9561197246375293,-1.0,-1.5718621897076828,1.2580938036970875,0.3136320240238114,-0.6454763140515147,0.0006401989252926964,0.6445468207405176
105,0.5470270976882993,0.5470264175164318,0.0008520795359392298,4.402656972093922,2.476121047923902,1.6552841161895167,2.956120741442575,-1.0,-1.5718623371678906,1.258123167122246,0.3135879116310122,-0.6455544087432519,0.0006403665543954145,0.6446396644034414
106,0.5470269149105675,0.5470262346451825,0.0008521379744318144,4.402656972361614,2.476120865045896,1.6552840894521605,2.956121760512714,-1.0,-1.571862484723667,1.2581525375449558,0.3135437887317345,-0.6456325302703235,0.0006405342830877358,0.6447325384106279
107,0.5470267320163396,0.5470260516573778,0.0008521964469581717,4.402656972629716,2.476120682051331,1.6552840627026681,2.956122781849748,-1.0,-1.5718626323751113,1.2581819149701254,0.313499655318259,-0.6457106786515558,0.0006407021114711763,0.6448254427837145
108,0.5470265490054965,0.5470258685528987,0.0008522549522086077,4.40265697289823,2.476120498940086,1.6552840359410297,2.9561238054554813,-1.0,-1.5718627801223222,1.258211299402668,0.3134555113828576,-0.645788853905796,0.0006408700396474075,0.644918377544363
109,0.5470263658779178,0.5470256853316239,0.0008523134906974234,4.402656973167155,2.4761203157120413,1.6552840091672345,2.9561248313317177,-1.0,-1.5718629279653993,1.2582406908475021,0.31341135691779354,-0.6458670560519125,0.0006410380677182564,0.6450113427142601
110,0.5470261826334823,0.5470255019934326,0.0008523720624177706,4.40265697343649,2.4761201323670763,1.6552839823812715,2.9561258594802657,-1.0,-1.5718630759044423,1.2582700893095526,0.3133671919153213,-0.6459452851087953,0.0006412061957857439,0.6451043383151166
111,0.5470259992720684,0.5470253185382031,0.0008524306676232832,4.402656973706239,2.4761199489050685,1.6552839555831298,2.9561268899029356,-1.0,-1.571863223939551,1.258299494793749,0.31332301636768667,-0.6460235410953556,0.0006413744239519885,0.6451973643686681
112,0.5470258157935562,0.5470251349658157,0.0008524893060465892,4.402656973976397,2.4761197653258984,1.655283928772799,2.9561279226015382,-1.0,-1.5718633720708246,1.2583289073050261,0.31327883026712666,-0.6461018240305257,0.0006415427523192834,0.6452904208966752
113,0.547025632197824,0.5470249512761477,0.0008525479779412827,4.402656974246971,2.4761195816294435,1.6552839019502685,2.95612895757789,-1.0,-1.5718635202983635,1.258358326848325,0.3132346336058694,-0.6461801339332593,0.0006417111809900189,0.6453835079209227
114,0.547025448484749,0.5470247674690777,0.0008526066827795931,4.402656974517957,2.476119397815582,1.6552838751155272,2.956129994833806,-1.0,-1.5718636686222678,1.2583877534285914,0.3131904263761345,-0.6462584708225317,0.0006418797100667406,0.6454766254632203
115,0.5470252646542118,0.5470245835444851,0.0008526654215963653,4.402656974789354,2.476119213884194,1.655283848268565,2.9561310343711034,-1.0,-1.5718638170426376,1.258417187050777,0.3131462085701326,-0.6463368347173397,0.0006420483396521886,0.6455697735454023
116,0.5470250807060891,0.5470243995022468,0.0008527241933430002,4.402656975061166,2.476119029835156,1.6552838214093706,2.9561320761916052,-1.0,-1.5718639655595732,1.2584466277198387,0.31310198018006546,-0.6464152256367013,0.0006422170698491419,0.6456629521893281
117,0.5470248966402594,0.5470242153422409,0.0008527829993145717,4.402656975333392,2.4761188456683456,1.6552837945379333,2.9561331202971344,-1.0,-1.5718641141731753,1.2584760754407391,0.3130577411981262,-0.646493643599656,0.0006423859007607873,0.6457561614168817
118,0.5470247124565999,0.5470240310643456,0.0008528418382022075,4.402656975606033,2.4761186613836417,1.6552837676542418,2.9561341666895156,-1.0,-1.5718642628835446,1.2585055302184462,0.31301349161649905,-0.646572088625265,0.0006425548324901952,0.6458494012499721
119,0.5470245281549888,0.5470238466684385,0.0008529007110404575,4.402656975879086,2.476118476980922,1.6552837407582863,2.9561352153705758,-1.0,-1.5718644116907818,1.2585349920579334,0.31296923142735933,-0.6466505607326111,0.0006427238651406691,0.6459426717105333
120,0.5470243437353034,0.5470236621543965,0.0008529596175619691,4.402656976152556,2.476118292460063,1.6552837138500558,2.9561362663421455,-1.0,-1.5718645605949881,1.2585644609641797,0.3129249606228735,-0.6467290599407985,0.0006428929988156095,0.6460359728205239
121,0.547024159197421,0.5470234775220967,0.0008530185572391551,4.402656976426441,2.476118107820941,1.6552836869295386,2.9561373196060563,-1.0,-1.5718647095962646,1.2585939369421697,0.3128806791951993,-0.6468075862689533,0.000643062233618728,0.6461293046019277
122,0.5470239745412185,0.5470232927714166,0.0008530775305857163,4.402656976700742,2.4761179230634354,1.6552836599967247,2.956138375164142,-1.0,-1.5718648586947124,1.2586234199968933,0.31283638713648537,-0.646886139736223,0.000643231569653736,0.6462226670767538
123,0.5470237897665733,0.5470231079022331,0.0008531365375946704,4.402656976975458,2.4761177381874218,1.655283633051603,2.9561394330182393,-1.0,-1.5718650078904328,1.2586529101333461,0.3127920844388716,-0.6469647203617769,0.0006434010070244811,0.6463160602670358
124,0.5470236048733614,0.5470229229144228,0.0008531955787795345,4.402656977250591,2.4761175531927764,1.6552836060941625,2.9561404931701865,-1.0,-1.5718651571835274,1.2586824073565295,0.31274777109448887,-0.6470433281648061,0.0006435705458351604,0.6464094841948328
125,0.5470234198614603,0.5470227378078621,0.0008532546533525163,4.4026569775261395,2.476117368079377,1.655283579124392,2.956141555621824,-1.0,-1.5718653065740982,1.25871191167145,0.3127034470954593,-0.6471219631645235,0.0006437401861898157,0.646502938882229
126,0.5470232347307458,0.547022552582427,0.0008533137618271107,4.402656977802106,2.4761171828470987,1.655283552142281,2.956142620374995,-1.0,-1.571865456062247,1.2587414230831198,0.3126591124338957,-0.6472006253801635,0.0006439099281929356,0.6465964243513337
127,0.547023049481094,0.5470223672379942,0.000853372904196273,4.402656978078491,2.4761169974958177,1.6552835251478193,2.9561436874315454,-1.0,-1.5718656056480755,1.2587709415965564,0.31261476710190234,-0.6472793148309828,0.0006440797719490088,0.6466899406242815
128,0.5470228641123809,0.5470221817744392,0.0008534320804529567,4.402656978355291,2.4761168120254107,1.6552834981409947,2.956144756793321,-1.0,-1.5718657553316862,1.2588004672167838,0.31257041109157435,-0.6473580315362596,0.0006442497175626405,0.6467834877232322
129,0.5470226786244826,0.5470219961916383,0.0008534912900697922,4.402656978632511,2.4761166264357533,1.6552834711217965,2.956145828462173,-1.0,-1.5718659051131811,1.2588299999488308,0.31252604439499776,-0.6474367755152942,0.000644419765138708,0.6468770656703708
130,0.5470224930172753,0.547021810489467,0.0008535505340804065,4.402656978910149,2.476116440726721,1.655283444090214,2.956146902439952,-1.0,-1.5718660549926629,1.2588595397977318,0.31248166700424973,-0.6475155467874087,0.0006445899147820689,0.646970674487908
131,0.547022307290633,0.5470216246677999,0.0008536098119573899,4.4026569791882055,2.476116254898189,1.6552834170462365,2.9561479787285134,-1.0,-1.571866204970234,1.258889086768527,0.3124372789113984,-0.6475943453719473,0.0006447601665979503,0.6470643141980795
132,0.5470221214444321,0.5470214387265131,0.0008536691239537935,4.402656979466681,2.4761160689500326,1.6552833899898522,2.956149057329713,-1.0,-1.5718663550459975,1.2589186408662623,0.31239288010850286,-0.6476731712882761,0.0006449305206915596,0.6471579848231467
133,0.5470219354785486,0.5470212526654818,0.0008537284692822418,4.402656979745576,2.476115882882127,1.6552833629210515,2.9561501382454094,-1.0,-1.5718665052200558,1.2589482020959888,0.3123484705876131,-0.6477520245557833,0.0006451009771684152,0.6472516863853962
134,0.5470217493928554,0.5470210664845803,0.0008537878494962043,4.402656980024891,2.4761156966943467,1.655283335839822,2.956151221477464,-1.0,-1.5718666554925123,1.2589777704627638,0.31230405034077025,-0.6478309051938792,0.0006452715361339189,0.6473454189071403
135,0.5470215631872278,0.5470208801836829,0.0008538472632881434,4.402656980304626,2.476115510386567,1.655283308746153,2.95615230702774,-1.0,-1.5718668058634702,1.2590073459716502,0.3122596193600061,-0.6479098132219961,0.0006454421976939389,0.6474391824107165
136,0.5470213768615418,0.5470206937626658,0.0008539067114311513,4.402656980584782,2.476115323958662,1.6552832816400334,2.9561533948981022,-1.0,-1.5718669563330325,1.259036928627716,0.31221517763734363,-0.6479887486595887,0.0006456129619542654,0.6475329769184885
137,0.5470211904156705,0.5470205072214016,0.0008539661936580383,4.402656980865358,2.476115137410506,1.6552832545214526,2.9561544850904187,-1.0,-1.571867106901303,1.2590665184360352,0.31217072516479644,-0.6480677115261334,0.0006457838290210193,0.6476268024528453
138,0.5470210038494886,0.5470203205597653,0.000854025709961683,4.4026569811463565,2.476114950741974,1.6552832273903992,2.9561555776065593,-1.0,-1.5718672575683854,1.2590961154016875,0.3121262619343692,-0.6481467018411294,0.0006459547990003599,0.6477206590362012
139,0.547020817162869,0.5470201337776301,0.0008540852605949408,4.402656981427775,2.476114763952938,1.6552832002468625,2.956156672448396,-1.0,-1.5718674083343835,1.2591257195297583,0.3120817879380575,-0.6482257196240978,0.0006461258719986217,0.6478145466909969
140,0.5470206303556872,0.5470199468748708,0.0008541448452906701,4.402656981709616,2.4761145770432735,1.6552831730908302,2.956157769617804,-1.0,-1.5718675591994014,1.2591553308253385,0.3120373031678477,-0.648304764894582,0.0006462970481222556,0.6479084654396982
141,0.547020443427816,0.5470197598513602,0.0008542044643016859,4.40265698199188,2.476114390012854,1.6552831459222928,2.9561588691166594,-1.0,-1.5718677101635428,1.2591849492935248,0.311992807615717,-0.6483838376721476,0.0006464683274779652,0.6480024153047971
142,0.5470202563791285,0.5470195727069722,0.0008542641178807288,4.402656982274565,2.476114202861552,1.655283118741238,2.956159970946842,-1.0,-1.5718678612269121,1.2592145749394195,0.3119483012736334,-0.6484629379763829,0.0006466397101726289,0.6480963963088111
143,0.5470200692094989,0.5470193854415799,0.0008543238052408369,4.402656982557676,2.476114015589241,1.6552830915476549,2.956161075110233,-1.0,-1.5718680123896138,1.259244207768131,0.31190378413355574,-0.6485420658268983,0.0006468111963130862,0.6481904084742839
144,0.5470198819187992,0.5470191980550557,0.000854383527674374,4.402656982841208,2.4761138281957944,1.6552830643415326,2.956162181608715,-1.0,-1.5718681636517526,1.2592738477847727,0.31185925618743376,-0.6486212212433269,0.0006469827860065651,0.6482844518237849
145,0.5470196945069038,0.5470190105472734,0.0008544432838746329,4.402656983125162,2.476113640681085,1.655283037122859,2.9561632904441755,-1.0,-1.571868315013433,1.2593034949944646,0.3118147174272079,-0.6487004042453238,0.0006471544793602162,0.6483785263799096
146,0.5470195069736837,0.5470188229181049,0.0008545030748739389,4.4026569834095435,2.4761134530449844,1.6552830098916242,2.9561644016185027,-1.0,-1.5718684664747602,1.2593331494023317,0.31177016784480927,-0.6487796148525671,0.0006473262764815783,0.6484726321652792
147,0.5470193193190134,0.5470186351674233,0.0008545629001453194,4.402656983694348,2.476113265287367,1.6552829826478166,2.956165515133587,-1.0,-1.571868618035839,1.259362811013505,0.3117256074321599,-0.648858853084757,0.0006474981774782877,0.6485667692025412
148,0.5470191315427634,0.5470184472951007,0.000854622760201209,4.402656983979577,2.4761130774081037,1.655282955391425,2.9561666309913206,-1.0,-1.5718687696967744,1.259392479833121,0.3116810361811725,-0.6489381189616166,0.000647670182457961,0.648660937514369
149,0.5470189436448071,0.5470182593010093,0.0008546826545147036,4.402656984265232,2.4761128894070668,1.6552829281224373,2.956167749193599,-1.0,-1.5718689214576718,1.259422155866323,0.3116364540837506,-0.6490174125028914,0.0006478422915285452,0.6487551371234622
150,0.5470187556250155,0.5470180711850201,0.0008547425830786014,4.402656984551313,2.476112701284128,1.6552829008408432,2.95616886974232,-1.0,-1.571869073318637,1.2594518391182588,0.3115918611317884,-0.6490967337283495,0.0006480145047981233,0.6488493680525464
151,0.547018567483261,0.5470178829470058,0.0008548025471845054,4.402656984837819,2.47611251303916,1.6552828735466312,2.956169992639383,-1.0,-1.5718692252797755,1.2594815295940824,0.31154725731717064,-0.6491760826577819,0.0006481868223748754,0.6489436303243737
152,0.5470183792194153,0.5470176945868379,0.0008548625452664779,4.402656985124751,2.4761123246720333,1.65528284623979,2.9561711178866914,-1.0,-1.571869377341193,1.259511227298954,0.31150264263177296,-0.6492554593110021,0.000648359244367273,0.6490379239617221
153,0.54701819083335,0.5470175061043878,0.0008549225783562649,4.40265698541211,2.4761121361826204,1.655282818920308,2.956172245486148,-1.0,-1.5718695295029954,1.2595409322380389,0.3114580170674616,-0.6493348637078465,0.0006485317708836518,0.6491322489873961
154,0.5470180023249354,0.547017317499526,0.0008549826459270791,4.402656985699896,2.476111947570791,1.655282791588174,2.956173375439661,-1.0,-1.571869681765289,1.259570644416509,0.31141338061609347,-0.6494142958681741,0.0006487044020329107,0.6492266054242262
155,0.5470178136940435,0.5470171287721243,0.0008550427482313417,4.402656985988109,2.476111758836417,1.6552827642433767,2.9561745077491386,-1.0,-1.5718698341281803,1.2596003638395412,0.31136873326951603,-0.6494937558118667,0.0006488771379238321,0.6493209932950696
156,0.5470176249405445,0.5470169399220526,0.0008551028852617288,4.402656986276749,2.476111569979369,1.6552827368859049,2.9561756424164924,-1.0,-1.5718699865917753,1.2596300905123188,0.31132407501956744,-0.6495732435588292,0.0006490499786654317,0.6494154126228099
157,0.5470174360643086,0.5470167509491817,0.0008551630572705661,4.402656986565819,2.4761113809995168,1.6552827095157474,2.9561767794436373,-1.0,-1.571870139156181,1.2596598244400306,0.3112794058580765,-0.649652759128989,0.0006492229243669388,0.6495098634303569
158,0.5470172470652077,0.5470165618533828,0.0008552232639908373,4.402656986855316,2.4761111918967322,1.6552826821328925,2.9561779188324886,-1.0,-1.5718702918215037,1.2596895656278715,0.3112347257768626,-0.6497323025422969,0.0006493959751376214,0.6496043457406468
159,0.5470170579431112,0.5470163726345251,0.000855283505674827,4.402656987145241,2.4761110026708844,1.6552826547373292,2.9561790605849643,-1.0,-1.5718704445878506,1.259719314081042,0.3111900347677357,-0.6498118738187261,0.0006495691310870003,0.6496988595766429
160,0.5470168686978893,0.5470161832924793,0.0008553437820555508,4.402656987435597,2.476110813321844,1.6552826273290453,2.956180204702987,-1.0,-1.5718705974553286,1.259749069804749,0.3111453328224963,-0.6498914729782733,0.0006497423923247129,0.6497934049613342
161,0.5470166793294123,0.547015993827115,0.0008554040936448312,4.40265698772638,2.4761106238494808,1.6552825999080296,2.9561813511884782,-1.0,-1.571870750424045,1.2597788328042048,0.3111006199329354,-0.649971100040958,0.0006499157589606101,0.6498879819177371
162,0.5470164898375494,0.5470158042383019,0.0008554644401756612,4.402656988017595,2.4761104342536635,1.6552825724742717,2.956182500043365,-1.0,-1.5718709034941072,1.2598086030846272,0.31105589609083467,-0.6500507550268227,0.0006500892311046012,0.6499825904688942
163,0.5470163002221698,0.5470156145259091,0.0008555248216406468,4.40265698830924,2.4761102445342624,1.6552825450277586,2.956183651269574,-1.0,-1.5718710566656227,1.2598383806512405,0.3110111612879663,-0.6501304379559332,0.0006502628088669065,0.6500772306378749
164,0.5470161104831439,0.5470154246898065,0.0008555852380323915,4.402656988601316,2.476110054691147,1.6552825175684798,2.9561848048690367,-1.0,-1.571871209938699,1.259868165509275,0.3109664155160929,-0.6502101488483781,0.0006504364923578237,0.6501719024477755
165,0.5470159206203393,0.5470152347298622,0.0008556456898625078,4.402656988893821,2.4761098647241857,1.6552824900964238,2.956185960843685,-1.0,-1.5718713633134445,1.2598979576639664,0.31092165876696753,-0.6502898877242695,0.000650610281687709,0.6502666059217187
166,0.5470157306336265,0.5470150446459465,0.0008557061763450238,4.4026569891867595,2.476109674633248,1.6552824626115785,2.9561871191954547,-1.0,-1.5718715167899664,1.2599277571205567,0.3108768910323339,-0.6503696546037427,0.0006507841769672878,0.6503613410828543
167,0.5470155405228729,0.5470148544379264,0.0008557666982509978,4.402656989480128,2.4761094844182017,1.6552824351139328,2.956188279926283,-1.0,-1.5718716703683737,1.2599575638842935,0.31083211230392604,-0.650449449506956,0.0006509581783073242,0.6504561079543588
168,0.5470153502879481,0.5470146641056716,0.0008558272553134642,4.40265698977393,2.4761092940789156,1.6552824076034756,2.95618944303811,-1.0,-1.5718718240487743,1.2599873779604305,0.3107873225734685,-0.6505292724540911,0.0006511322858188156,0.6505509065594359
169,0.5470151599287203,0.5470144736490501,0.000855887847524961,4.402656990068163,2.4761091036152587,1.6552823800801946,2.9561906085328777,-1.0,-1.5718719778312769,1.2600171993542275,0.3107425218326763,-0.6506091234653532,0.0006513064996127981,0.6506457369213158
170,0.5470149694450567,0.5470142830679292,0.0008559484753968503,4.402656990362831,2.4761089130270975,1.6552823525440787,2.956191776412531,-1.0,-1.5718721317159898,1.2600470280709501,0.31069771007325475,-0.6506890025609705,0.0006514808198006383,0.650740599063256
171,0.5470147788368264,0.5470140923621782,0.0008560091376245795,4.40265699065793,2.4761087223143017,1.655282324995116,2.956192946679016,-1.0,-1.5718722857030223,1.2600768641158697,0.3106528872868997,-0.6507689097611951,0.000651655246493683,0.650835493008541
172,0.5470145881038964,0.5470139015316633,0.0008560698360164824,4.4026569909534645,2.4761085314767373,1.6552822974332952,2.9561941193342838,-1.0,-1.571872439792483,1.260106707494264,0.3106080534652973,-0.6508488450863019,0.0006518297798036097,0.6509304187804823
173,0.5470143972461345,0.5470137105762534,0.0008561305692680753,4.402656991249432,2.4761083405142736,1.6552822698586045,2.9561952943802847,-1.0,-1.571872593984481,1.2601365582114166,0.3105632086001241,-0.6509288085565899,0.0006520044198421347,0.6510253764024184
174,0.5470142062634087,0.547013519495815,0.0008561913384092996,4.402656991545832,2.4761081494267767,1.6552822422710325,2.9561964718189735,-1.0,-1.5718727482791262,1.2601664162726167,0.31051835268304706,-0.651008800192381,0.000652179166721246,0.6511203658977153
175,0.5470140151555849,0.5470133282902148,0.0008562521426545495,4.402656991842669,2.4761079582141132,1.6552822146705666,2.9561976516523076,-1.0,-1.5718729026765275,1.2601962816831602,0.31047348570572336,-0.6510888200140212,0.0006523540205530485,0.6512153872897657
176,0.5470138239225308,0.5470131369593202,0.0008563129822556501,4.40265699213994,2.476107766876151,1.6552821870571965,2.9561988338822456,-1.0,-1.5718730571767947,1.2602261544483484,0.31042860765980057,-0.6511688680418797,0.000652528981449744,0.6513104406019901
177,0.5470136325641136,0.5470129455029985,0.0008563738574643508,4.402656992437647,2.4761075754127573,1.65528215943091,2.9562000185107484,-1.0,-1.5718732117800374,1.2602560345734888,0.3103837185369166,-0.6512489442963494,0.0006527040495237871,0.651405525857836
178,0.5470134410801996,0.5470127539211158,0.0008564347682730587,4.40265699273579,2.4761073838237975,1.655282131791695,2.956201205539781,-1.0,-1.5718733664863656,1.260285922063895,0.31033881832869964,-0.6513290487978469,0.0006528792248879043,0.651500643080778
179,0.5470132494706539,0.5470125622135374,0.0008564957144149305,4.402656993034369,2.4761071921091373,1.6552821041395407,2.956202394971309,-1.0,-1.5718735212958899,1.2603158169248863,0.3102939070267681,-0.6514091815668126,0.000653054507654686,0.6515957922943187
180,0.547013057735345,0.5470123703801315,0.0008565566961416537,4.402656993333383,2.4761070002686454,1.6552820764744345,2.9562035868073013,-1.0,-1.57187367620872,1.2603457191617888,0.3102489846227309,-0.6514893426237105,0.0006532298979371308,0.6516909735219875
181,0.5470128658741377,0.5470121784207624,0.0008566177139640503,4.402656993632834,2.4761068083021858,1.6552820487963653,2.95620478104973,-1.0,-1.5718738312249665,1.260375628779934,0.3102040511081868,-0.6515695319890282,0.0006534053958484313,0.6517861867873415
182,0.5470126738868967,0.5470119863352957,0.0008566787673560224,4.402656993932724,2.4761066162096235,1.6552820211053207,2.956205977700568,-1.0,-1.5718739863447404,1.2604055457846595,0.3101591064747251,-0.6516497496832775,0.0006535810015017804,0.6518814321139654
183,0.5470124817734894,0.5470117941235977,0.0008567398557916182,4.402656994233052,2.4761064239908253,1.65528199340129,2.9562071767617915,-1.0,-1.5718741415681519,1.2604354701813094,0.3101141507139253,-0.6517299957269936,0.0006537567150105459,0.6519767095254714
184,0.5470122895337804,0.547011601785534,0.0008568009805591188,4.4026569945338165,2.476106231645657,1.6552819656842601,2.956208378235379,-1.0,-1.571874296895312,1.2604654019752335,0.310069183817357,-0.6518102701407361,0.0006539325364884256,0.652072019045499
185,0.5470120971676347,0.5470114093209684,0.0008568621408733385,4.40265699483502,2.476106039173982,1.6552819379542199,2.956209582123312,-1.0,-1.5718744523263324,1.2604953411717879,0.31002420577658,-0.651890572945088,0.0006541084660491562,0.652167360697716
186,0.5470119046749178,0.547011216729767,0.0008569233372449028,4.402656995136663,2.4761058465756665,1.6552819102111573,2.9562107884275735,-1.0,-1.571874607861324,1.2605252877763344,0.30997921658314437,-0.6519709041606566,0.0006542845038067272,0.6522627345058172
187,0.547011712055494,0.547011024011794,0.0008569845691478875,4.402656995438743,2.476105653850575,1.6552818824550608,2.9562119971501493,-1.0,-1.571874763500398,1.2605552417942416,0.30993421622859024,-0.652051263808073,0.0006544606498751669,0.6523581404935255
188,0.5470115193092281,0.547010831166914,0.0008570458370928398,4.402656995741266,2.4761054609985713,1.6552818546859187,2.9562132082930286,-1.0,-1.5718749192436663,1.2605852032308835,0.3098892047044478,-0.6521316519079925,0.0006546369043688336,0.6524535786845913
189,0.5470113264359848,0.5470106381949916,0.0008571071405539047,4.402656996044224,2.476105268019521,1.655281826903719,2.9562144218582014,-1.0,-1.5718750750912405,1.260615172091641,0.3098441820022377,-0.6522120684810944,0.0006548132674021637,0.6525490491027931
190,0.5470111334356274,0.5470104450958903,0.0008571684803005953,4.402656996347626,2.4761050749132867,1.655281799108449,2.956215637847662,-1.0,-1.571875231043233,1.2606451483819003,0.30979914811347026,-0.6522925135480819,0.0006549897390897878,0.6526445517719371
191,0.5470109403080209,0.5470102518694744,0.0008572298560660961,4.402656996651468,2.476104881679734,1.655281771300098,2.956216856263406,-1.0,-1.5718753870997553,1.2606751321070544,0.30975410302964623,-0.6523729871296827,0.0006551663195464334,0.6527400867158577
192,0.5470107470530282,0.5470100585156084,0.0008572912683606858,4.402656996955751,2.476104688318726,1.6552817434786535,2.9562180771074313,-1.0,-1.5718755432609197,1.2607051232725022,0.30970904674225624,-0.6524534892466486,0.0006553430088870419,0.6528356539584167
193,0.5470105536705139,0.5470098650341542,0.0008573527156225826,4.402656997260475,2.4761044948301247,1.655281715644104,2.9562193003817385,-1.0,-1.571875699526839,1.2607351218836487,0.30966397924278116,-0.6525340199197555,0.0006555198072268463,0.6529312535235043
194,0.5470103601603403,0.547009671424976,0.0008574141999160293,4.40265699756564,2.476104301213795,1.6552816877964367,2.956220526088331,-1.0,-1.5718758558976258,1.2607651279459053,0.30961890052269175,-0.6526145791698035,0.0006556967146811569,0.6530268854350386
195,0.5470101665223706,0.5470094776879363,0.000857475719679351,4.402656997871249,2.4761041074695993,1.6552816599356404,2.9562217542292157,-1.0,-1.5718760123733928,1.2607951414646894,0.30957381057344885,-0.6526951670176172,0.000655873731365401,0.6531225497169658
196,0.5470099727564685,0.5470092838228988,0.0008575372759406455,4.4026569981772985,2.476103913597401,1.655281632061703,2.9562229848064,-1.0,-1.5718761689542529,1.2608251624454245,0.30952870938650334,-0.6527757834840455,0.0006560508573951805,0.6532182463932603
197,0.5470097788624965,0.5470090898297261,0.0008575988684331393,4.402656998483793,2.476103719597063,1.6552816041746123,2.9562242178218945,-1.0,-1.571876325640319,1.2608551908935408,0.3094835969532961,-0.6528564285899616,0.0006562280928863888,0.6533139754879246
198,0.5470095848403167,0.54700889570828,0.0008576604968901309,4.4026569987907305,2.4761035254684467,1.6552815762743562,2.956225453277713,-1.0,-1.5718764824317049,1.2608852268144743,0.3094384732652579,-0.6529371023562632,0.0006564054379550164,0.6534097370249893
199,0.5470093906897924,0.5470087014584234,0.0008577221615627452,4.402656999098111,2.476103331211415,1.6552815483609231,2.9562266911758712,-1.0,-1.5718766393285235,1.2609152702136672,0.30939333831380966,-0.6530178048038725,0.0006565828927172289,0.6535055310285135
200,0.5470091964107845,0.5470085070800179,0.0008577838627020301,4.402656999405936,2.47610313682583,1.6552815204343008,2.956227931518387,-1.0,-1.5718767963308888,1.2609453210965682,0.3093481920903621,-0.6530985359537359,0.0006567604572892886,0.6536013575225845
201,0.5470090020031558,0.5470083125729259,0.000857845600300117,4.402656999714204,2.4761029423115533,1.655281492494477,2.9562291743072815,-1.0,-1.5718769534389145,1.260975379468632,0.30930303458631586,-0.6531792958268248,0.0006569381317877885,0.653697216531318
202,0.5470088074667679,0.5470081179370083,0.0008579073740903137,4.40265700002292,2.4761027476684463,1.65528146454144,2.956230419544579,-1.0,-1.5718771106527147,1.2610054453353197,0.3092578657930616,-0.6532600844441347,0.0006571159163294186,0.6537931080788578
203,0.5470086128014819,0.5470079231721273,0.0008579691845824077,4.40265700033208,2.4761025528963714,1.6552814365751773,2.956231667232304,-1.0,-1.5718772679724033,1.2610355187020985,0.3092126857019798,-0.6533409018266861,0.0006572938110309854,0.6538890321893767
204,0.54700841800716,0.547007728278144,0.0008580310309921157,4.402657000641684,2.47610235799519,1.6552814085956775,2.956232917372485,-1.0,-1.5718774253980947,1.2610655995744422,0.30916749430444096,-0.6534217479955241,0.0006574718160095481,0.6539849888870756
205,0.5470082230836621,0.5470075332549191,0.000858092914087967,4.402657000951736,2.4761021629647617,1.6552813806029276,2.956234169967154,-1.0,-1.5718775829299036,1.2610956879578308,0.30912229159180526,-0.6535026229717182,0.0006576499313823989,0.6540809781961839
206,0.54700802803085,0.5470073381023132,0.0008581548338620253,4.4026570012622335,2.476101967804947,1.6552813525969157,2.9562354250183436,-1.0,-1.5718777405679445,1.2611257838577503,0.3090770775554229,-0.653583526776363,0.0006578281572668302,0.6541770001409599
207,0.547007832848584,0.547007142820188,0.0008582167905650795,4.402657001573175,2.4761017725156096,1.6552813245776299,2.9562366825280897,-1.0,-1.5718778983123318,1.2611558872796933,0.3090318521866338,-0.6536644594305775,0.0006580064937804256,0.6542730547456903
208,0.5470076375367241,0.5470069474084025,0.0008582787831542954,4.402657001884569,2.476101577096606,1.6552812965450583,2.956237942498433,-1.0,-1.5718780561631813,1.2611859982291584,0.30898661547676765,-0.6537454209555058,0.0006581849410409632,0.6543691420346904
209,0.5470074420951315,0.5470067518668177,0.0008583408126566595,4.402657002196408,2.476101381547799,1.6552812684991882,2.9562392049314115,-1.0,-1.5718782141206076,1.2612161167116511,0.3089413674171442,-0.6538264113723169,0.0006583634991662793,0.6544652620323044
210,0.5470072465236656,0.5470065561952934,0.0008584028790641696,4.402657002508693,2.476101185869047,1.6552812404400075,2.9562404698290705,-1.0,-1.5718783721847265,1.2612462427326827,0.30889610799907274,-0.6539074307022045,0.0006585421682745016,0.6545614147629052
211,0.5470070508221866,0.5470063603936894,0.0008584649815928618,4.402657002821431,2.4761009900602113,1.6552812123675038,2.9562417371934573,-1.0,-1.571878530355653,1.2612763762977712,0.3088508372138524,-0.6539884789663872,0.0006587209484839327,0.6546576002508945
212,0.5470068549905547,0.5470061644618657,0.0008585271215280694,4.402657003134615,2.476100794121151,1.6552811842816655,2.9562430070266186,-1.0,-1.571878688633503,1.2613065174124405,0.3088055550527722,-0.6540695561861088,0.00065889983991305,0.654753818520703
213,0.5470066590286277,0.5470059683996805,0.0008585892975685924,4.402657003448248,2.4761005980517243,1.6552811561824798,2.9562442793306074,-1.0,-1.5718788470183926,1.2613366660822214,0.3087602615071106,-0.6541506623826381,0.0006590788426804087,0.6548500695967902
214,0.547006462936266,0.5470057722069941,0.000858651510740975,4.402657003762331,2.4761004018517916,1.6552811280699342,2.9562455541074772,-1.0,-1.5718790055104377,1.2613668223126508,0.30871495656813613,-0.6542317975772687,0.0006592579569047778,0.6549463535036443
215,0.5470062667133284,0.5470055758836649,0.0008587137607785686,4.402657004076865,2.4761002055212114,1.6552810999440173,2.9562468313592842,-1.0,-1.5718791641097545,1.261396986109272,0.30866964022710675,-0.6543129617913195,0.0006594371827052368,0.6550426702657829
216,0.5470060703596736,0.5470053794295515,0.0008587760476733564,4.402657004391847,2.476100009059842,1.6552810718047162,2.9562481110880876,-1.0,-1.5718793228164596,1.2614271574776346,0.3086243124752703,-0.6543941550461344,0.0006596165202008851,0.6551390199077525
217,0.5470058738751593,0.5470051828445122,0.0008588383714173193,4.402657004707282,2.4760998124675417,1.6552810436520184,2.9562493932959493,-1.0,-1.5718794816306694,1.2614573364232948,0.30857897330386413,-0.6544753773630825,0.0006597959695111326,0.6552354024541287
218,0.547005677259646,0.5470049861284062,0.0008589007322609577,4.402657005023167,2.4760996157441704,1.6552810154859126,2.956250677984934,-1.0,-1.5718796405525004,1.2614875229518152,0.3085336227041154,-0.6545566287635584,0.0006599755307554088,0.6553318179295161
219,0.5470054805129897,0.5470047892810906,0.000858963129937688,4.402657005339502,2.4760994188895844,1.655280987306385,2.9562519651571075,-1.0,-1.57187979958207,1.261517717068765,0.3084882606672409,-0.6546379092689816,0.0006601552040534541,0.6554282663585487
220,0.5470052836350496,0.5470045923024238,0.0008590255649564525,4.402657005656291,2.4760992219036426,1.655280959113424,2.9562532548145413,-1.0,-1.571879958719495,1.2615479187797194,0.3084428871844468,-0.6547192189007969,0.0006603349895251059,0.6555247477658896
221,0.5470050866256825,0.5470043951922634,0.000859088036533713,4.4026570059735315,2.476099024786202,1.6552809309070171,2.956254546959306,-1.0,-1.5718801179648927,1.2615781280902603,0.3083975022469292,-0.6548005576804747,0.0006605148872905125,0.6556212621762314
222,0.5470048894847466,0.5470041979504664,0.0008591505459537283,4.402657006291226,2.47609882753712,1.655280902687152,2.956255841593476,-1.0,-1.5718802773183806,1.2616083450059759,0.3083521058458736,-0.6548819256295106,0.0006606948974698806,0.6557178096142957
223,0.5470046922120992,0.5470040005768907,0.0008592130919160996,4.40265700660937,2.4760986301562546,1.6552808744538163,2.956257138719129,-1.0,-1.5718804367800765,1.2616385695324612,0.30830669797245513,-0.6549633227694258,0.0006608750201835723,0.6558143901048338
224,0.5470044948075972,0.5470038030713927,0.000859275674671256,4.402657006927972,2.476098432643462,1.6552808462069974,2.956258438338346,-1.0,-1.571880596350098,1.2616688016753175,0.30826127861783836,-0.6550447491217667,0.0006610552555522798,0.6559110036726261
225,0.5470042972710969,0.5470036054338294,0.0008593382955031104,4.402657007247025,2.4760982349985996,1.655280817946683,2.9562597404532083,-1.0,-1.5718807560285633,1.2616990414401525,0.3082158477731777,-0.6551262047081053,0.0006612356036966954,0.6560076503424828
226,0.5470040996024556,0.5470034076640574,0.0008594009531114824,4.402657007566533,2.476098037221523,1.6552807896728603,2.9562610450658013,-1.0,-1.5718809158155904,1.2617292888325806,0.30817040542961666,-0.6552076895500394,0.0006614160647378808,0.6561043301392432
227,0.5470039018015297,0.5470032097619328,0.0008594636485217388,4.4026570078864955,2.4760978393120894,1.6552807613855172,2.956262352178214,-1.0,-1.571881075711298,1.2617595438582223,0.3081249515782886,-0.6552892036691919,0.0006615966387969557,0.6562010430877767
228,0.5470037038681747,0.5470030117273119,0.0008595263806922727,4.402657008206913,2.4760976412701545,1.6552807330846409,2.9562636617925353,-1.0,-1.5718812357158043,1.2617898065227051,0.3080794862103163,-0.6553707470872115,0.0006617773259952342,0.6562977892129821
229,0.5470035058022469,0.5470028135600505,0.0008595891503899805,4.402657008527786,2.4760974430955742,1.6552807047702187,2.9562649739108595,-1.0,-1.571881395829228,1.261820076831663,0.3080340093168118,-0.655452319825773,0.0006619581264541857,0.6563945685397876
230,0.5470033076036023,0.5470026152600044,0.0008596519573483459,4.402657008849115,2.476097244788204,1.655280676442239,2.956266288535282,-1.0,-1.571881556051688,1.261850354790736,0.30798852088887674,-0.6555339219065763,0.0006621390402956295,0.6564913810931515
231,0.5470031092720976,0.5470024168270295,0.0008597148018174795,4.402657009170901,2.476097046347901,1.6552806481006885,2.956267605667901,-1.0,-1.5718817163833034,1.2618806404055714,0.3079430209176023,-0.6556155533513476,0.0006623200676413654,0.6565882268980616
232,0.547002910807586,0.5470022182609802,0.0008597776840474141,4.402657009493144,2.476096847774518,1.6552806197455545,2.956268925310818,-1.0,-1.5718818768241938,1.2619109336818224,0.30789750939406896,-0.6556972141818382,0.0006625012086135428,0.6566851059795358
233,0.5470027122099229,0.5470020195617117,0.0008598406035133867,4.402657009815842,2.476096649067911,1.6552805913768254,2.9562702474661355,-1.0,-1.5718820373744782,1.261941234625149,0.3078519863093466,-0.655778904419826,0.0006626824633343114,0.6567820183626215
234,0.5470025134789649,0.5470018207290793,0.0008599035607236641,4.402657010138998,2.4760964502279355,1.655280562994487,2.9562715721359605,-1.0,-1.5718821980342765,1.2619715432412184,0.30780645165449466,-0.6558606240871144,0.0006628638319261315,0.6568789640723962
235,0.5470023146145653,0.5470016217629372,0.0008599665551535538,4.402657010462612,2.476096251254445,1.6552805345985282,2.9562728993224026,-1.0,-1.5718823588037083,1.2620018595357034,0.30776090542056156,-0.6559423732055326,0.0006630453145116965,0.6569759431339675
236,0.5470021156165777,0.5470014226631398,0.0008600295875694248,4.402657010786685,2.4760960521472946,1.655280506188935,2.9562742290275734,-1.0,-1.5718825196828936,1.262032183514284,0.30771534759858543,-0.6560241517969361,0.0006632269112138361,0.6570729555724725
237,0.5470019164848586,0.5470012234295414,0.0008600926574465984,4.402657011111216,2.4760958529063384,1.6552804777656958,2.956275561253587,-1.0,-1.5718826806719528,1.2620625151826468,0.30766977817959357,-0.6561059598832061,0.000663408622155438,0.657170001413079
238,0.5470017172192596,0.5470010240619958,0.0008601557650349789,4.402657011436205,2.47609565353143,1.6552804493287974,2.9562768960025605,-1.0,-1.5718828417710062,1.2620928545464847,0.30762419715460265,-0.6561877974862498,0.0006635904474596815,0.6572670806809846
239,0.5470015178196368,0.5470008245603568,0.0008602189108425179,4.402657011761657,2.4760954540224227,1.6552804208782277,2.956278233276614,-1.0,-1.5718830029801742,1.2621232016114974,0.3075786045146186,-0.6562696646280008,0.0006637723872500568,0.6573641934014169
240,0.5470013182858412,0.5470006249244772,0.0008602820938283723,4.402657012087565,2.47609525437917,1.6552803924139727,2.9562795730778686,-1.0,-1.5718831642995779,1.2621535563833917,0.30753300025063673,-0.6563515613304189,0.0006639544416500537,0.6574613395996339
241,0.5470011186177283,0.5470004251542111,0.000860345314500527,4.4026570124139335,2.476095054601527,1.6552803639360212,2.956280915408451,-1.0,-1.5718833257293374,1.26218391886788,0.3074873843536414,-0.6564334876154896,0.0006641366107833957,0.657558519300924
242,0.5470009188151508,0.5470002252494117,0.000860408573366812,4.4026570127407645,2.4760948546893444,1.6552803354443595,2.956282260270489,-1.0,-1.5718834872695744,1.2622142890706827,0.30744175681460645,-0.6565154435052248,0.0006643188947740586,0.6576557325306055
243,0.5470007188779604,0.5470000252099311,0.0008604718704188039,4.402657013068056,2.476094654642476,1.6552803069389748,2.956283607666113,-1.0,-1.5718836489204102,1.2622446669975258,0.3073961176244948,-0.656597429021663,0.0006645012937461542,0.6577529793140273
244,0.5470005188060109,0.5469998250356218,0.0008605352051320145,4.402657013395811,2.4760944544607746,1.655280278419855,2.956284957597456,-1.0,-1.5718838106819661,1.2622750526541424,0.3073504667742586,-0.6566794441868684,0.0006646838078240275,0.6578502596765688
245,0.5470003185991541,0.5469996247263369,0.0008605985774981289,4.402657013724024,2.476094254144092,1.655280249886987,2.956286310066653,-1.0,-1.5718839725543639,1.2623054460462724,0.3073048042548393,-0.6567614890229322,0.0006648664371321206,0.6579475736436396
246,0.5470001182572434,0.5469994242819282,0.0008606619882828083,4.402657014052703,2.4760940536922806,1.6552802213403577,2.9562876650758443,-1.0,-1.571884134537725,1.2623358471796622,0.3072591300571674,-0.6568435635519715,0.0006650491817951865,0.6580449212406799
247,0.5469999177801288,0.546999223702247,0.0008607254367036403,4.402657014381843,2.476093853105192,1.655280192779954,2.9562890226271703,-1.0,-1.571884296632172,1.2623662560600653,0.30721344417216256,-0.65692566779613,0.0006652320419380753,0.6581423024931605
248,0.5469997171676637,0.5469990229871461,0.0008607889235261667,4.402657014711447,2.4760936523826786,1.6552801642057642,2.956290382722775,-1.0,-1.5718844588378267,1.2623966726932412,0.3071677465907337,-0.657007801777578,0.0006654150176858509,0.6582397174265829
249,0.5469995164196987,0.5469988221364758,0.0008608524487418914,4.4026570150415125,2.4760934515245907,1.6552801356177742,2.956291745364805,-1.0,-1.5718846211548116,1.2624270970849572,0.3071220373037788,-0.6570899655185122,0.0006655981091637713,0.658337166066479
250,0.5469993155360852,0.5469986211500877,0.0008609160118264818,4.402657015372043,2.4760932505307807,1.655280107015972,2.956293110555411,-1.0,-1.5718847835832497,1.262457529240986,0.3070763163021848,-0.6571721590411557,0.0006657813164972697,0.6584346484384115
251,0.5469991145166742,0.5469984200278333,0.0008609796127715512,4.402657015703038,2.476093049401099,1.655280078400344,2.956294478296745,-1.0,-1.5718849461232631,1.2624879691671087,0.30703058357682794,-0.6572543823677585,0.0006659646398120122,0.6585321645679738
252,0.5469989133613178,0.5469982187695632,0.0008610432523423453,4.402657016034496,2.476092848135396,1.6552800497708775,2.9562958485909614,-1.0,-1.5718851087749752,1.2625184168691117,0.3069848391185735,-0.657336635520597,0.0006661480792338786,0.6586297144807906
253,0.5469987120698647,0.5469980173751272,0.0008611069302724409,4.402657016366422,2.4760926467335227,1.6552800211275605,2.9562972214402192,-1.0,-1.571885271538509,1.262548872352789,0.30693908291827554,-0.6574189185219743,0.0006663316348888264,0.6587272982025166
254,0.5469985106421668,0.5469978158443765,0.0008611706460376479,4.402657016698813,2.47609244519533,1.6552799924703783,2.9562985968466786,-1.0,-1.5718854344139879,1.2625793356239412,0.3068933149667776,-0.6575012313942207,0.0006665153069031242,0.658824915758838
255,0.5469983090780728,0.5469976141771605,0.000861234400403033,4.402657017031669,2.4760922435206663,1.655279963799319,2.9562999748125023,-1.0,-1.5718855974015353,1.2626098066883757,0.3068475352549118,-0.6575835741596926,0.0006666990954031764,0.6589225671754716
256,0.5469981073774345,0.5469974123733299,0.0008612981936178269,4.402657017364992,2.476092041709383,1.6552799351143694,2.9563013553398565,-1.0,-1.571885760501275,1.2626402855519068,0.30680174377349967,-0.6576659468407737,0.0006668830005155429,0.6590202524781655
257,0.5469979055400996,0.546997210432733,0.000861362024642265,4.4026570176987825,2.4760918397613287,1.6552799064155168,2.9563027384309106,-1.0,-1.5718859237133311,1.2626707722203552,0.30675594051335137,-0.6577483494598743,0.0006670670223670943,0.659117971692699
258,0.5469977035659199,0.5469970083552209,0.0008614258944989987,4.402657018033038,2.476091637676354,1.6552798777027478,2.956304124087835,-1.0,-1.5718860870378273,1.2627012666995492,0.3067101254652662,-0.6578307820394318,0.0006672511610847986,0.659215724844882
259,0.546997501454742,0.5469968061406411,0.0008614898026639012,4.402657018367764,2.4760914354543067,1.6552798489760494,2.956305512312806,-1.0,-1.5718862504748883,1.2627317689953235,0.30666429862003236,-0.6579132446019105,0.0006674354167958762,0.6593135119605559
260,0.5469972992064164,0.5469966037888432,0.0008615537491284477,4.402657018702956,2.4760912330950364,1.6552798202354082,2.9563069031079996,-1.0,-1.5718864140246385,1.2627622791135198,0.30661845996842696,-0.6579957371698015,0.0006676197896277224,0.6594113330655932
261,0.5469970968207916,0.546996401299676,0.0008616177349149372,4.4026570190386165,2.4760910305983916,1.6552797914808115,2.956308296475596,-1.0,-1.5718865776872024,1.2627927970599864,0.30657260950121595,-0.6580782597656234,0.0006678042797077909,0.6595091881858977
262,0.5469968942977167,0.5469961986729883,0.0008616817587261726,4.402657019374747,2.4760908279642213,1.6552797627122466,2.9563096924177783,-1.0,-1.571886741462705,1.2628233228405785,0.30652674720915435,-0.6581608124119213,0.0006679888871639238,0.6596070773474045
263,0.5469966916370387,0.5469959959086274,0.0008617458213266837,4.402657019711347,2.4760906251923727,1.6552797339297,2.956311090936732,-1.0,-1.5718869053512712,1.2628538564611589,0.3064808730829859,-0.658243395131268,0.0006681736121241381,0.6597050005760801
264,0.5469964888386064,0.5469957930064417,0.0008618099224501711,4.402657020048416,2.4760904222826943,1.6552797051331578,2.9563124920346446,-1.0,-1.5718870693530265,1.2628843979275968,0.30643498711344325,-0.6583260079462631,0.0006683584547165871,0.6598029578979221
265,0.5469962859022677,0.5469955899662788,0.0008618740626032995,4.402657020385956,2.476090219235034,1.655279676322608,2.956313895713708,-1.0,-1.5718872334680962,1.262914947245768,0.30638908929124786,-0.6584086508795335,0.0006685434150696177,0.6599009493389603
266,0.5469960828278702,0.5469953867879871,0.0008619382417773559,4.402657020723964,2.476090016049239,1.6552796474980367,2.9563153019761153,-1.0,-1.571887397696606,1.2629455044215556,0.30634317960711005,-0.6584913239537336,0.0006687284933118108,0.6599989749252553
267,0.5469958796152613,0.5469951834714128,0.0008620024591908495,4.402657021062444,2.4760898127251565,1.6552796186594312,2.956316710824065,-1.0,-1.5718875620386816,1.2629760694608496,0.3062972580517288,-0.6585740271915448,0.0006689136895719215,0.6600970346828996
268,0.546995676264288,0.5469949800164035,0.0008620667156079521,4.402657021401398,2.476089609262634,1.655279589806778,2.9563181222597565,-1.0,-1.5718877264944493,1.2630066423695472,0.3062513246157921,-0.658656760615676,0.0006690990039788801,0.6601951286380172
269,0.546995472774797,0.5469947764228057,0.0008621310110199427,4.402657021740822,2.4760894056615186,1.6552795609400637,2.9563195362853913,-1.0,-1.571887891064035,1.263037223153552,0.30620537928997643,-0.6587395242488635,0.0006692844366618498,0.6602932568167641
270,0.5469952691466351,0.5469945726904665,0.0008621953454180974,4.402657022080717,2.476089201921656,1.6552795320592755,2.9563209529031744,-1.0,-1.5718880557475654,1.2630678118187753,0.30615942206494723,-0.658822318113871,0.0006694699877501884,0.6603914192453276
271,0.5469950653796484,0.5469943688192314,0.0008622597187936899,4.402657022421087,2.4760889980428926,1.6552795031644,2.9563223721153147,-1.0,-1.571888220545167,1.2630984083711345,0.30611345293135855,-0.6589051422334898,0.0006696556573735255,0.660489615949927
272,0.5469948614736843,0.5469941648089471,0.0008623241313954866,4.402657022761929,2.476088794025075,1.655279474255423,2.956323793924023,-1.0,-1.5718883854569667,1.263129012816555,0.3060674718798532,-0.6589879966305388,0.0006698414456615102,0.6605878469568132
273,0.5469946574285873,0.5469939606594595,0.0008623885829572217,4.402657023103244,2.4760885898680485,1.6552794453323327,2.9563252183315125,-1.0,-1.5718885504830913,1.2631596251609685,0.3060214789010626,-0.6590708813278641,0.0006700273527441606,0.6606861122922694
274,0.5469944532442038,0.5469937563706139,0.0008624530732127036,4.402657023445034,2.476088385571659,1.6552794163951146,2.956326645340001,-1.0,-1.571888715623668,1.2631902454103139,0.3059754739856069,-0.6591537963483397,0.000670213378751495,0.6607844119826105
275,0.5469942489203795,0.5469935519422562,0.0008625176029255663,4.402657023787298,2.4760881811357525,1.6552793874437564,2.956328074951707,-1.0,-1.5718888808788245,1.263220873570537,0.30592945712409486,-0.6592367417148672,0.0006703995238140563,0.6608827460541835
276,0.5469940444569591,0.546993347374231,0.0008625821718295359,4.402657024130037,2.4760879765601738,1.6552793584782437,2.956329507168854,-1.0,-1.5718890462486883,1.2632515096475911,0.3058834283071239,-0.6593197174503763,0.0006705857880623287,0.6609811145333672
277,0.5469938398537869,0.546993142666383,0.0008626467796584128,4.4026570244732515,2.4760877718447665,1.6552793294985635,2.9563309419936656,-1.0,-1.5718892117333871,1.2632821536474363,0.30583738752528,-0.659402723577824,0.0006707721716270302,0.6610795174465726
278,0.5469936351107093,0.5469929378185576,0.0008627114271755918,4.40265702481694,2.476087566989377,1.6552793005047022,2.9563323794283707,-1.0,-1.5718893773330491,1.2633128055760396,0.30579133476913783,-0.6594857601201953,0.0006709586746391892,0.661177954820243
279,0.5469934302275697,0.5469927328305989,0.0008627761141147906,4.402657025161106,2.476087361993849,1.6552792714966473,2.956333819475201,-1.0,-1.5718895430478022,1.2633434654393751,0.3057452700292605,-0.6595688271005029,0.0006711452972298729,0.6612764266808541
280,0.5469932252042133,0.5469925277023512,0.0008628408396951189,4.402657025505748,2.4760871568580267,1.655279242474384,2.9563352621363888,-1.0,-1.571889708877775,1.2633741332434245,0.30569919329619977,-0.6596519245417876,0.0006713320395305764,0.6613749330549132
281,0.5469930200404823,0.5469923224336579,0.0008629056051944916,4.402657025850867,2.4760869515817534,1.6552792134379002,2.956336707414172,-1.0,-1.571889874823096,1.2634048089941758,0.3056531045604958,-0.659735052467118,0.000671518901672736,0.6614734739689605
282,0.5469928147362232,0.5469921170243639,0.0008629704098320127,4.4026570261964615,2.476086746164875,1.6552791843871817,2.95633815531079,-1.0,-1.571890040883894,1.2634354926976248,0.3056070038126775,-0.659818210899591,0.0006717058837882159,0.6615720494495684
283,0.5469926092912762,0.5469919114743108,0.0008630352541134326,4.4026570265425375,2.4760865406072314,1.6552791553222144,2.956339605828486,-1.0,-1.5718902070602983,1.263466184359774,0.3055608910432621,-0.6599013998623312,0.0006718929860089965,0.6616706595233415
284,0.5469924037054877,0.5469917057833436,0.0008631001377725519,4.40265702688909,2.4760863349086693,1.6552791262429862,2.956341058969504,-1.0,-1.5718903733524374,1.2634968839866334,0.30551476624275536,-0.6599846193784913,0.0006720802084671749,0.6617693042169173
285,0.546992197978699,0.5469914999513042,0.0008631650610577353,4.4026570272361205,2.4760861290690297,1.6552790971494822,2.956342514736093,-1.0,-1.5718905397604415,1.26352759158422,0.3054686294016515,-0.6600678694712524,0.0006722675512951008,0.6618679835569653
286,0.546991992110753,0.5469912939780356,0.0008632300242172673,4.40265702758363,2.4760859230881556,1.6552790680416902,2.956343973130504,-1.0,-1.5718907062844398,1.2635583071585574,0.305422480510433,-0.6601511501638236,0.0006724550146255513,0.6619666975701881
287,0.5469917861014932,0.5469910878633806,0.0008632950262133223,4.402657027931619,2.4760857169658896,1.6552790389195955,2.956345434154991,-1.0,-1.571890872924562,1.2635890307156776,0.30537631955957123,-0.6602344614794424,0.0006726425985911287,0.6620654462833206
288,0.5469915799507611,0.5469908816071811,0.0008633600685802481,4.402657028280089,2.4760855107020743,1.6552790097831849,2.9563468978118115,-1.0,-1.5718910396809382,1.2636197622616188,0.3053301465395254,-0.6603178034413744,0.0006728303033249792,0.6621642297231306
289,0.5469913736583987,0.546990675209279,0.0008634251502802523,4.402657028629038,2.476085304296551,1.6552789806324446,2.9563483641032255,-1.0,-1.571891206553699,1.2636505018024264,0.30528396144074343,-0.6604011760729134,0.0006730181289602492,0.6622630479164185
290,0.5469911672242486,0.5469904686695164,0.000863490271818737,4.40265702897847,2.476085097749162,1.6552789514673614,2.9563498330314966,-1.0,-1.5718913735429743,1.2636812493441538,0.3052377642536615,-0.6604845793973818,0.0006732060756303375,0.6623619008900177
291,0.5469909606481509,0.5469902619877346,0.000863555433186689,4.402657029328381,2.476084891059749,1.6552789222879214,2.956351304598889,-1.0,-1.5718915406488947,1.2637120048928607,0.3051915549687042,-0.6605680134381307,0.0006733941434688566,0.662460788670794
292,0.5469907539299484,0.5469900551637744,0.0008636206346322022,4.4026570296787755,2.4760846842281516,1.6552788930941107,2.9563527788076724,-1.0,-1.5718917078715915,1.2637427684546148,0.30514533357628437,-0.6606514782185389,0.0006735823326096522,0.6625597112856468
293,0.5469905470694819,0.5469898481974778,0.0008636858753749311,4.4026570300296495,2.476084477254213,1.655278863885916,2.956354255660118,-1.0,-1.5718918752111952,1.2637735400354904,0.3050991000668032,-0.6607349737620144,0.0006737706431868422,0.6626586687615079
294,0.5469903400665921,0.546989641088685,0.0008637511566913217,4.402657030381008,2.4760842701377728,1.6552788346633236,2.9563557351585015,-1.0,-1.5718920426678373,1.2638043196415694,0.30505285443065006,-0.6608185000919934,0.0006739590753346024,0.6627576611253424
295,0.5469901329211195,0.5469894338372363,0.0008638164772869218,4.402657030732848,2.4760840628786718,1.6552788054263197,2.9563572173050994,-1.0,-1.5718922102416493,1.263835107278941,0.30500659665820273,-0.660902057231941,0.000674147629187342,0.6628566884041484
296,0.5469899256329039,0.5469892264429721,0.0008638818381809464,4.402657031085174,2.47608385547675,1.65527877617489,2.9563587021021935,-1.0,-1.571892377932763,1.2638659029537018,0.30496032673982715,-0.6609856452053507,0.0006743363048797422,0.6629557506249568
297,0.5469897182017859,0.5469890189057323,0.0008639472391072374,4.402657031437981,2.476083647931847,1.6552787469090213,2.956360189552066,-1.0,-1.5718925457413098,1.263896706671955,0.3049140446658775,-0.6610692640357448,0.0006745251025466978,0.6630548478148325
298,0.5469895106276057,0.5469888112253568,0.0008640126803136966,4.402657031791273,2.4760834402438032,1.6552787176287005,2.9563616796570047,-1.0,-1.571892713667422,1.263927518439812,0.3048677504266962,-0.6611529137466744,0.0006747140223233175,0.663153980000873
299,0.5469893029102024,0.5469886034016853,0.0008640781612772263,4.4026570321450516,2.476083232412458,1.655278688333912,2.9563631724192985,-1.0,-1.5718928817112316,1.2639583382633912,0.30482144401261385,-0.6612365943617193,0.0006749030643448459,0.6632531472102091
300,0.5469890950494154,0.5469883954345567,0.0008641436825026955,4.402657032499312,2.476083024437651,1.6552786590246433,2.9563646678412394,-1.0,-1.5718930498728716,1.2639891661488178,0.30477512541394913,-0.6613203059044882,0.0006750922287468966,0.6633523494700053
301,0.5469888870450842,0.5469881873238107,0.0008642092442378805,4.40265703285406,2.476082816319221,1.6552786297008804,2.9563661659251235,-1.0,-1.5718932181524743,1.2640200021022252,0.3047287946210089,-0.6614040483986187,0.0006752815156651029,0.6634515868074593
302,0.5469886788970466,0.5469879790692844,0.0008642748457028192,4.4026570332092945,2.4760826080570055,1.6552786003626097,2.9563676666732492,-1.0,-1.5718933865501727,1.2640508461297535,0.30468245162408814,-0.6614878218677773,0.0006754709252353699,0.6635508592498023
303,0.5469884706051426,0.5469877706708183,0.0008643404876591502,4.402657033565015,2.4760823996508448,1.6552785710098163,2.956369170087918,-1.0,-1.5718935550660997,1.2640816982375505,0.30463609641347006,-0.6615716263356597,0.0006756604575938749,0.6636501668242989
304,0.546988262169209,0.5469875621282493,0.0008644061700976486,4.402657033921222,2.476082191100576,1.655278541642487,2.9563706761714337,-1.0,-1.571893723700389,1.2641125584317714,0.3045897289794259,-0.6616554618259903,0.0006758501128769698,0.6637495095582475
305,0.5469880535890854,0.5469873534414162,0.0008644718930090873,4.402657034277917,2.4760819824060376,1.6552785122606077,2.9563721849261047,-1.0,-1.5718938924531736,1.2641434267185785,0.3045433493122147,-0.6617393283625229,0.0006760398912212398,0.6638488874789801
306,0.5469878448646088,0.5469871446101563,0.000864537655870563,4.4026570346351,2.476081773567067,1.655278482864165,2.9563736963542406,-1.0,-1.5718940613245875,1.2641743031041417,0.304496957402084,-0.6618232259690404,0.000676229792763484,0.6639483006138622
307,0.5469876359956166,0.546986935634307,0.0008646034591865934,4.402657034992769,2.4760815645835024,1.6552784534531444,2.9563752104581553,-1.0,-1.5718942303147647,1.2642051875946383,0.304450553239269,-0.6619071546693547,0.0006764198176406564,0.6640477489902933
308,0.5469874269819465,0.546986726513706,0.0008646693032047396,4.402657035350929,2.4760813554551797,1.6552784240275318,2.9563767272401655,-1.0,-1.5718943994238392,1.264236080196253,0.30440413681399314,-0.6619911144873071,0.0006766099659899447,0.6641472326357065
309,0.5469872178234344,0.5469865172481891,0.0008647351879157041,4.402657035709577,2.4760811461819365,1.6552783945873135,2.9563782467025903,-1.0,-1.5718945686519459,1.2642669809151783,0.30435770811646773,-0.6620751054467681,0.0006768002379487695,0.664246751577569
310,0.5469870085199191,0.5469863078375945,0.0008648011127966701,4.402657036068714,2.4760809367636103,1.6552783651324754,2.956379768847752,-1.0,-1.5718947379992187,1.2642978897576134,0.304311267136892,-0.6621591275716375,0.0006769906336547846,0.6643463058433816
311,0.546986799071236,0.5469860982817579,0.0008648670783519286,4.402657036428342,2.4760807272000367,1.6552783356630039,2.956381293677978,-1.0,-1.5718949074657924,1.2643288067297656,0.3042648138654532,-0.6622431808858448,0.0006771811532458769,0.6644458954606793
312,0.5469865894772209,0.5469858885805153,0.0008649330850856113,4.40265703678846,2.4760805174910514,1.6552783061788836,2.956382821195595,-1.0,-1.5718950770518023,1.2643597318378494,0.30421834829232647,-0.6623272654133485,0.0006773717968600887,0.6645455204570312
313,0.5469863797377112,0.5469856787337035,0.0008649991322181934,4.402657037149068,2.476080307636492,1.655278276680102,2.9563843514029355,-1.0,-1.5718952467573835,1.264390665088087,0.30417187040767496,-0.6624113811781369,0.0006775625646358122,0.6646451808600402
314,0.5469861698525417,0.5469854687411573,0.0008650652197404216,4.402657037510171,2.476080097636193,1.655278247166644,2.9563858843023345,-1.0,-1.5718954165826713,1.2644216064867075,0.30412538020164953,-0.6624955282042277,0.0006777534567114394,0.6647448766973436
315,0.5469859598215476,0.5469852586027124,0.00086513134841302,4.402657037871762,2.4760798874899894,1.6552782176384957,2.956387419896129,-1.0,-1.5718955865278015,1.2644525560399484,0.30407887766438907,-0.6625797065156683,0.0006779444732256733,0.6648446079966129
316,0.5469857496445655,0.5469850483182043,0.0008651975179699126,4.402657038233847,2.4760796771977174,1.6552781880956433,2.9563889581866603,-1.0,-1.57189575659291,1.2644835137540542,0.3040323627860202,-0.6626639161365355,0.0006781356143175081,0.6649443747855539
317,0.5469855393214287,0.5469848378874671,0.0008652637281450989,4.402657038596423,2.476079466759211,1.6552781585380723,2.956390499176272,-1.0,-1.5718959267781325,1.264514479635277,0.3039858355566574,-0.6627481570909362,0.0006783268801260743,0.6650441770919064
318,0.5469853288519732,0.5469846273103364,0.0008653299794424576,4.402657038959493,2.4760792561743057,1.6552781289657688,2.9563920428673116,-1.0,-1.5718960970836058,1.2645454536898761,0.30393929596640296,-0.6628324294030064,0.0006785182707907743,0.665144014943445
319,0.5469851182360329,0.5469844165866461,0.0008653962713393811,4.402657039323057,2.4760790454428356,1.6552780993787182,2.9563935892621296,-1.0,-1.5718962675094659,1.2645764359241194,0.3038927440053469,-0.6629167330969123,0.0006787097864512435,0.6652438883679784
320,0.5469849074734415,0.5469842057162299,0.0008654626045962255,4.402657039687116,2.4760788345646336,1.6552780697769067,2.9563951383630784,-1.0,-1.57189643805585,1.2646074263442812,0.30384617966356703,-0.6630010681968502,0.0006789014272472342,0.6653437973933501
321,0.5469846965640339,0.5469839946989218,0.0008655289789469394,4.402657040051667,2.476078623539535,1.6552780401603195,2.9563966901725136,-1.0,-1.5718966087228947,1.2646384249566442,0.30379960293112906,-0.6630854347270458,0.0006790931933187898,0.665443742047438
322,0.5469844855076441,0.5469837835345567,0.000865595394125547,4.402657040416714,2.476078412367374,1.655278010528943,2.9563982446927968,-1.0,-1.571896779510737,1.2646694317674982,0.3037530137980861,-0.663169832711755,0.0006792850848062064,0.6655437223581545
323,0.5469842743041042,0.5469835722229665,0.0008656618506356566,4.402657040782257,2.476078201047982,1.6552779808827627,2.9563998019262887,-1.0,-1.5718969504195146,1.264700446783141,0.30370641225447925,-0.6632542621752635,0.0006794771018499355,0.6656437383534469
324,0.5469840629532486,0.5469833607639848,0.000865728347954784,4.402657041148297,2.4760779895811935,1.6552779512217641,2.9564013618753555,-1.0,-1.5718971214493649,1.2647314700098777,0.30365979829033707,-0.6633387231418871,0.0006796692445907008,0.6657437900612972
325,0.5469838514549096,0.5469831491574446,0.0008657948870993792,4.40265704151483,2.476077777966841,1.6552779215459328,2.9564029245423646,-1.0,-1.5718972926004258,1.2647625014540214,0.303613171895676,-0.663423215635972,0.0006798615131693423,0.6658438775097221
326,0.5469836398089191,0.5469829374031772,0.0008658614667775819,4.402657041881861,2.4760775662047556,1.655277891855255,2.9564044899296897,-1.0,-1.5718974638728354,1.2647935411218922,0.30356653306049985,-0.6635077396818938,0.0006800539077271276,0.6659440007267731
327,0.5469834280151107,0.5469827255010166,0.0008659280880057378,4.402657042249391,2.476077354294772,1.6552778621497157,2.9564060580397054,-1.0,-1.5718976352667315,1.264824589019819,0.30351988177480027,-0.6635922953040593,0.0006802464284053826,0.6660441597405365
328,0.5469832160733157,0.5469825134507937,0.0008659947505178534,4.402657042617417,2.4760771422367203,1.6552778324293005,2.9564076288747883,-1.0,-1.571897806782253,1.2648556451541373,0.3034732180285565,-0.6636768825269046,0.0006804390753456661,0.6661443545791342
329,0.5469830039833665,0.5469823012523404,0.0008660614545607801,4.40265704298594,2.476076930030433,1.655277802693996,2.9564092024373205,-1.0,-1.5718979784195386,1.2648867095311904,0.30342654181173506,-0.6637615013748966,0.000680631848689887,0.6662445852707225
330,0.546982791745094,0.5469820889054887,0.0008661282001249225,4.402657043354964,2.476076717675742,1.6552777729437866,2.956410778729688,-1.0,-1.5718981501787268,1.26491778215733,0.30337985311429033,-0.6638461518725326,0.0006808247485798762,0.6663448518434928
331,0.54698257935833,0.5469818764100692,0.000866194987200682,4.402657043724486,2.476076505172477,1.6552777431786585,2.956412357754276,-1.0,-1.571898322059957,1.264948863038915,0.3033331519261642,-0.6639308340443401,0.0006810177751580281,0.666445154325672
332,0.5469823668229052,0.5469816637659133,0.0008662618152658073,4.402657044094507,2.476076292520471,1.655277713398597,2.9564139395134754,-1.0,-1.5718984940633685,1.264979952182312,0.303286438237286,-0.6640155479148769,0.0006812109285669314,0.6665454927455221
333,0.5469821541386507,0.5469814509728511,0.000866328685336034,4.4026570444650295,2.4760760797195527,1.6552776836035874,2.9564155240096808,-1.0,-1.5718986661891008,1.2650110495938955,0.3032397120375725,-0.6641002935087317,0.0006814042089491166,0.6666458671313401
334,0.5469819413053977,0.5469812380307141,0.0008663955968890646,4.40265704483605,2.476075866769554,1.6552776537936158,2.9564171112452886,-1.0,-1.5718988384372936,1.265042155280048,0.303192973316928,-0.6641850708505234,0.0006815976164476193,0.6667462775114588
335,0.5469817283229744,0.5469810249393311,0.0008664625504278204,4.402657045207573,2.4760756536703044,1.6552776239686668,2.9564187012226992,-1.0,-1.571899010808087,1.2650732692471591,0.3031462220652442,-0.6642698799649017,0.0006817911512055917,0.6668467239142457
336,0.546981515191212,0.5469808116985323,0.0008665295449175857,4.402657045579596,2.476075440421633,1.655277594128727,2.9564202939443156,-1.0,-1.5718991833016216,1.2651043915016267,0.3030994582724003,-0.6643547208765469,0.000681984813366419,0.6669472063681047
337,0.5469813019099401,0.5469805983081477,0.000866596581629993,4.402657045952121,2.4760752270233706,1.6552775642737814,2.9564218894125447,-1.0,-1.5718993559180374,1.2651355220498564,0.30305268192826285,-0.66443959361017,0.0006821786030737196,0.6670477249014742
338,0.5469810884789885,0.5469803847680068,0.0008666636600428324,4.4026570463251495,2.4760750134753464,1.6552775344038144,2.956423487629796,-1.0,-1.571899528657475,1.2651666608982617,0.3030058930226857,-0.6645244981905127,0.0006823725204713841,0.667148279542829
339,0.5469808748981858,0.5469801710779383,0.0008667307801464218,4.402657046698681,2.476074799777389,1.6552775045188126,2.9564250885984826,-1.0,-1.5718997015200755,1.2651978080532635,0.30295909154551026,-0.6646094346423477,0.0006825665657035166,0.667248870320679
340,0.5469806611673604,0.5469799572377706,0.0008667979424434093,4.402657047072714,2.476074585929327,1.655277474618761,2.95642669232102,-1.0,-1.5718998745059802,1.265228963521291,0.30291227748656513,-0.6646944029904783,0.0006827607389143184,0.6673494972635701
341,0.546980447286342,0.5469797432473327,0.000866865146155548,4.40265704744725,2.4760743719309892,1.6552774447036451,2.9564282987998274,-1.0,-1.57190004761533,1.2652601273087811,0.3028654508356663,-0.664779403259739,0.0006829550402483795,0.6674501604000836
342,0.5469802332549586,0.546979529106453,0.000866932392041587,4.402657047822292,2.476074157782204,1.6552774147734495,2.956429908037328,-1.0,-1.5719002208482669,1.2652912994221788,0.30281861158261697,-0.6648644354749951,0.0006831494698504451,0.6675508597588371
343,0.5469800190730374,0.5469793148149588,0.0008669996798356058,4.402657048197838,2.476073943482799,1.6552773848281606,2.9564315200359466,-1.0,-1.5719003942049325,1.2653224798679361,0.30277175971720766,-0.6649494996611428,0.0006833440278654938,0.6676515953684836
344,0.5469798047404071,0.546979100372678,0.0008670670097839351,4.402657048573888,2.476073729032602,1.6552773548677626,2.9564331347981128,-1.0,-1.571900567685469,1.265353668652514,0.3027248952292162,-0.6650345958431098,0.0006835387144388342,0.6677523672577124
345,0.5469795902568947,0.5469788857794384,0.0008671343818767554,4.402657048950445,2.47607351443144,1.6552773248922414,2.956434752326259,-1.0,-1.5719007412900183,1.2653848657823807,0.30267801810840755,-0.6651197240458543,0.0006837335297158528,0.6678531754552485
346,0.5469793756223285,0.5469786710350674,0.0008672017958481968,4.402657049327507,2.4760732996791415,1.655277294901582,2.9564363726228193,-1.0,-1.571900915018723,1.2654160712640126,0.302631128344534,-0.6652048842943663,0.0006839284738423443,0.6679540199898532
347,0.5469791608365334,0.5469784561393904,0.0008672692524565757,4.402657049705076,2.4760730847755315,1.6552772648957705,2.9564379956902336,-1.0,-1.5719010888717262,1.2654472851038936,0.30258422592733486,-0.6652900766136667,0.0006841235469640835,0.6680549008903238
348,0.5469789458993379,0.5469782410922356,0.0008673367509239216,4.402657050083151,2.476072869720438,1.6552772348747908,2.9564396215309428,-1.0,-1.5719012628491706,1.2654785073085164,0.3025373108465368,-0.6653753010288077,0.0006843187492272732,0.668155818185494
349,0.5469787308105667,0.5469780258934278,0.0008674042917524374,4.402657050461734,2.476072654513686,1.6552772048386284,2.956441250147392,-1.0,-1.5719014369511992,1.265509737884381,0.3024903830918535,-0.665460557564873,0.000684514080778271,0.6682567719042333
350,0.5469785155700478,0.5469778105427947,0.0008674718746762611,4.402657050840825,2.4760724391551028,1.6552771747872688,2.95644288154203,-1.0,-1.5719016111779556,1.265540976837995,0.3024434426529858,-0.6655458462469775,0.0006847095417638041,0.6683577620754478
351,0.546978300177606,0.5469775950401607,0.0008675395001974498,4.402657051220424,2.476072223644514,1.655277144720697,2.9564445157173083,-1.0,-1.5719017855295834,1.2655722241758751,0.30239648951962156,-0.6656311671002678,0.0006849051323306773,0.6684587887280801
352,0.546978084633067,0.5469773793853521,0.0008676071680501153,4.4026570516005314,2.476072007981744,1.655277114638898,2.956446152675681,-1.0,-1.5719019600062263,1.265603479904545,0.30234952368143586,-0.6657165201499218,0.0006851008526259286,0.6685598518911089
353,0.5469778689362556,0.5469771635781929,0.0008676748784802611,4.402657051981147,2.476071792166618,1.6552770845418576,2.956447792419607,-1.0,-1.5719021346080289,1.2656347440305369,0.30230254512809074,-0.6658019054211488,0.0006852967027970233,0.6686609515935498
354,0.5469776530869969,0.5469769476185089,0.0008677426312220326,4.402657052362275,2.476071576198962,1.6552770544295599,2.956449434951548,-1.0,-1.5719023093351348,1.265666016560391,0.3022555538492353,-0.6658873229391903,0.0006854926829913491,0.6687620878644543
355,0.5469774370851168,0.5469767315061252,0.0008678104265213872,4.402657052743912,2.476071360078601,1.65527702430199,2.9564510802739683,-1.0,-1.571902484187689,1.2656972975006553,0.30220854983450574,-0.6659727727293189,0.0006856887933567405,0.6688632607329114
356,0.5469772209304383,0.5469765152408653,0.000867878264112504,4.402657053126059,2.476071143805357,1.655276994159133,2.9564527283893356,-1.0,-1.5719026591658363,1.265728586857886,0.30216153307352506,-0.666058254816839,0.0006858850340412262,0.6689644702280461
357,0.546977004622787,0.5469762988225534,0.0008679461447529495,4.402657053508717,2.476070927379056,1.6552769640009748,2.956454379300121,-1.0,-1.5719028342697217,1.2657598846386473,0.3021145035559033,-0.6661437692270868,0.0006860814051932044,0.6690657163790205
358,0.5469767881619851,0.5469760822510138,0.0008680140676652011,4.402657053891887,2.4760707107995223,1.6552769338274995,2.9564560330088,-1.0,-1.5719030094994904,1.2657911908495116,0.3020674612712375,-0.6662293159854307,0.0006862779069610534,0.6691669992150332
359,0.5469765715478573,0.5469758655260691,0.0008680820336066992,4.40265705427557,2.476070494066577,1.655276903638692,2.9564576895178494,-1.0,-1.5719031848552878,1.2658225054970593,0.3020204062091116,-0.6663148951172705,0.0006864745394935598,0.6692683187653199
360,0.5469763547802259,0.5469756486475429,0.0008681500420558023,4.402657054659764,2.476070277180045,1.655276873434538,2.95645934882975,-1.0,-1.5719033603372596,1.2658538285878789,0.3019733383590964,-0.6664005066480383,0.0006866713029397045,0.6693696750591533
361,0.5469761378589149,0.5469754316152583,0.0008682180935140167,4.402657055044472,2.476070060139749,1.6552768432150216,2.956461010946988,-1.0,-1.571903535945552,1.265885160128567,0.3019262577107496,-0.6664861506031978,0.0006868681974486821,0.669471068125843
362,0.5469759207837473,0.5469752144290383,0.0008682861877155023,4.402657055429693,2.4760698429455115,1.6552768129801279,2.9564626758720505,-1.0,-1.571903711680311,1.2659165001257284,0.30187916425361583,-0.6665718270082452,0.0006870652231700366,0.6695724979947356
363,0.546975703554545,0.5469749970887047,0.0008683543249059113,4.402657055815428,2.4760696255971553,1.6552767827298422,2.956464343607428,-1.0,-1.571903887541683,1.2659478485859759,0.3018320579772264,-0.6666575358887085,0.000687262380253332,0.669673964695215
364,0.5469754861711292,0.5469747795940793,0.0008684225048194372,4.402657056201677,2.476069408094501,1.6552767524641485,2.9564660141556156,-1.0,-1.571904063529815,1.2659792055159307,0.30178493887109953,-0.6667432772701478,0.0006874596688486175,0.669775468256702
365,0.5469752686333229,0.5469745619449843,0.000868490727957353,4.402657056588444,2.4760691904373724,1.6552767221830327,2.9564676875191114,-1.0,-1.5719042396448535,1.2660105709222218,0.3017378069247401,-0.6668290511781557,0.0006876570891060399,0.669877008708655
366,0.5469750509409479,0.5469743441412418,0.0008685589937981787,4.402657056975722,2.4760689726255896,1.6552766918864787,2.956469363700415,-1.0,-1.5719044158869457,1.2660419448114868,0.30169066212764006,-0.6669148576383569,0.0006878546411760564,0.6699785860805696
367,0.5469748330938249,0.5469741261826714,0.0008686273030987274,4.402657057363518,2.476068754658974,1.6552766615744718,2.9564710427020326,-1.0,-1.5719045922562394,1.2660733271903715,0.30164350446927773,-0.6670006966764084,0.0006880523252092994,0.6700802004019786
368,0.5469746150917748,0.5469739080690954,0.000868695655081926,4.40265705775183,2.4760685365373467,1.655276631246996,2.9564727245264715,-1.0,-1.5719047687528818,1.2661047180655294,0.30159633393911833,-0.6670865683179995,0.0006882501413566147,0.6701818517024526
369,0.5469743969346186,0.5469736898003338,0.0008687640507600473,4.402657058140659,2.476068318260528,1.6552766009040378,2.956474409176243,-1.0,-1.5719049453770209,1.2661361174436223,0.30154915052661374,-0.6671724725888523,0.0006884480897692954,0.6702835400115994
370,0.5469741786221763,0.5469734713762071,0.000868832489356072,4.402657058530005,2.476068099828339,1.65527657054558,2.9564760966538617,-1.0,-1.571905122128805,1.2661675253313212,0.3015019542212026,-0.667258409514721,0.0006886461705986149,0.6703852653590644
371,0.5469739601542689,0.5469732527965353,0.0008689009711154056,4.4026570589198695,2.4760678812405987,1.6552765401716085,2.9564777869618455,-1.0,-1.571905299008382,1.2661989417353041,0.30145474501231,-0.6673443791213927,0.0006888443839963323,0.6704870277745308
372,0.5469737415307157,0.5469730340611383,0.0008689694962833695,4.402657059310251,2.476067662497128,1.6552765097821067,2.956479480102716,-1.0,-1.5719054760159006,1.2662303666622583,0.3014075228893479,-0.6674303814346867,0.0006890427301141874,0.6705888272877196
373,0.5469735227513367,0.5469728151698356,0.000869038064594189,4.402657059701154,2.476067443597745,1.655276479377061,2.9564811760789977,-1.0,-1.5719056531515099,1.2662618001188783,0.30136028784171465,-0.6675164164804552,0.000689241209104425,0.6706906639283894
374,0.5469733038159506,0.5469725961224461,0.0008691066765486249,4.402657060092573,2.47606722454227,1.6552764489564544,2.9564828748932186,-1.0,-1.5719058304153588,1.266293242111868,0.3013130398587953,-0.6676024842845832,0.0006894398211193677,0.6707925377263365
375,0.5469730847243756,0.5469723769187883,0.0008691753321363416,4.402657060484512,2.4760670053305214,1.6552764185202724,2.956484576547911,-1.0,-1.5719060078075966,1.2663246926479388,0.3012657789299614,-0.6676885848729884,0.0006896385663116491,0.6708944487113955
376,0.5469728654764324,0.5469721575586819,0.0008692440308361089,4.402657060876974,2.4760667859623178,1.6552763880684993,2.95648628104561,-1.0,-1.571906185328373,1.2663561517338109,0.30121850504457104,-0.667774718271621,0.0006898374448340968,0.6709963969134387
377,0.5469726460719374,0.5469719380419443,0.0008693127731485567,4.402657061269955,2.4760665664374777,1.65527635760112,2.956487988388852,-1.0,-1.5719063629778371,1.2663876193762125,0.30117121819196885,-0.6678608845064647,0.0006900364568398689,0.6710983823623766
378,0.546972426510711,0.5469717183683942,0.0008693815590633398,4.402657061663457,2.476066346755819,1.6552763271181188,2.9564896985801807,-1.0,-1.5719065407561397,1.2664190955818804,0.30112391836148594,-0.6679470836035357,0.0006902356024823177,0.6712004050881576
379,0.5469722067925687,0.5469714985378488,0.0008694503885701094,4.402657062057481,2.476066126917159,1.65527629661948,2.956491411622141,-1.0,-1.5719067186634308,1.2664505803575599,0.30107660554243987,-0.6680333155888835,0.0006904348819150093,0.6713024651207682
380,0.5469719869173291,0.5469712785501254,0.0008695192616585135,4.402657062452027,2.476065906921316,1.6552762661051885,2.956493127517281,-1.0,-1.571906896699861,1.2664820737100042,0.30102927972413457,-0.6681195804885902,0.0006906342952918789,0.6714045624902335
381,0.546971766884809,0.5469710584050409,0.0008695881785735413,4.402657062847096,2.4760656867681057,1.6552762355752284,2.956494846268154,-1.0,-1.5719070748655812,1.2665135756459756,0.30098194089586056,-0.6682058783287715,0.0006908338427669782,0.6715066972266167
382,0.5469715466948254,0.546970838102413,0.0008696571393047738,4.402657063242689,2.476065466457346,1.655276205029584,2.9564965678773145,-1.0,-1.571907253160742,1.266545086172244,0.3009345890468945,-0.6682922091355762,0.0006910335244946505,0.6716088693600195
383,0.546971326347195,0.5469706176420573,0.0008697261438417883,4.402657063638804,2.476065245988853,1.6552761744682405,2.9564982923473218,-1.0,-1.571907431585495,1.266576605295588,0.3008872241664997,-0.668378572935186,0.0006912333406295497,0.6717110789205819
384,0.546971105841734,0.5469703970237907,0.0008697951921741589,4.402657064035444,2.476065025362443,1.6552761438911814,2.9565000196807376,-1.0,-1.5719076101399916,1.2666081330227952,0.3008398462439256,-0.6684649697538162,0.0006914332913265049,0.6718133259384823
385,0.5469708851782588,0.5469701762474287,0.00086986428454672,4.402657064432607,2.4760648045779323,1.6552761132983917,2.9565017498801285,-1.0,-1.5719077888243835,1.266639669360661,0.3007924552684081,-0.6685513996177154,0.0006916333767406558,0.671915610443938
386,0.5469706643565846,0.546969955312787,0.0008699334209489781,4.402657064830298,2.476064583635136,1.6552760826898554,2.9565034829480643,-1.0,-1.5719079676388228,1.2666712143159895,0.3007450512291692,-0.6686378625531655,0.0006918335970272783,0.6720179324672046
387,0.5469704433765274,0.5469697342196812,0.0008700026006047678,4.402657065228513,2.4760643625338696,1.6552760520655567,2.9565052188871173,-1.0,-1.5719081465834617,1.2667027678955933,0.30069763411541744,-0.668724358586482,0.0006920339523420367,0.6721202920385767
388,0.5469702222379015,0.5469695129679258,0.0008700718247797849,4.402657065627254,2.4760641412739477,1.6552760214254807,2.956506957699864,-1.0,-1.5719083256584527,1.2667343301062932,0.3006502039163474,-0.6688108877440139,0.0006922344428407897,0.6722226891883875
389,0.5469700009405223,0.5469692915573361,0.000870141093208222,4.4026570660265225,2.4760639198551857,1.655275990769611,2.956508699388884,-1.0,-1.5719085048639485,1.266765900954919,0.30060276062113994,-0.6688974500521435,0.0006924350686796678,0.672325123947009
390,0.5469697794842041,0.5469690699877259,0.0008702104056243494,4.402657066426316,2.4760636982773976,1.6552759600979319,2.9565104439567604,-1.0,-1.5719086842001022,1.2667974804483089,0.3005553042189622,-0.6689840455372873,0.0006926358300150543,0.6724275963448524
391,0.5469695578687616,0.5469688482589097,0.0008702797625279403,4.40265706682664,2.4760634765403973,1.655275929410428,2.9565121914060817,-1.0,-1.5719088636670668,1.2668290685933092,0.3005078346989673,-0.6690706742258948,0.0006928367270035269,0.6725301064123674
392,0.5469693360940078,0.5469686263707014,0.000870349163653238,4.402657067227491,2.476063254643999,1.6552758987070828,2.9565139417394364,-1.0,-1.571909043264996,1.2668606653967756,0.3004603520502948,-0.6691573361444499,0.000693037759801935,0.6726326541800433
393,0.546969114159757,0.5469684043229144,0.0008704186084794629,4.402657067628868,2.4760630325880166,1.6552758679878814,2.9565156949594185,-1.0,-1.5719092229940435,1.2668922708655714,0.30041285626207015,-0.66924403131947,0.0006932389285675167,0.672735239678408
394,0.5469688920658217,0.5469681821153611,0.0008704880982715587,4.402657068030778,2.476062810372262,1.6552758372528078,2.9565174510686267,-1.0,-1.5719094028543634,1.2669238850065692,0.3003653473234049,-0.6693307597775063,0.0006934402334576461,0.6728378629380289
395,0.5469686698120159,0.5469679597478556,0.0008705576319985172,4.402657068433215,2.476062587996549,1.6552758065018451,2.956519210069661,-1.0,-1.57190958284611,1.2669555078266501,0.300317825223397,-0.6694175215451443,0.0006936416746299306,0.6729405239895127
396,0.5469684473981515,0.54696773722021,0.0008706272104149307,4.402657068836184,2.47606236546069,1.6552757757349787,2.9565209719651255,-1.0,-1.5719097629694376,1.2669871393327035,0.30027028995113003,-0.6695043166490031,0.0006938432522422882,0.6730432228635052
397,0.5469682248240413,0.5469675145322362,0.0008706968332550665,4.402657069239685,2.4760621427644973,1.6552757449521924,2.9565227367576288,-1.0,-1.571909943224501,1.2670187795316274,0.30022274149567385,-0.669591145115736,0.000694044966452812,0.6731459595906916
398,0.5469680020894975,0.546967291683747,0.0008707665005082688,4.402657069643712,2.4760619199077833,1.6552757141534695,2.956524504449781,-1.0,-1.5719101236114552,1.267050428430329,0.30017517984608433,-0.6696780069720304,0.0006942468174200416,0.6732487342017968
399,0.5469677791943309,0.546967068674553,0.0008708362121638782,4.402657070048274,2.4760616968903584,1.6552756833387947,2.9565262750441996,-1.0,-1.5719103041304556,1.267082086035724,0.3001276049914032,-0.6697649022446078,0.0006944488053025949,0.673351546727585
400,0.546967556138354,0.5469668455044664,0.0008709059689761069,4.402657070453367,2.4760614737120346,1.6552756525081522,2.9565280485435013,-1.0,-1.5719104847816576,1.267113752354736,0.3000800169206581,-0.6698518309602243,0.0006946509302594,0.6734543971988601
401,0.5469673329213774,0.5469666221732978,0.0008709757699143539,4.402657070858995,2.4760612503726236,1.6552756216615256,2.956529824950309,-1.0,-1.571910665565217,1.2671454273942984,0.30003241562286287,-0.6699387931456697,0.0006948531924496964,0.6735572856464657
402,0.5469671095432124,0.5469663986808583,0.0008710456159876805,4.4026570712651525,2.4760610268719354,1.655275590798899,2.956531604267248,-1.0,-1.5719108464812899,1.2671771111613523,0.2999848010870171,-0.6700257888277689,0.0006950555920329177,0.6736602121012849
403,0.5469668860036694,0.5469661750269583,0.0008711155064205394,4.402657071671845,2.476060803209781,1.6552755599202567,2.956533386496948,-1.0,-1.5719110275300323,1.2672088036628484,0.2999371733021061,-0.6701128180333802,0.0006952581291687304,0.6737631765942411
404,0.5469666623025584,0.5469659512114078,0.0008711854419668836,4.402657072079072,2.47606057938597,1.6552755290255823,2.9565351716420425,-1.0,-1.5719112087116012,1.2672405049057456,0.2998895322571014,-0.6701998807893974,0.0006954608040172288,0.6738661791562971
405,0.5469664384396888,0.5469657272340162,0.0008712554223609932,4.402657072486834,2.4760603554003118,1.6552754981148592,2.9565369597051676,-1.0,-1.571911390026153,1.267272214897012,0.29984187794096007,-0.6702869771227483,0.0006956636167385266,0.6739692198184557
406,0.5469662144148718,0.5469655030945937,0.0008713254473372272,4.402657072895131,2.476060131252617,1.655275467188072,2.9565387506889627,-1.0,-1.571911571473845,1.2673039336436236,0.2997942103426251,-0.6703741070603952,0.0006958665674932035,0.6740722986117601
407,0.5469659902279145,0.5469652787929488,0.0008713955176492826,4.402657073303963,2.4760599069426936,1.6552754362452045,2.9565405445960717,-1.0,-1.5719117530548345,1.2673356611525661,0.29974652945102526,-0.6704612706293355,0.0006960696564420532,0.6741754155672932
408,0.5469657658786269,0.5469650543288903,0.0008714656327766348,4.402657073713333,2.4760596824703507,1.6552754052862402,2.956542341429143,-1.0,-1.5719119347692792,1.2673673974308337,0.299698835255075,-0.6705484678566007,0.0006962728837460441,0.6742785707161782
409,0.5469655413668182,0.5469648297022277,0.0008715357929632415,4.402657074123237,2.4760594578353983,1.6552753743111632,2.956544141190826,-1.0,-1.5719121166173367,1.2673991424854292,0.29965112774367464,-0.6706356987692578,0.0006964762495664749,0.6743817640895785
410,0.5469653166922958,0.5469646049127681,0.000871605998452975,4.402657074533678,2.4760592330376423,1.6552753433199576,2.9565459438837767,-1.0,-1.5719122985991651,1.2674308963233645,0.29960340690571013,-0.6707229633944081,0.0006966797540649554,0.6744849957186978
411,0.5469650918548683,0.5469643799603205,0.0008716762487254233,4.402657074944659,2.4760590080768923,1.6552753123126063,2.9565477495106527,-1.0,-1.5719124807149227,1.26746265895166,0.2995556727300531,-0.6708102617591878,0.0006968833974032505,0.6745882656347802
412,0.5469648668543438,0.546964154844692,0.0008717465442791846,4.402657075356179,2.476058782952956,1.6552752812890938,2.956549558074116,-1.0,-1.5719126629647684,1.2674944303773454,0.29950792520556085,-0.6708975938907684,0.0006970871797434557,0.6746915738691104
413,0.546964641690528,0.5469639295656895,0.0008718168856126893,4.402657075768235,2.476058557665639,1.655275250249403,2.956551369576831,-1.0,-1.5719128453488609,1.2675262106074592,0.29946016432107636,-0.6709849598163564,0.0006972911012480159,0.6747949204530131
414,0.5469644163632302,0.5469637041231201,0.0008718872716961721,4.40265707618083,2.4760583322147496,1.6552752191935185,2.956553184021468,-1.0,-1.5719130278673596,1.2675579996490483,0.29941239006542814,-0.671072359563193,0.000697495162079415,0.6748983054178544
415,0.5469641908722558,0.5469634785167914,0.000871957703537399,4.402657076593966,2.4760581066000946,1.6552751881214236,2.9565550014106994,-1.0,-1.5719132105204234,1.267589797509169,0.2993646024274303,-0.6711597931585548,0.0006976993624006615,0.6750017287950403
416,0.5469639652174109,0.5469632527465083,0.0008720281803613924,4.402657077007641,2.4760578808214793,1.6552751570331017,2.956556821747202,-1.0,-1.5719133933082126,1.2676216041948862,0.2993168013958825,-0.6712472606297536,0.0006979037023748029,0.6751051906160179
417,0.5469637393985027,0.546963026812078,0.0008720987026664658,4.402657077421859,2.4760576548787108,1.655275125928537,2.956558645033656,-1.0,-1.5719135762308865,1.267653419713274,0.29926898695957,-0.6713347620041364,0.0006981081821654304,0.6752086909122751
418,0.5469635134153361,0.5469628007133053,0.0008721692706961753,4.402657077836617,2.4760574287715937,1.6552750948077124,2.9565604712727445,-1.0,-1.5719137592886059,1.2676852440714157,0.2992211591072636,-0.6714222973090859,0.0006983128019360384,0.6753122297153406
419,0.5469632872677167,0.5469625744499957,0.0008722398839302866,4.4026570782519165,2.476057202499934,1.655275063670612,2.9565623004671555,-1.0,-1.571913942481531,1.2677170772764028,0.2991733178277194,-0.6715098665720194,0.0006985175618507815,0.675415807056784
420,0.5469630609554498,0.5469623480219549,0.0008723105431214649,4.402657078667759,2.4760569760635365,1.6552750325172192,2.9565641326195804,-1.0,-1.5719141258098224,1.2677489193353364,0.299125463109679,-0.6715974698203905,0.000698722462073834,0.6755194229682159
421,0.5469628344783407,0.5469621214289871,0.000872381248004016,4.402657079084144,2.4760567494622068,1.655275001347517,2.956565967732713,-1.0,-1.5719143092736412,1.2677807702553263,0.2990775949418697,-0.6716851070816879,0.0006989275027696227,0.6756230774812881
422,0.5469626078361929,0.5469618946708964,0.0008724519980578185,4.402657079501072,2.4760565226957474,1.6552749701614902,2.956567805809253,-1.0,-1.5719144928731488,1.2678126300434913,0.29902971331300376,-0.671772778383436,0.0006991326841030019,0.6757267706276938
423,0.5469623810288115,0.5469616677474878,0.000872522794289827,4.402657079918545,2.4760562957639642,1.6552749389591206,2.956569646851902,-1.0,-1.5719146766085068,1.2678444987069597,0.2989818182117792,-0.6718604837531946,0.0006993380062390395,0.675830502439167
424,0.5469621540560002,0.5469614406585642,0.0008725936361798715,4.402657080336562,2.47605606866666,1.6552749077403932,2.956571490863366,-1.0,-1.5719148604798767,1.2678763762528682,0.2989339096268792,-0.6719482232185596,0.000699543469342959,0.6759342729474832
425,0.5469619269175622,0.5469612134039297,0.0008726645239712773,4.402657080755122,2.476055841403639,1.6552748765052898,2.9565733378463546,-1.0,-1.5719150444874206,1.2679082626883629,0.2988859875469723,-0.6720359968071624,0.0006997490735805082,0.6760380821844593
426,0.5469616996133004,0.5469609859833867,0.0008727354579072829,4.40265708117423,2.476055613974703,1.6552748452537953,2.9565751878035824,-1.0,-1.5719152286313012,1.267940158020599,0.29883805196071234,-0.6721238045466702,0.0006999548191173768,0.6761419301819536
427,0.5469614721430187,0.5469607583967384,0.0008728064374678317,4.402657081593883,2.476055386379656,1.6552748139858926,2.9565770407377654,-1.0,-1.5719154129116808,1.2679720622567405,0.2987901028567384,-0.6722116464647863,0.0007001607061199153,0.676245816971866
428,0.5469612445065183,0.5469605306437867,0.0008728774628961757,4.402657082014083,2.4760551586182995,1.6552747827015644,2.956578896651625,-1.0,-1.5719155973287224,1.2680039754039611,0.2987421402236749,-0.6722995225892499,0.0007003667347544154,0.676349742586138
429,0.5469610167036023,0.5469603027243347,0.0008729485346898427,4.4026570824348275,2.4760549306904363,1.655274751400795,2.9565807555478854,-1.0,-1.571915781882589,1.2680358974694428,0.2986941640501314,-0.6723874329478361,0.0007005729051876162,0.6764537070567528
430,0.5469607887340726,0.5469600746381833,0.000873019652328827,4.402657082856122,2.4760547025958677,1.655274720083567,2.956582617429276,-1.0,-1.5719159665734443,1.2680678284603777,0.2986461743247027,-0.6724753775683563,0.0007007792175864506,0.6765577104157352
431,0.5469605605977305,0.5469598463851342,0.0008730908160562459,4.4026570832779655,2.4760544743343953,1.655274688749864,2.956584482298529,-1.0,-1.571916151401452,1.268099768383966,0.2985981710359687,-0.672563356478658,0.0007009856721181433,0.676661752695152
432,0.5469603322943776,0.5469596179649892,0.0008731620263694295,4.402657083700356,2.4760542459058206,1.6552746573996693,2.956586350158379,-1.0,-1.5719163363667756,1.268131717247418,0.2985501541724946,-0.6726513697066246,0.0007011922689503073,0.6767658339271121
433,0.5469601038238138,0.5469593893775478,0.0008732332827484234,4.402657084123295,2.476054017309944,1.6552746260329656,2.956588221011567,-1.0,-1.5719165214695798,1.2681636750579528,0.2985021237228305,-0.6727394172801764,0.0007013990082506919,0.6768699541437658
434,0.5469598751858409,0.5469591606226117,0.0008733045856904675,4.402657084546784,2.476053788546566,1.6552745946497363,2.9565900948608363,-1.0,-1.571916706710029,1.2681956418227986,0.29845407967551174,-0.6728274992272695,0.0007016058901873765,0.676974113377306
435,0.5469596463802582,0.5469589316999802,0.0008733759341672088,4.402657084970823,2.4760535596154867,1.6552745632499652,2.9565919717089337,-1.0,-1.571916892088288,1.2682276175491929,0.2984060220190587,-0.6729156155758966,0.0007018129149287514,0.6770783116599673
436,0.5469594174068664,0.5469587026094536,0.0008734473296927869,4.402657085395414,2.476053330516506,1.6552745318336348,2.956593851558611,-1.0,-1.5719170776045217,1.2682596022443824,0.29835795074197674,-0.673003766354087,0.0007020200826434595,0.677182549024027
437,0.546959188265464,0.5469584733508309,0.0008735187714930788,4.402657085820554,2.4760531012494233,1.655274500400729,2.956595734412623,-1.0,-1.5719172632588958,1.2682915959156231,0.2983098658327563,-0.6730919515899063,0.0007022273935003379,0.6772868255018042
438,0.5469589589558514,0.5469582439239117,0.0008735902595567316,4.402657086246247,2.4760528718140375,1.6552744689512295,2.9565976202737287,-1.0,-1.5719174490515757,1.2683235985701806,0.2982617672798728,-0.6731801713114569,0.0007024348476686708,0.6773911411256606
439,0.546958729477827,0.5469580143284944,0.0008736617946348504,4.402657086672493,2.476052642210148,1.6552744374851203,2.95659950914469,-1.0,-1.5719176349827273,1.2683556102153293,0.29821365507178654,-0.6732684255468778,0.0007026424453179168,0.6774954959280004
440,0.5469584998311892,0.5469577845643778,0.0008737333759534882,4.402657087099291,2.4760524124375527,1.6552744060023843,2.9566014010282737,-1.0,-1.5719178210525169,1.268387630858353,0.2981655291969428,-0.6733567143243449,0.0007028501866178264,0.6775998899412702
441,0.5469582700157363,0.5469575546313599,0.0008738050042636182,4.402657087526642,2.4760521824960495,1.6552743745030047,2.956603295927251,-1.0,-1.5719180072611108,1.268419660506545,0.29811738964377166,-0.6734450376720704,0.0007030580717385385,0.677704323197959
442,0.5469580400312661,0.5469573245292383,0.0008738766787914106,4.402657087954547,2.4760519523854367,1.6552743429869643,2.9566051938443945,-1.0,-1.5719181936086757,1.2684516991672077,0.29806923640068833,-0.6735333956183042,0.000703266100850328,0.6778087957305988
443,0.5469578098775767,0.5469570942578108,0.0008739484005417767,4.402657088383007,2.4760517221055123,1.655274311454246,2.956607094782483,-1.0,-1.5719183800953787,1.268483746847653,0.29802106945609264,-0.6736217881913322,0.0007034742741237224,0.6779133075717643
444,0.5469575795544647,0.5469568638168745,0.0008740201689949918,4.402657088812024,2.4760514916560723,1.6552742799048326,2.956608998744298,-1.0,-1.571918566721387,1.2685158035552024,0.29797288879836936,-0.6737102154194782,0.0007036825917297154,0.6780178587540726
445,0.5469573490617273,0.5469566332062256,0.0008740919841395522,4.402657089241592,2.4760512610369134,1.6552742483387075,2.956610905732625,-1.0,-1.5719187534868686,1.2685478692971863,0.297924694415888,-0.6737986773311023,0.0007038910538394951,0.6781224493101843
446,0.5469571183991607,0.5469564024256609,0.0008741638467259744,4.402657089671719,2.4760510302478327,1.6552742167558532,2.956612815750254,-1.0,-1.5719189403919909,1.2685799440809447,0.29787648629700275,-0.6738871739546023,0.0007040996606245605,0.6782270792728023
447,0.5469568875665611,0.5469561714749763,0.0008742357554726236,4.4026570901024025,2.476050799288626,1.6552741851562527,2.9566147287999778,-1.0,-1.5719191274369222,1.268612027913827,0.2978282644300527,-0.6739757053184129,0.0007043084122565854,0.6783317486746733
448,0.5469566565637246,0.546955940353968,0.0008743077116379412,4.4026570905336415,2.476050568159089,1.6552741535398887,2.956616644884594,-1.0,-1.5719193146218309,1.2686441208031924,0.29778002880336163,-0.674064271451006,0.0007045173089076126,0.6784364575485865
449,0.5469564253904472,0.5469557090624312,0.0008743797149562753,4.4026570909654374,2.4760503368590174,1.6552741219067444,2.9566185640069045,-1.0,-1.5719195019468857,1.268676222756409,0.2977317794052378,-0.6741528723808912,0.0007047263507500542,0.6785412059273745
450,0.5469561940465235,0.546955477600161,0.0008744517654159779,4.402657091397795,2.4760501053882065,1.6552740902568024,2.956620486169714,-1.0,-1.5719196894122553,1.2687083337808545,0.29768351622397443,-0.674241508136615,0.000704935537956439,0.6786459938439133
451,0.5469559625317479,0.5469552459669517,0.0008745238624975905,4.402657091830709,2.4760498737464496,1.6552740585900456,2.9566224113758306,-1.0,-1.5719198770181095,1.2687404538839162,0.29763523924784924,-0.6743301787467618,0.0007051448706997035,0.6787508213311222
452,0.546955730845915,0.5469550141625975,0.0008745960074589957,4.402657092264182,2.4760496419335416,1.6552740269064559,2.9566243396280685,-1.0,-1.5719200647646177,1.2687725830729912,0.29758694846512446,-0.6744188842399536,0.0007053543491531342,0.6788556884219636
453,0.5469554989888199,0.5469547821868936,0.0008746681992728996,4.402657092698217,2.476049409949278,1.655273995206017,2.9566262709292443,-1.0,-1.5719202526519496,1.2688047213554856,0.29753864386404694,-0.6745076246448495,0.0007055639734901534,0.6789605951494441
454,0.5469552669602556,0.5469545500396332,0.0008747404391969051,4.40265709313281,2.4760491777934517,1.655273963488711,2.956628205282178,-1.0,-1.5719204406802754,1.2688368687388154,0.2974903254328483,-0.6745963999901466,0.0007057737438845138,0.6790655415466131
455,0.5469550347600154,0.5469543177206085,0.0008748127254423565,4.4026570935679645,2.4760489454658545,1.6552739317545204,2.9566301426896953,-1.0,-1.5719206288497654,1.2688690252304058,0.29744199315974434,-0.6746852103045798,0.0007059836605103567,0.6791705276465644
456,0.546954802387893,0.5469540852296142,0.0008748850595205636,4.402657094003682,2.476048712966281,1.6552739000034287,2.956632083154624,-1.0,-1.5719208171605905,1.2689011908376917,0.29739364703293547,-0.6747740556169216,0.0007061937235419593,0.6792755534824351
457,0.54695456984368,0.5469538525664414,0.0008749574414196634,4.402657094439958,2.4760484802945233,1.6552738682354176,2.956634026679797,-1.0,-1.5719210056129216,1.2689333655681179,0.2973452870406067,-0.6748629359559827,0.0007064039331540265,0.6793806190874061
458,0.5469543371271702,0.5469536197308833,0.000875029870112762,4.402657094876799,2.4760482474503736,1.65527383645047,2.956635973268052,-1.0,-1.57192119420693,1.2689655494291383,0.29729691317092727,-0.6749518513506112,0.000706614289521457,0.6794857244947025
459,0.5469541042381549,0.5469533867227319,0.0008751023471106546,4.402657095314204,2.4760480144336245,1.655273804648569,2.9566379229222277,-1.0,-1.5719213829427872,1.2689977424282166,0.29724852541205093,-0.6750408018296936,0.0007068247928195773,0.6795908697375931
460,0.5469538711764261,0.5469531535417784,0.0008751748713864816,4.40265709575217,2.476047781244067,1.6552737728296967,2.9566398756451693,-1.0,-1.571921571820665,1.2690299445728264,0.2972001237521159,-0.6751297874221546,0.0007070354432238111,0.6796960548493909
461,0.5469536379417748,0.546952920187814,0.0008752474436895712,4.402657096190703,2.4760475478814925,1.655273740993835,2.956641831439726,-1.0,-1.5719217608407356,1.2690621558704507,0.2971517081792447,-0.6752188081569568,0.0007072462409100869,0.6798012798634531
462,0.5469534045339921,0.5469526866606301,0.0008753200635006327,4.402657096629798,2.4760473143456916,1.6552737091409673,2.9566437903087492,-1.0,-1.5719219500031716,1.2690943763285822,0.29710327868154396,-0.675307864063101,0.0007074571860545085,0.6799065448131809
463,0.5469531709528691,0.5469524529600169,0.000875392731061494,4.40265709706946,2.476047080636455,1.655273677271075,2.956645752255096,-1.0,-1.5719221393081455,1.2691266059547235,0.2970548352471049,-0.6753969551696263,0.0007076682788334707,0.6800118497320202
464,0.5469529371981952,0.5469522190857644,0.0008754654466138954,4.402657097509688,2.4760468467535732,1.6552736453841417,2.9566477172816272,-1.0,-1.5719223287558306,1.2691588447563864,0.2970063778640028,-0.6754860815056103,0.000707879519423699,0.680117194653461
465,0.54695270326976,0.5469519850376621,0.0008755382096386606,4.402657097950481,2.476046612696835,1.655273613480149,2.9566496853912065,-1.0,-1.5719225183464,1.269191092741093,0.2969579065202973,-0.675575243100169,0.0007080909080022488,0.6802225796110376
466,0.546952469167355,0.5469517508155001,0.0008756110208847197,4.402657098391842,2.4760463784660307,1.6552735815590796,2.9566516565867027,-1.0,-1.5719227080800275,1.2692233499163748,0.29690942120403224,-0.6756644399824568,0.0007083024447464089,0.6803280046383292
467,0.5469522348907682,0.5469515164190678,0.000875683880086477,4.402657098833769,2.47604614406095,1.6552735496209154,2.9566536308709885,-1.0,-1.5719228979568867,1.269255616289773,0.29686092190323554,-0.6757536721816667,0.0007085141298337791,0.6804334697689595
468,0.5469520004397885,0.5469512818481533,0.0008757567879926013,4.402657099276267,2.47604590948138,1.6552735176656397,2.956655608246941,-1.0,-1.571923087977152,1.2692878918688388,0.29681240860591934,-0.6758429397270304,0.0007087259634423473,0.6805389750365968
469,0.5469517658142039,0.546951047102545,0.0008758297433233052,4.40265709971933,2.4760456747271107,1.6552734856932336,2.956657588717439,-1.0,-1.571923278140998,1.2693201766611333,0.29676388130008,-0.6759322426478181,0.0007089379457502379,0.6806445204749543
470,0.5469515310138033,0.5469508121820312,0.0008759027473342571,4.402657100162965,2.476045439797929,1.6552734537036797,2.9566595722853695,-1.0,-1.5719234684485994,1.269352470674227,0.2967153399736978,-0.6760215809733391,0.0007091500769360412,0.68075010611779
471,0.5469512960383747,0.5469505770863994,0.0008759757989993557,4.402657100607168,2.4760452046936225,1.6552734216969607,2.9566615589536194,-1.0,-1.571923658900131,1.2693847739157005,0.2966667846147372,-0.6761109547329411,0.000709362357178542,0.680855731998907
472,0.5469510608877043,0.5469503418154368,0.000876048899067064,4.402657101051942,2.4760449694139792,1.6552733896730585,2.956663548725082,-1.0,-1.5719238494957686,1.2694170863931442,0.2966182152111467,-0.6762003639560112,0.0007095747866568749,0.6809613981521533
473,0.54695082556158,0.5469501063689308,0.0008761220477787067,4.402657101497287,2.476044733958786,1.655273357631955,2.956665541602655,-1.0,-1.5719240402356878,1.2694494081141583,0.2965696317508586,-0.6762898086719752,0.0007097873655503685,0.681067104611422
474,0.5469505900597889,0.5469498707466677,0.0008761952448686816,4.402657101943202,2.4760444983278296,1.6552733255736327,2.956667537589238,-1.0,-1.5719242311200645,1.2694817390863529,0.2965210342217895,-0.676379288910298,0.0007100000940388181,0.6811728514106514
475,0.5469503543821167,0.5469496349484338,0.0008762684900714675,4.40265710238969,2.4760442625208956,1.6552732934980736,2.9566695366877376,-1.0,-1.571924422149075,1.269514079317348,0.29647242261183976,-0.6764688047004835,0.0007102129723023295,0.6812786385838252
476,0.5469501185283498,0.5469493989740152,0.0008763417841351304,4.402657102836751,2.47604402653777,1.6552732614052599,2.956671538901061,-1.0,-1.5719246133228957,1.2695464288147738,0.2964237969088937,-0.6765583560720752,0.0007104260005212223,0.6813844661649723
477,0.5469498824982734,0.5469491628231969,0.0008764151267940563,4.402657103284384,2.476043790378239,1.6552732292951737,2.956673544232123,-1.0,-1.5719248046417036,1.2695787875862699,0.2963751571008195,-0.6766479430546554,0.0007106391788760105,0.6814903341881672
478,0.5469496462916729,0.5469489264957643,0.0008764885172760433,4.402657103732591,2.4760435540420866,1.6552731971677965,2.95667555268384,-1.0,-1.571924996105676,1.2696111556394862,0.2963265031754693,-0.6767375656778459,0.0007108525075477714,0.6815962426875296
479,0.5469494099083332,0.5469486899915023,0.000876561957342271,4.4026571041813725,2.476043317529099,1.6552731650231112,2.9566775642591345,-1.0,-1.5719251877149905,1.2696435329820825,0.296277835120679,-0.6768272239713081,0.0007110659867176796,0.6817021916972255
480,0.546949173348039,0.5469484533101949,0.0008766354454605264,4.402657104630729,2.4760430808390588,1.6552731328610986,2.956679578960931,-1.0,-1.5719253794698247,1.2696759196217287,0.2962291529242683,-0.6769169179647428,0.0007112796165673176,0.6818081812514657
481,0.5469489366105738,0.5469482164516262,0.0008767089826318085,4.40265710508066,2.4760428439717512,1.6552731006817414,2.9566815967921594,-1.0,-1.5719255713703568,1.2697083155661044,0.2961804565740407,-0.6770066476878902,0.0007114933972785399,0.6819142113845075
482,0.5469486996957221,0.5469479794155803,0.0008767825688437748,4.402657105531167,2.47604260692696,1.6552730684850219,2.956683617755754,-1.0,-1.5719257634167652,1.2697407208228995,0.29613174605778336,-0.67709641317053,0.0007117073290335508,0.6820202821306537
483,0.546948462603267,0.5469477422018406,0.0008768562038308507,4.402657105982251,2.4760423697044684,1.6552730362709214,2.9566856418546523,-1.0,-1.5719259556092282,1.2697731353998136,0.29608302136326725,-0.6771862144424822,0.0007119214120149043,0.6821263935242532
484,0.5469482253329915,0.5469475048101894,0.0008769298873275426,4.402657106433913,2.4760421323040585,1.655273004039422,2.9566876690917967,-1.0,-1.5719261479479252,1.269805559304557,0.29603428247824704,-0.6772760515336059,0.0007121356464052709,0.6822325455997007
485,0.5469479878846791,0.5469472672404099,0.0008770036200811802,4.40265710688615,2.4760418947255136,1.6552729717905053,2.9566896994701333,-1.0,-1.5719263404330355,1.2698379925448493,0.295985529390461,-0.6773659244738005,0.0007123500323879234,0.6823387383914373
486,0.5469477502581102,0.5469470294922836,0.000877077402332505,4.402657107338965,2.476041656968616,1.6552729395241532,2.9566917329926126,-1.0,-1.5719265330647387,1.269870435128421,0.2959367620876311,-0.6774558332930051,0.0007125645701461542,0.6824449719339503
487,0.5469475124530693,0.5469467915655928,0.0008771512330564548,4.402657107792361,2.4760414190331472,1.6552729072403474,2.9566937696621904,-1.0,-1.5719267258432146,1.269902887063012,0.2958879805574627,-0.6775457780211988,0.0007127792598637218,0.6825512462617728
488,0.5469472744693357,0.5469465534601192,0.0008772251135063988,4.402657108246335,2.4760411809188887,1.6552728749390702,2.956695809481824,-1.0,-1.5719269187686435,1.2699353483563727,0.2958391847876449,-0.6776357586884009,0.0007129941017246567,0.6826575614094849
489,0.5469470363066913,0.546946315175643,0.000877299042910473,4.40265710870089,2.4760409426256214,1.6552728426203025,2.9566978524544774,-1.0,-1.5719271118412061,1.2699678190162635,0.2957903747658504,-0.6777257753246707,0.0007132090959133003,0.6827639174117127
490,0.5469467979649175,0.5469460767119457,0.0008773730215093819,4.402657109156024,2.4760407041531263,1.6552728102840268,2.956699898583117,-1.0,-1.5719273050610834,1.270000299050455,0.29574155047973527,-0.6778158279601078,0.0007134242426144411,0.6828703143031292
491,0.5469465594437946,0.5469458380688073,0.0008774470490376246,4.402657109611741,2.476040465501183,1.655272777930224,2.9567019478707155,-1.0,-1.571927498428456,1.2700327884667284,0.29569271191693913,-0.6779059166248519,0.0007136395420129255,0.6829767521184535
492,0.5469463207431022,0.5469455992460078,0.0008775211259888905,4.402657110068036,2.4760402266695727,1.6552727455588767,2.9567040003202476,-1.0,-1.5719276919435057,1.2700652872728742,0.29564385906508495,-0.6779960413490833,0.000713854994294183,0.683083230892452
493,0.5469460818626193,0.5469453602433264,0.0008775952528566941,4.402657110524916,2.4760399876580736,1.6552727131699656,2.956706055934694,-1.0,-1.5719278856064143,1.2700977954766939,0.29559499191177924,-0.6780862021630226,0.0007140705996437985,0.6831897506599376
494,0.5469458428021269,0.5469451210605427,0.000877669429122401,4.40265711098238,2.476039748466466,1.6552726807634723,2.9567081147170384,-1.0,-1.571928079417364,1.270130313085999,0.2955461104446118,-0.6781763990969308,0.0007142863582476483,0.68329631145577
495,0.5469456035614029,0.5469448816974359,0.0008777436550264596,4.402657111440424,2.4760395090945284,1.655272648339379,2.9567101766702684,-1.0,-1.5719282733765367,1.2701628401086114,0.29549721465115586,-0.6782666321811098,0.0007145022702921139,0.683402913314856
496,0.5469453641402263,0.546944642153784,0.0008778179303033272,4.402657111899053,2.4760392695420386,1.6552726158976667,2.9567122417973777,-1.0,-1.5719284674841159,1.2701953765523628,0.29544830451896786,-0.6783569014459019,0.000714718335963635,0.6835095562721495
497,0.5469451245383752,0.546944402429365,0.0008778922551934016,4.402657112358269,2.476039029808776,1.6552725834383173,2.956714310101363,-1.0,-1.5719286617402841,1.2702279224250956,0.29539938003558763,-0.6784472069216901,0.000714934555449176,0.6836162403626513
498,0.5469448847556259,0.546944162523956,0.0008779666296840825,4.402657112818066,2.476038789894516,1.6552725509613118,2.9567163815852253,-1.0,-1.571928856145225,1.2702604777346627,0.29535044118853826,-0.6785375486388985,0.0007151509289359732,0.6837229656214098
499,0.5469446447917582,0.5469439224373355,0.0008780410542685384,4.40265711327845,2.4760385497990383,1.6552725184666324,2.9567184562519713,-1.0,-1.571929050699122,1.2702930424889267,0.295301487965326,-0.6786279266279915,0.0007153674566115543,0.6838297320835204
500,0.5469444046465478,0.5469436821692799,0.0008781155284283025,4.402657113739421,2.4760383095221186,1.6552724859542598,2.9567205341046088,-1.0,-1.571929245402159,1.270325616695761,0.29525252035344046,-0.6787183409194751,0.0007155841386636997,0.6839365397841259
501,0.5469441643197722,0.5469434417195661,0.0008781900526564491,4.40265711420098,2.476038069063534,1.6552724534241758,2.956722615146153,-1.0,-1.5719294402545203,1.2703582003630496,0.2952035383403542,-0.6788087915438961,0.0007158009752806561,0.6840433887584167
502,0.5469439238112059,0.546943201087969,0.0008782646266874106,4.402657114663125,2.4760378284230598,1.6552724208763612,2.9567246993796217,-1.0,-1.571929635256391,1.2703907934986864,0.2951545419135231,-0.6788992785318422,0.0007160179666509032,0.684150279041631
503,0.5469436831206266,0.5469429602742651,0.0008783392510141031,4.402657115125857,2.4760375876004717,1.6552723883107976,2.9567267868080376,-1.0,-1.5719298304079556,1.270423396110576,0.29510553106038606,-0.6789898019139424,0.0007162351129632899,0.6842572106690541
504,0.546943442247809,0.54694271927823,0.0008784139248653706,4.402657115589178,2.476037346595546,1.655272355727467,2.9567288774344282,-1.0,-1.5719300257093998,1.270456008206633,0.295056505768365,-0.6790803617208672,0.0007164524144069762,0.6843641836760195
505,0.546943201192528,0.5469424780996388,0.0008784886494923721,4.4026571160530885,2.476037105408057,1.6552723231263498,2.9567309712618246,-1.0,-1.5719302211609085,1.270488629794783,0.295007466024865,-0.6791709579833279,0.0007166698711713743,0.6844711980979085
506,0.5469429599545588,0.5469422367382656,0.0008785634241239433,4.402657116517589,2.4760368640377797,1.6552722905074266,2.9567330682932624,-1.0,-1.5719304167626682,1.2705212608829621,0.29495841181727417,-0.6792615907320778,0.0007168874834463046,0.68457825397015
507,0.5469427185336747,0.5469419951938844,0.0008786382484946032,4.40265711698268,2.4760366224844876,1.655272257870681,2.9567351685317815,-1.0,-1.571930612514865,1.270553901479116,0.2949093431329634,-0.6793522599979113,0.0007171052514218984,0.6846853513282214
508,0.546942476929651,0.5469417534662695,0.0008787131230970316,4.402657117448361,2.4760363807479555,1.6552722252160919,2.956737271980426,-1.0,-1.5719308084176855,1.2705865515912023,0.2948602599592869,-0.6794429658116644,0.0007173231752886172,0.6847924902076477
509,0.5469422351422614,0.5469415115551947,0.0008787880484237319,4.402657117914635,2.4760361388279564,1.6552721925436413,2.956739378642245,-1.0,-1.5719310044713162,1.2706192112271877,0.2948111622835814,-0.6795337082042149,0.0007175412552372917,0.6848996706440025
510,0.5469419931712773,0.5469412694604324,0.0008788630242090808,4.402657118381499,2.4760358967242633,1.65527215985331,2.9567414885202905,-1.0,-1.5719312006759445,1.2706518803950504,0.2947620500931668,-0.6796244872064823,0.0007177594914589858,0.6850068926729075
511,0.5469417510164727,0.5469410271817555,0.0008789380504401658,4.402657118848955,2.4760356544366484,1.65527212714508,2.956743601617621,-1.0,-1.571931397031758,1.2706845591027787,0.29471292337534566,-0.6797153028494276,0.0007179778841451324,0.6851141563300328
512,0.5469415086776199,0.5469407847189358,0.0008790131268514631,4.4026571193170065,2.476035411964884,1.655272094418931,2.9567457179372987,-1.0,-1.5719315935389446,1.2707172473583719,0.29466378211740357,-0.6798061551640541,0.000718196433487553,0.685221461651097
513,0.5469412661544911,0.5469405420717459,0.0008790882539352863,4.402657119785653,2.476035169308743,1.6552720616748446,2.9567478374823892,-1.0,-1.5719317901976921,1.2707499451698394,0.2946146263066087,-0.6798970441814066,0.000718415139678244,0.6853288086718672
514,0.5469410234468566,0.5469402992399566,0.0008791634314260817,4.40265712025489,2.476034926467996,1.6552720289128025,2.956749960255962,-1.0,-1.5719319870081896,1.2707826525452015,0.2945654559302121,-0.6799879699325723,0.0007186340029096878,0.6854361974281592
515,0.5469407805544894,0.5469400562233393,0.000879238660068545,4.402657120724725,2.4760346834424136,1.655271996132785,2.956752086261094,-1.0,-1.5719321839706253,1.270815369492489,0.2945162709754476,-0.6800789324486802,0.0007188530233746577,0.6855436279558373
516,0.5469405374771581,0.5469398130216646,0.0008793139393445072,4.402657121195153,2.4760344402317673,1.6552719633347732,2.9567542155008635,-1.0,-1.5719323810851886,1.270848096019744,0.2944670714295316,-0.6801699317609018,0.000719072201266316,0.685651100290815
517,0.5469402942146355,0.5469395696347031,0.0008793892694934635,4.40265712166618,2.4760341968358275,1.6552719305187478,2.9567563479783554,-1.0,-1.5719325783520692,1.270880832135018,0.29441785727966324,-0.6802609679004505,0.0007192915367779024,0.6857586144690544
518,0.54694005076669,0.5469393260622241,0.0008794646499973875,4.4026571221378035,2.476033953254363,1.65527189768469,2.9567584836966567,-1.0,-1.5719327757714565,1.2709135778463743,0.2943686285130243,-0.6803520408985825,0.0007195110301033953,0.6858661705265668
519,0.5469398071330918,0.5469390823039972,0.0008795400816006981,4.402657122610024,2.4760337094871443,1.6552718648325804,2.956760622658861,-1.0,-1.571932973343541,1.2709463331618864,0.29431938511677913,-0.6804431507865958,0.0007197306814367339,0.6859737684994126
520,0.5469395633136099,0.5469388383597922,0.0008796155645426833,4.402657123082841,2.4760334655339404,1.6552718319623996,2.9567627648680648,-1.0,-1.5719331710685127,1.270979098089639,0.29427012707807465,-0.6805342975958315,0.0007199504909724209,0.686081408423701
521,0.5469393193080134,0.546938594229377,0.0008796910980528912,4.402657123556257,2.4760332213945198,1.655271799074129,2.95676491032737,-1.0,-1.5719333689465629,1.2710118726377269,0.29422085438404033,-0.6806254813576728,0.0007201704589053088,0.6861890903355912
522,0.5469390751160695,0.5469383499125192,0.0008797666831278585,4.402657124030274,2.476032977068649,1.6552717661677492,2.956767059039884,-1.0,-1.5719335669778827,1.271044656814256,0.29417156702178815,-0.6807167021035457,0.0007203905854303861,0.6862968142712911
523,0.546938830737548,0.5469381054089881,0.0008798423187448212,4.402657124504891,2.476032732556099,1.6552717332432405,2.956769211008716,-1.0,-1.5719337651626633,1.2710774506273432,0.29412226497841254,-0.6808079598649193,0.0007206108707431464,0.6864045802670583
524,0.5469385861722149,0.5469378607185504,0.0008799180061524806,4.402657124980107,2.476032487856635,1.6552717003005841,2.95677136623698,-1.0,-1.5719339635010965,1.271110254085116,0.2940729482409905,-0.6808992546733048,0.0007208313150393165,0.6865123883592001
525,0.5469383414198378,0.5469376158409734,0.0008799937445804977,4.402657125455924,2.476032242970025,1.6552716673397607,2.9567735247277978,-1.0,-1.5719341619933747,1.2711430671957127,0.2940236167965812,-0.6809905865602569,0.0007210519185151865,0.6866202385840734
526,0.5469380964801841,0.5469373707760236,0.0008800695342680035,4.402657125932342,2.476031997896035,1.6552716343607503,2.956775686484292,-1.0,-1.57193436063969,1.2711758899672825,0.29397427063222625,-0.681081955557373,0.0007212726813670274,0.6867281309780845
527,0.5469378513530199,0.5469371255234675,0.0008801453752017561,4.4026571264093635,2.4760317526344324,1.6552716013635345,2.9567778515095924,-1.0,-1.5719345594402356,1.2712087224079855,0.29392490973494984,-0.6811733616962937,0.0007214936037917897,0.68683606557769
528,0.5469376060381109,0.5469368800830705,0.0008802212676207693,4.402657126886987,2.476031507184982,1.6552715683480923,2.9567800198068315,-1.0,-1.5719347583952046,1.271241564525993,0.29387553409175815,-0.6812648050087025,0.0007217146859865603,0.6869440424193961
529,0.5469373605352228,0.5469366344545985,0.0008802972117639653,4.402657127365215,2.4760312615474493,1.6552715353144063,2.956782191379147,-1.0,-1.57193495750479,1.2712744163294862,0.2938261436896398,-0.681356285526326,0.0007219359281487953,0.6870520615397593
530,0.5469371148441203,0.5469363886378161,0.0008803732073657419,4.402657127844047,2.476031015721599,1.6552715022624556,2.956784366229681,-1.0,-1.5719351567691862,1.2713072778266585,0.29377673851556557,-0.6814478032809346,0.0007221573304764362,0.6871601229753859
531,0.5469368689645691,0.5469361426324884,0.0008804492544127743,4.402657128323484,2.4760307697071973,1.6552714691922208,2.9567865443615804,-1.0,-1.571935356188587,1.2713401490257137,0.2937273185564886,-0.6815393583043419,0.0007223788931675801,0.6872682267629324
532,0.546936622896333,0.5469358964383791,0.000880525353396079,4.402657128803524,2.4760305235040065,1.655271436103683,2.9567887257779955,-1.0,-1.5719355557631869,1.2713730299348662,0.29367788379934406,-0.6816309506284045,0.0007226006164207711,0.6873763729391061
533,0.5469363766391757,0.5469356500552524,0.0008806015037978891,4.4026571292841705,2.4760302771117915,1.655271402996822,2.9567909104820833,-1.0,-1.5719357554931808,1.2714059205623423,0.29362843423104934,-0.6817225802850232,0.000722822500434825,0.6874845615406642
534,0.5469361301928607,0.5469354034828716,0.0008806777061091252,4.402657129765425,2.476030030530316,1.6552713698716184,2.956793098477004,-1.0,-1.571935955378764,1.2714388209163783,0.29357896983850384,-0.6818142473061418,0.0007230445454090824,0.6875927926044145
535,0.5469358835571513,0.5469351567209992,0.0008807539608205287,4.402657130247285,2.476029783759341,1.655271336728053,2.956795289765923,-1.0,-1.5719361554201319,1.271471731005222,0.2935294906085892,-0.6819059517237482,0.0007232667515430004,0.6877010661672155
536,0.5469356367318102,0.5469349097693983,0.0008808302669101478,4.402657130729754,2.476029536798631,1.6552713035661053,2.956797484352009,-1.0,-1.5719363556174804,1.2715046508371324,0.29347999652816886,-0.681997693569874,0.0007234891190365608,0.6878093822659763
537,0.5469353897165992,0.5469346626278306,0.0008809066248687589,4.402657131212832,2.476029289647947,1.655271270385757,2.9567996822384375,-1.0,-1.5719365559710057,1.2715375804203795,0.2934304875840885,-0.6820894728765946,0.0007237116480900949,0.6879177409376568
538,0.5469351425112812,0.546934415296058,0.0008809830351869586,4.402657131696516,2.4760290423070517,1.6552712371869862,2.956801883428385,-1.0,-1.5719367564809044,1.2715705197632445,0.29338096376317585,-0.6821812896760295,0.00072393433890407,0.6880261422192675
539,0.5469348951156162,0.546934167773842,0.0008810594973470841,4.402657132180813,2.4760287947757056,1.655271203969775,2.9568040879250375,-1.0,-1.5719369571473734,1.2716034688740194,0.2933314250522402,-0.6822731440003419,0.0007241571916795172,0.6881345861478704
540,0.5469346475293664,0.5469339200609432,0.0008811360115876377,4.402657132665718,2.47602854705367,1.6552711707341026,2.9568062957315813,-1.0,-1.5719371579706098,1.2716364277610075,0.29328187143807305,-0.6823650358817392,0.0007243802066177004,0.6882430727605782
541,0.5469343997522915,0.5469336721571222,0.0008812125781470292,4.402657133151234,2.4760282991407045,1.6552711374799498,2.9568085068512096,-1.0,-1.5719373589508114,1.2716693964325232,0.2932323029074477,-0.6824569653524734,0.0007246033839203111,0.6883516020945548
542,0.5469341517841527,0.5469334240621391,0.0008812891970116223,4.402657133637361,2.476028051036571,1.655271104207296,2.95681072128712,-1.0,-1.571937560088176,1.2717023748968923,0.2931827194471192,-0.68254893244484,0.000724826723789371,0.6884601741870154
543,0.5469339036247093,0.5469331757757536,0.0008813658681677762,4.4026571341241025,2.476027802741027,1.6552710709161227,2.9568129390425146,-1.0,-1.5719377613829018,1.2717353631624513,0.29313312104382455,-0.6826409371911798,0.0007250502264272904,0.6885687890752267
544,0.5469336552737195,0.5469329272977242,0.0008814425918537556,4.402657134611454,2.476027554253833,1.6552710376064084,2.956815160120599,-1.0,-1.5719379628351875,1.2717683612375488,0.2930835076842825,-0.6827329796238774,0.0007252738920367322,0.6886774467965063
545,0.5469334067309436,0.5469326786278106,0.0008815193680558448,4.402657135099419,2.476027305574747,1.655271004278134,2.9568173845245855,-1.0,-1.5719381644452322,1.2718013691305436,0.2930338793551934,-0.6828250597753618,0.000725497720820806,0.688786147388224
546,0.546933157996139,0.5469324297657698,0.0008815961965084564,4.402657135587997,2.4760270567035274,1.6552709709312794,2.95681961225769,-1.0,-1.5719383662132353,1.2718343868498065,0.2929842360432395,-0.6829171776781071,0.0007257217129829521,0.6888948908878008
547,0.546932909069065,0.546932180711362,0.0008816730771979316,4.402657136077194,2.4760268076399328,1.6552709375658246,2.956821843323134,-1.0,-1.5719385681393963,1.2718674144037194,0.29293457773508447,-0.6830093333646318,0.0007259458687269795,0.6890036773327097
548,0.5469326599494777,0.5469319314643424,0.0008817500111178968,4.402657136567002,2.47602655838372,1.6552709041817493,2.956824077724141,-1.0,-1.5719387702239151,1.2719004518006753,0.2928849044173739,-0.6831015268674993,0.0007261701882570279,0.6891125067604755
549,0.5469324106371357,0.5469316820244694,0.0008818269974990182,4.402657137057426,2.476026308934647,1.6552708707790336,2.9568263154639425,-1.0,-1.5719389724669925,1.271933499049079,0.2928352160767348,-0.6831937582193177,0.0007263946717776834,0.6892213792086748
550,0.5469321611317953,0.5469314323914993,0.0008819040368311142,4.402657137548468,2.4760260592924697,1.6552708373576577,2.9568285565457733,-1.0,-1.571939174868829,1.2719665561573459,0.29278551269977565,-0.6832860274527403,0.0007266193194936491,0.6893302947149361
551,0.5469319114332131,0.5469311825651885,0.0008819811288485526,4.4026571380401265,2.476025809456944,1.6552708039176005,2.9568308009728725,-1.0,-1.5719393774296255,1.2719996231339035,0.29273579427308677,-0.683378334600465,0.0007268441316103466,0.6894392533169406
552,0.5469316615411444,0.5469309325452921,0.000882058273789254,4.402657138532403,2.476025559427826,1.6552707704588434,2.9568330487484844,-1.0,-1.571939580149584,1.27203269998719,0.29268606078323967,-0.6834706796952353,0.0007270691083332173,0.6895482550524211
553,0.5469314114553443,0.5469306823315658,0.0008821354713876209,4.4026571390252975,2.4760253092048714,1.6552707369813648,2.956835299875858,-1.0,-1.5719397830289057,1.272065786725656,0.29263631221678754,-0.6835630627698397,0.0007272942498681881,0.689657299959163
554,0.5469311611755684,0.5469304319237643,0.0008822127223849018,4.40265713951881,2.476025058787834,1.655270703485145,2.9568375543582466,-1.0,-1.5719399860677934,1.2720988833577624,0.2925865485602649,-0.6836554838571118,0.0007275195564217493,0.6897663880750041
555,0.5469309107015721,0.5469301813216433,0.0008822900260120647,4.402657140012943,2.47602480817647,1.6552706699701634,2.95683981219891,-1.0,-1.571940189266449,1.2721319898919823,0.2925367698001876,-0.6837479429899308,0.0007277450282004885,0.6898755194378349
556,0.5469306600331083,0.5469299305249551,0.0008823673830102162,4.402657140507697,2.4760245573705317,1.6552706364364007,2.956842073401111,-1.0,-1.571940392625076,1.2721651063367998,0.2924869759230529,-0.6838404402012211,0.0007279706654114595,0.6899846940855983
557,0.5469304091699315,0.5469296795334548,0.0008824447933653207,4.402657141003069,2.476024306369774,1.6552706028838355,2.956844337968117,-1.0,-1.571940596143877,1.272198232700711,0.29243716691533944,-0.6839329755239532,0.0007281964682620076,0.6900939120562899
558,0.5469301581117952,0.5469294283468951,0.0008825222568117352,4.4026571414990645,2.47602405517395,1.6552705693124474,2.956846605903202,-1.0,-1.5719407998230561,1.2722313689922236,0.2923873427635071,-0.6840255489911424,0.0007284224369599831,0.6902031733879582
559,0.5469299068584513,0.546929176965028,0.0008825997735870608,4.402657141995682,2.4760238037828115,1.655270535722217,2.956848877209643,-1.0,-1.571941003662817,1.2722645152198557,0.2923375034539969,-0.6841181606358505,0.0007286485717134891,0.6903124781187048
560,0.5469296554096535,0.546928925387607,0.0008826773434256895,4.402657142492923,2.4760235521961116,1.6552705021131229,2.9568511518907226,-1.0,-1.571941207663364,1.2722976713921386,0.2922876489732313,-0.6842108104911846,0.0007288748727310754,0.6904218262866839
561,0.5469294037651522,0.5469286736143826,0.0008827549673197767,4.402657142990786,2.4760233004136016,1.655270468485145,2.956853429949728,-1.0,-1.5719414118249022,1.2723308375176137,0.2922377793076137,-0.6843034985902978,0.0007291013402215443,0.6905312179301034
562,0.5469291519246998,0.5469284216451072,0.0008828326445005222,4.4026571434892725,2.4760230484350334,1.6552704348382627,2.956855711389952,-1.0,-1.5719416161476363,1.2723640136048349,0.2921878944435288,-0.6843962249663893,0.000729327974394223,0.6906406530872239
563,0.5469288998880484,0.546928169479532,0.0008829103749538619,4.402657143988384,2.4760227962601578,1.6552704011724557,2.956857996214691,-1.0,-1.5719418206317717,1.2723971996623673,0.2921379943673423,-0.6844889896527042,0.0007295547754587104,0.6907501317963596
564,0.546928647654947,0.5469279171174068,0.0008829881591686659,4.4026571444881215,2.476022543888725,1.6552703674877032,2.9568602844272474,-1.0,-1.5719420252775145,1.2724303956987881,0.2920880790654011,-0.6845817926825339,0.0007297817436250134,0.690859654095878
565,0.5469283952251466,0.5469276645584819,0.0008830659971307275,4.402657144988485,2.4760222913204855,1.6552703337839847,2.956862576030927,-1.0,-1.5719422300850705,1.2724636017226856,0.292038148524033,-0.6846746340892159,0.0007300088791033918,0.6909692200242005
566,0.546928142598397,0.5469274118025073,0.0008831438888258354,4.402657145489474,2.4760220385551888,1.6552703000612798,2.956864871029042,-1.0,-1.5719424350546465,1.2724968177426603,0.29198820272954684,-0.684767513906134,0.0007302361821046102,0.6910788296198015
567,0.5469278897744472,0.5469271588492317,0.0008832218342397733,4.402657145991091,2.476021785592584,1.655270266319567,2.956867169424909,-1.0,-1.5719426401864491,1.2725300437673241,0.29193824166823257,-0.6848604321667187,0.0007304636528398609,0.6911884829212096
568,0.546927636753047,0.5469269056984045,0.0008832998333583202,4.402657146493335,2.476021532432421,1.6552702325588269,2.9568694712218493,-1.0,-1.5719428454806859,1.2725632798053008,0.2918882653263608,-0.6849533889044465,0.0007306912915205886,0.6912981799670072
569,0.5469273835339442,0.5469266523497736,0.0008833778866699677,4.402657146996208,2.4760212790744465,1.655270198779038,2.9568717764231893,-1.0,-1.571943050937564,1.2725965258652259,0.2918382736901832,-0.6850463841528409,0.0007309190983586071,0.6914079207958304
570,0.546927130116886,0.546926398803087,0.0008834559939090153,4.402657147499711,2.476021025518409,1.6552701649801793,2.9568740850322603,-1.0,-1.571943256557292,1.2726297819557464,0.2917882667459323,-0.685139417945472,0.0007311470735661189,0.6915177054463695
571,0.5469268765016219,0.546926145058092,0.0008835341555637893,4.402657148003843,2.4760207717640554,1.6552701311622307,2.9568763970523975,-1.0,-1.5719434623400779,1.2726630480855214,0.29173824447982133,-0.6852324903159566,0.0007313752173558123,0.6916275339573691
572,0.5469266226878973,0.5469258911145354,0.0008836123708659739,4.402657148508604,2.4760205178111336,1.6552700973251702,2.956878712486942,-1.0,-1.5719436682861307,1.272696324263222,0.29168820687804453,-0.6853256012979583,0.000731603529940628,0.6917374063676278
573,0.546926368675459,0.546925636972164,0.0008836906405551328,4.402657149013999,2.4760202636593895,1.655270063468978,2.9568810313392406,-1.0,-1.5719438743956593,1.272729610497531,0.29163815392677656,-0.6854187509251877,0.0007318320115338759,0.6918473227159987
574,0.5469261144640541,0.546925382630724,0.0008837689643655686,4.4026571495200235,2.4760200093085696,1.6552700295936338,2.956883353612643,-1.0,-1.5719440806688731,1.2727629067971424,0.29158808561217303,-0.6855119392314024,0.0007320606623493906,0.6919572830413894
575,0.5469258600534279,0.5469251280899606,0.0008838473425341181,4.4026571500266805,2.476019754758419,1.6552699956991148,2.9568856793105063,-1.0,-1.571944287105982,1.2727962131707633,0.29153800192037016,-0.6856051662504073,0.0007322894826012591,0.6920672873827617
576,0.5469256054433255,0.5469248733496195,0.0008839257750463217,4.4026571505339716,2.4760195000086833,1.6552699617854014,2.9568880084361906,-1.0,-1.5719444937071967,1.2728295296271117,0.2914879028374847,-0.6856984320160542,0.0007325184725040932,0.6921773357791328
577,0.5469253506334918,0.5469246184094446,0.000884004262138895,4.402657151041896,2.4760192450591063,1.6552699278524725,2.956890340993062,-1.0,-1.5719447004727274,1.2728628561749182,0.2914377883496142,-0.6857917365622425,0.0007327476322726015,0.6922874282695737
578,0.5469250956236714,0.5469243632691811,0.000884082803546143,4.402657151550455,2.4760189899094334,1.655269893900306,2.9568926769844905,-1.0,-1.571944907402785,1.272896192822925,0.29138765844283665,-0.6858850799229188,0.000732976962122173,0.692397564893211
579,0.5469248404136086,0.5469241079285728,0.0008841613995047273,4.402657152059648,2.4760187345594087,1.6552698599288826,2.9568950164138523,-1.0,-1.571945114497581,1.2729295395798863,0.29133751310321054,-0.6859784621320772,0.0007332064622684684,0.6925077456892262
580,0.5469245850030459,0.546923852387362,0.0008842400502512149,4.402657152569478,2.476018479008774,1.6552698259381795,2.9568973592845285,-1.0,-1.571945321757327,1.2729628964545685,0.29128735231677483,-0.6860718832237598,0.0007334361329273429,0.6926179706968556
581,0.546924329391727,0.5469235966452927,0.0008843187557709873,4.402657153079943,2.476018223257273,1.6552697919281765,2.9568997055999042,-1.0,-1.5719455291822353,1.2729962634557495,0.291237176069549,-0.6861653432320555,0.0007336659743153705,0.692728239955391
582,0.5469240735793935,0.5469233407021058,0.0008843975160494212,4.402657153591045,2.4760179673046476,1.6552697578988527,2.956902055363371,-1.0,-1.5719457367725187,1.27302964059222,0.29118698434753293,-0.6862588421911017,0.0007338959866493192,0.6928385535041792
583,0.5469238175657888,0.5469230845575448,0.0008844763310718883,4.402657154102784,2.4760177111506403,1.6552697238501857,2.9569044085783243,-1.0,-1.5719459445283896,1.2730630278727821,0.2911367771367069,-0.6863523801350833,0.0007341261701464822,0.6929489113826227
584,0.5469235613506539,0.5469228282113506,0.0008845552008237552,4.402657154615164,2.476017454794993,1.6552696897821555,2.956906765248165,-1.0,-1.5719461524500615,1.2730964253062507,0.29108655442303133,-0.6864459570982332,0.0007343565250243464,0.6930593136301794
585,0.5469233049337303,0.5469225716632645,0.000884634125792387,4.402657155128181,2.4760171982374457,1.6552696556947402,2.9569091253762987,-1.0,-1.571946360537748,1.273129832901452,0.29103631619244724,-0.6865395731148325,0.0007345870515009237,0.6931697602863626
586,0.5469230483147577,0.5469223149130265,0.0008847131054610477,4.402657155641838,2.4760169414777398,1.6552696215879186,2.9569114889661368,-1.0,-1.5719465687916632,1.273163250667225,0.2909860624308757,-0.6866332282192101,0.0007348177497946143,0.6932802513907416
587,0.5469227914934771,0.5469220579603771,0.0008847921405679596,4.402657156156135,2.4760166845156144,1.6552695874616694,2.956913856021095,-1.0,-1.5719467772120215,1.2731966786124205,0.2909357931242181,-0.6867269224457435,0.0007350486201241294,0.6933907869829414
588,0.5469225344696287,0.5469218008050558,0.0008848712305963989,4.402657156671072,2.4760164273508103,1.6552695533159707,2.9569162265445947,-1.0,-1.5719469857990376,1.2732301167459017,0.29088550825835585,-0.6868206558288583,0.0007352796627085493,0.6935013671026431
589,0.5469222772429508,0.5469215434468017,0.0008849503760334643,4.402657157186651,2.4760161699830654,1.655269519150802,2.9569186005400625,-1.0,-1.5719471945529269,1.2732635650765438,0.29083520781915073,-0.6869144284030284,0.0007355108777674983,0.6936119917895838
590,0.5469220198131826,0.5469212858853536,0.0008850295768642906,4.4026571577028735,2.4760159124121195,1.6552694849661413,2.95692097801093,-1.0,-1.571947403473905,1.2732970236132344,0.29078489179244443,-0.6870082402027763,0.0007357422655208921,0.6937226610835566
591,0.5469217621800629,0.5469210281204498,0.0008851088325722736,4.402657158219738,2.47601565463771,1.6552694507619676,2.9569233589606325,-1.0,-1.5719476125621874,1.273330492364873,0.29073456016405885,-0.6871020912626731,0.000735973826189074,0.693833375024411
592,0.5469215043433293,0.546920770151828,0.0008851881436443621,4.402657158737247,2.4760153966595753,1.655269416538259,2.9569257433926124,-1.0,-1.571947821817991,1.273363971340372,0.2906842129197959,-0.6871959816173386,0.0007362055599927368,0.6939441336520528
593,0.5469212463027191,0.5469205119792256,0.000885267510818142,4.4026571592554,2.4760151384774525,1.655269382294994,2.956928131310316,-1.0,-1.5719480312415324,1.2733974605486555,0.29063385004543746,-0.6872899113014416,0.0007364374671530204,0.6940549370064442
594,0.5469209880579683,0.5469202536023786,0.0008853469333261272,4.402657159774197,2.4760148800910775,1.6552693480321505,2.956930522717195,-1.0,-1.5719482408330288,1.2734309599986606,0.2905834715267454,-0.6873838803496991,0.0007366695478914336,0.6941657851276043
595,0.5469207296088154,0.5469199950210244,0.0008854264111534269,4.402657160293639,2.476014621500188,1.6552693137497076,2.9569329176167067,-1.0,-1.5719484505926977,1.273464469699336,0.2905330773494614,-0.6874778887968778,0.0007369018024299323,0.6942766780556087
596,0.5469204709549951,0.5469197362348981,0.000885505944786655,4.402657160813728,2.476014362704519,1.655269279447644,2.9569353160123137,-1.0,-1.5719486605207569,1.273497989659643,0.29048266749930696,-0.6875719366777929,0.0007371342309908024,0.6943876158305897
597,0.5469202120962434,0.5469194772437364,0.0008855855339600438,4.4026571613344645,2.4760141037038066,1.6552692451259365,2.956937717907483,-1.0,-1.5719488706174247,1.2735315198885557,0.29043224196198375,-0.6876660240273093,0.0007373668337967187,0.6944985984927368
598,0.5469199530322945,0.5469192180472721,0.0008856651794107485,4.402657161855848,2.4760138444977846,1.6552692107845648,2.9569401233056882,-1.0,-1.5719490808829202,1.2735650603950601,0.2903818007231729,-0.6877601508803405,0.0007375996110708221,0.6946096260822963
599,0.5469196937628842,0.5469189586452418,0.000885744880872901,4.402657162377881,2.4760135850861884,1.6552691764235068,2.9569425322104057,-1.0,-1.571949291317462,1.2735986111881548,0.2903313437685354,-0.6878543172718498,0.0007378325630366811,0.6947206986395716
600,0.546919434287746,0.5469186990373777,0.0008858246375793896,4.402657162900563,2.4760133254687515,1.6552691420427403,2.9569449446251186,-1.0,-1.57194950192127,1.2736321722768509,0.2902808710837121,-0.6879485232368499,0.0007380656899181748,0.6948318162049237
601,0.5469191746066124,0.5469184392234137,0.0008859044507685022,4.402657163423894,2.4760130656452066,1.6552691076422443,2.956947360553315,-1.0,-1.571949712694564,1.2736657436701722,0.2902303826543233,-0.6880427688104028,0.0007382989919396098,0.6949429788187707
602,0.5469189147192178,0.5469181792030827,0.000885984319673117,4.402657163947874,2.476012805615288,1.6552690732219955,2.9569497799984887,-1.0,-1.5719499236375645,1.273699325377155,0.29017987846596927,-0.6881370540276206,0.0007385324693257788,0.695054186521588
603,0.5469186546252952,0.5469179189761186,0.0008860642445287639,4.402657164472505,2.476012545378728,1.6552690387819735,2.956952202964138,-1.0,-1.5719501347504918,1.2737329174068472,0.29012935850422944,-0.6882313789236645,0.0007387661223017072,0.6951654393539091
604,0.5469183943245756,0.5469176585422518,0.0008861442263225994,4.402657164997789,2.476012284935258,1.6552690043221556,2.956954629453768,-1.0,-1.5719503460335673,1.2737665197683108,0.2900788227546631,-0.688325743533746,0.0007389999510930423,0.6952767373563246
605,0.5469181338167918,0.5469173979012143,0.0008862242640370022,4.402657165523728,2.4760120242846098,1.6552689698425196,2.9569570594708865,-1.0,-1.5719505574870125,1.2738001324706194,0.29002827120280905,-0.6884201478931262,0.0007392339559256644,0.6953880805694832
606,0.5469178731016735,0.5469171370527367,0.00088630435815788,4.402657166050315,2.4760117634265137,1.6552689353430439,2.9569594930190077,-1.0,-1.5719507691110493,1.2738337555228592,0.28997770383418553,-0.6885145920371165,0.000739468137026037,0.6954994690340918
607,0.5469176121789526,0.5469168759965508,0.0008863845084194359,4.402657166577558,2.476011502360701,1.6552689008237063,2.9569619301016523,-1.0,-1.5719509809058998,1.2738673889341294,0.28992712063429016,-0.6886090760010782,0.0007397024946208369,0.6956109027909148
608,0.5469173510483591,0.5469166147323858,0.0008864647158083756,4.402657167105454,2.476011241086903,1.655268866284485,2.956964370722345,-1.0,-1.5719511928717869,1.2739010327135416,0.2898765215886,-0.688703599820423,0.0007399370289372269,0.6957223818807752
609,0.5469170897096228,0.5469163532599715,0.0008865449790568901,4.402657167634008,2.476010979604847,1.6552688317253574,2.9569668148846167,-1.0,-1.5719514050089338,1.2739346868702202,0.2898259066825715,-0.6887981635306126,0.0007401717402027974,0.6958339063445539
610,0.5469168281624716,0.5469160915790359,0.0008866252989011233,4.4026571681632145,2.4760107179142627,1.6552687971463018,2.9569692625920014,-1.0,-1.5719516173175643,1.2739683514133022,0.28977527590164054,-0.6888927671671594,0.0007404066286456045,0.6959454762231906
611,0.5469165664066363,0.5469158296893092,0.0008867056758265258,4.4026571686930795,2.4760104560148792,1.655268762547296,2.9569717138480422,-1.0,-1.5719518297979016,1.2740020263519376,0.289724629231222,-0.6889874107656262,0.0007406416944939964,0.6960570915576829
612,0.5469163044418436,0.5469155675905186,0.0008867861090663989,4.402657169223602,2.4760101939064243,1.6552687279283174,2.956974168656284,-1.0,-1.5719520424501707,1.274035711695289,0.2896739666567103,-0.6890820943616264,0.0007408769379768648,0.6961687523890875
613,0.546916042267822,0.5469153052823922,0.0008868665996068997,4.4026571697547805,2.476009931588626,1.6552686932893435,2.956976627020278,-1.0,-1.5719522552745961,1.2740694074525316,0.28962328816347893,-0.6891768179908241,0.0007411123593234903,0.6962804587585196
614,0.5469157798842981,0.5469150427646564,0.0008869471469317338,4.402657170286619,2.4760096690612103,1.6552686586303529,2.9569790889435823,-1.0,-1.571952468271403,1.2741031136328536,0.28957259373688043,-0.6892715816889341,0.0007413479587634447,0.6963922107071535
615,0.5469155172909992,0.5469147800370385,0.0008870277510254324,4.402657170819118,2.4760094063239055,1.6552686239513228,2.956981554429759,-1.0,-1.571952681440817,1.2741368302454557,0.28952188336224666,-0.6893663854917222,0.000741583736526844,0.696504008276222
616,0.5469152544876512,0.5469145170992642,0.0008871084123731241,4.402657171352275,2.476009143376436,1.6552685892522307,2.956984023482375,-1.0,-1.571952894783064,1.274170557299552,0.28947115702488857,-0.6894612294350054,0.0007418196928441928,0.6966158515070173
617,0.5469149914739809,0.5469142539510595,0.0008871891304586351,4.4026571718860925,2.4760088802185285,1.6552685545330539,2.9569864961050043,-1.0,-1.5719531082983706,1.2742042948043695,0.289420414710096,-0.6895561135546514,0.0007420558279463258,0.6967277404408907
618,0.5469147282497122,0.5469139905921491,0.0008872699060172487,4.402657172420572,2.4760086168499074,1.6552685197937709,2.956988972301225,-1.0,-1.5719533219869635,1.274238042769147,0.28936965640313783,-0.6896510378865793,0.0007422921420646606,0.6968396751192527
619,0.5469144648145702,0.5469137270222578,0.0008873507385328031,4.402657172955713,2.476008353270298,1.6552684850343584,2.956991452074621,-1.0,-1.57195353584907,1.2742718012031378,0.28931888208926193,-0.6897460024667594,0.0007425286354310229,0.6969516555835733
620,0.5469142011682786,0.5469134632411092,0.000887431628490155,4.4026571734915185,2.4760080894794236,1.655268450254794,2.956993935428782,-1.0,-1.5719537498849177,1.274305570115607,0.2892680917536951,-0.6898410073312136,0.0007427653082774327,0.697063681875382
621,0.546913937310563,0.5469131992484279,0.0008875125753732234,4.402657174027985,2.4760078254770086,1.6552684154550554,2.956996422367302,-1.0,-1.5719539640947346,1.274339349515833,0.28921728538164304,-0.6899360525160151,0.0007430021608366094,0.697175754036268
622,0.5469136732411444,0.546912935043936,0.0008875935799169276,4.402657174565115,2.476007561262775,1.6552683806351196,2.956998912893782,-1.0,-1.5719541784787494,1.2743731394131077,0.2891664629582902,-0.6900311380572888,0.0007432391933414473,0.69728787210788
623,0.5469134089597469,0.5469126706273568,0.0008876746426057664,4.402657175102912,2.476007296836447,1.6552683457949644,2.9570014070118282,-1.0,-1.5719543930371906,1.2744069398167353,0.28911562446879974,-0.6901262639912111,0.00074347640602554,0.6974000361319269
624,0.5469131444660931,0.5469124059984122,0.0008877557624233355,4.402657175641374,2.476007032197745,1.655268310934567,2.9570039047250503,-1.0,-1.571954607770288,1.2744407507360331,0.28906476989831387,-0.6902214303540105,0.0007437137991226755,0.6975122461501776
625,0.546912879759903,0.5469121411568235,0.0008878369398541677,4.402657176180502,2.4760067673463917,1.6552682760539044,2.9570064060370655,-1.0,-1.5719548226782711,1.274474572180332,0.2890138992319533,-0.6903166371819672,0.0007439513728672247,0.6976245022044608
626,0.5469126148408986,0.5469118761023113,0.000887918175132535,4.402657176720297,2.476006502282107,1.655268241152954,2.9570089109514965,-1.0,-1.5719550377613705,1.2745084041589758,0.2889630124548174,-0.6904118845114134,0.0007441891274939083,0.6977368043366657
627,0.5469123497088018,0.5469116108345974,0.00088799946749241,4.40265717726076,2.4760062370046123,1.6552682062316935,2.9570114194719705,-1.0,-1.571955253019816,1.274542246681321,0.28891210955198426,-0.6905071723787336,0.0007444270632377575,0.6978491525887419
628,0.5469120843633313,0.5469113453534012,0.0008880808181682551,4.402657177801893,2.4760059715136284,1.6552681712900992,2.9570139316021202,-1.0,-1.5719554684538393,1.274576099756738,0.2888611905085105,-0.6906025008203642,0.0007446651803345422,0.6979615470026991
629,0.5469118188042073,0.5469110796584422,0.0008881622273940507,4.402657178343691,2.4760057058088734,1.655268136328149,2.957016447345584,-1.0,-1.5719556840636713,1.2746099633946095,0.28881025530943133,-0.6906978698727941,0.0007449034790202263,0.698073987620608
630,0.5469115530311485,0.5469108137494392,0.0008882436936538082,4.4026571788861615,2.4760054398900664,1.6552681013458197,2.9570189667060074,-1.0,-1.5719558998495442,1.2746438376043323,0.28875930393976035,-0.6907932795725646,0.0007451419595311819,0.6981864744845998
631,0.5469112870438739,0.5469105476261112,0.0008883252184315884,4.402657179429301,2.4760051737569264,1.655268066343088,2.9570214896870386,-1.0,-1.5719561158116904,1.2746777223953158,0.2887083363844897,-0.6908887299562696,0.0007453806221044028,0.6982990076368664
632,0.5469110208421023,0.5469102812881756,0.00088840680121141,4.4026571799731125,2.4760049074091715,1.6552680313199315,2.957024016292334,-1.0,-1.5719563319503422,1.274711617776983,0.28865735262859005,-0.6909842210605553,0.0007456194669771353,0.6984115871196609
633,0.5469107544255504,0.5469100147353507,0.0008884884422272085,4.402657180517596,2.4760046408465186,1.6552679962763275,2.9570265465255536,-1.0,-1.5719565482657332,1.27474552375877,0.2886063526570101,-0.691079752922121,0.0007458584943871503,0.6985242129752974
634,0.5469104877939349,0.546909747967352,0.0008885701417128216,4.402657181062752,2.476004374068685,1.6552679612122514,2.9570290803903645,-1.0,-1.5719567647580968,1.2747794403501262,0.28855533645467735,-0.6911753255777185,0.0007460977045726657,0.698636885246151
635,0.5469102209469736,0.5469094809838974,0.0008886518989025223,4.402657181608583,2.476004107075387,1.6552679261276817,2.9570316178904386,-1.0,-1.5719569814276668,1.2748133675605144,0.2885043040064972,-0.6912709390641528,0.0007463370977722682,0.6987496039746584
636,0.5469099538843818,0.5469092137847024,0.0008887337150296045,4.4026571821550835,2.4760038398663404,1.6552678910225944,2.9570341590294524,-1.0,-1.5719571982746778,1.2748473053994107,0.2884532552973535,-0.6913665934182818,0.0007465766742251278,0.6988623692033175
637,0.5469096866058744,0.5469089463694816,0.0008888155893283302,4.402657182702263,2.476003572441261,1.655267855896967,2.9570367038110907,-1.0,-1.5719574152993652,1.2748812538763046,0.2884021903121082,-0.6914622886770164,0.000746816434170725,0.6989751809746878
638,0.5469094191111681,0.5469086787379507,0.0008888975227818164,4.402657183250115,2.476003304799863,1.6552678207507756,2.9570392522390416,-1.0,-1.5719576325019635,1.274915213000699,0.28835110903560146,-0.6915580248773211,0.0007470563778488513,0.6990880393313906
639,0.5469091513999758,0.5469084108898234,0.0008889795138750584,4.402657183798646,2.4760030369418606,1.6552677855839975,2.957041804317,-1.0,-1.571957849882709,1.2749491827821107,0.28830001145265155,-0.6916538020562134,0.0007472965055000951,0.6992009443161088
640,0.5469088834720119,0.546908142824814,0.0008890615645901229,4.402657184347852,2.4760027688669686,1.6552677503966087,2.957044360048665,-1.0,-1.5719580674418374,1.274983163230069,0.2882488975480549,-0.6917496202507644,0.0007475368173651607,0.6993138959715874
641,0.5469086153269902,0.5469078745426359,0.000889143673661861,4.402657184897736,2.476002500574899,1.655267715188587,2.957046919437743,-1.0,-1.5719582851795857,1.2750171543541173,0.28819776730658575,-0.6918454794980986,0.0007477773136853942,0.6994268943406333
642,0.5469083469646229,0.5469076060430013,0.000889225841573518,4.4026571854483,2.476002232065366,1.6552676799599078,2.9570494824879456,-1.0,-1.5719585030961907,1.2750511561638127,0.28814662071299657,-0.6919413798353946,0.0007480179947025105,0.6995399394661156
643,0.5469080783846232,0.5469073373256222,0.0008893080685584671,4.402657185999541,2.47600196333808,1.6552676447105483,2.9570520492029893,-1.0,-1.5719587211918902,1.2750851686687255,0.28809545775201767,-0.6920373212998843,0.0007482588606586131,0.6996530313909657
644,0.5469078095867022,0.5469070683902111,0.0008893903541010047,4.402657186551462,2.476001694392754,1.6552676094404852,2.9570546195865974,-1.0,-1.5719589394669218,1.2751191918784395,0.2880442784083572,-0.6921333039288536,0.0007484999117964273,0.6997661701581773
645,0.5469075405705712,0.5469067992364784,0.0008894726989337882,4.402657187104063,2.4760014252290987,1.655267574149695,2.957057193642498,-1.0,-1.5719591579215242,1.2751532258025522,0.2879930826667013,-0.6922293277596427,0.0007487411483588533,0.6998793558108067
646,0.5469072713359411,0.546906529864135,0.0008895551030403524,4.402657187657347,2.4760011558468245,1.655267538838154,2.957059771374426,-1.0,-1.571959376555936,1.2751872704506748,0.28794187051171377,-0.6923253928296453,0.0007489825705895295,0.6999925883919732
647,0.5469070018825227,0.5469062602728912,0.0008896375664042261,4.402657188211312,2.476000886245642,1.6552675035058384,2.9570623527861213,-1.0,-1.5719595953703964,1.2752213258324323,0.2878906419280363,-0.6924214991763098,0.0007492241787323082,0.7001058679448582
648,0.5469067322100248,0.5469059904624564,0.0008897200887593659,4.40265718876596,2.47600061642526,1.655267468152725,2.957064937881329,-1.0,-1.5719598143651454,1.275255391957463,0.28783939690028826,-0.6925176468371386,0.0007494659730317602,0.7002191945127065
649,0.5469064623181566,0.546905720432539,0.0008898026700893589,4.402657189321292,2.476000346385388,1.65526743277879,2.957067526663801,-1.0,-1.5719600335404231,1.275289468835419,0.2877881354130667,-0.6926138358496885,0.0007497079537325927,0.7003325681388259
650,0.5469061922066276,0.5469054501828482,0.000889885311625389,4.402657189877307,2.476000076125734,1.6552673973840102,2.957070119137294,-1.0,-1.57196025289647,1.2753235564759664,0.28773685745094624,-0.6927100662515712,0.0007499501210802121,0.7004459888665873
651,0.5469059218751446,0.5469051797130914,0.0008899680121031974,4.402657190434007,2.4759998056460066,1.6552673619683607,2.9570727153055714,-1.0,-1.571960472433527,1.275357654888785,0.2876855629984793,-0.6928063380804527,0.0007501924753202969,0.7005594567394244
652,0.5469056513234166,0.5469049090229764,0.0008900507722547767,4.402657190991393,2.4759995349459123,1.6552673265318187,2.957075315172402,-1.0,-1.5719606921518359,1.275391764083568,0.2876342520401956,-0.6929026513740538,0.0007504350166991473,0.7006729718008351
653,0.5469053805511495,0.5469046381122097,0.0008901335920634824,4.402657191549466,2.4759992640251585,1.6552672910743604,2.9570779187415606,-1.0,-1.5719609120516382,1.2754258840700223,0.28758292456060247,-0.6929990061701501,0.0007506777454634132,0.7007865340943805
654,0.5469051095580495,0.5469043669804978,0.0008902164715126641,4.402657192108225,2.4759989928834516,1.6552672555959616,2.957080526016827,-1.0,-1.5719611321331768,1.2754600148578696,0.28753158054418476,-0.6930954025065723,0.0007509206618602496,0.7009001436636851
655,0.5469048383438235,0.5469040956275467,0.0008902994103362612,4.402657192667673,2.475998721520497,1.6552672200965985,2.957083137001988,-1.0,-1.5719613523966942,1.2754941564568447,0.2874802199754047,-0.693191840421206,0.0007511637661372393,0.7010138005524376
656,0.5469045669081753,0.5469038240530604,0.000890382410013969,4.4026571932278085,2.4759984499359993,1.6552671845762472,2.957085751700835,-1.0,-1.571961572842434,1.2755283088766962,0.28742884283870174,-0.6932883199519919,0.0007514070585424113,0.7011275048043903
657,0.5469042952508114,0.5469035522567447,0.0008904654687832651,4.402657193788634,2.4759981781296636,1.6552671490348843,2.9570883701171664,-1.0,-1.5719617934706398,1.275562472127187,0.28737744911849283,-0.6933848411369263,0.0007516505393243393,0.7012412564633599
658,0.5469040233714346,0.546903280238303,0.0008905485878742893,4.402657194350149,2.4759979061011945,1.6552671134724846,2.9570909922547854,-1.0,-1.571962014281556,1.2755966462180939,0.28732603879917223,-0.6934814040140608,0.0007518942087320045,0.7013550555732267
659,0.5469037512697494,0.5469030079974393,0.0008906317670208413,4.402657194912355,2.4759976338502945,1.6552670778890253,2.957093618117502,-1.0,-1.571962235275427,1.2756308311592073,0.2872746118651112,-0.6935780086215022,0.0007521380670148157,0.701468902177936
660,0.5469034789454594,0.5469027355338565,0.0008907150062060962,4.402657195475254,2.4759973613766677,1.6552670422844808,2.957096247709132,-1.0,-1.5719624564524979,1.2756650269603322,0.28722316830065847,-0.6936746549974133,0.0007523821144226482,0.7015827963214968
661,0.546903206398266,0.5469024628472565,0.0008907983054132236,4.4026571960388425,2.475997088680016,1.6552670066588286,2.9570988810334953,-1.0,-1.5719626778130145,1.275699233631287,0.28717170809013964,-0.6937713431800122,0.0007526263512059015,0.7016967380479834
662,0.5469029336278722,0.5469021899373421,0.0008908816651238698,4.402657196603126,2.475996815760041,1.6552669710120445,2.9571015180944213,-1.0,-1.5719628993572226,1.2757334511819043,0.2871202312178576,-0.6938680732075733,0.0007528707776154418,0.7018107274015343
663,0.5469026606339784,0.5469019168038138,0.0008909650853210524,4.402657197168104,2.475996542616444,1.655266935344103,2.9571041588957416,-1.0,-1.5719631210853688,1.2757676796220316,0.2870687376680923,-0.6939648451184267,0.0007531153939024846,0.7019247644263527
664,0.5469023874162865,0.5469016434463726,0.0008910485659877832,4.402657197733775,2.475996269248926,1.6552668996549804,2.957106803441296,-1.0,-1.5719633429977002,1.2758019189615295,0.2870172274251006,-0.6940616589509586,0.0007533602003188869,0.7020388491667071
665,0.5469021139744958,0.5469013698647186,0.0008911321068578964,4.402657198300141,2.475995995657187,1.6552668639446522,2.95710945173493,-1.0,-1.5719635650944643,1.2758361692102729,0.28696570047311626,-0.6941585147436113,0.0007536051971168554,0.702152981666931
666,0.5469018403083074,0.546901096058552,0.0008912157084127582,4.402657198867203,2.475995721840927,1.6552668282130953,2.957112103780494,-1.0,-1.5719637873759087,1.275870430378151,0.28691415679635,-0.6942554125348834,0.0007538503845490822,0.702267161971423
667,0.5469015664174198,0.5469008220275713,0.000891299370884417,4.402657199434962,2.4759954477998454,1.6552667924602842,2.9571147595818457,-1.0,-1.571964009842282,1.2759047024750674,0.2868625963789896,-0.69435235236333,0.0007540957628688231,0.7023813901246472
668,0.5469012923015316,0.5469005477714749,0.0008913830937575178,4.4026572000034205,2.475995173533639,1.6552667566861947,2.9571174191428473,-1.0,-1.5719642324938328,1.2759389855109398,0.2868110192051994,-0.6944493342675628,0.0007543413323297225,0.7024956661711328
669,0.5469010179603415,0.5469002732899614,0.0008914668772641207,4.402657200572576,2.4759948990420075,1.655266720890802,2.957120082467368,-1.0,-1.5719644553308105,1.2759732794957002,0.28675942525912074,-0.6945463582862499,0.0007545870931858133,0.702609990155475
670,0.546900743393546,0.5468999985827276,0.0008915507221342946,4.402657201142431,2.4759946243246476,1.6552666850740827,2.9571227495592827,-1.0,-1.5719646783534649,1.2760075844392944,0.28670781452487143,-0.694643424458116,0.0007548330456918083,0.7027243621223347
671,0.5469004686008426,0.54689972364947,0.0008916346278526666,4.4026572017129855,2.4759943493812555,1.655266649236011,2.9571254204224724,-1.0,-1.5719649015620463,1.2760419003516832,0.28665618698654616,-0.694740532821943,0.0007550791901027897,0.7028387821164384
672,0.5469001935819281,0.5468994484898858,0.0008917185946510681,4.40265720228424,2.4759940742115285,1.655266613376563,2.957128095060824,-1.0,-1.5719651249568052,1.2760762272428414,0.28660454262821616,-0.6948376834165698,0.000755325526674267,0.7029532501825786
673,0.5468999183364974,0.5468991731036701,0.0008918026222632619,4.402657202856195,2.4759937988151615,1.6552665774957143,2.9571307734782315,-1.0,-1.5719653485379927,1.276110565122758,0.28655288143392926,-0.6949348762808919,0.0007555720556622547,0.7030677663656143
674,0.5468996428642461,0.5468988974905176,0.0008918867109210202,4.402657203428854,2.4759935231918497,1.6552665415934398,2.9571334556785938,-1.0,-1.571965572305861,1.2761449140014367,0.28650120338770985,-0.6950321114538623,0.0007558187773233698,0.7031823307104705
675,0.5468993671648693,0.5468986216501234,0.0008919708613538898,4.402657204002216,2.475993247341288,1.6552665056697144,2.9571361416658153,-1.0,-1.571965796260662,1.2761792738888957,0.2864495084735589,-0.6951293889744916,0.0007560656919145209,0.7032969432621385
676,0.5468990912380612,0.5468983455821818,0.0008920550727976472,4.40265720457628,2.47599297126317,1.6552664697245147,2.9571388314438076,-1.0,-1.5719660204026478,1.276213644795167,0.28639779667545356,-0.6952267088818472,0.0007563127996932572,0.7034116040656765
677,0.5468988150835147,0.5468980692863848,0.0008921393454839058,4.4026572051510495,2.475992694957189,1.6552664337578147,2.9571415250164885,-1.0,-1.571966244732072,1.276248026730298,0.2863460679773477,-0.6953240712150547,0.0007565601009174976,0.7035263131662088
678,0.5468985387009232,0.5468977927624268,0.0008922236798930451,4.4026572057265225,2.475992418423038,1.6552663977695896,2.9571442223877806,-1.0,-1.571966469249188,1.2762824197043499,0.2862943223631713,-0.6954214760132967,0.0007568075958457049,0.7036410706089271
679,0.5468982620899785,0.5468975160099991,0.0008923080755098783,4.4026572063027025,2.4759921416604094,1.6552663617598156,2.9571469235616146,-1.0,-1.5719666939542496,1.2763168237273985,0.2862425598168308,-0.6955189233158141,0.0007570552847368661,0.7037558764390897
680,0.5468979852503725,0.5468972390287931,0.0008923925333123176,4.4026572068795895,2.475991864668994,1.6552663257284665,2.9571496285419263,-1.0,-1.5719669188475118,1.2763512388095346,0.28619078032220874,-0.6956164131619053,0.000757303167850299,0.7038707307020219
681,0.5468977081817967,0.5468969618185003,0.0008924770527851168,4.402657207457185,2.4759915874484832,1.6552662896755184,2.957152337332657,-1.0,-1.5719671439292293,1.2763856649608631,0.286138983863164,-0.6957139455909269,0.0007575512454460204,0.7039856334431164
682,0.546897430883943,0.5468966843788116,0.0008925616339107566,4.402657208035487,2.4759913099985678,1.6552662536009457,2.957155049937754,-1.0,-1.5719673691996574,1.2764201021915038,0.2860871704235316,-0.6958115206422937,0.0007577995177843582,0.7041005847078332
683,0.5468971533564989,0.5468964067094162,0.0008926462766717117,4.402657208614499,2.475991032318938,1.6552662175047237,2.957157766361173,-1.0,-1.5719675946590523,1.2764545505115912,0.2860353399871226,-0.6959091383554785,0.0007580479851262428,0.7042155845416997
684,0.5468968755991553,0.5468961288100034,0.0008927309815479006,4.40265720919422,2.475990754409282,1.6552661813868266,2.9571604866068726,-1.0,-1.5719678203076706,1.2764890099312745,0.28598349253772426,-0.6960067987700129,0.0007582966477330316,0.704330632990311
685,0.5468965976116009,0.5468958506802625,0.0008928157485216441,4.402657209774652,2.4759904762692893,1.6552661452472297,2.957163210678821,-1.0,-1.5719680461457688,1.2765234804607173,0.2859316280590996,-0.6961045019254865,0.0007585455058665291,0.7044457300993298
686,0.5468963193935235,0.5468955723198804,0.0008929005773265789,4.402657210355794,2.475990197898647,1.6552661090859082,2.95716593858099,-1.0,-1.5719682721736046,1.276557962110098,0.2858797465349879,-0.6962022478615474,0.0007587945597892587,0.7045608759144869
687,0.5468960409446122,0.5468952937285467,0.0008929854686910465,4.402657210937651,2.475989919297045,1.6552660729028366,2.95716867031736,-1.0,-1.5719684983914357,1.27659245488961,0.28582784794910404,-0.6963000366179029,0.0007590438097640157,0.704676070481581
688,0.5468957622645525,0.5468950149059463,0.0008930704218513155,4.402657211520218,2.4759896404641677,1.6552660366979899,2.9571714058919145,-1.0,-1.5719687247995207,1.2766269588094612,0.28577593228513914,-0.6963978682343188,0.0007592932560541393,0.7047913138464791
689,0.5468954833530316,0.5468947358517663,0.0008931554375355734,4.402657212103501,2.4759893613997024,1.6552660004713422,2.957174145308646,-1.0,-1.5719689513981183,1.2766614738798747,0.28572399952675986,-0.6964957427506202,0.0007595428989234937,0.7049066060551161
690,0.5468952042097358,0.5468944565656927,0.0008932405157259676,4.402657212687496,2.475989082103335,1.6552659642228684,2.9571768885715524,-1.0,-1.571969178187488,1.2766960001110883,0.2856720496576088,-0.6965936602066908,0.0007597927386364866,0.705021947153496
691,0.5468949248343499,0.5468941770474108,0.0008933256564046393,4.4026572132722075,2.4759888025747507,1.655265927952544,2.957179635684638,-1.0,-1.5719694051678899,1.2767305375133544,0.28562008266130406,-0.6966916206424736,0.0007600427754579147,0.7051373371876908
692,0.5468946452265584,0.5468938972966045,0.0008934108595537236,4.402657213857634,2.4759885228136334,1.6552658916603422,2.9571823866519122,-1.0,-1.571969632339584,1.2767650860969408,0.28556809852143966,-0.6967896240979713,0.0007602930096531574,0.7052527762038413
693,0.5468943653860454,0.5468936173129578,0.000893496125403861,4.4026572144437806,2.475988242819667,1.6552658553462383,2.9571851414773924,-1.0,-1.571969859702831,1.27679964587213,0.2855160972215851,-0.6968876706132454,0.0007605434414880602,0.7053682642481577
694,0.5468940853124946,0.5468933370961545,0.0008935814536886145,4.402657215030643,2.475987962592536,1.6552658190102063,2.9571879001651005,-1.0,-1.571970087257893,1.2768342168492195,0.2854640787452855,-0.6969857602284176,0.0007607940712290129,0.7054838013669185
695,0.5468938050055889,0.546893056645877,0.0008936668451354938,4.4026572156182215,2.4759876821319216,1.6552657826522217,2.957190662719066,-1.0,-1.5719703150050313,1.2768687990385215,0.28541204307606155,-0.6970838929836688,0.0007610448991428715,0.7055993876064717
696,0.5468935244650119,0.5468927759618082,0.0008937522994779543,4.402657216206522,2.475987401437508,1.6552657462722573,2.9571934291433255,-1.0,-1.571970542944508,1.2769033924503639,0.28535999019740926,-0.69718206891924,0.0007612959254970359,0.7057150230132344
697,0.5468932436904432,0.5468924950436284,0.0008938378164495395,4.40265721679554,2.4759871205089743,1.655265709870289,2.9571961994419205,-1.0,-1.5719707710765867,1.276937997095089,0.28530792009280015,-0.6972802880754316,0.0007615471505593725,0.7058307076336936
698,0.546892962681565,0.5468922138910193,0.0008939233967774552,4.40265721738528,2.475986839346003,1.6552656734462903,2.957198973618899,-1.0,-1.5719709994015303,1.2769726129830548,0.28525583274568117,-0.6973785504926049,0.000761798574598272,0.7059464415144051
699,0.5468926814380577,0.5468919325036613,0.0008940090401951373,4.402657217975742,2.475986557948274,1.655265637000235,2.957201751678316,-1.0,-1.5719712279196025,1.277007240124634,0.2852037281394746,-0.6974768562111805,0.0007620501978826111,0.7060622247019951
700,0.5468923999596008,0.5468916508812339,0.0008940947464361105,4.402657218566926,2.475986276315467,1.6552656005320985,2.9572045336242323,-1.0,-1.5719714566310679,1.2770418785302144,0.2851516062575778,-0.6975752052716397,0.0007623020206818493,0.7061780572431592
701,0.5468921182458744,0.5468913690234163,0.0008941805164755977,4.402657219158833,2.4759859944472615,1.6552655640418539,2.9572073194607156,-1.0,-1.5719716855361914,1.2770765282101995,0.2850994670833636,-0.6976735977145243,0.0007625540432658929,0.7062939391846632
702,0.5468918362965567,0.5468910869298869,0.0008942663493020496,4.402657219751465,2.475985712343335,1.6552655275294763,2.95721010919184,-1.0,-1.5719719146352384,1.277111189175007,0.2850473106001798,-0.6977720335804362,0.0007628062659051727,0.7064098705733431
703,0.5468915541113252,0.5468908046003235,0.0008943522461387601,4.402657220344821,2.475985430003367,1.6552654909949387,2.9572129028216856,-1.0,-1.5719721439284746,1.2771458614350715,0.2849951367913495,-0.6978705129100384,0.0007630586888706831,0.7065258514561049
704,0.5468912716898583,0.5468905220344041,0.0008944382057260358,4.402657220938902,2.475985147427033,1.6552654544382164,2.9572157003543387,-1.0,-1.5719723734161664,1.277180545000841,0.28494294564017075,-0.6979690357440546,0.0007633113124338459,0.7066418818799255
705,0.5468909890318324,0.5468902392318045,0.000894524229286919,4.402657221533707,2.475984864614011,1.6552654178592825,2.9572185017938932,-1.0,-1.5719726030985808,1.2772152398827803,0.28489073712991664,-0.698067602123269,0.0007635641368666463,0.7067579618918518
706,0.5468907061369235,0.5468899561922009,0.0008946103170511578,4.402657222129242,2.475984581563976,1.6552653812581108,2.9572213071444495,-1.0,-1.5719728329759852,1.2772499460913689,0.28483851124383525,-0.6981662120885274,0.0007638171624415746,0.7068740915390016
707,0.5468904230048077,0.5468896729152692,0.0008946964680075043,4.402657222725504,2.475984298276604,1.6552653446346761,2.9572241164101127,-1.0,-1.5719730630486475,1.2772846636371014,0.28478626796514955,-0.6982648656807361,0.0007640703894316652,0.7069902708685639
708,0.546890139635159,0.5468893894006835,0.0008947826826340155,4.402657223322495,2.4759840147515697,1.6552653079889514,2.9572269295949964,-1.0,-1.5719732933168362,1.2773193925304884,0.28473400727705744,-0.6983635629408633,0.0007643238181105161,0.7071064999277984
709,0.5468898560276532,0.5468891056481184,0.0008948689611604196,4.402657223920215,2.4759837309885473,1.655265271320911,2.9572297467032196,-1.0,-1.5719735237808201,1.2773541327820555,0.28468172916273154,-0.6984623039099384,0.0007645774487522105,0.7072227787640358
710,0.5468895721819619,0.5468888216572472,0.000894955303816343,4.4026572245186655,2.4759834469872093,1.6552652346305288,2.957232567738908,-1.0,-1.571973754440869,1.277388884402344,0.28462943360531934,-0.6985610886290519,0.000764831281631318,0.7073391074246785
711,0.5468892880977606,0.5468885374277431,0.0008950417105832259,4.402657225117849,2.4759831627472306,1.6552651979177782,2.9572353927061945,-1.0,-1.5719739852972525,1.2774236474019105,0.28457712058794293,-0.6986599171393565,0.0007650853170229127,0.7074554859572001
712,0.5468890037747202,0.5468882529592783,0.0008951281819386209,4.402657225717762,2.4759828782682822,1.6552651611826323,2.9572382216092166,-1.0,-1.5719742163502413,1.2774584217913276,0.2845247900936992,-0.6987587894820666,0.0007653395552026326,0.7075719144091457
713,0.5468887192125136,0.5468879682515246,0.0008952147166236362,4.402657226318409,2.475982593550036,1.655265124425066,2.957241054452121,-1.0,-1.5719744476001063,1.277493207581183,0.2844724421056595,-0.6988577056984583,0.0007655939964467178,0.7076883928281323
714,0.5468884344108105,0.5468876833041523,0.0008953013161079749,4.402657226919789,2.4759823085921626,1.655265087645052,2.9572438912390595,-1.0,-1.5719746790471194,1.2775280047820798,0.28442007660686974,-0.6989566658298697,0.0007658486410319525,0.7078049212618488
715,0.5468881493692831,0.5468873981168332,0.0008953879803728355,4.402657227521904,2.4759820233943333,1.6552650508425644,2.9572467319741906,-1.0,-1.5719749106915524,1.2775628134046373,0.28436769358035047,-0.6990556699177013,0.0007661034892353928,0.7079214997580561
716,0.5468878640875998,0.5468871126892353,0.0008954747084075574,4.402657228124753,2.4759817379562166,1.6552650140175764,2.9572495766616798,-1.0,-1.5719751425336779,1.27759763345949,0.2843152930090966,-0.6991547180034157,0.0007663585413348139,0.7080381283645871
717,0.5468875785654311,0.5468868270210296,0.0008955615014333087,4.40265722872834,2.475981452277483,1.6552649771700607,2.9572524253056987,-1.0,-1.5719753745737688,1.2776324649572888,0.28426287487607743,-0.699253810128538,0.0007666137976085929,0.7081548071293472
718,0.5468872928024447,0.5468865411118831,0.0008956483589353658,4.402657229332663,2.4759811663578004,1.6552649402999922,2.957255277910426,-1.0,-1.5719756068120991,1.277667307908699,0.28421043916423666,-0.6993529463346557,0.000766869258335554,0.7082715361003145
719,0.5468870067983103,0.5468862549614648,0.000895735280894972,4.4026572299377245,2.4759808801968366,1.6552649034073434,2.957258134480047,-1.0,-1.571975839248943,1.277702162324403,0.2841579858564922,-0.6994521266634193,0.0007671249237950461,0.7083883153255393
720,0.5468867205526933,0.5468859685694408,0.000895822268284832,4.4026572305435225,2.4759805937942585,1.6552648664920877,2.957260995018752,-1.0,-1.5719760718845748,1.277737028215098,0.2841055149357363,-0.6995513511565417,0.0007673807942669425,0.7085051448531449
721,0.5468864340652612,0.5468856819354782,0.000895909319846673,4.40265723115006,2.475980307149733,1.6552648295541983,2.957263859530742,-1.0,-1.5719763047192703,1.2777719055914978,0.28405302638483537,-0.6996506198557989,0.0007676368700317382,0.7086220247313274
722,0.5468861473356811,0.5468853950592436,0.0008959964370487031,4.402657231757339,2.4759800202629263,1.6552647925936486,2.957266728020221,-1.0,-1.5719765377533048,1.2778067944643314,0.2840005201866298,-0.6997499328030301,0.0007678931513703168,0.7087389550083562
723,0.5468858603636169,0.5468851079404012,0.000896083618632805,4.402657232365358,2.4759797331335034,1.6552647556104112,2.957269600491401,-1.0,-1.5719767709869548,1.2778416948443443,0.2839479963239343,-0.6998492900401375,0.0007681496385643976,0.7088559357325738
724,0.5468855731487339,0.5468848205786162,0.0008961708658190411,4.402657232974119,2.4759794457611286,1.6552647186044604,2.9572724769485017,-1.0,-1.571977004420497,1.277876606742297,0.28389545477953737,-0.6999486916090866,0.0007684063318958162,0.7089729669523961
725,0.5468852856906972,0.5468845329735524,0.0008962581783405066,4.4026572335836205,2.475979158145466,1.6552646815757683,2.9572753573957464,-1.0,-1.5719772380542092,1.2779115301689672,0.2838428955362018,-0.7000481375519065,0.0007686632316473407,0.7090900487163125
726,0.5468849979891688,0.5468842451248735,0.0008963455556826646,4.402657234193868,2.47597887028618,1.655264644524308,2.9572782418373698,-1.0,-1.5719774718883688,1.2779464651351475,0.2837903185766639,-0.7001476279106899,0.0007689203381020892,0.7092071810728862
727,0.5468847100438128,0.5468839570322416,0.0008964329983219563,4.402657234804859,2.4759785821829317,1.655264607450053,2.957281130277609,-1.0,-1.5719777059232545,1.2779814116516468,0.2837377238836342,-0.7002471627275929,0.0007691776515437042,0.7093243640707539
728,0.5468844218542911,0.5468836686953195,0.000896520506734623,4.402657235416595,2.475978293835384,1.6552645703529751,2.957284022720711,-1.0,-1.5719779401591452,1.2780163697292903,0.2836851114397968,-0.7003467420448359,0.0007694351722565084,0.7094415977586268
729,0.5468841334202645,0.5468833801137676,0.000896608080406107,4.402657236029078,2.4759780052431983,1.655264533233049,2.9572869191709277,-1.0,-1.5719781745963206,1.278051339378919,0.28363248122780965,-0.7004463659047029,0.0007696929005253099,0.7095588821852901
730,0.5468838447413952,0.5468830912872478,0.0008966957203077902,4.402657236642307,2.4759777164060353,1.6552644960902458,2.957289819632518,-1.0,-1.5719784092350606,1.2780863206113902,0.2835798332303044,-0.7005460343495422,0.0007699508366353057,0.709676217399603
731,0.5468835558173427,0.5468828022154195,0.00089678342542985,4.402657237256282,2.4759774273235546,1.65526445892454,2.957292724109749,-1.0,-1.5719786440756458,1.2781213134375768,0.2835271674298864,-0.7006457474217663,0.000770208980872528,0.7097936034504995
732,0.5468832666477661,0.5468825128979417,0.000896871196495884,4.402657237871007,2.4759771379954154,1.6552644217359025,2.9572956326068933,-1.0,-1.5719788791183575,1.278156317868369,0.2834744838091345,-0.7007455051638521,0.0007704673335233979,0.7099110403869878
733,0.5468829772323249,0.5468822233344739,0.0008969590332389805,4.402657238486482,2.4759768484212774,1.6552643845243076,2.957298545128231,-1.0,-1.5719791143634774,1.2781913339146722,0.28342178235060106,-0.700845307618341,0.0007707258948748994,0.7100285282581515
734,0.5468826875706779,0.5468819335246738,0.0008970469358873753,4.402657239102706,2.475976558600798,1.6552643472897266,2.957301461678049,-1.0,-1.5719793498112877,1.2782263615874085,0.28336906303681214,-0.7009451548278389,0.0007709846652146389,0.7101460671131485
735,0.5468823976624817,0.5468816434681989,0.0008971349051642084,4.402657239719681,2.4759762685336346,1.655264310032133,2.95730438226064,-1.0,-1.5719795854620713,1.2782614008975162,0.283316325850267,-0.7010450468350169,0.0007712436448307078,0.7102636570012121
736,0.5468821075073945,0.5468813531647067,0.0008972229400599622,4.402657240337409,2.475975978219445,1.6552642727514986,2.957307306880306,-1.0,-1.5719798213161114,1.2782964518559494,0.28326357077343833,-0.7011449836826104,0.00077150283401182,0.7103812979716507
737,0.5468818171050702,0.5468810626138516,0.0008973110412976899,4.402657240955889,2.4759756876578836,1.6552642354477969,2.957310235541353,-1.0,-1.571980057373692,1.2783315144736793,0.2832107977887722,-0.7012449654134203,0.0007717622330471162,0.7104989900738484
738,0.5468815264551674,0.5468807718152908,0.0008973992086104212,4.402657241575121,2.4759753968486073,1.6552641981210001,2.9573131682480964,-1.0,-1.5719802936350975,1.278366588761693,0.28315800687868786,-0.7013449920703125,0.0007720218422265145,0.7106167333572645
739,0.5468812355573389,0.5468804807686781,0.0008974874424734966,4.402657242195108,2.47597510579127,1.6552641607710796,2.9573161050048573,-1.0,-1.571980530100613,1.2784016747309945,0.2831051980255779,-0.7014450636962184,0.0007722816618402827,0.710734527871434
740,0.5468809444112398,0.5468801894736676,0.0008975757428672901,4.402657242815851,2.475974814485526,1.655264123398009,2.957319045815964,-1.0,-1.5719807667705241,1.2784367723926036,0.2830523712118078,-0.7015451803341347,0.0007725416921794657,0.7108523736659679
741,0.5468806530165238,0.5468798979299131,0.0008976641100195266,4.402657243437348,2.475974522931029,1.6552640860017598,2.9573219906857515,-1.0,-1.571981003645117,1.2784718817575569,0.2829995264197165,-0.7016453420271237,0.000772801933535439,0.7109702707905533
742,0.5468803613728428,0.5468796061370665,0.0008977525434158252,4.402657244059604,2.4759742311274304,1.655264048582305,2.9573249396185637,-1.0,-1.5719812407246783,1.2785070028369074,0.2829466636316155,-0.7017455488183133,0.0007730623862003354,0.7110882192949534
743,0.5468800694798502,0.5468793140947809,0.0008978410437785397,4.402657244682617,2.475973939074384,1.655264011139616,2.957327892618748,-1.0,-1.5719814780094952,1.278542135641725,0.28289378282978983,-0.7018458007508976,0.0007733230504667542,0.7112062192290076
744,0.546879777337197,0.5468790218027069,0.0008979296103460144,4.402657245306389,2.4759736467715396,1.6552639736736654,2.9573308496906616,-1.0,-1.5719817154998557,1.2785772801830957,0.2828408839964971,-0.7019460978681364,0.0007735839266278775,0.7113242706426322
745,0.546879484944534,0.5468787292604956,0.0008980182445822253,4.402657245930921,2.4759733542185494,1.6552639361844255,2.9573338108386675,-1.0,-1.571981953196048,1.278612436472122,0.2827879671139678,-0.7020464402133558,0.0007738450149774704,0.7114423735858197
746,0.5468791923015116,0.5468784364677973,0.0008981069457254287,4.402657246556211,2.475973061415062,1.655263898671868,2.9573367760671356,-1.0,-1.571982191098361,1.278647604519924,0.28273503216440543,-0.7021468278299482,0.0007741063158098808,0.7115605281086397
747,0.5468788994077791,0.5468781434242604,0.0008981957135085908,4.402657247182264,2.4759727683607275,1.655263861135965,2.9573397453804446,-1.0,-1.5719824292070843,1.2786827843376372,0.282682079129986,-0.7022472607613722,0.0007743678294200005,0.7116787342612386
748,0.5468786062629853,0.546877850129534,0.0008982845486535178,4.402657247809077,2.475972475055195,1.6552638235766888,2.957342718782978,-1.0,-1.5719826675225081,1.2787179759364147,0.2826291079928584,-0.7023477390511532,0.0007746295561034209,0.7117969920938402
749,0.5468783128667793,0.5468775565832668,0.0008983734508930635,4.402657248436656,2.4759721814981113,1.6552637859940107,2.957345696279129,-1.0,-1.5719829060449229,1.2787531793274263,0.28257611873514404,-0.7024482627428833,0.0007748914961560636,0.7119153016567452
750,0.5468780192188074,0.5468772627851052,0.0008984624207015882,4.402657249064996,2.4759718876891244,1.6552637483879031,2.957348677873295,-1.0,-1.57198314477462,1.2787883945218579,0.28252311133893704,-0.7025488318802212,0.0007751536498747245,0.7120336630003323
751,0.5468777253187169,0.5468769687346956,0.0008985514580590209,4.4026572496941005,2.4759715936278806,1.6552637107583374,2.957351663569882,-1.0,-1.571983383711891,1.278823621530913,0.28247008578630395,-0.7026494465068928,0.0007754160175565103,0.7121520761750575
752,0.5468774311661531,0.5468766744316842,0.0008986405624511043,4.402657250323973,2.4759712993140255,1.6552636731052857,2.9573546533733044,-1.0,-1.5719836228570285,1.2788588603658118,0.2824170420592838,-0.7027501066666909,0.0007756785994993246,0.7122705412314545
753,0.5468771367607621,0.5468763798757162,0.0008987297345990949,4.40265725095461,2.4759710047472043,1.6552636354287193,2.9573576472879806,-1.0,-1.5719838622103257,1.2788941110377907,0.2823639801398881,-0.7028508124034759,0.0007759413960015174,0.7123890582201352
754,0.546876842102188,0.5468760850664364,0.000898818974729867,4.402657251586014,2.4759707099270623,1.6552635977286105,2.9573606453183388,-1.0,-1.5719841017720757,1.2789293735581038,0.2823109000101006,-0.7029515637611752,0.0007762044073620414,0.7125076271917898
755,0.5468765471900755,0.5468757900034881,0.0008989082820821257,4.402657252218186,2.475970414853242,1.6552635600049304,2.9573636474688136,-1.0,-1.5719843415425725,1.278964647938022,0.2822578016518774,-0.7030523607837839,0.0007764676338805291,0.7126262481971863
756,0.5468762520240678,0.5468754946865145,0.000898997657870794,4.402657252851128,2.475970119525388,1.6552635222576508,2.957366653743847,-1.0,-1.5719845815221112,1.2789999341888327,0.2822046850471469,-0.7031532035153649,0.0007767310758570987,0.7127449212871714
757,0.5468759566038066,0.546875199115158,0.0008990871010875957,4.40265725348484,2.4759698239431414,1.6552634844867433,2.957369664147888,-1.0,-1.5719848217109866,1.2790352323218412,0.2821515501778096,-0.703254092000049,0.0007769947335924514,0.7128636465126703
758,0.5468756609289346,0.5468749032890604,0.0008991766124532357,4.402657254119321,2.475969528106144,1.6552634466921787,2.957372678685392,-1.0,-1.5719850621094948,1.2790705423483693,0.28209839702573813,-0.7033550262820346,0.0007772586073879293,0.7129824239246872
759,0.5468753649990931,0.5468746072078629,0.0008992661919473636,4.402657254754575,2.4759692320140374,1.6552634088739293,2.9573756973608245,-1.0,-1.5719853027179322,1.2791058642797557,0.28204522557277717,-0.7034560064055885,0.0007775226975454578,0.7131012535743053
760,0.5468750688139221,0.5468743108712052,0.000899355839549622,4.402657255390602,2.4759689356664616,1.655263371031966,2.9573787201786543,-1.0,-1.571985543536596,1.2791411981273566,0.28199203580074345,-0.7035570324150456,0.000777787004367506,0.7132201355126866
761,0.5468747723730601,0.5468740142787267,0.0008994455557333825,4.4026572560274015,2.4759686390630558,1.65526333316626,2.95738174714336,-1.0,-1.5719857845657834,1.2791765439025453,0.28193882769142564,-0.7036581043548094,0.0007780515281572812,0.7133390697910725
762,0.5468744756761482,0.5468737174300667,0.0008995353399844375,4.402657256664973,2.475968342203459,1.6552632952767827,2.957384778259427,-1.0,-1.571986025805793,1.2792119016167123,0.2818856012265843,-0.7037592222693516,0.0007783162692184573,0.713458056460784
763,0.546874178722824,0.5468734203248636,0.0008996251930228645,4.402657257303322,2.4759680450873094,1.655263257363506,2.9573878135313487,-1.0,-1.5719862672569234,1.279247271281265,0.2818323563879517,-0.7038603862032129,0.0007785812278553493,0.7135770955732216
764,0.5468738815127238,0.5468731229627538,0.0008997151140876713,4.402657257942447,2.475967747714244,1.6552632194263999,2.9573908529636244,-1.0,-1.571986508919474,1.2792826529076289,0.281779093157232,-0.7039615962010027,0.0007788464043727575,0.7136961871798656
765,0.5468735840454876,0.5468728253433757,0.0008998051046390816,4.402657258582348,2.4759674500839006,1.6552631814654362,2.957393896560761,-1.0,-1.5719867507937444,1.2793180465072458,0.28172581151610104,-0.7040628523073995,0.0007791117990762989,0.7138153313322764
766,0.5468732863207485,0.5468725274663635,0.0008998951631757794,4.402657259223027,2.475967152195914,1.6552631434805853,2.9573969443272743,-1.0,-1.5719869928800356,1.2793534520915757,0.2816725114462063,-0.7041641545671508,0.0007793774122720951,0.7139345280820942
767,0.5468729883381431,0.5468722293313536,0.0008999852906642363,4.402657259864485,2.4759668540499202,1.6552631054718192,2.9573999962676867,-1.0,-1.5719872351786486,1.2793888696720954,0.2816191929291668,-0.7042655030250732,0.000779643244266773,0.7140537774810399
768,0.5468726900973069,0.5468719309379801,0.0009000754873304352,4.4026572605067225,2.4759665556455532,1.6552630674391087,2.957403052386527,-1.0,-1.571987477689885,1.2794242992602993,0.28156585594657324,-0.7043668977260531,0.0007799092953676398,0.7141730795809147
769,0.5468723915978722,0.546871632285877,0.0009001657526602393,4.40265726114974,2.475966256982447,1.6552630293824235,2.9574061126883318,-1.0,-1.5719877204140473,1.2794597408676998,0.28151250047998766,-0.7044683387150463,0.0007801755658826628,0.7142924344336001
770,0.5468720928394736,0.5468713333746769,0.0009002560871262871,4.4026572617935384,2.4759659580602342,1.6552629913017356,2.957409177177646,-1.0,-1.5719879633514386,1.2794951945058257,0.2814591265109434,-0.7045698260370782,0.0007804420561204119,0.7144118420910591
771,0.5468717938217433,0.5468710342040126,0.0009003464907077684,4.402657262438121,2.4759656588785486,1.6552629531970153,2.9574122458590217,-1.0,-1.5719882065023625,1.2795306601862244,0.2814057340209454,-0.7046713597372442,0.0007807087663900205,0.714531302605335
772,0.5468714945443134,0.5468707347735161,0.0009004369638770588,4.402657263083483,2.47596535943702,1.6552629150682334,2.957415318737017,-1.0,-1.5719884498671226,1.2795661379204601,0.28135232299146967,-0.7047729398607095,0.0007809756970011852,0.7146508160285528
773,0.546871195006814,0.5468704350828174,0.0009005275058734696,4.402657263729632,2.4759650597352807,1.6552628769153612,2.9574183958162004,-1.0,-1.571988693446024,1.2796016277201148,0.28129889340396347,-0.7048745664527098,0.0007812428482642439,0.7147703824129186
774,0.5468708952088768,0.5468701351315476,0.0009006181179089768,4.402657264376564,2.4759647597729604,1.6552628387383685,2.957421477101145,-1.0,-1.5719889372393723,1.2796371295967883,0.28124544523984535,-0.7049762395585508,0.0007815102204902532,0.7148900018107198
775,0.5468705951501301,0.5468698349193354,0.0009007087992228764,4.402657265024282,2.4759644595496884,1.6552628005372263,2.957424562596433,-1.0,-1.571989181247473,1.2796726435620982,0.28119197848050487,-0.7050779592236088,0.0007817778139907752,0.7150096742743258
776,0.5468702948302038,0.5468695344458095,0.0009007995502872406,4.402657265672788,2.475964159065093,1.655262762311905,2.957427652306654,-1.0,-1.5719894254706333,1.2797081696276795,0.28113849310730266,-0.7051797254933306,0.0007820456290780322,0.7151293998561877
777,0.5468699942487251,0.5468692337105984,0.0009008903710809905,4.402657266322081,2.4759638583188024,1.6552627240623752,2.957430746236404,-1.0,-1.5719896699091596,1.2797437078051852,0.2810849891015703,-0.7052815384132338,0.0007823136660648491,0.7152491786088387
778,0.5468696934053225,0.5468689327133291,0.0009009812613365919,4.402657266972163,2.475963557310444,1.655262685788607,2.9574338443902874,-1.0,-1.57198991456336,1.279779258106286,0.28103146644461036,-0.705383398028907,0.0007825819252647306,0.7153690105848941
779,0.546869392299623,0.5468686314536285,0.0009010722217722933,4.402657267623033,2.4759632560396456,1.6552626474905707,2.957436946772917,-1.0,-1.571990159433543,1.27981482054267,0.2809779251176961,-0.7054853043860099,0.000782850406991706,0.7154888958370516
780,0.5468690909312508,0.5468683299311216,0.0009011632521204457,4.402657268274695,2.4759629545060307,1.6552626091682379,2.9574400533889125,-1.0,-1.571990404520018,1.2798503951260438,0.28092436510207164,-0.705587257530273,0.0007831191115604654,0.7156088344180916
781,0.5468687892998322,0.5468680281454337,0.0009012543526062375,4.402657268927147,2.475962652709225,1.6552625708215767,2.9574431642429,-1.0,-1.571990649823094,1.2798859818681319,0.28087078637895196,-0.7056892575074986,0.0007833880392863592,0.7157288263808771
782,0.5468684874049916,0.5468677260961886,0.0009013455232084021,4.4026572695803905,2.4759623506488526,1.655262532450559,2.9574462793395155,-1.0,-1.571990895343082,1.279921580780676,0.28081718892952257,-0.7057913043635603,0.000783657190485418,0.7158488717783539
783,0.5468681852463517,0.5468674237830101,0.0009014367641519879,4.402657270234427,2.4759620483245373,1.6552624940551546,2.9574493986834014,-1.0,-1.571991141080292,1.2799571918754367,0.28076357273493957,-0.7058933981444034,0.0007839265654741191,0.7159689706635509
784,0.5468678828235367,0.5468671212055217,0.0009015280751693397,4.402657270889261,2.475961745735902,1.655262455635333,2.957452522279208,-1.0,-1.5719913870350364,1.279992815164192,0.28070993777632974,-0.7059955388960452,0.000784196164569795,0.7160891230895805
785,0.5468675801361682,0.546866818363344,0.0009016194567317137,4.402657271544887,2.4759614428825683,1.655262417191065,2.957455650131591,-1.0,-1.5719916332076267,1.280028450658738,0.28065628403479026,-0.7060977266645745,0.0007844659880901663,0.7162093291096385
786,0.5468672771838677,0.5468665152560991,0.0009017109093101586,4.402657272201307,2.4759611397641574,1.65526237872232,2.9574587822452187,-1.0,-1.571991879598376,1.2800640983708893,0.2806026114913886,-0.7061999614961527,0.0007847360363537311,0.7163295887770041
787,0.5468669739662563,0.5468662118834074,0.0009018024321443995,4.402657272858526,2.47596083638029,1.6552623402290685,2.957461918624763,-1.0,-1.5719921262075975,1.280099758312478,0.28054892012716276,-0.7063022434370133,0.000785006309679648,0.7164499021450405
788,0.5468666704829526,0.5468659082448885,0.0009018940254592463,4.402657273516542,2.4759605327305856,1.65526230171128,2.9574650592749046,-1.0,-1.5719923730356056,1.280135430495355,0.28049520992312105,-0.7064045725334621,0.0007852768083876973,0.7165702692671946
789,0.5468663667335775,0.5468656043401612,0.0009019856899717472,4.402657274175357,2.475960228814663,1.6552622631689247,2.9574682042003326,-1.0,-1.5719926200827146,1.280171114931389,0.28044148086024184,-0.7065069488318778,0.0007855475327982033,0.7166906901969977
790,0.5468660627177481,0.546865300168844,0.0009020774254140498,4.402657274834971,2.475959924632141,1.655262224601972,2.957471353405744,-1.0,-1.5719928673492396,1.2802068116324672,0.2803877329194738,-0.7066093723787116,0.0007858184832323064,0.7168111649880654
791,0.5468657584350821,0.5468649957305542,0.0009021692317645172,4.402657275495385,2.4759596201826364,1.655262186010391,2.9574745068958426,-1.0,-1.5719931148354969,1.2802425206104948,0.2803339660817355,-0.7067118432204876,0.0007860896600116131,0.7169316936940978
792,0.5468654538851974,0.5468646910249085,0.0009022611090015041,4.4026572761566,2.4759593154657664,1.6552621473941531,2.9574776646753405,-1.0,-1.5719933625418028,1.2802782418773955,0.28028018032791585,-0.706814361403803,0.0007863610634584685,0.7170522763688798
793,0.546865149067709,0.5468643860515225,0.0009023530575955036,4.402657276818619,2.475959010481146,1.6552621087532264,2.9574808267489585,-1.0,-1.5719936104684746,1.2803139754451114,0.2802263756388734,-0.7069169269753284,0.0007866326938958391,0.717172913066281
794,0.5468648439822326,0.5468640808100119,0.0009024450775247044,4.402657277481441,2.4759587052283916,1.6552620700875809,2.9574839931214227,-1.0,-1.5719938586158302,1.280349721325603,0.28017255199543695,-0.7070195399818074,0.0007869045516473134,0.7172936038402561
795,0.5468645386283824,0.5468637752999901,0.0009025371690133097,4.402657278145066,2.4759583997071157,1.6552620313971862,2.9574871637974693,-1.0,-1.571994106984188,1.280385479530849,0.28011870937840483,-0.7071222004700575,0.0007871766370371598,0.7174143487448452
796,0.5468642330057726,0.5468634695210715,0.0009026293315474217,4.402657278809496,2.4759580939169332,1.6552619926820114,2.9574903387818425,-1.0,-1.5719943555738671,1.2804212500728467,0.28006484776854534,-0.7072249084869696,0.0007874489503902683,0.7175351478341736
797,0.5468639271140157,0.5468631634728682,0.0009027215660891703,4.402657279474733,2.475957787857457,1.6552619539420266,2.9574935180792936,-1.0,-1.5719946043851873,1.280457032963612,0.28001096714659635,-0.7073276640795084,0.000787721492032248,0.7176560011624527
798,0.5468636209527243,0.5468628571549928,0.0009028138721245911,4.402657280140775,2.4759574815282974,1.6552619151772006,2.9574967016945806,-1.0,-1.5719948534184691,1.2804928282151793,0.2799570674932655,-0.7074304672947132,0.0007879942622892906,0.7177769087839789
799,0.5468633145215097,0.5468625505670561,0.0009029062496317574,4.4026572808076265,2.475957174929068,1.655261876387503,2.9574998896324716,-1.0,-1.5719951026740333,1.2805286358396015,0.27990314878922995,-0.7075333181796964,0.0007882672614882487,0.7178978707531355
800,0.5468630078199825,0.546862243708669,0.0009029986995723222,4.402657281475285,2.4759568680593773,1.6552618375729025,2.9575030818977415,-1.0,-1.5719953521522017,1.2805644558489506,0.27984921101513643,-0.707636216781646,0.000788540489956713,0.7180188871243911
801,0.5468627008477531,0.5468619365794409,0.0009030912209405531,4.402657282143758,2.475956560918836,1.6552617987333687,2.9575062784951736,-1.0,-1.5719956018532966,1.2806002882553167,0.279795254151601,-0.7077391631478234,0.0007888139480228376,0.7181399579523015
802,0.5468623936044299,0.5468616291789806,0.0009031838146978857,4.402657282813037,2.4759562535070527,1.6552617598688708,2.9575094794295578,-1.0,-1.571995851777641,1.2806361330708087,0.2797412781792092,-0.7078421573255651,0.0007890876360155539,0.7182610832915084
803,0.5468620860896213,0.546861321506896,0.0009032764803304155,4.402657283483128,2.4759559458236353,1.655261720979377,2.9575126847056947,-1.0,-1.5719961019255586,1.2806719903075547,0.2796872830785158,-0.7079451993622826,0.0007893615542642788,0.7183822631967404
804,0.5468617783029346,0.5468610135627949,0.0009033692185534126,4.402657284154032,2.475955637868191,1.6552616820648574,2.9575158943283912,-1.0,-1.5719963522973737,1.2807078599777009,0.2796332688300449,-0.7080482893054618,0.0007896357030992261,0.7185034977228133
805,0.5468614702439768,0.5468607053462833,0.0009034620288529814,4.402657284825751,2.4759553296403265,1.6552616431252802,2.957519108302462,-1.0,-1.5719966028934114,1.280743742093413,0.27957923541428975,-0.7081514272026643,0.0007899100828511728,0.7186247869246296
806,0.5468611619123541,0.5468603968569672,0.0009035549112069116,4.402657285498282,2.4759550211396473,1.6552616041606147,2.9575223266327293,-1.0,-1.571996853713997,1.2807796366668749,0.2795251828117128,-0.7082546131015268,0.0007901846938516342,0.7187461308571794
807,0.5468608533076705,0.5468600880944516,0.0009036478665758659,4.402657286171631,2.475954712365759,1.6552615651708296,2.957525549324026,-1.0,-1.571997104759457,1.2808155437102902,0.27947111100274535,-0.7083578470497612,0.000790459536432903,0.7188675295755403
808,0.5468605444295312,0.5468597790583398,0.0009037408944459241,4.402657286845794,2.4759544033182643,1.6552615261558936,2.9575287763811895,-1.0,-1.5719973560301184,1.2808514632358807,0.27941701996778795,-0.7084611290951555,0.0007907346109277962,0.7189889831348775
809,0.5468602352775398,0.546859469748236,0.000903833995286039,4.402657287520776,2.4759540939967675,1.6552614871157754,2.957532007809069,-1.0,-1.5719976075263087,1.2808873952558877,0.2793629096872098,-0.7085644592855729,0.0007910099176698303,0.7191104915904438
810,0.5468599258512985,0.546859160163742,0.0009039271685823748,4.4026572881965755,2.4759537844008705,1.655261448050444,2.9575352436125195,-1.0,-1.5719978592483563,1.2809233397825714,0.2793087801413491,-0.708667837668953,0.0007912854569932407,0.7192320549975806
811,0.54685961615041,0.5468588503044606,0.0009040204150493857,4.402657288873195,2.475953474530176,1.655261408959867,2.957538483796404,-1.0,-1.5719981111965897,1.2809592968282113,0.2792546313105128,-0.7087712642933116,0.0007915612292327877,0.719353673411717
812,0.5468593061744734,0.5468585401699909,0.0009041137341732446,4.402657289550634,2.4759531643842836,1.6552613698440142,2.957541728365594,-1.0,-1.571998363371339,1.2809952664051052,0.2792004631749766,-0.7088747392067403,0.0007918372347240663,0.719475346888371
813,0.5468589959230916,0.546858229759935,0.0009042071266681607,4.402657290228895,2.475952853962794,1.6552613307028532,2.9575449773249707,-1.0,-1.5719986157729344,1.281031248525571,0.2791462757149848,-0.7089782624574072,0.0007921134738033523,0.719597075483149
814,0.5468586853958624,0.5468579190738906,0.0009043005922658588,4.402657290907976,2.4759525432653064,1.6552612915363527,2.957548230679421,-1.0,-1.5719988684017068,1.2810672432019454,0.2790920689107502,-0.7090818340935576,0.0007923899468074845,0.7197188592517463
815,0.5468583745923843,0.5468576081114563,0.0009043941311891917,4.40265729158788,2.475952232291419,1.6552612523444812,2.957551488433842,-1.0,-1.5719991212579878,1.2811032504465842,0.27903784274245436,-0.709185454163513,0.0007926666540741954,0.7198406982499471
816,0.5468580635122557,0.5468572968722305,0.0009044877436609023,4.402657292268611,2.4759519210407293,1.655261213127207,2.9575547505931388,-1.0,-1.5719993743421097,1.2811392702718627,0.2789835971902469,-0.7092891227156717,0.0007929435959416257,0.7199625925336252
817,0.5468577521550737,0.5468569853558094,0.0009045814294126901,4.402657292950165,2.4759516095128347,1.655261173884498,2.9575580171622233,-1.0,-1.5719996276544055,1.2811753026901758,0.27892933223424615,-0.7093928397985098,0.0007932207727488875,0.7200845421587432
818,0.5468574405204346,0.546856673561789,0.0009046751889126715,4.4026572936325445,2.4759512977073306,1.6552611346163228,2.9575612881460174,-1.0,-1.5719998811952087,1.2812113477139369,0.27887504785453854,-0.70949660546058,0.0007934981848355009,0.7202065471813538
819,0.5468571286079332,0.5468563614897654,0.0009047690218925036,4.402657294315754,2.475950985623813,1.6552610953226492,2.9575645635494503,-1.0,-1.5720001349648538,1.2812474053555796,0.27882074403117885,-0.709600419750513,0.0007937758325418407,0.7203286076575994
820,0.5468568164171649,0.5468560491393315,0.0009048629288201077,4.402657294999788,2.475950673261875,1.6552610560034455,2.957567843377459,-1.0,-1.572000388963676,1.2812834756275566,0.27876642074419006,-0.7097042827170167,0.0007940537162090397,0.7204507236437124
821,0.5468565039477223,0.5468557365100817,0.0009049569094270986,4.4026572956846515,2.475950360621111,1.6552610166586796,2.9575711276349903,-1.0,-1.5720006431920106,1.2813195585423405,0.27871207797356307,-0.7098081944088769,0.0007943318361787359,0.7205728951960153
822,0.5468561911991988,0.5468554236016081,0.0009050509641812021,4.4026572963703465,2.4759500477011125,1.6552609772883191,2.957574416326999,-1.0,-1.5720008976501942,1.2813556541124227,0.27865771569925685,-0.7099121548749575,0.0007946101927934411,0.7206951223709209
823,0.5468558781711862,0.5468551104135027,0.0009051450935499321,4.402657297056872,2.475949734501472,1.6552609378923326,2.9575777094584463,-1.0,-1.5720011523385642,1.2813917623503146,0.27860333390119846,-0.7100161641642002,0.0007948887863961728,0.7208174052249332
824,0.5468555648632762,0.5468547969453569,0.0009052392962835709,4.402657297744229,2.4759494210217814,1.6552608984706878,2.957581007034304,-1.0,-1.5720014072574582,1.2814278832685473,0.2785489325592827,-0.7101202223256254,0.0007951676173308807,0.7209397438146461
825,0.5468552512750597,0.5468544831967608,0.0009053335735855308,4.402657298432416,2.4759491072616298,1.655260859023352,2.9575843090595515,-1.0,-1.5720016624072142,1.2814640168796716,0.27849451165337236,-0.7102243294083317,0.0007954466859420976,0.721062138196745
826,0.5468549374061243,0.5468541691673032,0.0009054279251872816,4.402657299121439,2.475948793220607,1.6552608195502931,2.957587615539178,-1.0,-1.5720019177881719,1.2815001631962575,0.27844007116329766,-0.7103284854614963,0.0007957259925749392,0.7211845884280067
827,0.5468546232560605,0.5468538548565731,0.0009055223513108096,4.402657299811298,2.475948478898301,1.6552607800514791,2.957590926478179,-1.0,-1.5720021734006708,1.2815363222308953,0.27838561106885684,-0.7104326905343754,0.0007960055375754148,0.721307094565299
828,0.5468543088244556,0.5468535402641582,0.0009056168521779904,4.402657300501992,2.4759481642942998,1.6552607405268773,2.957594241881559,-1.0,-1.5720024292450516,1.281572493996195,0.2783311313498155,-0.710536944676304,0.0007962853212901554,0.7214296566655812
829,0.5468539941108964,0.5468532253896449,0.0009057114277654281,4.402657301193523,2.4759478494081897,1.6552607009764555,2.9575975617543317,-1.0,-1.5720026853216558,1.281608678504786,0.278276631985907,-0.7106412479366965,0.0007965653440665303,0.7215522747859049
830,0.5468536791149693,0.5468529102326195,0.000905806078049718,4.402657301885891,2.4759475342395576,1.6552606614001806,2.957600886101518,-1.0,-1.5720029416308252,1.2816448757693182,0.27822211295683197,-0.7107456003650463,0.0007968456062525891,0.7216749489834132
831,0.5468533638362596,0.5468525947926667,0.0009059008030074465,4.402657302579099,2.4759472187879874,1.6552606217980201,2.95760421492815,-1.0,-1.5720031981729023,1.281681085802461,0.2781675742422584,-0.7108500020109265,0.0007971261081971775,0.7217976793153418
832,0.5468530482743514,0.5468522790693711,0.0009059956033504425,4.402657303273145,2.4759469030530648,1.6552605821699418,2.957607548239264,-1.0,-1.5720034549482307,1.2817173086169036,0.2781130158218218,-0.7109544529239901,0.0007974068502496855,0.7219204658390184
833,0.5468527324288287,0.5468519630623159,0.0009060904785649282,4.402657303968033,2.4759465870343713,1.6552605425159133,2.9576108860399097,-1.0,-1.5720037119571544,1.2817535442253556,0.27805843767512467,-0.7110589531539692,0.0007976878327603775,0.7220433086118637
834,0.5468524162992744,0.5468516467710837,0.0009061854291174516,4.402657304663761,2.475946270731491,1.6552605028359009,2.9576142283351423,-1.0,-1.572003969200018,1.2817897926405466,0.27800383978173693,-0.7111635027506767,0.0007979690560801394,0.7221662076913908
835,0.5468520998852697,0.5468513301952563,0.0009062804547393269,4.402657305360333,2.475945954144005,1.6552604631298722,2.9576175751300258,-1.0,-1.5720042266771672,1.2818260538752262,0.27794922212119544,-0.7112681017640057,0.0007982505205606537,0.7222891631352063
836,0.5468517831863966,0.5468510133344142,0.0009063755558969046,4.4026573060577485,2.4759456372714936,1.6552604233977941,2.957620926429634,-1.0,-1.5720044843889482,1.281862327942164,0.27789458467300415,-0.711372750243929,0.0007985322265543026,0.7224121750010096
837,0.5468514662022345,0.5468506961881382,0.0009064707325664105,4.402657306756008,2.4759453201135377,1.6552603836396342,2.9576242822390486,-1.0,-1.572004742335708,1.2818986148541498,0.27783992741663394,-0.7114774482405005,0.0007988141744141868,0.7225352433465937
838,0.5468511489323628,0.5468503787560058,0.0009065659847240615,4.402657307455114,2.4759450026697154,1.6552603438553593,2.9576276425633603,-1.0,-1.5720050005177941,1.2819349146239938,0.2777852503315226,-0.7115821958038547,0.0007990963644940873,0.7226583682298453
839,0.5468508313763599,0.5468500610375966,0.0009066613125909694,4.402657308155067,2.4759446849396056,1.6552603040449356,2.9576310074076675,-1.0,-1.5720052589355549,1.2819712272645265,0.2777305533970748,-0.7116869929842071,0.0007993787971486009,0.7227815497087448
840,0.5468505135338046,0.546849743032488,0.0009067567161432561,4.402657308855868,2.475944366922786,1.6552602642083307,2.957634376777078,-1.0,-1.5720055175893393,1.2820075527885983,0.27767583659266176,-0.7117918398318541,0.0007996614727329464,0.7229047878413667
841,0.5468501954042714,0.5468494247402558,0.0009068521958467388,4.402657309557516,2.475944048618832,1.6552602243455115,2.9576377506767098,-1.0,-1.5720057764794972,1.2820438912090804,0.27762109989762146,-0.7118967363971734,0.0007999443916031973,0.7230280826858798
842,0.5468498769873379,0.5468491061604754,0.0009069477514325404,4.402657310260017,2.47594373002732,1.6552601844564445,2.9576411291116873,-1.0,-1.5720060356063794,1.2820802425388642,0.2775663432912585,-0.7120016827306244,0.0008002275541159903,0.7231514343005474
843,0.5468495582825782,0.5468487872927228,0.0009070433831214793,4.402657310963366,2.4759434111478247,1.655260144541096,2.9576445120871426,-1.0,-1.5720062949703368,1.2821166067908616,0.2775115667528441,-0.712106678882748,0.0008005109606288758,0.7232748427437271
844,0.5468492392895666,0.5468484681365705,0.0009071390911342613,4.402657311667568,2.4759430919799192,1.6552601045994328,2.957647899608221,-1.0,-1.5720065545717214,1.2821529839780048,0.2774567702616157,-0.7122117249041667,0.0008007946115000836,0.723398308073872
845,0.5468489200078765,0.546848148691592,0.0009072348752019828,4.402657312372622,2.475942772523177,1.6552600646314224,2.957651291680073,-1.0,-1.572006814410886,1.2821893741132466,0.2774019537967772,-0.7123168208455852,0.0008010785070885629,0.7235218303495299
846,0.5468486004370802,0.5468478289573597,0.0009073307357900026,4.40265731307853,2.4759424527771703,1.65526002463703,2.957654688307859,-1.0,-1.5720070744881842,1.2822257772095609,0.2773471173374988,-0.7124219667577905,0.0008013626477540204,0.7236454096293439
847,0.5468482805767485,0.5468475089334442,0.0009074266733634643,4.402657313785292,2.47594213274147,1.6552599846162221,2.957658089496748,-1.0,-1.57200733480397,1.2822621932799414,0.2772922608629169,-0.7125271626916515,0.0008016470338568232,0.7237690459720527
848,0.5468479604264527,0.5468471886194161,0.0009075226869192679,4.402657314492912,2.4759418124156465,1.6552599445689664,2.9576614952519193,-1.0,-1.5720075953585984,1.2822986223374029,0.27723738435213413,-0.7126324086981201,0.0008019316657582714,0.7238927394364908
849,0.5468476399857616,0.5468468680148446,0.0009076187771672355,4.402657315201387,2.475941491799269,1.6552599044952274,2.9576649055785587,-1.0,-1.5720078561524247,1.282335064394981,0.2771824877842191,-0.7127377048282307,0.0008022165438202282,0.7240164900815885
850,0.5468473192542453,0.5468465471192994,0.0009077149448168695,4.402657315910722,2.475941170891907,1.655259864394973,2.957668320481862,-1.0,-1.5720081171858056,1.2823715194657315,0.2771275711382064,-0.7128430511331006,0.0008025016684053342,0.7241402979663726
851,0.5468469982314705,0.5468462259323467,0.0009078111891097912,4.402657316620915,2.475940849693127,1.6552598242681678,2.957671739967034,-1.0,-1.5720083784590981,1.2824079875627319,0.27707263439309665,-0.7129484476639305,0.0008027870398770458,0.7242641631499656
852,0.5468466769170034,0.546845904453553,0.000907907510755329,4.402657317331967,2.475940528202495,1.6552597841147791,2.9576751640392884,-1.0,-1.5720086399726605,1.2824444686990795,0.2770176775278561,-0.7130538944720037,0.0008030726585995772,0.7243880856915873
853,0.5468463553104126,0.5468455826824854,0.0009080039089952415,4.402657318043881,2.475940206419579,1.6552597439347723,2.9576785927038474,-1.0,-1.572008901726851,1.2824809628878933,0.2769627005214171,-0.7131593916086876,0.0008033585249379003,0.7245120656505538
854,0.5468460334112603,0.5468452606187079,0.0009081003847831985,4.402657318756657,2.4759398843439415,1.655259703728114,2.9576820259659433,-1.0,-1.572009163722029,1.282517470142313,0.2769077033526773,-0.713264939125433,0.0008036446392576477,0.7246361030862785
855,0.5468457112191133,0.5468449382617855,0.0009081969378499971,4.402657319470294,2.4759395619751494,1.6552596634947698,2.9576854638308157,-1.0,-1.5720094259585546,1.2825539904754992,0.2768526860005003,-0.7133705370737745,0.0008039310019253264,0.7247601980582719
856,0.546845388733533,0.5468446156112798,0.0009082935681709928,4.402657320184798,2.475939239312763,1.655259623234705,2.9576889063037153,-1.0,-1.5720096884367891,1.2825905239006339,0.276797648443715,-0.7134761855053309,0.0008042176133081229,0.7248843506261419
857,0.5468450659540824,0.5468442926667543,0.0009083902764548443,4.4026573209001665,2.4759389163563457,1.655259582947886,2.9576923533898998,-1.0,-1.5720099511570935,1.2826270704309193,0.2767425906611159,-0.7135818844718048,0.0008045044737740985,0.7250085608495944
858,0.5468447428803239,0.5468439694277696,0.0009084870626766542,4.402657321616399,2.4759385931054583,1.6552595426342784,2.9576958050946374,-1.0,-1.5720102141198307,1.2826636300795795,0.2766875126314628,-0.7136876340249837,0.0008047915836919359,0.7251328287884328
859,0.5468444195118171,0.5468436458938867,0.0009085839263227447,4.402657322333502,2.475938269559662,1.655259502293848,2.957699261423205,-1.0,-1.5720104773253631,1.2827002028598595,0.27663241433348085,-0.7137934342167394,0.0008050789434311343,0.7252571545025587
860,0.5468440958481228,0.5468433220646646,0.0009086808676127154,4.4026573230514705,2.475937945718516,1.6552594619265606,2.957702722380888,-1.0,-1.5720107407740553,1.2827367887850256,0.27657729574586043,-0.7138992850990283,0.0008053665533619889,0.7253815380519721
861,0.5468437718887978,0.5468429979396617,0.0009087778872547188,4.402657323770311,2.4759376215815783,1.655259421532381,2.9577061879729816,-1.0,-1.5720110044662716,1.2827733878683656,0.2765221568472571,-0.7140051867238921,0.0008056544138556113,0.7255059794967716
862,0.5468434476334018,0.5468426735184362,0.000908874984979356,4.40265732449002,2.4759372971484073,1.6552593811112752,2.9577096582047893,-1.0,-1.5720112684023777,1.282810000123188,0.27646699761629145,-0.7141111391434577,0.000805942525283793,0.7256304788971544
863,0.5468431230814911,0.5468423488005444,0.0009089721607616046,4.402657325210601,2.475936972418559,1.655259340663208,2.9577131330816253,-1.0,-1.5720115325827395,1.282846625562823,0.2764118180315491,-0.714217142409937,0.0008062308880190831,0.7257550363134168
864,0.546842798232621,0.5468420237855415,0.0009090694150649421,4.402657325932053,2.4759366473915883,1.6552593001881455,2.9577166126088112,-1.0,-1.5720117970077243,1.2828832642006223,0.2763566180715804,-0.7143231965756274,0.0008065195024350218,0.7258796518059543
865,0.546842473086347,0.5468416984729829,0.0009091667476199413,4.402657326654381,2.4759363220670516,1.655259259686053,2.9577200967916792,-1.0,-1.5720120616776996,1.2829199160499587,0.27630139771490086,-0.7144293016929124,0.000806808368905693,0.7260043254352617
866,0.546842147642224,0.5468413728624227,0.0009092641586456755,4.4026573273775815,2.4759359964445022,1.6552592191568947,2.9577235856355695,-1.0,-1.5720123265930337,1.282956581124227,0.27624615693999055,-0.7145354578142612,0.000807097487805997,0.7261290572619338
867,0.5468418218998048,0.5468410469534144,0.0009093616483611035,4.40265732810166,2.475935670523494,1.6552591786006368,2.957727079145833,-1.0,-1.5720125917540961,1.2829932594368432,0.2761908957252942,-0.714641664992229,0.0008073868595117276,0.7262538473466649
868,0.5468414958586416,0.546840720745509,0.0009094592169850702,4.402657328826613,2.4759353443035774,1.655259138017244,2.9577305773278284,-1.0,-1.5720128571612568,1.283029951001245,0.2761356140492213,-0.7147479232794577,0.000807676484399417,0.7263786957502496
869,0.5468411695182843,0.5468403942382571,0.0009095568642480577,4.402657329552445,2.4759350177843036,1.6552590974066805,2.9577340801869254,-1.0,-1.5720131228148868,1.2830666558308919,0.2760803118901457,-0.7148542327286752,0.0008079663628463161,0.7265036025335828
870,0.546840842878285,0.54684006743121,0.0009096545903688394,4.4026573302791565,2.4759346909652233,1.6552590567689127,2.957737587728501,-1.0,-1.5720133887153573,1.2831033739392643,0.2760249892264057,-0.7149605933926964,0.0008082564952305502,0.72662856775766
871,0.5468405159381935,0.546839740323917,0.0009097523958101453,4.402657331006748,2.4759343638458864,1.6552590161039047,2.9577410999579423,-1.0,-1.572013654863041,1.2831401053398654,0.27596964603630414,-0.7150670053244228,0.0008085468819309635,0.7267535914835774
872,0.5468401886975564,0.5468394129159253,0.0009098502805463955,4.4026573317352184,2.4759340364258398,1.6552589754116214,2.957744616880646,-1.0,-1.572013921258311,1.2831768500462197,0.27591428229810794,-0.7151734685768434,0.0008088375233273329,0.7268786737725322
873,0.5468398611559229,0.546839085206783,0.0009099482443079814,4.40265733246457,2.475933708704632,1.6552589346920275,2.957748138502019,-1.0,-1.5720141879015415,1.2832136080718735,0.27585889799004826,-0.7152799832030341,0.0008091284198000568,0.727003814685823
874,0.5468395333128383,0.5468387571960357,0.0009100462878013605,4.402657333194808,2.4759333806818073,1.6552588939450872,2.957751664827476,-1.0,-1.572014454793107,1.283250379430395,0.27580349309032043,-0.7153865492561584,0.0008094195717305245,0.7271290142848496
875,0.5468392051678493,0.54683842888323,0.0009101444105128331,4.402657333925929,2.475933052356914,1.655258853170766,2.9577551958624424,-1.0,-1.572014721933383,1.2832871641353745,0.2757480675770838,-0.7154931667894675,0.0008097109795007666,0.7272542726311139
876,0.5468388767204997,0.546838100267909,0.0009102426129046607,4.402657334657935,2.475932723729494,1.6552588123690277,2.9577587316123517,-1.0,-1.572014989322746,1.283323962200424,0.2756926214284618,-0.7155998358563005,0.0008100026434936101,0.7273795897862192
877,0.5468385479703344,0.5468377713496171,0.0009103408949510569,4.402657335390827,2.475932394799092,1.6552587715398372,2.957762272082648,-1.0,-1.5720152569615728,1.2833607736391777,0.27563715462254146,-0.7157065565100844,0.0008102945640928342,0.7275049658118714
878,0.546838218916894,0.5468374421278962,0.0009104392571140003,4.402657336124606,2.4759320655652495,1.6552587306831585,2.9577658172787853,-1.0,-1.5720155248502419,1.2833975984652919,0.27558166713737386,-0.7158133288043347,0.0008105867416828398,0.7276304007698786
879,0.5468378895597222,0.5468371126022883,0.0009105376988798046,4.402657336859274,2.4759317360275093,1.6552586897989567,2.9577693672062253,-1.0,-1.5720157929891314,1.2834344366924448,0.27552615895097365,-0.7159201527926551,0.0008108791766489991,0.7277558947221515
880,0.5468375598983597,0.5468367827723339,0.0009106362207103235,4.402657337594832,2.4759314061854116,1.6552586488871954,2.957772921870441,-1.0,-1.5720160613786212,1.283471288334337,0.2754706300413192,-0.7160270285287381,0.0008111718693774615,0.7278814477307037
881,0.5468372299323455,0.5468364526375723,0.0009107348235548061,4.402657338331281,2.4759310760384956,1.6552586079478389,2.957776481276914,-1.0,-1.5720163300190915,1.2835081534046917,0.2754150803863525,-0.7161339560663651,0.0008114648202551342,0.728007059857652
882,0.5468368996612186,0.5468361221975424,0.0009108335056804691,4.402657339068621,2.4759307455862998,1.6552585669808513,2.957780045431135,-1.0,-1.5720165989109234,1.2835450319172534,0.27535950996397873,-0.7162409354594065,0.0008117580296697211,0.7281327311652163
883,0.5468365690845175,0.5468357914517818,0.0009109322682803235,4.402657339806853,2.4759304148283623,1.6552585259861965,2.9577836143386054,-1.0,-1.572016868054499,1.2835819238857897,0.2753039187520667,-0.7163479667618219,0.0008120514980098973,0.7282584617157201
884,0.546836238201778,0.5468354603998268,0.000911031112059384,4.4026573405459795,2.475930083764219,1.655258484963839,2.9577871880048363,-1.0,-1.5720171374502012,1.2836188293240904,0.2752483067284485,-0.7164550500276605,0.0008123452256650373,0.7283842515715908
885,0.546835907012537,0.5468351290412136,0.0009111300360164208,4.402657341286003,2.4759297523934065,1.655258443913742,2.957790766435348,-1.0,-1.5720174070984134,1.2836557482459676,0.27519267387091934,-0.7165621853110611,0.0008126392130252738,0.7285101007953599
886,0.546835575516329,0.5468347973754764,0.000911229040612673,4.40265734202692,2.4759294207154587,1.6552584028358706,2.9577943496356696,-1.0,-1.5720176769995198,1.2836926806652558,0.2751370201572376,-0.7166693726662524,0.000812933460481691,0.728636009449663
887,0.5468352437126888,0.5468344654021501,0.0009113281263091585,4.4026573427687365,2.4759290887299104,1.6552583617301873,2.9577979376113417,-1.0,-1.5720179471539057,1.2837296265958125,0.27508134556512476,-0.7167766121475532,0.000813227968426131,0.7287619775972402
888,0.5468349116011475,0.5468341331207655,0.0009114272928358039,4.402657343511449,2.475928756436293,1.655258320596656,2.9578015303679117,-1.0,-1.5720182175619575,1.2837665860515173,0.27502565007226526,-0.7168839038093725,0.0008135227372513879,0.7288880053009362
889,0.5468345791812395,0.5468338005308557,0.0009115265404098247,4.402657344255061,2.475928423834139,1.6552582794352406,2.957805127910941,-1.0,-1.5720184882240615,1.2838035590462724,0.27496993365630634,-0.7169912477062098,0.0008138177673510331,0.7290140926237012
890,0.5468342464524938,0.5468334676319515,0.00091162586924832,4.402657344999576,2.475928090922979,1.6552582382459051,2.9578087302459974,-1.0,-1.5720187591406056,1.283840545594003,0.2749141962948581,-0.7170986438926553,0.0008141130591193566,0.7291402396285901
891,0.5468339134144407,0.5468331344235816,0.0009117252793247297,4.4026573457449905,2.475927757702342,1.6552581970286122,2.957812337378659,-1.0,-1.5720190303119783,1.2838775457086569,0.2748584379654934,-0.7172060924233903,0.0008144086129515231,0.7292664463787635
892,0.5468335800666094,0.5468328009052756,0.000911824771099517,4.402657346491308,2.4759274241717577,1.6552581557833261,2.9578159493145146,-1.0,-1.572019301738569,1.2839145594042045,0.27480265864574765,-0.7173135933531868,0.0008147044292435711,0.7293927129374875
893,0.5468332464085291,0.5468324670765613,0.000911924343815471,4.40265734723853,2.475927090330754,1.6552581145100091,2.9578195660591624,-1.0,-1.5720195734207678,1.2839515866946396,0.27474685831311885,-0.7174211467369085,0.0008150005083924137,0.7295190393681343
894,0.5468329124397258,0.5468321329369652,0.0009120239984199354,4.402657347986657,2.4759267561788567,1.6552580732086253,2.9578231876182106,-1.0,-1.5720198453589656,1.283988627593978,0.2746910369450674,-0.7175287526295102,0.0008152968507957801,0.7296454257341825
895,0.5468325781597242,0.5468317984860126,0.0009121237351295065,4.40265734873569,2.4759264217155916,1.6552580318791383,2.9578268139972765,-1.0,-1.5720201175535544,1.284025682116259,0.2746351945190162,-0.717636411086039,0.0008155934568523125,0.7297718720992165
896,0.5468322435680515,0.546831463723229,0.0009122235529436128,4.402657349485629,2.4759260869404844,1.6552579905215101,2.9578304452019886,-1.0,-1.5720203900049268,1.284062750275545,0.2745793310123504,-0.7177441221616335,0.0008158903269613719,0.7298983785269278
897,0.5468319086642298,0.5468311286481371,0.000912323453295935,4.402657350236478,2.4759257518530573,1.6552579491357042,2.957834081237985,-1.0,-1.5720206627134763,1.2840998320859212,0.2745234464024171,-0.7178518859115246,0.0008161874615233104,0.7300249450811149
898,0.546831573447783,0.5468307932602606,0.0009124234356726481,4.402657350988235,2.475925416452834,1.6552579077216845,2.9578377221109124,-1.0,-1.572020935679597,1.2841369275614953,0.2744675406665259,-0.7179597023910355,0.0008164848609391598,0.7301515718256834
899,0.5468312379182326,0.5468304575591202,0.0009125235005334514,4.4026573517409044,2.4759250807393354,1.655257866279413,2.957841367826429,-1.0,-1.5720212089036847,1.2841740367163994,0.2744116137819482,-0.7180675716555819,0.000816782525610885,0.7302782588246459
900,0.5468309020750995,0.5468301215442373,0.0009126236473646057,4.402657352494484,2.475924744712083,1.6552578248088525,2.957845018390202,-1.0,-1.5720214823861347,1.284211159564788,0.2743556657259175,-0.7181754937606726,0.0008170804559413828,0.7304050061421231
901,0.546830565917904,0.5468297852151315,0.0009127238766256825,4.4026573532489754,2.475924408370596,1.655257783309966,2.9578486738079093,-1.0,-1.5720217561273444,1.284248296120839,0.27429969647562896,-0.718283468761909,0.0008173786523344055,0.7305318138423436
902,0.5468302294461643,0.5468294485713207,0.0009128241885327794,4.402657354004383,2.4759240717143927,1.6552577417827163,2.957852334085238,-1.0,-1.5720220301277112,1.2842854463987534,0.2742437060082396,-0.718391496714986,0.0008176771151944238,0.7306586819896437
903,0.5468298926593991,0.5468291116123231,0.000912924583058653,4.402657354760704,2.4759237347429908,1.6552577002270659,2.9578559992278866,-1.0,-1.572022304387634,1.2843226104127559,0.27418769430086815,-0.7184995776756918,0.0008179758449268802,0.7307856106484686
904,0.5468295555571235,0.5468287743376542,0.0009130250606624428,4.402657355517942,2.4759233974559063,1.6552576586429777,2.9578596692415626,-1.0,-1.5720225789075124,1.284359788177094,0.2741316613305948,-0.7186077116999082,0.0008182748419381689,0.730912599883372
905,0.5468292181388552,0.5468284367468311,0.000913125620830384,4.402657356276097,2.475923059852656,1.655257617030414,2.9578633441319835,-1.0,-1.572022853687746,1.2843969797060397,0.27407560707446144,-0.718715898843611,0.0008185741066353839,0.7310396497590163
906,0.5468288804041073,0.5468280988393668,0.0009132262642646314,4.40265735703517,2.4759227219327533,1.655257575389337,2.957867023904878,-1.0,-1.5720231287287367,1.2844341850138876,0.2740195315094713,-0.7188241391628698,0.0008188736394265708,0.7311667603401731
907,0.5468285423523939,0.5468277606147752,0.0009133269904514258,4.402657357795163,2.4759223836957114,1.6552575337197095,2.9578707085659843,-1.0,-1.5720234040308863,1.284471404114956,0.2739634346125888,-0.7189324327138488,0.0008191734407205723,0.7312939316917236
908,0.5468282039832288,0.5468274220725691,0.0009134278000926596,4.402657358556078,2.475922045141043,1.6552574920214935,2.9578743981210502,-1.0,-1.5720236795945974,1.2845086370235872,0.2739073163607399,-0.7190407795528064,0.0008194735109272603,0.7314211638786584
909,0.5468278652961224,0.5468270832122598,0.0009135286934037672,4.402657359317912,2.4759217062682604,1.655257450294651,2.9578780925758346,-1.0,-1.572023955420274,1.284545883754147,0.27385117673081144,-0.719149179736096,0.0008197738504572841,0.7315484569660781
910,0.5468275262905845,0.546826744033356,0.000913629669870958,4.4026573600806715,2.475921367076871,1.6552574085391443,2.9578817919361065,-1.0,-1.5720242315083208,1.2845831443210247,0.27379501569965137,-0.7192576333201658,0.0008200744597221868,0.7316758110191934
911,0.5468271869661258,0.5468264045353688,0.0009137307299526806,4.402657360844356,2.475921027566387,1.655257366754936,2.957885496207645,-1.0,-1.5720245078591433,1.2846204187386334,0.2737388332440686,-0.719366140361559,0.0008203753391344246,0.7318032261033257
912,0.5468268473222546,0.5468260647178055,0.0009138318738641767,4.402657361608964,2.4759206877363154,1.6552573249419873,2.957889205396238,-1.0,-1.5720247844731479,1.2846577070214105,0.27368262934083315,-0.7194747009169145,0.0008206764891073279,0.7319307022839066
913,0.5468265073584776,0.5468257245801731,0.0009139331015776141,4.402657362374497,2.4759203475861624,1.65525728310026,2.9578929195076866,-1.0,-1.5720250613507416,1.2846950091838167,0.27362640396667554,-0.7195833150429665,0.000820977910055121,0.7320582396264788
914,0.5468261670743008,0.5468253841219772,0.0009140344133080782,4.40265736314096,2.475920007115435,1.6552572412297168,2.9578966385478007,-1.0,-1.572025338492333,1.2847323252403369,0.273570157098287,-0.719691982796545,0.0008212796023928634,0.7321858381966964
915,0.5468258264692301,0.546825043342724,0.0009141358090276345,4.40265736390835,2.4759196663236374,1.655257199330319,2.9579003625224,-1.0,-1.5720256158983308,1.28476965520548,0.27351388871231963,-0.7198007042345763,0.0008215815665365281,0.7323134980603246
916,0.5468254855427693,0.546824702241916,0.0009142372889512125,4.402657364676671,2.475919325210274,1.655257157402028,2.9579040914373156,-1.0,-1.5720258935691451,1.284806999093779,0.2734575987853858,-0.7199094794140829,0.0008218838029030593,0.7324412192832406
917,0.546825144294422,0.5468243608190572,0.0009143388535364696,4.402657365445922,2.4759189837748483,1.6552571154448061,2.9579078252983884,-1.0,-1.5720261715051864,1.2848443569197907,0.2734012872940583,-0.7200183083921835,0.0008221863119102366,0.7325690019314333
918,0.5468248027236894,0.5468240190736482,0.0009144405017839157,4.402657366216108,2.47591864201686,1.6552570734586143,2.95791156411147,-1.0,-1.5720264497068668,1.2848817286980967,0.2733449542148705,-0.7201271912260939,0.0008224890939768113,0.7326968460710037
919,0.5468244608300733,0.5468236770051906,0.0009145422353652068,4.402657366987225,2.4759182999358114,1.655257031443414,2.9579153078824225,-1.0,-1.5720267281745985,1.284919114443302,0.2732885995243157,-0.7202361279731265,0.0008227921495222726,0.7328247517681657
920,0.5468241186130727,0.5468233346131834,0.0009146440530380377,4.402657367759278,2.475917957531202,1.6552569893991669,2.9579190566171176,-1.0,-1.5720270069087954,1.2849565141700368,0.27323222319884766,-0.720345118690691,0.0008230954789672177,0.7329527190892458
921,0.5468237760721864,0.5468229918971252,0.0009147459559880241,4.402657368532265,2.475917614802529,1.6552569473258338,2.9579228103214388,-1.0,-1.5720272859098716,1.2849939278929545,0.27317582521487993,-0.7204541634362943,0.0008233990827329815,0.733080748100683
922,0.5468234332069124,0.5468226488565137,0.0009148479439439574,4.402657369306191,2.475917271749291,1.655256905223377,2.9579265690012795,-1.0,-1.5720275651782423,1.2850313556267337,0.27311940554878616,-0.7205632622675412,0.0008237029612418903,0.7332088388690303
923,0.5468230900167468,0.5468223054908445,0.0009149500163920411,4.4026573700810525,2.4759169283709834,1.6552568630917563,2.957930332662543,-1.0,-1.5720278447143239,1.2850687973860773,0.27306296417689996,-0.7206724152421342,0.0008240071149172997,0.7333369914609537
924,0.5468227465011858,0.5468219617996135,0.0009150521745172901,4.402657370856853,2.4759165846671025,1.655256820930934,2.957934101311145,-1.0,-1.5720281245185335,1.2851062531857125,0.27300650107551444,-0.7207816224178737,0.0008243115441832068,0.7334652059432332
925,0.5468224026597232,0.5468216177823144,0.0009151544175631196,4.402657371633597,2.475916240637141,1.65525677874087,2.9579378749530107,-1.0,-1.572028404591289,1.2851437230403913,0.2729500162208826,-0.7208908838526585,0.0008246162494647937,0.7335934823827627
926,0.5468220584918522,0.5468212734384406,0.0009152567462288812,4.402657372411284,2.4759158962805934,1.6552567365215263,2.957941653594075,-1.0,-1.572028684933009,1.2851812069648898,0.2728935095892171,-0.7210001996044861,0.0008249212311880584,0.7337218208465505
927,0.5468217139970659,0.5468209287674838,0.000915359160243284,4.402657373189909,2.475915551596951,1.6552566942728628,2.9579454372402836,-1.0,-1.5720289655441138,1.2852187049740096,0.27283698115669003,-0.7211095697314525,0.0008252264897798929,0.7338502214017195
928,0.5468213691748542,0.5468205837689346,0.0009154616603053317,4.402657373969481,2.4759152065857037,1.6552566519948406,2.957949225897596,-1.0,-1.572029246425024,1.285256217082576,0.2727804308994327,-0.7212189942917525,0.0008255320256681022,0.7339786841155076
929,0.546821024024707,0.5468202384422826,0.0009155642456585581,4.402657374749996,2.4759148612463413,1.6552566096874204,2.957953019571977,-1.0,-1.5720295275761613,1.28529374330544,0.272723858793536,-0.7213284733436806,0.0008258378392815598,0.7341072090552675
930,0.5468206785461147,0.5468198927870171,0.0009156669170017816,4.402657375531459,2.475914515578354,1.6552565673505637,2.957956818269408,-1.0,-1.572029808997948,1.2853312836574768,0.27266726481504977,-0.7214380069456302,0.0008261439310499165,0.7342357962884676
931,0.5468203327385632,0.5468195468026251,0.00091576967430608,4.4026573763138686,2.475914169581228,1.65525652498423,2.9579606219958765,-1.0,-1.572030090690808,1.2853688381535868,0.2726106489399833,-0.7215475951560949,0.000826450301403814,0.7343644458826916
932,0.54681998660154,0.5468192004885924,0.000915872518027401,4.402657377097229,2.4759138232544498,1.6552564825883795,2.9579644307573836,-1.0,-1.5720303726551654,1.2854064068086954,0.2725540111443047,-0.7216572380336678,0.000826756950774807,0.7344931579056393
933,0.546819640134531,0.5468188538444057,0.0009159754476518097,4.402657377881537,2.475913476597505,1.6552564401629735,2.957968244559939,-1.0,-1.5720306548914458,1.2854439896377527,0.272497351403941,-0.7217669356370421,0.0008270638795954217,0.7346219324251269
934,0.54681929333702,0.5468185068695479,0.0009160784641198945,4.402657378666797,2.475913129609877,1.6552563977079715,2.957972063409566,-1.0,-1.572030937400075,1.285481586655734,0.27244066969477804,-0.7218766880250117,0.0008273710882991754,0.7347507695090866
935,0.5468189462084904,0.5468181595635027,0.0009161815669176434,4.402657379453009,2.475912782291049,1.6552563552233344,2.9579758873122954,-1.0,-1.5720312201814806,1.28551919787764,0.2723839659926605,-0.7219864952564709,0.0008276785773204788,0.7348796692255678
936,0.5468185987484236,0.546817811925751,0.0009162847562582458,4.402657380240175,2.4759124346405033,1.6552563127090216,2.9579797162741714,-1.0,-1.572031503236091,1.285556823318496,0.2723272402733917,-0.7220963573904147,0.0008279863470946559,0.7350086316427368
937,0.546818250956301,0.5468174639557736,0.0009163880323547704,4.402657381028295,2.4759120866577193,1.6552562701649947,2.957983550301248,-1.0,-1.572031786564335,1.2855944629933527,0.27227049251273344,-0.7222062744859392,0.0008282943980580022,0.7351376568288772
938,0.5468179028316029,0.5468171156530512,0.0009164913956624426,4.40265738181737,2.475911738342178,1.6552562275912115,2.957987389399592,-1.0,-1.5720320701666424,1.2856321169172868,0.2722137226864059,-0.7223162466022423,0.000828602730647804,0.7352667448523897
939,0.5468175543738082,0.5468167670170614,0.0009165948454250094,4.402657382607404,2.4759113896933576,1.6552561849876335,2.9579912335752785,-1.0,-1.5720323540434444,1.2856697851053995,0.2721569307700878,-0.7224262737986226,0.0008289113453022607,0.7353958957817938
940,0.5468172055823938,0.5468164180472819,0.0009166983825820901,4.402657383398398,2.4759110407107348,1.6552561423542203,2.9579950828343953,-1.0,-1.572032638195173,1.2857074675728177,0.27210011673941586,-0.7225363561344811,0.0008292202424606211,0.735525109685726
941,0.5468168564568366,0.5468160687431884,0.0009168020071040758,4.402657384190348,2.475910691393786,1.6552560996909311,2.957998937183039,-1.0,-1.5720329226222611,1.2857451643346938,0.2720432805699853,-0.7226464936693209,0.0008295294225629302,0.7356543866329421
942,0.5468165069966107,0.5468157191042557,0.000916905718719178,4.402657384983261,2.4759103417419857,1.6552560569977257,2.9580027966273206,-1.0,-1.5720332073251424,1.2857828754062057,0.27198642223734903,-0.7227566864627468,0.0008298388860503409,0.7357837266923163
943,0.5468161572011925,0.5468153691299592,0.0009170095181242667,4.402657385777136,2.4759099917548095,1.655256014274564,2.95800666117336,-1.0,-1.5720334923042516,1.2858206008025568,0.27192954171701816,-0.7228669345744666,0.0008301486333648994,0.7359131299328414
944,0.5468158070700525,0.5468150188197693,0.0009171134050474211,4.402657386571973,2.475909641431728,1.6552559715214057,2.9580105308272886,-1.0,-1.5720337775600246,1.2858583405389763,0.27187263898446157,-0.7229772380642905,0.0008304586649496626,0.73604259642363
945,0.5468154566026638,0.5468146681731594,0.0009172173797009882,4.402657387367775,2.475909290772213,1.6552559287382096,2.958014405595249,-1.0,-1.5720340630928982,1.285896094630719,0.2718157140151059,-0.7230875969921319,0.0008307689812486779,0.7361721262339139
946,0.5468151057984968,0.5468143171895988,0.0009173214422971944,4.402657388164542,2.475908939775736,1.6552558859249356,2.9580182854833947,-1.0,-1.5720343489033097,1.2859338630930655,0.27175876678433547,-0.7231980114180072,0.0008310795827068284,0.7363017194330448
947,0.5468147546570211,0.5468139658685574,0.0009174255928061138,4.402657388962278,2.4759085884417655,1.6552558430815425,2.9580221704978915,-1.0,-1.572034634991698,1.2859716459413224,0.2717017972674921,-0.7233084814020366,0.000831390469770124,0.7364313760904941
948,0.5468144031777052,0.5468136142095029,0.0009175298316818143,4.40265738976098,2.4759082367697696,1.6552558002079896,2.9580260606449142,-1.0,-1.5720349213585025,1.286009443190822,0.2716448054398752,-0.723419007004444,0.0008317016428855072,0.7365610962758542
949,0.5468140513600154,0.5468132622119014,0.0009176341584102315,4.402657390560652,2.4759078847592146,1.6552557573042361,2.9580299559306513,-1.0,-1.5720352080041642,1.2860472548569222,0.2715877912767413,-0.7235295882855567,0.0008320131025009113,0.7366908800588378
950,0.5468136992034179,0.5468129098752197,0.000917738573929195,4.402657391361294,2.4759075324095665,1.6552557143702413,2.958033856361301,-1.0,-1.5720354949291242,1.2860850809550075,0.2715307547533045,-0.7236402253058067,0.0008323248490652801,0.7368207275092785
951,0.546813346707378,0.5468125571989219,0.0009178430779664819,4.402657392162909,2.4759071797202905,1.6552556714059639,2.958037761943073,-1.0,-1.5720357821338253,1.2861229215004883,0.27147369584473585,-0.7237509181257306,0.0008326368830284508,0.7369506386971313
952,0.5468129938713596,0.5468122041824716,0.0009179476704918599,4.402657392965496,2.4759068266908493,1.6552556284113624,2.9580416726821888,-1.0,-1.5720360696187108,1.286160776508801,0.2714166145261635,-0.7238616668059692,0.0008329492048413295,0.7370806136924726
953,0.5468126406948237,0.5468118508253303,0.0009180523514750851,4.402657393769058,2.4759064733207046,1.6552555853863962,2.9580455885848806,-1.0,-1.5720363573842253,1.286198645995408,0.27135951077267256,-0.7239724714072685,0.0008332618149558324,0.7372106525655006
954,0.5468122871772324,0.5468114971269591,0.0009181571218532509,4.402657394573596,2.4759061196093173,1.6552555423310236,2.958049509657393,-1.0,-1.5720366454308141,1.2862365299757985,0.271302384559305,-0.7240833319904797,0.000833574713824925,0.7373407553865355
955,0.5468119333180456,0.5468111430868182,0.000918261981112139,4.40265739537911,2.4759057655561483,1.6552554992452033,2.9580534359059807,-1.0,-1.572036933758924,1.2862744284654877,0.2712452358610596,-0.7241942486165595,0.0008338879019023693,0.7374709222260202
956,0.5468115791167225,0.5468107887043658,0.0009183669297048683,4.402657396185602,2.475905411160655,1.6552554561288937,2.9580573673369104,-1.0,-1.572037222369002,1.2863123414800168,0.27118806465289164,-0.7243052213465698,0.0008342013796430736,0.73760115315452
957,0.5468112245727206,0.5468104339790599,0.0009184719673590614,4.402657396993074,2.4759050564222957,1.6552554129820534,2.9580613039564607,-1.0,-1.5720375112614968,1.2863502690349542,0.27113087090971305,-0.7244162502416792,0.0008345151475030149,0.7377314482427232
958,0.5468108696854953,0.5468100789103552,0.0009185770945276196,4.4026573978015255,2.475904701340525,1.655255369804641,2.9580652457709213,-1.0,-1.5720378004368578,1.2863882111458942,0.27107365460639216,-0.724527335363162,0.0008348292059389861,0.7378618075614414
959,0.5468105144545035,0.5468097234977082,0.000918682311179813,4.40265739861096,2.4759043459148,1.6552553265966143,2.9580691927865934,-1.0,-1.5720380898955353,1.2864261678284579,0.27101641571775376,-0.7246384767723991,0.000835143555408907,0.7379922311816096
960,0.5468101588791976,0.5468093677405718,0.0009187876177682421,4.402657399421377,2.4759039901445723,1.6552552833579322,2.9580731450097892,-1.0,-1.5720383796379809,1.286464139098293,0.2709591542185787,-0.7247496745308781,0.000835458196371805,0.7381227191742868
961,0.5468098029590319,0.5468090116383983,0.000918893013778699,4.402657400232778,2.475903634029295,1.6552552400885516,2.958077102446833,-1.0,-1.5720386696646471,1.2865021249710737,0.2709018700836041,-0.7248609287001935,0.0008357731292875231,0.7382532716106561
962,0.5468094466934568,0.5468086551906398,0.0009189984999052654,4.402657401045165,2.4759032775684204,1.6552551967884317,2.9580810651040617,-1.0,-1.5720389599759874,1.2865401254625015,0.27084456328752304,-0.7249722393420468,0.0008360883546170317,0.7383838885620251
963,0.5468090900819237,0.5468082983967465,0.0009191040761169129,4.402657401858539,2.475902920761398,1.655255153457529,2.9580850329878223,-1.0,-1.5720392505724559,1.2865781405883039,0.2707872338049845,-0.7250836065182473,0.0008364038728224471,0.7385145700998259
964,0.5468087331238807,0.5468079412561659,0.000919209742624162,4.4026574026729,2.4759025636076757,1.6552551100958037,2.9580890061044736,-1.0,-1.5720395414545083,1.2866161703642356,0.2707298816105932,-0.7251950302907119,0.0008367196843666824,0.738645316295616
965,0.546808375818776,0.5468075837683465,0.0009193154993958764,4.402657403488252,2.475902206106702,1.655255066703212,2.958092984460387,-1.0,-1.5720398326226013,1.2866542148060787,0.27067250667890985,-0.7253065107214655,0.0008370357897138164,0.7387761272210778
966,0.5468080181660564,0.5468072259327347,0.0009194213468839179,4.402657404304593,2.475901848257923,1.655255023279711,2.9580969680619438,-1.0,-1.572040124077192,1.2866922739296418,0.2706151089844507,-0.7254180478726411,0.0008373521893288605,0.7389070029480195
967,0.5468076601651676,0.5468068677487757,0.0009195272845740052,4.402657405121927,2.4759014900607843,1.6552549798252596,2.9581009569155396,-1.0,-1.572040415818739,1.2867303477507603,0.2705576885016871,-0.7255296418064802,0.0008376688836779334,0.7390379435483754
968,0.5468073018155537,0.5468065092159132,0.000919633313400762,4.402657405940254,2.4759011315147292,1.6552549363398146,2.9581049510275803,-1.0,-1.5720407078477023,1.2867684362852976,0.27050024520504634,-0.7256412925853333,0.0008379858732283003,0.7391689490942057
969,0.5468069431166573,0.5468061503335903,0.0009197394326084056,4.402657406759575,2.4759007726192013,1.655254892823334,2.9581089504044833,-1.0,-1.5720410001645422,1.2868065395491433,0.2704427790689107,-0.7257530002716596,0.0008383031584480616,0.7393000196576975
970,0.54680658406792,0.5468057911012476,0.0009198456433726223,4.402657407579891,2.4759004133736404,1.6552548492757748,2.958112955052679,-1.0,-1.5720412927697203,1.2868446575582149,0.2703852900676176,-0.7258647649280275,0.0008386207398064449,0.7394311553111645
971,0.5468062246687833,0.5468054315183264,0.0009199519449376041,4.402657408401206,2.4759000537774885,1.655254805697094,2.9581169649786085,-1.0,-1.5720415856636991,1.2868827903284572,0.2703277781754597,-0.7259765866171155,0.0008389386177737852,0.7395623561270475
972,0.5468058649186855,0.546805071584265,0.000920058337995891,4.4026574092235204,2.4758996938301836,1.6552547620872489,2.9581209801887254,-1.0,-1.5720418788469424,1.2869209378758422,0.2702702433666846,-0.7260884654017111,0.0008392567928214468,0.7396936221779148
973,0.5468055048170654,0.5468047112985015,0.0009201648220331273,4.402657410046832,2.4758993335311636,1.6552547184461965,2.958125000689494,-1.0,-1.572042172319915,1.2869591002163694,0.27021268561549466,-0.7262004013447126,0.0008395752654216688,0.7398249535364624
974,0.5468051443633584,0.5468043506604712,0.0009202713977415767,4.402657410871145,2.4758989728798637,1.6552546747738945,2.958129026487393,-1.0,-1.5720424660830827,1.2869972773660654,0.2701551048960471,-0.726312394509128,0.0008398940360479917,0.7399563502755147
975,0.5468047835570007,0.5468039896696104,0.0009203780653306477,4.40265741169646,2.4758986118757207,1.6552546310702991,2.958133057588911,-1.0,-1.5720427601369125,1.2870354693409851,0.2700975011824537,-0.7264244449580762,0.0008402131051749278,0.7400878124680238
976,0.5468044223974265,0.5468036283253526,0.0009204848242859468,4.402657412522778,2.475898250518168,1.6552545873353672,2.9581370940005494,-1.0,-1.5720430544818718,1.2870736761572108,0.2700398744487808,-0.726536552754787,0.0008405324732780189,0.740219340187071
977,0.5468040608840691,0.5468032666271304,0.0009205916757816762,4.402657413350102,2.4758978888066374,1.6552545435690555,2.9581411357288214,-1.0,-1.5720433491184298,1.287111897830852,0.2699822246690492,-0.7266487179626011,0.0008408521408338754,0.7403509335058666
978,0.5468036990163597,0.5468029045743754,0.0009206986188209375,4.402657414178432,2.475897526740561,1.6552544997713208,2.9581451827802523,-1.0,-1.5720436440470564,1.2871501343780467,0.26992455181723396,-0.7267609406449707,0.0008411721083202345,0.7404825924977498
979,0.546803336793728,0.5468025421665171,0.0009208056543364019,4.402657415007769,2.475897164319369,1.6552544559421198,2.95814923516138,-1.0,-1.5720439392682228,1.2871883858149602,0.26986685586726433,-0.7268732208654595,0.0008414923762158439,0.7406143172361898
980,0.5468029742156045,0.5468021794029851,0.0009209127825369381,4.4026574158381155,2.47589680154249,1.6552544120814088,2.9581532928787535,-1.0,-1.5720442347824009,1.287226652157786,0.26980913679302376,-0.7269855586877433,0.0008418129450004614,0.7407461077947853
981,0.5468026112814163,0.5468018162832066,0.0009210200029080331,4.402657416669472,2.475896438409351,1.6552543681891443,2.9581573559389347,-1.0,-1.5720445305900639,1.2872649334227453,0.2697513945683496,-0.7270979541756101,0.000842133815155069,0.7408779642472657
982,0.5468022479905897,0.5468014528066071,0.0009211273154175006,4.40265741750184,2.475896074919379,1.6552543242652822,2.9581614243484973,-1.0,-1.5720448266916862,1.2873032296260878,0.26969362916703316,-0.7272104073929602,0.0008424549871616977,0.7410098866674907
983,0.5468018843425501,0.5468010889726127,0.0009212347212382885,4.402657418335219,2.475895711071998,1.6552542803097792,2.958165498114027,-1.0,-1.5720451230877428,1.287341540784091,0.2696358405628193,-0.7273229184038067,0.000842776461503389,0.7411418751294507
984,0.5468015203367211,0.5468007247806458,0.0009213422200967622,4.402657419169613,2.4758953468666323,1.6552542363225908,2.9581695772421233,-1.0,-1.5720454197787104,1.2873798669130603,0.26957802872940684,-0.7274354872722758,0.0008430982386643305,0.7412739297072676
985,0.5468011559725261,0.54680036023013,0.0009214498117193864,4.402657420005023,2.4758949823027043,1.6552541923036737,2.958173661739396,-1.0,-1.572045716765066,1.28741820802933,0.2695201936404479,-0.7275481140626068,0.0008434203191297397,0.7414060504751945
986,0.5468007912493854,0.5467999953204852,0.0009215574965555607,4.402657420841449,2.475894617379634,1.6552541482529834,2.958177751612468,-1.0,-1.5720460140472887,1.287456564149262,0.2694623352695481,-0.7276607988391525,0.0008437427033860191,0.7415382375076166
987,0.5468004261667199,0.5467996300511315,0.0009216652745726124,4.402657421678891,2.4758942520968414,1.6552541041704758,2.958181846867974,-1.0,-1.5720463116258578,1.287494935289247,0.26940445359026644,-0.7277735416663798,0.0008440653919206788,0.7416704908790509
988,0.5468000607239476,0.5467992644214876,0.0009217731462196334,4.402657422517356,2.475893886453746,1.6552540600561072,2.958185947512564,-1.0,-1.5720466095012542,1.287533321465704,0.26934654857611495,-0.7278863426088692,0.0008443883852221031,0.7418028106641473
989,0.5467996949204864,0.5467988984309701,0.0009218811114637559,4.402657423356838,2.4758935204497634,1.6552540159098326,2.958190053552895,-1.0,-1.5720469076739594,1.2875717226950807,0.26928862020055894,-0.7279992017313163,0.0008447116837800751,0.7419351969376881
990,0.5467993287557519,0.5467985320789949,0.0009219891700312673,4.402657424197345,2.4758931540843103,1.655253971731608,2.9581941649956423,-1.0,-1.5720472061444566,1.287610138993853,0.2692306684370166,-0.7281121190985306,0.0008450352880853691,0.7420676497745886
991,0.5467989622291592,0.5467981653649769,0.0009220973228525739,4.402657425038873,2.475892787356801,1.6552539275213878,2.958198281847488,-1.0,-1.5720475049132294,1.287648570378526,0.26917269325885906,-0.7282250947754372,0.0008453591986296528,0.7422001692498978
992,0.5467985953401223,0.5467977982883292,0.0009222055698945147,4.402657425881425,2.475892420266649,1.6552538832791286,2.958202404115131,-1.0,-1.572047803980763,1.287687016865633,0.26911469463941007,-0.7283381288270756,0.0008456834159061483,0.7423327554387987
993,0.546798228088052,0.5467974308484629,0.0009223139108831675,4.402657426725007,2.475892052813265,1.6552538390047855,2.958206531805282,-1.0,-1.5720481033475437,1.287725478471736,0.26905667255194604,-0.7284512213186014,0.0008460079404087968,0.7424654084166078
994,0.5467978604723596,0.5467970630447888,0.0009224223460261489,4.402657427569613,2.4758916849960597,1.6552537946983135,2.958210664924662,-1.0,-1.572048403014059,1.2877639552134266,0.268998626969696,-0.728564372315286,0.0008463327726328602,0.742598128258776
995,0.5467974924924549,0.5467966948767161,0.000922530875049567,4.402657428415249,2.475891316814442,1.6552537503596676,2.9582148034800064,-1.0,-1.5720487029807968,1.2878024471073244,0.2689405578658413,-0.7286775818825165,0.0008466579130746695,0.7427309150408895
996,0.5467971241477455,0.5467963263436522,0.000922639499364267,4.4026574292619145,2.4758909482678204,1.6552537059888028,2.9582189474780627,-1.0,-1.572049003248247,1.2878409541700786,0.2688824652135156,-0.7287908500857965,0.0008469833622317015,0.742863768838669
997,0.5467967554376378,0.546795957445004,0.0009227482182146944,4.402657430109611,2.4758905793556014,1.655253661585674,2.9582230969255914,-1.0,-1.5720493038169001,1.2878794764183672,0.26882434898580476,-0.7289041769907462,0.000847309120602502,0.7429966897279708
998,0.5467963863615384,0.5467955881801763,0.000922857031808044,4.40265743095834,2.475890210077189,1.6552536171502363,2.958227251829366,-1.0,-1.5720496046872479,1.2879180138688975,0.26876620915574656,-0.7290175626631025,0.0008476351886868213,0.743129677784787
999,0.5467960169188507,0.5467952185485735,0.0009229659405919609,4.402657431808103,2.4758898404319885,1.655253572682445,2.958231412196172,-1.0,-1.572049905859783,1.2879565665384056,0.26870804569633083,-0.7291310071687196,0.0008479615669855558,0.7432627330852456
1000,0.5467956471089767,0.5467948485495966,0.0009230749442922031,4.402657432658902,2.4758894704194003,1.6552535281822536,2.958235578032807,-1.0,-1.5720502073349996,1.2879951344436575,0.26864985858049933,-0.7292445105735694,0.0008482882560006124,0.7433958557056108
1001,0.5467952769313175,0.5467944781826474,0.0009231840431156699,4.402657433510737,2.4758891000388266,1.655253483649617,2.958239749346083,-1.0,-1.572050509113393,1.288033717601448,0.2685916477811453,-0.7293580729437413,0.0008486152562351803,0.7435290457222842
1002,0.5467949063852754,0.546794107447126,0.0009232932377501172,4.402657434363611,2.4758887292896667,1.65525343908449,2.9582439261428233,-1.0,-1.572050811195459,1.2880723160286016,0.26853341327111363,-0.7294716943454428,0.0008489425681935172,0.7436623032118035
1003,0.5467945354702464,0.5467937363424296,0.0009234025279210917,4.402657435217524,2.4758883581713187,1.6552533944868266,2.9582481084298657,-1.0,-1.5720511135816955,1.2881109297419722,0.26847515502320074,-0.7295853748449996,0.000849270192381066,0.7437956282508443
1004,0.5467941641856287,0.546793364867956,0.0009235119133542407,4.402657436072478,2.4758879866831798,1.6552533498565813,2.9582522962140594,-1.0,-1.5720514162726005,1.288149558758443,0.2684168730101544,-0.7296991145088562,0.0008495981293043577,0.74392902091622
1005,0.5467937925308178,0.5467929930230999,0.0009236213952177507,4.402657436928474,2.475887614824645,1.6552533051937082,2.9582564895022676,-1.0,-1.572051719268674,1.2881882030949274,0.26835856720467355,-0.7298129134035758,0.0008499263794713027,0.7440624812848818
1006,0.5467934205052085,0.5467926208072561,0.0009237309722754445,4.402657437785513,2.475887242595109,1.6552532604981618,2.958260688301365,-1.0,-1.5720520225704169,1.288226862768368,0.26830023757940824,-0.7299267715958411,0.0008502549433906661,0.7441960094339194
1007,0.5467930481081943,0.5467922482198175,0.0009238406461758954,4.4026574386436,2.475886869993965,1.655253215769895,2.958264892618241,-1.0,-1.5720523261783308,1.2882655377957373,0.2682418841069596,-0.730040689152454,0.0008505838215724761,0.7443296054405611
1008,0.5467926753391654,0.5467918752601743,0.0009239504161636548,4.40265743950273,2.475886497020602,1.6552531710088625,2.9582691024597954,-1.0,-1.5720526300929192,1.2883042281940376,0.26818350675987956,-0.7301546661403363,0.0008509130145280044,0.7444632693821747
1009,0.5467923021975135,0.5467915019277177,0.0009240602824447721,4.402657440362909,2.4758861236744125,1.655253126215018,2.958273317832945,-1.0,-1.5720529343146858,1.2883429339803012,0.26812510551067076,-0.7302687026265298,0.0008512425227697075,0.7445970013362668
1010,0.5467919286826267,0.5467911282218358,0.000924170244984905,4.402657441224137,2.475885749954784,1.6552530813883155,2.9582775387446163,-1.0,-1.5720532388441366,1.2883816551715905,0.26806668033178654,-0.7303827986781967,0.000851572346810975,0.7447308013804842
1011,0.5467915547938934,0.5467907541419159,0.000924280304950873,4.402657442086417,2.475885375861104,1.655253036528708,2.9582817652017503,-1.0,-1.572053543681778,1.2884203917849977,0.2680082311956307,-0.73049695436262,0.0008519024871667116,0.7448646695926134
1012,0.546791180530698,0.5467903796873429,0.0009243904611068445,4.402657442949747,2.475885001392757,1.655252991636149,2.9582859972113003,-1.0,-1.5720538488281177,1.288459143837645,0.2679497580745575,-0.7306111697472034,0.000852232944352774,0.744998606050582
1013,0.5467908058924263,0.5467900048575023,0.0009245007148595032,4.402657443814131,2.4758846265491283,1.6552529467105923,2.9582902347802342,-1.0,-1.5720541542836648,1.288497911346685,0.26789126094087135,-0.730725444899472,0.0008525637188863402,0.7451326108324579
1014,0.5467904308784618,0.5467896296517765,0.0009246110652133386,4.402657444679569,2.4758842513296013,1.6552529017519912,2.9582944779155316,-1.0,-1.572054460048929,1.2885366943293008,0.2678327397668269,-0.7308397798870724,0.0008528948112855402,0.7452666840164501
1015,0.5467900554881856,0.5467892540695467,0.0009247215128541293,4.402657445546063,2.4758838757335564,1.6552528567602989,2.9582987266241862,-1.0,-1.572054766124422,1.2885754928027058,0.26777419452462886,-0.7309541747777731,0.0008532262220700195,0.7454008256809093
1016,0.546789679720978,0.5467888781101933,0.0009248320584672955,4.402657446413617,2.475883499760374,1.6552528117354683,2.958302980913205,-1.0,-1.572055072510656,1.2886143067841433,0.26771562518643166,-0.7310686296394648,0.0008535579517603755,0.7455350359043278
1017,0.5467893035762184,0.5467885017730951,0.0009249427012975198,4.402657447282226,2.475883123409433,1.6552527666774528,2.9583072407896074,-1.0,-1.5720553792081446,1.2886531362908877,0.26765703172433963,-0.7311831445401606,0.000853890000878488,0.7456693147653404
1018,0.546788927053284,0.5467881250576289,0.0009250534417899877,4.402657448151898,2.47588274668011,1.6552527215862043,2.958311506260428,-1.0,-1.5720556862174029,1.2886919813402438,0.2675984141104067,-0.7312977195479965,0.0008542223699473635,0.7458036623427241
1019,0.5467885501515513,0.5467877479631704,0.0009251642803896405,4.402657449022632,2.4758823695717815,1.655252676461677,2.9583157773327122,-1.0,-1.5720559935389469,1.2887308419495467,0.26753977231663634,-0.731412354731231,0.0008545550594914077,0.7459380787153993
1020,0.5467881728703946,0.5467873704890945,0.0009252752165812674,4.402657449894428,2.475881992083821,1.6552526313038225,2.9583200540135204,-1.0,-1.5720563011732935,1.2887697181361626,0.26748110631498156,-0.7315270501582467,0.0008548880700360558,0.746072563962429
1021,0.5467877952091876,0.5467869926347744,0.0009253862512895628,4.402657450767288,2.475881614215603,1.6552525861125944,2.9583243363099267,-1.0,-1.5720566091209611,1.2888086099174882,0.26742241607734435,-0.7316418058975495,0.0008552214021079864,0.7462071181630203
1022,0.5467874171673013,0.5467866143995801,0.0009254973844790685,4.4026574516412165,2.4758812359664963,1.6552525408879444,2.958328624229018,-1.0,-1.5720569173824697,1.2888475173109517,0.2673637015755761,-0.7317566220177691,0.0008555550562350829,0.7463417413965239
1023,0.5467870387441068,0.5467862357828828,0.0009256086158744217,4.402657452516211,2.4758808573358735,1.6552524956298253,2.9583329177778945,-1.0,-1.5720572259583399,1.2888864403340115,0.26730496278147714,-0.73187149858766,0.0008558890329465498,0.746476433742435
1024,0.5467866599389728,0.5467858567840509,0.0009257199456800838,4.402657453392273,2.475880478323101,1.6552524503381894,2.95833721696367,-1.0,-1.5720575348490933,1.288925379004157,0.2672461996667967,-0.7319864356761008,0.0008562233327726795,0.7466111952803935
1025,0.5467862807512658,0.5467854774024514,0.000925831374340219,4.4026574542694075,2.475880098927548,1.6552524050129889,2.958341521793473,-1.0,-1.5720578440552535,1.2889643333389094,0.26718741220323267,-0.7321014333520951,0.0008565579562450079,0.7467460260901844
1026,0.5467859011803531,0.5467850976374494,0.0009259429022987464,4.40265745514761,2.475879719148578,1.6552523596541762,2.958345832274445,-1.0,-1.572058153577345,1.2890033033558204,0.2671286003624318,-0.7322164916847719,0.000856892903896431,0.7468809262517377
1027,0.546785521225598,0.5467847174884096,0.0009260545290402395,4.40265745602689,2.4758793389855565,1.6552523142617026,2.9583501484137407,-1.0,-1.5720584634158934,1.2890422890724735,0.2670697641159892,-0.7323316107433855,0.0008572281762609132,0.7470158958451297
1028,0.5467851408863639,0.5467843369546942,0.0009261662550084727,4.402657456907242,2.4758789584378453,1.6552522688355211,2.958354470218528,-1.0,-1.5720587735714258,1.289081290506483,0.2670109034354485,-0.7324467905973161,0.0008575637738737405,0.7471509349505825
1029,0.5467847601620128,0.546783956035665,0.0009262780806469746,4.4026574577886715,2.4758785775048056,1.6552522233755822,2.9583587976959898,-1.0,-1.5720590840444697,1.2891203076754951,0.2669520182923014,-0.7325620313160702,0.0008578996972714029,0.7472860436484644
1030,0.5467843790519039,0.546783574730681,0.0009263900054402749,4.402657458671177,2.4758781961857976,1.655252177881839,2.9583631308533223,-1.0,-1.572059394835555,1.2891593405971868,0.26689310865798793,-0.7326773329692805,0.0008582359469917509,0.7474212220192911
1031,0.546783997555397,0.5467831930391012,0.000926502029831757,4.402657459554762,2.47587781448018,1.6552521323542417,2.958367469697735,-1.0,-1.572059705945212,1.2891983892892676,0.266834174503896,-0.7327926956267066,0.0008585725235737033,0.7475564701437252
1032,0.5467836156718472,0.5467828109602815,0.0009266141542645581,4.402657460439427,2.475877432387308,1.6552520867927434,2.958371814236452,-1.0,-1.5720600173739725,1.2892374537694775,0.26677521580136143,-0.7329081193582351,0.0008589094275575585,0.747691788102577
1033,0.5467832334006113,0.5467824284935774,0.0009267263787023662,4.402657461325175,2.4758770499065372,1.655252041197294,2.9583761644767113,-1.0,-1.5720603291223696,1.2892765340555892,0.26671623252166776,-0.73302360423388,0.0008592466594847806,0.7478271759768046
1034,0.5467828507410434,0.5467820456383428,0.0009268387031088546,4.402657462212004,2.4758766670372214,1.655251995567846,2.9583805204257625,-1.0,-1.5720606411909377,1.2893156301654065,0.2666572246360462,-0.7331391503237833,0.0008595842198982326,0.7479626338475146
1035,0.5467824676924954,0.5467816623939297,0.0009269511279267678,4.40265746309992,2.475876283778714,1.6552519499043499,2.9583848820908725,-1.0,-1.5720609535802124,1.2893547421167657,0.26659819211567537,-0.7332547576982146,0.0008599221093419432,0.7480981617959622
1036,0.5467820842543191,0.5467812787596888,0.000927063653119575,4.4026574639889215,2.4758759001303634,1.6552519042067568,2.9583892494793207,-1.0,-1.57206126629073,1.2893938699275345,0.2665391349316813,-0.7333704264275721,0.0008602603283610486,0.7482337599035517
1037,0.5467817004258635,0.5467808947349695,0.0009271762788902158,4.40265746487901,2.475875516091521,1.6552518584750184,2.9583936225983996,-1.0,-1.5720615793230293,1.2894330136156127,0.2664800530551373,-0.7334861565823827,0.0008605988775023169,0.7483694282518366
1038,0.5467813162064759,0.5467805103191189,0.000927289005441498,4.402657465770187,2.4758751316615326,1.6552518127090847,2.9583980014554165,-1.0,-1.5720618926776488,1.2894721731989327,0.2664209464570636,-0.7336019482333023,0.0008609377573134877,0.7485051669225204
1039,0.5467809315955048,0.546780125511484,0.0009274018329760986,4.402657466662456,2.4758747468397457,1.6552517669089069,2.958402386057694,-1.0,-1.5720622063551297,1.2895113486954584,0.2663618151084275,-0.7337178014511158,0.0008612769683437969,0.7486409759974569
1040,0.5467805465922934,0.5467797403114092,0.0009275147614571648,4.402657467555816,2.475874361625505,1.6552517210744362,2.9584067764125663,-1.0,-1.5720625203560135,1.2895505401231862,0.26630265898014305,-0.7338337163067381,0.0008616165111435096,0.7487768555586504
1041,0.5467801611961852,0.5467793547182368,0.0009276277910871979,4.402657468450271,2.4758739760181516,1.6552516752056226,2.9584111725273847,-1.0,-1.5720628346808434,1.2895897475001452,0.26624347804307114,-0.7339496928712141,0.0008619563862643873,0.7489128056882557
1042,0.5467797754065227,0.5467789687313084,0.0009277409220685669,4.402657469345819,2.475873590017028,1.6552516293024162,2.958415574409511,-1.0,-1.572063149330164,1.2896289708443964,0.26618427226801916,-0.7340657312157188,0.0008622965942593572,0.7490488264685796
1043,0.5467793892226459,0.5467785823499651,0.0009278541543641992,4.402657470242465,2.4758732036214752,1.655251583364768,2.9584199820663253,-1.0,-1.5720634643045206,1.2896682101740335,0.2661250416257408,-0.7341818314115578,0.000862637135682726,0.7491849179820803
1044,0.5467790026438936,0.5467781955735443,0.0009279674888941297,4.402657471140208,2.475872816830831,1.6552515373926286,2.9584243955052183,-1.0,-1.5720637796044603,1.289707465507183,0.26606578608693615,-0.7342979935301678,0.0008629780110900629,0.7493210803113679
1045,0.5467786156696036,0.5467778084013835,0.0009280809246638993,4.40265747203905,2.475872429644432,1.655251491385947,2.9584288147335975,-1.0,-1.5720640952305314,1.2897467368620037,0.2660065056222514,-0.7344142176431165,0.0008633192210383365,0.7494573135392052
1046,0.5467782282991105,0.5467774208328178,0.0009281944628325006,4.402657472938993,2.475872042061613,1.6552514453446747,2.958433239758884,-1.0,-1.572064411183283,1.2897860242566872,0.26594720020227886,-0.7345305038221036,0.0008636607660855837,0.7495936177485077
1047,0.546777840531749,0.5467770328671808,0.0009283081028839757,4.402657473840041,2.475871654081709,1.6552513992687603,2.958437670588513,-1.0,-1.5720647274632666,1.2898253277094582,0.2658878697975566,-0.7346468521389605,0.0008640026467912791,0.7497299930223442
1048,0.5467774523668525,0.546776644503805,0.0009284218454984036,4.40265747474219,2.4758712657040514,1.6552513531581545,2.9584421072299336,-1.0,-1.5720650440710338,1.2898646472385742,0.26582851437856847,-0.734763262665651,0.0008643448637163352,0.7498664394439372
1049,0.5467770638037506,0.5467762557420212,0.000928535690398959,4.402657475645445,2.475870876927971,1.6552513070128068,2.9584465496906107,-1.0,-1.5720653610071382,1.2899039828623255,0.265769133915744,-0.7348797354742712,0.0008646874174228107,0.750002957096663
1050,0.5467766748417728,0.5467758665811573,0.0009286496380262334,4.402657476549808,2.4758704877527964,1.6552512608326666,2.958450997978023,-1.0,-1.5720656782721345,1.2899433345990357,0.26570972837945817,-0.7349962706370505,0.0008650303084741632,0.7501395460640523
1051,0.5467762854802469,0.5467754770205417,0.0009287636881033414,4.402657477455278,2.4758700981778556,1.6552512146176837,2.9584554520996633,-1.0,-1.572065995866579,1.2899827024670614,0.2656502977400312,-0.7351128682263515,0.0008653735374351328,0.750276206429791
1052,0.5467758957185,0.5467750870595005,0.0009288778415487305,4.402657478361858,2.475869708202474,1.6552511683678075,2.9584599120630397,-1.0,-1.5720663137910287,1.2900220864847922,0.26559084196772853,-0.73522952831467,0.0008657171048718385,0.7504129382777196
1053,0.5467755055558567,0.5467746966973579,0.0009289920978462617,4.402657479269552,2.4758693178259765,1.655251122082987,2.958464377875674,-1.0,-1.5720666320460421,1.2900614866706517,0.2655313610327608,-0.7353462509746364,0.0008660610113516435,0.7505497416918346
1054,0.5467751149916396,0.5467743059334363,0.0009291064571969779,4.402657480178355,2.475868927047686,1.6552510757631722,2.958468849545103,-1.0,-1.5720669506321796,1.290100903043096,0.2654718549052835,-0.7354630362790148,0.0008664052574434064,0.7506866167562883
1055,0.546774724025169,0.5467739147670565,0.0009292209200407466,4.402657481088275,2.4758685358669217,1.6552510294083116,2.9584733270788792,-1.0,-1.5720672695500022,1.2901403356206156,0.26541232355539685,-0.7355798843007043,0.0008667498437171714,0.7508235635553893
1056,0.5467743326557667,0.5467735231975385,0.0009293354865782554,4.40265748199931,2.4758681442830053,1.655250983018354,2.9584778104845686,-1.0,-1.572067588800073,1.290179784421734,0.2653527669531457,-0.7356967951127389,0.0008670947707444007,0.7509605821736028
1057,0.5467739408827499,0.5467731312242002,0.0009294501570100588,4.402657482911462,2.4758677522952532,1.6552509365932488,2.9584822997697517,-1.0,-1.5720679083829554,1.2902192494650082,0.2652931850685195,-0.7358137687882876,0.000867440039097839,0.7510976726955517
1058,0.5467735487054354,0.5467727388463574,0.0009295649308199686,4.4026574838247345,2.475867359902982,1.6552508901329441,2.9584867949420253,-1.0,-1.5720682282992149,1.2902587307690296,0.265233577871452,-0.7359308054006555,0.0008677856493516686,0.7512348352060159
1059,0.5467731561231388,0.5467723460633257,0.0009296798091638971,4.402657484739126,2.4758669671055076,1.6552508436373892,2.958491296008999,-1.0,-1.5720685485494184,1.290298228352423,0.2651739453318212,-0.7360479050232833,0.0008681316020814514,0.7513720697899335
1060,0.546772763135173,0.5467719528744177,0.0009297947917642874,4.4026574856546405,2.4758665739021417,1.6552507971065324,2.9584958029782995,-1.0,-1.5720688691341334,1.2903377422338467,0.26511428741944915,-0.7361650677297483,0.0008684778978639343,0.751509376532401
1061,0.5467723697408493,0.5467715592789443,0.000929909878343685,4.402657486571279,2.4758661802921953,1.6552507505403222,2.9585003158575662,-1.0,-1.5720691900539296,1.2903772724319937,0.2650546041041018,-0.7362822935937643,0.0008688245372775352,0.7516467555186735
1062,0.5467719759394785,0.5467711652762157,0.000930025069579743,4.4026574874890425,2.475865786274979,1.6552507039387072,2.958504834654455,-1.0,-1.5720695113093777,1.290416818965591,0.26499489535548904,-0.7363995826891824,0.0008691715209017017,0.7517842068341654
1063,0.5467715817303684,0.5467707708655395,0.0009301403656722998,4.402657488407931,2.4758653918498004,1.6552506573016346,2.958509359376636,-1.0,-1.5720698329010498,1.2904563818533994,0.26493516114326426,-0.7365169350899907,0.000869518849317494,0.7519217305644503
1064,0.5467711871128257,0.5467703760462226,0.000930255766582368,4.402657489327949,2.4758649970159663,1.6552506106290532,2.9585138900317953,-1.0,-1.5720701548295193,1.290495961114214,0.26487540143702437,-0.7366343508703153,0.0008698665231072741,0.7520593267952624
1065,0.5467707920861574,0.5467699808175703,0.0009303712722709432,4.402657490249098,2.4758646017727814,1.6552505639209112,2.9585184266276325,-1.0,-1.5720704770953609,1.2905355567668644,0.2648156162063097,-0.7367518301044202,0.0008702145428546862,0.7521969956124959
1066,0.5467703966496651,0.546769585178885,0.0009304868834149042,4.402657491171377,2.4758642061195486,1.6552505171771557,2.958522969171863,-1.0,-1.5720707996991508,1.2905751688302145,0.26475580542060395,-0.7368693728667082,0.0008705629091449288,0.7523347371022056
1067,0.5467700008026515,0.5467691891294685,0.0009306025997363447,4.4026574920947885,2.47586381005557,1.6552504703977355,2.9585275176722177,-1.0,-1.5720711226414665,1.2906147973231628,0.26469596904933357,-0.7369869792317202,0.0008709116225644633,0.752472551350608
1068,0.5467696045444163,0.5467687926686209,0.0009307184216731813,4.402657493019334,2.475863413580145,1.6552504235825973,2.9585320721364425,-1.0,-1.5720714459228868,1.2906544422646424,0.26463610706186813,-0.737104649274137,0.0008712606837013445,0.7526104384440807
1069,0.546769207874258,0.54676839579564,0.0009308343491859895,4.402657493945016,2.475863016692572,1.6552503767316893,2.9585366325722986,-1.0,-1.5720717695439923,1.2906941036736208,0.26457621942752,-0.7372223830687782,0.0008716100931447925,0.7527483984691639
1070,0.5467688107914744,0.5467679985098225,0.0009309503827123563,4.402657494871836,2.4758626193921467,1.6552503298449583,2.958541198987563,-1.0,-1.5720720935053645,1.2907337815691005,0.26451630611554416,-0.7373401806906036,0.0008719598514855434,0.7528864315125597
1071,0.5467684132953603,0.5467676008104633,0.0009310665222126461,4.402657495799796,2.475862221678165,1.655250282922353,2.9585457713900265,-1.0,-1.5720724178075867,1.2907734759701186,0.26445636709513803,-0.7374580422147132,0.0008723099593156733,0.7530245376611335
1072,0.5467680153852088,0.5467672026968555,0.000931182767647207,4.402657496728897,2.47586182354992,1.655250235963819,2.9585503497874956,-1.0,-1.5720727424512428,1.290813186895748,0.2643964023354415,-0.7375759677163478,0.000872660417228677,0.7531627170019135
1073,0.5467676170603114,0.5467668041682902,0.0009312991196916443,4.402657497659138,2.475861425006702,1.6552501889693036,2.958554934187793,-1.0,-1.5720730674369194,1.2908529143650955,0.2643364118055365,-0.7376939572708887,0.0008730112258196423,0.7533009696220918
1074,0.5467672183199594,0.5467664052240575,0.0009314155780676104,4.402657498590524,2.4758610260478013,1.6552501419387549,2.9585595245987566,-1.0,-1.5720733927652035,1.2908926583973035,0.2642763954744472,-0.7378120109538584,0.0008733623856849007,0.753439295609025
1075,0.5467668191634399,0.5467660058634448,0.0009315321432119551,4.402657499523055,2.4758606266725054,1.6552500948721187,2.95856412102824,-1.0,-1.5720737184366838,1.2909324190115499,0.2642163533111395,-0.7379301288409215,0.00087371389742226,0.7535776950502336
1076,0.5467664195900408,0.54676560608574,0.0009316488153229378,4.402657500456735,2.475860226880102,1.655250047769342,2.958568723484111,-1.0,-1.57207404445195,1.2909721962270473,0.2641562852845212,-0.7380483110078843,0.0008740657616308881,0.7537161680334035
1077,0.546766019599046,0.5467652058902259,0.0009317655941220716,4.4026575013915625,2.4758598266698746,1.655250000630371,2.958573331974254,-1.0,-1.5720743708115945,1.2910119900630441,0.2640961913634415,-0.7381665575306955,0.0008744179789115072,0.7538547146463856
1078,0.5467656191897396,0.5467648052761869,0.000931882480522349,4.40265750232754,2.4758594260411066,1.655249953455153,2.958577946506569,-1.0,-1.5720746975162094,1.291051800538824,0.26403607151669123,-0.7382848684854466,0.0008747705498661997,0.7539933349771972
1079,0.5467652183614031,0.5467644042429031,0.0009319994740067948,4.402657503264669,2.4758590249930785,1.6552499062436339,2.9585825670889716,-1.0,-1.5720750245663897,1.2910916276737066,0.26397592571300255,-0.7384032439483723,0.000875123475098544,0.7541320291140214
1080,0.5467648171133161,0.5467640027896553,0.000932116574773303,4.402657504202952,2.4758586235250712,1.6552498589957607,2.9585871937293926,-1.0,-1.5720753519627306,1.2911314714870463,0.2639157539210486,-0.7385216839958506,0.0008754767552134976,0.754270797145208
1081,0.5467644154447566,0.5467636009157194,0.0009322337837341878,4.402657505142388,2.4758582216363605,1.6552498117114784,2.958591826435779,-1.0,-1.57207567970583,1.2911713319982343,0.26385555610944367,-0.7386401887044034,0.0008758303908175144,0.7544096391592738
1082,0.5467640133550012,0.5467631986203728,0.0009323511003723335,4.402657506082983,2.475857819326224,1.6552497643907338,2.9585964652160937,-1.0,-1.5720760077962859,1.291211209226697,0.26379533224674284,-0.7387587581506967,0.0008761843825184665,0.7545485552449035
1083,0.5467636108433245,0.5467627959028896,0.0009324685246470985,4.402657507024735,2.475857416593935,1.6552497170334721,2.958601110078314,-1.0,-1.5720763362346988,1.291251103191897,0.26373508230144194,-0.7388773924115413,0.0008765387309257607,0.7546875454909494
1084,0.5467632079089997,0.546762392762542,0.0009325860574702071,4.402657507967646,2.4758570134387665,1.6552496696396397,2.958605761030435,-1.0,-1.5720766650216702,1.2912910139133325,0.26367480624197714,-0.7389960915638928,0.0008768934366502226,0.7548266099864324
1085,0.5467628045512973,0.5467619891986008,0.0009327036988006234,4.40265750891172,2.4758566098599886,1.6552496222091828,2.958610418080467,-1.0,-1.5720769941578034,1.291330941410538,0.26361450403672526,-0.7391148556848521,0.0008772485003041733,0.7549657488205421
1086,0.5467624007694859,0.5467615852103345,0.0009328214483592595,4.402657509856957,2.4758562058568705,1.6552495747420457,2.9586150812364345,-1.0,-1.5720773236437027,1.2913708857030848,0.2635541756540033,-0.7392336848516661,0.0008776039225013523,0.7551049620826376
1087,0.5467619965628354,0.5467611807970113,0.0009329393068191519,4.402657510803357,2.47585580142868,1.6552495272381755,2.9586197505063807,-1.0,-1.5720776534799739,1.2914108468105794,0.26349382106206826,-0.7393525791417273,0.0008779597038570538,0.7552442498622473
1088,0.5467615919306099,0.5467607759578962,0.0009330572743770089,4.402657511750926,2.4758553965746817,1.6552494796975155,2.958624425898364,-1.0,-1.5720779836672245,1.291450824752666,0.26343344022911713,-0.739471538632575,0.0008783158449879899,0.7553836122490699
1089,0.5467611868720739,0.5467603706922526,0.000933175350515565,4.40265751269966,2.475854991294139,1.6552494321200124,2.9586291074204567,-1.0,-1.5720783142060635,1.2914908195490238,0.2633730331232866,-0.7395905634018952,0.0008786723465124271,0.7555230493329751
1090,0.5467607813864896,0.5467599649993427,0.0009332935359073539,4.402657513649566,2.4758545855863154,1.6552493845056109,2.95863379508075,-1.0,-1.5720786450971012,1.2915308312193698,0.26331259971265303,-0.7397096535275214,0.0008790292090499532,0.755662561204003
1091,0.5467603754731174,0.5467595588784264,0.0009334118307487611,4.402657514600643,2.4758541794504696,1.6552493368542553,2.95863848888735,-1.0,-1.5720789763409495,1.2915708597834572,0.26325213996523233,-0.7398288090874343,0.0008793864332219044,0.7558021479523654
1092,0.546759969131216,0.5467591523287623,0.0009335302354738883,4.402657515552891,2.47585377288586,1.6552492891658916,2.9586431888483777,-1.0,-1.5720793079382218,1.2916109052610756,0.2631916538489796,-0.7399480301597627,0.0008797440196509773,0.7559418096684464
1093,0.5467595623600434,0.5467587453496071,0.000933648749803105,4.402657516506314,2.4758533658917434,1.6552492414404634,2.9586478949719734,-1.0,-1.5720796398895325,1.291650967672052,0.26313114133178905,-0.7400673168227839,0.0008801019689613639,0.7560815464428018
1094,0.5467591551588531,0.5467583379402151,0.000933767373694678,4.402657517460913,2.4758529584673745,1.6552491936779163,2.9586526072662918,-1.0,-1.5720799721954983,1.29169104703625,0.26307060238149393,-0.7401866691549236,0.00088046028177885,0.7562213583661609
1095,0.5467587475268991,0.5467579300998392,0.0009338861080579135,4.4026575184166905,2.4758525506120064,1.6552491458781942,2.9586573257395035,-1.0,-1.572080304856737,1.2917311433735705,0.26301003696586633,-0.7403060872347571,0.0008808189587306783,0.7563612455294257
1096,0.5467583394634326,0.5467575218277304,0.0009340049523752131,4.402657519373648,2.4758521423248894,1.6552490980412415,2.9586620503997962,-1.0,-1.572080637873868,1.2917712567039514,0.262949445052617,-0.7404255711410089,0.0008811780004456845,0.7565012080236723
1097,0.5467579309677043,0.5467571131231388,0.0009341239075554243,4.402657520331784,2.475851733605274,1.6552490501670025,2.9586667812553733,-1.0,-1.572080971247512,1.291811387047368,0.2628888266093953,-0.7405451209525538,0.0008815374075540841,0.7566412459401506
1098,0.5467575220389604,0.5467567039853111,0.000934242973318526,4.402657521291104,2.475851324452406,1.6552490022554216,2.9586715183144556,-1.0,-1.5720813049782911,1.2918515344238324,0.26282818160378874,-0.7406647367484163,0.0008818971806877825,0.7567813593702855
1099,0.5467571126764481,0.5467562944134927,0.0009343621493846004,4.4026575222516104,2.475850914865532,1.655248954306442,2.9586762615852793,-1.0,-1.5720816390668295,1.2918916988533948,0.2627675100033232,-0.740784418607772,0.0008822573204800845,0.7569215484056766
1100,0.5467567028794107,0.5467558844069278,0.000934481436661897,4.4026575232133,2.475850504843896,1.6552489063200082,2.9586810110760977,-1.0,-1.5720819735137526,1.2919318803561426,0.26270681177546246,-0.7409041666099476,0.0008826178275658683,0.7570618131380995
1101,0.5467562926470921,0.5467554739648588,0.0009346008353454148,4.402657524176178,2.475850094386739,1.6552488582960645,2.9586857667951816,-1.0,-1.5720823083196869,1.2919720789522007,0.26264608688760827,-0.7410239808344212,0.0008829787025816441,0.7572021536595055
1102,0.5467558819787304,0.5467550630865249,0.0009347203451549097,4.402657525140246,2.475849683493302,1.6552488102345528,2.958690528750817,-1.0,-1.5720826434852615,1.292012294661732,0.26258533530710004,-0.7411438613608228,0.0008833399461654182,0.7573425700620222
1103,0.5467554708735656,0.5467546517711641,0.0009348399662852845,4.402657526105505,2.4758492721628222,1.6552487621354182,2.958695296951307,-1.0,-1.572082979011106,1.292052527504937,0.2625245570012147,-0.7412638082689345,0.0008837015589566736,0.7574830624379546
1104,0.5467550593308348,0.546754240018014,0.0009349596994062844,4.4026575270719555,2.4758488603945366,1.6552487139986034,2.958700071404971,-1.0,-1.572083314897852,1.292092777502054,0.2624637519371666,-0.7413838216386911,0.0008840635415967194,0.7576236308797847
1105,0.5467546473497723,0.5467538278263081,0.0009350795444748894,4.402657528039602,2.4758484481876795,1.6552486658240517,2.958704852120147,-1.0,-1.5720836511461325,1.2921330446733599,0.26240292008210725,-0.7415039015501808,0.000884425894728089,0.7577642754801723
1106,0.546754234929611,0.5467534151952796,0.0009351995014480618,4.402657529008444,2.4758480355414836,1.655248617611706,2.958709639105187,-1.0,-1.5720839877565822,1.2921733290391688,0.2623420614031253,-0.741624048083645,0.0008847886189951225,0.7579049963319558
1107,0.5467538220695823,0.5467530021241589,0.0009353195700453458,4.402657529978483,2.4758476224551798,1.6552485693615095,2.9587144323684615,-1.0,-1.5720843247298373,1.2922136306198337,0.2622811758672462,-0.741744261319479,0.00088515171504352,0.7580457935281525
1108,0.5467534087689156,0.5467525886121751,0.0009354397516479742,4.402657530949723,2.4758472089279966,1.6552485210734054,2.958719231918358,-1.0,-1.5720846620665354,1.2922539494357457,0.2622202634414321,-0.7418645413382323,0.0008855151835208274,0.7581866671619584
1109,0.5467529950268379,0.5467521746585546,0.0009355600457377196,4.402657531922163,2.4758467949591605,1.6552484727473362,2.9587240377632797,-1.0,-1.572084999767316,1.292294285507334,0.2621593240925819,-0.7419848882206094,0.0008858790250759117,0.7583276173267496
1110,0.5467525808425754,0.5467517602625236,0.0009356804525085053,4.402657532895805,2.475846380547898,1.6552484243832442,2.958728849911649,-1.0,-1.57208533783282,1.292334638855067,0.26209835778753066,-0.7421053020474694,0.0008862432403594665,0.7584686441160823
1111,0.5467521662153502,0.546751345423304,0.0009358009723913915,4.402657533870653,2.4758459656934306,1.6552483759810723,2.9587336683719028,-1.0,-1.5720856762636897,1.2923750094994508,0.2620373644930498,-0.7422257828998273,0.0008866078300235451,0.7586097476236936
1112,0.5467517511443851,0.5467509301401179,0.0009359216053426814,4.402657534846708,2.4758455503949803,1.6552483275407621,2.9587384931524965,-1.0,-1.5720860150605693,1.2924153974610313,0.26197634417584675,-0.7423463308588539,0.0008869727947220855,0.7587509279435013
1113,0.5467513356289003,0.5467505144121847,0.0009360423513186597,4.40265753582397,2.4758451346517667,1.6552482790622567,2.9587433242619023,-1.0,-1.5720863542241041,1.292455802760392,0.2619152968025648,-0.7424669460058763,0.0008873381351102886,0.7588921851696053
1114,0.5467509196681123,0.5467500982387209,0.0009361632109871502,4.402657536802442,2.475844718463007,1.655248230545498,2.958748161708609,-1.0,-1.5720866937549418,1.2924962254181562,0.261854222339783,-0.7425876284223781,0.0008877038518453371,0.7590335193962874
1115,0.5467505032612376,0.5467496816189428,0.0009362841845412806,4.402657537782124,2.475844301827916,1.6552481819904277,2.9587530055011237,-1.0,-1.5720870336537311,1.2925366654549857,0.2617931207540159,-0.7427083781900005,0.0008880699455856765,0.7591749307180118
1116,0.5467500864074905,0.5467492645520636,0.0009364052716997876,4.402657538763019,2.4758438847457076,1.6552481333969873,2.9587578556479706,-1.0,-1.5720873739211223,1.2925771228915817,0.26173199201171343,-0.7428291953905417,0.0008884364169916757,0.7593164192294262
1117,0.5467496691060822,0.5467488470372952,0.0009365264731298878,4.402657539745131,2.4758434672155936,1.6552480847651199,2.958762712157691,-1.0,-1.5720877145577674,1.2926175977486842,0.2616708360792608,-0.7429500801059584,0.0008888032667250444,0.7594579850253613
1118,0.5467492513562235,0.5467484290738469,0.0009366477885501583,4.402657540728458,2.4758430492367838,1.6552480360947655,2.958767575038843,-1.0,-1.5720880555643204,1.2926580900470732,0.26160965292297816,-0.7430710324183654,0.0008891704954493378,0.7595996282008324
1119,0.546748833157123,0.5467480106609272,0.0009367692186274094,4.402657541713006,2.4758426308084855,1.6552479873858663,2.9587724443000027,-1.0,-1.572088396941436,1.2926985998075675,0.2615484425091206,-0.7431920524100362,0.0008895381038296462,0.7597413488510391
1120,0.5467484145079855,0.5467475917977411,0.0009368907628430561,4.402657542698772,2.4758422119299053,1.6552479386383636,2.9587773199497622,-1.0,-1.5720887386897715,1.2927391270510256,0.261487204803878,-0.7433131401634038,0.0008899060925327695,0.7598831470713657
1121,0.5467479954080163,0.5467471724834927,0.0009370124221005655,4.402657543685759,2.475841792600246,1.6552478898521985,2.9587822019967334,-1.0,-1.5720890808099852,1.2927796717983457,0.2614259397733745,-0.7434342957610607,0.0008902744622270231,0.7600250229573826
1122,0.5467475758564166,0.5467467527173836,0.0009371341963551333,4.4026575446739695,2.475841372818709,1.6552478410273115,2.958787090449544,-1.0,-1.5720894233027376,1.2928202340704658,0.26136464738366877,-0.7435555192857595,0.0008906432135825487,0.7601669766048458
1123,0.5467471558523879,0.5467463324986142,0.0009372560855619359,4.4026575456634065,2.4758409525844955,1.6552477921636448,2.9587919853168407,-1.0,-1.57208976616869,1.292860813888363,0.26130332760075353,-0.7436768108204131,0.0008910123472709452,0.7603090081096979
1124,0.5467467353951283,0.5467459118263825,0.0009373780903867663,4.402657546654071,2.4758405318968038,1.6552477432611379,2.9587968866072867,-1.0,-1.5720901094085058,1.2929014112730557,0.26124198039055574,-0.7437981704480958,0.000891381863965735,0.7604511175680685
1125,0.5467463144838327,0.5467454906998828,0.000937500210547638,4.402657547645964,2.4758401107548265,1.655247694319732,2.958801794329563,-1.0,-1.5720904530228508,1.2929420262456008,0.26118060571893587,-0.7439195982520426,0.0008917517643418199,0.7605933050762747
1126,0.5467458931176972,0.546745069118311,0.0009376224467099351,4.402657548639085,2.475839689157761,1.6552476453393676,2.958806708492368,-1.0,-1.5720907970123907,1.2929826588270965,0.2611192035516882,-0.7440410943156507,0.0008921220490759668,0.7607355707308214
1127,0.5467454712959133,0.5467446470808581,0.0009377447981179377,4.4026575496334415,2.475839267104798,1.655247596319985,2.95881162910442,-1.0,-1.5720911413777947,1.2930233090386807,0.2610577738545405,-0.7441626587224793,0.0008924927188465942,0.7608779146284025
1128,0.5467450490176714,0.5467442245867138,0.0009378672663838261,4.402657550629029,2.4758388445951267,1.6552475472615251,2.9588165561744524,-1.0,-1.5720914861197326,1.2930639769015315,0.26099631659315375,-0.7442842915562505,0.0008928637743337719,0.7610203368659003
1129,0.5467446262821594,0.5467438016350662,0.0009379898500414841,4.402657551625855,2.4758384216279357,1.6552474981639267,2.958821489711219,-1.0,-1.572091831238876,1.2931046624368683,0.26093483173312215,-0.7444059929008494,0.0008932352162191826,0.7611628375403868
1130,0.546744203088564,0.5467433782251012,0.0009381125509392205,4.40265755262392,2.47583799820241,1.6552474490271305,2.958826429723489,-1.0,-1.5720921767358984,1.29314536566595,0.26087331923997276,-0.7445277628403243,0.0008936070451862571,0.7613054167491242
1131,0.54674377943607,0.5467429543560031,0.000938235368557714,4.402657553623221,2.475837574317735,1.655247399851077,2.95883137622005,-1.0,-1.5720925226114748,1.2931860866100764,0.2608117790791654,-0.7446496014588876,0.0008939792619202919,0.7614480745895651
1132,0.5467433553238579,0.5467425300269522,0.0009383583026145025,4.402657554623766,2.4758371499730902,1.655247350635705,2.958836329209711,-1.0,-1.5720928688662823,1.293226825290589,0.2607502112160926,-0.7447715088409161,0.0008943518671080598,0.7615908111593528
1133,0.5467429307511096,0.5467421052371298,0.0009384813535370282,4.402657555625551,2.4758367251676567,1.6552473013809543,2.9588412887012927,-1.0,-1.5720932155009988,1.293267581728869,0.26068861561607914,-0.7448934850709517,0.0008947248614380822,0.7617336265563226
1134,0.5467425057170018,0.5467416799857124,0.0009386045217524657,4.402657556628581,2.475836299900612,1.655247252086764,2.9588462547036403,-1.0,-1.572093562516305,1.2933083559463392,0.260626992244382,-0.7450155302337008,0.0008950982456006485,0.7618765208785016
1135,0.5467420802207121,0.5467412542718771,0.0009387278076877214,4.4026575576328595,2.4758358741711324,1.6552472027530745,2.9588512272256144,-1.0,-1.5720939099128823,1.2933491479644632,0.2605653410661903,-0.7451376444140362,0.0008954720202877776,0.7620194942241094
1136,0.5467416542614134,0.546740828094796,0.0009388512108234065,4.402657558638387,2.47583544797839,1.6552471533798239,2.9588562062760935,-1.0,-1.5720942576914148,1.2933899578047463,0.260503662046625,-0.7452598276969966,0.000895846186193256,0.7621625466915588
1137,0.5467412278382775,0.5467404014536412,0.000938974732059215,4.402657559645163,2.475835021321557,1.6552471039669516,2.9588611918639742,-1.0,-1.5720946058525873,1.2934307854887346,0.2604419551507388,-0.7453820801677872,0.0008962207440125413,0.7623056783794563
1138,0.5467408009504754,0.5467399743475828,0.0009390983715849896,4.402657560653189,2.4758345941998035,1.6552470545143962,2.958866183998173,-1.0,-1.5720949543970868,1.2934716310380159,0.2603802203435157,-0.7455044019117804,0.0008965956944427039,0.7624488893866022
1139,0.5467403735971735,0.5467395467757871,0.0009392221286447751,4.402657561662473,2.4758341666122954,1.6552470050220964,2.9588711826876244,-1.0,-1.5720953033256022,1.2935124944742193,0.26031845758987116,-0.7456267930145157,0.0008969710381827956,0.7625921798119917
1140,0.5467399457775387,0.5467391187374199,0.0009393460046104099,4.40265756267301,2.475833738558199,1.6552469554899913,2.958876187941279,-1.0,-1.572095652638824,1.2935533758190159,0.2602566668546517,-0.7457492535617011,0.0008973467759334808,0.7627355497548151
1141,0.5467395174907349,0.5467386902316449,0.0009394699987258054,4.402657563684804,2.475833310036678,1.6552469059180197,2.958881199768108,-1.0,-1.572096002337444,1.2935942750941178,0.2601948481026348,-0.7458717836392125,0.0008977229083971533,0.7628789993144581
1142,0.5467390887359214,0.546738261257622,0.0009395941118894651,4.402657564697859,2.475832881046892,1.6552468563061193,2.9588862181771023,-1.0,-1.5720963524221565,1.29363519232128,0.2601330012985288,-0.7459943833330946,0.0008980994362780331,0.7630225285905031
1143,0.54673865951226,0.5467378318145109,0.000939718343817931,4.402657565712174,2.4758324515880004,1.6552468066542276,2.9588912431772685,-1.0,-1.5720967028936572,1.2936761275222992,0.26007112640697244,-0.746117052729562,0.0008984763602821666,0.7631661376827288
1144,0.5467382298189064,0.5467374019014685,0.0009398426951728784,4.402657566727752,2.4758320216591603,1.6552467569622837,2.958896274777634,-1.0,-1.5720970537526433,1.2937170807190135,0.2600092233925349,-0.7462397919149981,0.0008988536811172126,0.7633098266911114
1145,0.5467377996550167,0.5467369715176492,0.0009399671656706835,4.402657567744595,2.4758315912595266,1.655246707230225,2.958901312987243,-1.0,-1.5720974049998142,1.2937580519333036,0.2599472922197156,-0.7463626009759573,0.0008992313994926758,0.7634535957158249
1146,0.5467373690197435,0.546736540662206,0.0009400917559726056,4.402657568762704,2.4758311603882515,1.6552466574579903,2.9589063578151604,-1.0,-1.5720977566358707,1.2937990411870928,0.25988533285294385,-0.7464854799991643,0.000899609516119868,0.7635974448572416
1147,0.5467369379122381,0.5467361093342892,0.000940216465794855,4.402657569782081,2.4758307290444854,1.6552466076455157,2.9589114092704683,-1.0,-1.5720981086615156,1.2938400485023465,0.25982334525657896,-0.7466084290715148,0.0008999880317119462,0.7637413742159325
1148,0.5467365063316486,0.546735677533047,0.0009403412953260105,4.402657570802727,2.475830297227377,1.6552465577927398,2.9589164673622688,-1.0,-1.572098461077453,1.2938810739010727,0.25976132939490976,-0.7467314482800763,0.0009003669469836999,0.7638853838926682
1149,0.5467360742771228,0.5467352452576261,0.0009404662454628072,4.402657571824648,2.4758298649360726,1.6552465078995993,2.9589215320996827,-1.0,-1.5720988138843897,1.2939221174053221,0.25969928523215446,-0.7468545377120883,0.0009007462626519195,0.7640294739884192
1150,0.5467356417478045,0.54673481250717,0.0009405913156850422,4.402657572847842,2.4758294321697156,1.6552464579660313,2.958926603491849,-1.0,-1.5720991670830335,1.2939631790371882,0.25963721273246065,-0.7469776974549626,0.0009011259794350084,0.7641736446043566
1151,0.5467352087428351,0.5467343792808207,0.0009407165066529318,4.402657573872313,2.4758289989274482,1.6552464079919735,2.9589316815479267,-1.0,-1.5720995206740944,1.2940042588188072,0.25957511185990484,-0.7471009275962841,0.0009015060980533511,0.7643178958418522
1152,0.5467347752613555,0.5467339455777173,0.0009408418178462634,4.40265757489806,2.475828565208409,1.6552463579773624,2.958936766277092,-1.0,-1.5720998746582842,1.2940453567723584,0.2595129825784926,-0.7472242282238113,0.0009018866192289064,0.7644622278024797
1153,0.5467343413025051,0.546733511396999,0.0009409672506328538,4.402657575925086,2.4758281310117374,1.6552463079221345,2.9589418576885422,-1.0,-1.5721002290363157,1.2940864729200643,0.2594508248521579,-0.7473475994254763,0.00090226754368577,0.7646066405880149
1154,0.5467339068654172,0.5467330767377997,0.000941092804492197,4.402657576953394,2.4758276963365677,1.6552462578262273,2.958946955791493,-1.0,-1.5721005838089048,1.2941276072841903,0.2593886386447635,-0.7474710412893859,0.0009026488721496116,0.7647511343004361
1155,0.5467334719492273,0.5467326415992533,0.0009412184793758415,4.402657577982985,2.475827261182033,1.6552462076895762,2.9589520605951796,-1.0,-1.5721009389767682,1.2941687598870455,0.25932642392010025,-0.7475945539038213,0.0009030306053481405,0.7648957090419248
1156,0.5467330365530654,0.5467322059804901,0.0009413442757070757,4.402657579013861,2.475826825547265,1.6552461575121178,2.958957172108857,-1.0,-1.572101294540625,1.2942099307509825,0.259264180641887,-0.7477181373572394,0.000903412744010718,0.7650403649148666
1157,0.5467326006760618,0.5467317698806393,0.0009414701939089148,4.402657580046023,2.4758263894313908,1.655246107293789,2.958962290341797,-1.0,-1.5721016505011958,1.2942511198983968,0.2592019087737707,-0.7478417917382726,0.0009037952888686671,0.7651851020218512
1158,0.5467321643173428,0.5467313332988272,0.0009415962341682836,4.4026575810794775,2.475825952833538,1.6552460570345249,2.9589674153032943,-1.0,-1.5721020068592033,1.2942923273517284,0.2591396082793259,-0.7479655171357299,0.0009041782406551184,0.7653299204656732
1159,0.5467317274760335,0.5467308962341781,0.0009417223966719589,4.40265758211422,2.475825515752831,1.6552460067342623,2.9589725470026598,-1.0,-1.572102363615372,1.2943335531334605,0.25907727912205475,-0.7480893136385969,0.0009045616001051836,0.7654748203493325
1160,0.5467312901512564,0.5467304586858149,0.0009418486813708164,4.402657583150256,2.4758250781883917,1.655245956392936,2.9589776854492253,-1.0,-1.5721027207704277,1.2943747972661208,0.2590149212653866,-0.7482131813360363,0.0009049453679556067,0.7656198017760353
1161,0.5467308523421323,0.5467300206528565,0.0009419750882157102,4.402657584187586,2.47582464013934,1.655245906010482,2.9589828306523436,-1.0,-1.5721030783250989,1.2944160597722807,0.2589525346726779,-0.7483371203173887,0.0009053295449451914,0.7657648648491941
1162,0.5467304140477781,0.5467295821344208,0.0009421016185716178,4.402657585226213,2.4758242016047927,1.6552458555868357,2.9589879826213843,-1.0,-1.5721034362801154,1.2944573406745556,0.2588901193072122,-0.748461130672173,0.0009057141318145477,0.7659100096724288
1163,0.5467299752673098,0.5467291431296232,0.0009422282714461447,4.402657586266136,2.4758237625838664,1.6552458051219325,2.958993141365738,-1.0,-1.572103794636209,1.2944986399956053,0.2588276751321994,-0.7485852124900864,0.000906099129306268,0.7660552363495668
1164,0.5467295359998419,0.5467287036375763,0.0009423550474967732,4.402657587307362,2.475823323075673,1.6552457546157078,2.958998306894817,-1.0,-1.5721041533941138,1.294539957758134,0.2587652021107762,-0.7487093658610053,0.0009064845381646151,0.7662005449846438
1165,0.5467290962444852,0.5467282636573921,0.0009424819469093928,4.402657588349889,2.4758228830793243,1.6552457040680961,2.959003479218049,-1.0,-1.572104512554565,1.2945812939848906,0.25870270020600555,-0.7488335908749865,0.0009068703591360087,0.7663459356819045
1166,0.5467286560003483,0.546727823188178,0.0009426089701053081,4.40265758939372,2.4758224425939277,1.655245653479032,2.9590086583448842,-1.0,-1.5721048721183,1.2946226486986685,0.25864016938087653,-0.7489578876222659,0.0009072565929685393,0.7664914085458027
1167,0.5467282152665389,0.5467273822290413,0.000942736117034484,4.402657590438858,2.4758220016185906,1.655245602848451,2.9590138442847937,-1.0,-1.572105232086058,1.2946640219223058,0.25857760959830406,-0.7490822561932607,0.0009076432404122596,0.7666369636810024
1168,0.5467277740421604,0.546726940779085,0.0009428633878823637,4.402657591485304,2.4758215601524167,1.655245552176287,2.959019037047266,-1.0,-1.5721055924585807,1.2947054136786855,0.25851502082112876,-0.7492066966785693,0.0009080303022194762,0.7667826011923782
1169,0.5467273323263164,0.5467264988374123,0.0009429907833051786,4.4026575925330595,2.475821118194508,1.6552455014624745,2.9590242366418114,-1.0,-1.5721059532366108,1.2947468239907358,0.2584524030121168,-0.7493312091689713,0.0009084177791438557,0.7669283211850156
1170,0.5467268901181055,0.5467260564031207,0.0009431183025461365,4.402657593582127,2.4758206757439623,1.6552454507069478,2.959029443077959,-1.0,-1.5721063144208938,1.2947882528814296,0.25838975613395965,-0.7494557937554287,0.0009088056719414349,0.7670741237642122
1171,0.5467264474166255,0.5467256134753088,0.0009432459467320438,4.402657594632508,2.4758202327998786,1.6552453999096413,2.9590346563652585,-1.0,-1.5721066760121762,1.2948297003737852,0.2583270801492738,-0.7495804505290862,0.0009091939813698634,0.7672200090354776
1172,0.5467260042209723,0.5467251700530711,0.0009433737153414372,4.402657595684205,2.475819789361351,1.6552453490704881,2.95903987651328,-1.0,-1.572107038011207,1.2948711664908665,0.25826437502060073,-0.7497051795812714,0.0009095827081890638,0.7673659771045342
1173,0.5467255605302385,0.5467247261354998,0.0009435016095004737,4.40265759673722,2.4758193454274715,1.6552452981894228,2.9590451035316137,-1.0,-1.572107400418737,1.2949126512557827,0.2582016407104065,-0.7498299810034955,0.0009099718531606298,0.7675120280773184
1174,0.5467251163435143,0.5467242817216847,0.0009436296284521772,4.402657597791552,2.4758189009973304,1.655245247266379,2.9590503374298693,-1.0,-1.5721077632355192,1.2949541546916885,0.25813887718108175,-0.7499548548874543,0.0009103614170482337,0.76765816205998
1175,0.5467246716598883,0.5467238368107145,0.0009437577733221498,4.402657598847208,2.475818456070016,1.6552451963012893,2.959055578217679,-1.0,-1.572108126462308,1.2949956768217847,0.2580760843949413,-0.7500798013250279,0.0009107514006174715,0.7678043791588838
1176,0.5467242264784458,0.5467233914016737,0.0009438860435886161,4.402657599904186,2.4758180106446126,1.655245145294088,2.9590608259046927,-1.0,-1.57210849009986,1.2950372176693175,0.258013262314224,-0.7502048204082815,0.0009111418046359209,0.7679506794806098
1177,0.5467237807982721,0.5467229454936464,0.0009440144394356735,4.40265760096249,2.475817564720205,1.655245094244708,2.959066080500582,-1.0,-1.572108854148934,1.2950787772575791,0.25795041090109266,-0.7503299122294661,0.0009115326298731801,0.7680970631319539
1178,0.5467233346184465,0.5467224990857124,0.0009441429622231752,4.402657602022123,2.475817118295872,1.6552450431530814,2.95907134201504,-1.0,-1.5721092186102905,1.2951203556099087,0.25788753011763366,-0.750455076881019,0.000911923877100732,0.7682435302199283
1179,0.5467228879380489,0.5467220521769505,0.0009442716107235428,4.4026576030830835,2.4758166713706933,1.655244992019142,2.959076610457778,-1.0,-1.5721095834846919,1.2951619527496905,0.25782461992585676,-0.7505803144555638,0.0009123155470920219,0.7683900808517623
1180,0.5467224407561554,0.5467216047664372,0.0009444003858258698,4.402657604145378,2.4758162239437445,1.6552449408428227,2.9590818858385304,-1.0,-1.5721099487729024,1.2952035687003556,0.25776168028769497,-0.7507056250459118,0.0009127076406225931,0.7685367151349028
1181,0.5467219930718407,0.5467211568532454,0.0009445292877134594,4.402657605209003,2.475815776014099,1.655244889624055,2.959087168167049,-1.0,-1.572110314475689,1.2952452034853816,0.2576987111650045,-0.7508310087450616,0.000913100158469971,0.768683433177015
1182,0.5467215448841751,0.5467207084364464,0.0009446583163344106,4.402657606273964,2.475815327580828,1.6552448383627718,2.9590924574531097,-1.0,-1.5721106805938196,1.295286857128293,0.25763571251956396,-0.7509564656462002,0.0009134931014137404,0.768830235085983
1183,0.5467210961922293,0.5467202595151088,0.0009447874723418621,4.402657607340263,2.4758148786430008,1.6552447870589058,2.959097753706508,-1.0,-1.572111047128065,1.2953285296526602,0.25757268431307484,-0.7510819958427034,0.0009138864702352734,0.7689771209699102
1184,0.5467206469950693,0.5467198100883001,0.0009449167554485899,4.402657608407901,2.4758144291996826,1.655244735712388,2.9591030569370607,-1.0,-1.5721114140791974,1.2953702210821014,0.25750962650716086,-0.7512075994281364,0.0009142802657182153,0.76912409093712
1185,0.5467201972917597,0.5467193601550826,0.0009450461660723451,4.402657609476881,2.4758139792499385,1.6552446843231512,2.9591083671546037,-1.0,-1.5721117814479915,1.2954119314402812,0.25744653906336795,-0.7513332764962539,0.0009146744886480573,0.7692711450961567
1186,0.5467197470813632,0.5467189097145193,0.0009451757051004464,4.402657610547204,2.4758135287928296,1.6552446328911272,2.959113684368995,-1.0,-1.5721121492352235,1.2954536607509115,0.257383421943164,-0.7514590271410012,0.0009150691398124472,0.7694182835557858
1187,0.5467192963629389,0.5467184587656686,0.0009453053715405387,4.402657611618871,2.4758130778274143,1.6552445814162464,2.9591190085901142,-1.0,-1.572112517441672,1.2954954090377517,0.25732027510793853,-0.7515848514565144,0.0009154642200010726,0.7695655064249945
1188,0.5467188451355436,0.5467180073075875,0.0009454351665144972,4.402657612691888,2.4758126263527505,1.655244529898441,2.9591243398278624,-1.0,-1.572112886068117,1.2955371763246082,0.2572570985190025,-0.7517107495371209,0.0009158597300055449,0.7697128138129928
1189,0.5467183933982325,0.5467175553393303,0.0009455650899693913,4.402657613766251,2.475812174367892,1.6552444783376428,2.959129678092159,-1.0,-1.5721132551153416,1.295578962635335,0.2571938921375884,-0.7518367214773402,0.0009162556706196318,0.7698602058292139
1190,0.5467179411500576,0.546717102859948,0.0009456951423218577,4.402657614841968,2.4758117218718896,1.6552444267337818,2.959135023392949,-1.0,-1.5721136245841303,1.2956207679938336,0.2571306559248495,-0.751962767371884,0.000916652042639044,0.7700076825833142
1191,0.5467174883900698,0.5467166498684909,0.0009458253228144371,4.402657615919037,2.4758112688637937,1.6552443750867893,2.9591403757401946,-1.0,-1.5721139944752693,1.295662592424054,0.2570673898418601,-0.7520888873156575,0.0009170488468617266,0.7701552441851751
1192,0.5467170351173138,0.5467161963640049,0.0009459556332720705,4.402657616997463,2.4758108153426504,1.6552443233965968,2.9591457351438817,-1.0,-1.5721143647895477,1.295704435949993,0.25700409384961503,-0.7522150814037587,0.0009174460840876647,0.7703028907449027
1193,0.5467165813308378,0.5467157423455358,0.0009460860724675641,4.402657618077247,2.4758103613075053,1.6552442716631337,2.9591511016140157,-1.0,-1.5721147355277558,1.2957462985956962,0.2569407679090296,-0.7523413497314804,0.0009178437551188251,0.7704506223728287
1194,0.5467161270296813,0.5467152878121235,0.0009462166415210062,4.402657619158389,2.475809906757398,1.655244219886331,2.959156475160625,-1.0,-1.5721151066906869,1.2957881803852573,0.2568774119809391,-0.7524676923943094,0.0009182418607593895,0.7705984391795114
1195,0.5467156722128854,0.5467148327628087,0.0009463473401440132,4.402657620240892,2.4758094516913696,1.6552441680661196,2.95916185579376,-1.0,-1.5721154782791351,1.295830081342818,0.25681402602609904,-0.7525941094879282,0.0009186404018154048,0.7707463412757358
1196,0.5467152168794874,0.5467143771966281,0.0009464781689867112,4.402657621324761,2.475808996108457,1.6552441162024283,2.959167243523491,-1.0,-1.5721158502938979,1.295872001492569,0.2567506100051845,-0.7527206011082146,0.0009190393790952883,0.7708943287725142
1197,0.5467147610285218,0.5467139211126155,0.0009466091277605397,4.402657622409993,2.4758085400076926,1.6552440642951878,2.9591726383599113,-1.0,-1.5721162227357743,1.295913940858749,0.2566871638787901,-0.7528471673512429,0.0009194387934093224,0.7710424017810874
1198,0.5467143046590212,0.5467134645098032,0.0009467402173497241,4.402657623496594,2.4758080833881104,1.655244012344328,2.959178040313135,-1.0,-1.5721165956055652,1.2959558994656453,0.2566236876074297,-0.752973808313284,0.0009198386455701596,0.7711905604129251
1199,0.5467138477700153,0.5467130073872203,0.0009468714372309251,4.402657624584566,2.475807626248738,1.655243960349778,2.9591834493932985,-1.0,-1.5721169689040737,1.2959978773375944,0.25656018115153634,-0.7531005240908063,0.0009202389363923375,0.771338804779726
1200,0.5467133903605313,0.5467125497438935,0.0009470027882878657,4.402657625673908,2.475807168588603,1.6552439083114672,2.9591888656105594,-1.0,-1.5721173426321053,1.296039874498982,0.2564966444714618,-0.753227314780476,0.0009206396666927635,0.7714871349934194
1201,0.5467129324295946,0.5467120915788473,0.0009471342702315319,4.4026576267646265,2.47580671040673,1.6552438562293252,2.959194288975098,-1.0,-1.5721177167904672,1.2960818909742424,0.2564330775274764,-0.7533541804791578,0.0009210408372903078,0.7716355511661649
1202,0.5467124739762264,0.5467116328911031,0.0009472658834762337,4.402657627856718,2.4758062517021395,1.6552438041032813,2.959199719497116,-1.0,-1.5721180913799693,1.2961239267878593,0.2563694802797689,-0.7534811212839155,0.0009214424490060746,0.7717840534103539
1203,0.5467120149994459,0.5467111736796793,0.0009473976282016229,4.402657628950189,2.4758057924738504,1.6552437519332641,2.9592051571868376,-1.0,-1.5721184664014232,1.2961659819643656,0.25630585268844625,-0.7536081372920126,0.0009218445026632083,0.7719326418386097
1204,0.5467115554982708,0.5467107139435935,0.0009475295055245592,4.402657630045041,2.4758053327208804,1.6552436997192028,2.9592106020545086,-1.0,-1.5721188418556427,1.2962080565283443,0.2562421947135332,-0.7537352286009122,0.000922246999087068,0.7720813165637882
1205,0.5467110954717156,0.5467102536818587,0.0009476615139838377,4.402657631141275,2.475804872442242,1.655243647461025,2.959216054110397,-1.0,-1.5721192177434435,1.2962501505044275,0.25617850631497235,-0.7538623953082786,0.0009226499391051502,0.7722300776989789
1206,0.5467106349187915,0.5467097928934869,0.0009477936549303164,4.402657632238893,2.4758044116369473,1.6552435951586602,2.959221513364793,-1.0,-1.5721195940656438,1.2962922639172973,0.25611478745262356,-0.7539896375119771,0.0009230533235472827,0.7723789253575051
1207,0.5467101738385083,0.5467093315774862,0.0009479259283085891,4.402657633337896,2.475803950304005,1.6552435428120362,2.9592269798280095,-1.0,-1.5721199708230642,1.2963343967916858,0.256051038086264,-0.754116955310075,0.0009234571532453723,0.7725278596529248
1208,0.5467097122298725,0.5467088697328634,0.0009480583345316449,4.40265763443829,2.4758034884424207,1.6552434904210809,2.9592324535103818,-1.0,-1.572120348016527,1.296376549152375,0.2559872581755879,-0.7542443488008421,0.0009238614290334046,0.7726768806990314
1209,0.5467092500918872,0.5467084073586208,0.0009481908735438319,4.402657635540073,2.4758030260511976,1.655243437985722,2.959237934422266,-1.0,-1.5721207256468566,1.2964187210241973,0.25592344768020603,-0.7543718180827508,0.0009242661517476968,0.7728259886098545
1210,0.5467087874235549,0.54670794445376,0.0009483235455236183,4.4026576366432515,2.4758025631293368,1.6552433855058881,2.9592434225740436,-1.0,-1.57212110371488,1.296460912432035,0.2558596065596459,-0.7544993632544772,0.0009246713222266645,0.7729751834996601
1211,0.5467083242238742,0.5467074810172798,0.0009484563511175395,4.402657637747822,2.4758020996758376,1.6552433329815064,2.9592489179761152,-1.0,-1.5721214822214258,1.2965031234008213,0.2557957347733512,-0.7546269844149017,0.0009250769413110155,0.7731244654829516
1212,0.5467078604918402,0.5467070170481743,0.0009485892905035554,4.40265763885379,2.4758016356896935,1.6552432804125041,2.959254420638907,-1.0,-1.5721218611673256,1.2965453539555403,0.25573183228068175,-0.7547546816631093,0.00092548300984377,0.7732738346744704
1213,0.5467073962264468,0.5467065525454374,0.0009487223633913768,4.402657639961157,2.4758011711698984,1.6552432277988083,2.959259930572866,-1.0,-1.5721222405534125,1.2965876041212263,0.25566789904091297,-0.7548824550983901,0.0009258895286699686,0.7734232911891968
1214,0.5467069314266856,0.5467060875080593,0.0009488555706608874,4.402657641069927,2.475800706115443,1.655243175140346,2.959265447788464,-1.0,-1.5721226203805223,1.2966298739229647,0.25560393501323597,-0.7550103048202402,0.0009262964986369448,0.7735728351423503
1215,0.5467064660915427,0.5467056219350269,0.0009489889117875382,4.4026576421801,2.475800240525314,1.6552431224370445,2.9592709722961925,-1.0,-1.5721230006494928,1.296672163385892,0.25553994015675724,-0.7551382309283622,0.0009267039205943828,0.7737224666493906
1216,0.5467060002200058,0.5467051558253262,0.0009491223881185968,4.402657643291678,2.4757997743984963,1.65524306968883,2.959276504106568,-1.0,-1.572123381361164,1.296714472535196,0.2554759144304983,-0.7552662335226655,0.0009271117953940845,0.7738721858260179
1217,0.5467055338110559,0.5467046891779379,0.000949255998895286,4.402657644404667,2.475799307733972,1.6552430168956298,2.9592820432301292,-1.0,-1.572123762516378,1.2967568013961155,0.25541185779339554,-0.7553943127032675,0.000927520123890222,0.7740219927881741
1218,0.546705066863674,0.5467042219918427,0.000949389744528606,4.402657645519061,2.4757988405307207,1.6552429640573694,2.9592875896774373,-1.0,-1.5721241441159792,1.2967991499939413,0.25534777020429994,-0.7555224685704937,0.0009279289069390467,0.7741718876520428
1219,0.5467045993768364,0.5467037542660163,0.0009495236256631161,4.40265764663487,2.475798372787719,1.6552429111739753,2.9592931434590795,-1.0,-1.5721245261608148,1.2968415183540154,0.2552836516219768,-0.7556507012248778,0.0009283381453993161,0.774321870534051
1220,0.5467041313495185,0.5467032859994341,0.0009496576420076929,4.4026576477520925,2.475797904503942,1.655242858245373,2.9592987045856627,-1.0,-1.5721249086517335,1.2968839065017317,0.2552195020051056,-0.7557790107671636,0.000928747840131886,0.7744719415508687
1221,0.5467036627806922,0.5467028171910663,0.0009497917939726663,4.402657648870731,2.475797435678359,1.6552428052714894,2.9593042730678176,-1.0,-1.5721252915895865,1.2969263144625358,0.25515532131227975,-0.7559073972983046,0.0009291579920000214,0.7746221008194104
1222,0.5467031936693258,0.5467023478398817,0.0009499260822018263,4.40265764999079,2.47579696630994,1.6552427522522488,2.9593098489161997,-1.0,-1.5721256749752275,1.296968742261926,0.25509110950200614,-0.756035860919465,0.0009295686018692412,0.7747723484568353
1223,0.546702724014386,0.5467018779448464,0.0009500605066373912,4.402657651112267,2.47579649639765,1.6552426991875782,2.9593154321414863,-1.0,-1.5721260588095125,1.2970111899254522,0.25502686653270507,-0.7561644017320199,0.0009299796706072788,0.7749226845805481
1224,0.5467022538148366,0.546701407504923,0.0009501950672215534,4.402657652235169,2.4757960259404523,1.655242646077401,2.95932102275438,-1.0,-1.572126443093299,1.297053657478717,0.2549625923627101,-0.7562930198375567,0.0009303911990842967,0.7750731093082001
1225,0.5467017830696383,0.5467009365190725,0.0009503297648310803,4.402657653359495,2.475795554937308,1.6552425929216439,2.9593266207656046,-1.0,-1.572126827827448,1.2970961449473752,0.25489828695026756,-0.7564217153378746,0.0009308031881727302,0.7752236227576892
1226,0.5467013117777489,0.5467004649862516,0.000950464599174098,4.402657654485249,2.475795083387173,1.6552425397202308,2.959332226185909,-1.0,-1.572127213012822,1.2971386523571347,0.25483395025353645,-0.7565504883349862,0.0009312156387473658,0.7753742250471615
1227,0.5467008399381242,0.5466999929054157,0.0009505995704260069,4.402657655612432,2.475794611289003,1.655242486473087,2.9593378390260647,-1.0,-1.572127598650286,1.2971811797337556,0.2547695822305882,-0.7566793389311175,0.0009316285516852435,0.7755249162950111
1228,0.5467003675497172,0.5466995202755169,0.00095073467922915,4.402657656741049,2.47579413864175,1.6552424331801368,2.9593434592968677,-1.0,-1.5721279847407073,1.2972237271030516,0.2547051828394064,-0.7568082672287089,0.0009320419278659292,0.7756756966198813
1229,0.5466998946114756,0.5466990470955032,0.0009508699257584107,4.402657657871098,2.475793665444362,1.655242379841304,2.9593490870091372,-1.0,-1.5721283712849556,1.297266294490889,0.25464075203788644,-0.7569372733304154,0.0009324557681711065,0.7758265661406655
1230,0.5466994211223478,0.5466985733643219,0.0009510053097215452,4.402657659002583,2.4757931916957867,1.655242326456514,2.9593547221737166,-1.0,-1.572128758283903,1.2973088819231877,0.2545762897838353,-0.7570663573391075,0.0009328700734849071,0.7759775249765073
1231,0.5466989470812775,0.5466980990809165,0.0009511408322271213,4.402657660135507,2.475792717394967,1.6552422730256897,2.9593603648014737,-1.0,-1.5721291457384237,1.2973514894259208,0.2545117960349714,-0.7571955193578721,0.0009332848446939301,0.7761285732468017
1232,0.5466984724872062,0.5466976242442272,0.0009512764929825094,4.402657661269872,2.4757922425408436,1.6552422195487548,2.9593660149032983,-1.0,-1.5721295336493943,1.297394117025115,0.2544472707489245,-0.7573247594900124,0.0009337000826870089,0.776279711071196
1233,0.5466979973390709,0.5466971488531917,0.0009514122923953398,4.402657662405678,2.4757917671323533,1.6552421660256345,2.9593716724901062,-1.0,-1.572129922017694,1.2974367647468505,0.2543827138832348,-0.757454077839049,0.0009341157883554251,0.7764309385695898
1234,0.546697521635809,0.5466966729067455,0.0009515482301728962,4.402657663542931,2.4757912911684326,1.6552421124562502,2.959377337572837,-1.0,-1.5721303108442042,1.297479432617262,0.2543181253953535,-0.7575834745087204,0.0009345319625928693,0.7765822558621363
1235,0.5466970453763522,0.5466961964038208,0.0009516843074224747,4.402657664681631,2.475790814648013,1.6552420588405266,2.9593830101624543,-1.0,-1.5721307001298086,1.2975221206625376,0.2542535052426419,-0.7577129496029839,0.0009349486062953832,0.776733663069243
1236,0.5466965685596308,0.5466957193433467,0.0009518205240842563,4.40265766582178,2.4757903375700234,1.655242005178386,2.959388690269945,-1.0,-1.5721310898753933,1.2975648289089197,0.25418885338237157,-0.7578425032260157,0.000935365720361495,0.7768851603115723
1237,0.5466960911845705,0.5466952417242488,0.000951956880098395,4.402657666963382,2.4757898599333896,1.655241951469751,2.959394377906322,-1.0,-1.572131480081847,1.297607557382705,0.25412416977172386,-0.7579721354822119,0.0009357833056921232,0.777036747710042
1238,0.546695613250096,0.5466947635454508,0.0009520933763378872,4.402657668106439,2.4757893817370356,1.6552418977145453,2.9594000730826213,-1.0,-1.572131870750061,1.297650306110245,0.2540594543677896,-0.7581018464761892,0.0009362013631904008,0.7771884253858269
1239,0.5466951347551281,0.5466942848058739,0.00095223001204288,4.402657669250951,2.475788902979882,1.6552418439126908,2.9594057758099033,-1.0,-1.572132261880928,1.2976930751179452,0.2539947071275691,-0.7582316363127851,0.0009366198937622199,0.7773401934603582
1240,0.5466946556985861,0.5466938055044354,0.0009523667880859478,4.40265767039692,2.4757884236608465,1.6552417900641099,2.9594114860992535,-1.0,-1.5721326534753441,1.2977358644322665,0.2539299280079717,-0.7583615050970591,0.0009370388983157068,0.7774920520553256
1241,0.5466941760793839,0.5466933256400496,0.0009525037046397511,4.402657671544352,2.475787943778843,1.6552417361687244,2.9594172039617828,-1.0,-1.572133045534208,1.2977786740797246,0.2538651169658155,-0.758491452934293,0.0009374583777615913,0.777644001292677
1242,0.5466936958964339,0.5466928452116285,0.0009526407625760394,4.4026576726932465,2.475787463332784,1.6552416822264566,2.959422929408625,-1.0,-1.5721334380584195,1.29782150408689,0.253800273957827,-0.7586214799299916,0.0009378783330129541,0.7777960412946199
1243,0.5466932151486465,0.5466923642180814,0.0009527779609015995,4.402657673843606,2.4757869823215786,1.6552416282372278,2.9594286624509407,-1.0,-1.5721338310488822,1.2978643544803887,0.25373539894064123,-0.7587515861898834,0.0009382987649852463,0.7779481721836219
1244,0.546692733834927,0.5466918826583131,0.0009529153009538899,4.402657674995433,2.475786500744131,1.65524157420096,2.9594344030999133,-1.0,-1.5721342245065015,1.2979072252869022,0.253670491870801,-0.7588817718199209,0.0009387196745965613,0.7781003940824115
1245,0.5466922519541801,0.5466914005312282,0.0009530527826716395,4.402657676148733,2.4757860185993463,1.6552415201175743,2.9594401513667528,-1.0,-1.5721346184321854,1.2979501165331673,0.2536055527047569,-0.759012036926282,0.0009391410627675571,0.7782527071139789
1246,0.5466917695053054,0.546690917835725,0.0009531904057606013,4.402657677303502,2.4757855358861223,1.6552414659869916,2.959445907262692,-1.0,-1.5721350128268445,1.2979930282459768,0.2535405813988671,-0.7591423816153701,0.0009395629304210871,0.7784051114015766
1247,0.5466912864872003,0.5466904345707009,0.0009533281710912105,4.402657678459747,2.4757850526033574,1.6552414118091339,2.9594516707989924,-1.0,-1.5721354076913916,1.2980359604521792,0.2534755779093968,-0.7592728059938145,0.0009399852784827249,0.7785576070687205
1248,0.5466908028987593,0.5466899507350501,0.0009534660786018101,4.4026576796174695,2.475784568749944,1.6552413575839202,2.9594574419869373,-1.0,-1.5721358030267423,1.2980789131786792,0.25341054219251824,-0.7594033101684721,0.000940408107880492,0.7787101942391899
1249,0.5466903187388751,0.5466894663276637,0.0009536041289292587,4.402657680776672,2.4757840843247747,1.655241303311273,2.9594632208378355,-1.0,-1.572136198833814,1.2981218864524373,0.2533454742043103,-0.7595338942464267,0.0009408314195448579,0.7788628730370295
1250,0.5466898340064344,0.546688981347429,0.0009537423217787258,4.402657681937354,2.4757835993267365,1.6552412489911112,2.959469007363022,-1.0,-1.572136595113528,1.2981648803004713,0.25328037390075836,-0.7596645583349908,0.0009412552144091095,0.7790156435865491
1251,0.5466893487003235,0.5466884957932311,0.0009538806577866089,4.402657683099519,2.475783113754714,1.6552411946233558,2.9594748015738577,-1.0,-1.5721369918668067,1.2982078947498543,0.25321524123775363,-0.7597953025417057,0.000941679493408729,0.7791685060123248
1252,0.5466888628194254,0.5466880096639523,0.0009540191371233791,4.402657684263174,2.4757826276075896,1.655241140207926,2.959480603481729,-1.0,-1.5721373890945753,1.2982509298277174,0.25315007617109336,-0.7599261269743421,0.0009421042574817439,0.7793214604391997
1253,0.546688376362619,0.546687522958471,0.0009541577601920571,4.402657685428314,2.4757821408842418,1.655241085744742,2.959486413098046,-1.0,-1.5721377867977622,1.2982939855612474,0.2530848786564803,-0.7600570317409011,0.000942529507569057,0.7794745069922852
1254,0.5466878893287802,0.5466870356756629,0.0009542965266973272,4.402657686594948,2.475781653583546,1.6552410312337238,2.9594922304342464,-1.0,-1.572138184977298,1.2983370619776888,0.25301964864952253,-0.7601880169496147,0.0009429552446139221,0.7796276457969605
1255,0.5466874017167828,0.546686547814401,0.0009544354377398518,4.402657687763074,2.4757811657043756,1.6552409766747902,2.9594980555017916,-1.0,-1.5721385836341153,1.2983801591043431,0.25295438610573306,-0.7603190827089465,0.0009433814695620995,0.7797808769788749
1256,0.5466869135254971,0.5466860593735551,0.0009545744925586972,4.4026576889326945,2.4757806772456,1.6552409220678606,2.9595038883121703,-1.0,-1.57213898276915,1.298423276968569,0.25288909098052975,-0.7604502291275925,0.0009438081833620498,0.7799342006639474
1257,0.5466864247537893,0.5466855703519906,0.0009547136922539263,4.402657690103814,2.475780188206085,1.6552408674128538,2.9595097288768972,-1.0,-1.5721393823833407,1.2984664155977834,0.25282376322923483,-0.7605814563144814,0.0009442353869648178,0.7800876169783681
1258,0.5466859354005235,0.5466850807485715,0.0009548530372272649,4.402657691276434,2.4757796985846934,1.6552408127096887,2.9595155772075117,-1.0,-1.5721397824776278,1.29850957501946,0.25275840280707473,-0.7607127643787756,0.000944663081324149,0.7802411260485992
1259,0.5466854454645617,0.5466845905621586,0.0009549925269501008,4.402657692450555,2.4757792083802874,1.6552407579582844,2.9595214333155795,-1.0,-1.5721401830529544,1.2985527552611307,0.25269300966917974,-0.7608441534298719,0.0009450912673960037,0.7803947280013751
1260,0.5466849549447613,0.5466840997916088,0.000955132161823966,4.402657693626184,2.475778717591723,1.6552407031585583,2.959527297212693,-1.0,-1.5721405841102667,1.2985959563503857,0.2526275837705838,-0.7609756235774021,0.000945519946139373,0.7805484229637036
1261,0.5466844638399756,0.5466836084357756,0.0009552719427149743,4.4026576948033185,2.475778226217854,1.6552406483104287,2.9595331689104696,-1.0,-1.5721409856505133,1.2986391783148732,0.2525621250662242,-0.7611071749312338,0.0009459491185157547,0.7807022110628669
1262,0.5466839721490568,0.54668311649351,0.0009554118690942222,4.402657695981963,2.475777734257531,1.6552405934138141,2.959539048420555,-1.0,-1.5721413876746453,1.2986824211822994,0.2524966335109412,-0.7612388076014708,0.0009463787854892884,0.780856092426422
1263,0.5466834798708541,0.5466826239636604,0.0009555519422920353,4.4026576971621205,2.475777241709603,1.6552405384686322,2.9595449357546184,-1.0,-1.5721417901836163,1.2987256849804294,0.2524311090594779,-0.761370521698454,0.0009468089480266011,0.7810100671822017
1264,0.5466829870042123,0.5466821308450707,0.0009556921613145007,4.402657698343793,2.475776748572913,1.6552404834748005,2.959550830924358,-1.0,-1.5721421931783828,1.2987689697370872,0.25236555166647984,-0.7615023173327622,0.000947239607097156,0.7811641354583154
1265,0.5466824935479722,0.5466816371365824,0.0009558325270266617,4.402657699526981,2.4757762548463034,1.6552404284322355,2.9595567339414957,-1.0,-1.572142596659904,1.2988122754801554,0.2522999612864948,-0.7616341946152128,0.0009476707636731172,0.7813182973831502
1266,0.5466819995009737,0.5466811428370341,0.0009559730398284443,4.402657700711689,2.475775760528612,1.6552403733408558,2.9595626448177836,-1.0,-1.5721430006291415,1.2988556022375755,0.2522343378739722,-0.7617661536568617,0.0009481024187291163,0.7814725530853712
1267,0.5466815048620512,0.5466806479452596,0.0009561137001194721,4.402657701897921,2.4757752656186733,1.655240318200577,2.9595685635649973,-1.0,-1.5721434050870597,1.2988989500373482,0.2521686813832634,-0.7618981945690058,0.0009485345732426602,0.7816269026939225
1268,0.5466810096300387,0.5466801524600918,0.0009562545076024579,4.4026577030856755,2.4757747701153194,1.6552402630113172,2.9595744901949397,-1.0,-1.5721438100346254,1.298942318907534,0.252102991768621,-0.7620303174631816,0.0009489672281938204,0.7817813463380283
1269,0.546680513803765,0.5466796563803593,0.0009563954629088942,4.402657704274957,2.475774274017379,1.6552402077729915,2.959580424719441,-1.0,-1.5721442154728085,1.2989857088762526,0.25203726898419854,-0.7621625224511676,0.0009494003845654857,0.7819358841471934
1270,0.5466800173820546,0.5466791597048869,0.0009565365662055653,4.402657705465767,2.4757737773236768,1.6552401524855174,2.9595863671503575,-1.0,-1.5721446214025812,1.2990291199716837,0.25197151298405024,-0.7622948096449839,0.0009498340433431483,0.7820905162512042
1271,0.5466795203637309,0.5466786624324963,0.0009566778176590883,4.40265770665811,2.475773280033035,1.65524009714881,2.959592317499575,-1.0,-1.5721450278249187,1.2990725522220665,0.25190572372213094,-0.7624271791568934,0.0009502682055150206,0.7822452427801294
1272,0.5466790227476136,0.5466781645620068,0.0009568192176679785,4.4026577078519855,2.475772782144273,1.6552400417627857,2.9595982757790025,-1.0,-1.5721454347407988,1.2991160056557007,0.2518399011522955,-0.7625596310994027,0.000950702872072268,0.7824000638643211
1273,0.546678524532519,0.5466776660922341,0.0009569607670945091,4.402657709047398,2.4757722836562053,1.6552399863273601,2.9596042420005793,-1.0,-1.5721458421512018,1.299159480300946,0.25177404522829866,-0.7626921655852624,0.0009511380440085041,0.7825549796344154
1274,0.5466780257172592,0.54667716702199,0.0009571024649443992,4.402657710244349,2.4757717845676446,1.6552399308424488,2.9596102161762703,-1.0,-1.5721462500571108,1.299202976186223,0.2517081559037947,-0.762824782727468,0.0009515737223201402,0.7827099902213334
1275,0.5466775263006443,0.5466766673500836,0.0009572443120795865,4.402657711442844,2.4757712848774,1.655239875307967,2.959616198318068,-1.0,-1.5721466584595123,1.2992464933400119,0.2516422331323372,-0.7629574826392606,0.0009520099080066377,0.7828650957562816
1276,0.5466770262814801,0.54667616707532,0.0009573863091295,4.402657712642882,2.4757707845842756,1.6552398197238294,2.9596221884379923,-1.0,-1.5721470673593947,1.2992900317908547,0.25157627686737866,-0.7630902654341277,0.0009524466020699065,0.7830202963707538
1277,0.5466765256585702,0.5466756661965028,0.0009575284560274447,4.402657713844466,2.475770283687076,1.6552397640899512,2.9596281865480893,-1.0,-1.572147476757749,1.2993335915673538,0.2515102870622702,-0.7632231312258041,0.0009528838055146541,0.7831755921965307
1278,0.5466760244307128,0.5466751647124294,0.0009576707531704132,4.402657715047597,2.475769782184598,1.6552397084062467,2.9596341926604346,-1.0,-1.57214788665557,1.2993771726981733,0.25144426367026135,-0.7633560801282722,0.000953321519348638,0.7833309833656814
1279,0.5466755225967056,0.5466746626218965,0.0009578132007232666,4.40265771625228,2.475769280075639,1.655239652672631,2.9596402067871312,-1.0,-1.5721482970538547,1.299420775212038,0.2513782066444996,-0.763489112255763,0.0009537597445820642,0.7834864700105644
1280,0.5466750201553412,0.5466741599236963,0.0009579557988506975,4.402657717458518,2.47576877735899,1.655239596889017,2.9596462289403087,-1.0,-1.5721487079536023,1.2994643991377344,0.2513121159380304,-0.7636222277227568,0.0009541984822281304,0.7836420522638281
1281,0.5466745171054082,0.5466736566166173,0.0009580985479489849,4.402657718666312,2.47576827403344,1.65523954105532,2.9596522591321253,-1.0,-1.5721491193558157,1.2995080445041107,0.2512459915037963,-0.763755426643984,0.0009546377333030656,0.783797730258412
1282,0.5466740134456942,0.5466731526994453,0.0009582414484141004,4.402657719875665,2.475767770097775,1.655239485171453,2.9596582973747663,-1.0,-1.5721495312615004,1.2995517113400774,0.25117983329463733,-0.7638887091344259,0.0009550774988255269,0.7839535041275473
1283,0.5466735091749806,0.5466726481709621,0.0009583845004100215,4.402657721086579,2.4757672655507763,1.65523942923733,2.959664343680445,-1.0,-1.5721499436716642,1.2995953996746064,0.25111364126329017,-0.764022075309315,0.0009555177798173971,0.7841093740047578
1284,0.5466730042920478,0.546672143029947,0.0009585277043322078,4.402657722299057,2.475766760391224,1.655239373252863,2.959670398061404,-1.0,-1.5721503565873183,1.2996391095367323,0.25104741536238806,-0.7641555252841367,0.0009559585773030651,0.7842653400238607
1285,0.5466724987956716,0.5466716372751753,0.0009586710601125762,4.4026577235131015,2.4757662546178922,1.655239317217967,2.959676460529913,-1.0,-1.5721507700094766,1.2996828409555516,0.2509811555444603,-0.7642890591746286,0.00095639989230997,0.7844214023189682
1286,0.5466719926846235,0.5466711309054181,0.0009588145686093419,4.402657724728715,2.475765748229553,1.6552392611325533,2.9596825310982697,-1.0,-1.5721511839391558,1.299726593960224,0.25091486176193234,-0.764422677096783,0.0009568417258682711,0.7845775610244872
1287,0.5466714859576733,0.5466706239194442,0.0009589582295223951,4.4026577259458985,2.475765241224974,1.6552392049965357,2.9596886097788,-1.0,-1.572151598377375,1.2997703685799715,0.2508485339671251,-0.7645563791668463,0.0009572840790113142,0.7847338162751212
1288,0.546670978613587,0.5466701163160189,0.0009591020434777849,4.402657727164658,2.475764733602922,1.6552391488098257,2.9596946965838598,-1.0,-1.5721520133251572,1.2998141648440795,0.25078217211225473,-0.7646901655013202,0.0009577269527751065,0.7848901682058704
1289,0.5466704706511262,0.5466696080939035,0.0009592460106381557,4.402657728384991,2.475764225362157,1.6552390925723364,2.9597007915258313,-1.0,-1.5721524287835273,1.2998579827818961,0.2507157761494324,-0.7648240362169627,0.00095817034819857,0.7850466169520336
1290,0.5466699620690497,0.5466690992518565,0.0009593901311659806,4.402657729606907,2.4757637165014375,1.6552390362839793,2.959706894617128,-1.0,-1.5721528447535134,1.2999018224228334,0.25064934603066386,-0.7649579914307887,0.0009586142663235015,0.7852031626492078
1291,0.5466694528661126,0.5466685897886318,0.0009595344054549705,4.402657730830403,2.4757632070195177,1.6552389799446658,2.9597130058701886,-1.0,-1.5721532612361466,1.2999456837963663,0.2505828817078493,-0.7650920312600706,0.000959058708194846,0.78535980543329
1292,0.5466689430410674,0.5466680797029809,0.0009596788338985257,4.402657732055482,2.4757626969151496,1.655238923554308,2.959719125297482,-1.0,-1.572153678232461,1.299989566932034,0.2505163831327829,-0.7652261558223393,0.0009595036748601904,0.7855165454404782
1293,0.546668432592661,0.546667568993651,0.0009598234168897356,4.402657733282151,2.4757621861870795,1.6552388671128164,2.959725252911508,-1.0,-1.5721540957434932,1.3000334718594395,0.25044985025715233,-0.7653603652353849,0.0009599491673702498,0.7856733828072717
1294,0.5466679215196398,0.5466670576593876,0.0009599681543587698,4.402657734510404,2.475761674834053,1.6552388106201033,2.9597313887247907,-1.0,-1.572154513770283,1.3000773986082494,0.2503832830325389,-0.7654946596172574,0.0009603951867786148,0.7858303176704725
1295,0.5466674098207431,0.5466665456989287,0.0009601130462357655,4.402657735740253,2.4757611628548086,1.6552387540760782,2.959737532749889,-1.0,-1.5721549323138735,1.3001213472081954,0.25031668141041674,-0.7656290390862677,0.0009608417341419067,0.7859873501671857
1296,0.5466668974947092,0.5466660331110124,0.0009602580938382337,4.402657736971698,2.475760650248084,1.6552386974806526,2.959743684999387,-1.0,-1.5721553513753102,1.3001653176890728,0.2502500453421529,-0.765763503760988,0.0009612888105197197,0.7861444804348211
1297,0.5466663845402716,0.546665519894372,0.000960403296633219,4.402657738204738,2.475760137012612,1.6552386408337367,2.959749845485897,-1.0,-1.5721557709556415,1.3002093100807424,0.2501833747790067,-0.7658980537602532,0.000961736416974504,0.7863017086110937
1298,0.5466658709561624,0.5466650060477382,0.0009605486554749993,4.402657739439378,2.475759623147124,1.6552385841352408,2.959756014222064,-1.0,-1.5721561910559192,1.3002533244131291,0.2501166696721296,-0.7660326892031611,0.0009621845545718959,0.7864590348340245
1299,0.5466653567411067,0.5466644915698362,0.0009606941702927421,4.402657740675618,2.4757591086503448,1.6552385273850747,2.9597621912205607,-1.0,-1.5721566116771977,1.3002973607162238,0.25004992997256476,-0.7661674102090735,0.0009626332243804658,0.7866164592419417
1300,0.5466648418938287,0.5466639764593885,0.0009608398414777705,4.4026577419134645,2.4757585935209967,1.655238470583148,2.9597683764940896,-1.0,-1.5721570328205348,1.300341419020082,0.24998315563124676,-0.766302216897617,0.0009630824274717758,0.7867739819734815
1301,0.5466643264130474,0.5466634607151143,0.0009609856694210942,4.402657743152919,2.475758077757799,1.6552384137293703,2.9597745700553824,-1.0,-1.572157454486991,1.3003854993548247,0.24991634659900133,-0.7664371093886836,0.0009635321649204192,0.7869316031675893
1302,0.5466638102974788,0.5466629443357294,0.0009611316540513606,4.402657744393984,2.475757561359468,1.65523835682365,2.9597807719172002,-1.0,-1.5721578766776299,1.300429601750639,0.24984950282654494,-0.7665720878024318,0.0009639824378040784,0.7870893229635202
1303,0.5466632935458359,0.5466624273199446,0.000961277795990151,4.402657745636662,2.4757570443247134,1.6552382998658974,2.959786982092335,-1.0,-1.5721582993935181,1.3004737262377768,0.2497826242644844,-0.766707152259287,0.0009644332472034473,0.7872471415008404
1304,0.5466627761568265,0.5466619096664684,0.000961424095396684,4.402657746880954,2.4757565266522445,1.655238242856021,2.959793200593607,-1.0,-1.5721587226357252,1.3005178728465572,0.24971571086331673,-0.7668423028799428,0.0009648845942022893,0.7874050589194278
1305,0.5466622581291568,0.5466613913740055,0.000961570552430004,4.402657748126866,2.4757560083407655,1.655238185793929,2.9597994274338677,-1.0,-1.572159146405324,1.300562041607365,0.24964876257342872,-0.7669775397853617,0.0009653364798874575,0.7875630753594729
1306,0.5466617394615264,0.5466608724412558,0.0009617171677107478,4.402657749374399,2.475755489388977,1.6552381286795295,2.9598056626259983,-1.0,-1.5721595707033902,1.300606232550652,0.24958177934509648,-0.7671128630967753,0.000965788905348952,0.7877211909614802
1307,0.5466612201526347,0.5466603528669169,0.000961863941628248,4.402657750623555,2.4757549697955747,1.6552380715127306,2.959811906182909,-1.0,-1.5721599955310026,1.3006504457069357,0.24951476112848534,-0.7672482729356861,0.0009662418716797071,0.7878794058662687
1308,0.5466607002011747,0.5466598326496817,0.000962010873879082,4.402657751874335,2.4757544495592536,1.6552380142934404,2.959818158117541,-1.0,-1.5721604208892432,1.300694681106801,0.24944770787364925,-0.7673837694238675,0.0009666953799759791,0.7880377202149732
1309,0.5466601796058369,0.54665931178824,0.0009621579650830452,4.402657753126745,2.4757539286787025,1.6552379570215665,2.959824418442867,-1.0,-1.5721608467791968,1.3007389387808999,0.24938061953053065,-0.7675193526833654,0.0009671494313369582,0.7881961341490449
1310,0.5466596583653069,0.5466587902812775,0.0009623052158594755,4.402657754380787,2.475753407152607,1.6552378996970158,2.9598306871718885,-1.0,-1.5721612732019516,1.3007832187599513,0.24931349604896,-0.767655022836498,0.0009676040268650403,0.7883546478102528
1311,0.5466591364782692,0.5466582681274763,0.0009624526259044245,4.402657755636462,2.4757528849796495,1.655237842319696,2.959836964317638,-1.0,-1.572161700158599,1.300827521074742,0.24924633737865556,-0.7677907800058578,0.0009680591676657495,0.7885132613406843
1312,0.5466586139434004,0.5466577453255137,0.0009626001960674089,4.402657756893775,2.4757523621585067,1.6552377848895137,2.9598432498931784,-1.0,-1.5721621276502333,1.3008718457561261,0.2491791434692229,-0.7679266243143115,0.0009685148548478738,0.7886719748827464
1313,0.5466580907593779,0.5466572218740657,0.0009627479262748003,4.402657758152727,2.475751838687855,1.6552377274063756,2.959849543911604,-1.0,-1.5721625556779517,1.3009161928350257,0.2491119142701547,-0.7680625558850013,0.0009689710895232127,0.7888307885791667
1314,0.5466575669248722,0.5466566977718026,0.0009628958169141368,4.402657759413321,2.4757513145663648,1.6552376698701876,2.959855846386039,-1.0,-1.5721629842428546,1.3009605623424312,0.24904464973083032,-0.7681985748413458,0.0009694278728067911,0.7889897025729941
1315,0.5466570424385503,0.5466561730173907,0.0009630438686032044,4.4026577606755595,2.4757507897927016,1.6552376122808565,2.959862157329639,-1.0,-1.5721634133460465,1.3010049543094007,0.24897734980051545,-0.7683346813070406,0.0009698852058168976,0.7891487170076
1316,0.5466565172990769,0.5466556476094934,0.0009631920810372085,4.402657761939447,2.475750264365529,1.6552375546382878,2.9598684767555903,-1.0,-1.572163842988634,1.3010493687670612,0.24891001442836178,-0.7684708754060592,0.0009703430896749297,0.7893078320266795
1317,0.546655991505111,0.5466551215467703,0.0009633404546029449,4.402657763204986,2.4757497382835076,1.6552374969423873,2.9598748046771104,-1.0,-1.5721642731717271,1.3010938057466084,0.24884264356340663,-0.7686071572626539,0.0009708015255056266,0.789467047774252
1318,0.5466554650553098,0.5466545948278763,0.0009634889901478086,4.402657764472177,2.475749211545291,1.6552374391930602,2.9598811411074473,-1.0,-1.5721647038964393,1.3011382652793066,0.2487752371545727,-0.768743527001357,0.0009712605144367974,0.7896263643946623
1319,0.546654937948324,0.5466540674514625,0.0009636376878273201,4.402657765741022,2.475748684149531,1.6552373813902117,2.9598874860598814,-1.0,-1.5721651351638872,1.3011827473964894,0.24870779515066752,-0.7688799847469807,0.0009717200575995536,0.7897857820325819
1320,0.5466544101828029,0.5466535394161773,0.0009637865477968226,4.4026577670115286,2.475748156094875,1.655237323533747,2.959893839547725,-1.0,-1.5721655669751904,1.3012272521295598,0.24864031750038326,-0.769016530624619,0.000972180156128291,0.7899453008330095
1321,0.5466538817573909,0.5466530107206644,0.0009639355697507769,4.402657768283694,2.4757476273799677,1.655237265623571,2.9599002015843183,-1.0,-1.572165999331472,1.30127177950999,0.2485728041522964,-0.7691531647596482,0.0009726408111606103,0.7901049209412727
1322,0.5466533526707282,0.5466524813635631,0.000964084755226283,4.402657769557524,2.475747098003448,1.655237207659587,2.9599065721830384,-1.0,-1.5721664322338582,1.3013163295693224,0.24850525505486717,-0.7692898872777276,0.0009731020238374742,0.7902646425030282
1323,0.5466528229214518,0.5466519513435099,0.0009642341036868797,4.402657770833022,2.4757465679639523,1.6552371496417,2.9599129513572904,-1.0,-1.5721668656834784,1.3013609023391692,0.2484376701564394,-0.7694266983048005,0.0009735637953029729,0.7904244656642634
1324,0.5466522925081939,0.5466514206591362,0.0009643836155173355,4.4026577721101905,2.475746037260112,1.6552370915698134,2.959919339120512,-1.0,-1.5721672996814655,1.3014054978512124,0.24837004940524002,-0.7695635979670951,0.000974026126704655,0.7905843905712973
1325,0.5466517614295837,0.5466508893090706,0.0009645332913323071,4.402657773389028,2.475745505890555,1.655237033443831,2.959925735486172,-1.0,-1.5721677342289555,1.3014501161372047,0.24830239274937885,-0.7697005863911253,0.0009744890191932363,0.7907444173707815
1326,0.5466512296842463,0.5466503572919371,0.0009646831312856389,4.402657774669544,2.4757449738539066,1.6552369752636569,2.9599321404677736,-1.0,-1.5721681693270875,1.3014947572289692,0.24823470013684804,-0.7698376637036916,0.0009749524739228908,0.7909045462097011
1327,0.546650697270801,0.546649824606355,0.0009648331357611339,4.402657775951737,2.475744441148785,1.6552369170291938,2.959938554078849,-1.0,-1.5721686049770045,1.3015394211584,0.2481669715155219,-0.7699748300318822,0.000975416492051173,0.7910647772353759
1328,0.5466501641878655,0.5466492912509412,0.0009649833046820682,4.4026577772356115,2.4757439077738073,1.6552368587403443,2.9599449763329653,-1.0,-1.5721690411798521,1.3015841079574622,0.24809920683315642,-0.7701120855030736,0.0009758810747388045,0.7912251105954614
1329,0.5466496304340522,0.5466487572243068,0.0009651336386618806,4.402657778521169,2.4757433737275845,1.6552368003970113,2.9599514072437194,-1.0,-1.57216947793678,1.301628817658192,0.24803140603738896,-0.7702494302449318,0.0009763462231499069,0.7913855464379499
1330,0.5466490960079708,0.5466482225250611,0.0009652841383135428,4.402657779808413,2.475742839008726,1.6552367419990965,2.959957846824743,-1.0,-1.5721699152489406,1.3016735502926975,0.24796356907573774,-0.7703868643854126,0.0009768119384520406,0.7915460849111714
1331,0.5466485609082248,0.5466476871518069,0.0009654348035595762,4.402657781097346,2.475742303615835,1.655236683546503,2.9599642950896983,-1.0,-1.5721703531174895,1.3017183058931576,0.24789569589560165,-0.7705243880527632,0.0009772782218161469,0.7917067261637947
1332,0.5466480251334161,0.5466471511031455,0.0009655856347823822,4.402657782387973,2.4757417675475115,1.6552366250391328,2.959970752052282,-1.0,-1.5721707915435865,1.3017630844918238,0.24782778644425985,-0.770662001375523,0.000977745074416625,0.7918674703448285
1333,0.5466474886821402,0.5466466143776714,0.0009657366319041928,4.402657783680293,2.4757412308023508,1.6552365664768864,2.959977217726221,-1.0,-1.5721712305283944,1.3018078861210196,0.24775984066887136,-0.770799704482524,0.0009782124974310608,0.7920283176036226
1334,0.5466469515529893,0.5466460769739765,0.0009658877962265227,4.40265778497431,2.475740693378945,1.6552365078596658,2.959983692125277,-1.0,-1.572171670073079,1.3018527108131408,0.2476918585164746,-0.7709374975028921,0.0009786804920406734,0.7921892680898688
1335,0.546646413744553,0.5466455388906495,0.0009660391269813301,4.402657786270029,2.475740155275882,1.6552364491873723,2.959990175263245,-1.0,-1.5721721101788098,1.3018975586006556,0.2476238399339871,-0.771075380566048,0.0009791490594300819,0.7923503219536017
1336,0.5466458752554152,0.5466450001262733,0.0009661906252394849,4.402657787567452,2.4757396164917456,1.6552363904599063,2.959996667153951,-1.0,-1.5721725508467599,1.301942429516105,0.2475557848682052,-0.7712133538017081,0.0009796182007872857,0.7925114793452004
1337,0.5466453360841561,0.5466444606794274,0.0009663422913817629,4.40265778886658,2.475739077025114,1.6552363316771688,2.960003167811255,-1.0,-1.5721729920781053,1.3019873235921036,0.24748769326580358,-0.7713514173398855,0.0009800879173038014,0.7926727404153889
1338,0.5466447962293511,0.5466439205486872,0.000966494125329129,4.402657790167419,2.4757385368745637,1.6552362728390597,2.960009677249052,-1.0,-1.5721734338740263,1.3020322408613383,0.24741956507333485,-0.7714895713108907,0.000980558210174565,0.792834105315238
1339,0.5466442556895726,0.5466433797326233,0.0009666461270025104,4.402657791469969,2.4757379960386645,1.6552362139454793,2.9600161954812663,-1.0,-1.572173876235706,1.3020771813565701,0.2473514002372293,-0.7716278158453326,0.0009810290805981256,0.7929955741961655
1340,0.5466437144633877,0.5466428382298033,0.0009667982972414769,4.402657792774234,2.4757374545159845,1.6552361549963264,2.960022722521859,-1.0,-1.5721743191643311,1.3021221451106337,0.2472831987037943,-0.7717661510741196,0.000981500529776336,0.7931571472099378
1341,0.5466431725493601,0.5466422960387887,0.000966950636655348,4.402657794080217,2.4757369123050847,1.655236095991502,2.9600292583848247,-1.0,-1.5721747626610918,1.3021671321564372,0.24721496041921406,-0.7719045771284604,0.0009819725589147986,0.793318824508671
1342,0.5466426299460493,0.5466417531581397,0.0009671031453937753,4.40265779538792,2.4757363694045256,1.6552360369309047,2.96003580308419,-1.0,-1.5721752067271817,1.3022121425269635,0.2471466853295493,-0.7720430941398649,0.0009824451692223794,0.7934806062448316
1343,0.5466420866520111,0.5466412095864098,0.0009672558231471047,4.402657796697349,2.47573582581286,1.655235977814433,2.9600423566340166,-1.0,-1.5721756513637979,1.3022571762552693,0.24707837338073674,-0.7721817022401454,0.000982918361911753,0.7936424925712383
1344,0.5466415426657943,0.5466406653221488,0.0009674086712124645,4.402657798008502,2.475735281528639,1.6552359186419865,2.9600489190483987,-1.0,-1.5721760965721414,1.302302233374486,0.24701002451858878,-0.772320401561417,0.0009833921381990325,0.7938044836410625
1345,0.5466409979859466,0.5466401203639029,0.0009675616892796523,4.4026577993213865,2.4757347365504074,1.6552358594134626,2.9600554903414666,-1.0,-1.5721765423534162,1.3023473139178205,0.24694163868879307,-0.7724591922360994,0.00098386649930379,0.7939665796078295
1346,0.5466404526110108,0.5466395747102137,0.0009677148777269293,4.402657800636002,2.475734190876707,1.6552358001287606,2.960062070527382,-1.0,-1.5721769887088304,1.3023924179185538,0.24687321583691216,-0.772598074396917,0.0009843414464493273,0.7941287806254198
1347,0.5466399065395237,0.546639028359618,0.0009678682371616439,4.402657801952355,2.475733644506075,1.6552357407877774,2.960068659620343,-1.0,-1.5721774356395952,1.3024375454100428,0.24680475590838308,-0.7727370481769004,0.0009848169808624825,0.7942910868480703
1348,0.5466393597700194,0.5466384813106487,0.0009680217672731501,4.402657803270446,2.475733097437044,1.6552356813904114,2.9600752576345806,-1.0,-1.5721778831469257,1.3024826964257197,0.24673625884851694,-0.7728761137093872,0.0009852931037737074,0.7944534984303752
1349,0.5466388123010281,0.5466379335618349,0.000968175469356312,4.402657804590277,2.475732549668143,1.6552356219365592,2.9600818645843607,-1.0,-1.5721783312320403,1.3025278709990928,0.24666772460249853,-0.773015271128023,0.0009857698164170677,0.794616015527287
1350,0.5466382641310737,0.5466373851117005,0.000968329343099932,4.402657805911853,2.475732001197896,1.6552355624261184,2.9600884804839853,-1.0,-1.572178779896161,1.302573069163746,0.2465991531153859,-0.7731545205667621,0.0009862471200302815,0.7947786382941182
1351,0.5466377152586777,0.546636835958766,0.0009684833888807303,4.402657807235176,2.475731452024823,1.6552355028589856,2.9600951053477877,-1.0,-1.572179229140514,1.3026182909533397,0.24653054433211008,-0.7732938621598691,0.0009867250158547005,0.7949413668865419
1352,0.546637165682355,0.5466362861015455,0.0009686376073043297,4.40265780856025,2.475730902147439,1.6552354432350573,2.960101739190139,-1.0,-1.572179678966328,1.3026635364016108,0.2464618981974745,-0.7734332960419191,0.000987203505135387,0.795104201460593
1353,0.5466366154006185,0.546635735538551,0.0009687919985174806,4.402657809887076,2.4757303515642546,1.6552353835542295,2.960108382025444,-1.0,-1.5721801293748368,1.3027088055423728,0.2463932146561547,-0.7735728223477996,0.0009876825891210364,0.7952671421726697
1354,0.5466360644119761,0.5466351842682899,0.0009689465628959083,4.40265781121566,2.475729800273778,1.6552353238163988,2.9601150338681435,-1.0,-1.5721805803672764,1.3027540984095158,0.2463244936526979,-0.7737124412127102,0.000988162269064036,0.7954301891795342
1355,0.5466355127149304,0.5466346322892637,0.0009691013003567573,4.402657812546002,2.4757292482745115,1.6552352640214596,2.960121694732711,-1.0,-1.5721810319448875,1.3027994150370081,0.24625573513152263,-0.7738521527721652,0.0009886425462204448,0.7955933426383143
1356,0.5466349603079795,0.5466340795999701,0.0009692562117334825,4.402657813878107,2.4757286955649507,1.6552352041693092,2.9601283646336567,-1.0,-1.5721814841089141,1.3028447554588942,0.24618693903691824,-0.7739919571619931,0.0009891234218500913,0.7957566027065043
1357,0.5466344071896186,0.546633526198903,0.0009694112974008111,4.402657815211977,2.4757281421435913,1.6552351442598414,2.960135043585527,-1.0,-1.5721819368606038,1.3028901197092972,0.24611810531304457,-0.7741318545183385,0.0009896048972165535,0.7959199695419662
1358,0.5466338533583355,0.5466329720845504,0.0009695665575041222,4.402657816547614,2.47572758800892,1.6552350842929515,2.9601417316029024,-1.0,-1.5721823902012084,1.302935507822418,0.24604923390393146,-0.7742718449776631,0.0009900869735871788,0.7960834433029307
1359,0.5466332988126181,0.5466324172553984,0.0009697219926465631,4.402657817885024,2.4757270331594237,1.6552350242685339,2.9601484287004,-1.0,-1.5721828441319827,1.3029809198325355,0.24598032475347842,-0.7744119286767461,0.0009905696522329477,0.7962470241479987
1360,0.5466327435509453,0.5466318617099254,0.0009698776027439771,4.402657819224208,2.4757264775935797,1.655234964186482,2.9601551348926707,-1.0,-1.572183298654186,1.3030263557740072,0.2459113778054542,-0.7745521057526858,0.0009910529344287072,0.7964107122361426
1361,0.5466321875717931,0.5466313054466077,0.000970033388169975,4.402657820565168,2.4757259213098655,1.6552349040466912,2.9601618501944036,-1.0,-1.5721837537690806,1.3030718156812686,0.2458423930034962,-0.7746923763429003,0.0009915368214531706,0.7965745077267068
1362,0.5466316308736341,0.5466307484639154,0.0009701893495267001,4.40265782190791,2.4757253643067503,1.6552348438490543,2.960168574620323,-1.0,-1.572184209477933,1.303117299588835,0.24577337029111035,-0.7748327405851286,0.0009920213145886841,0.7967384107794097
1363,0.5466310734549357,0.5466301907603158,0.0009703454869581522,4.4026578232524365,2.4757248065827016,1.6552347835934655,2.960175308185188,-1.0,-1.5721846657820135,1.3031628075313004,0.2457043096116705,-0.7749731986174316,0.0009925064151214801,0.7969024215543441
1364,0.5466305153141591,0.5466296323342699,0.0009705018012945236,4.402657824598748,2.4757242481361805,1.6552347232798172,2.960182050903795,-1.0,-1.5721851226825965,1.3032083395433385,0.24563521090841806,-0.7751137505781934,0.000992992124341696,0.7970665402119792
1365,0.5466299564497628,0.5466290731842346,0.0009706582919928345,4.402657825946849,2.475723688965644,1.6552346629080021,2.9601888027909764,-1.0,-1.5721855801809592,1.3032538956597022,0.2455660741244615,-0.7752543966061219,0.0009934784435433356,0.7972307669131612
1366,0.5466293968602003,0.5466285133086631,0.0009708149603401182,4.402657827296743,2.4757231290695443,1.6552346024779139,2.960195563861601,-1.0,-1.5721860382783837,1.3032994759152245,0.24549689920277595,-0.77539513684025,0.000993965374024036,0.797395101819115
1367,0.54662883654392,0.5466279527060027,0.0009709718060216994,4.402657828648432,2.4757225684463293,1.6552345419894432,2.9602023341305745,-1.0,-1.5721864969761554,1.3033450803448192,0.24542768608620297,-0.7755359714199369,0.0009944529170856696,0.7975595450914447
1368,0.5466282754993658,0.5466273913746968,0.000971128829866239,4.402657830001921,2.4757220070944426,1.6552344814424835,2.9602091136128386,-1.0,-1.5721869562755637,1.3033907089834793,0.24535843471744972,-0.7756769004848686,0.0009949410740336838,0.7977240968921356
1369,0.5466277137249774,0.5466268293131847,0.0009712860315587193,4.402657831357213,2.475721445012323,1.6552344208369252,2.9602159023233723,-1.0,-1.5721874161779017,1.3034363618662799,0.245289145039089,-0.7758179241750597,0.000995429846177606,0.797888757383555
1370,0.5466271512191895,0.546626266519899,0.0009714434119270885,4.402657832714309,2.4757208821984036,1.6552343601726602,2.96022270027719,-1.0,-1.5721878766844668,1.3034820390283757,0.24521981699355838,-0.7759590426308536,0.0009959192348308497,0.7980535267284536
1371,0.5466265879804318,0.5466257029932702,0.0009716009715701248,4.402657834073213,2.4757203186511143,1.6552342994495797,2.960229507489346,-1.0,-1.5721883377965598,1.3035277405050034,0.24515045052316006,-0.7761002559929243,0.0009964092413107333,0.7982184050899666
1372,0.5466260240071296,0.546625138731721,0.0009717587101721285,4.402657835433929,2.4757197543688774,1.6552342386675742,2.9602363239749288,-1.0,-1.5721887995154857,1.303573466331481,0.24508104557006036,-0.776241564402277,0.000996899866938597,0.7983833926316148
1373,0.5466254592977035,0.5466245737336729,0.0009719166283313483,4.402657836796458,2.4757191893501154,1.6552341778265343,2.9602431497490658,-1.0,-1.5721892618425535,1.3036192165432081,0.24501160207628922,-0.7763829680002492,0.000997391113039725,0.7985484895173066
1374,0.5466248938505699,0.5466240079975402,0.0009720747266455447,4.402657838160806,2.4757186235932416,1.6552341169263507,2.9602499848269215,-1.0,-1.572189724779076,1.3036649911756661,0.24494211998373977,-0.7765244669285122,0.000997882980943307,0.7987136959113381
1375,0.5466243276641386,0.5466234415217324,0.0009722330054836032,4.402657839526977,2.475718057096666,1.6552340559669116,2.960256829223698,-1.0,-1.57219018832637,1.3037107902644194,0.24487259923416807,-0.7766660613290717,0.0009983754719826514,0.7988790119783952
1376,0.5466237607368162,0.5466228743046557,0.0009723914652140688,4.402657840894968,2.475717489858795,1.6552339949481087,2.960263682954633,-1.0,-1.5721906524857565,1.3037566138451135,0.24480303976919235,-0.7768077513442688,0.000998868587495069,0.7990444378835547
1377,0.546623193067004,0.5466223063447105,0.0009725501052918984,4.402657842264788,2.475716921878028,1.6552339338698299,2.9602705460350065,-1.0,-1.5721911172585599,1.3038024619534783,0.2447334415302928,-0.7769495371167818,0.000999362328821815,0.7992099737922852
1378,0.5466226246530995,0.5466217376402926,0.000972708927455049,4.402657843636439,2.4757163531527615,1.655233872731965,2.9602774184801315,-1.0,-1.572191582646109,1.3038483346253251,0.2446638044588111,-0.7770914187896264,0.0009998566973083017,0.799375619870449
1379,0.546622055493493,0.5466211681897927,0.0009728679309296319,4.402657845009924,2.4757157836813857,1.6552338115344016,2.9602843003053616,-1.0,-1.5721920486497372,1.30389423189655,0.24459412849594994,-0.7772333965061575,0.0010003516943038083,0.7995413762843027
1380,0.5466214855865721,0.5466205979915967,0.0009730271172241609,4.402657846385244,2.475715213462286,1.6552337502770291,2.9602911915260877,-1.0,-1.5721925152707807,1.3039401538031317,0.24452441358277247,-0.7773754704100698,0.001000847321161985,0.799707243200499
1381,0.5466209149307186,0.5466200270440857,0.0009731864853362737,4.402657847762407,2.475714642493845,1.655233688959735,2.96029809215774,-1.0,-1.5721929825105807,1.3039861003811326,0.24445465966020197,-0.7775176406453992,0.0010013435792404074,0.7998732207860878
1382,0.5466203435243099,0.5466194553456366,0.0009733460365454124,4.40265784914141,2.4757140707744387,1.6552336275824069,2.960305002215785,-1.0,-1.5721934503704822,1.3040320716667,0.24438486666902146,-0.7776599073565239,0.0010018404699006916,0.8000393092085174
1383,0.5466197713657179,0.5466188828946201,0.000973505771217727,4.40265785052226,2.4757134983024374,1.6552335661449327,2.96031192171573,-1.0,-1.5721939188518341,1.3040780676960646,0.24431503454987297,-0.7778022706881651,0.0010023379945086897,0.800205508635636
1384,0.5466191984533093,0.5466183096894025,0.0009736656890348735,4.40265785190496,2.4757129250762073,1.6552335046471989,2.96031885067312,-1.0,-1.5721943879559899,1.3041240885055427,0.24424516324325743,-0.7779447307853888,0.0010028361544344305,0.8003718192356926
1385,0.5466186247854468,0.5466177357283452,0.0009738257908186766,4.402657853289516,2.47571235109411,1.6552334430890927,2.9603257891035386,-1.0,-1.5721948576843068,1.3041701341315348,0.24417525268953394,-0.7780872877936066,0.0010033349510519846,0.8005382411773388
1386,0.5466180503604876,0.5466171610098047,0.0009739860773903168,4.402657854675923,2.4757117763545025,1.655233381470501,2.9603327370226076,-1.0,-1.572195328038146,1.3042162046105268,0.24410530282891948,-0.7782299418585764,0.0010038343857397354,0.8007047746296302
1387,0.5466174751767836,0.5466165855321323,0.0009741465482027038,4.402657856064193,2.475711200855735,1.6552333197913092,2.96033969444599,-1.0,-1.5721957990188735,1.3042622999790898,0.2440353136014883,-0.7783726931264041,0.0010043344598800882,0.8008714197620268
1388,0.5466168992326824,0.5466160092936749,0.000974307204304303,4.402657857454325,2.4757106245961555,1.6552332580514035,2.9603466613893854,-1.0,-1.5721962706278587,1.304308420273881,0.24396528494717162,-0.7785155417435448,0.0010048351748597809,0.8010381767443954
1389,0.5466163225265264,0.5466154322927734,0.0009744680458313333,4.4026578588463225,2.4757100475741036,1.6552331962506703,2.960353637868534,-1.0,-1.5721967428664758,1.3043545655316433,0.24389521680575701,-0.7786584878568031,0.0010053365320697287,0.8012050457470105
1390,0.546615745056652,0.5466148545277636,0.0009746290729198183,4.402657860240191,2.475709469787916,1.655233134388993,2.960360623899215,-1.0,-1.5721972157361028,1.3044007357892062,0.24382510911688807,-0.7788015316133357,0.001005838532905121,0.8013720269405551
1391,0.546615166821392,0.5466142759969776,0.0009747902866167339,4.402657861635929,2.475708891235924,1.655233072466258,2.960367619497248,-1.0,-1.5721976892381222,1.3044469310834854,0.24375496182006376,-0.7789446731606507,0.0010063411787654413,0.8015391204961232
1392,0.5466145878190726,0.5466136966987409,0.0009749516863740111,4.402657863033544,2.4757083119164536,1.6552330104823498,2.9603746246784914,-1.0,-1.5721981633739206,1.3044931514514835,0.24368477485463805,-0.7790879126466106,0.001006844471054311,0.8017063265852202
1393,0.5466140080480159,0.5466131166313742,0.0009751132730101069,4.402657864433038,2.4757077318278258,1.6552329484371517,2.9603816394588445,-1.0,-1.572198638144889,1.3045393969302905,0.24361454815981956,-0.7792312502194321,0.001007348411179743,0.8018736453797645
1394,0.5466134275065384,0.546612535793194,0.0009752750471151549,4.402657865834415,2.475707150968356,1.6552328863305488,2.960388663854245,-1.0,-1.572199113552422,1.3045856675570837,0.24354428167467088,-0.7793746860276877,0.0010078530005540435,0.802041077052089
1395,0.5466128461929519,0.5466119541825104,0.0009754370090511535,4.402657867237678,2.4757065693363547,1.6552328241624235,2.9603956978806716,-1.0,-1.5721995895979197,1.3046319633691277,0.2434739753381081,-0.7795182202203073,0.0010083582405938322,0.8022086217749425
1396,0.5466122641055622,0.5466113717976289,0.0009755991584969573,4.402657868642828,2.4757059869301274,1.6552327619326603,2.9604027415541436,-1.0,-1.5722000662827855,1.3046782844037752,0.2434036290889005,-0.7796618529465785,0.0010088641327201196,0.8023762797214906
1397,0.5466116812426716,0.5466107886368502,0.0009757614969520093,4.402657870049874,2.4757054037479747,1.6552326996411413,2.9604097948907198,-1.0,-1.5722005436084274,1.3047246306984674,0.24333324286566996,-0.7798055843561489,0.0010093706783582293,0.8025440510653178
1398,0.5466110976025749,0.546610204698469,0.0009759240238669432,4.402657871458815,2.4757048197881915,1.6552326372877502,2.9604168579064987,-1.0,-1.5722010215762579,1.304771002290734,0.24326281660689048,-0.7799494145990261,0.0010098778789378179,0.8027119359804283
1399,0.5466105131835626,0.5466096199807748,0.0009760867400575567,4.402657872869654,2.475704235049067,1.6552325748723684,2.9604239306176217,-1.0,-1.5722015001876937,1.3048173992181933,0.24319235025088767,-0.7800933438255798,0.0010103857358930881,0.8028799346412476
1400,0.5466099279839207,0.5466090344820524,0.0009762496456566539,4.402657874282395,2.475703649528885,1.655232512394878,2.9604310130402696,-1.0,-1.572201979444156,1.3048638215185528,0.2431218437358383,-0.7802373721865425,0.0010108942506624782,0.8030480472226239
1401,0.5466093420019292,0.5466084482005815,0.0009764127412516575,4.4026578756970425,2.475703063225927,1.6552324498551612,2.9604381051906645,-1.0,-1.57220245934707,1.3049102692296095,0.2430512969997698,-0.7803814998330107,0.0010114034246889144,0.8032162738998295
1402,0.5466087552358624,0.5466078611346349,0.0009765760269747456,4.402657877113601,2.4757024761384647,1.6552323872530983,2.96044520708507,-1.0,-1.572202939897866,1.30495674238925,0.2429807099805597,-0.7805257269164465,0.0010119132594197918,0.8033846148485622
1403,0.5466081676839911,0.5466072732824825,0.0009767395036398947,4.40265787853207,2.4757018882647683,1.6552323245885718,2.960452318739789,-1.0,-1.5722034210979783,1.3050032410354508,0.2429100826159353,-0.7806700535886782,0.0010124237563069352,0.8035530702449466
1404,0.5466075793445775,0.546606684642386,0.0009769031711512471,4.402657879952455,2.4757012996030987,1.655232261861461,2.960459440171168,-1.0,-1.5722039029488455,1.3050497652062791,0.24283941484347302,-0.7808144800019023,0.0010129349168067933,0.8037216402655356
1405,0.5466069902158814,0.5466060952126044,0.000977067030321923,4.402657881374763,2.4757007101517154,1.6552321990716468,2.9604665713955947,-1.0,-1.572204385451911,1.305096314939892,0.2427687066005979,-0.780959006308684,0.0010134467423801089,0.8038903250873121
1406,0.5466064002961566,0.5466055049913904,0.0009772310812827297,4.402657882798991,2.475700119908871,1.6552321362190097,2.9604737124294953,-1.0,-1.5722048686086223,1.3051428902745377,0.2426979578245833,-0.7811036326619586,0.0010139592344922486,0.8040591248876898
1407,0.5466058095836506,0.5466049139769901,0.0009773953246186343,4.402657884225147,2.475699528872812,1.6552320733034287,2.960480863289342,-1.0,-1.5722053524204316,1.305189491248556,0.2426271684525501,-0.781248359215033,0.0010144723946130282,0.8042280398445152
1408,0.5466052180766056,0.5466043221676453,0.0009775597602326715,4.402657885653232,2.475698937041779,1.655232010324783,2.9604880239916453,-1.0,-1.572205836888796,1.3052361179003777,0.24255633842146648,-0.7813931861215868,0.0010149862242170241,0.8043970701360686
1409,0.5466046257732586,0.5466037295615928,0.0009777243889362427,4.40265788708325,2.4756983444140093,1.655231947282952,2.9604951945529616,-1.0,-1.572206322015176,1.3052827702685257,0.24248546766814705,-0.7815381135356733,0.0010155007247831447,0.8045662159410661
1410,0.5466040326718417,0.5466031361570625,0.0009778892113130229,4.402657888515205,2.475697750987733,1.6552318841778144,2.9605023749898867,-1.0,-1.5722068078010383,1.3053294483916145,0.24241455612925272,-0.7816831416117209,0.0010160158977950199,0.8047354774386607
1411,0.5466034387705806,0.5466025419522803,0.0009780542274921253,4.402657889949101,2.475697156761176,1.6552318210092483,2.9605095653190587,-1.0,-1.5722072942478529,1.3053761523083514,0.24234360374129008,-0.7818282705045349,0.0010165317447408842,0.8049048548084433
1412,0.5466028440676963,0.5466019469454652,0.0009782194376024608,4.40265789138494,2.4756965617325566,1.6552317577771316,2.9605167655571596,-1.0,-1.5722077813570945,1.3054228820575362,0.2422726104406107,-0.7819735003692975,0.0010170482671134798,0.8050743482304453
1413,0.5466022485614032,0.5466013511348315,0.000978384841999688,4.4026578928227265,2.4756959659000897,1.6552316944813419,2.960523975720913,-1.0,-1.572208269130243,1.3054696376780617,0.24220157616341081,-0.7821188313615703,0.0010175654664104448,0.8052439578851389
1414,0.5466016522499112,0.5466007545185879,0.0009785504419467569,4.402657894262464,2.4756953692619836,1.6552316311217568,2.9605311958270857,-1.0,-1.5722087575687824,1.3055164192089137,0.2421305008457308,-0.782264263637295,0.0010180833441338082,0.8054136839534395
1415,0.5466010551314242,0.5466001570949378,0.0009787162368906591,4.402657895704157,2.4756947718164417,1.6552315676982527,2.960538425892487,-1.0,-1.5722092466742017,1.3055632266891724,0.24205938442345448,-0.7824097973527944,0.0010186019017904174,0.8055835266167065
1416,0.5466004572041403,0.5465995588620777,0.0009788822280933228,4.4026578971478045,2.47569417356166,1.655231504210707,2.960545665933969,-1.0,-1.5722097364479943,1.3056100601580107,0.2419882268323088,-0.7825554326647743,0.0010191211408918214,0.8057534860567453
1417,0.5465998584662518,0.5465989598181992,0.0009790484150013325,4.402657898593416,2.475693574495831,1.6552314406589952,2.9605529159684285,-1.0,-1.5722102268916582,1.305656919654697,0.24191702800786322,-0.7827011697303248,0.001019641062954291,0.8059235624558083
1418,0.5465992589159455,0.5465983599614886,0.0009792147984220773,4.402657900040992,2.4756929746171403,1.6552313770429932,2.960560176012804,-1.0,-1.5722107180066967,1.3057038052185934,0.24184578788552916,-0.7828470087069206,0.0010201616694987983,0.8060937559965968
1419,0.5465986585514035,0.5465977592901268,0.0009793813791622802,4.402657901490534,2.4756923739237684,1.6552313133625767,2.9605674460840783,-1.0,-1.5722112097946168,1.3057507168891571,0.24177450640055942,-0.7829929497524234,0.0010206829620510562,0.8062640668622624
1420,0.5465980573708008,0.5465971578022877,0.000979548157347954,4.402657902942051,2.4756917724138896,1.6552312496176207,2.9605747261992783,-1.0,-1.5722117022569313,1.3057976547059402,0.2417031834880478,-0.7831389930250826,0.001021204942141596,0.8064344952364084
1421,0.5465974553723075,0.5465965554961404,0.0009797151328782643,4.402657904395541,2.4756911700856734,1.6552311858080007,2.960582016375473,-1.0,-1.572212195395157,1.3058446187085904,0.24163181908292855,-0.7832851386835368,0.0010217276113058062,0.8066050413030916
1422,0.5465968525540875,0.5465959523698484,0.0009798823070119472,4.402657905851011,2.475690566937282,1.65523112193359,2.960589316629778,-1.0,-1.572212689210816,1.3058916089368515,0.24156041311997567,-0.783431386886815,0.0010222509710837576,0.8067757052468235
1423,0.5465962489142997,0.5465953484215688,0.0009800496796473707,4.402657907308464,2.4756899629668743,1.6552310579942635,2.960596626979351,-1.0,-1.5722131837054345,1.305938625430563,0.2414889655338025,-0.7835777377943383,0.001022775023020456,0.8069464872525718
1424,0.546595644451096,0.5465947436494535,0.000980217251135904,4.402657908767904,2.4756893581726,1.655230993989895,2.960603947441394,-1.0,-1.572213678880544,1.305985668229661,0.2414174762588612,-0.7837241915659204,0.0010232997686656284,0.8071173875057625
1425,0.5465950391626234,0.5465941380516481,0.0009803850220550425,4.402657910229333,2.475688752552606,1.6552309299203574,2.960611278033155,-1.0,-1.5722141747376812,1.306032737374178,0.24134594522944214,-0.78387074836177,0.0010238252095740533,0.8072884061922806
1426,0.5465944330470229,0.5465935316262925,0.0009805529929817643,4.402657911692756,2.475688146105032,1.655230865785524,2.9606186187719237,-1.0,-1.572214671278387,1.3060798329042442,0.24127437237967336,-0.784017408342491,0.001024351347305347,0.8074595434984726
1427,0.546593826102429,0.546592924371521,0.000980721163813302,4.402657913158177,2.4756875388280113,1.6552308015852673,2.9606259696750374,-1.0,-1.5722151685042074,1.306126954860087,0.24120275764352006,-0.7841641716690848,0.0010248781834240608,0.8076307996111473
1428,0.5465932183269712,0.5465923162854609,0.0009808895355786899,4.402657914625596,2.4756869307196725,1.6552307373194597,2.960633330759877,-1.0,-1.5722156664166935,1.3061741032820307,0.241131100954784,-0.784311038502951,0.0010254057194995449,0.8078021747175774
1429,0.5465926097187721,0.546591707366235,0.0009810581081744734,4.4026579160950225,2.475686321778137,1.6552306729879727,2.9606407020438685,-1.0,-1.572216165017401,1.3062212782104987,0.24105940224710298,-0.7844580090058892,0.0010259339571062206,0.8079736690055019
1430,0.5465920002759505,0.5465910976119602,0.0009812268821760245,4.402657917566454,2.475685712001523,1.6552306085906787,2.9606480835444833,-1.0,-1.5722166643078903,1.3062684796860122,0.24098766145395026,-0.7846050833400999,0.0010264628978235604,0.8081452826631269
1431,0.5465913899966164,0.546590487020746,0.0009813958583844496,4.4026579190399,2.4756851013879384,1.655230544127448,2.9606554752792387,-1.0,-1.5722171642897276,1.3063157077491916,0.24091587850863405,-0.7847522616681863,0.0010269925432358554,0.8083170158791269
1432,0.5465907788788752,0.5465898755906972,0.000981565036695319,4.402657920515361,2.4756844899354897,1.6552304795981523,2.960662877265696,-1.0,-1.5722176649644832,1.3063629624407556,0.24084405334429693,-0.7848995441531553,0.0010275228949324674,0.8084888688426475
1433,0.546590166920827,0.5465892633199122,0.000981734417908854,4.402657921992841,2.4756838776422736,1.6552304150026609,2.960670289521463,-1.0,-1.572218166333733,1.3064102438015228,0.2407721858939153,-0.7850469309584193,0.0010280539545078297,0.8086608417433059
1434,0.5465895541205639,0.5465886502064832,0.0009819040019200505,4.402657923472342,2.475683264506383,1.6552303503408452,2.960677712064194,-1.0,-1.5722186683990573,1.306457551872411,0.2407002760902987,-0.7851944222477969,0.0010285857235614846,0.8088329347711934
1435,0.5465889404761741,0.5465880362484964,0.0009820737897543405,4.402657924953871,2.475682650525904,1.6552302856125733,2.960685144911588,-1.0,-1.5722191711620421,1.3065048866944389,0.24062832386608948,-0.7853420181855152,0.0010291182036979295,0.8090051481168764
1436,0.5465883259857388,0.5465874214440322,0.0009822437815320852,4.4026579264374295,2.475682035698917,1.6552302208177163,2.960692588081391,-1.0,-1.5722196746242783,1.3065522483087244,0.2405563291537619,-0.78548971893621,0.0010296513965268293,0.8091774819713984
1437,0.5465877106473326,0.5465868057911643,0.0009824139778254754,4.4026579279230225,2.475681420023496,1.6552301559561418,2.9607000415913958,-1.0,-1.5722201787873613,1.3065996367564872,0.24048429188562193,-0.7856375246649286,0.0010301853036629592,0.809349936526281
1438,0.5465870944590244,0.5465861892879607,0.0009825843789801976,4.402657929410653,2.475680803497707,1.655230091027719,2.9607075054594403,-1.0,-1.5722206836528925,1.306647052079047,0.24041221199380636,-0.7857854355371301,0.0010307199267261262,0.8095225119735263
1439,0.546586477418877,0.5465855719324834,0.0009827549851156288,4.402657930900325,2.4756801861196145,1.6552300260323156,2.9607149797034102,-1.0,-1.5722211892224776,1.3066944943178258,0.24034008941028248,-0.7859334517186872,0.0010312552673415968,0.8096952085056184
1440,0.5465858595249472,0.5465849537227877,0.000982925797028641,4.402657932392044,2.4756795678872727,1.6552299609698002,2.960722464341237,-1.0,-1.5722216954977277,1.3067419635143467,0.24026792406684724,-0.7860815733758878,0.0010317913271395338,0.8098680263155246
1441,0.5465852407752849,0.5465843346569232,0.0009830968148378354,4.402657933885809,2.4756789487987305,1.6552298958400393,2.9607299593909,-1.0,-1.5722222024802595,1.3067894597102354,0.24019571589512698,-0.7862298006754359,0.0010323281077553846,0.8100409655966974
1442,0.5465846211679348,0.5465837147329328,0.0009832680395648948,4.402657935381628,2.475678328852031,1.6552298306429003,2.9607374648704248,-1.0,-1.5722227101716941,1.3068369829472195,0.24012346482657643,-0.7863781337844535,0.0010328656108297644,0.8102140265430762
1443,0.5465840007009342,0.5465830939488534,0.0009834394711017407,4.402657936879503,2.475677708045212,1.65522976537825,2.960744980797886,-1.0,-1.5722232185736589,1.3068845332671295,0.24005117079247854,-0.786526572870482,0.00103340383800869,0.8103872093490888
1444,0.5465833793723146,0.5465824723027155,0.0009836111102432172,4.402657938379438,2.475677086376303,1.6552297000459542,2.960752507191404,-1.0,-1.572223727687785,1.306932110711899,0.23997883372394366,-0.7866751181014833,0.0010339427909431907,0.8105605142096532
1445,0.5465827571801022,0.5465818497925438,0.000983782957106368,4.402657939881438,2.475676463843329,1.6552296346458792,2.9607600440691475,-1.0,-1.57222423751571,1.3069797153235652,0.23990645355190898,-0.7868237696458414,0.0010344824712899884,0.8107339413201794
1446,0.5465821341223148,0.5465812264163558,0.0009839550122593542,4.402657941385507,2.475675840444307,1.6552295691778907,2.9607675914493323,-1.0,-1.5722247480590763,1.3070273471442688,0.239834030207138,-0.7869725276723643,0.0010350228807107596,0.8109074908765707
1447,0.546581510196965,0.5465806021721624,0.0009841272760441814,4.402657942891646,2.4756752161772484,1.6552295036418532,2.9607751493502232,-1.0,-1.5722252593195318,1.3070750062162553,0.23976156362021991,-0.7871213923502847,0.00103556402087264,0.8110811630752254
1448,0.5465808854020601,0.54657997705797,0.0009842997490280704,4.40265794439986,2.4756745910401587,1.655229438037632,2.9607827177901322,-1.0,-1.5722257712987293,1.3071226925818737,0.2396890537215689,-0.787270363849262,0.0010361058934480504,0.8112549581130393
1449,0.5465802597355991,0.5465793510717771,0.0009844724313266167,4.402657945910155,2.475673965031037,1.6552293723650906,2.960790296787421,-1.0,-1.5722262839983272,1.3071704062835792,0.23961650044142369,-0.7874194423393834,0.001036648500114851,0.8114288761874066
1450,0.5465796331955755,0.5465787242115754,0.0009846453241827385,4.402657947422534,2.475673338147875,1.6552293066240933,2.9607978863604982,-1.0,-1.5722267974199893,1.3072181473639306,0.23954390370984674,-0.7875686279911659,0.001037191842556382,0.8116029174962218
1451,0.5465790057799758,0.5465780964753512,0.0009848184268091374,4.402657948936999,2.4756727103886584,1.655229240814504,2.9608054865278213,-1.0,-1.5722273115653846,1.3072659158655935,0.2394712634567239,-0.787717920975557,0.0010377359224613058,0.8117770822378818
1452,0.5465783774867801,0.5465774678610826,0.0009849917411240696,4.402657950453554,2.475672081751366,1.6552291749361852,2.960813097307897,-1.0,-1.572227826436188,1.3073137118313392,0.2393985796117636,-0.7878673214639371,0.001038280741523726,0.8119513706112871
1453,0.5465777483139629,0.5465768383667444,0.0009851652665650358,4.402657951972205,2.4756714522339722,1.6552291089889994,2.9608207187192823,-1.0,-1.5722283420340788,1.307361535304045,0.2393258521044963,-0.7880168296281203,0.0010388263014431665,0.8121257828158438
1454,0.5465771182594912,0.5465762079903016,0.0009853390036965383,4.402657953492955,2.4756708218344414,1.6552290429728098,2.9608283507805813,-1.0,-1.5722288583607427,1.3074093863266953,0.23925308086427388,-0.788166445640356,0.0010393726039247464,0.8123003190514655
1455,0.5465764873213258,0.5465755767297137,0.0009855129528572374,4.402657955015809,2.4756701905507335,1.6552289768874775,2.9608359935104485,-1.0,-1.5722293754178704,1.307457264942381,0.239180265820269,-0.788316169673331,0.0010399196506791224,0.8124749795185748
1456,0.5465758554974209,0.5465749445829347,0.000985687114835955,4.402657956540769,2.475669558380802,1.6552289107328644,2.960843646927587,-1.0,-1.5722298932071583,1.3075051711943007,0.23910740690147453,-0.78846600190017,0.0010404674434223136,0.8126497644181054
1457,0.5465752227857227,0.5465743115479096,0.0009858614904208185,4.402657958067838,2.4756689253225925,1.6552288445088312,2.9608513110507513,-1.0,-1.5722304117303083,1.3075531051257605,0.23903450403670287,-0.788615942494438,0.00104101598387609,0.8128246739515035
1458,0.5465745891841738,0.5465736776225791,0.000986036079273313,4.402657959597024,2.4756682913740455,1.6552287782152393,2.960858985898745,-1.0,-1.5722309309890279,1.3076010667801752,0.2389615571545853,-0.7887659916301415,0.001041565273767681,0.8129997083207298
1459,0.5465739546907072,0.5465730428048761,0.000986210881955622,4.402657961128327,2.4756676565330933,1.6552287118519482,2.9608666714904195,-1.0,-1.5722314509850295,1.3076490562010676,0.23888856618357154,-0.7889161494817301,0.001042115314829931,0.813174867728261
1460,0.5465733193032501,0.5465724070927267,0.0009863858994796101,4.402657962661753,2.4756670207976623,1.6552286454188183,2.960874367844681,-1.0,-1.572231971720032,1.3076970734320696,0.23881553105192876,-0.7890664162240976,0.0010426661088013382,0.8133501523770923
1461,0.5465726830197242,0.546571770484051,0.0009865611317309382,4.4026579641973065,2.4756663841656725,1.6552285789157084,2.960882074980482,-1.0,-1.5722324931957592,1.3077451185169222,0.23874245168774133,-0.7892167920325844,0.0010432176574260352,0.8135255624707385
1462,0.5465720458380426,0.5465711329767612,0.0009867365797203535,4.4026579657349885,2.475665746635036,1.6552285123424784,2.9608897929168276,-1.0,-1.5722330154139412,1.307793191499476,0.23866932801890992,-0.7893672770829785,0.0010437699624539446,0.813701098213236
1463,0.5465714077561122,0.5465704945687634,0.0009869122431078088,4.4026579672748065,2.4756651082036587,1.6552284456989859,2.960897521672774,-1.0,-1.5722335383763133,1.3078412924236922,0.23859615997315098,-0.789517871551517,0.001044323025640526,0.8138767598091448
1464,0.5465707687718337,0.5465698552579568,0.0009870881233529506,4.402657968816762,2.4756644688694402,1.6552283789850897,2.9609052612674267,-1.0,-1.5722340620846165,1.3078894213336414,0.23852294747799604,-0.7896685756148878,0.0010448768487470676,0.8140525474635503
1465,0.5465701288830997,0.5465692150422333,0.000987264219890062,4.402657970360861,2.475663828630272,1.655228312200647,2.960913011719944,-1.0,-1.5722345865405976,1.3079375782735059,0.23844969046079112,-0.7898193894502313,0.0010454314335404922,0.814228461382065
1466,0.5465694880877979,0.5465685739194793,0.0009874405341775067,4.402657971907106,2.47566318748404,1.655228245345516,2.9609207730495344,-1.0,-1.572235111746009,1.3079857632875782,0.23837638884869594,-0.789970313235142,0.0010459867817935707,0.8144045017708303
1467,0.5465688463838065,0.5465679318875721,0.0009876170658738347,4.402657973455503,2.475662545428622,1.655228178419553,2.9609285452754586,-1.0,-1.5722356377026088,1.308033976420263,0.23830304256868357,-0.7901213471476696,0.0010465428952849414,0.8145806688365189
1468,0.546568203768999,0.5465672889443843,0.0009877938157616384,4.402657975006053,2.4756619024618907,1.655228111422615,2.9609363284170285,-1.0,-1.5722361644121614,1.3080822177160771,0.23822965154753944,-0.7902724913663214,0.0010470997757988769,0.8147569627863357
1469,0.5465675602412405,0.5465666450877795,0.0009879707843980577,4.402657976558762,2.4756612585817086,1.6552280443545577,2.9609441224936086,-1.0,-1.572236691876436,1.308130487219649,0.23815621571186088,-0.7904237460700632,0.0010476574251257118,0.8149333838280206
1470,0.5465669157983907,0.5465660003156162,0.0009881479723396886,4.402657978113635,2.4756606137859354,1.6552279772152363,2.960951927524615,-1.0,-1.5722372200972088,1.3081787849757205,0.23808273498805638,-0.7905751114383213,0.0010482158450614734,0.8151099321698498
1471,0.5465662704382996,0.5465653546257444,0.0009883253796932466,4.402657979670674,2.47565996807242,1.6552279100045069,2.960959743529516,-1.0,-1.572237749076261,1.3082271110291457,0.2380092093023449,-0.7907265876509838,0.0010487750374081342,0.8152866080206381
1472,0.546565624158813,0.5465647080160073,0.0009885030070144797,4.402657981229886,2.475659321439006,1.6552278427222233,2.9609675705278327,-1.0,-1.5722382788153797,1.308275465424893,0.23793563858075537,-0.7908781748884027,0.0010493350039736313,0.8154634115897403
1473,0.5465649769577681,0.5465640604842416,0.000988680854858589,4.40265798279127,2.4756586738835296,1.6552277753682407,2.9609754085391375,-1.0,-1.5722388093163584,1.308323848208044,0.23786202274912582,-0.7910298733313952,0.0010498957465719053,0.8156403430870538
1474,0.5465643288329944,0.5465634120282763,0.0009888589237802294,4.402657984354836,2.4756580254038205,1.6552277079424123,2.960983257583058,-1.0,-1.5722393405809962,1.308372259423795,0.23778836173310278,-0.7911816831612453,0.0010504572670226673,0.8158174027230197
1475,0.5465636797823169,0.5465627626459338,0.0009890372143335087,4.402657985920586,2.475657375997701,1.6552276404445923,2.960991117679274,-1.0,-1.5722398726110982,1.308420699117457,0.23771465545814063,-0.7913336045597056,0.001051019567151729,0.8159945907086255
1476,0.546563029803549,0.5465621123350279,0.000989215726623055,4.402657987488522,2.475656725662984,1.6552275728746333,2.9609989888475163,-1.0,-1.5722404054084755,1.3084691673344557,0.23764090384950098,-0.7914856377089988,0.0010515826487910223,0.8161719072554063
1477,0.5465623788945015,0.546561461093368,0.0009893944612021223,4.40265798905865,2.475656074397479,1.6552275052323877,2.9610068711075717,-1.0,-1.572240938974945,1.3085176641203329,0.23756710683225182,-0.7916377827918197,0.0010521465137783076,0.8163493525754477
1478,0.546561727052975,0.5465608089187529,0.0009895734188477988,4.402657990630974,2.4756554221989857,1.655227437517708,2.96101476447928,-1.0,-1.57224147331233,1.3085661895207454,0.2374932643312669,-0.7917900399913366,0.001052711163957582,0.8165269268813865
1479,0.5465610742767634,0.5465601558089762,0.0009897525998877736,4.402657992205497,2.4756547690652964,1.655227369730446,2.9610226689825345,-1.0,-1.5722420084224595,1.308614743581467,0.2374193762712252,-0.7919424094911927,0.0010532766011789433,0.8167046303864138
1480,0.5465604205636555,0.5465595017618246,0.0009899320050979527,4.402657993782226,2.4756541149941977,1.6552273018704524,2.961030584637283,-1.0,-1.5722425443071684,1.308663326348388,0.23734544257661,-0.7920948914755084,0.0010538428272985126,0.8168824633042763
1481,0.5465597659114287,0.5465588467750754,0.0009901116343564796,4.402657995361164,2.475653459983468,1.6552272339375784,2.961038511463527,-1.0,-1.5722430809682981,1.3087119378675156,0.23727146317170833,-0.7922474861288825,0.001054409844178589,0.8170604258492786
1482,0.5465591103178562,0.5465581908464999,0.0009902914884383194,4.402657996942312,2.4756528040308776,1.655227165931674,2.961046449481323,-1.0,-1.5722436184076964,1.3087605781849747,0.23719743798061024,-0.7924001936363945,0.001054977653687689,0.8172385182362849
1483,0.5465584537807033,0.5465575339738626,0.0009904715681177225,4.40265799852568,2.4756521471341912,1.6552270978525903,2.9610543987107807,-1.0,-1.5722441566272165,1.3088092473470079,0.2371233669272081,-0.7925530141836052,0.0010555462577005268,0.8174167406807213
1484,0.546557796297726,0.5465568761549183,0.000990651873271662,4.402658000111269,2.475651489291164,1.6552270297001754,2.9610623591720655,-1.0,-1.5722446956287184,1.3088579453999765,0.2370492499351959,-0.7927059479565599,0.001056115658097995,0.8175950933985777
1485,0.5465571378666755,0.5465562173874171,0.000990832405121641,4.402658001699082,2.4756508304995446,1.6552269614742783,2.961070330885398,-1.0,-1.5722452354140677,1.3089066723903604,0.2369750869280686,-0.7928589951417888,0.0010566858567673202,0.8177735766064096
1486,0.546556478485293,0.5465555576690991,0.000991013163543769,4.402658003289125,2.4756501707570746,1.6552268931747482,2.9610783138710546,-1.0,-1.572245775985137,1.3089554283647584,0.23690087782912117,-0.7930121559263092,0.0010572568556019072,0.8179521905213405
1487,0.5465558181513147,0.5465548969976992,0.0009911941488621248,4.402658004881405,2.475649510061488,1.6552268248014337,2.9610863081493664,-1.0,-1.5722463173438044,1.3090042133698891,0.23682662256144818,-0.7931654304976278,0.0010578286565016306,0.8181309353610636
1488,0.5465551568624675,0.546554235370943,0.0009913753631922051,4.402658006475922,2.4756488484105104,1.6552267563541805,2.961094313740719,-1.0,-1.5722468594919545,1.3090530274525916,0.23675232104794308,-0.7933188190437416,0.0010584012613724272,0.818309811343844
1489,0.5465544946164713,0.5465535727865494,0.0009915568050648373,4.40265800807268,2.4756481858018606,1.6552266878328379,2.961102330665554,-1.0,-1.5722474024314785,1.3091018706598243,0.23667797321129716,-0.7934723217531401,0.001058974672126917,0.8184888186885209
1490,0.5465538314110373,0.546552909242229,0.0009917384752507097,4.402658009671685,2.475647522233249,1.6552266192372513,2.961110358944372,-1.0,-1.5722479461642738,1.3091507430386675,0.23660357897399917,-0.793625938814807,0.0010595488906838398,0.8186679576145091
1491,0.5465531672438705,0.5465522447356848,0.0009919203751913488,4.402658011272945,2.475646857702379,1.6552265505672668,2.961118398597727,-1.0,-1.572248490692244,1.3091996446363225,0.23652913825833438,-0.793779670418222,0.0010601239189686003,0.8188472283418017
1492,0.5465525021126686,0.5465515792646132,0.0009921025052080038,4.402658012876458,2.4756461922069466,1.6552264818227314,2.9611264496462297,-1.0,-1.5722490360172994,1.309248575500112,0.236454650986384,-0.7939335167533621,0.0010606997589127616,0.8190266310909722
1493,0.5465518360151189,0.5465509128267015,0.0009922848651739862,4.402658014482231,2.475645525744639,1.6552264130034893,2.9611345121105477,-1.0,-1.5722495821413562,1.309297535677481,0.23638011708002438,-0.7940874780107046,0.0010612764124546482,0.8192061660831756
1494,0.546551168948904,0.5465502454196299,0.00099246745585746,4.40265801609027,2.475644858313137,1.6552263441093857,2.9611425860114062,-1.0,-1.5722501290663378,1.3093465252159973,0.2363055364609262,-0.7942415543812272,0.0010618538815389184,0.8193858335401522
1495,0.5465505009116967,0.5465495770410707,0.0009926502778021752,4.402658017700578,2.475644189910111,1.6552262751402644,2.961150671369586,-1.0,-1.5722506767941733,1.3093955441633516,0.23623090905055388,-0.7943957460564115,0.0010624321681168365,0.8195656336842279
1496,0.546549831901163,0.5465489076886886,0.000992833331774967,4.402658019313157,2.475643520533228,1.6552262060959708,2.9611587682059266,-1.0,-1.5722512253267988,1.3094445925673577,0.23615623477016462,-0.7945500532282435,0.0010630112741460585,0.8197455667383174
1497,0.5465491619149608,0.5465482373601398,0.0009930166180947308,4.402658020928015,2.475642850180142,1.6552261369763468,2.9611668765413244,-1.0,-1.5722517746661568,1.309493670475954,0.236081513540808,-0.7947044760892161,0.0010635912015910605,0.8199256329259264
1498,0.54654849095074,0.5465475660530735,0.0009932001370799633,4.402658022545155,2.4756421788485032,1.6552260677812352,2.9611749963967333,-1.0,-1.5722523248141964,1.309542777937203,0.23600674528332488,-0.7948590148323309,0.0010641719524227295,0.8201058324711528
1499,0.5465478190061417,0.5465468937651297,0.0009933838894958104,4.402658024164581,2.4756415065359514,1.6552259985104798,2.9611831277931655,-1.0,-1.5722528757728733,1.3095919149992914,0.23593192991834674,-0.7950136696510997,0.0010647535286187533,0.8202861655986899
1500,0.5465471460788008,0.5465462204939419,0.0009935678756597226,4.4026580257863,2.47564083324012,1.6552259291639217,2.9611912707516916,-1.0,-1.5722534275441495,1.3096410817105317,0.23585706736629516,-0.7951684407395465,0.0010653359321633666,0.820466632533828
1501,0.5465464721663432,0.5465455462371346,0.0009937520963356323,4.402658027410312,2.475640158958633,1.6552258597414018,2.9611994252934384,-1.0,-1.5722539801299942,1.3096902781193622,0.2357821575473808,-0.7953233282922099,0.0010659191650477407,0.8206472335024565
1502,0.5465457972663865,0.5465448709923244,0.0009939365516165423,4.402658029036625,2.4756394836891085,1.6552257902427623,2.961207591439595,-1.0,-1.5722545335323828,1.3097395042743467,0.23570720038160253,-0.7954783325041436,0.0010665032292694388,0.8208279687310667
1503,0.5465451213765415,0.5465441947571208,0.0009941212427120088,4.402658030665244,2.4756388074291538,1.6552257206678427,2.9612157692114063,-1.0,-1.5722550877532975,1.309788760224176,0.23563219578874706,-0.7956334535709199,0.0010670881268329798,0.821008838446753
1504,0.5465444444944085,0.5465435175291232,0.0009943061692673089,4.40265803229617,2.4756381301763692,1.655225651016484,2.961223958630176,-1.0,-1.5722556427947274,1.309838046017668,0.23555714368838787,-0.7957886916886304,0.0010676738597495852,0.8211898428772161
1505,0.5465437666175823,0.5465428393059248,0.0009944913324907382,4.402658033929409,2.4756374519283475,1.6552255812885246,2.96123215971727,-1.0,-1.5722561986586683,1.3098873617037678,0.23548204399988457,-0.7959440470538887,0.001068260430037413,0.8213709822507643
1506,0.5465430877436486,0.5465421600851101,0.0009946767326965925,4.402658035564968,2.4756367726826736,1.6552255114838046,2.9612403724941103,-1.0,-1.5722567553471227,1.3099367073315487,0.23540689664238199,-0.7960995198638313,0.0010688478397214015,0.8215522567963165
1507,0.5465424078701839,0.5465414798642547,0.0009948623704219553,4.402658037202847,2.4756360924369227,1.6552254416021615,2.961248596982181,-1.0,-1.5722573128621002,1.309986082950212,0.23533170153480953,-0.7962551103161206,0.001069436090833348,0.8217336667434039
1508,0.5465417269947577,0.5465407986409265,0.0009950482464264891,4.402658038843056,2.4756354111886627,1.655225371643434,2.961256833203025,-1.0,-1.5722578712056168,1.3100354886090884,0.23525645859588032,-0.796410818608946,0.001070025185411966,0.8219152123221725
1509,0.5465410451149307,0.5465401164126851,0.0009952343603535788,4.402658040485596,2.4756347289354528,1.6552253016074594,2.961265081178245,-1.0,-1.5722584303796958,1.3100849243576376,0.2351811677440904,-0.7965666449410265,0.001070615125502983,0.8220968937633851
1510,0.5465403622282557,0.5465394331770815,0.0009954207138543002,4.40265804213047,2.4756340456748447,1.6552252314940747,2.961273340929504,-1.0,-1.572258990386367,1.310134390245449,0.23510582889771803,-0.7967225895116118,0.0010712059131589265,0.8222787112984241
1511,0.5465396783322758,0.5465387489316585,0.000995607306794126,4.402658043777688,2.4756333614043804,1.6552251613031168,2.961281612478527,-1.0,-1.5722595512276678,1.3101838863222426,0.23503044197482278,-0.7968786525204851,0.001071797550439513,0.822460665159293
1512,0.5465389934245278,0.546538063673951,0.0009957941399303875,4.40265804542725,2.4756326761215948,1.6552250910344213,2.961289895847098,-1.0,-1.5722601129056417,1.310233412637869,0.23495500689324483,-0.7970348341679644,0.0010723900394112975,0.8226427555786191
1513,0.5465383075025384,0.5465373774014852,0.0009959812135737925,4.4026580470791625,2.4756319898240142,1.6552250206878227,2.961298191057063,-1.0,-1.5722606754223398,1.31028296924231,0.23487952357060407,-0.797191134654905,0.0010729833821481406,0.822824982789656
1514,0.5465376205638263,0.5465366901117772,0.0009961685287033376,4.402658048733429,2.4756313025091545,1.655224950263158,2.961306498130329,-1.0,-1.5722612387798203,1.3103325561856787,0.2348039919242992,-0.7973475541827006,0.0010735775807308196,0.8230073470262856
1515,0.5465369326059023,0.5465360018023376,0.0009963560854056815,4.402658050390055,2.475630614174526,1.6552248797602607,2.961314817088865,-1.0,-1.572261802980148,1.3103821735182208,0.2347284118715073,-0.7975040929532866,0.0010741726372472226,0.8231898485230205
1516,0.5465362436262676,0.5465353124706663,0.0009965438844356856,4.402658052049045,2.4756299248176292,1.6552248091789645,2.9613231479547006,-1.0,-1.5722623680253953,1.3104318212903148,0.23465278332918268,-0.797660751169141,0.0010747685537924074,0.8233724875150058
1517,0.5465355536224158,0.5465346221142553,0.0009967319263246939,4.402658053710406,2.4756292344359556,1.6552247385191032,2.9613314907499295,-1.0,-1.5722629339176413,1.3104814995524716,0.23457710621405609,-0.7978175290332866,0.0010753653324687364,0.8235552642380225
1518,0.5465348625918313,0.5465339307305878,0.0009969202111580107,4.402658055374137,2.475628543026988,1.6552246677805094,2.961339845496704,-1.0,-1.5722635006589725,1.3105312083553364,0.2345013804426341,-0.7979744267492934,0.0010759629753856056,0.8237381789284891
1519,0.5465341705319902,0.5465332383171383,0.0009971087405795177,4.40265805704025,2.475627850588201,1.6552245969630157,2.9613482122172416,-1.0,-1.5722640682514823,1.310580947749688,0.234425605931198,-0.7981314445212803,0.0010765614846598912,0.8239212318234641
1520,0.5465334774403593,0.5465325448713729,0.0009972975142278578,4.4026580587087425,2.475627157117061,1.6552245260664549,2.9613565909338213,-1.0,-1.5722646366972721,1.3106307177864398,0.2343497825958032,-0.7982885825539169,0.0010771608624155608,0.8241044231606485
1521,0.5465327833143974,0.5465318503907487,0.0009974865328547884,4.402658060379623,2.4756264626110247,1.6552244550906565,2.961364981668786,-1.0,-1.5722652059984497,1.310680518516641,0.2342739103522783,-0.7984458410524262,0.001077761110783926,0.8242877531783876
1522,0.5465320881515546,0.5465311548727146,0.0009976757969887549,4.402658062052896,2.475625767067541,1.6552243840354526,2.9613733844445416,-1.0,-1.5722657761571304,1.3107303499914755,0.23419798911622414,-0.7986032202225861,0.001078362231903682,0.8244712221156745
1523,0.5465313919492715,0.5465304583147101,0.000997865307380141,4.402658063728566,2.475625070484049,1.6552243129006732,2.9613817992835565,-1.0,-1.5722663471754368,1.3107802122622636,0.2341220188030132,-0.7987607202707316,0.001078964227920887,0.8246548302121512
1524,0.5465306947049795,0.5465297607141649,0.0009980550643336234,4.402658065406639,2.475624372857978,1.6552242416861482,2.961390226208363,-1.0,-1.5722669190554994,1.310830105380462,0.2340459993277886,-0.798918341403757,0.0010795671009890015,0.8248385777081123
1525,0.5465299964161028,0.5465290620685026,0.0009982450685983347,4.402658067087119,2.4756236741867528,1.655224170391706,2.961398665241557,-1.0,-1.5722674917994555,1.3108800293976648,0.23396993060546328,-0.7990760838291174,0.0010801708532690638,0.8250224648445061
1526,0.5465292970800558,0.546528362375135,0.0009984353204778688,4.40265806877001,2.4756229744677842,1.6552240990171763,2.961407116405799,-1.0,-1.5722680654094499,1.310929984365603,0.2338938125507191,-0.7992339477548318,0.001080775486929378,0.8252064918629385
1527,0.5465285966942428,0.5465276616314666,0.0009986258207201049,4.402658070455317,2.4756222736984768,1.655224027562387,2.9614155797238144,-1.0,-1.5722686398876349,1.3109799703361462,0.23381764507800606,-0.7993919333894843,0.001081381004145865,0.8253906590056739
1528,0.546527895256061,0.5465269598348917,0.0009988165702944733,4.402658072143044,2.4756215718762244,1.655223956027165,2.9614240552183917,-1.0,-1.5722692152361704,1.3110299873613025,0.23374142810154144,-0.7995500409422266,0.0010819874071019255,0.8255749665156387
1529,0.5465271927628974,0.5465262569827973,0.000999007569058153,4.402658073833198,2.4756208689984147,1.655223884411339,2.9614325429123856,-1.0,-1.5722697914572237,1.3110800354932188,0.23366516153530884,-0.7997082706227798,0.0010825946979886925,0.8257594146364235
1530,0.5465264892121292,0.5465255530725591,0.0009991988177571352,4.402658075525784,2.4756201650624226,1.6552238127147336,2.9614410428287146,-1.0,-1.5722703685529698,1.311130114784182,0.23358884529305743,-0.7998666226414373,0.0010832028790048187,0.8259440036122856
1531,0.5465257846011274,0.5465248481015458,0.0009993903173588338,4.402658077220805,2.4756194600656167,1.6552237409371762,2.961449554990364,-1.0,-1.5722709465255909,1.3111802252866185,0.233512479288301,-0.8000250972090656,0.0010838119523565726,0.8261287336881514
1532,0.5465250789272499,0.5465241420671147,0.0009995820677190456,4.402658078918265,2.475618754005355,1.6552236690784912,2.9614580794203826,-1.0,-1.5722715253772774,1.3112303670530958,0.2334360634343171,-0.8001836945371078,0.001084421920257897,0.8263136051096189
1533,0.5465243721878484,0.5465234349666163,0.0009997740700260574,4.402658080618171,2.475618046878987,1.6552235971385043,2.9614666161418874,-1.0,-1.5722721051102269,1.3112805401363223,0.23335959764414616,-0.800342414837585,0.001085032784930448,0.8264986181229602
1534,0.5465236643802643,0.5465227267973903,0.0009999663245788455,4.40265808232053,2.475617338683853,1.655223525117039,2.961475165178061,-1.0,-1.5722726857266447,1.3113307445891484,0.2332830818305906,-0.8005012583230986,0.001085644548603712,0.8266837729751242
1535,0.5465229555018297,0.5465220175567671,0.001000158832341994,4.402658084025343,2.4756166294172828,1.6552234530139198,2.9614837265521508,-1.0,-1.5722732672287443,1.311380980464566,0.23320651590621394,-0.8006602252068324,0.001086257213514985,0.826869069913739
1536,0.5465222455498672,0.5465213072420687,0.0010003515933912862,4.402658085732615,2.4756159190765983,1.6552233808289696,2.9614923002874716,-1.0,-1.5722738496187463,1.3114312478157102,0.23312989978333995,-0.8008193157025552,0.001086870781909238,0.8270545091871143
1537,0.5465215345216896,0.5465205958506066,0.0010005446084680257,4.402658087442354,2.4756152076591116,1.6552233085620116,2.961500886407406,-1.0,-1.5722744328988796,1.3114815466958591,0.23305323337405162,-0.8009785300246222,0.0010874852560393692,0.8272400910442445
1538,0.5465208224146018,0.5465198833796834,0.0010007378783127511,4.4026580891545635,2.4756144951621244,1.6552232362128663,2.961509484935402,-1.0,-1.5722750170713806,1.3115318771584352,0.23297651659019053,-0.801137868387978,0.001088100638166203,0.8274258157348104
1539,0.5465201092258982,0.5465191698265929,0.0010009314032215593,4.402658090869247,2.475613781582931,1.6552231637813564,2.9615180958949763,-1.0,-1.5722756021384938,1.3115822392570042,0.23289974934335553,-0.8012973310081584,0.0010887169305583947,0.827611683509183
1540,0.5465193949528641,0.546518455188618,0.0010011251839337134,4.402658092586411,2.4756130669188137,1.6552230912673034,2.961526719309713,-1.0,-1.5722761881024716,1.3116326330452772,0.23282293154490213,-0.8014569181012926,0.0010893341354926613,0.8277976946184247
1541,0.5465186795927739,0.5465177394630334,0.0010013192209659563,4.40265809430606,2.475612351167047,1.6552230186705261,2.9615353552032633,-1.0,-1.572276774965574,1.311683058577111,0.23274606310594165,-0.8016166298841059,0.0010899522552537063,0.8279838493142928
1542,0.5465179631428946,0.5465170226471036,0.001001513514834434,4.402658096028202,2.4756116343248955,1.6552229459908452,2.961544003599348,-1.0,-1.572277362730069,1.3117335159065078,0.23266914393733998,-0.8017764665739211,0.00109057129213414,0.8281701478492421
1543,0.5465172456004826,0.5465163047380834,0.0010017080664980272,4.402658097752838,2.4756109163896145,1.6552228732280798,2.9615526645217547,-1.0,-1.5722779513982332,1.3117840050876162,0.23259217394971693,-0.8019364283886614,0.0010911912484348886,0.8283565904764274
1544,0.5465165269627837,0.5465155857332175,0.0010019028764714265,4.402658099479972,2.4756101973584483,1.6552228003820486,2.9615613379943406,-1.0,-1.572278540972351,1.311834526174732,0.23251515305344517,-0.8020965155468528,0.0010918121264647468,0.8285431774497058
1545,0.5465158072270345,0.5465148656297414,0.0010020979450471438,4.402658101209615,2.4756094772286317,1.65522272745257,2.9615700240410323,-1.0,-1.5722791314547147,1.3118850792222987,0.2324380811586494,-0.8022567282676256,0.0010924339285406505,0.82872990902364
1546,0.5465150863904624,0.5465141444248809,0.0010022932729603364,4.402658102941766,2.475608755997391,1.6552226544394604,2.961578722685825,-1.0,-1.5722797228476242,1.3119356642849076,0.23236095817520525,-0.8024170667707177,0.0010930566569880252,0.8289167854535002
1547,0.5465143644502856,0.5465134221158525,0.0010024888607238942,4.402658104676435,2.4756080336619424,1.6552225813425374,2.961587433952783,-1.0,-1.5722803151533886,1.311986281417299,0.23228378401273853,-0.8025775312764757,0.0010936803141400686,0.8291038069952679
1548,0.5465136414037103,0.5465126986998616,0.0010026847088501051,4.402658106413624,2.475607310219491,1.6552225081616179,2.9615961578660404,-1.0,-1.5722809083743245,1.3120369306743616,0.2322065585806241,-0.8027381220058584,0.0010943049023386824,0.8292909739056373
1549,0.5465129172479349,0.5465119741741048,0.0010028808187362817,4.40265810815334,2.475606585667234,1.655222434896516,2.961604894449802,-1.0,-1.572281502512757,1.312087612111135,0.23212928178798517,-0.8028988391804386,0.0010949304239337536,0.8294782864420192
1550,0.546512191980147,0.5465112485357677,0.0010030771900075318,4.4026581098955875,2.475605860002356,1.6552223615470485,2.961613643728343,-1.0,-1.5722820975710194,1.312138325782808,0.23205195354369193,-0.803059683022405,0.0010955568812834847,0.8296657448625427
1551,0.5465114655975231,0.5465105217820265,0.001003273823838293,4.4026581116403705,2.4756051332220332,1.6552222881130287,2.9616224057260077,-1.0,-1.5722826935514533,1.3121890717447215,0.23197457375636102,-0.8032206537545655,0.0010961842767546657,0.8298533494260587
1552,0.546510738097232,0.5465097939100477,0.0010034707200742166,4.402658113387695,2.475604405323433,1.6552222145942714,2.9616311804672133,-1.0,-1.5722832904564086,1.3122398500523667,0.2318971423343543,-0.8033817516003486,0.0010968126127224218,0.8300411003921422
1553,0.5465100094764306,0.5465090649169869,0.0010036678801095017,4.402658115137567,2.47560367630371,1.6552221409905896,2.9616399679764465,-1.0,-1.5722838882882437,1.3122906607613873,0.23181965918577802,-0.8035429767838065,0.0010974418915702519,0.8302289980210953
1554,0.5465092797322667,0.5465083347999906,0.001003865304673476,4.402658116889991,2.4756029461600106,1.6552220673017952,2.961648768278267,-1.0,-1.572284487049325,1.31234150392758,0.23174212421848173,-0.8037043295296169,0.0010980721156900095,0.8304170425739499
1555,0.5465085488618774,0.5465076035561945,0.0010040629936100998,4.402658118644972,2.475602214889471,1.6552219935277015,2.9616575813973047,-1.0,-1.5722850867420282,1.3123923796068941,0.23166453734005737,-0.8038658100630857,0.0010987032874824462,0.8306052343124707
1556,0.5465078168623894,0.5465068711827241,0.0010042609478687608,4.402658120402517,2.475601482489216,1.6552219196681193,2.961666407358262,-1.0,-1.5722856873687365,1.3124432878554326,0.2315868984578383,-0.8040274186101495,0.001099335409356513,0.8307935734991575
1557,0.5465070837309195,0.546506137676694,0.0010044591686189468,4.402658122162628,2.47560074895636,1.6552218457228602,2.961675246185913,-1.0,-1.5722862889318423,1.3124942287294532,0.23150920747889828,-0.8041891553973778,0.0010999684837299426,0.8309820603972486
1558,0.546506349464574,0.546505403035209,0.0010046576559239353,4.402658123925313,2.475600014288008,1.6552217716917335,2.9616840979051062,-1.0,-1.5722868914337467,1.3125452022853685,0.23143146431005046,-0.8043510206519755,0.001100602513029055,0.8311706952707233
1559,0.5465056140604493,0.5465046672553651,0.0010048564102886851,4.402658125690576,2.475599278481256,1.6552216975745495,2.961692962540761,-1.0,-1.5722874948768586,1.3125962085797465,0.23135366885784645,-0.8045130146017854,0.0011012374996889527,0.8313594783843046
1560,0.5465048775156298,0.5465039303342449,0.0010050554324384704,4.402658127458425,2.475598541533187,1.655221623371117,2.9617018401178714,-1.0,-1.5722880992635964,1.3126472476693112,0.23127582102857513,-0.8046751374752904,0.0011018734461532861,0.8315484100034622
1561,0.5465041398271928,0.5465031922689231,0.0010052547233186607,4.402658129228861,2.4755978034408743,1.6552215490812443,2.9617107306615025,-1.0,-1.5722887045963867,1.3126983196109432,0.23119792072826198,-0.8048373895016163,0.0011025103548746049,0.8317374903944161
1562,0.5465034009922012,0.5465024530564616,0.001005454283211142,4.4026581310018935,2.4755970642013807,1.65522147470474,2.9617196341967955,-1.0,-1.5722893108776652,1.3127494244616806,0.2311199678626677,-0.804999770910534,0.001103148228314201,0.8319267198241383
1563,0.5465026610077099,0.5465017126939147,0.0010056541130597488,4.402658132777525,2.4755963238117595,1.6552214002414096,2.961728550748964,-1.0,-1.572289918109876,1.3128005622787198,0.23104196233728747,-0.8051622819324622,0.0011037870689422267,0.8321160985603563
1564,0.5465019198707622,0.5465009711783234,0.0010058542133658437,4.40265813455576,2.4755955822690527,1.6552213256910615,2.961737480343298,-1.0,-1.572290526295472,1.3128517331194145,0.2309639040573497,-0.8053249227984695,0.0011044268792376542,0.8323056268715561
1565,0.5465011775783909,0.5465002285067191,0.0010060545844094648,4.402658136336608,2.4755948395702907,1.6552212510535007,2.9617464230051596,-1.0,-1.5722911354369156,1.3129029370412784,0.23088579292781522,-0.8054876937402775,0.0011050676616884323,0.8324953050269848
1566,0.5465004341276184,0.5464994846761227,0.001006255227352866,4.402658138120071,2.475594095712495,1.6552211763285323,2.961755378759986,-1.0,-1.5722917455366772,1.3129541741019846,0.23080762885337616,-0.8056505949902629,0.0011057094187916026,0.832685133296654
1567,0.5464996895154561,0.5464987396835439,0.0010064561422540536,4.4026581399061575,2.475593350692675,1.6552211015159612,2.961764347633292,-1.0,-1.5722923565972367,1.3130054443593666,0.2307294117384548,-0.8058136267814601,0.0011063521530529496,0.8328751119513423
1568,0.546498943738904,0.5464979935259816,0.0010066573307147995,4.402658141694868,2.475592604507829,1.6552210266155913,2.9617733296506645,-1.0,-1.572292968621083,1.3130567478714188,0.23065114148720267,-0.8059767893475638,0.0011069958669875056,0.8330652412625986
1569,0.5464981967949526,0.5464972462004244,0.0010068587921300536,4.402658143486214,2.475591857154946,1.6552209516272263,2.9617823248377695,-1.0,-1.5722935816107135,1.313108084696297,0.23057281800349944,-0.8061400829229316,0.0011076405631193962,0.8332555215027448
1570,0.5464974486805798,0.5464964977038494,0.0010070605283203943,4.4026581452801965,2.4755911086310025,1.655220876550668,2.9617913332203467,-1.0,-1.5722941955686354,1.3131594548923196,0.23049444119095186,-0.8063035077425865,0.0011082862439817619,0.8334459529448791
1571,0.546496699392755,0.5464957480332231,0.0010072625391207243,4.402658147076824,2.4755903589329655,1.6552208013857195,2.9618003548242133,-1.0,-1.5722948104973644,1.3132108585179667,0.2304160109528927,-0.8064670640422195,0.0011089329121168744,0.8336365358628789
1572,0.5464959489284341,0.5464949971855007,0.001007464825467851,4.402658148876099,2.4755896080577893,1.6552207261321812,2.961809389675262,-1.0,-1.5722954263994258,1.313262295631883,0.23033752719237988,-0.806630752058192,0.001109580570076526,0.8338272705314037
1573,0.5464951972845622,0.5464942451576261,0.0010076673882976046,4.40265815067803,2.475588856002419,1.6552206507898553,2.9618184377994643,-1.0,-1.5722960432773538,1.3133137662928762,0.23025898981219498,-0.8067945720275389,0.001110229220421407,0.8340181572258986
1574,0.5464944444580755,0.5464934919465334,0.0010078702281042138,4.402658152482619,2.475588102763787,1.65522057535854,2.9618274992228666,-1.0,-1.572296661133692,1.3133652705599197,0.23018039871484258,-0.8069585241879708,0.0011108788657217283,0.8342091962225965
1575,0.5464936904458965,0.5464927375491436,0.001008073344940749,4.402658154289876,2.4755873483388156,1.6552204998380362,2.9618365739715955,-1.0,-1.572297279970993,1.3134168084921511,0.23010175380254894,-0.8071226087778764,0.0011115295085569875,0.8344003877985222
1576,0.5464929352449381,0.5464919819623679,0.0010082767401813418,4.402658156099805,2.475586592724415,1.6552204242281419,2.9618456620718545,-1.0,-1.5722978997918189,1.3134683801488747,0.230023054977261,-0.8072868260363262,0.0011121811515160862,0.8345917322314949
1577,0.5464921788521014,0.546491225183106,0.0010084804140978966,4.402658157912409,2.475585835917485,1.6552203485286558,2.961854763549924,-1.0,-1.5722985205987414,1.313519985589561,0.2299443021406453,-0.8074511762030737,0.001112833797197368,0.8347832298001311
1578,0.5464914212642757,0.5464904672082459,0.0010086843674021347,4.4026581597276975,2.4755850779149133,1.6552202727393748,2.9618638784321645,-1.0,-1.572299142394341,1.3135716248738478,0.22986549519408683,-0.8076156595185595,0.0011134874482086577,0.8349748807838484
1579,0.5464906624783404,0.5464897080346646,0.0010088886010250575,4.402658161545672,2.4755843187135778,1.6552201968600957,2.9618730067450145,-1.0,-1.5722997651812087,1.3136232980615408,0.229786634038688,-0.8077802762239129,0.001114142107167223,0.8351666854628683
1580,0.5464899024911615,0.5464889476592271,0.001009093115456593,4.402658163366343,2.475583558310342,1.6552201208906145,2.9618821485149938,-1.0,-1.5723003889619436,1.313675005212614,0.22970771857526737,-0.807945026560955,0.0011147977767001238,0.8353586441182193
1581,0.5464891412995948,0.5464881860787877,0.0010092979114060365,4.402658165189711,2.475582796702061,1.6552200448307266,2.9618913037686974,-1.0,-1.5723010137391555,1.3137267463872109,0.22962874870435884,-0.8081099107722018,0.0011154544594437843,0.8355507570317399
1582,0.5464883789004843,0.5464874232901886,0.0010095029895818724,4.402658167015787,2.4755820338855763,1.6552199686802278,2.961900472532805,-1.0,-1.5723016395154634,1.3137785216456441,0.22954972432621015,-0.8082749291008661,0.0011161121580444211,0.8357430244860822
1583,0.5464876152906629,0.5464866592902607,0.0010097083509116836,4.402658168844573,2.475581269857719,1.6552198924389105,2.9619096548340726,-1.0,-1.5723022662934958,1.3138303310483976,0.2294706453407822,-0.808440081790861,0.0011167708751578876,0.8359354467647147
1584,0.5464868504669496,0.5464858940758226,0.0010099139947830063,4.402658170676077,2.4755805046153077,1.655219816106569,2.961918850699339,-1.0,-1.5723028940758907,1.3138821746561258,0.2293915116477475,-0.8086053690868021,0.001117430613449868,0.8361280241519261
1585,0.5464860844261562,0.546485127643683,0.0010101199236611188,4.402658172510303,2.4755797381551505,1.6552197396829955,2.9619280601555227,-1.0,-1.5723035228652964,1.3139340525296552,0.2293123231464892,-0.8087707912340107,0.0011180913755958,0.8363207569328281
1586,0.5464853171650779,0.5464843599906363,0.001010326136932197,4.402658174347257,2.475578970474042,1.6552196631679825,2.9619372832296236,-1.0,-1.5723041526643706,1.3139859647299847,0.22923307973610005,-0.8089363484785164,0.0011187531642809522,0.8365136453933586
1587,0.5464845486805006,0.5464835911134669,0.00101053263596025,4.402658176186945,2.475578201568767,1.655219586561321,2.9619465199487225,-1.0,-1.572304783475781,1.3140379113182863,0.22915378131538114,-0.8091020410670596,0.001119415982200541,0.8367066898202848
1588,0.5464837789691988,0.5464828210089465,0.0010107394214488748,4.402658178029373,2.4755774314360965,1.6552195098628015,2.9619557703399835,-1.0,-1.572305415302205,1.314089892355906,0.22907442778284076,-0.809267869247095,0.0011200798320596139,0.8368998905012073
1589,0.5464830080279335,0.5464820496738357,0.0010109464941008492,4.402658179874547,2.4755766600727913,1.655219433072214,2.961965034430651,-1.0,-1.5723060481463298,1.3141419079043637,0.2289950190366933,-0.8094338332667939,0.001120744716573282,0.8370932477245626
1590,0.5464822358534542,0.546481277104882,0.00101115385373975,4.402658181722473,2.475575887475598,1.6552193561893476,2.961974312248053,-1.0,-1.5723066820108529,1.3141939580253557,0.22891555497485802,-0.809599933375047,0.00112141063846676,0.8372867617796266
1591,0.5464814624424985,0.5464805032988215,0.0010113615021650067,4.402658183573156,2.4755751136412534,1.6552192792139904,2.9619836038195997,-1.0,-1.5723073168984816,1.3142460427807525,0.22883603549495785,-0.8097661698214675,0.0011220776004752097,0.8374804329565182
1592,0.5464806877917928,0.5464797282523786,0.0010115694394182836,4.402658185426605,2.4755743385664815,1.6552192021459309,2.961992909172785,-1.0,-1.5723079528119333,1.3142981622326024,0.22875646049431836,-0.8099325428563938,0.0011227456053439742,0.8376742615462026
1593,0.54647991189805,0.5464789519622644,0.0010117776664188033,4.402658187282822,2.4755735622479933,1.655219124984955,2.9620022283351854,-1.0,-1.5723085897539355,1.3143503164431307,0.2286768298699664,-0.8100990527308927,0.0011234146558285773,0.8378682478404943
1594,0.5464791347579725,0.5464781744251797,0.0010119861836459542,4.402658189141813,2.4755727846824893,1.6552190477308502,2.9620115613344615,-1.0,-1.5723092277272255,1.31440250547474,0.22859714351862903,-0.8102656996967617,0.0011240847546948006,0.8380623921320609
1595,0.5464783563682475,0.5464773956378105,0.0010121949920172194,4.402658191003586,2.475572005866656,1.6552189703834015,2.9620209081983586,-1.0,-1.5723098667345514,1.3144547293900122,0.22851740133673237,-0.8104324840065324,0.0011247559047186072,0.8382566947144262
1596,0.5464775767255525,0.5464766155968322,0.0010124040922297498,4.402658192868148,2.475571225797168,1.6552188929423939,2.9620302689547064,-1.0,-1.5723105067786713,1.3145069882517082,0.2284376032204002,-0.8105994059134735,0.0011254281086864124,0.8384511558819738
1597,0.5464767958265524,0.5464758342989081,0.0010126134854184263,4.402658194735501,2.475570444470689,1.6552188154076115,2.9620396436314187,-1.0,-1.5723111478623537,1.3145592821227692,0.22835774906545298,-0.8107664656715932,0.0011261013693948517,0.8386457759299507
1598,0.5464760136678977,0.546475051740687,0.0010128231714015374,4.402658196605653,2.475569661883867,1.6552187377788377,2.9620490322564947,-1.0,-1.572311789988377,1.314611611066317,0.22827783876740654,-0.8109336635356426,0.0011267756896510515,0.8388405551544702
1599,0.5464752302462295,0.546474267918808,0.001013033151093208,4.402658198478612,2.475568878033342,1.6552186600558552,2.96205843485802,-1.0,-1.5723124331595304,1.3146639751456548,0.22819787222147078,-0.8111009997611185,0.001127451072272708,0.839035493852516
1600,0.546474445558173,0.5464734828298953,0.0010132434260639775,4.402658200354383,2.475568092915737,1.655218582238446,2.9620678514641647,-1.0,-1.5723130773786136,1.314716374424268,0.22811784932254867,-0.8112684746042665,0.0011281275200878925,0.8392305923219453
1601,0.5464736596003434,0.5464726964705614,0.0010134539961300492,4.40265820223297,2.475567306527665,1.6552185043263907,2.962077282103186,-1.0,-1.5723137226484365,1.3147688089658252,0.22803776996523475,-0.811436088322084,0.0011288050359353618,0.8394258508614924
1602,0.5464728723693418,0.5464719088374065,0.0010136648624218295,4.402658204114379,2.4755665188657257,1.655218426319471,2.962086726803427,-1.0,-1.5723143689718198,1.314821278834178,0.2279576340438141,-0.8116038411723228,0.0011294836226643644,0.8396212697707723
1603,0.5464720838617567,0.5464711199270169,0.0010138760251925025,4.40265820599862,2.4755657299265055,1.6552183482174652,2.9620961855933188,-1.0,-1.5723150163515947,1.3148737840933629,0.227877441452261,-0.8117717334134927,0.0011301632831350681,0.8398168493502842
1604,0.5464712940741651,0.5464703297359677,0.001014087486008542,4.402658207885696,2.4755649397065795,1.6552182700201536,2.96210565850138,-1.0,-1.5723156647906027,1.314926324807601,0.22779719208423763,-0.8119397653048644,0.001130844020217938,0.8400125899014151
1605,0.5464705030031286,0.5464695382608197,0.0010142992446835386,4.402658209775614,2.4755641482025084,1.655218191727313,2.9621151455562145,-1.0,-1.5723163142916967,1.3149789010413002,0.22771688583309307,-0.8121079371064724,0.0011315258367947465,0.8402084917264431
1606,0.5464697106451979,0.5464687454981211,0.0010145113025630565,4.4026582116683795,2.4755633554108405,1.6552181133387218,2.962124646786517,-1.0,-1.57231696485774,1.3150315128590537,0.22763652259186165,-0.8122762490791181,0.001132208735757797,0.8404045551285414
1607,0.54646891699691,0.5464679514444073,0.00101472366011598,4.402658213564,2.4755625613281103,1.6552180348541568,2.962134162221069,-1.0,-1.5723176164916066,1.3150841603256427,0.22755610225326203,-0.8124447014843728,0.0011328927200101944,0.8406007804117819
1608,0.54646812205479,0.5464671560962013,0.0010149363182480895,4.4026582154624805,2.475561765950841,1.6552179562733935,2.962143691888741,-1.0,-1.5723182691961815,1.3151368435060364,0.22747562470969582,-0.8126132945845812,0.0011335777924660804,0.8407971678811382
1609,0.5464673258153482,0.5464663594500114,0.0010151492774266781,4.402658217363829,2.475560969275541,1.6552178775962068,2.9621532358184934,-1.0,-1.5723189229743604,1.3151895624653929,0.22739508985324614,-0.8127820286428641,0.001134263956050826,0.8409937178424904
1610,0.5464665282750825,0.5464655615023347,0.0010153625387744345,4.402658219268048,2.475560171298707,1.6552177988223715,2.962162794039374,-1.0,-1.5723195778290502,1.3152423172690593,0.22731449757567648,-0.8129509039231219,0.001134951213700449,0.8411904306026275
1611,0.5464657294304769,0.5464647622496529,0.001015576102538279,4.402658221175146,2.4755593720168205,1.6552177199516611,2.962172366580523,-1.0,-1.5723202337631688,1.3152951079825737,0.22723384776842948,-0.8131199206900372,0.0011356395683622753,0.8413873064692521
1612,0.546464929278003,0.546463961688436,0.0010157899698390268,4.402658223085131,2.475558571426352,1.6552176409838484,2.9621819534711706,-1.0,-1.572320890779645,1.3153479346716648,0.2271531403226254,-0.8132890792090788,0.0011363290229947829,0.8415843457509835
1613,0.5464641278141187,0.5464631598151397,0.0010160041413591835,4.402658224998007,2.475557769523757,1.6552175619187057,2.9621915547406363,-1.0,-1.572321548881419,1.3154007974022532,0.227072375129061,-0.8134583797465039,0.0011370195805676406,0.8417815487573617
1614,0.5464633250352685,0.5464623566262075,0.0010162186182174084,4.402658226913783,2.4755569663054775,1.6552174827560042,2.962201170418331,-1.0,-1.5723222080714419,1.3154536962404524,0.22699155207820826,-0.8136278225693624,0.0011377112440617086,0.841978915798851
1615,0.5464625209378838,0.5464615521180675,0.001016433400657324,4.402658228832462,2.475556161767943,1.6552174034955136,2.9622108005337564,-1.0,-1.572322868352676,1.315506631252569,0.22691067106021287,-0.813797407945499,0.0011384040164691932,0.842176447186844
1616,0.5464617155183816,0.5464607462871357,0.0010166484889220704,4.40265823075405,2.475555355907569,1.6552173241370047,2.9622204451165066,-1.0,-1.572323529728095,1.3155596025051037,0.22682973196489306,-0.8139671361435575,0.0011390979007936861,0.8423741432336653
1617,0.5464609087731649,0.546459939129814,0.0010168638850012047,4.402658232678557,2.4755545487207575,1.6552172446802458,2.9622301041962693,-1.0,-1.5723241922006845,1.3156126100647527,0.22674873468173812,-0.8141370074329831,0.0011397929000502424,0.842572004252575
1618,0.5464601006986243,0.5464591306424906,0.0010170795889174772,4.402658234605987,2.475553740203896,1.6552171651250047,2.9622397778028224,-1.0,-1.5723248557734404,1.3156656539984073,0.22666767909990723,-0.8143070220840263,0.0011404890172653022,0.8427700305577729
1619,0.5464592912911367,0.54645832082154,0.0010172956017846868,4.4026582365363485,2.4755529303533588,1.6552170854710495,2.962249465966038,-1.0,-1.5723255204493707,1.3157187343731553,0.226586565108228,-0.8144771803677459,0.0011411862554769243,0.8429682224644022
1620,0.5464584805470637,0.5464575096633222,0.0010175119242789598,4.4026582384696455,2.4755521191655063,1.655217005718146,2.962259168715881,-1.0,-1.5723261862314948,1.3157718512562824,0.22650539259519517,-0.8146474825560125,0.001141884617734747,0.8431665802885534
1621,0.5464576684627538,0.5464566971641843,0.0010177285562028586,4.402658240405885,2.475551306636685,1.6552169258660598,2.9622688860824096,-1.0,-1.572326853122844,1.3158250047152718,0.22642416144896918,-0.8148179289215117,0.0011425841071001435,0.8433651043472683
1622,0.5464568550345417,0.5464558833204591,0.0010179454997582636,4.402658242345074,2.4755504927632277,1.6552168459145562,2.962278618095777,-1.0,-1.5723275211264607,1.3158781948178058,0.22634287155737484,-0.8149885197377476,0.0011432847266459893,0.8435637949585435
1623,0.5464560402587474,0.5464550681284646,0.0010181627551821408,4.40265824428722,2.4755496775414527,1.6552167658633996,2.962288364786232,-1.0,-1.5723281902453992,1.3159314216317664,0.22626152280789996,-0.8151592552790455,0.0011439864794570113,0.843762652441335
1624,0.5464552241316784,0.5464542515845059,0.0010183803235831158,4.402658246232328,2.4755488609676646,1.6552166857123523,2.9622981261841144,-1.0,-1.5723288604827255,1.3159846852252366,0.2261801150876941,-0.8153301358205567,0.001144689368629827,0.8439616771155612
1625,0.5464544066496259,0.5464534336848724,0.001018598204760637,4.402658248180404,2.4755480430381525,1.655216605461177,2.962307902319863,-1.0,-1.5723295318415176,1.3160379856664999,0.2260986482835668,-0.81550116163826,0.001145393397272905,0.8441608693021081
1626,0.5464535878088674,0.546452614425841,0.0010188164002575856,4.4026582501314575,2.4755472237491936,1.6552165251096354,2.962317693224011,-1.0,-1.572330204324865,1.3160913230240425,0.2260171222819866,-0.8156723330089668,0.001146098568506683,0.844360229322832
1627,0.5464527676056684,0.5464517938036734,0.001019034910743644,4.402658252085491,2.475546403097049,1.655216444657488,2.9623274989271873,-1.0,-1.5723308779358693,1.3161446973665536,0.2259355369690794,-0.8158436502103235,0.0011468048854636052,0.8445597575005644
1628,0.5464519460362758,0.5464509718146162,0.0010192537368876279,4.402658254042516,2.4755455810779656,1.6552163641044955,2.962337319460119,-1.0,-1.5723315526776445,1.3161981087629258,0.22585389223062702,-0.8160151135208151,0.0011475123512880063,0.844759454159116
1629,0.5464511230969251,0.5464501484549021,0.0010194728797930936,4.402658256002535,2.4755447576881755,1.6552162834504154,2.962347154853627,-1.0,-1.5723322285533157,1.3162515572822568,0.22577218795206608,-0.8161867232197695,0.0011482209691365001,0.8449593196232801
1630,0.546450298783838,0.5464493237207512,0.0010196923401268407,4.402658257965555,2.475543932923899,1.655216202695007,2.962357005138632,-1.0,-1.5723329055660205,1.3163050429938496,0.22569042401848613,-0.8163584795873594,0.001148930742177941,0.8451593542188371
1631,0.5464494730932186,0.5464484976083654,0.0010199121181193797,4.402658259931586,2.4755431067813385,1.655216121838028,2.962366870346153,-1.0,-1.5723335837189092,1.3163585659672135,0.22560860031462854,-0.8165303829046073,0.0011496416735932284,0.8453595582725589
1632,0.5464486460212574,0.5464476701139337,0.0010201322155243646,4.402658261900634,2.4755422792566812,1.6552160408792338,2.9623767505073055,-1.0,-1.5723342630151438,1.3164121262720647,0.22552671672488495,-0.8167024334533884,0.0011503537665756972,0.8455599321122125
1633,0.5464478175641322,0.546446841233631,0.0010203526323527123,4.402658263872702,2.4755414503461033,1.6552159598183809,2.9623866456533023,-1.0,-1.5723349434578981,1.3164657239783277,0.2254447731332959,-0.8168746315164341,0.0011510670243310387,0.8457604760665641
1634,0.5464469877180026,0.5464460109636162,0.0010205733699204414,4.402658265847798,2.475540620045763,1.6552158786552233,2.9623965558154586,-1.0,-1.5723356250503595,1.3165193591561362,0.2253627694235492,-0.8170469773773354,0.0011517814500773785,0.8459611904653839
1635,0.5464461564790162,0.546445179300034,0.0010207944286720453,4.402658267825932,2.4755397883518047,1.655215797389516,2.9624064810251878,-1.0,-1.5723363077957269,1.3165730318758326,0.22528070547897847,-0.817219471320547,0.0011524970470451993,0.8461620756394496
1636,0.5464453238433037,0.5464443462390137,0.0010210158099212266,4.402658269807108,2.475538955260358,1.6552157160210113,2.9624164213140016,-1.0,-1.5723369916972114,1.316626742207971,0.22519858118256206,-0.8173921136313903,0.00115321381847769,0.8463631319205509
1637,0.5464444898069815,0.5464435117766696,0.001021237514110536,4.402658271791333,2.475538120767537,1.6552156345494617,2.9624263767135135,-1.0,-1.5723376767580375,1.316680490223316,0.22511639641692105,-0.8175649045960575,0.0011539317676305908,0.8465643596414939
1638,0.5464436543661515,0.5464426759091013,0.0010214595418992136,4.4026582737786155,2.475537284869441,1.6552155529746184,2.962436347255437,-1.0,-1.5723383629814416,1.3167342759928453,0.22503415106431804,-0.8177378445016149,0.0011546508977722705,0.8467657591361049
1639,0.5464428175168989,0.5464418386323924,0.0010216818943802842,4.40265827576896,2.4755364475621535,1.6552154712962317,2.962446332971588,-1.0,-1.5723390503706733,1.3167880995877494,0.22495184500665555,-0.8179109336360068,0.0011553712121838435,0.8469673307392349
1640,0.546441979255295,0.5464409999426121,0.0010219045722109424,4.402658277762376,2.475535608841743,1.6552153895140511,2.9624563338938823,-1.0,-1.5723397389289941,1.3168419610794329,0.22486947812547464,-0.818084172288059,0.0011560927141593636,0.8471690747867642
1641,0.5464411395773947,0.5464401598358132,0.0010221275764819755,4.402658279758868,2.4755347687042635,1.6552153076278253,2.962466350054338,-1.0,-1.5723404286596792,1.3168958605395154,0.22478705030195328,-0.8182575607474823,0.0011568154070056304,0.8473709916156061
1642,0.546440298479239,0.5464393183080344,0.0010223509078485262,4.402658281758445,2.4755339271457526,1.6552152256373025,2.962476381485077,-1.0,-1.572341119566016,1.3169497980398321,0.2247045614169048,-0.8184310993048769,0.0011575392940424215,0.8475730815637119
1643,0.5464394559568513,0.5464384753552974,0.0010225745673991368,4.402658283761113,2.4755330841622314,1.6552151435422289,2.9624864282183223,-1.0,-1.572341811651305,1.3170037736524356,0.22462201135077653,-0.8186047882517353,0.0011582643786023374,0.8477753449700746
1644,0.5464386120062408,0.5464376309736095,0.0010227985553527019,4.402658285766877,2.4755322397497084,1.655215061342351,2.962496490286401,-1.0,-1.57234250491886,1.3170577874495952,0.22453939998364814,-0.8187786278804465,0.0011589906640313077,0.8479777821747337
1645,0.5464377666234009,0.5464367851589618,0.0010230228732298937,4.402658287775748,2.4755313939041734,1.6552149790374138,2.9625065677217455,-1.0,-1.572343199372007,1.3171118395037995,0.22445672719523,-0.8189526184842998,0.0011597181536883174,0.8481803935187796
1646,0.5464369198043085,0.5464359379073299,0.0010232475214647329,4.4026582897877296,2.475530546621602,1.6552148966271611,2.962516660556889,-1.0,-1.5723438950140858,1.3171659298877563,0.22437399286486198,-0.8191267603574883,0.0011604468509452915,0.848383179344358
1647,0.5464360715449262,0.546435089214673,0.0010234725007074916,4.4026582918028305,2.4755296978979544,1.6552148141113359,2.962526768824473,-1.0,-1.5723445918484493,1.3172200586743938,0.22429119687151144,-0.8193010537951129,0.0011611767591877943,0.8485861399946742
1648,0.5464352218411984,0.5464342390769344,0.0010236978124751682,4.402658293821057,2.475528847729173,1.6552147314896812,2.9625368925572415,-1.0,-1.5723452898784636,1.3172742259368613,0.22420833909377194,-0.8194754990931862,0.001161907881814446,0.8487892758139979
1649,0.5464343706890561,0.5464333874900424,0.0010239234574156756,4.40265829584242,2.475527996111185,1.6552146487619384,2.9625470317880462,-1.0,-1.5723459891075078,1.3173284317485305,0.22412541940986158,-0.819650096548636,0.0011626402222375057,0.8489925871476671
1650,0.5464335180844118,0.5464325344499084,0.001024149435742413,4.402658297866921,2.4755271430399026,1.6552145659278474,2.962557186549842,-1.0,-1.5723466895389746,1.3173826761829963,0.22404243769762147,-0.81982484645931,0.0011633737838824057,0.8491960743420934
1651,0.5464326640231638,0.5464316799524276,0.0010243757491855937,4.4026582998945685,2.475526288511221,1.6552144829871482,2.9625673568756934,-1.0,-1.5723473911762704,1.3174369593140773,0.22395939383451405,-0.8199997491239785,0.001164108570188295,0.849399737744766
1652,0.5464318085011923,0.5464308239934786,0.0010246023977398691,4.402658301925372,2.4755254325210183,1.6552143999395792,2.9625775427987704,-1.0,-1.5723480940228147,1.3174912812158175,0.22387628769762152,-0.8201748048423392,0.0011648445846078452,0.8496035777042564
1653,0.5464309515143634,0.5464299665689252,0.0010248293831328877,4.402658303959337,2.4755245750651587,1.6552143167848778,2.9625877443523496,-1.0,-1.5723487980820408,1.3175456419624867,0.2237931191636443,-0.8203500139150208,0.001165581830607522,0.8498075945702233
1654,0.5464300930585249,0.5464291076746135,0.0010250567062239685,4.402658305996474,2.475523716139487,1.6552142335227813,2.962597961569818,-1.0,-1.572349503357395,1.3176000416285814,0.22370988810889922,-0.820525376643587,0.001166320311667353,0.8500117886934166
1655,0.5464292331295092,0.5464282473063733,0.0010252843670050605,4.402658308036786,2.4755228557398343,1.6552141501530253,2.962608194484668,-1.0,-1.5723502098523388,1.3176544802888261,0.22362659440931815,-0.8207008933305406,0.0011670600312813154,0.8502161604256829
1656,0.5464283717231317,0.5464273854600181,0.0010255123669834303,4.402658310080279,2.4755219938620128,1.655214066675345,2.9626184431305016,-1.0,-1.5723509175703456,1.3177089580181742,0.2235432379404462,-0.8208765642793272,0.0011678009929572588,0.8504207101199693
1657,0.546427508835191,0.5464265221313441,0.0010257407067987795,4.402658312126965,2.475521130501819,1.655213983089473,2.962628707541033,-1.0,-1.5723516265149045,1.317763474891809,0.22345981857744002,-0.8210523897943395,0.0011685432002168663,0.8506254381303288
1658,0.5464266444614695,0.546425657316132,0.001025969387522751,4.4026583141768505,2.4755202656550335,1.6552138993951435,2.962638987750083,-1.0,-1.5723523366895167,1.3178180309851442,0.22337633619506622,-0.8212283701809212,0.0011692866565960038,0.8508303448119243
1659,0.546425778597732,0.5464247910101445,0.0010261984102256938,4.402658316229941,2.475519399317419,1.6552138155920872,2.9626492837915834,-1.0,-1.5723530480976988,1.3178726263738254,0.22329279066769986,-0.8214045057453712,0.0011700313656444873,0.8510354305210344
1660,0.5464249112397281,0.5464239232091278,0.0010264277753276774,4.402658318286243,2.4755185314847212,1.6552137316800362,2.962659595699577,-1.0,-1.5723537607429812,1.3179272611337307,0.2232091818693224,-0.8215807967949472,0.001170777330926316,0.8512406956150572
1661,0.5464240423831879,0.546423053908811,0.0010266574838968916,4.402658320345767,2.4755176621526687,1.65521364765872,2.962669923508219,-1.0,-1.5723544746289078,1.317981935340972,0.22312550967352038,-0.8217572436378708,0.0011715245560198664,0.8514461404525155
1662,0.5464231720238251,0.5464221831049062,0.0010268875367839953,4.402658322408519,2.4755167913169744,1.6552135635278675,2.962680267251774,-1.0,-1.5723551897590373,1.3180366490718962,0.22304177395348354,-0.8219338465833306,0.0011722730445176978,0.8516517653930616
1663,0.5464223001573387,0.5464213107931086,0.0010271179348385398,4.402658324474507,2.4755159189733327,1.6552134792872069,2.9626906269646205,-1.0,-1.5723559061369428,1.318091402403085,0.22295797458200317,-0.8221106059414867,0.0011730228000267863,0.8518575707974824
1664,0.546421426779407,0.5464204369690957,0.001027348679557368,4.402658326543737,2.475515045117421,1.655213394936465,2.9627010026812495,-1.0,-1.572356623766211,1.3181461954113576,0.2228741114314704,-0.822287522023475,0.0011737738261686015,0.8520635570277038
1665,0.5464205518856933,0.5464195616285276,0.001027579770923033,4.4026583286162175,2.4755141697448995,1.6552133104753681,2.962711394436265,-1.0,-1.572357342650444,1.3182010281737702,0.22279018437387446,-0.8224645951414116,0.0011745261265790686,0.8522697244467958
1666,0.5464196754718416,0.5464186847670462,0.001027811210646044,4.402658330691955,2.47551329285141,1.6552132259036412,2.962721802264385,-1.0,-1.5723580627932578,1.3182559007676182,0.222706193280801,-0.8226418256083964,0.0011752797049088394,0.8524760734189778
1667,0.5464187975334802,0.5464178063802781,0.0010280429991390908,4.402658332770961,2.475512414432578,1.655213141221008,2.962732226200442,-1.0,-1.5723587841982831,1.3183108132704366,0.2226221380234302,-0.8228192137385179,0.0011760345648232152,0.8526826043096227
1668,0.5464179180662191,0.5464169264638312,0.0010282751372460142,4.402658334853237,2.4755115344840126,1.6552130564271923,2.962742666279381,-1.0,-1.5723595068691651,1.3183657657600008,0.2225380184725353,-0.822996759846857,0.0011767907100022246,0.8528893174852632
1669,0.5464170370656505,0.5464160450132943,0.0010285076260254278,4.402658336938795,2.475510653001302,1.655212971521915,2.9627531225362658,-1.0,-1.572360230809564,1.3184207583143281,0.22245383449848052,-0.8231744642494919,0.0011775481441407398,0.8530962133135956
1670,0.5464161545273479,0.5464151620242402,0.0010287404669663124,4.402658339027642,2.475509769980018,1.655212886504898,2.962763595006274,-1.0,-1.572360956023155,1.3184757910116787,0.22236958597121953,-0.8233523272635018,0.0011783068709484766,0.8533032921634853
1671,0.5464152704468686,0.5464142774922227,0.0010289736602611867,4.4026583411197855,2.4755088854157155,1.6552128013758607,2.962774083724699,-1.0,-1.5723616825136277,1.3185308639305564,0.2222852727602936,-0.8235303492069715,0.0011790668941503834,0.853510554404972
1672,0.5464143848197507,0.5464133914127781,0.00102920720718075,4.40265834321523,2.4755079993039297,1.6552127161345223,2.9627845887269517,-1.0,-1.5723624102846872,1.31858597714971,0.22220089473482976,-0.8237085303989959,0.0011798282174862516,0.8537180004092748
1673,0.5464134976415145,0.5464125037814246,0.001029441108562796,4.402658345313988,2.475507111640179,1.655212630780601,2.962795110048561,-1.0,-1.5723631393400528,1.3186411307481338,0.22211645176353906,-0.823886871159684,0.0011805908447111444,0.853925630548797
1674,0.5464126089076625,0.5464116145936625,0.0010296753650283466,4.4026583474160645,2.4755062224199635,1.655212545313813,2.962805647725173,-1.0,-1.5723638696834596,1.31869632480507,0.22203194371471474,-0.8240653718101635,0.0011813547795951238,0.8541334451971315
1675,0.5464117186136783,0.5464107238449722,0.0010299099784910688,4.4026583495214675,2.4755053316387636,1.655212459733874,2.9628162017925512,-1.0,-1.5723646013186583,1.3187515594000079,0.22194737045623045,-0.8242440326725855,0.0011821200259239503,0.8543414447290661
1676,0.5464108267550281,0.5464098315308181,0.0010301449484914995,4.4026583516302065,2.475504439292043,1.6552123740404991,2.9628267722865806,-1.0,-1.572365334249414,1.3188068346126862,0.22186273185553831,-0.8244228540701286,0.0011828865874984615,0.8545496295205885
1677,0.5464099333271577,0.5464089376466443,0.0010303802769407,4.4026583537422885,2.4755035453752465,1.6552122882334024,2.9628373592432626,-1.0,-1.5723660684795073,1.3188621505230937,0.22177802777966724,-0.8246018363270036,0.0011836544681350766,0.8547579999488918
1678,0.5464090383254968,0.5464080421878776,0.0010306159648858185,4.40265835585772,2.4755026498838,1.6552122023122964,2.9628479626987203,-1.0,-1.5723668040127348,1.3189175072114705,0.221693258095221,-0.8247809797684575,0.001184423671665836,0.8549665563923793
1679,0.5464081417454548,0.546407145149925,0.0010308520125110751,4.4026583579765095,2.475501752813111,1.6552121162768922,2.9628585826891967,-1.0,-1.572367540852908,1.318972904758309,0.22160842266837638,-0.8249602847207791,0.0011851942019382453,0.8551752992306701
1680,0.5464072435824237,0.5464062465281764,0.001031088421292242,4.402658360098666,2.475500854158568,1.6552120301269007,2.962869219251057,-1.0,-1.5723682790038547,1.319028343244355,0.22152352136488127,-0.8251397515113023,0.001185966062815664,0.8553842288446049
1681,0.5464063438317743,0.5464053463179996,0.0010313251922727605,4.402658362224197,2.4754999539155405,1.6552119438620312,2.962879872420786,-1.0,-1.572369018469418,1.3190838227506088,0.22143855405005283,-0.8253193804684115,0.001186739258177228,0.8555933456162502
1682,0.5464054424888601,0.5464044445147469,0.001031562326494732,4.40265836435311,2.475499052079379,1.6552118574819923,2.9628905422349927,-1.0,-1.5723697592534562,1.3191393433583263,0.2213535205887757,-0.8254991719215458,0.00118751379191785,0.855802649928905
1683,0.5464045395490158,0.5464035411137499,0.001031799824138113,4.402658366485413,2.475498148645416,1.655211770986491,2.962901228730407,-1.0,-1.5723705013598446,1.3191949051490202,0.22126842084549983,-0.8256791262012041,0.0011882896679485287,0.8560121421671053
1684,0.5464036350075567,0.5464026361103215,0.0010320376868883708,4.4026583686211165,2.475497243608963,1.6552116843752334,2.9629119319438835,-1.0,-1.5723712447924736,1.319250508204461,0.22118325468423883,-0.8258592436389494,0.001189066890196273,0.8562218227166298
1685,0.5464027288597784,0.5464017294997545,0.0010322759155686266,4.402658370760225,2.475496336965314,1.6552115976479247,2.962922651912399,-1.0,-1.57237198955525,1.319306152606678,0.22109802196856798,-0.8260395245674131,0.0011898454626042174,0.8564316919645057
1686,0.5464018211009575,0.5464008212773248,0.0010325145118610618,4.402658372902745,2.475495428709744,1.6552115108042689,2.962933388673056,-1.0,-1.5723727356520962,1.3193618384379608,0.22101272256162222,-0.8262199693203008,0.001190625389131623,0.8566417502990138
1687,0.5464009117263504,0.546399911438284,0.0010327534752958862,4.4026583750486905,2.475494518837505,1.6552114238439692,2.962944142263083,-1.0,-1.5723734830869518,1.31941756578086,0.22092735632609423,-0.8264005782323959,0.0011914066737543038,0.8568519981096941
1688,0.5464000007311948,0.5463989999778694,0.0010329928077678328,4.402658377198065,2.475493607343833,1.6552113367667272,2.9629549127198307,-1.0,-1.5723742318637715,1.3194733347181886,0.22084192312423262,-0.8265813516395651,0.0011921893204642384,0.8570624357873516
1689,0.5463990881107086,0.5463980868912951,0.0010332325098800683,4.402658379350879,2.4754926942239432,1.6552112495722429,2.962965700080779,-1.0,-1.5723749819865276,1.3195291453330236,0.2207564228178398,-0.8267622898787629,0.0011929733332699986,0.8572730637240618
1690,0.5463981738600902,0.5463971721737578,0.0010334725833090678,4.402658381507142,2.475491779473031,1.6552111622602166,2.962976504383533,-1.0,-1.5723757334592074,1.3195849977087057,0.22067085526827002,-0.8269433932880362,0.0011937587161965145,0.8574838823131762
1691,0.5463972579745172,0.5463962558204325,0.0010337130282257294,4.402658383666857,2.4754908630862724,1.6552110748303468,2.9629873256658237,-1.0,-1.572376486285816,1.319640891928842,0.2205852203364275,-0.8271246622065298,0.0011945454732856973,0.8576948919493282
1692,0.5463963404491469,0.546395337826474,0.0010339538460889094,4.402658385830036,2.475489945058821,1.6552109872823302,2.962998163965513,-1.0,-1.5723772404703749,1.3196968280773067,0.22049951788276434,-0.8273060969744904,0.001195333608595973,0.8579060930284388
1693,0.546395421279119,0.5463944181870195,0.0010341950379262974,4.40265838799669,2.475489025385814,1.6552108996158628,2.9630090193205896,-1.0,-1.5723779960169213,1.319752806238242,0.22041374776727846,-0.8274876979332724,0.0011961231262027092,0.8581174859477217
1694,0.5463945004595503,0.546393496897183,0.0010344366045495672,4.40265839016682,2.475488104062366,1.6552108118306401,2.96301989176917,-1.0,-1.5723787529295108,1.3198088264960592,0.22032790984951173,-0.827669465425342,0.0011969140301980993,0.8583290711056902
1695,0.5463935779855382,0.5463925739520602,0.0010346785471984322,4.402658392340441,2.4754871810835715,1.6552107239263556,2.9630307813495023,-1.0,-1.5723795112122148,1.3198648889354403,0.22024200398854782,-0.8278513997942829,0.001197706324691434,0.8585408489021622
1696,0.5463926538521598,0.5463916493467253,0.0010349208666819338,4.402658394517559,2.4754862564445057,1.655210635902702,2.9630416880999633,-1.0,-1.572380270869122,1.319920993641339,0.22015603004301024,-0.8280335013848006,0.0011985000138090627,0.858752819738266
1697,0.5463917280544731,0.5463907230762329,0.0010351635638079443,4.402658396698182,2.4754853301402218,1.6552105477593715,2.963052612059061,-1.0,-1.5723810319043379,1.3199771406989818,0.22006998787106014,-0.8282157705427279,0.0011992951016945484,0.8589649840164466
1698,0.5463908005875117,0.5463897951356156,0.0010354066402409729,4.402658398882318,2.475484402165753,1.6552104594960533,2.963063553265435,-1.0,-1.5723817943219858,1.3200333301938694,0.21998387733039448,-0.8283982076150297,0.0012000915925087462,0.8591773421404713
1699,0.5463898714462928,0.546388865519887,0.001035650096571544,4.402658401069975,2.475483472516112,1.655210371112437,2.9630745117578567,-1.0,-1.5723825581262054,1.3200895622117779,0.21989769827824376,-0.8285808129498081,0.0012008894904298028,0.8593898945154356
1700,0.5463889406258093,0.5463879342240379,0.0010358939338179114,4.402658403261165,2.4754825411862904,1.6552102826082111,2.9630854875752304,-1.0,-1.5723833233211548,1.3201458368387597,0.21981145057136994,-0.8287635868963077,0.0012016887996535452,0.8596026415477694
1701,0.546388008121035,0.5463870012430394,0.0010361381534255507,4.402658405455894,2.4754816081712585,1.6552101939830621,2.9630964807565925,-1.0,-1.572384089911009,1.3202021541611453,0.21972513406606448,-0.8289465298049202,0.001202489524393131,0.8598155836452431
1702,0.5463870739269232,0.5463860665718424,0.0010363827557669056,4.40265840765417,2.475480673465967,1.6552101052366748,2.963107491341114,-1.0,-1.5723848578999602,1.3202585142655439,0.2196387486181461,-0.8291296420271903,0.0012032916688795147,0.8600287212169729
1703,0.5463861380384032,0.5463851302053735,0.0010366277424988378,4.402658409856002,2.475479737065343,1.6552100163687349,2.9631185193681002,-1.0,-1.5723856272922188,1.3203149172388449,0.21955229408295865,-0.82931292391582,0.0012040952373614088,0.8602420546734278
1704,0.5463852004503867,0.5463841921385413,0.001036873114419624,4.4026584120614,2.4754787989642937,1.6552099273789245,2.9631295648769913,-1.0,-1.5723863980920125,1.3203713631682192,0.21946577031536907,-0.8294963758246747,0.0012049002341052838,0.8604555844264351
1705,0.54638426115776,0.5463832523662304,0.001037118872326357,4.4026584142703715,2.4754778591577047,1.655209838266926,2.963140627907363,-1.0,-1.5723871703035872,1.320427852141121,0.21937917716976515,-0.8296799981087879,0.001205706663395718,0.8606693108891865
1706,0.5463833201553912,0.5463823108833058,0.0010373650180851774,4.402658416482925,2.4754769176404396,1.6552097490324202,2.963151708498928,-1.0,-1.572387943931207,1.3204843842452876,0.21929251450005344,-0.8298637911243665,0.0012065145295352808,0.8608832344762449
1707,0.5463823774381245,0.5463813676846094,0.0010376115518480546,4.402658418699071,2.475475974407342,1.6552096596750874,2.963162806691535,-1.0,-1.572388718979153,1.320540959568742,0.21920578215965697,-0.8300477552287963,0.001207323836844416,0.86109735560355
1708,0.5463814330007847,0.5463804227649629,0.0010378584750500484,4.402658420918813,2.4754750294532313,1.6552095701946044,2.9631739225251703,-1.0,-1.5723894954517252,1.320597578199794,0.21911898000151328,-0.8302318907806472,0.0012081345896622973,0.8613116746884247
1709,0.5463804868381715,0.546379476119164,0.0010381057886966276,4.402658423142166,2.475474082772906,1.6552094805906492,2.9631850560399595,-1.0,-1.5723902733532418,1.3206542402270407,0.21903210787807184,-0.8304161981396785,0.0012089467923460894,0.8615261921495815
1710,0.5463795389450659,0.54637852774199,0.0010383534940057073,4.402658425369137,2.4754731343611436,1.655209390862898,2.963196207276166,-1.0,-1.5723910526880391,1.3207109457393684,0.21894516564129224,-0.8306006776668445,0.0012097604492716085,0.8617409084071285
1711,0.5463785893162242,0.5463775776281955,0.0010386015921935974,4.402658427599735,2.4754721842126974,1.6552093010110245,2.9632073762741924,-1.0,-1.572391833460472,1.3207676948259541,0.21885815314264181,-0.8307853297242999,0.0012105755648330507,0.8619558238825762
1712,0.5463776379463813,0.5463766257725127,0.0010388500838337796,4.4026584298339655,2.4754712323223007,1.6552092110347023,2.963218563074582,-1.0,-1.572392615674914,1.3208244875762665,0.21877107023309333,-0.8309701546754049,0.001211392143443264,0.8621709389988437
1713,0.54637668483025,0.5463756721696512,0.001039098970567188,4.402658432071841,2.4754702786846625,1.6552091209336044,2.963229767718019,-1.0,-1.5723933993357566,1.3208813240800668,0.21868391676312274,-0.8311551528847312,0.001212210189533981,0.862386254180265
1714,0.5463757299625217,0.5463747168142996,0.0010393482529645441,4.402658434313371,2.4754693232944707,1.6552090307074,2.963240990245329,-1.0,-1.5723941844474107,1.3209382044274112,0.2185966925827071,-0.8313403247180672,0.0012130297075557417,0.8626017698525955
1715,0.5463747733378624,0.5463737597011216,0.0010395979326635058,4.4026584365585615,2.475468366146389,1.6552089403557602,2.96325223069748,-1.0,-1.572394971014306,1.320995128708651,0.218509397541322,-0.8315256705424234,0.0012138507019778932,0.8628174864430187
1716,0.546373814950918,0.5463728008247599,0.0010398480102320254,4.402658438807424,2.47546740723506,1.6552088498783526,2.9632634891155814,-1.0,-1.5723957590408906,1.3210520970144348,0.21842203148793965,-0.8317111907260386,0.0012146731772889395,0.8630334043801523
1717,0.5463728547963089,0.5463718401798334,0.0010400984870909903,4.402658441059966,2.4754664465551026,1.655208759274844,2.963274765540887,-1.0,-1.5723965485316322,1.3211091094357097,0.21833459427102622,-0.8318968856383847,0.0012154971379966194,0.8632495240940554
1718,0.546371892868635,0.5463708777609375,0.0010403493646594605,4.402658443316196,2.475465484101112,1.6552086685448997,2.9632860600147946,-1.0,-1.5723973394910176,1.3211661660637222,0.2182470857385397,-0.8320827556501731,0.001216322588627906,0.8634658460162347
1719,0.5463709291624722,0.5463699135626467,0.0010406006432877595,4.402658445576126,2.4754645198676624,1.6552085776881849,2.963297372578847,-1.0,-1.5723981319235523,1.3212232669900197,0.21815950573792758,-0.8322688011333598,0.0012171495337290458,0.863682370579651
1720,0.5463699636723729,0.54636894757951,0.0010408523243920576,4.402658447839764,2.475463553849302,1.6552084867043626,2.9633087032747327,-1.0,-1.5723989258337616,1.3212804123064523,0.21807185411612443,-0.8324550224611513,0.0012179779778658704,0.8638990982187267
1721,0.5463689963928661,0.5463679798060538,0.0010411044095999676,4.402658450107116,2.4754625860405577,1.6552083955930943,2.9633200521442844,-1.0,-1.5723997212261904,1.321337602105174,0.2179841307195496,-0.8326414200080109,0.0012188079256237948,0.8641160293693512
1722,0.5463680273184579,0.5463670102367815,0.0010413568994709261,4.402658452378193,2.475461616435933,1.6552083043540406,2.963331419229485,-1.0,-1.5724005181054026,1.3213948364786436,0.2178963353941048,-0.8328279941496634,0.0012196393816077799,0.8643331644688889
1723,0.5463670564436298,0.5463660388661714,0.0010416097952028797,4.402658454653009,2.4754606450299055,1.6552082129868604,2.963342804572463,-1.0,-1.5724013164759822,1.3214521155196268,0.2178084679851718,-0.8330147452631016,0.0012204723504427983,0.8645505039561853
1724,0.5463660837628392,0.5463650656886788,0.0010418630984183833,4.402658456931567,2.4754596718169304,1.6552081214912115,2.963354208215494,-1.0,-1.5724021163425335,1.321509439321197,0.21772052833761002,-0.8332016737265924,0.001221306836773679,0.8647680482715743
1725,0.5463651092705228,0.5463640906987363,0.0010421168094595134,4.402658459213879,2.47545869679144,1.6552080298667509,2.9633656302010043,-1.0,-1.5724029177096794,1.3215668079767369,0.21763251629575395,-0.8333887799196819,0.0012221428452651461,0.8649857978568848
1726,0.5463641329610885,0.5463631138907504,0.0010423709301586666,4.4026584614999535,2.4754577199478405,1.6552079381131333,2.9633770705715703,-1.0,-1.5724037205820638,1.32162422157994,0.21754443170341092,-0.833576064223202,0.0012229803806022078,0.8652037531554475
1727,0.5463631548289226,0.5463621352591039,0.0010426254610681703,4.402658463789802,2.4754567412805146,1.655207846230012,2.9633885293699174,-1.0,-1.5724045249643506,1.3216816802248126,0.21745627440385862,-0.8337635270192759,0.0012238194474901165,0.8654219146121023
1728,0.5463621748683885,0.5463611547981575,0.0010428804038039037,4.40265846608343,2.4754557607838232,1.6552077542170403,2.9634000066389214,-1.0,-1.5724053308612234,1.3217391840056736,0.2173680442398426,-0.8339511686913245,0.0012246600506543703,0.865640282673205
1729,0.5463611930738228,0.5463601725022438,0.0010431357595539537,4.40265846838085,2.4754547784520984,1.6552076620738685,2.963411502421612,-1.0,-1.5724061382773868,1.3217967330171578,0.21727974105357384,-0.834138989624072,0.0012255021948410227,0.8658588577866344
1730,0.5463602094395374,0.5463591883656735,0.0010433915290791345,4.402658470682072,2.475453794279651,1.6552075698001467,2.963423016761171,-1.0,-1.5724069472175655,1.321854327354216,0.21719136468672612,-0.8343269902035522,0.0012263458848166442,0.8660776404017994
1731,0.5463592239598221,0.5463582023827322,0.0010436477139900552,4.4026584729871026,2.475452808260765,1.655207477395523,2.9634345497009313,-1.0,-1.5724077576865048,1.3219119671121171,0.21710291498043383,-0.8345151708171146,0.0012271911253687495,0.8662966309696462
1732,0.5463582366289388,0.5463572145476799,0.0010439043150444255,4.402658475295954,2.475451820389702,1.6552073848596438,2.9634461012843825,-1.0,-1.5724085696889705,1.3219696523864497,0.21701439177528917,-0.8347035318534304,0.0012280379213052929,0.8665158299426654
1733,0.5463572474411251,0.5463562248547512,0.0010441613342746354,4.402658477608634,2.4754508306606953,1.655207292192156,2.963457671555167,-1.0,-1.5724093832297499,1.3220273832731226,0.2169257949113397,-0.8348920737024986,0.0012288862774554445,0.8667352377748995
1734,0.5463562563905956,0.546355233298157,0.0010444187715845613,4.402658479925154,2.4754498390679567,1.655207199392702,2.9634692605570847,-1.0,-1.5724101983136505,1.3220851598683678,0.21683712422808593,-0.8350807967556527,0.0012297361986692802,0.8669548549219495
1735,0.5463552634715373,0.5463542398720813,0.0010446766290031601,4.402658482245522,2.4754488456056682,1.655207106460925,2.963480868334089,-1.0,-1.572411014945501,1.3221429822687407,0.21674837956447854,-0.8352697014055663,0.0012305876898182479,0.8671746818409828
1736,0.5463542686781132,0.5463532445706851,0.001044934907281903,4.402658484569748,2.4754478502679924,1.655207013396467,2.9634924949302928,-1.0,-1.5724118331301513,1.322200850571122,0.21665956075891593,-0.8354587880462598,0.0012314407557948949,0.8673947189907405
1737,0.5463532720044599,0.5463522473881012,0.0010451936082332288,4.402658486897844,2.475446853049061,1.655206920198967,2.963504140389966,-1.0,-1.5724126528724727,1.3222587648727198,0.21657066764924165,-0.8356480570731063,0.0012322954015131795,0.8676149668315446
1738,0.546352273444688,0.5463512483184378,0.0010454527328177079,4.4026584892298155,2.4754458539429818,1.6552068268680633,2.963515804757535,-1.0,-1.5724134741773579,1.32231672527107,0.21648170007274184,-0.8358375088828385,0.0012331516319086645,0.8678354258253053
1739,0.546351272992883,0.5463502473557768,0.0010457122817821058,4.402658491565678,2.475444852943837,1.6552067334033935,2.963527488077588,-1.0,-1.5724142970497208,1.3223747318640382,0.2163926578661424,-0.8360271438735545,0.0012340094519384794,0.8680560964355291
1740,0.5463502706431049,0.5463492444941752,0.001045972256933358,4.402658493905436,2.4754438500456835,1.655206639804593,2.963539190394872,-1.0,-1.5724151214944975,1.3224327847498223,0.2163035408656066,-0.8362169624447249,0.0012348688665817465,0.8682769791273255
1741,0.5463492663893864,0.5463482397276631,0.0010462326590149223,4.402658496249101,2.4754428452425508,1.6552065460712955,2.9635509117542944,-1.0,-1.572415947516645,1.3224908840269527,0.21621434890673233,-0.8364069649971985,0.0012357298808391938,0.8684980743674151
1742,0.546348260225734,0.5463472330502437,0.0010464934894055327,4.402658498596683,2.4754418385284414,1.6552064522031336,2.963562652200926,-1.0,-1.5724167751211433,1.3225490297942941,0.2161250818245493,-0.8365971519332093,0.0012365924997338141,0.8687193826241374
1743,0.546347252146128,0.5463462244558949,0.0010467547496941518,4.402658500948193,2.475440829897334,1.6552063581997387,2.9635744117799994,-1.0,-1.5724176043129932,1.3226072221510479,0.2160357394535165,-0.836787523656383,0.0012374567283105942,0.8689409043674577
1744,0.5463462421445237,0.5463452139385676,0.0010470164408314065,4.402658503303642,2.475439819343179,1.6552062640607406,2.9635861905369087,-1.0,-1.5724184350972186,1.3226654611967525,0.21594632162751967,-0.8369780805717435,0.0012383225716369028,0.8691626400689756
1745,0.5463452302148473,0.5463442014921855,0.0010472785637664433,4.402658505663038,2.4754388068598994,1.6552061697857672,2.9635979885172126,-1.0,-1.572419267478865,1.3227237470312863,0.21585682817986826,-0.8371688230857196,0.0012391900348022577,0.8693845902019323
1746,0.5463442163509981,0.5463431871106454,0.0010475411200828266,4.402658508026391,2.475437792441392,1.6552060753744444,2.9636098057666347,-1.0,-1.572420101463001,1.322782079754868,0.21576725894329285,-0.8373597516061514,0.0012400591229190638,0.8696067552412183
1747,0.5463432005468501,0.5463421707878174,0.0010478041111500842,4.402658510393711,2.4754367760815272,1.6552059808263984,2.9636216423310646,-1.0,-1.5724209370547173,1.3228404594680585,0.21567761374994238,-0.8375508665422972,0.0012409298411222246,0.869829135663382
1748,0.5463421827962494,0.5463411525175451,0.0010480675381239677,4.40265851276501,2.4754357577741475,1.6552058861412526,2.963633498256559,-1.0,-1.5724217742591269,1.3228988862717634,0.21558789243138138,-0.8377421683048402,0.0012418021945694146,0.8700517319466368
1749,0.5463411630930147,0.5463401322936434,0.0010483314017349088,4.402658515140297,2.4754347375130683,1.6552057913186293,2.963645373589339,-1.0,-1.572422613081366,1.3229573602672338,0.21549809481858725,-0.8379336573058955,0.0012426761884411174,0.870274544570869
1750,0.5463401414309367,0.5463391101099004,0.0010485957041943396,4.4026585175195825,2.475433715292078,1.6552056963581485,2.9636572683757962,-1.0,-1.5724234535265937,1.3230158815560678,0.21540822074194746,-0.8381253339590167,0.001243551827941054,0.8704975740176465
1751,0.5463391178037792,0.5463380859600763,0.0010488604455939055,4.402658519902876,2.4754326911049347,1.6552056012594296,2.9636691826624895,-1.0,-1.5724242955999919,1.3230744502402125,0.21531827003125661,-0.8383171986792024,0.001244429118296104,0.8707208207702265
1752,0.5463380922052777,0.5463370598379037,0.0010491256283527294,4.402658522290188,2.475431664945372,1.6552055060220898,2.9636811164961485,-1.0,-1.5724251393067656,1.3231330664219658,0.21522824251571374,-0.838509251882904,0.0012453080647562684,0.8709442853135633
1753,0.5463370646291398,0.5463360317370869,0.001049391253405777,4.40265852468153,2.4754306368070944,1.6552054106457457,2.9636930699236728,-1.0,-1.5724259846521438,1.3231917302039775,0.21513813802391932,-0.838701493988032,0.0012461886725950563,0.8711679681343167
1754,0.5463360350690447,0.546335001651302,0.0010496573216865104,4.402658527076911,2.4754296066837767,1.6552053151300117,2.9637050429921334,-1.0,-1.572426831641378,1.3232504416892517,0.21504795638387256,-0.8388939254139627,0.0012470709471096805,0.8713918697208602
1755,0.5463350035186436,0.5463339695741971,0.001049923834549857,4.402658529476342,2.4754285745690674,1.6552052194744995,2.963717035748773,-1.0,-1.5724276802797441,1.3233092009811478,0.21495769742296855,-0.8390865465815461,0.0012479548936211735,0.8716159905632892
1756,0.5463339699715596,0.5463329354993914,0.001050190793983104,4.402658531879834,2.4754275404565855,1.6552051236788217,2.963729048241008,-1.0,-1.5724285305725412,1.3233680081833823,0.2148673609679951,-0.8392793579131125,0.0012488405174741154,0.8718403311534293
1757,0.5463329344213863,0.546331899420476,0.0010504582002799187,4.402658534287398,2.4754265043399215,1.6552050277425878,2.963741080516428,-1.0,-1.5724293825250923,1.323426863400031,0.21477694684513007,-0.8394723598324794,0.0012497278240371787,0.8720648919848446
1758,0.5463318968616898,0.5463308613310128,0.0010507260554237004,4.402658536699042,2.475425466212638,1.6552049316654054,2.963753132622797,-1.0,-1.5724302361427445,1.3234857667355304,0.21468645487993837,-0.8396655527649591,0.0012506168187033215,0.872289673552846
1759,0.546330857286005,0.5463298212245347,0.0010509943605501685,4.402658539114779,2.4754244260682663,1.6552048354468811,2.9637652046080554,-1.0,-1.5724310914308686,1.3235447182946791,0.2145958848973689,-0.8398589371373657,0.0012515075068894775,0.8725146763545
1760,0.5463298156878396,0.5463287790945454,0.0010512631167933061,4.40265854153462,2.475423383900311,1.6552047390866198,2.96377729652032,-1.0,-1.5724319483948603,1.3236037181826399,0.21450523672175173,-0.8400525133780223,0.0012523998940372936,0.8727399008886366
1761,0.5463287720606723,0.5463277349345199,0.0010515323261300093,4.402658543958572,2.475422339702246,1.6552046425842253,2.963789408407884,-1.0,-1.5724328070401394,1.3236627665049414,0.21441451017679503,-0.8402462819167683,0.0012532939856128198,0.8729653476558586
1762,0.5463277263979505,0.5463266887379028,0.0010518019888456959,4.402658546386652,2.4754212934675164,1.655204545939298,2.9638015403192206,-1.0,-1.5724336673721504,1.3237218633674803,0.21432370508558207,-0.8404402431849668,0.0012541897871068196,0.8731910171585493
1763,0.5463266786930935,0.5463256404981098,0.0010520721071243964,4.402658548818863,2.4754202451895373,1.6552044491514388,2.963813692302979,-1.0,-1.572434529396362,1.3237810088765218,0.21423282127056814,-0.8406343976155121,0.0012550873040347698,0.873416909900882
1764,0.5463256289394893,0.546324590208526,0.001052342681670307,4.402658551255221,2.4754191948616935,1.6552043522202464,2.963825864407992,-1.0,-1.5724353931182682,1.3238402031387027,0.21414185855357762,-0.8408287456428366,0.001255986541937366,0.8736430263888283
1765,0.5463245771304983,0.5463235378625074,0.0010526137144519832,4.402658553695738,2.4754181424773414,1.655204255145317,2.963838056683271,-1.0,-1.5724362585433878,1.3238994462610327,0.21405081675580084,-0.8410232877029191,0.0012568875063803284,0.8738693671301666
1766,0.5463235232594472,0.5463224834533785,0.0010528852065917903,4.402658556140421,2.475417088029804,1.6552041579262453,2.963850269178009,-1.0,-1.572437125677265,1.3239587383508966,0.21395969569779102,-0.8412180242332918,0.001257790202954596,0.8740959326344915
1767,0.5463224673196357,0.5463214269744352,0.0010531571594211734,4.402658558589283,2.475416031512378,1.6552040605626253,2.9638625019415827,-1.0,-1.5724379945254685,1.324018079516055,0.21386849519946113,-0.8414129556730479,0.0012586946372765205,0.874322723413222
1768,0.5463214093043313,0.5463203684189414,0.0010534295742695994,4.402658561042334,2.475414972918327,1.655203963054048,2.9638747550235522,-1.0,-1.5724388650935934,1.324077469864647,0.21377721508008085,-0.841608082462849,0.001259600814988061,0.8745497399796113
1769,0.546320349206772,0.5463193077801314,0.001053702452253826,4.402658563499585,2.4754139122408843,1.6552038654001042,2.963887028473661,-1.0,-1.5724397373872596,1.3241369095051918,0.21368585515827332,-0.8418034050449332,0.001260508741757056,0.8747769828487549
1770,0.5463192870201631,0.5463182450512075,0.0010539757955422117,4.402658565961048,2.475412849473253,1.6552037676003815,2.96389932234184,-1.0,-1.5724406114121132,1.3241963985465912,0.21359441525201203,-0.8419989238631229,0.001261418423276951,0.8750044525376001
1771,0.5463182227376795,0.5463171802253409,0.0010542496044046836,4.402658568426735,2.4754117846086032,1.6552036696544672,2.9639116366782052,-1.0,-1.572441487173826,1.3242559370981302,0.21350289517861767,-0.8421946393628318,0.0012623298652673432,0.8752321495649548
1772,0.5463171563524656,0.546316113295673,0.0010545238810053472,4.402658570896655,2.475410717640077,1.6552035715619455,2.96392397153306,-1.0,-1.5724423646780956,1.3243155252694796,0.2134112947547549,-0.8423905519910734,0.0012632430734740197,0.8754600744514969
1773,0.5463160878576341,0.5463150442553119,0.0010547986266634007,4.40265857337082,2.475409648560781,1.6552034733223997,2.963936326956896,-1.0,-1.5724432439306462,1.324375163170698,0.21331961379642916,-0.8425866621964687,0.0012641580536690744,0.8756882277197835
1774,0.5463150172462649,0.5463139730973356,0.0010550738426960437,4.402658575849242,2.475408577363794,1.6552033749354114,2.963948703000394,-1.0,-1.572444124937228,1.324434850912233,0.21322785211898332,-0.842782970429254,0.0012650748116511024,0.8759166098942601
1775,0.5463139445114088,0.54631289981479,0.0010553495302080753,4.4026585783319305,2.475407504042161,1.6552032764005602,2.963961099714425,-1.0,-1.5724450077036176,1.324494588604924,0.2131360095370946,-0.8429794771412886,0.0012659933532453548,0.8761452215012698
1776,0.5463128696460825,0.5463118244006883,0.0010556256909335412,4.4026585808188985,2.4754064285888955,1.6552031777174239,2.9639735171500523,-1.0,-1.5724458922356186,1.3245543763600032,0.21304408586477114,-0.8431761827860635,0.0012669136843037787,0.8763740630690627
1777,0.5463117926432701,0.5463107468480115,0.00105590232639375,4.402658583310157,2.4754053509969776,1.655203078885579,2.9639859553585293,-1.0,-1.572446778539061,1.3246142142890984,0.21295208091534873,-0.8433730878187088,0.0012678358107053656,0.8766031351278056
1778,0.5463107134959236,0.5463096671497085,0.00105617943768731,4.402658585805718,2.4754042712593565,1.6552029799045993,2.9639984143913036,-1.0,-1.5724476666198024,1.3246741025042343,0.21285999450148757,-0.843570192696002,0.0012687597383563465,0.8768324382095909
1779,0.5463096321969642,0.5463085852986962,0.0010564570263313915,4.4026585883055915,2.4754031893689485,1.655202880774058,2.9640108943000163,-1.0,-1.5724485564837267,1.3247340411178345,0.21276782643516887,-0.8437674978763761,0.0012696854731899588,0.877061972848447
1780,0.5463085487392788,0.5463075012878579,0.001056735094051049,4.402658590809791,2.4754021053186372,1.6552027814935253,2.964023395136504,-1.0,-1.5724494481367455,1.324794030242724,0.21267557652769145,-0.8439650038199281,0.001270613021167184,0.877291739580347
1781,0.546307463115722,0.5463064151100446,0.0010570136421487358,4.402658593318324,2.4754010191012723,1.6552026820625703,2.9640359169527986,-1.0,-1.572450341584798,1.32485406999213,0.2125832445896684,-0.8441627109884269,0.00127154238827636,0.8775217389432192
1782,0.5463063753191136,0.5463053267580724,0.0010572926715048541,4.402658595831207,2.475399930709671,1.655202582480761,2.964048459801131,-1.0,-1.5724512368338506,1.3249141604796855,0.21249083043102357,-0.8443606198453216,0.001272473580533685,0.8777519714769562
1783,0.5463052853422429,0.5463042362247273,0.0010575721846778766,4.40265859834845,2.4753988401366183,1.6552024827476615,2.964061023733927,-1.0,-1.5724521338898978,1.3249743018194298,0.21239833386098847,-0.8445587308557504,0.0012734066039833745,0.8779824377234248
1784,0.5463041931778629,0.5463031435027585,0.0010578521821238969,4.402658600870063,2.4753977473748625,1.6552023828628355,2.9640736088038135,-1.0,-1.5724530327589619,1.3250344941258114,0.2123057546880984,-0.8447570444865481,0.0012743414646976601,0.8782131382264764
1785,0.5463030988186942,0.5463020485848828,0.0010581326657667805,4.402658603396059,2.475396652417121,1.6552022828258461,2.9640862150636176,-1.0,-1.5724539334470933,1.3250947375136894,0.21221309272018915,-0.8449555612062551,0.001275278168777062,0.8784440735319564
1786,0.5463020022574243,0.5463009514637841,0.0010584136368983164,4.40265860592645,2.475395555256078,1.6552021826362513,2.964098842566367,-1.0,-1.5724548359603705,1.3251550320983365,0.21212034776439367,-0.8451542814851264,0.0012762167223505437,0.878675244187714
1787,0.5463009034867051,0.5462998521321101,0.0010586950974374523,4.402658608461247,2.4753944558843797,1.6552020822936098,2.9641114913652906,-1.0,-1.5724557403049009,1.3252153779954399,0.2120275196271383,-0.8453532057951391,0.001277157131575708,0.878906650743613
1788,0.5462998024991539,0.5462987505824747,0.0010589770482520267,4.402658611000466,2.4753933542946402,1.6552019817974775,2.9641241615138227,-1.0,-1.57245664648682,1.325275775321104,0.21193460811413933,-0.8455523346100017,0.0012780994026389113,0.8791382937515408
1789,0.546298699287355,0.5462976468074583,0.0010592594910467646,4.402658613544112,2.4753922504794397,1.6552018811474092,2.964136853065598,-1.0,-1.5724575545122925,1.325336224191852,0.21184161303039953,-0.8457516684051628,0.001279043541755499,0.8793701737654201
1790,0.5462975938438559,0.546296540799605,0.0010595424277334558,4.402658616092201,2.475391144431322,1.6552017803429566,2.964149566074461,-1.0,-1.5724584643875121,1.325396724724629,0.21174853418020445,-0.8459512076578195,0.0012799895551698426,0.8796022913412175
1791,0.5462964861611712,0.5462954325514254,0.001059825859383118,4.402658618644746,2.475390036142797,1.65520167938367,2.96416230059446,-1.0,-1.5724593761187011,1.3254572770368027,0.21165537136711884,-0.8461509528469263,0.001280937449155768,0.8798346470369548
1792,0.5462953762317787,0.5462943220553935,0.0010601097874838401,4.4026586212017556,2.4753889256063397,1.655201578269098,2.96417505667985,-1.0,-1.5724602897121116,1.3255178812461668,0.21156212439398311,-0.8463509044532045,0.001281887230016594,0.8800672414127191
1793,0.546294264048123,0.5462932093039491,0.0010603942137308194,4.402658623763245,2.4753878128143887,1.655201476998787,2.9641878343850965,-1.0,-1.5724612051740248,1.3255785374709421,0.21146879306290953,-0.84655106295915,0.0012828389040850942,0.8803000750306734
1794,0.5462931496026094,0.5462920942894957,0.0010606791393980507,4.402658626329226,2.4753866977593466,1.6552013755722823,2.964200633764873,-1.0,-1.572462122510752,1.325639245829779,0.2113753771752786,-0.846751428849043,0.0012837924777241562,0.880533148455067
1795,0.546292032887611,0.5462909770044003,0.0010609645663853132,4.40265862889971,2.4753855804335814,1.655201273989126,2.9642134548740637,-1.0,-1.572463041728634,1.32570000644176,0.2112818765317355,-0.8469520026089572,0.0012847479573265886,0.8807664622522459
1796,0.5462909138954615,0.5462898574409945,0.001061250496171175,4.40265863147471,2.475384460829424,1.6552011722488582,2.9642262977677656,-1.0,-1.572463962834042,1.3257608194264014,0.21118829093218616,-0.8471527847267685,0.0012857053493153926,0.8810000169906632
1797,0.5462897926184624,0.5462887355915745,0.0010615369300227254,4.4026586340542355,2.47538333893917,1.6552010703510183,2.964239162501287,-1.0,-1.572464885833377,1.325821684903656,0.2110946201757936,-0.847353775692164,0.0012866646601438394,0.8812338132408909
1798,0.5462886690488746,0.5462876114483984,0.0010618238698323185,4.402658636638303,2.4753822147550775,1.6552009682951434,2.964252049130152,-1.0,-1.5724658107330707,1.325882602993914,0.21100086406097424,-0.8475549759966515,0.0012876258962959367,0.8814678515756296
1799,0.5462875431789255,0.5462864850036887,0.001062111317071423,4.402658639226923,2.4753810882693688,1.655200866080767,2.9642649577100975,-1.0,-1.5724667375395853,1.325943573818007,0.210907022385394,-0.8477563861335687,0.0012885890642865064,0.8817021325697194
1800,0.5462864150008029,0.5462853562496296,0.0010623992727911836,4.402658641820107,2.4753799594742274,1.655200763707423,2.964277888297078,-1.0,-1.5724676662594137,1.326004597497209,0.21081309494596445,-0.8479580065980923,0.001289554170661146,0.8819366568001517
1801,0.5462852845066593,0.54628422517837,0.0010626877390856077,4.40265864441787,2.4753788283618023,1.6552006611746417,2.9642908409472657,-1.0,-1.5724685968990797,1.326065674153239,0.21071908153883911,-0.8481598378872476,0.0012905212219966559,0.8821714248460791
1802,0.5462841516886094,0.5462830917820202,0.0010629767178368067,4.40265864702022,2.4753776949242035,1.6552005584819511,2.964303815717049,-1.0,-1.5724695294651383,1.3261268039082634,0.2106249819594095,-0.8483618804999179,0.001291490224901233,0.8824064372888273
1803,0.5462830165387296,0.5462819560526524,0.0010632662098799435,4.402658649627178,2.475376559153503,1.655200455628879,2.9643168126630397,-1.0,-1.5724704639641758,1.3261879868848976,0.21053079600230118,-0.8485641349368539,0.0012924611860145887,0.8826416947119055
1804,0.5462818790490589,0.5462808179823021,0.0010635562173011838,4.402658652238748,2.475375421041736,1.6552003526149492,2.9643298318420657,-1.0,-1.5724714004028104,1.326249223206209,0.21043652346136998,-0.8487666017006833,0.0012934341120081029,0.8828771977010181
1805,0.5462807392115987,0.5462796775629658,0.0010638467413487964,4.402658654854948,2.475374280580898,1.6552002494396845,2.96434287331118,-1.0,-1.5724723387876918,1.3263105129957191,0.21034216412969792,-0.8489692812959204,0.001294409009585136,0.883112946844076
1806,0.5462795970183105,0.546278534786602,0.0010641377841035823,4.402658657475787,2.475373137762948,1.655200146102605,2.9643559371276584,-1.0,-1.5724732791255014,1.3263718563774056,0.21024771779958928,-0.8491721742289758,0.0012953858854809887,0.8833489427312078
1807,0.5462784524611196,0.5462773896451308,0.0010644293470174972,4.402658660101282,2.475371992579806,1.65520004260323,2.9643690233489988,-1.0,-1.5724742214229528,1.3264332534757048,0.2101531842625667,-0.8493752810081661,0.0012963647464634867,0.8835851859547711
1808,0.5462773055319098,0.5462762421304329,0.0010647214313315976,4.402658662731443,2.4753708450233516,1.6551999389410743,2.964382132032927,-1.0,-1.5724751656867921,1.3264947044155146,0.21005856330936712,-0.8495786021437238,0.0012973455993328623,0.8838216771093639
1809,0.5462761562225283,0.5462750922343507,0.0010650140393272645,4.402658665366284,2.475369695085427,1.6551998351156532,2.9643952632373933,-1.0,-1.572476111923798,1.3265562093221952,0.20996385472993748,-0.8497821381478072,0.0012983284509219886,0.8840584167918366
1810,0.5462750045247818,0.5462739399486864,0.0010653071718235742,4.402658668005818,2.4753685427578356,1.655199731126478,2.964408417020578,-1.0,-1.5724770601407816,1.3266177683215732,0.20986905831343108,-0.84998588953451,0.001299313308096807,0.8842954056013035
1811,0.5462738504304373,0.546272785265204,0.001065600831304928,4.402658670650057,2.475367388032339,1.6551996269730591,2.9644215934408886,-1.0,-1.572478010344587,1.326679381539943,0.2097741738482031,-0.8501898568198717,0.0013003001777562488,0.8845326441391542
1812,0.5462726939312222,0.5462716281756257,0.0010658950187939884,4.402658673299015,2.47536623090066,1.6551995226549039,2.9644347925569643,-1.0,-1.5724789625420916,1.3267410491040694,0.20967920112180674,-0.8503940405218874,0.0013012890668327019,0.8847701330090657
1813,0.5462715350188241,0.5462704686716351,0.0010661897365610647,4.402658675952707,2.4753650713544824,1.6551994181715177,2.9644480144276737,-1.0,-1.572479916740206,1.3268027711411905,0.20958413992098895,-0.8505984411605182,0.0013022799822918945,0.8850078728170143
1814,0.5462703736848908,0.5462693067448758,0.0010664849854157522,4.402658678611144,2.475363909385449,1.655199313522405,2.96446125911212,-1.0,-1.5724808729458744,1.3268645477790189,0.20948899003168614,-0.8508030592577009,0.0013032729311333994,0.8852458641712876
1815,0.5462692099210285,0.5462681423869499,0.001066780767831114,4.402658681274339,2.475362744985161,1.6551992087070662,2.9644745266696395,-1.0,-1.5724818311660747,1.3269263791457455,0.20939375123902026,-0.8510078953373591,0.001304267920390674,0.885484107682496
1816,0.5462680437188029,0.5462669755894188,0.0010670770854443261,4.402658683942305,2.475361578145181,1.6551991037249996,2.9644878171598035,-1.0,-1.5724827914078188,1.3269882653700416,0.20929842332729426,-0.8512129499254126,0.0013052649571314871,0.8857226039635854
1817,0.5462668750697398,0.5462658063438035,0.0010673739394738858,4.402658686615057,2.4753604088570285,1.6551989985757036,2.9645011306424207,-1.0,-1.5724837536781529,1.3270502065810603,0.20920300607998796,-0.8514182235497882,0.0013062640484578795,0.8859613536298494
1818,0.5462657039653223,0.546264634641583,0.0010676713313440976,4.4026586892926085,2.475359237112183,1.6551988932586719,2.964514467177536,-1.0,-1.5724847179841572,1.3271122029084408,0.2091074992797538,-0.8516237167404305,0.0013072652015064371,0.8862003572989411
1819,0.5462645303969914,0.5462634604741947,0.0010679692637243477,4.402658691974973,2.475358062902081,1.6551987877733965,2.9645278268254356,-1.0,-1.5724856843329473,1.3271742544823095,0.20901190270841247,-0.8518294300293118,0.00130826842344864,0.8864396155908857
1820,0.5462633543561491,0.5462622838330352,0.0010682677380330964,4.402658694662162,2.475356886218118,1.6551986821193674,2.9645412096466424,-1.0,-1.5724866527316725,1.327236361433283,0.20891621614694852,-0.8520353639504433,0.0013092737214909016,0.8866791291280931
1821,0.5462621758341528,0.546261104709458,0.0010685667556863962,4.402658697354192,2.475355707051649,1.6551985762960735,2.964554615701924,-1.0,-1.572487623187518,1.3272985238924702,0.20882043937550598,-0.8522415190398853,0.0013102811028749565,0.8869188985353705
1822,0.5462609948223182,0.5462599230947743,0.0010688663183056268,4.4026587000510755,2.475354525393984,1.6551984703029996,2.9645680450522893,-1.0,-1.5724885957077042,1.327360741991476,0.20872457217338408,-0.8524478958357583,0.0013112905748779784,0.8871589244399345
1823,0.5462598113119188,0.5462587389802533,0.0010691664283402394,4.402658702752824,2.475353341236392,1.6551983641396293,2.9645814977589917,-1.0,-1.5724895702994863,1.3274230158624025,0.20862861431903265,-0.8526544948782536,0.0013123021448128895,0.8873992074714239
1824,0.546258625294185,0.5462575523571209,0.0010694670865751233,4.402658705459454,2.475352154570098,1.655198257805443,2.9645949738835307,-1.0,-1.5724905469701562,1.327485345637853,0.20853256559004782,-0.8528613167096443,0.0013133158200284004,0.8876397482619129
1825,0.5462574367603036,0.5462563632165591,0.0010697682954539506,4.402658708170979,2.475350965386285,1.6551981512999194,2.964608473487651,-1.0,-1.572491525727041,1.327547731450933,0.20843642576316732,-0.853068361874296,0.0013143316079094374,0.8878805474459238
1826,0.5462562457014187,0.5462551715497082,0.0010700700565867748,4.402658710887413,2.4753497736760917,1.6551980446225356,2.9646219966333476,-1.0,-1.5724925065775044,1.327610173435254,0.20834019461426606,-0.8532756309186785,0.0013153495158773358,0.8881216056604396
1827,0.5462550521086311,0.5462539773476633,0.0010703723713735343,4.402658713608769,2.475348579430613,1.6551979377727648,2.9646355433828635,-1.0,-1.572493489528946,1.3276726717249356,0.20824387191835164,-0.8534831243913762,0.0013163695513899191,0.8883629235449175
1828,0.5462538559729954,0.5462527806014754,0.0010706752420412795,4.402658716335062,2.4753473826409005,1.6551978307500788,2.964649113798693,-1.0,-1.5724944745888025,1.3277352264546087,0.2081474574495597,-0.8536908428430996,0.0013173917219420031,0.8886045017413015
1829,0.546252657285525,0.546251581302153,0.0010709786703990201,4.402658719066306,2.4753461832979617,1.6551977235539466,2.9646627079435817,-1.0,-1.5724954617645475,1.3277978377594177,0.20805095098114923,-0.8538987868266965,0.0013184160350653965,0.888846340894036
1830,0.5462514560371861,0.5462503794406581,0.001071282657838308,4.402658721802516,2.4753449813927584,1.6551976161838355,2.96467632588053,-1.0,-1.5724964510636912,1.327860505775023,0.20795435228549802,-0.8541069568971634,0.0013194424983291723,0.8890884416500793
1831,0.5462502522189019,0.5462491750079093,0.0010715872063698751,4.402658724543702,2.4753437769162088,1.65519750863921,2.9646899676727916,-1.0,-1.5724974424937814,1.3279232306376043,0.207857661134098,-0.8543153536116571,0.0013204711193400569,0.8893308046589161
1832,0.5462490458215498,0.5462479679947786,0.0010718923182084414,4.402658727289883,2.4753425698591847,1.6551974009195316,2.964703633383879,-1.0,-1.5724984360624037,1.3279860124838632,0.2077608772975504,-0.8545239775295055,0.0013215019057424297,0.889573430572572
1833,0.5462478368359617,0.5462467583920939,0.0010721979943227624,4.402658730041071,2.4753413602125134,1.65519729302426,2.9647173230775614,-1.0,-1.5724994317771814,1.3280488514510256,0.2076640005455611,-0.8547328292122199,0.00132253486521879,0.8898163200456263
1834,0.5462466252529234,0.546245546190636,0.0010725042373358703,4.402658732797284,2.475340147966976,1.6551971849528524,2.9647310368178665,-1.0,-1.5725004296457756,1.3281117476768445,0.2075670306469358,-0.8549419092235064,0.0013235700054897563,0.8900594737352262
1835,0.5462454110631764,0.5462443313811418,0.0010728110490390076,4.402658735558529,2.4753389331133087,1.655197076704764,2.964744774669082,-1.0,-1.572501429675886,1.328174701299603,0.2074699673695753,-0.8551512181292776,0.0013246073343147662,0.8903028923011003
1836,0.5462441942574133,0.5462431139542995,0.0010731184303928052,4.4026587383248295,2.4753377156421994,1.6551969682794463,2.9647585366957596,-1.0,-1.5725024318752505,1.3282377124581175,0.20737281048047052,-0.8553607564976644,0.0013256468594916874,0.8905465764055722
1837,0.5462429748262838,0.546241893900753,0.0010734263842175913,4.402658741096193,2.4753364955442914,1.6551968596763498,2.9647723229627125,-1.0,-1.5725034362516461,1.3283007812917396,0.20727555974569783,-0.8555705248990277,0.0013266885888575956,0.890790526713575
1838,0.5462417527603867,0.5462406712110975,0.0010737349118819701,4.402658743872637,2.4753352728101796,1.655196750894921,2.96478613353502,-1.0,-1.572504442812889,1.3283639079403595,0.20717821493041394,-0.8557805239059709,0.0013277325302888125,0.8910347438926647
1839,0.5462405280502763,0.546239445875882,0.0010740440153722659,4.4026587466541764,2.475334047430413,1.655196641934605,2.964799968478028,-1.0,-1.572505451566834,1.328427092544409,0.207080775798851,-0.8559907540933513,0.0013287786917011394,0.891279228613035
1840,0.5462393006864582,0.5462382178856076,0.0010743536968782707,4.402658749440826,2.475332819395492,1.6551965327948441,2.9648138278573497,-1.0,-1.5725064625213763,1.3284903352448638,0.20698324211431174,-0.8562012160382927,0.0013298270810501293,0.891523981547531
1841,0.5462380706593911,0.5462369872307274,0.0010746639577598517,4.402658752232599,2.4753315886958704,1.6551964234750773,2.964827711738867,-1.0,-1.5725074756844502,1.3285536361832473,0.20688561363916436,-0.8564119103201975,0.0013308777063314751,0.8917690033716635
1842,0.5462368379594849,0.546235753901647,0.0010749748002006018,4.402658755029512,2.475330355321952,1.6551963139747423,2.9648416201887335,-1.0,-1.5725084910640306,1.328616995501632,0.20678789013483748,-0.8566228375207585,0.0013319305755809324,0.8920142947636241
1843,0.5462356025771014,0.5462345178887235,0.001075286225761154,4.402658757831582,2.475329119264094,1.655196204293274,2.9648555532733747,-1.0,-1.5725095086681324,1.3286804133426444,0.20669007136181514,-0.8568339982239723,0.0013329856968750569,0.8922598564042988
1844,0.5462343645025535,0.5462332791822643,0.0010755982370315783,4.4026587606388174,2.475327880512604,1.6551960944301027,2.964869511059489,-1.0,-1.5725105285048113,1.3287438898494668,0.2065921570796317,-0.857045393016151,0.0013340430783310502,0.8925056889772832
1845,0.5462331237261048,0.5462320377725287,0.001075910835566095,4.4026587634512415,2.475326639057741,1.6551959843846595,2.964883493614053,-1.0,-1.5725115505821636,1.3288074251658397,0.20649414704686642,-0.8572570224859346,0.001335102728107264,0.8927517931688971
1846,0.5462318802379711,0.5462307936497269,0.0010762240231224774,4.402658766268865,2.4753253948897136,1.6551958741563702,2.964897501004317,-1.0,-1.5725125749083269,1.3288710194360664,0.20639604102113873,-0.8574688872243044,0.001336164654403395,0.8929981696681991
1847,0.5462306340283163,0.5462295468040184,0.001076537801661746,4.4026587690917,2.4753241479986823,1.6551957637446588,2.9649115332978098,-1.0,-1.5725136014914802,1.3289346728050149,0.20629783875910268,-0.8576809878245949,0.0013372288654607172,0.8932448191670022
1848,0.5462293850872559,0.5462282972255131,0.0010768521733478633,4.402658771919769,2.475322898374756,1.6551956531489465,2.964925590562344,-1.0,-1.572514630339844,1.3289983854181209,0.20619954001644175,-0.8578933248825074,0.0013382953695625103,0.8934917423598875
1849,0.5462281334048541,0.5462270449042704,0.0010771671405474254,4.402658774753083,2.475321646007994,1.6551955423686524,2.9649396728660093,-1.0,-1.572515661461681,1.3290621574213914,0.20610114454786363,-0.8581058989961221,0.0013393641750340595,0.893738939944221
1850,0.5462268789711255,0.5462257898302997,0.0010774827041807357,4.402658777591658,2.475320390888405,1.655195431403193,2.9649537802771806,-1.0,-1.572516694865296,1.3291259889614075,0.2060026521070948,-0.8583187107659117,0.001340435290243082,0.8939864126201678
1851,0.546225621776032,0.5462245319935585,0.0010777988668141654,4.40265878043551,2.4753191330059465,1.655195320251981,2.9649679128645166,-1.0,-1.572517730559036,1.329189880185328,0.20590406244687534,-0.8585317607947544,0.0013415087236002337,0.8942341610907071
1852,0.5462243618094866,0.5462232713839533,0.001078115631010079,4.402658783284654,2.4753178723505247,1.6551952089144262,2.9649820706969634,-1.0,-1.5725187685512911,1.3292538312408912,0.2058053753189533,-0.8587450496879466,0.00134258448355903,0.8944821860616485
1853,0.5462230990613479,0.5462220079913389,0.0010784329974737664,4.402658786139105,2.475316608911994,1.655195097389938,2.9649962538437546,-1.0,-1.5725198088504946,1.3293178422764196,0.20570659047407935,-0.8589585780532167,0.0013436625786161964,0.8947304882416477
1854,0.5462218335214243,0.5462207418055179,0.0010787509691728638,4.40265878899888,2.4753153426801564,1.6551949856779207,2.9650104623744133,-1.0,-1.5725208514651225,1.329381913440822,0.20560770766200145,-0.8591723465007381,0.0013447430173121736,0.8949790683422211
1855,0.5462205651794718,0.5462194728162411,0.0010790695480416238,4.402658791863995,2.4753140736447623,1.6551948737777764,2.9650246963587534,-1.0,-1.572521896403695,1.3294460448835974,0.20550872663145908,-0.859386355643143,0.0013458258082310786,0.8952279270777623
1856,0.5462192940251928,0.5462182010132057,0.001079388735599566,4.4026587947344655,2.475312801795509,1.6551947616889053,2.9650389558668824,-1.0,-1.5725229436747763,1.3295102367548375,0.2054096471301778,-0.8596006060955356,0.0013469109600013256,0.895477065165558
1857,0.5462180200482374,0.5462169263860568,0.0010797085343916474,4.402658797610307,2.4753115271220403,1.6551946494107037,2.9650532409692008,-1.0,-1.572523993286974,1.3295744892052306,0.20531046890486387,-0.8598150984755057,0.0013479984812957827,0.8957264833258037
1858,0.5462167432382025,0.5462156489243855,0.0010800289461364106,4.402658800491535,2.4753102496139476,1.6551945369425654,2.9650675517364062,-1.0,-1.5725250452489408,1.3296388023860646,0.20521119170119823,-0.8600298334031429,0.0013490883808319658,0.8959761822816201
1859,0.5462154635846304,0.5462143686177293,0.001080349973371439,4.402658803378168,2.4753089692607686,1.6551944242838816,2.9650818882394945,-1.0,-1.5725260995693742,1.32970317644923,0.20511181526383104,-0.8602448115010498,0.0013501806673723875,0.896226162759069
1860,0.5462141810770097,0.5462130854555709,0.0010806716173974375,4.402658806270218,2.475307686051985,1.6551943114340408,2.96509625054976,-1.0,-1.5725271562570164,1.3297676115472237,0.205012339336376,-0.8604600333943566,0.0013512753497250244,0.8964764254871698
1861,0.5462128957047743,0.5462117994273394,0.001080993881155771,4.402658809167706,2.475306399977025,1.6551941983924279,2.9651106387387993,-1.0,-1.572528215320656,1.3298321078331519,0.20491276366140454,-0.8606754997107345,0.001352372436743317,0.896726971197916
1862,0.5462116074573042,0.5462105105224091,0.0010813167661458112,4.402658812070645,2.4753051110252633,1.6551940851584253,2.965125052878511,-1.0,-1.5725292767691257,1.3298966654607338,0.20481308798044,-0.8608912110804101,0.0013534719373267906,0.8969778006262917
1863,0.5462103163239223,0.5462092187300978,0.0010816402746852097,4.402658814979053,2.475303819186017,1.6551939717314128,2.965139493041099,-1.0,-1.5725303406113056,1.3299612845843047,0.2047133120339519,-0.8611071681361796,0.0013545738604211727,0.8972289145102884
1864,0.5462090222938983,0.5462079240396696,0.0010819644086773248,4.402658817892944,2.47530252444855,1.6551938581107668,2.9651539592990726,-1.0,-1.5725314068561211,1.3300259653588193,0.20461343556134998,-0.8613233715134232,0.0013556782150187423,0.8974803135909215
1865,0.5462077253564444,0.5462066264403304,0.001082289170432476,4.402658820812336,2.4753012268020678,1.6551937442958613,2.965168451725251,-1.0,-1.5725324755125452,1.3300907079398556,0.20451345830097822,-0.8615398218501192,0.0013567850101586414,0.8977319986122475
1866,0.5462064255007162,0.5462053259212318,0.0010826145620520208,4.402658823737248,2.4752999262357216,1.6551936302860664,2.9651829703927617,-1.0,-1.5725335465895969,1.330155512483618,0.20441337999010908,-0.8617565197868592,0.001357894254927107,0.8979839703213808
1867,0.5462051227158149,0.5462040224714679,0.0010829405856336949,4.402658826667693,2.4752986227386047,1.6551935160807498,2.9651975153750443,-1.0,-1.5725346200963428,1.3302203791469407,0.2043132003649374,-0.8619734659668618,0.0013590059584579388,0.8982362294685111
1868,0.5462038169907808,0.5462027160800751,0.0010832672432716049,4.402658829603689,2.475297316299754,1.655193401679277,2.9652120867458525,-1.0,-1.5725356960418975,1.3302853080872912,0.2042129191605742,-0.862190661035988,0.0013601201299328473,0.8984887768069207
1869,0.5462025083146002,0.5462014067360329,0.0010835945368513067,4.402658832545253,2.475296006908147,1.6551932870810093,2.965226684579256,-1.0,-1.5725367744354226,1.330350299462774,0.2041125361110409,-0.8624081056427558,0.0013612367785815719,0.8987416130930016
1870,0.5462011966762004,0.5462000944282631,0.0010839224696889318,4.402658835492404,2.4752946945527072,1.6551931722853046,2.965241308949639,-1.0,-1.5725378552861287,1.3304153534321348,0.20401205094926306,-0.8626258004383556,0.0013623559136822685,0.8989947390862731
1871,0.5461998820644499,0.546198779145629,0.0010842510426379837,4.402658838445155,2.475293379222296,1.6551930572915194,2.965255959931706,-1.0,-1.5725389386032744,1.330480470154762,0.20391146340706404,-0.862843746076664,0.001363477544562093,0.8992481555494
1872,0.5461985644681597,0.5461974608769351,0.0010845802585970855,4.402658841403525,2.4752920609057183,1.655192942099006,2.965270637600483,-1.0,-1.5725400243961678,1.3305456497906922,0.20381077321515906,-0.8630619432142606,0.001364601680597123,0.8995018632482094
1873,0.5461972438760798,0.546196139610927,0.0010849101192322034,4.40265884436753,2.4752907395917187,1.655192826707113,2.9652853420313177,-1.0,-1.5725411126741653,1.330610892500614,0.20370998010314875,-0.863280392510442,0.0013657283312129022,0.8997558629517092
1874,0.5461959202769031,0.5461948153362906,0.0010852406272291522,4.4026588473371895,2.4752894152689833,1.6551927111151878,2.965300073299883,-1.0,-1.5725422034466734,1.3306761984458695,0.2036090837995129,-0.8634990946272375,0.0013668575058849066,0.9000101554321065
1875,0.5461945936592612,0.5461934880416525,0.0010855717846556957,4.40265885031252,2.4752880879261374,1.6551925953225728,2.9653148314821784,-1.0,-1.5725432967231483,1.3307415677884604,0.20350808403160414,-0.8637180502294252,0.001367989214138622,0.900264741464825
1876,0.5461932640117263,0.5461921577155786,0.0010859035939848704,4.402658853293536,2.475286757551748,1.6551924793286081,2.9653296166545307,-1.0,-1.5725443925130966,1.3308070006910504,0.20340698052564155,-0.8639372599845466,0.0013691234655500496,0.9005196218285237
1877,0.5461919313228089,0.5461908243465737,0.0010862360570722714,4.40265885628026,2.475285424134318,1.6551923631326306,2.9653444288935975,-1.0,-1.5725454908260756,1.3308724973169688,0.20330577300670408,-0.8641567245629231,0.0013702602697459388,0.9007747973051152
1878,0.546190595580959,0.5461894879230821,0.0010865691761787523,4.402658859272705,2.475284087662292,1.6551922467339735,2.9653592682763685,-1.0,-1.572546591671693,1.3309380578302148,0.20320446119872432,-0.8643764446376714,0.00137139963640437,0.9010302686797845
1879,0.5461892567745644,0.5461881484334861,0.001086902953969792,4.402658862270891,2.4752827481240516,1.655192130131968,2.965374134880167,-1.0,-1.5725476950596078,1.331003682395461,0.2031030448244817,-0.8645964208847193,0.0013725415752547554,0.9012860367410075
1880,0.5461879148919538,0.5461868058661072,0.0010872373924937185,4.402658865274834,2.4752814055079178,1.6551920133259408,2.965389028782654,-1.0,-1.572548800999531,1.3310693711780575,0.20300152360559606,-0.8648166539828225,0.0013736860960784593,0.9015421022805695
1881,0.5461865699213898,0.5461854602092031,0.001087572493795137,4.402658868284553,2.4752800598021487,1.6551918963152161,2.9654039500618263,-1.0,-1.5725499095012252,1.3311351243440355,0.20289989726252103,-0.86503714461358,0.001374833208709071,0.9017984660935848
1882,0.5461852218510735,0.5461841114509693,0.0010879082609354374,4.402658871300066,2.4752787109949383,1.6551917790991133,2.9654188987960226,-1.0,-1.5725510205745057,1.3312009420601112,0.20279816551453725,-0.8652578934614504,0.0013759829230328715,0.9020551289785154
1883,0.5461838706691449,0.5461827595795383,0.0010882446951346594,4.402658874321389,2.4752773590744193,1.6551916616769509,2.965433875063922,-1.0,-1.57255213422924,1.3312668244936892,0.2026963280797457,-0.865478901213769,0.0013771352489888712,0.9023120917371905
1884,0.5461825163636775,0.5461814045829786,0.0010885817994458944,4.402658877348544,2.47527600402866,1.6551915440480423,2.9654488789445494,-1.0,-1.5725532504753486,1.3313327718128671,0.20259438467506088,-0.8657001685607636,0.001378290196569433,0.9025693551748256
1885,0.5461811589226824,0.5461800464492945,0.0010889195763054812,4.402658880381545,2.475274645845664,1.6551914262116987,2.965463910517274,-1.0,-1.572554369322806,1.3313987841864394,0.20249233501620412,-0.8659216961955712,0.001379447775820737,0.9028269201000424
1886,0.5461797983341056,0.5461786851664271,0.001089258027533946,4.402658883420412,2.475273284513371,1.6551913081672267,2.965478969861814,-1.0,-1.5725554907816395,1.331464861783901,0.20239017881769658,-0.8661434848142556,0.0013806079968428989,0.9030847873248878
1887,0.5461784345858273,0.5461773207222494,0.0010895971557634456,4.402658886465164,2.4752719200196553,1.6551911899139309,2.9654940570582378,-1.0,-1.5725566148619319,1.3315310047754518,0.20228791579285232,-0.8663655351158228,0.001381770869790512,0.9033429576648546
1888,0.5461770676656641,0.5461759531045723,0.0010899369634178825,4.402658889515816,2.4752705523523266,1.655191071451111,2.9655091721869646,-1.0,-1.5725577415738194,1.331597213332,0.20218554565377145,-0.8665878478022396,0.0013829364048729212,0.9036014319389007
1889,0.5461756975613662,0.5461745823011391,0.001090277452916868,4.402658892572391,2.4752691814991272,1.6551909527780648,2.9655243153287714,-1.0,-1.5725588709274936,1.3316634876251665,0.20208306811133286,-0.8668104235784495,0.0013841046123546877,0.9038602109694697
1890,0.5461743242606153,0.5461732082996265,0.0010906186262685273,4.402658895634905,2.475267807447734,1.6551908338940853,2.9655394865647877,-1.0,-1.572560002933201,1.3317298278272895,0.20198048287518747,-0.8670332631523905,0.0013852755025559784,0.9041192955825107
1891,0.5461729477510308,0.5461718310876459,0.001090960486494846,4.402658898703376,2.475266430185758,1.6551907147984624,2.9655546859765036,-1.0,-1.5725611376012443,1.331796234111428,0.20187778965375078,-0.8672563672350126,0.001386449085852838,0.9043786866074991
1892,0.5461715680201594,0.5461704506527392,0.0010913030355953924,4.402658901777823,2.4752650497007407,1.6551905954904835,2.9655699136457696,-1.0,-1.5725622749419819,1.3318627066513655,0.2017749881541959,-0.8674797365402951,0.0013876253726776934,0.9046383848774572
1893,0.5461701850554852,0.546169066982383,0.0010916462759727314,4.402658904858266,2.4752636659801577,1.6551904759694316,2.965585169654799,-1.0,-1.5725634149658283,1.3319292456216154,0.20167207808244622,-0.8677033717852641,0.0013888043735197043,0.9048983912289743
1894,0.5461687988444198,0.5461676800639836,0.0010919902104317748,4.402658907944723,2.4752622790114156,1.655190356234585,2.9656004540861702,-1.0,-1.5725645576832559,1.3319958511974246,0.20156905914316825,-0.8679272736900108,0.0013899860989253067,0.9051587065022284
1895,0.5461674093743083,0.5461662898848795,0.0010923348407562074,4.402658911037213,2.4752608887818512,1.6551902362852218,2.9656157670228285,-1.0,-1.5725657031047935,1.332062523554777,0.20146593103976398,-0.8681514429777084,0.001391170559498213,0.9054193315410065
1896,0.5461660166324273,0.5461648964323398,0.0010926801703518235,4.402658914135757,2.475259495278735,1.6551901161206126,2.9656311085480893,-1.0,-1.5725668512410276,1.3321292628703991,0.20136269347436384,-0.8683758803746315,0.0013923577659002275,0.9056802671927261
1897,0.5461646206059825,0.5461634996935647,0.0010930262009936028,4.402658917240369,2.4752580984892654,1.6551899957400273,2.965646478745638,-1.0,-1.572568002102603,1.3321960693217636,0.201259346147819,-0.8686005866101733,0.00139354772885152,0.9059415143084566
1898,0.5461632212821096,0.5461620996556827,0.0010933729354683426,4.402658920351073,2.475256698400571,1.65518987514273,2.9656618776995365,-1.0,-1.5725691557002228,1.3322629430870938,0.20115588875969398,-0.8688255624168638,0.0013947404591309344,0.9062030737429404
1899,0.5461618186478736,0.546160696305753,0.0010937203759488982,4.402658923467887,2.4752552949997098,1.655189754327984,2.9656773054942196,-1.0,-1.5725703120446493,1.3323298843453675,0.20105232100825896,-0.8690508085303892,0.0013959359675766126,0.906464946354615
1900,0.546160412690269,0.5461592896307629,0.00109406852521286,4.4026589265908305,2.4752538882736697,1.6551896332950444,2.965692762214504,-1.0,-1.5725714711467034,1.3323968932763228,0.20094864259048242,-0.8692763256896097,0.0013971342650861485,0.9067271330056345
1901,0.5461590033962178,0.5461578796176281,0.001094417386032911,4.402658929719921,2.4752524782093652,1.6551895120431674,2.965708247945584,-1.0,-1.5725726330172665,1.3324639700604604,0.20084485320202308,-0.869502114636578,0.0013983353626173267,0.9069896345618916
1902,0.5461575907525716,0.5461564662531931,0.0010947669605683445,4.402658932855183,2.4752510647936408,1.6551893905716029,2.965723762773039,-1.0,-1.5725737976672798,1.33253111487905,0.2007409525372225,-0.869728176116559,0.0013995392711882392,0.9072524518930402
1903,0.5461561747461061,0.5461550495242272,0.001095117251582581,4.402658935996629,2.475249648013265,1.6551892688795975,2.965739306782832,-1.0,-1.572574965107745,1.3325983279141338,0.20063694028909715,-0.8699545108780482,0.0014007460018778683,0.9075155858725168
1904,0.5461547553635274,0.5461536294174295,0.00109546826163141,4.402658939144286,2.4752482278549364,1.6551891469663937,2.9657548800613154,-1.0,-1.5725761353497245,1.3326656093485316,0.20053281614933058,-0.870181119672791,0.0014019555658265526,0.9077790373775638
1905,0.5461533325914649,0.5461522059194232,0.0010958199928606768,4.402658942298169,2.4752468043052778,1.6551890248312304,2.96577048269523,-1.0,-1.572577308404343,1.3327329593658446,0.20042857980826542,-0.870408003255802,0.0014031679742363757,0.9080428072892517
1906,0.5461519064164763,0.5461507790167587,0.001096172448627434,4.402658945458298,2.4752453773508396,1.6551889024733435,2.9657861147717104,-1.0,-1.5725784842827866,1.3328003781504605,0.20032423095489557,-0.8706351623853845,0.0014043832383714772,0.9083068964925018
1907,0.5461504768250424,0.5461493486959099,0.001096525631067996,4.4026589486246985,2.475243946978094,1.6551887798919638,2.965801776378286,-1.0,-1.5725796629963036,1.3328678658875581,0.200219769276858,-0.8708625978231498,0.0014056013695587912,0.9085713058761098
1908,0.5461490438035702,0.5461479149432771,0.0010968795427193495,4.402658951797384,2.475242513173442,1.6551886570863192,2.9658174676028803,-1.0,-1.5725808445562048,1.3329354227631118,0.20011519446042486,-0.8710903103340373,0.0014068223791883173,0.9088360363327682
1909,0.5461476073383914,0.5461464777451848,0.001097234186720861,4.402658954976378,2.4752410759232077,1.6551885340556325,2.965833188533821,-1.0,-1.5725820289738648,1.3330030489638969,0.20001050619049515,-0.8713183006863341,0.0014080462787134718,0.9091010887590901
1910,0.5461461674157578,0.5461450370878781,0.0010975895649925657,4.4026589581617,2.4752396352136348,1.655188410799124,2.965848939259835,-1.0,-1.5725832162607218,1.333070744677493,0.19990570415058653,-0.871546569651695,0.0014092730796517472,0.9093664640556328
1911,0.5461447240218493,0.5461435929575299,0.0010979456810684331,4.402658961353372,2.4752381910308965,1.6551882873160089,2.965864719870055,-1.0,-1.5725844064282775,1.3331385100922903,0.19980078802282716,-0.871775118005163,0.0014105027935849457,0.909632163126921
1912,0.5461432771427643,0.5461421453402314,0.0010983025370611722,4.402658964551411,2.4752367433610827,1.6551881636054993,2.9658805304540192,-1.0,-1.572585599488099,1.3332063453974934,0.19969575748794727,-0.8720039465251895,0.0014117354321599952,0.9098981868814708
1913,0.546141826764525,0.546140694221998,0.00109866013568557,4.402658967755844,2.4752352921902094,1.6551880396668026,2.9658963711016777,-1.0,-1.5725867954518178,1.3332742507831266,0.1995906122252707,-0.8722330559936544,0.0014129710070889879,0.9101645362318141
1914,0.5461403728730753,0.5461392395887658,0.0010990184796513783,4.402658970966686,2.475233837504211,1.6551879154991223,2.96591224190339,-1.0,-1.5725879943311314,1.3333422264400385,0.19948535191270658,-0.8724624471958873,0.0014142095301501135,0.9104312120945227
1915,0.5461389154542787,0.5461377814263911,0.0010993775720672494,4.402658974183958,2.4752323792889444,1.655187791101658,2.965928142949932,-1.0,-1.5725891961378031,1.3334102725599073,0.19937997622674075,-0.872692120920688,0.0014154510131876197,0.9106982153902323
1916,0.5461374544939191,0.5461363197206514,0.0010997374150267171,4.402658977407684,2.4752309175301854,1.6551876664736052,2.9659440743324965,-1.0,-1.5725904008836629,1.333478389335245,0.199274484842427,-0.8729220779603475,0.0014166954681127841,0.9109655470436677
1917,0.546135989977701,0.5461348544572439,0.0011000980120319283,4.4026589806378835,2.4752294522136316,1.6551875416141553,2.9659600361426963,-1.0,-1.5725916085806073,1.3335465769594035,0.19916887743337863,-0.8731523191106689,0.0014179429069040694,0.9112332079836672
1918,0.5461345218912473,0.5461333856217836,0.001100459365166472,4.402658983874577,2.4752279833248974,1.6551874165224953,2.9659760284725665,-1.0,-1.5725928192406005,1.3336148356265787,0.19906315367175964,-0.8733828451709894,0.0014191933416077451,0.9115011991432078
1919,0.5461330502201005,0.5461319131998055,0.0011008214775181876,4.402658987117788,2.4752265108495175,1.6551872911978083,2.9659920514145663,-1.0,-1.5725940328756745,1.3336831655318158,0.1989573132282759,-0.8736136569442009,0.0014204467843383151,0.91176952145943
1920,0.5461315749497184,0.546130437176761,0.0011011843519676448,4.402658990367534,2.475225034772942,1.6551871656392725,2.966008105061584,-1.0,-1.5725952494979303,1.3337515668710147,0.1988513557721663,-0.873844755236772,0.001421703247279139,0.9120381758736639
1921,0.546130096065479,0.5461289575380196,0.0011015479911884647,4.402658993623841,2.4752235550805404,1.6551870398460635,2.966024189506937,-1.0,-1.5725964691195373,1.3338200398409348,0.19874528097119384,-0.8740761408587697,0.0014229627426828606,0.9123071633314538
1922,0.5461286135526752,0.5461274742688679,0.0011019123982521674,4.4026589968867285,2.4752220717575986,1.6551869138173505,2.9660403048443764,-1.0,-1.5725976917527345,1.3338885846392003,0.19863908849163667,-0.8743078146238816,0.0014242252828718337,0.9125764847825848
1923,0.546127127396517,0.5461259873545073,0.0011022775754188445,4.402659000156217,2.4752205847893176,1.655186787552301,2.9660564511680887,-1.0,-1.5725989174098307,1.3339572014643055,0.19853277799827884,-0.8745397773494377,0.0014254908802387844,0.9128461411811084
1924,0.5461256375821298,0.5461244967800558,0.001102643526353607,4.402659003432331,2.475219094160815,1.6551866610500752,2.966072628572699,-1.0,-1.5726001461032055,1.3340258905156201,0.19842634915440147,-0.8747720298564328,0.0014267595472471205,0.9131161334853685
1925,0.5461241440945526,0.5461230025305456,0.0011030102531046147,4.402659006715088,2.4752175998571224,1.6551865343098309,2.9660888371532743,-1.0,-1.5726013778453094,1.3340946519933945,0.19831980162177318,-0.8750045729695487,0.0014280312964318263,0.9133864626580281
1926,0.5461226469187398,0.546121504590923,0.0011033777589231168,4.402659010004515,2.4752161018631855,1.655186407330721,2.966105077005325,-1.0,-1.572602612648664,1.3341634860987646,0.19821313506064103,-0.8752374075171774,0.0014293061403995398,0.913657129666096
1927,0.5461211460395596,0.5461200029460479,0.0011037460468532134,4.402659013300632,2.4752146001638637,1.6551862801118942,2.966121348224808,-1.0,-1.5726038505258635,1.334232393033758,0.1981063491297212,-0.8754705343314436,0.0014305840918294465,0.9139281354809529
1928,0.5461196414417926,0.5461184975806939,0.0011041151197321785,4.40265901660346,2.4752130947439297,1.6551861526524942,2.9661376509081303,-1.0,-1.5726050914895744,1.3343013730012991,0.19799944348618928,-0.8757039542482276,0.0014318651634735514,0.9141994810783787
1929,0.5461181331101307,0.5461169884795455,0.0011044849803918243,4.402659019913024,2.475211585588068,1.6551860249516614,2.9661539851521517,-1.0,-1.5726063355525364,1.3343704262052143,0.19789241778567113,-0.8759376681071882,0.001433149368157417,0.9144711674385804
1930,0.5461166210291796,0.5461154756271996,0.001104855631859462,4.402659023229343,2.475210072680875,1.6551858970085296,2.966170351054186,-1.0,-1.5726075827275627,1.3344395528502382,0.1977852716822331,-0.876171676751787,0.001434436718780553,0.9147431955462185
1931,0.546115105183455,0.5461139590081643,0.0011052270767548398,4.402659026552444,2.4752085560068577,1.6551857688222305,2.9661867487120075,-1.0,-1.572608833027541,1.334508753142018,0.19767800482837225,-0.8764059810293108,0.0014357272283169976,0.9150155663904354
1932,0.5461135855573819,0.5461124386068574,0.0011055993186966635,4.402659029882345,2.4752070355504334,1.6551856403918899,2.9662031782238487,-1.0,-1.5726100864654335,1.3345780272871202,0.197570616875007,-0.8766405817908962,0.001437020909816096,0.9152882809648822
1933,0.5461120621352974,0.5461109144076072,0.0011059723604939745,4.402659033219072,2.4752055112959304,1.6551855117166283,2.9662196396884086,-1.0,-1.5726113430542779,1.3346473754930361,0.19746310747146695,-0.8768754798915532,0.0014383177764026157,0.9155613402677483
1934,0.5461105349014443,0.546109386394649,0.0011063462047495934,4.402659036562648,2.4752039832275834,1.655185382795564,2.9662361332048532,-1.0,-1.5726126028071876,1.3347167979681867,0.1973554762654832,-0.8771106761901888,0.0014396178412777972,0.9158347453017884
1935,0.5461090038399774,0.5461078545521287,0.0011067208548636142,4.402659039913091,2.4752024513295368,1.655185253627808,2.9662526588728166,-1.0,-1.5726138657373525,1.3347862949219294,0.19724772290317838,-0.877346171549632,0.0014409211177195081,0.9161084970743515
1936,0.5461074689349555,0.5461063188640987,0.0011070963138286433,4.402659043270431,2.4752009155858437,1.6551851242124684,2.966269216792408,-1.0,-1.5726151318580397,1.3348558665645631,0.19713984702905651,-0.8775819668366581,0.0014422276190832928,0.9163825965974096
1937,0.5461059301703474,0.5461047793145181,0.0011074725844309652,4.402659046634688,2.475199375980462,1.6551849945486472,2.966285807064212,-1.0,-1.5726164011825938,1.3349255131073345,0.197031848285993,-0.8778180629220131,0.0014435373588023337,0.9166570448875868
1938,0.5461043875300258,0.5461032358872523,0.0011078496702530123,4.4026590500058855,2.4751978324972566,1.6551848646354426,2.9663024297892915,-1.0,-1.5726176737244375,1.3349952347624436,0.19692372631522428,-0.8780544606804389,0.0014448503503886945,0.9169318429661882
1939,0.5461028409977703,0.5461016885660722,0.0011082275740691072,4.402659053384046,2.4751962851199973,1.655184734471948,2.966319085069192,-1.0,-1.5726189494970724,1.3350650317430497,0.19681548075633776,-0.8782911609906979,0.0014461666074332036,0.9172069918592297
1940,0.5461012905572654,0.5461001373346543,0.0011086062990485666,4.402659056769196,2.475194733832361,1.6551846040572515,2.966335773005946,-1.0,-1.5726202285140791,1.3351349042632772,0.19670711124726123,-0.8785281647355988,0.0014474861436067365,0.9174824925974674
1941,0.5460997361920992,0.5460985821765779,0.0011089858481543346,4.4026590601613576,2.4751931786179258,1.6551844733904364,2.9663524937020718,-1.0,-1.572621510789119,1.3352048525382223,0.19659861742425264,-0.8787654728020217,0.0014488089726606046,0.9177583462164273
1942,0.5460981778857624,0.5460970230753261,0.0011093662247437781,4.402659063560553,2.4751916194601744,1.6551843424705819,2.9663692472605803,-1.0,-1.5726227963359332,1.335274876783958,0.19648999892188934,-0.8790030860809438,0.0014501351084267489,0.918034553756436
1943,0.5460966156216491,0.5460954600142842,0.0011097474321678142,4.402659066966808,2.4751900563424916,1.655184211296761,2.9663860337849783,-1.0,-1.5726240851683444,1.3353449772175412,0.19638125537305767,-0.8792410054674655,0.0014514645648191005,0.9183111162626506
1944,0.5460950493830564,0.5460938929767405,0.0011101294729708294,4.402659070380146,2.475188489248165,1.6551840798680422,2.96640285337927,-1.0,-1.5726253773002574,1.3354151540570183,0.19627238640894212,-0.8794792318608363,0.0014527973558332698,0.9185880347850897
1945,0.546093479153181,0.5460923219458831,0.0011105123510914724,4.402659073800594,2.475186918160382,1.6551839481834902,2.96641970614796,-1.0,-1.5726266727456588,1.3354854075214313,0.19616339165901464,-0.879717766164481,0.001454133495548139,0.9188653103786638
1946,0.54609190491512,0.5460907469048017,0.001110896069061922,4.40265907722817,2.4751853430622317,1.655183816242163,2.966436592196057,-1.0,-1.5726279715186184,1.3355557378308247,0.19605427075102377,-0.8799566092860266,0.0014554729981258242,0.9191429441032068
1947,0.5460903266518705,0.5460891678364833,0.0011112806308076276,4.402659080662905,2.475183763936701,1.655183684043114,2.96645351162908,-1.0,-1.5726292736332905,1.335626145206251,0.19594502331098354,-0.8801957621373283,0.001456815877812724,0.9194209370235074
1948,0.5460887443463296,0.5460875847238171,0.0011116660390482484,4.40265908410482,2.4751821807666774,1.655183551585392,2.966470464553057,-1.0,-1.5726305791039124,1.3356966298697777,0.19583564896316266,-0.880435225634497,0.001458162148939597,0.9196992902093404
1949,0.5460871579812904,0.5460859975495874,0.0011120522972964295,4.402659087553939,2.475180593534946,1.6551834188680399,2.966487451074531,-1.0,-1.5726318879448073,1.3357671920444931,0.19572614733007315,-0.8806750006979266,0.0014595118259230003,0.9199780047354987
1950,0.5460855675394448,0.5460844062964774,0.00111243940865879,4.402659091010292,2.4751790022241886,1.6551832858900961,2.9665044713005635,-1.0,-1.572633200170384,1.3358378319545132,0.19561651803245922,-0.8809150882523206,0.0014608649232652107,0.9202570816818259
1951,0.5460839730033805,0.5460828109470657,0.001112827376634734,4.402659094473898,2.475177406816983,1.6551831526505938,2.9665215253387354,-1.0,-1.5726345157951374,1.335908549824988,0.19550676068928602,-0.8811554892267203,0.0014622214555554305,0.9205365221332479
1952,0.5460823743555819,0.5460812114838276,0.0011132162045173525,4.402659097944786,2.4751758072958046,1.6551830191485606,2.9665386132971543,-1.0,-1.5726358348336493,1.3359793458821083,0.19539687491772814,-0.8813962045545325,0.0014635814374701363,0.920816327179806
1953,0.5460807715784266,0.5460796078891325,0.0011136058957925423,4.402659101422978,2.475174203643021,1.6551828853830186,2.966555735284454,-1.0,-1.5726371573005893,1.3360502203531122,0.19528686033315817,-0.8816372351735576,0.0014649448837738568,0.9210964979166898
1954,0.5460791646541877,0.5460780001452435,0.0011139964533413535,4.402659104908502,2.4751725958408963,1.6551827513529855,2.9665728914098017,-1.0,-1.5726384832107152,1.3361211734662912,0.195176716549135,-0.8818785820260177,0.001466311809319755,0.9213770354442706
1955,0.5460775535650312,0.5460763882343189,0.0011143878808357916,4.402659108401383,2.4751709838715863,1.655182617057472,2.9665900817828987,-1.0,-1.5726398125788739,1.3361922054509983,0.19506644317739225,-0.882120246058585,0.0014676822290506,0.9216579408681345
1956,0.5460759382930156,0.5460747721384073,0.001114780181741491,4.402659111901646,2.4751693677171405,1.6551824824954855,2.966607306513984,-1.0,-1.5726411454200013,1.3362633165376527,0.1949560398278264,-0.8823622282224107,0.0014690561579990393,0.9219392152991162
1957,0.5460743188200915,0.5460731518394497,0.0011151733593180511,4.4026591154093175,2.475167747359499,1.655182347666026,2.966624565713842,-1.0,-1.5726424817491251,1.336334506957749,0.19484550610848494,-0.882604529473154,0.0014704336112886863,0.9222208598533332
1958,0.5460726951280994,0.546071527319278,0.0011155674174155395,4.402659118924422,2.475166122780492,1.6551822125680895,2.966641859493799,-1.0,-1.5726438215813627,1.336405776943862,0.19473484162555446,-0.8828471507710115,0.001471814604134587,0.9225028756522202
1959,0.5460710671987697,0.5460698985596133,0.001115962359080622,4.402659122446987,2.4751644939618416,1.6551820772006653,2.9666591879657327,-1.0,-1.5726451649319242,1.3364771267296551,0.19462404598334848,-0.883090093080746,0.001473199151843997,0.9227852638225633
1960,0.5460694350137221,0.5460682655420659,0.001116358187751362,4.402659125977037,2.475162860885156,1.655181941562738,2.9666765512420743,-1.0,-1.572646511816112,1.3365485565498865,0.19451311878429522,-0.8833333573717168,0.0014745872698171969,0.923068025496535
1961,0.5460677985544662,0.5460666282481357,0.0011167549070576696,4.4026591295146,2.4751612235319356,1.6551818056532872,2.966693949435811,-1.0,-1.5726478622493212,1.336620066640416,0.1944020596289255,-0.8835769446179091,0.001475978973547999,0.9233511618117297
1962,0.5460661578023954,0.5460649866592074,0.0011171525204234161,4.402659133059702,2.4751595818835637,1.6551816694712846,2.9667113826604914,-1.0,-1.5726492162470413,1.3366916572382137,0.19429086811586027,-0.8838208557979651,0.0014773742786247169,0.9236346739111985
1963,0.5460645127387926,0.5460633407565536,0.0011175510316628365,4.402659136612369,2.4751579359213123,1.655181533015698,2.966728851030227,-1.0,-1.572650573824857,1.3367633285813652,0.19417954384179806,-0.8840650918952131,0.0014787732007307886,0.9239185629434856
1964,0.5460628633448251,0.5460616905213327,0.0011179504441853343,4.402659140172627,2.475156285626339,1.6551813962854893,2.966746354659698,-1.0,-1.5726519349984478,1.3368350809090799,0.19406808640150244,-0.8843096538976992,0.001480175755645553,0.924202830062664
1965,0.5460612096015449,0.5460600359345869,0.0011183507613932693,4.402659143740509,2.475154630979686,1.655181259279614,2.966763893664157,-1.0,-1.5726532997835894,1.336906914461698,0.19395649538778942,-0.8845545427982181,0.0014815819592449886,0.9244874764283718
1966,0.5460595514898886,0.5460583769772424,0.0011187519872773684,4.402659147316032,2.4751529719622782,1.6551811219970225,2.9667814681594304,-1.0,-1.5726546681961546,1.3369788294806981,0.19384477039151457,-0.8847997595943439,0.00148299182750249,0.924772503205849
1967,0.5460578889906726,0.5460567136301069,0.0011191541246300047,4.40265915089923,2.4751513085549233,1.655180984436659,2.9667990782619276,-1.0,-1.5726560402521144,1.3370508262087044,0.19373291100156007,-0.8850453052884617,0.0014844053764896071,0.9250579115659743
1968,0.5460562220845991,0.5460550458738724,0.0011195571782206426,4.402659154490127,2.4751496407383113,1.6551808465974622,2.9668167240886376,-1.0,-1.5726574159675375,1.337122904889494,0.1936209168048218,-0.8852911808877996,0.0014858226223768212,0.9253437026853024
1969,0.546054550752249,0.54605337368911,0.0011199611512235528,4.402659158088753,2.4751479684930144,1.6551807084783632,2.9668344057571407,-1.0,-1.5726587953585927,1.3371950657680045,0.19350878738619617,-0.8855373874044602,0.00148724358143444,0.9256298777461017
1970,0.5460528749740847,0.5460516970562718,0.001120366047004358,4.402659161695134,2.4751462917994824,1.65518057007829,2.9668521233856064,-1.0,-1.572660178441548,1.337267309090342,0.1933965223285669,-0.8857839258554532,0.0014886682700332179,0.9259164379363922
1971,0.5460511947304452,0.5460500159556875,0.0011207718691196612,4.402659165309299,2.4751446106380453,1.6551804313961624,2.9668698770928,-1.0,-1.5726615652327727,1.3373396351037885,0.19328412121279173,-0.8860307972627278,0.0014900967046453286,0.9262033844499833
1972,0.5460495100015502,0.5460483303675662,0.001121178622306901,4.402659168931272,2.475142924988911,1.6551802924308945,2.9668876669980864,-1.0,-1.5726629557487382,1.3374120440568096,0.19317158361768885,-0.8862780026532058,0.0014915289018449477,0.9264907184865125
1973,0.5460478207674947,0.5460466402719936,0.0011215863095125683,4.402659172561088,2.475141234832165,1.655180153181394,2.9669054932214345,-1.0,-1.5726643500060178,1.3374845361990622,0.19305890912002346,-0.8865255430588139,0.0014929648783093788,0.9267784412514848
1974,0.546046127008252,0.5460449456489314,0.0011219949346660523,4.402659176198771,2.475139540147768,1.6551800136465642,2.96692335588342,-1.0,-1.5726657480212882,1.337557111781402,0.192946097294494,-0.8867734195165178,0.0014944046508195599,0.9270665539563111
1975,0.5460444287036672,0.5460432464782158,0.0011224045016886752,4.402659179844347,2.4751378409155556,1.6551798738253005,2.966941255105231,-1.0,-1.5726671498113307,1.3376297710558924,0.1928331477137184,-0.8870216330683555,0.0014958482362611117,0.9273550578183481
1976,0.5460427258334624,0.5460415427395584,0.0011228150139004028,4.402659183497849,2.4751361371152383,1.6551797337164924,2.9669591910086726,-1.0,-1.5726685553930313,1.3377025142758117,0.19272005994822017,-0.8872701847614712,0.0014972956516251538,0.9276439540609381
1977,0.5460410183772316,0.5460398344125424,0.001123226476195444,4.402659187159304,2.475134428726399,1.655179593319023,2.9669771637161695,-1.0,-1.5726699647833817,1.3377753416956613,0.19260683356641434,-0.8875190756481498,0.001498746914009043,0.9279332439134491
1978,0.5460393063144419,0.5460381214766243,0.0011236388910870919,4.402659190828739,2.4751327157284932,1.6551794526317694,2.9669951733507696,-1.0,-1.5726713779994803,1.3378482535711742,0.19249346813459342,-0.8877683067858508,0.0015002020406173447,0.9282229286113155
1979,0.5460375896244296,0.546036403911131,0.001124052263255467,4.402659194506186,2.4751309981008474,1.6551793116536024,2.967013220036152,-1.0,-1.5726727950585333,1.3379212501593225,0.1923799632169129,-0.8880178792372437,0.001501661048762533,0.9285130093960787
1980,0.5460358682864024,0.5460346816952587,0.0011244665963840387,4.402659198191672,2.475129275822657,1.6551791703833858,2.9670313038966287,-1.0,-1.5726742159778553,1.337994331718326,0.19226631837537705,-0.8882677940702427,0.0015031239558661938,0.9288034875154286
1981,0.5460341422794376,0.5460329548080745,0.0011248818947405732,4.402659201885227,2.4751275488729876,1.6551790288199772,2.967049425057148,-1.0,-1.5726756407748697,1.338067498507661,0.19215253316982442,-0.8885180523580423,0.001504590779459493,0.9290943642232451
1982,0.5460324115824787,0.5460312232285114,0.0011252981615974564,4.40265920558688,2.475125817230773,1.6551788869622288,2.9670675836433005,-1.0,-1.5726770694671104,1.3381407507880678,0.19203860715791302,-0.8887686551791527,0.0015060615371843015,0.9293856407796398
1983,0.5460306761743376,0.5460294869353699,0.0011257154017977214,4.402659209296659,2.4751240808748114,1.6551787448089834,2.9670857797813244,-1.0,-1.572678502072223,1.33821408882156,0.19192453989510577,-0.8890196036174364,0.001507536246794168,0.9296773184509984
1984,0.5460289360336915,0.5460277459073162,0.0011261336185973126,4.402659213014598,2.475122339783769,1.6551786023590798,2.967104013598109,-1.0,-1.5726799386079637,1.3382875128714322,0.1918103309346554,-0.8892708987621436,0.0015090149261549792,0.9299693985100236
1985,0.5460271911390805,0.5460260001228805,0.00112655281603321,4.402659216740724,2.4751205939361753,1.6551784596113492,2.967122285221197,-1.0,-1.5726813790922032,1.3383610232022694,0.19169597982758965,-0.8895225417079495,0.0015104975932461642,0.9302618822357779
1986,0.5460254414689109,0.5460242495604579,0.001126972998724916,4.402659220475068,2.4751188433104248,1.6551783165646161,2.967140594778793,-1.0,-1.5726828235429249,1.338434620079955,0.19158148612269593,-0.8897745335549913,0.0015119842661613161,0.930554770913727
1987,0.54602368700145,0.5460224941983044,0.0011273941706916105,4.4026592242176585,2.4751170878847724,1.655178173217698,2.9671589423997657,-1.0,-1.5726842719782272,1.3385083037716805,0.1914668493665062,-0.8900268754089046,0.0015134749631095137,0.9308480658357835
1988,0.5460219277148269,0.5460207340145381,0.0011278163351563515,4.402659227968528,2.4751153276373348,1.655178029569406,2.967177328213654,-1.0,-1.5726857244163246,1.3385820745459531,0.1913520691032814,-0.8902795683808619,0.0015149697024157485,0.9311417683003513
1989,0.5460201635870303,0.5460189689871365,0.0011282394971060172,4.402659231727706,2.47511356254609,1.6551778856185437,2.9671957523506696,-1.0,-1.5726871808755478,1.3386559326726057,0.191237144874996,-0.89053261358761,0.0015164685025224791,0.93143587961237
1990,0.5460183945959095,0.5460171990939376,0.0011286636599435122,4.402659235495226,2.4751117925888746,1.6551777413639077,2.9672142149417042,-1.0,-1.5726886413743453,1.3387298784228052,0.1911220762213223,-0.8907860121515085,0.0015179713819900588,0.9317304010833595
1991,0.5460166207191688,0.5460154243126348,0.001129088828833896,4.402659239271113,2.475110017743381,1.6551775968042897,2.967232716118332,-1.0,-1.5726901059312839,1.3388039120690618,0.1910068626796146,-0.8910397652005682,0.0015194783594980957,0.9320253340314659
1992,0.5460148419343723,0.54601364462078,0.0011295150071625158,4.402659243055402,2.4751082379871603,1.6551774519384703,2.967251256012816,-1.0,-1.5726915745650507,1.3388780338852386,0.1908915037848933,-0.8912938738684899,0.001520989453846229,0.9323206797815067
1993,0.5460130582189364,0.5460118599957793,0.001129942199485971,4.402659246848128,2.4751064532976184,1.6551773067652273,2.9672698347581132,-1.0,-1.5726930472944527,1.3389522441465596,0.19077599906982864,-0.8915483392947037,0.0015225046839552182,0.9326164396650172
1994,0.5460112695501353,0.546010070414894,0.00113037040956551,4.402659250649314,2.475104663652016,1.6551771612833284,2.9672884524878773,-1.0,-1.5726945241384187,1.3390265431296204,0.19066034806472482,-0.8918031626244087,0.0015240240688677588,0.9329126150202969
1995,0.5460094759050934,0.5460082758552385,0.0011307996425284688,4.402659254458998,2.4751028690274652,1.655177015491535,2.967307109336467,-1.0,-1.572696005116,1.339100931112397,0.1905445502975031,-0.892058345008613,0.001525547627749764,0.9332092071924564
1996,0.5460076772607886,0.5460064762937776,0.0011312299017250608,4.402659258277208,2.4751010694009317,1.655176869388602,2.967325805438947,-1.0,-1.5726974902463715,1.3391754083742542,0.19042860529368577,-0.8923138876041736,0.001527075379891414,0.933506217533465
1997,0.5460058735940491,0.5460046717073285,0.0011316611920673088,4.402659262103979,2.4750992647492307,1.6551767229732763,2.967344540931097,-1.0,-1.5726989795488329,1.3392499751959575,0.19031251257637916,-0.8925697915738372,0.0015286073447078176,0.9338036474021978
1998,0.5460040648815512,0.5460028620725554,0.0011320935176723965,4.40265926593934,2.475097455049026,1.6551765762442963,2.9673633159494135,-1.0,-1.5727004730428094,1.339324631859681,0.19019627166625705,-0.8928260580862816,0.001530143541740371,0.9341014981644845
1999,0.5460022510998214,0.5460010473659728,0.0011325268832365727,4.402659269783326,2.475095640276831,1.6551764292003954,2.9673821306311186,-1.0,-1.5727019707478531,1.3393993786490168,0.19007988208154344,-0.893082688316156,0.0015316839906578074,0.9343997711931579
2000,0.5460004322252311,0.5459992275639409,0.0011329612926621018,4.402659273635971,2.475093820409006,1.6551762818402975,2.967400985114161,-1.0,-1.5727034726836437,1.3394742158489867,0.18996334333799583,-0.8933396834441241,0.0015332287112571298,0.9346984678681025
2001,0.5459986082339991,0.5459974026426652,0.0011333967508219422,4.402659277497303,2.4750919954217547,1.6551761341627191,2.9674198795372226,-1.0,-1.5727049788699896,1.3395491437460503,0.18984665494888756,-0.8935970446569051,0.0015347777234646987,0.9349975895763045
2002,0.5459967791021871,0.5459955725781963,0.001133833261403653,4.402659281367359,2.4750901652911272,1.655175986166371,2.9674388140397268,-1.0,-1.5727064893268297,1.3396241626281151,0.18972981642499048,-0.8938547731473168,0.0015363310473374759,0.9352971377119014
2003,0.5459949448056998,0.5459937373464265,0.0011342708296522728,4.402659285246168,2.475088329993015,1.6551758378499537,2.967457788761839,-1.0,-1.5727080040742332,1.3396992727845478,0.18961282727455764,-0.8941128701143176,0.0015378887030639565,0.9355971136762323
2004,0.5459931053202841,0.54599189692309,0.001134709460019066,4.402659289133767,2.4750864895031515,1.6551756892121616,2.967476803844476,-1.0,-1.5727095231324022,1.3397744745061837,0.1894956870033053,-0.8943713367630509,0.0015394507109654908,0.935897518877889
2005,0.5459912606215274,0.5459900512837623,0.0011351491567498345,4.402659293030187,2.475084643797111,1.6551755402516808,2.967495859429309,-1.0,-1.5727110465216716,1.3398497680853363,0.18937839511439503,-0.8946301743048879,0.001541017091497061,0.9361983547327668
2006,0.5459894106848553,0.5459882004038561,0.001135589924471874,4.402659296935462,2.475082792850306,1.65517539096719,2.9675149556587703,-1.0,-1.5727125742625112,1.3399251538158088,0.18926095110841584,-0.8948893839574715,0.0015425878652488743,0.9364996226641168
2007,0.5459875554855311,0.545986344258622,0.0011360317678022782,4.402659300849628,2.475080936637985,1.655175241357359,2.967534092676059,-1.0,-1.5727141063755257,1.340000631992904,0.18914335448336583,-0.8951489669447614,0.0015441630529469074,0.9368013241025974
2008,0.5459856949986532,0.5459844828231469,0.0011364746913479153,4.402659304772717,2.4750790751352354,1.6551750914208507,2.9675532706251437,-1.0,-1.572715642881457,1.3400762029134348,0.18902560473463387,-0.8954089244970783,0.001545742675454732,0.9371034604863275
2009,0.5459838291991581,0.5459826160723534,0.0011369186999007081,4.402659308704764,2.4750772083169785,1.65517494115632,2.9675724896507725,-1.0,-1.5727171838011846,1.3401518668757342,0.18890770135498103,-0.895669257851149,0.0015473267537743705,0.9374060332609394
2010,0.5459819580618122,0.5459807439809953,0.0011373637978515459,4.402659312645803,2.4750753361579667,1.6551747905624117,2.9675917498984754,-1.0,-1.5727187291557274,1.3402276241796676,0.18878964383452196,-0.8959299682501527,0.0015489153090472673,0.9377090438796322
2011,0.5459800815612154,0.5459788665236599,0.001137809990166779,4.4026593165958685,2.475073458632787,1.6551746396377651,2.9676110515145715,-1.0,-1.572720278966244,1.340303475126642,0.18867143166070585,-0.8961910569437661,0.0015505083625558034,0.9380124938032262
2012,0.545978199671798,0.5459769836747648,0.0011382572810215263,4.402659320554996,2.4750715757158552,1.65517448838101,2.9676303946461746,-1.0,-1.572721833254035,1.340379420019618,0.18855306431829758,-0.8964525251882106,0.0015521059357244636,0.9383163845002173
2013,0.5459763123678181,0.5459750954085545,0.0011387056759461585,4.40265932452322,2.475069687381416,1.6551743367907676,2.9676497794411985,-1.0,-1.5727233920405435,1.3404554591631197,0.18843454128935833,-0.8967143742462987,0.0015537080501210009,0.9386207174468321
2014,0.5459744196233632,0.5459732016991038,0.0011391551792896153,4.402659328500575,2.4750677936035435,1.6551741848656514,2.9676692060483636,-1.0,-1.5727249553473561,1.3405315928632469,0.1883158620532263,-0.8969766053874814,0.0015553147274574863,0.9389254941270836
2015,0.5459725214123459,0.5459713025203119,0.0011396057959752797,4.402659332487097,2.4750658943561348,1.655174032604266,2.967688674617202,-1.0,-1.5727265231962053,1.3406078214276855,0.1881970260864971,-0.8972392198878958,0.0015569259895920184,0.9392307160328272
2016,0.5459706177085042,0.5459693978459029,0.0011400575307207324,4.402659336482824,2.475063989612914,1.655173880005208,2.9677081852980645,-1.0,-1.5727280956089693,1.3406841451657197,0.188078032863004,-0.8975022190304135,0.0015585418585294618,0.9395363846638171
2017,0.5459687084853966,0.5459674876494236,0.0011405103886221787,4.402659340487787,2.475062079347426,1.655173727067065,2.9677277382421257,-1.0,-1.5727296726076747,1.3407605643882423,0.18795888185379797,-0.8977656041046889,0.0015601623564230403,0.9398425015277636
2018,0.5459667937164066,0.5459655719042421,0.0011409643745698144,4.402659344502025,2.4750601635330387,1.6551735737884157,2.967747333601391,-1.0,-1.5727312542144962,1.3408370794077669,0.18783957252712763,-0.8980293764072084,0.001561787505575619,0.9401490681403906
2019,0.5459648733747353,0.5459636505835469,0.0011414194928591193,4.402659348525575,2.4750582421429397,1.6551734201678305,2.9677669715287025,-1.0,-1.5727328404517595,1.3409136905384393,0.1877201043484189,-0.8982935372413398,0.0015634173284407925,0.9404560860254939
2020,0.5459629474334029,0.5459617236603446,0.0011418757495254693,4.402659352558472,2.4750563151501344,1.6551732662038716,2.967786652177743,-1.0,-1.5727344313419414,1.3409903980960491,0.18760047678025454,-0.898558087917382,0.001565051847624439,0.9407635567150001
2021,0.5459610158652464,0.5459597911074581,0.0011423331488418032,4.402659356600754,2.475054382527445,1.6551731118950914,2.9678063757030473,-1.0,-1.5727360269076716,1.3410672023980421,0.18748068928235356,-0.8988230297526161,0.0015666910858858085,0.9410714817490251
2022,0.5459590786429184,0.545957852897526,0.0011427916964309008,4.402659360652455,2.475052444247509,1.6551729572400338,2.9678261422600025,-1.0,-1.5727376271717342,1.3411441037635312,0.1873607413115502,-0.8990883640713554,0.0015683350661393103,0.9413798626759347
2023,0.5459571357388848,0.5459559090030002,0.0011432513967377404,4.4026593647136165,2.475050500282777,1.6551728022372334,2.96784595200486,-1.0,-1.5727392321570688,1.3412211025133096,0.18724063232177296,-0.8993540922049971,0.00156998381145529,0.9416887010524044
2024,0.5459551871254222,0.5459539593961438,0.0011437122549732522,4.402659368784271,2.4750485506055115,1.655172646885216,2.9678658050947373,-1.0,-1.5727408418867723,1.341298198969862,0.18712036176402336,-0.899620215492074,0.0015716373450617392,0.9419979984434808
2025,0.5459532327746198,0.5459520040490317,0.0011441742765305313,4.40265937286446,2.4750465951877865,1.6551724911824985,2.9678857016876283,-1.0,-1.572742456384099,1.3413753934573776,0.18699992908635446,-0.8998867352783073,0.0015732956903456174,0.9423077564226422
2026,0.545951272658373,0.545950042933545,0.0011446374664024557,4.40265937695422,2.475044634001482,1.6551723351275878,2.9679056419424077,-1.0,-1.5727440756724642,1.3414526863017617,0.18687933373384927,-0.9001536529166585,0.0015749588708543272,0.9426179765718617
2027,0.5459493067483868,0.5459480760213737,0.0011451018297641677,4.402659381053586,2.475042667018287,1.6551721787189828,2.967925626018837,-1.0,-1.5727456997754437,1.3415300778306487,0.1867585751485988,-0.9004209697673831,0.0015766269102970366,0.9429286604816693
2028,0.5459473350161682,0.5459461032840115,0.0011455673721664807,4.402659385162601,2.475040694209694,1.6551720219551718,2.967945654077574,-1.0,-1.5727473287167755,1.341607568373415,0.18663765276968014,-0.9006886871980845,0.0015782998325460384,0.9432398097512147
2029,0.5459453574330307,0.5459441246927569,0.0011460340983725603,4.402659389281302,2.475038715547001,1.6551718648346336,2.9679657262801773,-1.0,-1.572748962520362,1.341685158261191,0.18651656603313405,-0.9009568065837681,0.001579977661638422,0.9435514259883316
2030,0.5459433739700882,0.5459421402187088,0.0011465020139088435,4.402659393409727,2.475036731001305,1.655171707355839,2.9679858427891124,-1.0,-1.5727506012102708,1.3417628478268744,0.18639531437194265,-0.9012253293068958,0.0015816604217772378,0.9438635108096024
2031,0.5459413845982539,0.5459401498327662,0.0011469711239018771,4.4026593975479145,2.475034740543505,1.6551715495172474,2.9680060037677616,-1.0,-1.5727522448107372,1.3418406374051428,0.1862738972160066,-0.9014942567574417,0.0015833481373334023,0.9441760658404224
2032,0.5459393892882408,0.5459381535056268,0.0011474414344336686,4.402659401695904,2.4750327441442974,1.6551713913173096,2.968026209380429,-1.0,-1.5727538933461642,1.3419185273324674,0.18615231399212231,-0.9017635903329475,0.0015850408328467857,0.9444890927150656
2033,0.5459373880105569,0.545936151207784,0.0011479129500250377,4.402659405853735,2.475030741774174,1.6551712327544663,2.968046459792347,-1.0,-1.572755546841125,1.3419965179471254,0.18603056412395877,-0.9020333314385794,0.001586738533027805,0.9448025930767519
2034,0.5459353807355051,0.5459341429095257,0.0011483856767324243,4.402659410021448,2.4750287334034224,1.6551710738271486,2.9680667551696853,-1.0,-1.572757205320364,1.3420746095892138,0.18590864703203425,-0.9023034814871844,0.0015884412627591726,0.9451165685777122
2035,0.5459333674331828,0.5459321285809335,0.0011488596196321129,4.402659414199081,2.4750267190021225,1.6551709145337772,2.968087095679556,-1.0,-1.572758868808799,1.3421528026006633,0.1857865621336928,-0.9025740418993479,0.0015901490470972568,0.9454310208792576
2036,0.5459313480734748,0.5459301081918776,0.0011493347845609417,4.402659418386676,2.4750246985401443,1.6551707548727634,2.9681074814900223,-1.0,-1.5727605373315223,1.3422310973252507,0.18566430884308038,-0.9028450141034514,0.0015918619112736743,0.9457459516518462
2037,0.5459293226260581,0.5459280817120196,0.0011498111767628736,4.402659422584272,2.475022671987147,1.655170594842508,2.968127912770105,-1.0,-1.572762210913802,1.3423094941086136,0.18554188657112092,-0.9031163995357316,0.0015935798806967672,0.946061362575153
2038,0.5459272910603943,0.5459260491108053,0.0011502888018553356,4.40265942679191,2.475020639312577,1.6551704344414013,2.9681483896897904,-1.0,-1.5727638895810845,1.3423879932982639,0.18541929472549215,-0.9033881996403388,0.001595302980953468,0.9463772553381387
2039,0.5459252533457316,0.5459240103574676,0.0011507676654424778,4.402659431009631,2.4750186004856642,1.6551702736678242,2.9681689124200386,-1.0,-1.572765573358995,1.342466595243602,0.18529653271060098,-0.9036604158693968,0.00159703123781066,0.9466936316391195
2040,0.5459232094511014,0.5459219654210224,0.0011512477733080142,4.402659435237475,2.4750165554754253,1.6551701125201475,2.9681894811327894,-1.0,-1.5727672622733397,1.3425453002959298,0.18517359992755897,-0.903933049683063,0.0015987646772169638,0.9470104931858387
2041,0.5459211593453159,0.5459199142702656,0.001151729131221994,4.402659439475486,2.4750145042506544,1.6551699509967293,2.9682100960009694,-1.0,-1.572768956350108,1.3426241088084672,0.1850504957741574,-0.9042061025495894,0.0016005033253042155,0.9473278416955375
2042,0.5459191029969676,0.5459178568737738,0.001152211744940769,4.402659443723703,2.4750124467799264,1.65516978909592,2.9682307571985014,-1.0,-1.5727706556154728,1.3427030211363635,0.18492721964484196,-0.9044795759453835,0.00160224720838933,0.9476456788950275
2043,0.5459170403744231,0.5459157931998985,0.001152695619629066,4.4026594479821695,2.475010383031592,1.6551696268160583,2.9682514649003124,-1.0,-1.5727723600957937,1.3427820376367148,0.1848037709306875,-0.9047534713550704,0.0016039963529760125,0.9479640065207632
2044,0.5459149714458283,0.5459137232167679,0.0011531807619792158,4.402659452250925,2.4750083129737788,1.6551694641554713,2.9682722192823396,-1.0,-1.5727740698176174,1.3428611586685766,0.1846801490193723,-0.9050277902715557,0.0016057507857561947,0.9482828263189158
2045,0.5459128961790997,0.5459116468922834,0.0011536671771283798,4.4026594565300154,2.475006236574387,1.6551693011124762,2.9682930205215396,-1.0,-1.57277578480768,1.3429403845929795,0.18455635329515216,-0.9053025341960879,0.00160751053361194,0.9486021400454474
2046,0.545910814541925,0.5459095641941164,0.001154154871162796,4.402659460819481,2.475004153801086,1.65516913768538,2.9683138687958954,-1.0,-1.5727775050929091,1.3430197157729438,0.1844323831388343,-0.9055777046383228,0.0016092756236171135,0.9489219494661859
2047,0.5459087265017624,0.5459074750897079,0.0011546438503464893,4.402659465119365,2.4750020646213167,1.6551689738724775,2.968334764284426,-1.0,-1.572779230700425,1.343099152573495,0.18430823792775097,-0.9058533031163877,0.001611046083039559,0.9492422563569006
2048,0.5459066320258351,0.545905379546265,0.0011551341201597057,4.402659469429712,2.474999969002284,1.6551688096720523,2.968355707167192,-1.0,-1.5727809616575423,1.3431786953616787,0.18418391703573267,-0.9061293311569462,0.0016128219393420696,0.9495630625033789
2049,0.5459045310811316,0.5459032775307592,0.0011556256866455065,4.402659473750562,2.47499786691096,1.6551686450823786,2.968376697625308,-1.0,-1.572782697991773,1.343258344506575,0.1840594198330813,-0.9064057902952635,0.0016146032201849137,0.9498843697015034
2050,0.5459024236344033,0.5459011690099254,0.0011561185562164473,4.4026594780819615,2.4749957583140763,1.6551684801017175,2.9683977358409463,-1.0,-1.5727844397308262,1.3433381003793166,0.18393474568654303,-0.9066826820752736,0.001616389953427312,0.9502061797573294
2051,0.5459003096521613,0.5458990539502575,0.0011566127345018495,4.4026594824239575,2.474993643178127,1.6551683147283194,2.9684188219973486,-1.0,-1.572786186902612,1.3434179633531018,0.1838098939592808,-0.9069600080496454,0.0016181821671294183,0.950528494487164
2052,0.5458981891006756,0.5458969323180081,0.0011571082278845747,4.402659486776588,2.4749915214693634,1.6551681489604235,2.9684399562788313,-1.0,-1.5727879395352422,1.3434979338032116,0.18368486401084658,-0.9072377697798506,0.0016199798895540306,0.9508513157176459
2053,0.5458960619459701,0.5458948040791844,0.0011576050423484608,4.402659491139901,2.474989393153791,1.6551679827962569,2.968461138870797,-1.0,-1.5727896976570324,1.3435780121070253,0.18355965519715348,-0.9075159688362319,0.0016217831491687272,0.9511746452858248
2054,0.5458939281538252,0.5458926691995495,0.0011581031844377647,4.40265949551394,2.474987258197172,1.655167816234036,2.9684823699597422,-1.0,-1.5727914612965037,1.3436581986440368,0.18343426687044728,-0.9077946067980714,0.0016235919746475378,0.9514984850392433
2055,0.5458917876897691,0.5458905276446142,0.001158602660297642,4.402659499898749,2.4749851165650165,1.6551676492719642,2.968503649733266,-1.0,-1.5727932304823857,1.343738493795871,0.1833086983792781,-0.9080736852536612,0.001625406394873081,0.9518228368360179
2056,0.5458896405190827,0.5458883793796414,0.001159103475674934,4.402659504294376,2.474982968222585,1.6551674819082345,2.9685249783800796,-1.0,-1.5727950052436168,1.3438188979462997,0.18318294906847146,-0.9083532058003724,0.001627226438938235,0.9521477025449221
2057,0.5458874866067904,0.5458862243696377,0.001159605637450823,4.402659508700866,2.474980813134884,1.6551673141410266,2.968546356090012,-1.0,-1.5727967856093472,1.3438994114812592,0.18305701827909923,-0.9086331700447274,0.0016290521361483133,0.95247308404547
2058,0.5458853259176623,0.5458840625793555,0.0011601091521071059,4.402659513118264,2.474978651266664,1.6551671459685087,2.968567783054023,-1.0,-1.572798571608941,1.343980034788866,0.18293090534845016,-0.9089135796024704,0.001630883516023125,0.9527989832280004
2059,0.5458831584162089,0.545881893973288,0.001160614025535665,4.402659517546618,2.474976482582417,1.6551669773888367,2.9685892594642107,-1.0,-1.5728003632719778,1.344060768259434,0.18280460961000022,-0.9091944360986405,0.0016327206082988777,0.9531254019937618
2060,0.5458809840666816,0.5458797185156677,0.0011611202641870794,4.402659521985972,2.4749743070463746,1.655166808400155,2.9686107855138193,-1.0,-1.5728021606282547,1.3441416122854921,0.18267813039338263,-0.9094757411676442,0.0016345634429301991,0.9534523422549989
2061,0.5458788028330679,0.5458775361704642,0.0011616278754516315,4.402659526436373,2.474972124622505,1.6551666390005941,2.968632361397251,-1.0,-1.5728039637077886,1.3442225672618011,0.18255146702435754,-0.9097574964533298,0.0016364120500924294,0.9537798059350384
2062,0.5458766146790885,0.5458753469013801,0.0011621368651733197,4.4026595308978695,2.474969935274509,1.655166469188274,2.9686539873100752,-1.0,-1.5728057725408184,1.3443036335853709,0.18242461882478142,-0.9100397036090616,0.001638266460183214,0.9541077949683782
2063,0.5458744195681989,0.5458731506718518,0.001162647240135929,4.4026595353705105,2.474967738965823,1.6551662989613,2.9686756634490337,-1.0,-1.5728075871578064,1.3443848116554784,0.18229758511257627,-0.9103223642977953,0.0016401267038250688,0.9544363113007744
2064,0.545872217463581,0.5458709474450424,0.0011631590063428134,4.402659539854341,2.474965535659608,1.6551661283177665,2.9686973900120552,-1.0,-1.5728094075894417,1.3444661018736854,0.1821703652016983,-0.9106054801921543,0.001641992811867633,0.9547653568893323
2065,0.5458700083281449,0.545868737183844,0.0011636721711174866,4.402659544349409,2.4749633253187544,1.6551659572557544,2.9687191671982625,-1.0,-1.5728112338666407,1.3445475046438566,0.18204295840210644,-0.9108890529745058,0.001643864815389302,0.9550949337025955
2066,0.5458677921245242,0.5458665198508706,0.001164186741384068,4.402659548855763,2.4749611079058758,1.6551657857733313,2.9687409952079835,-1.0,-1.5728130660205508,1.3446290203721774,0.18191536401973052,-0.9111730843370396,0.0016457427456998306,0.9554250437206377
2067,0.5458655688150734,0.5458642954084585,0.0011647027234774347,4.402659553373453,2.474958883383306,1.6551656138685513,2.9687628742427603,-1.0,-1.572814904082552,1.3447106494671723,0.18178758135643908,-0.9114575759818452,0.0016476266343424316,0.9557556889351555
2068,0.5458633383618675,0.5458620638186625,0.0011652201242878068,4.402659557902527,2.4749566517131,1.6551654415394572,2.9687848045053595,-1.0,-1.5728167480842592,1.3447923923397236,0.18165960971000683,-0.9117425296209916,0.0016495165130959509,0.9560868713495606
2069,0.545861100726695,0.5458598250432529,0.0011657389510689598,4.402659562443036,2.4749544128570258,1.6551652687840768,2.968806786199781,-1.0,-1.5728185980575238,1.3448742494030899,0.181531448374082,-0.9120279469766075,0.0016514124139773165,0.9564185929790745
2070,0.5458588558710611,0.545857579043714,0.0011662592102949865,4.402659566995025,2.4749521667765664,1.6551650956004256,2.968828819531269,-1.0,-1.5728204540344373,1.3449562210729251,0.18140309663815304,-0.9123138297809619,0.0016533143692437145,0.9567508558508233
2071,0.5458566037561775,0.5458553257812394,0.0011667809088037838,4.40265957155855,2.4749499134329143,1.6551649219865046,2.9688509047063243,-1.0,-1.5728223160473325,1.3450383077672978,0.18127455378751514,-0.9126001797765455,0.0016552224113947642,0.9570836620039339
2072,0.5458543443429673,0.5458530652167308,0.0011673040539863775,4.402659576133658,2.4749476527869696,1.6551647479403027,2.968873041932711,-1.0,-1.5728241841287862,1.3451205099067096,0.18114581910323643,-0.9128869987161533,0.0016571365731752783,0.957417013489631
2073,0.5458520775920565,0.5458507973107958,0.0011678286530250569,4.402659580720396,2.4749453847993386,1.6551645734597926,2.9688952314194688,-1.0,-1.572826058311622,1.345202827914116,0.1810168918621239,-0.9131742883629681,0.001659056887577127,0.957750912371335
2074,0.5458498034637731,0.5458485220237412,0.0011683547128937533,4.402659585318823,2.4749431094303267,1.6551643985429352,2.9689174733769255,-1.0,-1.5728279386289123,1.3452852622149445,0.18088777133668862,-0.9134620504906443,0.001660983387842075,0.9580853607247611
2075,0.5458475219181451,0.5458462393155753,0.0011688822403584204,4.402659589928984,2.4749408266399415,1.6551642231876769,2.9689397680167033,-1.0,-1.5728298251139803,1.3453678132371156,0.18075845679511104,-0.9137502868833932,0.0016629161074640361,0.9584203606380196
2076,0.5458452329148964,0.5458439491460015,0.001169411243116682,4.402659594550933,2.4749385363878837,1.6551640473919498,2.968962115551734,-1.0,-1.5728317178004032,1.3454504814110626,0.18062894750120576,-0.9140389993360689,0.0016648550801915192,0.9587559142117162
2077,0.5458429364134435,0.5458416514744157,0.0011699417280875118,4.402659599184721,2.474936238633549,1.6551638711536714,2.9689845161962665,-1.0,-1.5728336167220145,1.3455332671697515,0.18049924271438583,-0.9143281896542549,0.0016668003400300787,0.959092023559055
2078,0.5458406323728935,0.5458393462599045,0.0011704737029305478,4.402659603830401,2.4749339333360214,1.655163694470746,2.9690069701658803,-1.0,-1.5728355219129062,1.3456161709487018,0.18036934168962684,-0.9146178596543517,0.0016687519212450327,0.9594286908059413
2079,0.5458383207520416,0.5458370334612417,0.0011710071749066041,4.402659608488025,2.4749316204540746,1.6551635173410615,2.9690294776774953,-1.0,-1.5728374334074318,1.3456991931860072,0.18023924367743052,-0.9149080111636659,0.0016707098583638733,0.9597659180910856
2080,0.5458360015093646,0.5458347130368845,0.0011715421512575493,4.402659613157646,2.474929299946163,1.6551633397624925,2.9690520389493833,-1.0,-1.5728393512402081,1.3457823343223565,0.18010894792378807,-0.9151986460204993,0.0016726741861788695,0.9601037075661095
2081,0.5458336746030237,0.5458323849449704,0.0011720786397745912,4.402659617839318,2.4749269717704236,1.6551631617328983,2.9690746542011808,-1.0,-1.5728412754461194,1.3458655948010547,0.17997845367014287,-0.9154897660742389,0.0016746449397495931,0.9604420613956518
2082,0.5458313399908544,0.5458300491433163,0.0011726166474714161,4.402659622533093,2.4749246358846717,1.6551629832501245,2.9690973236538976,-1.0,-1.572843206060318,1.345948975068044,0.17984776015335324,-0.9157813731854496,0.0016766221544057946,0.960780981757476
2083,0.5458289976303691,0.5458277055894114,0.0011731561826678596,4.4026596272390295,2.4749222922463945,1.6551628043119997,2.9691200475299313,-1.0,-1.5728451431182284,1.346032475571926,0.17971686660565445,-0.9160734692259652,0.0016786058657500447,0.9611204708425788
2084,0.5458266474787508,0.5458253542404176,0.0011736972525274128,4.402659631957175,2.474919940812753,1.6551626249163387,2.9691428260530763,-1.0,-1.57284708665555,1.346116096763983,0.17958577225462033,-0.9163660560789827,0.0016805961096601051,0.9614605308553007
2085,0.5458242894928502,0.5458229950531638,0.001174239864761655,4.402659636687588,2.4749175815405744,1.6551624450609401,2.9691656594485396,-1.0,-1.5728490367082588,1.3461998390982,0.17945447632312472,-0.9166591356391558,0.0016825929222921154,0.9618011640134362
2086,0.5458219236291835,0.5458206279841438,0.0011747840272508716,4.402659641430325,2.4749152143863506,1.6551622647435882,2.969188547942949,-1.0,-1.572850993312611,1.3462837030312875,0.17932297802930225,-0.9169527098126907,0.001684596340083001,0.9621423725483461
2087,0.5458195498439277,0.5458182529895131,0.0011753297476657205,4.40265964618544,2.4749128393062363,1.6551620839620498,2.9692114917643666,-1.0,-1.5728529565051454,1.3463676890227037,0.17919127658650896,-0.9172467805174425,0.0016866063997536217,0.9624841587050711
2088,0.5458171680929182,0.5458158700250841,0.0011758770338452802,4.4026596509529865,2.474910456256042,1.6551619027140776,2.9692344911423016,-1.0,-1.572854926322687,1.3464517975346761,0.1790593712032822,-0.9175413496830117,0.0016886231383115302,0.962826524742446
2089,0.5458147783316457,0.5458134790463254,0.0011764258939853014,4.402659655733023,2.4749080651912343,1.6551617209974079,2.9692575463077233,-1.0,-1.5728569028023485,1.3465360290322268,0.1789272610833004,-0.9178364192508436,0.0016906465930534974,0.9631694729332159
2090,0.5458123805152493,0.5458110800083534,0.001176976335505327,4.402659660525608,2.474905666066929,1.6551615388097605,2.9692806574930715,-1.0,-1.5728588859815347,1.3466203839831934,0.17879494542534227,-0.9181319911743269,0.0016926768015691272,0.9635130055641525
2091,0.5458099745985194,0.5458086728659348,0.0011775283671246544,4.402659665330796,2.47490325883789,1.65516135614884,2.96930382493227,-1.0,-1.5728608758979445,1.3467048628582536,0.17866242342324556,-0.9184280674188947,0.0016947138017431094,0.9638571249361731
2092,0.5458075605358871,0.5458062575734787,0.0011780819964089437,4.402659670148645,2.474900843458526,1.6551611730123335,2.969327048860741,-1.0,-1.5728628725895741,1.346789466130949,0.17852969426586543,-0.9187246499621258,0.0016967576317585618,0.9642018333644594
2093,0.5458051382814261,0.5458038340850351,0.001178637231656728,4.402659674979213,2.4748984198828854,1.6551609893979118,2.9693503295154153,-1.0,-1.5728648760947201,1.3468741942777083,0.17839675713703232,-0.919021740793847,0.0016988083300999834,0.9645471331785788
2094,0.5458027077888454,0.5458014023542898,0.0011791940813326734,4.4026596798225555,2.474895988064651,1.6551608053032305,2.969373667134748,-1.0,-1.5728668864519828,1.3469590477778717,0.17826361121550932,-0.9193193419162373,0.001700865935556518,0.9648930267226061
2095,0.5458002690114884,0.5457989623345625,0.0011797525536906472,4.402659684678735,2.4748935479571426,1.6551606207259257,2.9693970619587304,-1.0,-1.572868903700268,1.3470440271137165,0.17813025567494942,-0.9196174553439327,0.0017029304872246754,0.9652395163552472
2096,0.5457978219023264,0.5457965139788007,0.0011803126567741017,4.402659689547807,2.4748910995133047,1.6551604356636187,2.9694205142289043,-1.0,-1.5728709278787927,1.34712913277048,0.17799668968385163,-0.9199160831041314,0.0017050020245117882,0.9655866044499636
2097,0.5457953664139572,0.5457940572395777,0.0011808743987925287,4.402659694429836,2.47488864268571,1.6551602501139129,2.969444024188375,-1.0,-1.5728729590270856,1.3472143652363855,0.17786291240551738,-0.9202152272367019,0.0017070805871391603,0.9659342933950986
2098,0.5457929024985994,0.545791592069089,0.001181437788872731,4.402659699324877,2.4748861774265514,1.655160064074395,2.969467592081823,-1.0,-1.5728749971849918,1.3472997250026675,0.1777289229980059,-0.9205148897942909,0.0017091662151450593,0.9662825855940046
2099,0.5457904301080904,0.5457891184191471,0.0011820028349901152,4.402659704232991,2.47488370368764,1.6551598775426326,2.9694912181555204,-1.0,-1.5728770423926755,1.3473852125635974,0.17759472061408957,-0.9208150728424324,0.001711258948888018,0.9666314834651719
2100,0.5457879491938806,0.5457866362411776,0.0011825695460367322,4.402659709154241,2.4748812214204,1.6551596905161772,2.9695149026573464,-1.0,-1.572879094690624,1.3474708284165084,0.17746030440120808,-0.9211157784596586,0.0017133588290507607,0.9669809894423591
2101,0.5457854597070306,0.5457841454862165,0.0011831379303175692,4.402659714088685,2.474878730575866,1.655159502992562,2.9695386458367965,-1.0,-1.5728811541196501,1.3475565730618226,0.17732567350142298,-0.921417008737612,0.001715465896642494,0.9673311059747246
2102,0.5457829615982058,0.5457816461049044,0.001183707996864926,4.402659719036386,2.4748762311046764,1.655159314969303,2.9695624479450005,-1.0,-1.572883220720896,1.3476424470030766,0.17719082705137107,-0.9217187657811576,0.001717580193003144,0.9676818355269599
2103,0.5457804548176752,0.545779138047485,0.001184279754499075,4.402659723997406,2.474873722957073,1.6551591264438958,2.969586309234736,-1.0,-1.5728852945358365,1.3477284507469487,0.1770557641822176,-0.9220210517084984,0.0017197017598062701,0.9680331805794236
2104,0.5457779393153039,0.5457766212637982,0.0011848532116412415,4.402659728971806,2.474871206082894,1.6551589374138203,2.969610229960444,-1.0,-1.5728873756062827,1.3478145848032856,0.17692048401960875,-0.9223238686512896,0.0017218306390629889,0.9683851436282781
2105,0.5457754150405507,0.545774095703277,0.001185428377812941,4.40265973395965,2.4748686804315714,1.6551587478765366,2.969634210378241,-1.0,-1.5728894639743856,1.3479008496851295,0.1767849856836238,-0.9226272187547565,0.0017239668731251223,0.9687377271856267
2106,0.5457728819424634,0.5457715613149436,0.0011860052613865343,4.4026597389610025,2.4748661459521246,1.6551585578294858,2.9696582507459377,-1.0,-1.5728915596826394,1.3479872459087456,0.17664926828872665,-0.9229311041778122,0.0017261105046890834,0.9690909337796525
2107,0.545770339969675,0.5457690180474049,0.0011865838718334437,4.402659743975924,2.4748636025931594,1.6551583672700911,2.9696823513230495,-1.0,-1.5728936627738848,1.3480737739936506,0.17651333094371677,-0.9232355270931767,0.001728261576798985,0.9694447659547598
2108,0.5457677890703981,0.5457664658488475,0.0011871642180380044,4.402659749004481,2.4748610503028607,1.655158176195756,2.9697065123708173,-1.0,-1.5728957732913134,1.3481604344626397,0.1763771727516797,-0.923540489687498,0.0017304201328507583,0.969799226271715
2109,0.5457652291924222,0.5457639046670343,0.0011877463094204423,4.402659754046737,2.474858489028989,1.6551579846038649,2.9697307341522174,-1.0,-1.5728978912784708,1.3482472278418158,0.17624079280993693,-0.9238459941614742,0.001732586216595806,0.9701543173077912
2110,0.5457626602831084,0.5457613344493001,0.001188330155001156,4.402659759102757,2.4748559187188777,1.6551577924917829,2.9697550169319813,-1.0,-1.5729000167792606,1.3483341546606182,0.17610419020999535,-0.9241520427299766,0.0017347598721445764,0.9705100416569135
2111,0.5457600822893839,0.5457587551425447,0.0011889157641486114,4.402659764172607,2.4748533393194245,1.6551575998568548,2.96977936097661,-1.0,-1.572902149837948,1.3484212154518516,0.17596736403749594,-0.924458637622175,0.0017369411439703338,0.9708664019298051
2112,0.5457574951577394,0.5457561666932325,0.0011895031463916796,4.402659769256353,2.474850750777092,1.6551574066964074,2.9698037665543895,-1.0,-1.5729042904991641,1.348508410751715,0.17583031337216196,-0.9247657810816627,0.0017391300769131598,0.9712234007541374
2113,0.5457548988342227,0.5457535690473828,0.0011900923108593673,4.402659774354061,2.4748481530378976,1.6551572130077457,2.969828233935408,-1.0,-1.5729064388079093,1.3485957410998322,0.1756930372877467,-0.9250734753665861,0.0017413267161839948,0.9715810407746783
2114,0.545752293264434,0.5457509621505702,0.001190683267587062,4.402659779465797,2.4748455460474146,1.6551570187881552,2.969852763391571,-1.0,-1.5729085948095571,1.3486832070392816,0.1755555348519805,-0.9253817227497719,0.001743531107368252,0.971939324653446
2115,0.545749678393525,0.5457483459479168,0.0011912760260230023,4.402659784591629,2.4748429297507624,1.6551568240349008,2.969877355196619,-1.0,-1.5729107585498585,1.3487708091166264,0.17541780512651708,-0.9256905255188586,0.001745743296429781,0.9722982550698615
2116,0.5457470541661855,0.5457457203840855,0.0011918705955884894,4.402659789731626,2.474840304092602,1.6551566287452275,2.969902009626145,-1.0,-1.5729129300749465,1.3488585478819453,0.17527984716687955,-0.9259998859764279,0.001747963329715336,0.9726578347209042
2117,0.5457444205266488,0.5457430854032814,0.001192466986422634,4.402659794885856,2.4748376690171376,1.6551564329163577,2.9699267269576084,-1.0,-1.5729151094313387,1.348946423888864,0.17514166002240555,-0.9263098064401388,0.001750191253958345,0.9730180663212693
2118,0.5457417774186802,0.5457404409492406,0.0011930652080776266,4.402659800054386,2.474835024468102,1.6551562365454955,2.9699515074703546,-1.0,-1.572917296665943,1.3490344376945858,0.17500324273619186,-0.9266202892428618,0.0017524271162832235,0.9733789526035269
2119,0.5457391247855724,0.5457377869652279,0.0011936652708221898,4.4026598052372865,2.474832370388759,1.6551560396298217,2.969976351445632,-1.0,-1.5729194918260612,1.3491225898599244,0.17486459434503843,-0.926931336732816,0.0017546709642094933,0.973740496318282
2120,0.5457364625701423,0.5457351233940305,0.0011942671839662979,4.402659810434628,2.474829706721893,1.655155842166497,2.9700012591666107,-1.0,-1.5729216949593932,1.3492108809493353,0.17472571387939168,-0.927242951273707,0.0017569228456560566,0.9741027002343375
2121,0.5457337907147257,0.5457324501779565,0.0011948709580934184,4.402659815646483,2.474827033409811,1.6551556441526583,2.9700262309183967,-1.0,-1.5729239061140405,1.3492993115309488,0.17458660036328724,-0.9275551352448664,0.001759182808945626,0.9744655671388591
2122,0.545731109161172,0.5457297672588243,0.0011954766033855054,4.402659820872916,2.4748243503943286,1.6551554455854234,2.9700512669880514,-1.0,-1.5729261253385127,1.349387882176602,0.17444725281429196,-0.9278678910413932,0.0017614509028089983,0.9748290998375411
2123,0.5457284178508359,0.54572707457796,0.001196084130180783,4.402659826114003,2.4748216576167703,1.6551552464618862,2.9700763676646127,-1.0,-1.5729283526817301,1.3494765934618733,0.17430767024344535,-0.9281812210742965,0.001763727176389602,0.9751933011547743
2124,0.5457257167245781,0.5457243720761932,0.0011966935484165426,4.4026598313698155,2.474818955017964,1.6551550467791198,2.9701015332391103,-1.0,-1.5729305881930284,1.3495654459661148,0.17416785165520007,-0.9284951277706399,0.0017660116792478095,0.9755581739338172
2125,0.5457230057227533,0.5457216596938501,0.0011973048683718184,4.4026598366404235,2.4748162425382327,1.6551548465341726,2.970126764004583,-1.0,-1.5729328319221643,1.3496544402724875,0.17402779604736238,-0.9288096135736885,0.001768304461365717,0.9759237210369668
2126,0.5457202847852084,0.5457189373707464,0.0011979181012224318,4.402659841925903,2.474813520117391,1.6551546457240722,2.970152060256103,-1.0,-1.5729350839193188,1.3497435769679944,0.17388750241103093,-0.9291246809430553,0.0017706055731515743,0.9762899453457342
2127,0.5457175538512778,0.5457162050461855,0.0011985332570006262,4.402659847226326,2.4748107876947403,1.6551544443458226,2.9701774222907886,-1.0,-1.5729373442351027,1.3498328566435163,0.17374696973053574,-0.929440332354852,0.0017729150654447199,0.9766568497610197
2128,0.5457148128597744,0.5457134626589499,0.0011991503464495138,4.402659852541768,2.47480804520906,1.6551542423964045,2.9702028504078273,-1.0,-1.5729396129205613,1.3499222798938466,0.17360619698337607,-0.9297565703018398,0.0017752329895200877,0.9770244372032915
2129,0.5457120617489862,0.5457107101472963,0.0011997693802807893,4.4026598578723,2.4748052925986057,1.6551540398727753,2.970228344908494,-1.0,-1.5729418900271788,1.3500118473177272,0.17346518314015746,-0.9300733972935823,0.0017775593970929878,0.9773927106127654
2130,0.5457093004566699,0.5457079474489497,0.0012003903693596151,4.402659863218002,2.4748025298010994,1.6551538367718677,2.97025390609617,-1.0,-1.5729441756068834,1.3501015595178838,0.17332392716452835,-0.9303908158566011,0.0017798943403243125,0.9777616729495879
2131,0.5457065289200453,0.5457051745010983,0.0012010133245191673,4.4026598685789455,2.474799756753728,1.6551536330905925,2.970279534276366,-1.0,-1.5729464697120523,1.350191417101063,0.17318242801311562,-0.9307088285345313,0.001782237871825316,0.9781313271940206
2132,0.5457037470757885,0.5457023912403864,0.0012016382567453278,4.402659873955209,2.4747969733931328,1.655153428825835,2.9703052297567387,-1.0,-1.5729487723955167,1.3502814206780689,0.17304068463545966,-0.931027437888281,0.0017845900446621609,0.9785016763466263
2133,0.5457009548600266,0.5456995976029084,0.0012022651771761079,4.402659879346869,2.4747941796554067,1.6551532239744553,2.970330992847112,-1.0,-1.5729510837105665,1.3503715708638009,0.1728986959739486,-0.9313466464961915,0.0017869509123618632,0.9788727234284585
2134,0.5456981522083314,0.5456967935242041,0.001202894097101069,4.4026598847540015,2.4747913754760864,1.6551530185332906,2.9703568238595004,-1.0,-1.5729534037109558,1.3504618682772902,0.17275646096375155,-0.9316664569541988,0.001789320528916839,0.9792444714812524
2135,0.5456953390557132,0.5456939789392501,0.0012035250275917518,4.402659890176689,2.4747885607901474,1.6551528124991526,2.9703827231081266,-1.0,-1.5729557324509083,1.350552313541739,0.17261397853275132,-0.9319868718759987,0.0017916989487901114,0.9796169235676181
2136,0.545692515336613,0.5456911537824557,0.0012041579802396527,4.402659895615004,2.474785735531996,1.655152605868827,2.970408690909443,-1.0,-1.5729580699851222,1.350642907284559,0.17247124760147636,-0.9323078938932127,0.0017940862269211389,0.9799900827712363
2137,0.5456896809849,0.5456883179876555,0.0012047929660488628,4.402659901069029,2.474782899635464,1.6551523986390755,2.970434727582155,-1.0,-1.5729604163687754,1.3507336501374099,0.17232826708303162,-0.9326295256555555,0.001796482418730323,0.9803639521970566
2138,0.5456868359338614,0.5456854714881034,0.001205429996542647,4.402659906538843,2.474780053033804,1.655152190806632,2.970460833447243,-1.0,-1.5729627716575312,1.35082454273624,0.1721850358830288,-0.9329517698310059,0.0017988875801253424,0.9807385349714974
2139,0.5456839801161971,0.5456826142164651,0.0012060690839459888,4.402659912024528,2.474777195659679,1.6551519823682064,2.9704870088279813,-1.0,-1.572965135907544,1.3509155857213249,0.1720415528995157,-0.9332746291059784,0.0018013017675058542,0.9811138342426493
2140,0.5456811134640125,0.5456797461048117,0.0012067102397114633,4.402659917526162,2.474774327445158,1.655151773320481,2.9705132540499624,-1.0,-1.572967509175465,1.3510067797373089,0.17189781702290477,-0.9335981061854974,0.0018037250377699056,0.9814898531804794
2141,0.5456782359088124,0.5456768670846139,0.0012073534754406382,4.402659923043829,2.4747714483217087,1.6551515636601126,2.9705395694411196,-1.0,-1.5729698915184465,1.3510981254332453,0.17175382713590068,-0.9339222037933739,0.0018061574483188693,0.9818665949770401
2142,0.545675347381495,0.5456739770867342,0.0012079988030672902,4.402659928577611,2.4747685582201915,1.6551513533837308,2.97056595533175,-1.0,-1.5729722829941495,1.3511896234626386,0.17160958211342725,-0.9342469246723832,0.0018085990570636213,0.982244062846678
2143,0.5456724478123419,0.54567107604142,0.0012086462350400292,4.402659934127589,2.4747656570708516,1.6551511424879377,2.970592412054534,-1.0,-1.5729746836607483,1.3512812744834857,0.17146508082255327,-0.9345722715844463,0.0018110499224300981,0.9826222600262475
2144,0.5456695371310155,0.5456681638782972,0.001209295783035404,4.40265993969385,2.4747627448033125,1.6551509309693084,2.9706189399445653,-1.0,-1.572977093576937,1.3513730791583187,0.1713203221224175,-0.9348982473108117,0.0018135101033655134,0.9830011897753259
2145,0.5456666152665488,0.5456652405263632,0.0012099474590608612,4.402659945276475,2.474759821346569,1.6551507188243904,2.970645539339369,-1.0,-1.5729795128019346,1.3514650381542481,0.17117530486415278,-0.9352248546522411,0.001815979659343876,0.983380855376431
2146,0.5456636821473368,0.5456623059139775,0.0012106012763707299,4.402659950875551,2.4747568866289775,1.6551505060497027,2.9706722105789263,-1.0,-1.5729819413954924,1.3515571521430056,0.17103002789080926,-0.9355520964291961,0.0018184586503726741,0.983761260135242
2147,0.5456607377011337,0.5456593599688564,0.001211257246529554,4.40265995649116,2.4747539405782533,1.655150292641737,2.9706989540057007,-1.0,-1.5729843794178995,1.3516494218009887,0.17088449003727663,-0.9358799754820278,0.0018209471369987418,0.9841424073808224
2148,0.5456577818550412,0.5456564026180667,0.0012119153823479342,4.402659962123393,2.474750983121459,1.6551500785969553,2.970725769964662,-1.0,-1.572986826929988,1.3517418478093048,0.17073869013020532,-0.9362084946711687,0.001823445180314205,0.9845243004658459
2149,0.5456548145355045,0.5456534337880145,0.0012125756964139814,4.402659967772332,2.474748014185,1.6551498639117919,2.970752658803309,-1.0,-1.5729892839931414,1.3518344308538168,0.17059262698792696,-0.9365376568773267,0.0018259528419632032,0.9849069427668258
2150,0.5456518356683002,0.5456504534044405,0.0012132382012767153,4.402659973438069,2.474745033694613,1.6551496485826511,2.970779620871698,-1.0,-1.5729917506692992,1.351927171625188,0.1704462994203736,-0.9368674650016816,0.0018284701841483797,0.9852903376843456
2151,0.545648845178534,0.5456474613924115,0.0012139029101776158,4.402659979120688,2.474742041575362,1.6551494326059073,2.970806656522465,-1.0,-1.572994227020964,1.3520200708189287,0.1702997062289962,-0.9371979219660842,0.001830997269637098,0.985674488643294
2152,0.5456458429906278,0.5456444576763119,0.0012145698355859548,4.402659984820281,2.47473903775163,1.6551492159779069,2.9708337661108533,-1.0,-1.5729967131112088,1.3521131291354431,0.17015284620668195,-0.9375290307132572,0.0018335341617681255,0.9860593990931023
2153,0.5456428290283148,0.5456414421798359,0.001215238991210566,4.402659990536936,2.4747360221471078,1.6551489986949637,2.970860949994739,-1.0,-1.5729992090036828,1.3522063472800765,0.1700057181376705,-0.937860794207,0.0018360809244584342,0.9864450725079839
2154,0.5456398032146293,0.5456384148259796,0.0012159103896221888,4.402659996270746,2.474732994684789,1.6551487807533634,2.9708882085346584,-1.0,-1.5730017147626185,1.3522997259631626,0.1698583207974693,-0.9381932154323938,0.001838637622209961,0.9868315123871784
2155,0.545636765471902,0.5456353755370338,0.0012165840446290584,4.402660002021798,2.474729955286962,1.6551485621493593,2.9709155420938322,-1.0,-1.5730042304528387,1.352393265900073,0.16971065295276797,-0.9385262973960117,0.0018412043201166417,0.9872187222551971
2156,0.5456337157217469,0.5456323242345731,0.0012172599690842775,4.402660007790184,2.4747269038751982,1.6551483428791733,2.970942951038195,-1.0,-1.5730067561397627,1.3524869678112659,0.16956271336135129,-0.9388600431261299,0.0018437810838711332,0.9876067056620729
2157,0.5456306538850564,0.5456292608394504,0.0012179381767113361,4.402660013575998,2.4747238403703484,1.655148122938998,2.9709704357364233,-1.0,-1.5730092918894147,1.3525808324223347,0.16941450077201126,-0.9391944556729415,0.0018463679797721187,0.9879954661836122
2158,0.5456275798819916,0.5456261852717857,0.0012186186815548131,4.402660019379335,2.4747207646925293,1.655147902324992,2.970997996559961,-1.0,-1.5730118377684301,1.3526748604640602,0.16926601392445828,-0.9395295381087739,0.001848965074731419,0.9883850074216511
2159,0.5456244936319724,0.5456230974509594,0.0012193014967044613,4.402660025200287,2.4747176767611183,1.655147681033283,2.9710256338830483,-1.0,-1.5730143938440633,1.3527690526724603,0.16911725154923085,-0.9398652935283085,0.0018515724362814132,0.9887753330043136
2160,0.5456213950536712,0.5456199972956011,0.0012199866362996882,4.402660031038947,2.474714576494743,1.655147459059965,2.97105334808275,-1.0,-1.5730169601841941,1.3528634097888421,0.1689682123676044,-0.9402017250488025,0.001854190132582346,0.9891664465862743
2161,0.5456182840650013,0.5456168847235842,0.0012206741140711249,4.402660036895413,2.4747114638112735,1.6551472364011,2.9710811395389864,-1.0,-1.5730195368573368,1.352957932559854,0.1688188950914987,-0.9405388358103149,0.0018568182324297088,0.989558351849023
2162,0.5456151605831091,0.545613759652013,0.0012213639446141142,4.402660042769781,2.4747083386278113,1.6551470130527166,2.971109008634559,-1.0,-1.5730221239326463,1.3530526217375378,0.16866929842338438,-0.9408766289759337,0.0018594568052623228,0.9899510525011345
2163,0.5456120245243656,0.5456106219972159,0.0012220561421141156,4.402660048662146,2.474705200860682,1.6551467890108105,2.9711369557551834,-1.0,-1.573024721479927,1.3531474780793835,0.16851942105618817,-0.9412151077320074,0.0018621059211697609,0.9903445522785399
2164,0.5456088758043566,0.5456074716747357,0.0012227507203475877,4.402660054572608,2.4747020504254253,1.6551465642713417,2.971164981289517,-1.0,-1.5730273295696393,1.3532425023483832,0.16836926167319685,-0.941554275288379,0.0018647656509001584,0.9907388549448028
2165,0.5456057143378702,0.5456043085993185,0.0012234476944977867,4.4026600605012645,2.4746988872367846,1.6551463388302377,2.9711930856291917,-1.0,-1.5730299482729093,1.3533376953130851,0.16821881894796004,-0.9418941348786222,0.001867436065868295,0.9911339642913984
2166,0.5456025400388927,0.5456011326849066,0.0012241470787924455,4.402660066448214,2.4746957112086996,1.655146112683389,2.9712212691688413,-1.0,-1.5730325776615355,1.3534330577476508,0.16806809154419167,-0.9422346897602821,0.0018701172381637163,0.9915298841379959
2167,0.5455993528205929,0.5455979438446251,0.0012248488877751962,4.402660072413559,2.4746925222542915,1.6551458858266537,2.9712495323061363,-1.0,-1.5730352178079976,1.3535285904319094,0.16791707811567033,-0.9425759432151177,0.00187280924055901,0.9919266183327453
2168,0.545596152595318,0.5455947419907768,0.0012255531366667399,4.4026600783974,2.4746893202858606,1.655145658255852,2.971277875441814,-1.0,-1.5730378687854645,1.3536242941514167,0.16776577730613826,-0.942917898549348,0.001875512146517889,0.9923241707525675
2169,0.5455929392745787,0.5455915270348285,0.0012262598402761596,4.402660084399837,2.4746861052148703,1.6551454299667698,2.9713062989797083,-1.0,-1.573040530667803,1.3537201696975114,0.16761418774919892,-0.9432605590939018,0.0018782260302041285,0.9927225453034478
2170,0.5455897127690419,0.5455882988874008,0.001226969014087625,4.402660090420974,2.4746828769519387,1.6551452009551555,2.971334803326786,-1.0,-1.5730432035295865,1.353816217867375,0.16746230806821352,-0.9436039282046697,0.0018809509664894928,0.993121745920734
2171,0.5455864729885181,0.5455850574582594,0.0012276806728112198,4.402660096460914,2.474679635406828,1.6551449712167217,2.9713633888931783,-1.0,-1.5730458874461033,1.3539124394640891,0.16731013687619584,-0.9439480092627596,0.0018836870309631001,0.9935217765694375
2172,0.545583219841952,0.5455818026563031,0.0012283948320117176,4.402660102519762,2.474676380488434,1.6551447407471427,2.971392056092212,-1.0,-1.573048582493366,1.354008835296698,0.167157672775706,-0.9442928056747569,0.0018864342999398939,0.993922641244539
2173,0.5455799532374134,0.5455785343895554,0.0012291115073831745,4.402660108597624,2.474673112104777,1.6551445095420563,2.971420805340447,-1.0,-1.5730512887481194,1.3541054061802669,0.16700491435874268,-0.9446383208729863,0.001889192850469696,0.994324343971298
2174,0.5455766730820839,0.5455752525651504,0.0012298307147482332,4.402660114694603,2.4746698301629886,1.6551442775970622,2.971449637057705,-1.0,-1.5730540062878509,1.3542021529359454,0.16685186020663398,-0.9449845583157774,0.0018919627603463391,0.9947268888055661
2175,0.5455733792822458,0.5455719570893238,0.0012305524695160948,4.402660120810811,2.4746665345693,1.6551440449077202,2.9714785516671123,-1.0,-1.573056735190799,1.3542990763910292,0.16669850888992677,-0.9453315214877351,0.001894744108116992,0.9951302798341047
2176,0.5455700717432729,0.545568647867401,0.0012312767875850936,4.40266012694635,2.474663225229034,1.655143811469553,2.9715075495951258,-1.0,-1.5730594755359626,1.3543961773790232,0.16654485896827473,-0.9456792139000115,0.0018975369730915243,0.995534521174907
2177,0.5455667503696159,0.5455653248037857,0.001232003685701395,4.402660133101335,2.474659902046591,1.6551435772780427,2.971536631271576,-1.0,-1.5730622274031116,1.3544934567397056,0.16639090899032477,-0.9460276390905835,0.0019003414353520659,0.9959396169775235
2178,0.5455634150647963,0.5455619878019495,0.001232733179294669,4.402660139275871,2.4746565649254393,1.655143342328633,2.9715657971296974,-1.0,-1.5730649908727947,1.3545909153191926,0.166236657493602,-0.946376800624532,0.0019031575757626823,0.9963455714233932
2179,0.5455600657313884,0.5455586367644183,0.001233465285541934,4.402660145470071,2.474653213768102,1.6551431066167253,2.9715950476061703,-1.0,-1.573067766026351,1.3546885539700053,0.1660821030043933,-0.9467267020943269,0.0019059854759790888,0.9967523887261774
2180,0.5455567022710123,0.5455552715927623,0.0012342000204834738,4.402660151684044,2.4746498484761448,1.655142870137682,2.9716243831411537,-1.0,-1.5730705529459186,1.3547863735511343,0.16592724403762898,-0.9470773471201138,0.001908825218458832,0.9971600731321001
2181,0.545553324584318,0.545551892187581,0.0012349374008238908,4.402660157917907,2.474646468950164,1.6551426328868235,2.971653804178325,-1.0,-1.5730733517144462,1.354884374928109,0.1657720790967634,-0.9474287393500066,0.0019116768864716252,0.9975686289202905
2182,0.5455499325709756,0.5455484984484948,0.0012356774433906889,4.40266016417177,2.4746430750897774,1.6551423948594286,2.971683311164916,-1.0,-1.5730761624157017,1.3549825589730649,0.16561660667365338,-0.9477808824603822,0.0019145405641089078,0.9979780604031323
2183,0.545546526129664,0.5455450902741302,0.001236420165851894,4.402660170445747,2.4746396667936077,1.655142156050734,2.971712904551755,-1.0,-1.5730789851342837,1.3550809265648132,0.1654608252484356,-0.94813378015618,0.0019174163362952693,0.9983883719266163
2184,0.5455431051580517,0.5455416675621055,0.0012371655843799385,4.402660176739958,2.474636243959269,1.6551419164559331,2.9717425847933026,-1.0,-1.5730818199556327,1.3551794785889113,0.1653047332894018,-0.9484874361712058,0.0019203042887983193,0.9987995678706985
2185,0.5455396695527936,0.5455382302090229,0.0012379137168844557,4.402660183054514,2.4746328064833607,1.6551416760701778,2.971772352347692,-1.0,-1.57308466696604,1.3552782159377337,0.16514832925287257,-0.948841854268439,0.0019232045082398011,0.9992116526496623
2186,0.5455362192095108,0.5455347781104503,0.0012386645804970042,4.402660189389537,2.474629354261447,1.6551414348885738,2.971802207676772,-1.0,-1.5730875262526605,1.355377139510544,0.16499161158306958,-0.9491970382403444,0.0019261170821067823,0.9996246307124864
2187,0.5455327540227785,0.5455313111609104,0.0012394181930062587,4.402660195745141,2.4746258871880467,1.6551411929061854,2.9718321512461423,-1.0,-1.5730903979035222,1.355476250213568,0.16483457871198565,-0.9495529919091881,0.0019290420987621464,1.0000385065432176
2188,0.5455292738861143,0.5455278292538674,0.0012401745728556277,4.40266020212145,2.4746224051566204,1.6551409501180292,2.971862183525201,-1.0,-1.5730932820075394,1.3555755489600683,0.1646772290592535,-0.9499097191273578,0.0019319796474565225,1.0004532846613474
2189,0.5455257786919646,0.5455243322817128,0.0012409337368147182,4.402660208518581,2.4746189080595564,1.6551407065190797,2.9718923049871817,-1.0,-1.5730961786545221,1.3556750366704182,0.16451956103201235,-0.9502672237776874,0.0019349298183395152,1.0008689696221964
2190,0.5455222683316887,0.5455208201357511,0.0012416957039181828,4.402660214936659,2.474615395788155,1.655140462104263,2.9719225161091987,-1.0,-1.5730990879351894,1.3557747142721794,0.16436157302477297,-0.9506255097737862,0.001937892702471517,1.0012855660173006
2191,0.5455187426955449,0.5455172927061858,0.0012424604918840976,4.402660221375803,2.474611868232616,1.6551402168684595,2.9719528173722884,-1.0,-1.5731020099411803,1.355874582700178,0.16420326341928068,-0.9509845810603724,0.001940868391835288,1.0017030784748058
2192,0.5455152016726791,0.5455137498821065,0.0012432281197966453,4.402660227836138,2.4746083252820252,1.6551399708065033,2.971983209261454,-1.0,-1.5731049447650658,1.3559746428965824,0.16404463058437652,-0.951344441613611,0.0019438569793481968,1.0021215116598663
2193,0.5455116451511067,0.5455101915514721,0.0012439986057810784,4.402660234317791,2.4746047668243376,1.6551397239131804,2.972013692265711,-1.0,-1.5731078925003619,1.356074895810984,0.1638856728758566,-0.9517050954414568,0.001946858558874615,1.0025408702750493
2194,0.5455080730176989,0.5455066176010971,0.00124477196914684,4.402660240820886,2.4746011927463645,1.6551394761832292,2.972044266878128,-1.0,-1.5731108532415405,1.3561753424004763,0.16372638863632932,-0.952066546584002,0.0019498732252378086,1.0029611590607443
2195,0.5455044851581686,0.5455030279166365,0.001245548228244212,4.4026602473455485,2.474597602933756,1.6551392276113395,2.972074933595876,-1.0,-1.5731138270840441,1.3562759836297362,0.16356677619507082,-0.952428799113829,0.0019529010742333436,1.003382382795579
2196,0.5455008814570528,0.5454994223825699,0.0012463274031392511,4.40266025389191,2.474593997270988,1.6551389781921515,2.9721056929202745,-1.0,-1.5731168141242966,1.356376820471108,0.16340683386787827,-0.9527918571363669,0.001955942202641326,1.0038045462968408
2197,0.5454972617977026,0.5454958008821881,0.0012471095127592243,4.402660260460097,2.4745903756413483,1.6551387279202552,2.9721365453568356,-1.0,-1.5731198144597174,1.3564778539046856,0.16324655995692108,-0.9531557247902547,0.001958996708239653,1.004227654420904
2198,0.545493626062258,0.5454921632975733,0.001247894576319202,4.402660267050243,2.4745867379269137,1.6551384767901902,2.972167491415315,-1.0,-1.5731228281887346,1.3565790849183983,0.1630859527505902,-0.9535204062477075,0.001962064689817301,1.004651712063663
2199,0.5454899741316412,0.5454885095095866,0.0012486826138541746,4.402660273662476,2.4745830840085414,1.6551382247964468,2.972198531609756,-1.0,-1.5731258554107985,1.3566805145080962,0.16292501052334504,-0.9538859057148905,0.0019651462471878887,1.0050767241609726
2200,0.5454863058855351,0.5454848393978506,0.0012494736453274474,4.402660280296932,2.474579413765851,1.6551379719334613,2.972229666458544,-1.0,-1.5731288962263945,1.3567821436776384,0.16276373153555854,-0.9542522274322958,0.001968241481203082,1.0055026956890916
2201,0.5454826212023673,0.5454811528407318,0.0012502676909855862,4.402660286953741,2.4745757270772035,1.6551377181956186,2.97226089648445,-1.0,-1.573131950737058,1.3568839734389804,0.16260211403335986,-0.9546193756751256,0.001971350493766739,1.0059296316651365
2202,0.5454789199592952,0.5454774497153255,0.0012510647713570354,4.402660293633042,2.4745720238196913,1.655137463577251,2.9722922222146866,-1.0,-1.5731350190453877,1.3569860048122648,0.1624401562484748,-0.954987354753681,0.0019744733878489748,1.0063575371475397
2203,0.5454752020321856,0.5454737298974356,0.0012518649061865012,4.402660300334971,2.4745683038691126,1.6551372080726365,2.9723236441809546,-1.0,-1.5731381012550611,1.3570882388259116,0.16227785639806408,-0.9553561690137562,0.0019776102675008907,1.0067864172365133
2204,0.5454714672956005,0.5454699932615616,0.0012526681169185685,4.402660307059667,2.4745645670999643,1.6551369516759995,2.9723551629194955,-1.0,-1.5731411974708478,1.357190676516711,0.16211521268455928,-0.9557258228370381,0.001980761237868523,1.0072162770745214
2205,0.5454677156227782,0.5454662396808776,0.0012534744242117448,4.402660313807264,2.4745608133854144,1.655136694381508,2.9723867789711464,-1.0,-1.5731443077986247,1.357293318929917,0.1619522232954964,-0.9560963206415114,0.0019839264052082316,1.0076471218467582
2206,0.5454639468856144,0.545462469027215,0.0012542838493566997,4.402660320577905,2.474557042597291,1.6551364361832757,2.9724184928813924,-1.0,-1.5731474323453916,1.3573961671193415,0.1617888864033469,-0.9564676668818701,0.0019871058769015027,1.0080789567816328
2207,0.5454601609546454,0.5454586811710445,0.001255096413212222,4.402660327371733,2.4745532546060605,1.6551361770753605,2.9724503052004185,-1.0,-1.5731505712192861,1.3574992221474518,0.1616252001653467,-0.9568398660499349,0.0019902997614706496,1.008511787151262
2208,0.5454563576990283,0.5454548759814574,0.0012559121379740862,4.402660334188887,2.474549449280809,1.6551359170517612,2.9724822164831672,-1.0,-1.5731537245295992,1.3576024850854675,0.16146116272332237,-0.9572129226750757,0.0019935081685943166,1.0089456182719687
2209,0.5454525369865234,0.5454510533261471,0.0012567310450499628,4.402660341029515,2.474545626489226,1.6551356561064197,2.9725142272893943,-1.0,-1.5731568923867914,1.3577059570134604,0.1612967722035147,-0.957586841324642,0.001996731209122866,1.0093804555047887
2210,0.5454486986834712,0.5454472130713875,0.0012575531564739837,4.402660347893761,2.4745417860975807,1.6551353942332203,2.972546338183722,-1.0,-1.5731600749025088,1.3578096390204533,0.16113202671640015,-0.9579616266043969,0.0019999689950955146,1.0098163042559847
2211,0.5454448426547795,0.5454433550820178,0.0012583784945512406,4.40266035478177,2.474537927970707,1.6551351314259866,2.972578549735699,-1.0,-1.573163272189599,1.357913532204524,0.1609669243565094,-0.9583372831589606,0.0020032216397557214,1.0102531699775674
2212,0.5454409687638972,0.5454394792214181,0.001259207081503655,4.402660361693693,2.4745340519719816,1.6551348676784832,2.9726108625198604,-1.0,-1.5731664843621282,1.3580176376729072,0.16080146320224314,-0.9587138156722573,0.002006489257568557,1.0106910581678248
2213,0.545437076872797,0.545435585351492,0.0012600389399983424,4.402660368629677,2.4745301579633026,1.6551346029844127,2.9726432771157825,-1.0,-1.5731697115353986,1.3581219565421008,0.16063564131568556,-0.9590912288679715,0.0020097719642374902,1.011129974371858
2214,0.5454331668419546,0.545431673332645,0.0012608740929694589,4.402660375589875,2.474526245805071,1.6551343373374177,2.9726757941081448,-1.0,-1.5731729538259647,1.358226489937971,0.16046945674241464,-0.9594695275100081,0.002013069876721564,1.0115699241821272
2215,0.5454292385303272,0.5454277430237624,0.0012617125636167246,4.40266038257444,2.4745223153561673,1.6551340707310767,2.9727084140867928,-1.0,-1.5731762113516512,1.3583312389958615,0.16030290751131,-0.9598487164029622,0.0020163831132533464,1.0120109132390027
2216,0.5454252917953337,0.5454237942821921,0.0012625543752280682,4.402660389583522,2.4745183664739336,1.6551338031589067,2.972741137646795,-1.0,-1.573179484231571,1.358436204860702,0.1601359916343576,-0.9602288003925935,0.00201971179335599,1.0124529472313275
2217,0.5454213264928301,0.5454198269637176,0.001263399551354472,4.4026603966172795,2.47451439901415,1.6551335346143596,2.9727739653885115,-1.0,-1.5731827725861434,1.3585413886871205,0.15996870710645197,-0.960609784366309,0.002023056037862427,1.012896031896985
2218,0.545417342477091,0.5454158409225394,0.0012642481158084717,4.402660403675867,2.474510412831011,1.6551332650908226,2.972806897917653,-1.0,-1.5731860765371124,1.3586467916395555,0.15980105190519497,-0.9609916732536524,0.002026415968933089,1.013340173023478
2219,0.5454133396007834,0.5454118360112509,0.001265100092662648,4.402660410759443,2.4745064077771053,1.6551329945816178,2.972839935845348,-1.0,-1.5731893962075656,1.358752414892371,0.1596330239906919,-0.9613744720268013,0.0020297917100749866,1.013785376448513
2220,0.5454093177149474,0.5454078120808171,0.001265955506423504,4.402660417868169,2.4745023837033933,1.65513272308,2.972873079788207,-1.0,-1.5731927317219527,1.3588582596299725,0.1594646213053445,-0.9617581857010713,0.002033183386160982,1.0142316480605975
2221,0.5454052766689711,0.5454037689805501,0.0012668143813282322,4.402660425002207,2.4744983404591814,1.6551324505791567,2.9729063303683905,-1.0,-1.573196083206106,1.358964327046925,0.15929584177364073,-0.9621428193354278,0.002036591123449101,1.0146789937996432
2222,0.5454012163105671,0.545399706558086,0.0012676767420455991,4.402660432161715,2.4744942778921004,1.6551321770722072,2.972939688213674,-1.0,-1.5731994507872598,1.3590706183480725,0.15912668330194152,-0.9625283780330057,0.002040015049602313,1.0151274196575786
2223,0.5453971364857484,0.5453956246593604,0.0012685426141989256,4.402660439346862,2.4744901958480807,1.6551319025522029,2.972973153957521,-1.0,-1.5732028345940696,1.35917713474866,0.15895714377826406,-0.9629148669416369,0.002043455293708581,1.015576931678972
2224,0.5453930370388063,0.5453915231285855,0.0012694120222631069,4.402660446557812,2.4744860941713296,1.655131627012123,2.973006728239149,-1.0,-1.573206234756634,1.3592838774744571,0.15878722107206225,-0.9633022912543856,0.002046911986301921,1.0160275359616637
2225,0.5453889178122805,0.5453874018082229,0.0012702849930638302,4.402660453794733,2.474481972704303,1.6551313504448764,2.9730404117036007,-1.0,-1.5732096514065146,1.3593908477618826,0.15861691303400327,-0.9636906562100924,0.0020503852593826495,1.0164792386574066
2226,0.5453847786469397,0.5453832605389605,0.0012711615515765,4.402660461057794,2.4744778312876834,1.6551310728433,2.973074205001818,-1.0,-1.5732130846767576,1.3594980468581317,0.15844621749574106,-0.9640799670939254,0.0020538752464388317,1.0169320459725188
2227,0.5453806193817505,0.545379099159684,0.0012720417240739245,4.402660468347164,2.4744736697603518,1.655130794200159,2.9731081087907145,-1.0,-1.5732165347019151,1.3596054760213054,0.15827513226968626,-0.964470229237941,0.0020573820824679643,1.0173859641685439
2228,0.5453764398538561,0.5453749175074543,0.0012729255369000499,4.402660475663018,2.4744694879593623,1.6551305145081423,2.973142123733248,-1.0,-1.5732200016180673,1.359713136520542,0.15810365514877273,-0.9648614480216532,0.002060905903998968,1.0178409995629225
2229,0.545372239898545,0.5453707154174775,0.001273813016817593,4.40266048300553,2.474465285719916,1.6551302337598657,2.9731762504984975,-1.0,-1.5732234855628449,1.3598210296361486,0.15793178390622006,-0.9652536288726107,0.002064446849114689,1.0182971585296754
2230,0.5453680193492271,0.5453664927230795,0.0012747041910058244,4.402660490374872,2.474461062875333,1.6551299519478688,2.973210489761739,-1.0,-1.5732269866754516,1.359929156659738,0.15775951629529306,-0.9656467772669839,0.002068005057474394,1.0187544475000943
2231,0.5453637780374039,0.5453622492556771,0.0012755990861879792,4.402660497771229,2.4744568192570253,1.6551296690646133,2.9732448422045246,-1.0,-1.573230505096688,1.360037518894365,0.1575868500490569,-0.9660408987301609,0.0020715806703372826,1.0192128729634458
2232,0.545359515792644,0.5453579848447527,0.0012764977305455047,4.402660505194773,2.4744525546944685,1.6551293851024844,2.9732793085147584,-1.0,-1.5732340409689738,1.3601461176546652,0.15741378288012883,-0.9664359988373518,0.002075173830585954,1.0196724414676863
2233,0.5453552324425476,0.5453536993178206,0.0012774001516262237,4.402660512645689,2.474448269015171,1.6551291000537869,2.9733138893867803,-1.0,-1.5732375944363732,1.3602549542669977,0.15724031248042578,-0.9668320832142041,0.0020787846827506192,1.0201331596201861
2234,0.5453509278127252,0.5453493925004027,0.0012783063768668562,4.402660520124161,2.474443962044649,1.6551288139107454,2.9733485855214465,-1.0,-1.5732411656446192,1.360364030069588,0.15706643652090818,-0.9672291575374264,0.0020824133730333056,1.0205950340884666
2235,0.5453466017267622,0.5453450642159959,0.001279216435675544,4.402660527630369,2.4744396336063934,1.6551285266655036,2.9733833976262094,-1.0,-1.5732447547411372,1.3604733464126735,0.15689215265131964,-0.9676272275354222,0.002086060049333079,1.0210580716009487
2236,0.545342254006191,0.5453407142860434,0.0012801303566487173,4.402660535164502,2.4744352835218413,1.6551282383101247,2.973418326415207,-1.0,-1.573248361875072,1.3605829046586522,0.1567174584999226,-0.9680262989889338,0.002089724861271338,1.0215222789477132
2237,0.5453378844704607,0.5453363425299027,0.0012810481686131034,4.402660542726752,2.4744309116103445,1.6551279488365849,2.9734533726093444,-1.0,-1.5732519871973125,1.3606927061822338,0.1565423516732298,-0.9684263777316968,0.0020934079602176157,1.021987662981272
2238,0.5453334929369028,0.5453319487648143,0.0012819699009704458,4.402660550317304,2.474426517689137,1.6551276582367782,2.9734885369363817,-1.0,-1.5732556308605188,1.3608027523705915,0.15636682975573127,-0.9688274696511044,0.0020971094993161208,1.022454230617354
2239,0.5453290792207043,0.5453275328058713,0.001282895583175308,4.402660557936353,2.474422101573306,1.655127366502513,2.9735238201310237,-1.0,-1.573259293019148,1.3609130446235176,0.15619089030961733,-0.9692295806888824,0.0021008296335121987,1.0229219888357008
2240,0.545324643134869,0.5453230944659841,0.0012838252457717159,4.4026605655840925,2.474417663075754,1.6551270736255077,2.973559222935008,-1.0,-1.5732629738294828,1.3610235843535823,0.15601453087449696,-0.9696327168417754,0.0021045685195799986,1.0233909446808769
2241,0.5453201844901894,0.5453186335558501,0.001284758918659991,4.402660573260722,2.4744132020071743,1.655126779597396,2.973594746097197,-1.0,-1.5732666734496579,1.361134372986292,0.15583774896711144,-0.9700368841622431,0.002108326316150179,1.0238611052630928
2242,0.54531570309521,0.5453141498839174,0.0012856966326524827,4.402660580966434,2.474408718176007,1.6551264844097204,2.9736303903736694,-1.0,-1.5732703920396895,1.3612454119602537,0.15566054208104396,-0.970442088759169,0.0021121031837381195,1.0243324777590403
2243,0.5453111987561953,0.5453096432563526,0.0012866384184338307,4.4026605887014325,2.4744042113884124,1.6551261880539327,2.973666156527817,-1.0,-1.5732741297615032,1.36135670272734,0.1554829076864239,-0.9708483367985795,0.002115899284773256,1.0248050694127426
2244,0.545306671277091,0.5453051134770032,0.0012875843079400682,4.40266059646592,2.4743996814482316,1.655125890521393,2.9737020453304392,-1.0,-1.5732778867789643,1.3614682467528574,0.15530484322962668,-0.9712556345043754,0.0021197147836277985,1.0252788875364174
2245,0.5453021204594918,0.5453005603473644,0.0012885343326298011,4.402660604260099,2.474395128156953,1.6551255918033676,2.973738057559839,-1.0,-1.5732816632579067,1.3615800455157165,0.1551263461329688,-0.9716639881590746,0.0021235498466471957,1.0257539395113542
2246,0.5452975461026044,0.545295983666542,0.0012894885245181298,4.402660612084177,2.4743905513136752,1.6551252918910289,2.9737741940019244,-1.0,-1.5732854593661643,1.3616921005086065,0.15494741379439753,-0.9720734041045679,0.002127404642180599,1.0262302327888058
2247,0.5452929480032096,0.5452913832312142,0.0012904469158294336,4.4026606199383655,2.4743859507150705,1.6551249907754524,2.973810455450307,-1.0,-1.5732892752736012,1.3618044132381704,0.15476804358717586,-0.9724838887428857,0.002131279340612143,1.026707774890895
2248,0.5452883259556233,0.5452867588355935,0.0012914095396833144,4.402660627822869,2.474381326155344,1.6551246884476167,2.9738468427064055,-1.0,-1.5732931111521447,1.3619169852251858,0.15458823285956225,-0.972895448536979,0.0021351741143921096,1.027186573411536
2249,0.5452836797516615,0.5452821102713916,0.0012923764290593291,4.402660635737909,2.474376677426199,1.6551243848984019,2.973883356579551,-1.0,-1.573296967175816,1.3620298180047457,0.1544079789344847,-0.9733080900115116,0.002139089138069685,1.0276666360173696
2250,0.5452790091805969,0.5452774373277753,0.0012933476174831558,4.402660643683692,2.4743720043167974,1.6551240801185874,2.973919997887088,-1.0,-1.573300843520764,1.3621429131264446,0.1542272791092102,-0.9737218197536672,0.0021430245883260275,1.0281479704487169
2251,0.5452743140291232,0.5452727397913308,0.0012943231388518918,4.402660651660441,2.4743673066137166,1.6551237740988514,2.97395676745449,-1.0,-1.5733047403652989,1.3622562721545666,0.15404613065500777,-0.9741366444139679,0.0021469806440074144,1.0286305845205455
2252,0.5452695940813099,0.5452680174460194,0.0012953030274315326,4.402660659668378,2.474362584100912,1.6551234668297679,2.9739936661154616,-1.0,-1.5733086578899262,1.3623698966682762,0.15386453081680662,-0.9745525707071079,0.002150957486159707,1.0291144861234542
2253,0.5452648491185642,0.5452632700731386,0.0012962873180257252,4.402660667707718,2.4743578365596717,1.655123158301808,2.9740306947120514,-1.0,-1.573312596277381,1.362483788261814,0.15368247681284827,-0.9749696054128006,0.0021549552980633623,1.0295996832246734
2254,0.5452600789195878,0.5452584974512785,0.001297276045287914,4.402660675778691,2.4743530637685804,1.655122848505335,2.9740678540947703,-1.0,-1.5733165557126645,1.362597948544693,0.15349996583433284,-0.9753877553766398,0.0021589742652685616,1.0300861838690816
2255,0.545255283260332,0.5452536993562783,0.001298269245431042,4.402660683881522,2.474348265503468,1.6551225374306058,2.9741051451227,-1.0,-1.5733205363830796,1.3627123791419011,0.15331699504505944,-0.9758070275109751,0.0021630145756320073,1.0305739961802405
2256,0.5452504619139554,0.5452488755611821,0.001299266953656876,4.402660692016443,2.4743434415373726,1.655122225067767,2.9741425686636136,-1.0,-1.573324538478268,1.3628270816941048,0.15313356158106048,-0.9762274287958033,0.002167076419353566,1.0310631283614462
2257,0.5452456146507796,0.5452440258361959,0.0013002692065494097,4.4026607001836835,2.4743385916404916,1.6551219114068552,2.9741801255940934,-1.0,-1.5733285621902473,1.3629420578578573,0.15294966255022982,-0.9766489662796732,0.0021711599890138454,1.0315535886967993
2258,0.5452407412382403,0.5452391499486396,0.0013012760408738367,4.402660708383476,2.4743337155801366,1.655121596437793,2.974217816799654,-1.0,-1.5733326077134504,1.3630573093058098,0.15276529503194441,-0.9770716470806075,0.002175265479612933,1.0320453855522922
2259,0.5452358414408436,0.545234247662901,0.0013022874939155752,4.402660716616064,2.474328813120688,1.6551212801503905,2.9742556431748652,-1.0,-1.573336675244764,1.3631728377269265,0.15258045607667975,-0.9774954783870382,0.0021793930886094123,1.0325385273769163
2260,0.5452309150201197,0.5452293187403892,0.0013033036026250861,4.402660724881681,2.474323884023547,1.6551209625343408,2.9742936056234734,-1.0,-1.5733407649835682,1.3632886448267036,0.15239514270561857,-0.9779204674587616,0.0021835430159604617,1.0330330227037872
2261,0.5452259617345668,0.5452243629394825,0.001304324405660709,4.402660733180572,2.4743189280470834,1.6551206435792196,2.974331705058536,-1.0,-1.5733448771317784,1.3634047323273912,0.15220935191025278,-0.9783466216279054,0.0021877154641625008,1.033528880151289
2262,0.5452209813396122,0.5452193800154845,0.001305349941509488,4.402660741512981,2.4743139449465925,1.6551203232744833,2.9743699424025456,-1.0,-1.5733490118938855,1.36352110196822,0.15202308065197856,-0.978773948299916,0.0021919106382928457,1.0340261084242397
2263,0.5452159735875538,0.5452143697205689,0.0013063802488263935,4.402660749879155,2.4743089344742404,1.655120001609467,2.9744083185875665,-1.0,-1.5733531694769989,1.3636377555056312,0.15183632586168455,-0.9792024549545608,0.002196128746052025,1.034524716315076
2264,0.5452109382275108,0.5452093318037293,0.0013074153671115967,4.402660758279344,2.4743038963790114,1.6551196785733822,2.9744468345553665,-1.0,-1.57335735009089,1.3637546947135097,0.1516490844393327,-0.9796321491469493,0.002200369997807341,1.0350247127050576
2265,0.5452058750053717,0.5452042660107268,0.0013084553361965962,4.4026607667138045,2.474298830406658,1.655119354155316,2.974485491257556,-1.0,-1.573361553948036,1.3638719213834243,0.151461353253532,-0.9800630385085706,0.0022046346066365817,1.0355261065654955
2266,0.5452007836637413,0.5451991720840366,0.001309500196411003,4.402660775182789,2.4742937362996478,1.6551190283442292,2.974524289655724,-1.0,-1.573365781263664,1.3639894373248675,0.15127312914110458,-0.9804951307483505,0.002208922788373526,1.0360289069589987
2267,0.5451956639418838,0.5451940497627917,0.0013105499887484948,4.402660783686556,2.4742886137971043,1.6551187011289525,2.974563230721583,-1.0,-1.5733700322557995,1.3641072443655042,0.15108440890664418,-0.9809284336537264,0.0022132347616534453,1.0365331230407446
2268,0.5451905155756689,0.5451888987827299,0.0013116047541854652,4.402660792225368,2.474283462634756,1.6551183724981864,2.9746023154371137,-1.0,-1.5733743071453097,1.3642253443514207,0.15089518932206702,-0.9813629550917409,0.0022175707479604313,1.0370387640597716
2269,0.5451853382975146,0.5451837188761339,0.0013126645346944812,4.402660800799489,2.4742782825448772,1.6551180424404996,2.97464154479471,-1.0,-1.573378606155954,1.364343739147381,0.15070546712615446,-0.9817987030101555,0.0022219309716751535,1.037545839360294
2270,0.5451801318363256,0.5451785097717733,0.0013137293727316336,4.402660809409189,2.474273073256228,1.6551177109443245,2.9746809197973305,-1.0,-1.5733829295144326,1.364462430637086,0.1505152390240877,-0.9822356854385835,0.002226315660123587,1.0380543583830417
2271,0.5451748959174394,0.545173271194848,0.0013147993110640788,4.402660818054734,2.4742678344939995,1.6551173779979573,2.9747204414586492,-1.0,-1.5733872774504343,1.3645814207234384,0.15032450168697414,-0.9826739104896437,0.002230725043626749,1.0385643306666217
2272,0.5451696302625634,0.5451680028669246,0.0013158743931046184,4.402660826736401,2.474262565979749,1.6551170435895548,2.974760110803213,-1.0,-1.5733916501966894,1.3647007113288108,0.15013325175136527,-0.983113386360134,0.002235159355552149,1.0390757658489056
2273,0.5451643345897091,0.5451627045058743,0.0013169546629073854,4.4026608354544665,2.4742572674313372,1.6551167077071334,2.9747999288665983,-1.0,-1.573396047989021,1.3648203043953206,0.1499414858187658,-0.9835541213322265,0.002239618832365117,1.0395886736684425
2274,0.5451590086131362,0.5451573758258124,0.0013180401643211749,4.402660844209209,2.4742519385628707,1.655116370338565,2.9748398966955705,-1.0,-1.5734004710663976,1.364940201885108,0.14974920045513399,-0.9839961237746848,0.0022441037136821966,1.0401030639658957
2275,0.5451536520432811,0.545152016537031,0.0013191309423351632,4.4026608530009135,2.4742465790846326,1.6551160314715758,2.974880015348252,-1.0,-1.573404919670988,1.36506040578062,0.149556392190373,-0.9844394021441019,0.0022486142423252336,1.0406189466855063
2276,0.5451482645866969,0.5451466263459355,0.0013202270435769914,4.402660861829865,2.474241188703017,1.6551156910937455,2.9749202858942865,-1.0,-1.5734093940482154,1.3651809180848984,0.14936305751781281,-0.9848839649861614,0.0022531506643768268,1.041136331876584
2277,0.545142845945982,0.545141204954975,0.0013213285132792922,4.402660870696353,2.4742357671204633,1.6551153491925013,2.974960709415008,-1.0,-1.5734138944468146,1.3653017408218757,0.14916919289368302,-0.9853298209369226,0.002257713229236438,1.0416552296950248
2278,0.5451373958197128,0.5451357520625748,0.0013224353981380447,4.4026608796006705,2.4742303140353874,1.6551150057551196,2.975001287003617,-1.0,-1.5734184211188897,1.3654228760366727,0.1489747947365755,-0.9857769787241271,0.0022623021896784473,1.0421756504048556
2279,0.5451319139023735,0.5451302673630664,0.001323547745801287,4.402660888543115,2.47422482914211,1.65511466076872,2.9750420197653558,-1.0,-1.5734229743199726,1.365544325795905,0.1487798594268976,-0.9862254471685317,0.0022669178019107867,1.0426976043798089
2280,0.5451263998842856,0.5451247505466149,0.0013246656038574441,4.402660897523986,2.4742193121307863,1.6551143142202658,2.975082908817687,-1.0,-1.573427554309083,1.3656660921879917,0.14858438330631488,-0.9866752351852638,0.00227156032563525,1.0432211021049251
2281,0.5451208534515309,0.5451192012991461,0.0013257890205035322,4.402660906543587,2.474213762687331,1.6551139660965588,2.9751239552904787,-1.0,-1.57343216134879,1.3657881773234735,0.14838836267718405,-0.9871263517852036,0.0022762300241089637,1.043746154178186
2282,0.5451152742858826,0.5451136193022723,0.0013269180453772784,4.402660915602223,2.474208180493346,1.6551136163842384,2.975165160326191,-1.0,-1.5734367957052755,1.3659105833353333,0.14819179380197464,-0.9875788060763909,0.0022809271642069895,1.0442727713121769
2283,0.5451096620647239,0.5451080042332165,0.0013280527282113746,4.40266092470021,2.4742025652260438,1.6551132650697793,2.9752065250800652,-1.0,-1.5734414576483962,1.366033312379325,0.14799467290268045,-0.9880326072654588,0.002285652016486631,1.0448009643357814
2284,0.5451040164609731,0.545102355764731,0.0013291931188309672,4.402660933837856,2.474196916558165,1.655112912139487,2.975248050720318,-1.0,-1.5734461474517514,1.3661563666343073,0.14779699616021974,-0.9884877646590942,0.002290404855252912,1.0453307441959074
2285,0.5450983371430002,0.5450966735650213,0.0013303392684863992,4.4026609430154835,2.474191234157905,1.6551125575794963,2.9752897384283394,-1.0,-1.5734508653927488,1.3662797483025841,0.14759875971382405,-0.988944287665525,0.002295185958625526,1.0458621219592459
2286,0.5450926237745501,0.5450909572976631,0.00133149122934461,4.402660952233411,2.474185517688827,1.655112201375769,2.9753315893988956,-1.0,-1.5734556117526728,1.3664034596102514,0.14739995966041558,-0.9894021857960369,0.0022999956086073832,1.0463951088140626
2287,0.5450868760146556,0.545085206621518,0.0013326490529833564,4.402660961491969,2.4741797668097822,1.6551118435140897,2.9753736048403314,-1.0,-1.5734603868167547,1.3665275028075508,0.1472005920539728,-0.9898614686665178,0.0023048340911542816,1.0469297160720237
2288,0.5450810935175535,0.5450794211906508,0.0013338127928886052,4.402660970791483,2.4741739811748236,1.655111483980063,2.9754157859747816,-1.0,-1.5734651908742436,1.3666518801692287,0.1470006529048837,-0.990322145999032,0.002309701696246755,1.0474659551700567
2289,0.5450752759325985,0.5450736006542393,0.0013349825024479651,4.402660980132287,2.474168160433117,1.6551111227591124,2.9754581340383837,-1.0,-1.5734700242184803,1.366776593994904,0.1468001381792871,-0.9907842276234243,0.0023145987179627376,1.0480038376722474
2290,0.545069422904173,0.545067744656488,0.0013361582362781915,4.4026609895147235,2.4741623042288556,1.655110759836474,2.975500650281497,-1.0,-1.5734748871469708,1.3669016466094415,0.14659904379840086,-0.9912477234789555,0.0023195254545525595,1.0485433752717719
2291,0.5450635340715965,0.5450618528365354,0.0013373400493871886,4.402660998939128,2.4741564122011654,1.6551103951971968,2.9755433359689207,-1.0,-1.5734797799614637,1.367027040363333,0.14639736563783734,-0.9917126436159686,0.0023244822085151857,1.0490845797928674
2292,0.545057609069033,0.5450559248283626,0.0013385279976674668,4.40266100840585,2.4741504839840154,1.6551100288261376,2.975586192380125,-1.0,-1.5734847029680272,1.367152777633085,0.14619509952690568,-0.9921789981975877,0.0023294692866763196,1.0496274631928404
2293,0.5450516475253939,0.5450499602606955,0.0013397221377239531,4.40266101791524,2.474144519206119,1.6551096607079574,2.9756292208094783,-1.0,-1.5734896564771297,1.3672788608216158,0.14599224124790042,-0.9926467975014506,0.0023344870002683345,1.0501720375641141
2294,0.5450456490642455,0.5450439587569111,0.0013409225268682335,4.402661027467651,2.474138517490841,1.6551092908271197,2.975672422566484,-1.0,-1.5734946408037207,1.3674052923586575,0.1457887865353761,-0.9931160519214733,0.0023395356650116024,1.0507183151363162
2295,0.5450396133037031,0.5450379199349341,0.0013421292232781948,4.402661037063445,2.4741324784560925,1.6551089191678865,2.975715798976021,-1.0,-1.5734996562673145,1.367532074701168,0.14558473107540792,-0.9935867719696516,0.0023446156011983884,1.0512663082784066
2296,0.545033539856336,0.5450318434071393,0.00134334228566085,4.402661046702981,2.4741264017142366,1.6551085457143122,2.9757593513785863,-1.0,-1.5735047031920757,1.3676592103337513,0.14538007050483767,-0.9940589682778959,0.0023497271337779486,1.0518160295008494
2297,0.5450274283290583,0.5450257287802436,0.0013445617739077677,4.402661056386631,2.474120286871976,1.6551081704502464,2.9758030811305476,-1.0,-1.5735097819069062,1.3677867017690823,0.1451748004105046,-0.9945326515999033,0.0023548705924441166,1.0523674914578247
2298,0.5450212783230227,0.5450195756552018,0.0013457877485919102,4.402661066114768,2.4741141335302532,1.655107793359323,2.975846989604397,-1.0,-1.5735148927455345,1.3679145515483464,0.14496891632846143,-0.9950078328130676,0.0023600463117244034,1.0529207069494866
2299,0.5450150894335174,0.5450133836270974,0.0013470202709616455,4.402661075887767,2.474107941284138,1.6551074144249613,2.9758910781890084,-1.0,-1.5735200360466073,1.3680427622416813,0.14476241374317442,-0.9954845229204254,0.002365254631071742,1.053475688924266
2300,0.5450088612498472,0.5450071522850309,0.0013482594027700255,4.402661085706011,2.4741017097227163,1.6551070336303617,2.9759353482899082,-1.0,-1.5735252121537828,1.3681713364486316,0.14455528808670737,-0.995962733052643,0.002370495894957783,1.0540324504812189
2301,0.5450025933552244,0.5450008812120052,0.0013495052074212373,4.402661095569889,2.4740954384289777,1.6551066509584986,2.9759798013295424,-1.0,-1.5735304214158263,1.3683002767986119,0.14434753473788955,-0.9964424744700424,0.0023757704529689143,1.0545910048724214
2302,0.5449962853266502,0.5449945699848103,0.001350757748644828,4.4026611054797895,2.4740891269796985,1.6551062663921212,2.9760244387475527,-1.0,-1.573535664186708,1.368429585951377,0.14413914902146643,-0.9969237585646679,0.002381078659903715,1.0551513655054157
2303,0.5449899367347947,0.5449882181739019,0.0013520170914764395,4.40266111543611,2.4740827749453196,1.655105879913746,2.9760692620010607,-1.0,-1.5735409408257037,1.3685592665975048,0.14393012620723358,-0.9974065968623952,0.0023864208758739873,1.055713545945702
2304,0.544983547143878,0.5449818253432802,0.0013532833009358826,4.4026611254392565,2.4740763818898275,1.6551054915056544,2.9761142725649545,-1.0,-1.5735462516974967,1.3686893214588862,0.14372046150915263,-0.9978910010250831,0.0023917974664066782,1.0562775599192853
2305,0.5449771161115403,0.5449753910503662,0.0013545564443188695,4.402661135489632,2.4740699473706274,1.6551051011498876,2.9761594719321813,-1.0,-1.5735515971722829,1.3688197532892268,0.1435101500844493,-0.9983769828527695,0.0023972088025493027,1.0568434213152698
2306,0.5449706431887161,0.5449689148458691,0.0013558365888901884,4.402661145587652,2.4740634709384146,1.655104708828244,2.9762048616140517,-1.0,-1.573556977625879,1.3689505648745572,0.1432991870326929,-0.9988645542859117,0.002402655260977657,1.0574111441885108
2307,0.5449641279195065,0.5449623962736612,0.0013571238028620806,4.402661155733734,2.4740569521370457,1.6551043145222712,2.9762504431405397,-1.0,-1.5735623934398317,1.3690817590337563,0.1430875673948568,-0.9993537274076739,0.0024081372241055916,1.057980742762319
2308,0.5449575698410382,0.5449558348706381,0.0013584181557131593,4.402661165928301,2.4740503905034013,1.6551039182132663,2.9762962180606016,-1.0,-1.5735678450015305,1.3692133386190812,0.1428752861523595,-0.9998445144462613,0.0024136550801979323,1.0585522314312212
2309,0.5449509684833306,0.5449492301665844,0.0013597197181787848,4.402661176171781,2.4740437855672495,1.655103519882268,2.976342187942492,-1.0,-1.5735733327043238,1.3693453065167132,0.14266233822608568,-1.000336927777303,0.002419209223486199,1.0591256247637797
2310,0.5449443233691528,0.5449425816840304,0.0013610285614256358,4.402661186464611,2.4740371368511056,1.6551031195100523,2.9763883543740914,-1.0,-1.5735788569476363,1.3694776656473104,0.1424487184753868,-1.000830979926285,0.0024248000542868102,1.0597009375054685
2311,0.5449376340138807,0.5449358889381104,0.001362344757534827,4.402661196807229,2.474030443870088,1.6551027170771295,2.9764347189632385,-1.0,-1.5735844181370906,1.3696104189665752,0.14223442169706074,-1.001326683571033,0.0024304279791220102,1.0602781845816112
2312,0.5449308999253504,0.5449291514364125,0.0013636683807962823,4.402661207200085,2.474023706131768,1.6551023125637374,2.9764812833380714,-1.0,-1.573590016684631,1.3697435694658315,0.1420194426243101,-1.0018240515442498,0.002436093410844406,1.060857381100382
2313,0.5449241206037015,0.5449223686788285,0.0013649995047660022,4.402661217643627,2.4740169231360207,1.6551019059498373,2.9765280491473747,-1.0,-1.5735956530086506,1.3698771201726156,0.14180377592567814,-1.002323096836104,0.0024417967687638403,1.0614385423558685
2314,0.5449172955412283,0.5449155401573977,0.001366338206165858,4.4026612281383155,2.4740100943748695,1.6551014972151086,2.976575018060936,-1.0,-1.5736013275341216,1.3700110741512783,0.1415874162039622,-1.0028238325968748,0.002447538478777875,1.0620216838312
2315,0.5449104242222166,0.5449086653561485,0.0013676845604804846,4.402661238684614,2.474003219332325,1.6551010863389435,2.976622191769907,-1.0,-1.573607040692729,1.3701454345036006,0.14137035799510408,-1.0033262721396536,0.002453318973505267,1.0626068212017432
2316,0.5449035061227828,0.5449017437509353,0.0013690386463382671,4.402661249282995,2.4739962974842244,1.6551006733004425,2.9766695719871774,-1.0,-1.5736127929230066,1.3702802043694222,0.14115259576705633,-1.0038304289431033,0.0024591386924230217,1.0631939703383666
2317,0.5448965407107045,0.5448947748092702,0.001370400542574961,4.402661259933936,2.473989328298062,1.6551002580784073,2.97671716044775,-1.0,-1.5736185846704784,1.3704153869272835,0.1409341239186244,-1.0043363166542763,0.002464998082006473,1.063783147310775
2318,0.5448895274452533,0.5448877579901542,0.0013717703291994058,4.40266127063792,2.473982311232821,1.6550998406513369,2.9767649589091323,-1.0,-1.573624416387801,1.3705509853950812,0.1407149367782834,-1.0048439490914947,0.0024708975958730593,1.0643743683909168
2319,0.5448824657770149,0.5448806927438986,0.0013731480878682477,4.402661281395435,2.473975245738795,1.6550994209974201,2.9768129691517284,-1.0,-1.5736302885349123,1.3706870030307392,0.14049502860296945,-1.005353340247292,0.0024768376949301373,1.0649676500564647
2320,0.5448753551477121,0.5448735785119475,0.0013745339005806821,4.402661292206983,2.4739681312574096,1.6550989990945324,2.976861192979249,-1.0,-1.5736362015791805,1.3708234431328914,0.1402743935768442,-1.0058645042914207,0.002482818847525634,1.0655630089943724
2321,0.5448681949900183,0.5448664147266907,0.0013759278514471238,4.402661303073064,2.473960967221035,1.6550985749202267,2.97690963221912,-1.0,-1.5736421559955616,1.3709603090415827,0.1400530258100328,-1.0063774555739233,0.002488841529603439,1.066160462104511
2322,0.5448609847273705,0.5448592008112778,0.0013773300255451432,4.402661313994192,2.473953753052803,1.6550981484517293,2.9769582887229107,-1.0,-1.5736481522667563,1.371097604138983,0.13983091933733338,-1.0068922086282732,0.0024949062248622953,1.066760026503385
2323,0.5448537237737728,0.5448519361794195,0.0013787405089095285,4.402661324970884,2.473946488166404,1.6550977196659333,2.977007164366762,-1.0,-1.573654190883374,1.3712353318501176,0.13960806811689852,-1.0074087781745849,0.002501013424918844,1.0673617195279286
2324,0.544846411533599,0.544844620235192,0.0013801593894875717,4.402661336003662,2.473939171965895,1.6550972885393922,2.9770562610518314,-1.0,-1.5736602723441,1.3713734956436139,0.139384466028887,-1.0079271791228943,0.0025071636294747932,1.06796555873939
2325,0.5448390474013853,0.544837252372831,0.0013815867561596837,4.402661347093064,2.473931803845492,1.655096855048312,2.977105580704749,-1.0,-1.5736663971558655,1.3715120990324647,0.1391601068740855,-1.0084474265765138,0.002513357346488668,1.0685715619273004
2326,0.5448316307616269,0.5448298319765226,0.0013830226992108338,4.40266135823963,2.47392438318936,1.655096419168546,2.9771551252780752,-1.0,-1.5736725658340256,1.3716511455748086,0.1389349843724994,-1.0089695358354622,0.002519595092351876,1.0691797471135331
2327,0.5448241609885561,0.5448223584201872,0.0013844673098365975,4.402661369443905,2.4739169093713995,1.6550959808755885,2.977204896750775,-1.0,-1.5736787789025384,1.3717906388747265,0.13870909216191168,-1.0094935223999715,0.00252587739206924,1.0697901325564543
2328,0.5448166374459252,0.54481483106726,0.001385920681895125,4.402661380706449,2.473909381755025,1.6550955401445657,2.977254897128707,-1.0,-1.573685036894151,1.371930582583059,0.1384824237964092,-1.0100194019740736,0.002532204779444739,1.0704027367551674
2329,0.5448090594867787,0.5448072492704626,0.0013873829101268805,4.402661392027824,2.4739017996929364,1.6550950969502287,2.9773051284451157,-1.0,-1.57369134035059,1.3720709803982394,0.1382549727448753,-1.0105471904692698,0.002538577797271483,1.0710175784538551
2330,0.5448014264532218,0.544799612371571,0.0013888540896643882,4.402661403408599,2.4738941625268875,1.655094651266948,2.9773555927611395,-1.0,-1.5736976898227564,1.3722118360671465,0.13802673238944793,-1.011076904008282,0.0025449969975273245,1.0716346766462213
2331,0.5447937376761812,0.5447919197011796,0.001390334318579373,4.402661414849358,2.473886469587452,1.6550942030687044,2.9774062921663327,-1.0,-1.5737040858709248,1.3723531533859779,0.13779769602394223,-1.0116085589288921,0.0025514629415752865,1.0722540505800333
2332,0.5447859924751588,0.5447841705784503,0.001391823696265533,4.40266142635069,2.4738787201937686,1.6550937523290814,2.9774572287791954,-1.0,-1.5737105290649513,1.3724949362011423,0.13756785685223694,-1.0121421717878691,0.0025579762003697026,1.0728757197617718
2333,0.5447781901579815,0.5447763643108644,0.0013933223227875727,4.402661437913193,2.473870913653296,1.6550932990212572,2.9775084047477165,-1.0,-1.5737170199844843,1.3726371884101725,0.13733720798662277,-1.0126777593649885,0.002564537354667643,1.0734997039613867
2334,0.5447703300205423,0.5447685001939642,0.0013948303007813153,4.4026614495374705,2.4738630492615528,1.655092843117997,2.977559822249933,-1.0,-1.5737235592191812,1.3727799139626597,0.13710574244611276,-1.0132153386671436,0.0025711469952460517,1.0741260232171663
2335,0.5447624113465328,0.5447605775110839,0.0013963477340019044,4.402661461224137,2.473855126301851,1.6550923845916437,2.977611483494501,-1.0,-1.5737301473689311,1.3729231168612104,0.13687345315471264,-1.0137549269325559,0.0025778057231251403,1.0747546978407185
2336,0.544754433407173,0.5447525955330804,0.0013978747281050091,4.402661472973821,2.473847144045023,1.65509192341411,2.977663390721279,-1.0,-1.573736785044085,1.3730668011624234,0.1366403329396505,-1.0142965416350815,0.0025845141497973763,1.0753857484220715
2337,0.5447463954609303,0.5447445535180512,0.0013994113899946613,4.402661484787154,2.473839101749142,1.65509145955687,2.977715546201926,-1.0,-1.5737434728656905,1.3732109709778926,0.13640637452956458,-1.0148402004886232,0.0025912728974631957,1.0760191958348941
2338,0.5447382967532309,0.5447364507110461,0.0014009578290770735,4.402661496664777,2.473830998659233,1.6550909929909485,2.9777679522405154,-1.0,-1.5737502114657331,1.3733556304752317,0.13617157055264778,-1.0153859214516439,0.002598082599273086,1.076655061241842
2339,0.5447301365161605,0.5447282863437695,0.001402514156131114,4.402661508607347,2.4738228340069752,1.6550905236869144,2.977820611174164,-1.0,-1.573757001487387,1.3735007838791233,0.13593591353474785,-1.0159337227317906,0.002604943899576082,1.0772933661000303
2340,0.5447219139681687,0.5447200596342797,0.0014040804837674157,4.4026615206155215,2.473814607010402,1.6550900516148677,2.977873525373673,-1.0,-1.5737638435852677,1.3736464354723945,0.13569939589742194,-1.0164836227906286,0.002611857454175723,1.0779341321666398
2341,0.5447136283137456,0.5447117697866717,0.0014056569260943387,4.402661532689978,2.4738063168735813,1.6550895767444331,2.9779266972441896,-1.0,-1.5737707384256974,1.3737925895971161,0.13546200995594382,-1.01703564034849,0.0026188239305927705,1.0785773815046567
2342,0.5447052787431085,0.544703415990759,0.0014072435993326274,4.402661544831398,2.4737979627863007,1.6550890990447478,2.9779801292258794,-1.0,-1.5737776866869733,1.3739392506557309,0.13522374791726308,-1.0175897943894405,0.0026258440083354625,1.0792231364887537
2343,0.5446968644318652,0.544694997421739,0.0014088406224256305,4.4026615570404735,2.473789543923731,1.6550886184844524,2.978033823794623,-1.0,-1.5737846890596465,1.3740864231122063,0.1349846018779142,-1.018146104166367,0.002632918379177504,1.0798714198113144
2344,0.5446883845406788,0.5446865132398567,0.0014104481154410243,4.40266156931791,2.4737810594460896,1.6550881350316797,2.9780877834627235,-1.0,-1.5737917462468072,1.3742341114932186,0.1347445638218744,-1.0187045892061901,0.0026400477474438273,1.0805222544886057
2345,0.5446798382149134,0.544677962590051,0.0014120662000273465,4.402661581664421,2.473772508498287,1.6550876486540436,2.9781420107796337,-1.0,-1.5737988589643783,1.3743823203893628,0.1345036256183686,-1.0192652693152047,0.0026472328303045497,1.0811756638671022
2346,0.5446712245842783,0.5446693446015968,0.0014136950014378162,4.402661594080735,2.47376389020957,1.6550871593186294,2.9781965083327044,-1.0,-1.5738060279414183,1.3745310544563945,0.13426177901961986,-1.0198281645845544,0.0026544743580775997,1.081831671629968
2347,0.5446625427624538,0.5446606583877345,0.0014153346452057142,4.402661606567587,2.473755203693151,1.6550866669919804,2.9782512787479463,-1.0,-1.5738132539204317,1.3746803184165017,0.13401901565854393,-1.0203932953958412,0.002661773074539734,1.0824903018037009
2348,0.5446537918467118,0.5446519030452858,0.0014169852604239692,4.4026616191257295,2.473746448045821,1.655086171640088,2.978306324690817,-1.0,-1.5738205376576901,1.3748301170596087,0.13377532704638578,-1.0209606824268753,0.002669129737246687,1.083151578764942
2349,0.5446449709175241,0.5446430776542662,0.0014186469781494748,4.4026616317559215,2.4737376223475662,1.6550856732283792,2.9783616488670246,-1.0,-1.5738278799235605,1.3749804552447114,0.13353070457029673,-1.0215303466575716,0.002676545117863075,1.083815527247458
2350,0.5446360790381595,0.5446341812774769,0.001420319930756154,4.402661644458936,2.4737287256611573,1.655085171721703,2.9784172540233538,-1.0,-1.5738352815028451,1.3751313379012482,0.13328513949085014,-1.022102309375993,0.0026840200025011174,1.0844821723493008
2351,0.5446271152542647,0.5446252129600903,0.0014220042541029554,4.402661657235558,2.473719757031736,1.65508466708432,2.9784731429485136,-1.0,-1.5738427431951303,1.3752827700305037,0.13303862293949387,-1.0226765921845498,0.0026915551920705526,1.0851515395401479
2352,0.5446180785934392,0.5446161717292225,0.0014237000859429578,4.4026616700865855,2.473710715486386,1.6550841592798862,2.9785293184740045,-1.0,-1.5738502658151463,1.3754347567070493,0.1327911459159375,-1.0232532170063562,0.002699151502637723,1.085823654668833
2353,0.5446089680647938,0.5446070565934916,0.0014254075659011236,4.4026616830128305,2.473701600033694,1.6550836482714437,2.978585783475013,-1.0,-1.5738578501931366,1.3755873030802193,0.13254269928547216,-1.023832206091751,0.002706809765796317,1.0864985439710693
2354,0.5445997826584971,0.5445978665425638,0.0014271268370077334,4.402661696015118,2.473692409663293,1.6550831340214034,2.9786425408713244,-1.0,-1.5738654971752406,1.3757404143756267,0.13229327377622138,-1.024413582024987,0.0027145308290484867,1.0871762340773736
2355,0.5445905213453072,0.5445886005466857,0.0014288580444231076,4.402661709094282,2.4736831433453963,1.655082616491532,2.978699593628263,-1.0,-1.5738732076238853,1.375894095896717,0.13204285997631995,-1.0249973677310937,0.0027223155561982046,1.0878567520211964
2356,0.5445811830760896,0.5445792575562012,0.0014306013357231872,4.402661722251176,2.4736738000303133,1.655082095642939,2.9787569447576616,-1.0,-1.573880982418191,1.3760483530263623,0.13179144833101922,-1.0255835864829213,0.0027301648277558905,1.0885401252472642
2357,0.5445717667813216,0.544569836501056,0.0014323568610275824,4.402661735486666,2.473664378647956,1.6550815714360583,2.978814597318845,-1.0,-1.5738888224543872,1.376203191228498,0.13153902913971624,-1.0261722619083666,0.0027380795413557454,1.0892263816201435
2358,0.5445622713705811,0.544560336290286,0.001434124774055189,4.402661748801631,2.4736548781073244,1.6550810438306367,2.9788725544196515,-1.0,-1.5738967286462442,1.3763586160498005,0.1312855925529041,-1.0267634179977938,0.0027460606121857884,1.0899155494330293
2359,0.5445526957320168,0.5445507558114877,0.0014359052299240816,4.402661762196964,2.4736452972959793,1.6550805127857158,2.9789308192174793,-1.0,-1.5739047019255141,1.3765146331214118,0.13103112856904153,-1.0273570791116495,0.0027541089734311494,1.0906076574167691
2360,0.5445430387318068,0.5445410939302757,0.0014376983876005726,4.4026617756735735,2.473635635079498,1.6550799782596162,2.9789893949203576,-1.0,-1.5739127432423903,1.376671248160708,0.1307756270313384,-1.0279532699882832,0.002762225576731073,1.0913027347491278
2361,0.544533299213596,0.5445313494897214,0.0014395044084732167,4.402661789232388,2.473625890300916,1.6550794402099211,2.9790482847880515,-1.0,-1.5739208535659763,1.376828466973116,0.130519077624455,-1.0285520157519767,0.002770411392650227,1.0920008110643018
2362,0.5445234759979197,0.5445215213097737,0.001441323457401821,4.402661802874343,2.473616061780142,1.6550788985934584,2.979107492133193,-1.0,-1.5739290338847725,1.3769862954539784,0.13026146987111178,-1.0291533419211927,0.0027786674111647735,1.0927019164626925
2363,0.5445135678816058,0.5445116081866634,0.001443155701757772,4.402661816600397,2.47360614831337,1.655078353366284,2.9791670203224494,-1.0,-1.573937285207178,1.3771447395904692,0.13000279312860707,-1.0297572744170442,0.0027869946421637515,1.0934060815209432
2364,0.5445035736371585,0.5445016088922852,0.0014450013123150213,4.402661830411523,2.4735961486724536,1.6550778044836627,2.979226872777719,-1.0,-1.5739456085620074,1.3773038054635616,0.1297430365852395,-1.0303638395719998,0.0027953941159665854,1.0941133373022527
2365,0.5444934920121258,0.5444915221735652,0.001446860462292066,4.402661844308708,2.473586061604279,1.6550772519000505,2.979287052977364,-1.0,-1.573954004999024,1.3774634992500483,0.1294821892566317,-1.0309730641388244,0.0028038668838565243,1.0948237153669733
2366,0.5444833217284404,0.5444813467518026,0.0014487333300791173,4.402661858292958,2.4735758858301047,1.6550766955690734,2.979347564457472,-1.0,-1.5739624755894912,1.37762382722462,0.1292202399819527,-1.0315849752997703,0.002812414018631646,1.0955372477835008
2367,0.5444730614817471,0.5444710813219945,0.0014506200952084068,4.402661872365299,2.4735656200448854,1.6550761354435095,2.9794084108131655,-1.0,-1.573971021426741,1.3777847957619984,0.12895717742003465,-1.0321996006760223,0.002821036615173853,1.0962539671394689
2368,0.5444627099407009,0.544460724552136,0.001452520941998603,4.402661886526771,2.473555262916574,1.655075571475268,2.979469595699933,-1.0,-1.5739796436267608,1.3779464113391304,0.12869299004538126,-1.0328169683374078,0.0028297357910357012,1.0969739065532582
2369,0.5444522657462476,0.5444502750824983,0.001454436057979359,4.402661900778435,2.4735448130853968,1.6550750036153679,2.979531122835012,-1.0,-1.5739883433287998,1.378108680537443,0.12842766614406345,-1.03343710681238,0.002838512687046971,1.0976970996858277
2370,0.5444417275108777,0.5444397315248848,0.0014563656340045702,4.402661915121368,2.473534269163113,1.6550744318139154,2.9795929959988054,-1.0,-1.5739971216959951,1.3782716100451617,0.1281611938094989,-1.0340600450982844,0.0028473684679409003,1.0984235807528835
2371,0.5444310938178583,0.544429092461859,0.0014583098648207888,4.40266192955667,2.4735236297322416,1.6550738560200835,2.9796552190363403,-1.0,-1.5740059799160184,1.3784352066596952,0.12789356093811116,-1.0346858126719167,0.0028563043230008162,1.0991533845373944
2372,0.5444203632204352,0.5444183564459507,0.001460268949478263,4.402661944085454,2.473512893345265,1.6550732761820872,2.9797177958587673,-1.0,-1.5740149192017447,1.3785994772900858,0.12762475522486447,-1.0353144395003844,0.0028653214667290735,1.0998865464024656
2373,0.5444095342410141,0.5444075219988328,0.001462243089611864,4.402661958708865,2.4735020585238088,1.6550726922471604,2.9797807304449107,-1.0,-1.5740239407919427,1.3787644289595336,0.1273547641586695,-1.0359459560522812,0.0028744211395375172,1.1006231023045858
2374,0.5443986053703096,0.5443965876104724,0.001464232492739407,4.402661973428053,2.4734911237577926,1.6550721041615324,2.9798440268428537,-1.0,-1.574033045951989,1.3789300688079893,0.12708357501765602,-1.0365803933091855,0.0028836046084616904,1.1013630888072576
2375,0.5443875750664655,0.5443855517382495,0.0014662373684146285,4.402661988244203,2.4734800875045457,1.6550715118704,2.9799076891715846,-1.0,-1.5740422359746056,1.3790964040948264,0.1268111748643074,-1.0372177827774938,0.002892873167898977,1.1021065430950276
2376,0.5443764417541509,0.5443744128060527,0.0014682579318209782,4.402662003158511,2.4734689481879073,1.6550709153179048,2.979971721622678,-1.0,-1.5740515121806242,1.379263442201587,0.12653755054045202,-1.0378581565006029,0.0029022281403720406,1.102853502987928
2377,0.5443652038236186,0.5443631692033374,0.0014702944020492047,4.402662018172203,2.473457704197281,1.655070314447103,2.9800361284620394,-1.0,-1.5740608759197747,1.379431190634813,0.12626268866210694,-1.0385015470714511,0.0029116708773183372,1.103604006956346
2378,0.5443538596297299,0.5443518192841521,0.0014723470024994643,4.402662033286521,2.473446353886663,1.6550697091999413,2.9801009140316936,-1.0,-1.5740703285715025,1.3795996570289553,0.1259865756141678,-1.0391479876454326,0.002921202759906636,1.1043580941363358
2379,0.5443424074909577,0.544340361366136,0.0014744159615802778,4.402662048502737,2.4734348955736385,1.6550690995172248,2.980166082751633,-1.0,-1.574079871545813,1.3797688491493751,0.12570919754494012,-1.039797511953698,0.0029308251998823674,1.1051158043453895
2380,0.54433084568834,0.5443287937294765,0.0014765015112951148,4.402662063822142,2.473423327538341,1.6550684853385897,2.9802316391217194,-1.0,-1.5740895062841467,1.3799387748954317,0.1254305403605058,-1.0404501543168554,0.0029405396404422776,1.1058771780986827
2381,0.5443191724644038,0.5443171146158318,0.0014786038897443095,4.402662079246052,2.473411648022371,1.6550678666024714,2.9802975877236473,-1.0,-1.5740992342602838,1.380109442303663,0.1251505897189186,-1.0411059496590866,0.0029503475571393462,1.1066422566258145
2382,0.5443073860220521,0.5443053222272157,0.001480723338955855,4.402662094775809,2.4733998552276866,1.6550672432460756,2.980363933222967,-1.0,-1.5741090569812823,1.380280859551064,0.12486933102422278,-1.0417649335226935,0.0029602504588208153,1.1074110818880571
2383,0.5442954845234073,0.5442934147248418,0.0014828601064770409,4.402662110412777,2.473387947315442,1.6550666152053415,2.9804306803711715,-1.0,-1.5741189759884482,1.3804530349584647,0.12458674942028822,-1.0424271420830908,0.0029702498885980006,1.1081836965961358
2384,0.544283466088618,0.544281390227929,0.001485014445007353,4.402662126158353,2.473375922404797,1.6550659824149134,2.9804978340078505,-1.0,-1.5741289928583406,1.3806259769940106,0.12430282978445473,-1.0430926121642616,0.0029803474248526335,1.1089601442285595
2385,0.5442713287946173,0.5442692468124605,0.0014871866126304242,4.402662142013955,2.473363778571673,1.655065344808102,2.9805653990629084,-1.0,-1.5741391092038142,1.3807996942767524,0.12401755672097894,-1.0437613812546944,0.002990544682278054,1.1097404690505206
2386,0.5442590706738404,0.5442569825098986,0.0014893768725953332,4.402662157981031,2.4733515138474704,1.655064702316851,2.98063338055886,-1.0,-1.574149326675098,1.380974195580346,0.12373091455427594,-1.0444334875238168,0.0030008433129588754,1.1105247161333887
2387,0.5442466897128926,0.5442445953058545,0.0014915854941404789,4.4026621740610565,2.473339126217737,1.6550640548716984,2.9807017836131924,-1.0,-1.5741596469609156,1.3811494898368686,0.12344288732194807,-1.045108969838949,0.0030112450074899736,1.1113129313748171
2388,0.5442341838511723,0.5442320831387079,0.0014938127521195296,4.402662190255538,2.473326613620786,1.6550634024017394,2.9807706134408107,-1.0,-1.5741700717896436,1.3813255861407552,0.12315345876759247,-1.045787867782793,0.0030217514961366236,1.1121051615194897
2389,0.5442215509794374,0.5442194438981757,0.0014960589273712418,4.402662206566007,2.4733139739462686,1.6550627448345874,2.980839875356557,-1.0,-1.5741806029305159,1.3815024937528597,0.122862612333379,-1.0464702216714796,0.0030323645500375776,1.1129014541805287
2390,0.5442087889383217,0.544206675423826,0.0014983243069361673,4.40266222299403,2.4733012050336836,1.6550620820963307,2.9809095747778196,-1.0,-1.5741912421948712,1.3816802221046458,0.12257033115238965,-1.0471560725731976,0.003043085982452906,1.1137018578615927
2391,0.5441958955167967,0.5441937755035384,0.0015006091838258011,4.402662239541203,2.473288304670842,1.6550614141114934,2.980979717227219,-1.0,-1.5742019914374483,1.381858780802512,0.12227659804070987,-1.0478454623274231,0.0030539176500585046,1.1145064219796903
2392,0.5441828684505724,0.5441807418719063,0.0015029138584172774,4.402662256209155,2.473275270592265,1.6550607408029894,2.981050308335392,-1.0,-1.574212852557729,1.3820381796322578,0.12198139548926253,-1.0485384335647758,0.00306486145429011,1.1153151968887367
2393,0.5441697054204407,0.5441675722085764,0.0015052386362930457,4.402662272999547,2.473262100477526,1.655060062092078,2.981121353843864,-1.0,-1.5742238275013336,1.382218428563694,0.12168470565537355,-1.0492350297275266,0.0030759193427379065,1.116128233903885
2394,0.544156404050551,0.5441542641365269,0.001507583831253628,4.402662289914072,2.4732487919495285,1.655059377898317,2.9811928596080177,-1.0,-1.5742349182614688,1.382399537755405,0.12138651035405933,-1.0499352950907823,0.0030870933105944048,1.1169455853266606
2395,0.5441429619066219,0.5441408152202767,0.0015099497635946426,4.402662306954462,2.473235342572715,1.655058688139513,2.9812648316001704,-1.0,-1.574246126880432,1.3825815175596685,0.12108679104902406,-1.0506392747843734,0.0030983854021587845,1.1177673044709335
2396,0.5441293764940868,0.5441272229640285,0.001512336761040613,4.402662324122483,2.4732217498512092,1.6550579927316753,2.9813372759127446,-1.0,-1.5742574554511741,1.3827643785275374,0.12078552884335561,-1.051347014815476,0.00310979771239894,1.1185934456897613
2397,0.5441156452561583,0.5441134848097363,0.0015147451586417216,4.402662341419936,2.4732080112268853,1.6550572915889572,2.9814101987615578,-1.0,-1.5742689061189226,1.3829481314140948,0.1204827044699078,-1.052058562091996,0.0031213323885754232,1.1194240644031361
2398,0.5441017655718273,0.5440995981350988,0.0015171752991083455,4.402662358848661,2.4731941240773594,1.655056584623609,2.9814836064892205,-1.0,-1.5742804810828699,1.383132787183883,0.12017829828135547,-1.0527739644467462,0.0031329916319283416,1.1202592171266785
2399,0.5440877347537728,0.5440855602514711,0.0015196275334322877,4.402662376410539,2.4731800857139024,1.6550558717459172,2.981557505568657,-1.0,-1.5742921825979277,1.3833183570165193,0.11987229023990977,-1.053493270662451,0.0031447776994320965,1.1210989615013107
2400,0.5440735500461938,0.5440713684016963,0.0015221022204783543,4.4026623941074865,2.473165893379271,1.6550551528641497,2.981631902606748,-1.0,-1.5743040129765518,1.3835048523125026,0.11956465990667874,-1.054216530497612,0.0031566929056197593,1.1219433563239551
2401,0.5440592086225553,0.5440570197578474,0.0015245997278880905,4.402662411941462,2.4731515442454497,1.6550544278844939,2.981706804348101,-1.0,-1.5743159745906399,1.3836922846992215,0.11925538643065883,-1.0549437947132716,0.003168739624480962,1.1227924615792986
2402,0.544044707583237,0.5440425114188773,0.001527120431517959,4.402662429914467,2.473137035411301,1.6550536967109961,2.9817822176789606,-1.0,-1.5743280698735076,1.383880666037169,0.11894444853734129,-1.0556751151007093,0.0031809202914366533,1.1236463384726671
2403,0.5440300439530903,0.5440278404081741,0.001529664716767323,4.402662448028551,2.47312236390012,1.6550529592454952,2.981858149631254,-1.0,-1.574340301321944,1.3840700084263768,0.11863182451691744,-1.0564105445101162,0.0031932374053946747,1.1245050494640618
2404,0.5440152146788967,0.544013003671017,0.001532232977861446,4.402662466285796,2.47310752665709,1.6550522153875566,2.981934607386784,-1.0,-1.5743526714983518,1.3842603242130749,0.11831749221206547,-1.0571501368802836,0.0032056935308896607,1.125368658303401
2405,0.5440002166267137,0.543997998071924,0.0015348256188746185,4.402662484688341,2.473092520546632,1.6550514650344053,2.982011598281579,-1.0,-1.574365183032977,1.3844516259965867,0.11800142900530046,-1.0578939472693538,0.0032182913003120394,1.1262372300670247
2406,0.5439850465791206,0.5439828203918914,0.0015374430535843367,4.402662503238368,2.4730773423496415,1.6550507080808485,2.9820891298104004,-1.0,-1.5743778386262313,1.3846439266364736,0.11768361180586923,-1.058642031886677,0.003231033416229397,1.127110831195513
2407,0.5439697012323362,0.5439674673255159,0.0015400857061886198,4.402662521938106,2.4730619887606133,1.6550499444192057,2.9821672096314162,-1.0,-1.5743906410511115,1.3848372392599348,0.11736401703616918,-1.0593944481258228,0.0032439226538065044,1.1279895295328803
2408,0.5439541771932255,0.543951935477995,0.0015427540104292045,4.402662540789836,2.4730464563846386,1.6550491739392286,2.9822458455710503,-1.0,-1.574403593155723,1.3850315772694757,0.1170426206176708,-1.0601512545987999,0.003256961863326759,1.1288733943672025
2409,0.5439384709761688,0.5439362213619982,0.0015454484121684054,4.402662559795891,2.473030741734279,1.6550483965280198,2.982325045629016,-1.0,-1.5744166978659109,1.3852269543508582,0.11671939795632151,-1.0609125111715334,0.0032701539728227833,1.1297624964727413
2410,0.5439225789998068,0.5439203213944075,0.0015481693679193134,4.402662578958651,2.473014841226306,1.6550476120699507,2.982404817983538,-1.0,-1.574429958188002,1.3854233844813433,0.11639432392740727,-1.0616782790006614,0.0032835019908187732,1.130656908153636
2411,0.5439064975836333,0.543904231892911,0.001550917345677962,4.40266259828056,2.4729987511782934,1.6550468204465736,2.9824851709967772,-1.0,-1.5744433772116695,1.3856208819382394,0.11606737285984801,-1.0624486205717047,0.003297009009193077,1.1315567032892295
2412,0.5438902229444486,0.5438879490724535,0.0015536928254566422,4.402662617764109,2.4729824678050685,1.6550460215365306,2.98256611322046,-1.0,-1.5744569581129204,1.3858194613077728,0.11573851851990066,-1.0632235997386779,0.0033106782061651926,1.1324619573811074
2413,0.5438737511926487,0.5438714690415232,0.0015564962998070213,4.402662637411852,2.4729659872149994,1.655045215215459,2.9826476534017323,-1.0,-1.5744707041572163,1.3860191374942907,0.11540773409424242,-1.0640032817652028,0.003324512849414809,1.133372747601924
2414,0.543857078328356,0.5438547877982816,0.001559328273620877,4.402662657226403,2.4729493054061247,1.6550444013558945,2.982729800489237,-1.0,-1.5744846187027308,1.3862199257298162,0.11507499217240616,-1.064787733367199,0.0033385162993394466,1.1342891528461025
2415,0.5438402002373733,0.5438379012265155,0.001562189265349428,4.402662677210431,2.472932418262104,1.6550435798271679,2.9828125636394356,-1.0,-1.5744987052037551,1.3864218415839682,0.11474026472853706,-1.0655770227572194,0.003352692012457744,1.135211253782496
2416,0.5438231126869555,0.5438208050914072,0.0015650798069272419,4.4026626973666785,2.4729153215479895,1.6550427504952994,2.9828959522231813,-1.0,-1.5745129672142568,1.3866249009742666,0.11440352310243901,-1.0663712196905144,0.00336704354496681,1.1361391329090975
2417,0.5438058113213922,0.5438034950351123,0.0015680004448243496,4.402662717697942,2.472898010905803,1.6550419132228866,2.9829799758325533,-1.0,-1.574527408391599,1.3868291201768386,0.1140647379798767,-1.0671703955129004,0.003381574556461189,1.1370728746099026
2418,0.5437882916573805,0.5437859665721335,0.0015709517396674095,4.402662738207093,2.4728804818499093,1.6550410678689924,2.9830646442879707,-1.0,-1.5745420325004336,1.3870345158375441,0.1137238793720981,-1.0679746232105236,0.0033962888138228363,1.1380125652140238
2419,0.5437705490791918,0.5437682150844843,0.0015739342674108965,4.40266275889707,2.4728627297621806,1.6550402142890208,2.983149967645596,-1.0,-1.5745568434167714,1.3872411049835465,0.11338091659453968,-1.0687839774616088,0.003411190195290933,1.138958293057166
2420,0.5437525788336054,0.5437502358166195,0.0015769486196438476,4.402662779770882,2.4728447498869253,1.6550393523345945,2.9832359562050415,-1.0,-1.5745718451322448,1.3874489050353405,0.11303581824467424,-1.069598534690289,0.0034262826947219016,1.1399101485455776
2421,0.5437343760246163,0.5437320238701389,0.001579995403886357,4.402662800831611,2.4728265373255947,1.655038481853423,2.983322620517398,-1.0,-1.5745870417585692,1.3876579338192687,0.11268855217895979,-1.0704183731226187,0.003441570426049897,1.1408682242226011
2422,0.5437159356078722,0.5437135741982261,0.0015830752454185026,4.402662822082421,2.4728080870312175,1.655037602689167,2.9834099713936006,-1.0,-1.5746024375322187,1.3878682095805461,0.11233908548884482,-1.0712435728448793,0.003457057627958717,1.141832614837948
2423,0.5436972523848635,0.5436948815998314,0.0015861887858607706,4.4026628435265485,2.4727893938025853,1.6550367146812972,2.9834980199131427,-1.0,-1.574618036819323,1.3880797509968172,0.11198738447578264,-1.0720742158642895,0.003472748668777966,1.142803417419838
2424,0.5436783209968225,0.5436759407135701,0.0015893366858148426,4.402662865167311,2.4727704522781506,1.6550358176649425,2.9835867774331684,-1.0,-1.5746338441208028,1.3882925771922756,0.11163341462520548,-1.0729103861722429,0.003488648051615547,1.1437807313501431
2425,0.5436591359183259,0.5436567460113222,0.0015925196239791263,4.402662887008116,2.4727512569296253,1.65503491147074,2.9836762555979495,-1.0,-1.574649864077755,1.3885067077523718,0.1112771405794047,-1.0737521698102004,0.0035047604197400127,1.144764658442693
2426,0.5436396914505884,0.5436372917915213,0.0015957382986315726,4.402662909052452,2.4727318020552698,1.6550339959246694,2.9837664663487797,-1.0,-1.5746661014771035,1.3887221627391404,0.11091852610926198,-1.0745996549383738,0.0035210905622276934,1.1457553030248997
2427,0.5436199817144174,0.5436175721721082,0.0015989934285300102,4.4026629313038965,2.4727120817728463,1.655033070847887,2.9838574219342946,-1.0,-1.5746825612575277,1.3889389627071775,0.1105575340847715,-1.0754529319073438,0.003537643419889949,1.1467527720228774
2428,0.5436000006428201,0.543597581083132,0.0016022857535145402,4.402662953766126,2.4726920900122207,1.6550321360565463,2.9839491349212532,-1.0,-1.574699248515691,1.389157128720304,0.11019412644429032,-1.0763120933327666,0.0035544240914971406,1.1477571750502356
2429,0.5435797419732348,0.5435773122589798,0.0016056160341240996,4.4026629764429055,2.47267182050759,1.6550311913616147,2.984041618205798,-1.0,-1.5747161685127824,1.3893766823689475,0.10982826416244991,-1.0771772341733308,0.003571437840316574,1.1487686245007418
2430,0.5435591992393672,0.5435567592302076,0.0016089850546571033,4.402662999338106,2.472651266789316,1.6550302365686806,2.98413488502522,-1.0,-1.5747333266813919,1.3895976457882848,0.10945990721665795,-1.0780484518121363,0.003588690100983957,1.1497872356450587
2431,0.5435383657626089,0.5435359153149565,0.0016123936226017776,4.402663022455692,2.472630422175337,1.6550292714777515,2.98422894897026,-1.0,-1.5747507286327382,1.3898200416771809,0.10908901455211466,-1.0789258461416804,0.0036061864867280775,1.1508131267317734
2432,0.5435172346430073,0.5435147736099154,0.001615842569298075,4.402663045799741,2.4726092797621355,1.6550282958830405,2.9843238239979732,-1.0,-1.5747683801642747,1.3900438933179717,0.10871554404526351,-1.0798095196526443,0.0036239327969706885,1.1518464190929516
2433,0.5434957987497645,0.5434933269808194,0.0016193327522238412,4.402663069374439,2.4725878324152317,1.6550273095727472,2.9844195244451868,-1.0,-1.5747862872676914,1.3902692245971338,0.1083394524655907,-1.0806995775266868,0.0036419350253248856,1.1528872372544647
2434,0.5434740507112349,0.5434715680524386,0.0016228650547750326,4.402663093184083,2.472566072759175,1.6550263123288238,2.984516065042589,-1.0,-1.5748044561373424,1.3904960600268892,0.1079606954356823,-1.08159612773347,0.00366019936801594,1.1539357090513505
2435,0.5434519829043861,0.5434494891980376,0.0016264403876724916,4.4026631172330895,2.472543993167001,1.6550253039267318,2.9846134609294785,-1.0,-1.5748228931791217,1.3907244247678001,0.10757922738944276,-1.082499281132146,0.0036787322327526935,1.1549919657484904
2436,0.5434295874436936,0.5434270825282624,0.0016300596907436599,4.402663141525993,2.47252158574912,1.6550242841351883,2.9847117276692208,-1.0,-1.5748416050198188,1.3909543446524044,0.10719500152837032,-1.0834091515775603,0.003697540248077133,1.1560561421669013
2437,0.5434068561694323,0.5434043398794272,0.0016337239330333259,4.40266316606746,2.472498842341603,1.6550232527158963,2.984810881265445,-1.0,-1.5748605985169848,1.391185846209955,0.10680796977578051,-1.0843258560314364,0.0037166302732227346,1.157128376815959
2438,0.5433837806353193,0.5433812528011525,0.0016374341152008668,4.402663190862284,2.4724757544938187,1.6550222094232654,2.9849109381790266,-1.0,-1.57487988076934,1.3914189566923219,0.10641808272885912,-1.0852495146788284,0.003736009408515842,1.1582088120318943
2439,0.54336035209548,0.5433578125433229,0.0016411912694313554,4.4026632159153944,2.472452313455391,1.655021154004117,2.9850119153459036,-1.0,-1.5748994591277594,1.3916537041011288,0.10602528960841963,-1.0861802510501442,0.00375568500635389,1.1592975941229269
2440,0.5433365614906716,0.5433340100423059,0.0016449964622979728,4.402663241231861,2.472428510162419,1.6550200861973714,2.985113830195776,-1.0,-1.5749193412068774,1.3918901172161902,0.10562953820623082,-1.0871181921490676,0.0037756646828004587,1.16039487352142
2441,0.543312399433736,0.5433098359063977,0.0016488507948708116,4.402663266816894,2.4724043352229206,1.6550190057337268,2.985216700671742,-1.0,-1.5749395348973465,1.3921282256253282,0.10523077482977101,-1.088063468586723,0.0037959563298368276,1.1615008049434767
2442,0.5432878561942156,0.5432852804004308,0.0016527554054889951,4.402663292675864,2.4723797789014403,1.655017912335314,2.985320545250927,-1.0,-1.5749600483788022,1.3923680597556538,0.10482894424425596,-1.0890162147224585,0.0038165681283158477,1.162615547556416
2443,0.5432629216820779,0.5432603334294923,0.0016567114701917134,4.402663318814293,2.472354831102767,1.6550168057153363,2.985425382966163,-1.0,-1.5749808901335753,1.3926096509063932,0.10442398961177542,-1.0899765688116445,0.0038375085616646795,1.1637392651546072
2444,0.5432375854304982,0.5432349845216967,0.0016607202052572843,4.4026633452378645,2.4723294813547074,1.6550156855776914,2.985531233428793,-1.0,-1.5750020689612076,1.39285303128336,0.10401585242736322,-1.0909446731609145,0.003858786430388936,1.1648721263441721
2445,0.5432118365776083,0.54320922280993,0.0016647828687453364,4.402663371952431,2.472303718789828,1.6550145516165728,2.9856381168526633,-1.0,-1.5750235939938253,1.3930982340351687,0.10360447245181129,-1.091920674291304,0.0038804108674340677,1.1660143047370966
2446,0.5431856638471783,0.5431830370125159,0.0016689007622540393,4.402663398964023,2.47227753212612,1.6550134035160478,2.98574605407938,-1.0,-1.5750454747124307,1.3933452932913006,0.10318978764102615,-1.0929047231097826,0.0039023913544643718,1.1671659791553421
2447,0.5431590555281112,0.5431564154127081,0.0016730752324883255,4.402663426278849,2.4722509096464966,1.6550122409496155,2.985855066604916,-1.0,-1.575067720964178,1.3935942442021352,0.1027717340717097,-1.0938969750897016,0.003924737739123749,1.1683273338455828
2448,0.5431319994527027,0.543129345836934,0.0016773076748905229,4.402663453903308,2.4722238391770275,1.6550110635797384,2.9859651766076514,-1.0,-1.575090342980703,1.3938451229810733,0.10235024586313139,-1.0948975904607265,0.00394746025335164,1.169498558705244
2449,0.5431044829735503,0.5431018156316976,0.0016815995340124154,4.402663481843998,2.4721963080638485,1.6550098710573509,2.9860764069779404,-1.0,-1.5751133513975863,1.3940979669488844,0.10192525509474037,-1.095906734408861,0.003970569532827858,1.170679849520569
2450,0.5430764929390288,0.5430738116390406,0.001685952306741898,4.402663510107717,2.472168303148619,1.6550086630213374,2.986188781349313,-1.0,-1.5751367572750286,1.3943528145804218,0.10149669171934753,-1.0969245772872198,0.003994076637631502,1.1718714082174968
2451,0.5430480156672142,0.5430453201704553,0.0016903675454403933,4.402663538701477,2.4721398107424335,1.6550074390979816,2.9863023241314126,-1.0,-1.5751605721198332,1.394609705553861,0.10106448347158652,-1.0979512948382526,0.004017993074203771,1.1730734431261896
2452,0.5430190369181475,0.5430163269791355,0.0016948468587614026,4.402663567632509,2.4721108165980734,1.655006198900387,2.986417060544797,-1.0,-1.5751848079087922,1.3948686808026274,0.1006285557713399,-1.0989870684281842,0.004042330818712428,1.1742861692601199
2453,0.5429895418643065,0.5429868172304343,0.0016993919167224546,4.40266359690828,2.472081305880463,1.6550049420278605,2.9865330166577206,-1.0,-1.575209477113582,1.395129782570192,0.10018883162179242,-1.1000320852944856,0.0040671023419251075,1.1755098086106959
2454,0.5429595150591495,0.5429567754703941,0.0017040044514773482,4.402663626536487,2.4720512631351994,1.6550036680652633,2.9866502194250426,-1.0,-1.575234592727287,1.3953930544679316,0.09974523150174572,-1.1010865388072653,0.004092320635708437,1.1767445904584815
2455,0.542928940403586,0.5429261855921997,0.001708686262441657,4.402663656525083,2.472020672255004,1.6550023765823194,2.9867686967294103,-1.0,-1.5752601682926757,1.3956585415362608,0.09929767325180021,-1.102150628745536,0.0041179992412777,1.1779907517021515
2456,0.5428978011101939,0.5428950308003829,0.0017134392180383126,4.402663686882277,2.4719895164439283,1.6550010671328885,2.98688847742488,-1.0,-1.575286217932371,1.3959262903092626,0.09884607195397677,-1.1032245615893932,0.004144152279337823,1.1792485372064208
2457,0.5428660796650308,0.5428632935726112,0.0017182652604549415,4.402663717616547,2.4719577781791364,1.6549997392541893,2.987009591383142,-1.0,-1.5753127563810634,1.3961963488830638,0.09839033980431644,-1.1043085508292216,0.004170794482264325,1.180518200170281
2458,0.5428337577868133,0.5428309556188529,0.0017231664083233698,4.4026637487366544,2.471925439170076,1.654998392465981,2.9871320695425574,-1.0,-1.5753397990199318,1.3964687669882179,0.09793038597795717,-1.1054028172931487,0.004197941228490962,1.1818000025169964
2459,0.5428008163832803,0.5427979978377161,0.001728144761981562,4.402663780251653,2.4718924803148115,1.6549970262696896,2.9872559439601987,-1.0,-1.5753673619134554,1.3967435960663885,0.09746611648614469,-1.1065075894940573,0.004225608579284009,1.1830942153074278
2460,0.5427672355044751,0.542764400269714,0.0017332025063913974,4.402663812170902,2.471858881653289,1.6549956401474815,2.987381247867126,-1.0,-1.575395461848813,1.3970208893516394,0.09699743402458767,-1.107623103997588,0.004253813318100915,1.1844011191783945
2461,0.5427329942927224,0.5427301420472147,0.001738341916989459,4.402663844504076,2.471824622317287,1.654994233561281,2.987508015727144,-1.0,-1.5754241163780869,1.3973007019566732,0.09652423781251651,-1.1087496058126822,0.004282572992749885,1.1857210048079245
2462,0.5426980709289867,0.542695201340777,0.0017435653639455138,4.402663877261188,2.471789680476747,1.6549928059517198,2.9876362832993086,-1.0,-1.5754533438635108,1.3975830909643907,0.09604642342174892,-1.1098873488063594,0.004311905960590064,1.1870541734094124
2463,0.5426624425753206,0.5426595553015721,0.0017488753168840346,4.40266391045259,2.471754033282198,1.6549913567370256,2.9877660877044665,-1.0,-1.5754831635260234,1.3978681155251658,0.09556388259500283,-1.1110365961445603,0.004341831437032563,1.188400937256882
2464,0.5426260853130578,0.5426231799995497,0.0017542743516954337,4.402663944089002,2.4717176568029178,1.6549898853118283,2.9878974674961585,-1.0,-1.5755135954974169,1.3981558369602798,0.09507650305262966,-1.112197620761068,0.004372369547631451,1.1897616202437458
2465,0.5425889740763711,0.5425860503569636,0.0017597651552176605,4.402663978181517,2.471680525960459,1.6549883910458991,2.9880304627362255,-1.0,-1.5755446608763972,1.3984463188719878,0.09458416828686425,-1.1133707058566906,0.004403541384081734,1.1911365584776787
2466,0.5425510825807849,0.5425481400768517,0.0017653505327279966,4.402664012741622,2.4716426144571257,1.6549868732827937,2.988165115075504,-1.0,-1.5755763817889084,1.398739627260742,0.09408675734260566,-1.1145561454310977,0.004435369064475343,1.192526100914459
2467,0.5425123832461767,0.5425094215660042,0.0017710334137827325,4.402664047781216,2.4716038946989416,1.6549853313384095,2.9883014678400253,-1.0,-1.575608781453107,1.3990358306501391,0.0935841445836486,-1.1157542448499227,0.004467875798201166,1.1939306100339004
2468,0.5424728471137664,0.5424698658519144,0.0017768168598014786,4.402664083312631,2.4715643377125964,1.6549837644994445,2.9884395661231755,-1.0,-1.5756418842494182,1.399335000220218,0.09307619944318428,-1.116965321449997,0.004501085955917895,1.1953504625612987
2469,0.5424324437565331,0.5424294424931545,0.0017827040727190755,4.402664119348639,2.4715239130558224,1.6549821720217397,2.988579456884328,-1.0,-1.5756757157961434,1.3996372099497905,0.09256278615727438,-1.118189705185854,0.00453502514507413,1.196786050238141
2470,0.5423911411824281,0.5423881194825456,0.001788698402056203,4.402664155902484,2.4714825887205603,1.6549805531285182,2.9887211890544965,-1.0,-1.5757103030311528,1.3999425367685534,0.09204376347987496,-1.1194277393209466,0.0045697202915005244,1.1982377806461997
2471,0.5423489057297003,0.5423458631424356,0.001794803355251836,4.402664192987903,2.4714403310282327,1.654978907008485,2.988864813649622,-1.0,-1.5757456743002425,1.4002510607198118,0.09151898437784696,-1.1206797811673712,0.004605199727659827,1.199706078089535
2472,0.5423057019535581,0.5423026380113091,0.0018010226067217807,4.402664230619135,2.4713971045163565,1.6549772328137968,2.9890103838921616,-1.0,-1.575781859452809,1.400562865134715,0.09098829570423085,-1.1219462028782625,0.00464149328820281,1.2011913845393958
2473,0.5422614925033157,0.54225840672088,0.0018073600083532142,4.402664268810961,2.471352871815628,1.6549755296578776,2.989157955341736,-1.0,-1.5758188899455687,1.4008780368190088,0.09045153784788813,-1.1232273922974583,0.004678632413556418,1.2026941606475055
2474,0.5422162379890593,0.5422131298626967,0.0018138196008857768,4.402664307578713,2.471307593516527,1.6549737966130749,2.989307586035643,-1.0,-1.5758567989551273,1.401196666253403,0.08990854435741463,-1.1245237538715032,0.004716650262349738,1.2042148868338043
2475,0.5421698968367725,0.5421667658432034,0.0018204056271049383,4.402664346938309,2.4712612280243738,1.6549720327081352,2.989459336640165,-1.0,-1.5758956215003073,1.4015188478087766,0.08935914153701038,-1.1258357096296012,0.004755581833582746,1.2057540644553453
2476,0.5421224251307168,0.542119270726051,0.001827122543245904,4.40266438690627,2.4712137314016367,1.654970236925485,2.989613270613676,-1.0,-1.5759353945752446,1.4018446799775643,0.08880314801174294,-1.1271637002377184,0.004795464099547943,1.2073122170637707
2477,0.5420737764417262,0.5420705980603122,0.0018339750350360156,4.402664427499761,2.4711650571961448,1.6549684081983043,2.989769454382669,-1.0,-1.5759761572943902,1.402174265622822,0.08824037425936146,-1.1285081861337196,0.004836336150637967,1.208889891759594
2478,0.5420239016399115,0.5420206986931058,0.0018409680321863186,4.402664468736598,2.4711151562537044,1.6549665454073603,2.9899279575319633,-1.0,-1.5760179510506929,1.4025077122466258,0.08767062210550657,-1.1298696487511766,0.00487823935331408,1.2104876606524266
2479,0.541972748690072,0.5419695205649147,0.0018481067260145414,4.402664510635291,2.471063976513416,1.654964647377595,2.990088853010491,-1.0,-1.5760608196883965,1.4028451322796496,0.08709368417880481,-1.1312485918403445,0.004921217522667194,1.2121061224373133
2480,0.5419202624279051,0.5419170084856993,0.0018553965864770564,4.402664553215079,2.471011462783781,1.6549627128744269,2.9902522173542194,-1.0,-1.5761048096920753,1.4031866433939733,0.08650934332193741,-1.132645542895773,0.004965317111188429,1.2137459040985017
2481,0.5418663843148476,0.5418631038896295,0.0018628433836969402,4.402664596495943,2.470957556497426,1.6549607405997526,2.9904181309279494,-1.0,-1.5761499703937305,1.4035323688414096,0.08591737195431791,-1.1340610547011143,0.005010587415574165,1.2154076627532846
2482,0.5418110521691141,0.5418077445660033,0.001870453208578923,4.402664640498647,2.4709021954420214,1.6549587291876036,2.990586678187964,-1.0,-1.5761963542000221,1.4038824378199108,0.08531753138149897,-1.135495707002942,0.005057080803631382,1.2170920876500482
2483,0.5417541998701425,0.5417508643635642,0.0018782324963683523,4.4026646852447735,2.4708453134645847,1.6549566771994377,2.9907579479677175,-1.0,-1.5762440168419807,1.404236985870914,0.0847095710458415,-1.1369501083267997,0.0051048529636282,1.2187999023363576
2484,0.5416957570333043,0.541692392865068,0.001886188052993009,4.4026647307567455,2.4707868401460455,1.6549545831190202,2.9909320337890377,-1.0,-1.5762930176498704,1.404596155310841,0.08409322771231109,-1.1384248979503335,0.005153963178751221,1.2205318670148464
2485,0.5416356486512883,0.541632255028511,0.0018943270829632553,4.402664777057866,2.4707267004424653,1.6549524453468467,2.9911090342016453,-1.0,-1.5763434198562414,1.404960095700362,0.08346822458250433,-1.1399207480501894,0.005204474629706037,1.2222887811068872
2486,0.5415737946980496,0.5415703707909061,0.0019026572204348263,4.402664824172344,2.470664814288802,1.6549502621940693,2.9912890531541363,-1.0,-1.576395290930642,1.405328964355487,0.08283427032913102,-1.1414383660414829,0.005256454728923495,1.2240714860465602
2487,0.5415101096906438,0.5415066546299263,0.0019111865627610026,4.402664872125332,2.4706010961605456,1.6549480318758647,2.991472200400012,-1.0,-1.5764487029499652,1.4057029269050696,0.0821910580421764,-1.1429784971310695,0.005309975490337539,1.225880868330336
2488,0.5414445022035519,0.5414410150780201,0.001919923708295168,4.402664920942942,2.470535454587825,1.6549457525041849,2.9916585919428083,-1.0,-1.576503733008982,1.4060821578999156,0.08153826407681163,-1.144541927108639,0.005365113939281515,1.2277178628512428
2489,0.5413768743293221,0.5413733541828207,0.0019288777966670887,4.402664970652286,2.4704677916158033,1.6549434220798207,2.9918483505249496,-1.0,-1.5765604636763042,1.4064668414793706,0.08087554679178825,-1.1461294854028727,0.005421952567733825,1.2295834565501467
2490,0.5413071210783758,0.5413035669066949,0.0019380585549527737,4.402665021281492,2.4703980022042153,1.6549410384836982,2.992041606165593,-1.0,-1.576618983501821,1.406857172102069,0.08020254516551162,-1.1477420484336331,0.0054805798409437905,1.2314786924212358
2491,0.5412351297097464,0.5412315404571939,0.001947476346503224,4.402665072859722,2.470325973557803,1.6549385994673194,2.9922384967534947,-1.0,-1.576679387582591,1.4072533553484499,0.07951887727519988,-1.1493805432954691,0.005541090762410468,1.2334046739139881
2492,0.5411607789831743,0.5411571535388312,0.0019571422273425196,4.402665125417185,2.470251584378081,1.6549361026422469,2.9924391687018015,-1.0,-1.5767417781952953,1.407655608803724,0.07882413862245674,-1.1510459518127474,0.005603587505299808,1.2353625697799184
2493,0.5410839383214437,0.5410802755150618,0.0019670680060125474,4.402665178985137,2.470174704025294,1.654933545468514,2.992643777672721,-1.0,-1.5768062655046677,1.408064163031234,0.0781179002861603,-1.1527393150125789,0.005668180119701562,1.2373536194194341
2494,0.5410044668699894,0.541000765467494,0.0019772663135278045,4.402665233595881,2.4700951915776144,1.6549309252418263,2.9928524893812343,-1.0,-1.5768729683588942,1.4084792626476177,0.077399706880732,-1.1544617380685627,0.005734987326691462,1.239379138792355
2495,0.5409222124386057,0.5409184711371494,0.0019877506768226348,4.402665289282742,2.470012894772378,1.654928239079408,2.9930654804884353,-1.0,-1.5769420151848328,1.408901167512905,0.07666907429451864,-1.156214395776421,0.005804137412030599,1.2414405269653057
2496,0.5408370103074369,0.5408332277299579,0.001998535605727622,4.402665346080015,2.4699276488115567,1.6549254839043124,2.9932829395968055,-1.0,-1.5770135449981533,1.409330154050714,0.0759254871790958,-1.157998538632069,0.005875769234564734,1.2435392733805652
2497,0.5407486818762786,0.5407448565654897,0.0020096366856666007,4.402665404022924,2.4698392750104636,1.654922656428,2.9935050683617264,-1.0,-1.5770877085461732,1.4097665167160984,0.07516839615566492,-1.159815499593865,0.00595003336706861,1.2456769659443931
2498,0.5406570331323812,0.5406531635441282,0.00202107068466204,4.402665463147505,2.469747579264896,1.6549197531309443,2.9937320827359306,-1.0,-1.5771646696044153,1.410210569631444,0.07439721469921502,-1.1616667016240656,0.0060270933905146006,1.2478553000488026
2499,0.5405618529073385,0.540557937403235,0.00203285567161352,4.402665523490492,2.4696523503072676,1.6549167702410084,2.993964214366486,-1.0,-1.577244606451829,1.4106626484141795,0.07361131565457248,-1.163553666120314,0.006107127366659634,1.250076088659727
2500,0.5404629108879919,0.5404589477272429,0.0020450111512903936,4.40266558508912,2.469553357716664,1.6549137037092654,2.994201712167324,-1.0,-1.5773277135544004,1.4111231122241101,0.07281002733063593,-1.1654780223668875,0.006190329518610479,1.252341273627216
2501,0.5403599553394434,0.5403559426697322,0.002057558215031759,4.402665647980894,2.469450349640877,1.6549105491829077,2.9944448440945255,-1.0,-1.5774142034927,1.4115923460630042,0.0719926291096999,-1.167441518158091,0.006276912154845235,1.2546529384005258
2502,0.5402527104897895,0.5402486463371129,0.002070519712872767,4.402665712203255,2.469343050180037,1.6549073019748168,2.994693899156581,-1.0,-1.5775043091760856,1.4120707633648952,0.07115834649745002,-1.1694460317735125,0.006367107879316589,1.2570133223637983
2503,0.540140873515825,0.5401367557731062,0.0020839204485848055,4.40266577779316,2.469231156371042,1.6549039570292878,2.9949491896980183,-1.0,-1.5775982863951064,1.4125588089225987,0.07030634552550616,-1.1714935855179163,0.006461172139075652,1.2594248370477497
2504,0.5400241110560114,0.5400199374703221,0.0020977874008831074,4.402665844786528,2.469114334699074,1.6549005088833317,2.9952110540022847,-1.0,-1.5776964167746161,1.4130569622044964,0.06943572640171515,-1.1735863610787824,0.006559386171790841,1.26189008452115
2505,0.5399020551609565,0.5398978233191283,0.002112149978287728,4.402665913217505,2.4689922170463925,1.6548969516228453,2.9954798592690226,-1.0,-1.5777990112037665,1.4135657411261058,0.06854551628301384,-1.175726717003657,0.006662060429169412,1.2644118783249654
2506,0.5397742985714299,0.5397700058838073,0.0021270403096158947,4.402665983117543,2.4688643959684162,1.6548932788328394,2.995756005032319,-1.0,-1.5779064138361887,1.4140857063537642,0.06763466102063287,-1.1779172086598884,0.006769538569389753,1.2669932673846744
2507,0.5396403891885084,0.5396360328705363,0.0021424935793413263,4.402666054514173,2.468730419161605,1.6548894835407326,2.9960399271007137,-1.0,-1.5780190067753017,1.4146174662336088,0.06670201569646529,-1.1801606111139489,0.006882202133234464,1.2696375634260193
2508,0.539499823568083,0.5394954006193747,0.0021585484142617652,4.402666127429426,2.4685897829553403,1.654885558151543,2.996332102117573,-1.0,-1.5781372155871536,1.415161682458681,0.0657463337309603,-1.1824599454602613,0.007000476046019047,1.272348372530994
2509,0.5393520392306385,0.5393475464110942,0.0021752473327727507,4.4026662018778,2.4684419246186318,1.6548814943735684,2.9966330528628444,-1.0,-1.5782615158183186,1.4157190766115448,0.06476625429481389,-1.1848185092453711,0.0071248351224548956,1.2751296316103493
2510,0.5391964055239934,0.5391918393264401,0.002192637266274234,4.402666277863591,2.4682862132192325,1.6548772831328624,2.9969433544456394,-1.0,-1.5783924407416148,1.4162904377506582,0.06376028769621023,-1.187239911779141,0.007255811796716663,1.2779856507444174
2511,0.5390322127076165,0.5390275693263509,0.0022107701709377075,4.4026663553774235,2.4681219387036855,1.654872914474442,2.9972636415734124,-1.0,-1.5785305906110845,1.4168766312478025,0.06272679833869381,-1.1897281153093973,0.00739400535854303,1.2809211625664705
2512,0.5388586588368548,0.5388539341313046,0.002229703744101032,4.402666434391712,2.467948298776474,1.654868377447735,2.9975946171302583,-1.0,-1.5786766437844744,1.4174786091336335,0.06166398474690009,-1.1922874832721742,0.007540093052808187,1.2839413801466761
2513,0.5386748339062404,0.5386700233588085,0.002249502271463167,4.402666514854682,2.4677643830372733,1.6548636599732003,2.9979370623575017,-1.0,-1.5788313701727388,1.4180974222723615,0.06056985603153751,-1.1949228371327838,0.007694843501072994,1.2870520651997628
2514,0.5384797005524972,0.5384747992194178,0.0022702376303310253,4.402666596682473,2.46756915367669,1.6548587486863664,2.998291849009141,-1.0,-1.5789956476109708,1.4187342347693188,0.059442204001863085,-1.1976395237257964,0.007859133038197706,1.2902596089128542
2515,0.5382720704046942,0.5382670728584452,0.0022919904855829855,4.40266667974861,2.467361421817639,1.6548536287546365,2.998659953959625,-1.0,-1.5791704819265018,1.419390341123284,0.05827856992052224,-1.2004434955157,0.008033965738026665,1.2935711283090146
2516,0.5380505748794722,0.5380454751409316,0.002314851725054936,4.402666763869909,2.4671398182999136,1.6548482836610832,2.9990424768813617,-1.0,-1.5793570317262642,1.4200671867778871,0.057076204613967035,-1.2033414068779114,0.008220498147963627,1.2969945818793254
2517,0.537813628821648,0.5378084202796968,0.0023389241873256394,4.402666848787409,2.4669027573077558,1.654842694948013,2.9994406617980798,-1.0,-1.5795566392639582,1.420766392916083,0.0558320202761673,-1.2063407304033749,0.008420070089941332,1.300538909305986
2518,0.5375593848377788,0.5375540601534385,0.002364324760963869,4.402666934140376,2.4666483906873693,1.6548368419112296,2.9998559235775444,-1.0,-1.5797708692181278,1.4214897865967875,0.05454253179736133,-1.2094498984471589,0.008634243354815366,1.304214201567335
2519,0.5372856753919963,0.5372802263833667,0.00239118694451381,4.402667019430486,2.466374550022838,1.6548307012335077,3.0002898807825202,-1.0,-1.5800015578750444,1.4222394376799057,0.053203784759983316,-1.2126784767999836,0.008864850778533287,1.30803190971723
2520,0.5369899386221574,0.5369843561253199,0.0024196639966210733,4.402667103971873,2.4660786724273622,1.654824246542699,3.0007443967961427,-1.0,-1.5802508761569645,1.423017704464082,0.05181126629234088,-1.2160373796494661,0.009114059133026844,1.312005103393348
2521,0.5366691222233749,0.5366633959229662,0.002449932833272761,4.40266718682067,2.4657577043953625,1.6548174478757975,3.001221631843812,-1.0,-1.580521411309122,1.4238272906288056,0.050359793639993336,-1.2195391381961527,0.009384450634578469,1.3161487939717826
2522,0.5363195573713324,0.5363136755930432,0.002482198890148316,4.402667266674064,2.4654079756863507,1.6548102710250043,3.001724109551621,-1.0,-1.580816274082628,1.4246713170172616,0.04884337342705792,-1.2231982398253025,0.00967912989187086,1.3204803427660115
2523,0.53593679109949,0.5359307405506447,0.0025167022316066687,4.402667341723472,2.4650250316484787,1.6548026767348507,3.00225480317455,-1.0,-1.5811392412881806,1.4255534131548773,0.04725502185929915,-1.2270315612698086,0.010001866147206252,1.3250199825674152
2524,0.5355153600813366,0.5355091255302106,0.0025537252861673374,4.40266740943707,2.4646034069373126,1.6547946197104293,3.002817248859412,-1.0,-1.5814949482460046,1.4264778353854948,0.04558653213300504,-1.2310589287752005,0.010357285305176312,1.3297914924055196
2525,0.5350484802635657,0.5350420441317515,0.0025936027108873043,4.40266746623115,2.4641363150591884,1.6547860473851224,3.0034156967127106,-1.0,-1.5818891529329713,1.4274496214674641,0.043828169357629516,-1.2353038525738045,0.010751133503692258,1.334823082705306
2526,0.5345276131222805,0.5345209549650388,0.0026367340587905895,4.402667506962034,2.463615214511652,1.6547768983816808,3.0040553157590084,-1.0,-1.5823291052871562,1.4284747959729978,0.04196826422042845,-1.2397945047603216,0.011190645618267782,1.3401485743951527
2527,0.5339418468647799,0.5339349427002954,0.002683600124198831,4.402667524120032,2.4630291898291725,1.6547671005833775,3.0047424773853084,-1.0,-1.582824074318825,1.4295606478320635,0.03999266246420379,-1.2445650436139162,0.011685071241922614,1.345808996652032
2528,0.5332769928319455,0.5332698142656054,0.002734784083509787,4.402667506512278,2.462364047773852,1.6547565687146428,3.0054851558819475,-1.0,-1.5833861182136308,1.4307161125130725,0.03788396461967407,-1.2496574416591595,0.01224644315895544,1.3518547937336205
2529,0.5325142306583789,0.5325067437264817,0.0027909987195196607,4.4026674370359435,2.461600962205817,1.6547452013212005,3.0062935085161997,-1.0,-1.5840312396634104,1.4319523095909432,0.03562045325267915,-1.255124063844167,0.012890730278367991,1.358348939423805
2530,0.5316280143647564,0.5316201779922125,0.002853120897873541,4.402667288761976,2.4607143797767757,1.6547328770618064,3.0071807395576626,-1.0,-1.5847811725566774,1.433283317261179,0.033174542006275023,-1.2610313930323247,0.01363962071385946,1.3653714407369453
2531,0.5305827209194773,0.5305744848484075,0.002922233238397069,4.402667017721685,2.459668667944351,1.6547194503427234,3.0081644297310692,-1.0,-1.5856662437329703,1.4347273190959065,0.03051047038091469,-1.2674655640698869,0.01452337795910797,1.3730260334469413
2532,0.5293270623236966,0.5293183643343544,0.0029996683063653216,4.402666548872717,2.458412526322901,1.654704746725981,3.00926866076199,-1.0,-1.5867301483399805,1.436308355538485,0.0275807675948692,-1.2745408474674462,0.01558560737890017,1.3814504557152891
2533,0.5277843086479515,0.5277750709072229,0.0030870355926083796,4.402665746943932,2.4568692088079978,1.6546885597582897,3.010527565408876,-1.0,-1.5880383130766227,1.438059095443022,0.024320629254435448,-1.282413130971204,0.016891604937425694,1.3908327913077871
2534,0.5258341686151661,0.5258242932355675,0.0031861635896934934,4.402664350838498,2.454918403308546,1.6546706545538385,3.0119915828058264,-1.0,-1.5896934132934863,1.4400254006926032,0.020638601871186296,-1.2913022350426697,0.018543849827776085,1.4014385553687745
2535,0.5232767947428892,0.5232661598240084,0.0032987314455063424,4.402661810767699,2.452360237272541,1.6546507951917868,3.0137392058684362,-1.0,-1.591866241623979,1.4422741811343192,0.01640043790427783,-1.3015305533249406,0.020712830899390813,1.4136576659969882
2536,0.5197549760546747,0.51974343844451,0.0034248083698764594,4.402656830634692,2.448837476947026,1.65462885372207,3.015900801540001,-1.0,-1.5948625548823738,1.4449075139324614,0.011399802559193824,-1.3135930863938285,0.023703821094293913,1.4280897462941866
2537,0.5145678495506733,0.514555281582706,0.003557359271633483,4.402645863006622,2.4436492724661427,1.654605219046302,3.018711499137099,-1.0,-1.599283515485763,1.4480887007872774,0.005303448638550119,-1.328288341593045,0.028117208343005733,1.4457040314801535
2538,0.5061696860552531,0.5061561678647852,0.0036604373352622935,4.402617069584232,2.435250097949197,1.654582464941047,3.0226405939221195,-1.0,-1.6064589590261076,1.4520870823402157,-0.0024458692923915604,-1.3469496678999728,0.035281718337834216,1.4681236465900838
2539,0.49069362734579625,0.4906803259323925,0.003577283934160135,4.402520006904264,2.419774161958074,1.6545731530503047,3.0287229734649284,-1.0,-1.6197318975088517,1.4573037434808325,-0.012701631686624549,-1.3716157228934232,0.04854005731707183,1.497844557600044
2540,0.4585780310919135,0.4585696235801977,0.0027528451997742283,4.402108754547783,2.387663032787677,1.6546327105995915,3.0390764838168964,-1.0,-1.6474478767210243,1.4637268566262518,-0.025559267282689316,-1.4025127286223518,0.07624886623751304,1.535211003807558
2541,0.4039021634965448,0.4039002333820212,0.001240262783164474,4.40100437070718,2.332990266526666,1.6548139071741221,3.054083893394546,-1.0,-1.6950445723961631,1.4680606423307017,-0.03445082312333517,-1.4240107721513517,0.12389343264068761,1.5613063659310737
2542,0.35031129472262945,0.35031065911878606,0.0006639504406744742,4.400342337188536,2.279396125620538,1.6549763398900572,3.0695913757249063,-1.0,-1.742190827191808,1.4689084689094576,-0.036372173828054216,-1.4290156799791771,0.17111431244888436,1.567375707274005
2543,0.3048163683198417,0.30481607634699237,0.000420285351830314,4.400261319223035,2.233899651341755,1.6551025741945395,3.0850204150359684,-1.0,-1.7827368884327233,1.469031541964075,-0.03680020919367212,-1.430543858237588,0.21171902011666538,1.5691875977173941
2544,0.2662753978568376,0.26627523947654674,0.0002895773693182285,4.400466522628698,2.195359214327444,1.6551961485200521,3.09990303549009,-1.0,-1.8175397803162348,1.4689888462185556,-0.036850609966853784,-1.4312090137288036,0.2465661869095121,1.5699261622282938
2545,0.23347582322011076,0.23347572761238033,0.00021081813114028807,4.40078337200493,2.1625612650309254,1.6552633601867401,3.1139054386281373,-1.0,-1.847536239314774,1.4689006884453273,-0.03677098709347414,-1.4315707729666731,0.2765962410442794,1.570280878634551
2546,0.2054157115577868,0.20541564908577184,0.0001599258933430525,4.401120540582679,2.1345030736878376,1.6553107377478675,3.1268668381262206,-1.0,-1.8735077796700255,1.4688028615791597,-0.03664203175875249,-1.4318020497383008,0.3025935593742931,1.5704694163611768
2547,0.1812857010542219,0.18128565761277443,0.00012533111659935632,4.401434480568794,2.110374845692367,1.6553437704089955,3.1387406976487147,-1.0,-1.8960930119933037,1.4687075076426437,-0.03649619611983993,-1.4319685868045038,0.32519882305072045,1.5705770590370653
2548,0.16043359044282568,0.16043355869486234,0.00010082250761244488,4.401707749691398,2.089524209742164,1.6553666696404274,3.1495468736711727,-1.0,-1.9158133061705822,1.468618717840278,-0.03634810494109526,-1.4320988930841305,0.34493488652611337,1.5706420507393306
2549,0.14233225863259968,0.142332234489584,8.283183575771169e-05,4.401936457929415,2.071424019579509,1.6553825152565658,3.159340727945058,-1.0,-1.9330959720412242,1.4685375693990257,-0.036204687306526186,-1.4322065753243272,0.3622301271702885,1.57068318689124
2550,0.12655346262098527,0.1265534436699231,6.92117344619339e-05,4.402123215232356,2.0556460713883853,1.6553934966398884,3.1681944510954323,-1.0,-1.9482932049949604,1.468463982244499,-0.03606919749235546,-1.432298675121512,0.37743751298798733,1.570710338358598
2551,0.11274713945967696,0.11274712420366183,5.862173631055931e-05,4.4022732972884615,2.0418403610619413,1.6554011424030861,3.176186165956407,-1.0,-1.9616971150357179,1.468397454582669,-0.03594301817060523,-1.432379130157827,0.3908497176781792,1.5707289592619917
2552,0.10062525967611288,0.1006252471447746,5.019773703453473e-05,4.402392653157799,2.0297189165434153,1.6554065071228392,3.1833937888725012,-1.0,-1.973551530399326,1.4683373626689293,-0.03582654285564327,-1.4324503241589266,0.40271098449369597,1.5707421892141884
2553,0.08994927485297241,0.08994926439225044,4.336589171755075e-05,4.402486943303535,2.019043237472933,1.6554103125059119,3.1898917423534314,-1.0,-1.9840612528191974,1.468283081225088,-0.03571963570224615,-1.4325138213109252,0.4132264237467337,1.5707518991236538
2554,0.0805203476673849,0.0805203388209099,3.773423023570191e-05,4.402561137477039,2.009614523712192,1.6554130498492683,3.1957493501764387,-1.0,-1.9933993331051532,1.4682340281213786,-0.03562188197477883,-1.4325707301295167,0.4225693181000779,1.570759238428962
2555,0.07217171902192708,0.07217171146135923,3.302793217678169e-05,4.402619404154621,2.001266043630739,1.6554150525443447,3.2010302077816504,-1.0,-2.0017128177325327,1.4681896771910734,-0.03553272864331603,-1.4326218907276838,0.4308868901477795,1.570764933337812
2556,0.0647627138788822,0.06476270736149409,2.9049468829786333e-05,4.402665141608864,1.9938571418953692,1.6554165465225894,3.205792103625424,-1.0,-2.0091273146220523,1.468149558178207,-0.03545156468884781,-1.4326679746971143,0.4383048831020926,1.570769454925939
2557,0.058174006002190304,0.05817400034418142,2.5653689546037134e-05,4.40270106910971,1.9872685061425333,1.6554176849413715,3.210087238749597,-1.0,-2.015750644169548,1.4681132520512632,-0.03537776718680283,-1.4327095403967298,0.44493122247168604,1.570773116631431
2558,0.052303853635366666,0.05230384869456801,2.2731632268067522e-05,4.402729335706098,1.9813984042666235,1.655418571832444,3.2139625954534323,-1.0,-2.0216757781713985,1.4680803851569448,-0.03531072747022966,-1.432747064865298,0.4508589626434252,1.5707761322289966
2559,0.04706508783770645,0.04706508350206845,2.0199951678365698e-05,4.4027516258053385,1.9761596739933267,1.655419278126216,3.2174603683475684,-1.0,-2.026983221156976,1.4680506235801898,-0.03524986548962176,-1.4327809631629913,0.4561686737595971,1.5707786510849324
2560,0.042382687622119705,0.04238268380186013,1.7993792294183557e-05,4.402769252614097,1.9714772989238292,1.6554198524616421,3.220618408508849,-1.0,-2.0317429523600263,1.468023668160098,-0.03519463710343915,-1.4328116007692415,0.46093038773637346,1.570780780043144
2561,0.03819181535194277,0.03819181197407026,1.606182057391017e-05,4.402783236704312,1.967286444576358,1.6554203284558229,3.223470653807883,-1.0,-2.036016019254299,1.4679992502323564,-0.03514453712069423,-1.4328393020264318,0.4652051947782507,1.5707825972788745
2562,0.03443621535956792,0.03443621236398367,1.4362879814507468e-05,4.4027943700098575,1.9635308574548442,1.655420729583009,3.226047531717209,-1.0,-2.039855852984959,1.467977128028856,-0.03509909980555135,-1.4328643562479197,0.4690465610215294,1.5707841612339188
2563,0.031066900959038413,0.03106689829570641,1.286347433083475e-05,4.402803266881797,1.960161552371889,1.655421072445836,3.22837632864025,-1.0,-2.0433093604339994,1.4679570836278442,-0.03505789789323159,-1.4328870223840586,0.47250142225768943,1.5707855164861606
2564,0.02804107181385226,0.02804106944070858,1.1536078263242837e-05,4.402810404249734,1.9571357300290613,1.6554213689684578,3.2304815242190297,-1.0,-2.0464178357897045,1.4679389203511335,-0.035020540766333326,-1.4329075327508771,0.4756110967574067,1.5707866976757965
2565,0.025321216377439715,0.025321214258822135,1.0357882788089292e-05,4.40281615291185,1.9544158796022897,1.6554216278681995,3.2323850915097103,-1.0,-2.049217725404748,1.4679224605212542,-0.03498667219448805,-1.4329260961142936,0.47841205108718177,1.570787732179416
2566,0.022874363869282703,0.022874361974734147,9.309589152855467e-06,4.402820801756246,1.9519690308166715,1.6554218556449902,3.234106765164839,-1.0,-2.051741272729814,1.4679075435096405,-0.03495596788690538,-1.4329429003057186,0.4809365457824447,1.5707886419642314
2567,0.020671457737541858,0.020671456040880862,8.37508891531236e-06,4.4028245764327165,1.9497661274763396,1.6554220572486205,3.235664280318181,-1.0,-2.0540170646866467,1.467894024022866,-0.03492813301089086,-1.43295811447916,0.4832131822965977,1.5707894448968913
2568,0.018686828345277837,0.01868682682387186,7.540488179383493e-06,4.402827653711747,1.9477815001965952,1.6554222365306994,3.2370735850274266,-1.0,-2.056070496616187,1.4678817705865348,-0.03490289976831972,-1.4329718910822224,0.4852673684020272,1.57079015568363
2569,0.016897747114126248,0.01689774574831265,6.793883728409962e-06,4.402830172515104,1.945992420579022,1.6554223965525838,3.238349029069681,-1.0,-2.0579241696211388,1.467870664195938,-0.03488002508320713,-1.4329843675912053,0.48712171589199166,1.5707907865572341
2570,0.015284047873255777,0.015284046645878421,6.125120450853227e-06,4.402832242389569,1.944378722582065,1.6554225397967637,3.239503531710488,-1.0,-2.0595982315063277,1.4678605971095455,-0.03485928842881853,-1.4329956680469966,0.48879638180856966,1.5707913477873494
2571,0.013827803922293165,0.013827802818323815,5.5253377109847385e-06,4.402833950021959,1.9429224795988889,1.655422668313355,3.2405487308416645,-1.0,-2.0611106704453253,1.4678514717664644,-0.03484048980713306,-1.4330059044198908,0.49030936234138356,1.5707918480655616
2572,0.012513051497308426,0.01251305050353786,4.986926893475068e-06,4.402835364255839,1.9416077279337365,1.655422783822794,3.2414951156423317,-1.0,-2.062477568847405,1.4678431998126518,-0.03482344788368755,-1.4330151778257711,0.4916767468833458,1.5707922948003217
2573,0.011325552059696398,0.011325551164479591,4.503011583572501e-06,4.402836539962486,1.9404202290980546,1.6554228877888282,3.2423521446811945,-1.0,-2.0637133235730825,1.467835701223359,-0.034807998274826925,-1.4330235796121042,0.4929129384009067,1.5707926943459691
2574,0.010252587208219187,0.010252586401260746,4.0676622008982566e-06,4.402837521035216,1.939347264727622,1.6554229814712103,3.2431283511566127,-1.0,-2.0648308375788758,1.4678289035112724,-0.034793991980840405,-1.4330311923292751,0.49403084520647816,1.5707930521828715
2575,0.009282781120693383,0.009282780392870098,3.6758479700489816e-06,4.402838342712146,1.9383774590278362,1.6554230659644236,3.243831436769103,-1.0,-2.0658416872082,1.4678227410113316,-0.034781293956502916,-1.4330380906005178,0.4950420483553618,1.5707933730607861
2576,0.00840594632231536,0.008405945665524318,3.322791888653639e-06,4.402839033383544,1.937500624544594,1.6554231422266872,3.24446835553996,-1.0,-2.066756268643407,1.467817154234391,-0.03476978180960618,-1.4330443419019108,0.4959569481863978,1.5707936611141902
2577,0.007612949297619185,0.007612948704649784,3.004644662360046e-06,4.402839616002716,1.9367076277780813,1.6554232111021197,3.245045388729369,-1.0,-2.067583926461106,1.4678120892828337,-0.03475934461777907,-1.4330500072624197,0.49678489295175865,1.570793919955965
2578,0.006895593047681587,0.006895592512105501,2.717573101097942e-06,4.402840109191097,1.9359902717412951,1.6554232733380145,3.2455682118663094,-1.0,-2.068333066763374,1.467807497322034,-0.034749881854018616,-1.43305514189273,0.4975342920110831,1.570794152754182
2579,0.00624651417087384,0.006246513686951792,2.4586464415369074e-06,4.402840528106825,1.9353411930417532,1.6554233295985759,3.2460419547790424,-1.0,-2.069011256971046,1.4678033341022165,-0.034741302411721485,-1.4330597957505606,0.49821271567820313,1.570794362295545
2580,0.005659092435682253,0.005659091998281952,2.224818719129907e-06,4.402840885129752,1.9347537714550092,1.655423380476037,3.246471255407078,-1.0,-2.069625314046017,1.467799559525831,-0.03473352372051269,-1.433064014049241,0.4988269834890325,1.5707945510381942
2581,0.005127371134861072,0.00512737073938764,2.01358746667048e-06,4.40284119040358,1.9342220502793186,1.6554234264998142,3.2468603080814358,-1.0,-2.0701813826446496,1.4677961372560548,-0.03472647094474739,-1.4330678377155464,0.49938324239404047,1.5707947211559536
2582,0.004645986774782062,0.004645986417116397,1.8228207449168139e-06,4.402841452266361,1.9337406660253655,1.6554234681441522,3.2472129068780218,-1.0,-2.0706850044838867,1.4677930343624679,-0.034720076257165534,-1.4330713038021077,0.4998870361579758,1.5707948745756304
2583,0.004210106873031906,0.0042101065494776335,1.6504675741198014e-06,4.402841677593514,1.9333047862141413,1.6554235058345967,3.2475324845774365,-1.0,-2.0711411800173725,1.4677902210003373,-0.03471427818078184,-1.4330744458591096,0.5003433670650176,1.5707950130086392
2584,0.003815374819477947,0.0038153745267144102,1.4944312082984552e-06,4.402841872072018,1.9329100542382194,1.6554235399535273,3.247822147702182,-1.0,-2.071554423364294,1.4677876701202954,-0.03470902099267563,-1.4330772942694712,0.5007567508727837,1.570795137977951
2585,0.0034578609080400855,0.003457860643082061,1.353465178950603e-06,4.402842040420308,1.9325525403936867,1.655423570844938,3.2480847080477764,-1.0,-2.0719288113035184,1.4677853572055022,-0.034704254183898275,-1.4330798765512405,0.5011312658283548,1.570795250841165
2586,0.003134018773688159,0.003134018533850288,1.2258865714791071e-06,4.40284218656514,1.93222869831726,1.6554235988185864,3.2483227110766695,-1.0,-2.0722680270356375,1.4677832600336727,-0.03469993197023278,-1.4330822176305302,0.5014705964494169,1.5707953528103515
2587,0.002840646576164562,0.002840646359027937,1.110311508786566e-06,4.402842313784313,1.9319353261700976,1.655423624153639,3.248538461502186,-1.0,-2.0725753993223184,1.4677813584615909,-0.03469601284902015,-1.4330843400879647,0.5017780726803227,1.5707954449691854
2588,0.0025748523621015843,0.0025748521654879544,1.0060215252410745e-06,4.40284242482213,1.9316695319999897,1.6554236471018624,3.2487340463531478,-1.0,-2.0728539375330524,1.4677796342299763,-0.0346924591977084,-1.433086264381293,0.5020567049535037,1.5707955282877948
2589,0.0023340231135886617,0.0023340229355330233,9.112885505808105e-07,4.402842521983115,1.9314287027899755,1.6554236678904541,3.248911355777732,-1.0,-2.0731063630617013,1.467778070786757,-0.03468923691018532,-1.4330880090465392,0.5023092156189184,1.570795603635677
2590,0.0021157970559826295,0.002115796894713115,8.256372915026821e-07,4.402842607208246,1.9312104767661986,1.6554236867245469,3.2490721018168656,-1.0,-2.073335137517283,1.4677766531270051,-0.03468631506732549,-1.4330895908798202,0.5025380671462135,1.5707956717929683
2591,0.0019180388530465845,0.001918038706964023,7.480323551900044e-07,4.402842682137163,1.931012718593076,1.6554237037894375,3.249217835352565,-1.0,-2.0735424880436266,1.4677753676479492,-0.03468366563851821,-1.433091025101733,0.5027454874544356,1.5707957334603069
2592,0.0017388173646245427,0.0017388172322852509,6.779618958281007e-07,4.402842748159046,1.9308334971309993,1.6554237192525685,3.249349961414631,-1.0,-2.073730430079626,1.4677742020176348,-0.0346812632112493,-1.4330923255060246,0.5029334926811877,1.5707957892674898
2593,0.0015763856825731436,0.001576385562673047,6.143906154658981e-07,4.402842806454334,1.930671065472285,1.6554237332653081,3.249469753009693,-1.0,-2.0739007878347095,1.4677731450559355,-0.03467908474608647,-1.4330935045940776,0.5031039076660037,1.5707958397810906
2594,0.0014291631954396586,0.0014291630867998798,5.567533282121911e-07,4.402842858029028,1.930523843005869,1.6554237459645307,3.2495783636193667,-1.0,-2.0740552127220027,1.4677721866267515,-0.03467710935466994,-1.433094573696592,0.5032583843905344,1.570795885511179
2595,0.0012957194624204386,0.0012957193639763279,5.044433736744803e-07,4.402842903742958,1.9303903992912799,1.6554237574740438,3.2496768384990116,-1.0,-2.0741951999636887,1.4677713175403306,-0.03467531809853746,-1.4330955430837071,0.5033984185901642,1.570795926917261
2596,0.0011747597031218579,0.0011747596139099242,4.5686095108854844e-07,4.4028429443331385,1.9302694395484052,1.6554237679058614,3.249766124895016,-1.0,-2.0743221035587087,1.467770529464761,-0.03467369380681873,-1.433096422064675,0.5035253647272894,1.570795964413542
2597,0.0010651117321581758,0.0010651116513080657,4.1456305215488837e-07,4.4028429804331,1.930159791592103,1.6554237773613496,3.2498470812864495,-1.0,-2.074437149781642,1.4677698148457656,-0.03467222091102126,-1.4330972190780973,0.5036404494951806,1.5707959983735975
2598,0.0009657141872858085,0.0009657141140094035,3.7520165181202426e-07,4.402843012588949,1.9300603940603374,1.6554237859322587,3.2499204857461774,-1.0,-2.0745414493629384,1.4677691668340183,-0.03467088529529793,-1.4330979417736283,0.5037447840026702,1.5707960291345278
2599,0.0008756059168548199,0.0008756058504389881,3.404515879987454e-07,4.402843041272728,1.9299702858016392,1.6554237937016483,3.2499870435069185,-1.0,-2.0746360084842883,1.46776857921927,-0.034669674160739315,-1.433098597085962,0.5038393747735114,1.5707960570006567
2600,0.0007939164073449783,0.0007939163471445324,3.0827761986221797e-07,4.40284306689356,1.9298885963026453,1.6554238007447255,3.2500473938091665,-1.0,-2.0747217387084826,1.4677680463706468,-0.03466857590237176,-1.433099191301841,0.503925133679812,1.5707960822468328
2601,0.0007198571448917203,0.0007198570903229207,2.7877519926234735e-07,4.402843089806965,1.929814537049628,1.6554238071295944,3.2501021161002157,-1.0,-2.0747994659503832,1.4677675631825369,-0.0346675799976672,-1.433099730120752,0.5040028869162136,1.5707961051213768
2602,0.0006527138162350461,0.0006527137667693516,2.5288109106536486e-07,4.402843110322685,1.9297473937294467,1.6554238129179364,3.250151735646683,-1.0,-2.0748699385843747,1.4677671250255429,-0.034666676905483446,-1.433100218709909,0.5040733831102242,1.570796125848719
2603,0.0005918392646934301,0.0005918392198518568,2.2891598188485577e-07,4.4028431287112335,1.9296865191855241,1.6554238181656231,3.2501967286167406,-1.0,-2.0749338347737023,1.4677667277020214,-0.034665857974455955,-1.4331006617540651,0.5041373006541432,1.5707961446317602
2604,0.0005366471257451726,0.0005366470850938639,2.0754915888881898e-07,4.402843145209442,1.9296313270534307,1.6554238229232674,3.2502375266827856,-1.0,-2.0749917690982476,1.467766367405783,-0.0346651153599543,-1.433101063500647,0.5041952543351684,1.5707961616539883
2605,0.00048660607473000603,0.00048660603787651106,1.8730469182098736e-07,4.40284316002513,1.9295812860085877,1.6554238272367245,3.250274521190288,-1.0,-2.0750442985494493,1.467766040685557,-0.03466444194880054,-1.433101427800648,0.5042478013324122,1.570796177081379
2606,0.00044123462621946873,0.00044123459280834493,1.7120130796843874e-07,4.4028431733410605,1.9295359145656386,1.6554238311475418,3.2503080669341258,-1.0,-2.075091927954065,1.467765744411873,-0.03466383129102187,-1.4331017581456889,0.504295446642551,1.5707961910641015
2607,0.00040009643085490184,0.00040009640056370803,1.534168443230839e-07,4.4028431853183045,1.9294947763752877,1.6554238346933665,3.250338485579704,-1.0,-2.0751351148822375,1.4677654757470366,-0.034663277537978765,-1.433102057701601,0.5043386479895949,1.570796203738052
2608,0.00036279602098685746,0.0003627959935238279,1.3818768405162858e-07,4.4028431960991,1.9294574759699423,1.6554238379083153,3.250366068762549,-1.0,-2.075174274089762,1.4677652321179093,-0.03466277538627184,-1.4331023293388638,0.5043778202686897,1.570796215226235
2609,0.0003289749614270476,0.0003289749365277479,1.264405455326822e-07,4.402843205809302,1.9294236549144643,1.6554238408233055,3.2503910808968275,-1.0,-2.0752097815394697,1.4677650111912308,-0.034662320026886385,-1.4331025756601918,0.5044133395688836,1.570796225640004
2610,0.0002983083659958232,0.00029830834342008616,1.1348386266624797e-07,4.402843214560458,1.929392988322718,1.655423843466359,3.250413761720312,-1.0,-2.0752419780421834,1.467764810851246,-0.03466190709908473,-1.4331027990255385,0.5044455468153357,1.570796235080183
2611,0.0002705017445136478,0.00027050172404454126,1.0323827311807144e-07,4.402843222451619,1.9293651817045647,1.6554238458628732,3.250434328600693,-1.0,-2.07527117255372,1.4677646291794197,-0.03466153264860241,-1.4331030015747612,0.5044747510674453,1.5707962436380727
2612,0.0002452881484095785,0.00024528812985015854,9.185692672385244e-08,4.40284322957087,1.9293399681114685,1.6554238480358685,3.250452978625726,-1.0,-2.0752976451608234,1.4677644644360457,-0.03466119308974567,-1.4331031852481657,0.5045012325058046,1.5707962513963631
2613,0.0002224255862403611,0.00022242556941218277,8.429369702178808e-08,4.40284323599667,1.929317105552018,1.6554238500062113,3.2504698904976004,-1.0,-2.075321649785701,1.4677643150435717,-0.03466088517102584,-1.4331033518051304,0.5045252451376576,1.5707962584299533
2614,0.0002016946832905667,0.00020169466803193767,7.300048299977716e-08,4.402843241799,1.9292963746515264,1.655423851792817,3.2504852262499435,-1.0,-2.0753434166359526,1.4677641795714802,-0.034660605944000035,-1.4331035028409889,0.5045470192476623,1.5707962648066927
2615,0.0001828965619077716,0.0001828965480726164,6.664001874625058e-08,4.4028432470403605,1.9292775765323673,1.6554238534128327,3.250499132804143,-1.0,-2.0753631544240783,1.4677640567225803,-0.0346603527350186,-1.4331036398023358,0.5045667636181516,1.5707962705880507
2616,0.00016585092154603148,0.00016585090900113054,6.322027276634106e-08,4.402843251776646,1.929260530894017,1.655423854881802,3.2505117433800814,-1.0,-2.07538105237842,1.4677639453205773,-0.03466012311960802,-1.433103764000903,0.5045846675407549,1.570796275829722
2617,0.00015039429950264107,0.00015039428812722448,5.575503985246929e-08,4.402843256057892,1.9292450742737932,1.6554238562138175,3.2505231787749516,-1.0,-2.07539728206528,1.4677638442988032,-0.034659914899242916,-1.4331038766261384,0.504600902639136,1.5707962805821722
2618,0.00013637849520254145,0.00013637848488800755,4.712160915387242e-08,4.402843259928943,1.9292310584711405,1.655423857421655,3.25053354852253,-1.0,-2.075411999040075,1.4677637526899974,-0.03465972608028447,-1.4331039787566118,0.5046156245207014,1.570796284891133
2619,0.00012366914252145349,0.00012366913316875486,4.2146848510894035e-08,4.4028432634300305,1.9292183491199506,1.6554238585168966,3.250542951944114,-1.0,-2.0754253443436594,1.4677636696170404,-0.03465955485488274,-1.433104071370355,0.5046289742734319,1.5707962887980482
2620,0.00011214441613316425,0.000112144407652292,2.9802322387695312e-08,4.402843266597276,1.929206824394912,1.6554238595100434,3.2505514791012753,-1.0,-2.075437445858429,1.4677635942845517,-0.03465939958365996,-1.4331041553542372,0.5046410798224402,1.5707962923404784
2621,0.00010169385922130495,0.0001016938515310865,2.9802322387695312e-08,4.402843269463145,1.9291963738392226,1.6554238604106173,3.2505592116596245,-1.0,-2.075448419537402,1.4677635259712716,-0.03465925878000807,-1.4331042315124658,0.5046520571594687,1.5707962955524668
2622,9.22173210965722e-05,9.221731412321926e-05,2.9802322387695312e-08,4.402843272056835,1.9291868973022048,1.6554238612272494,3.2505662236719166,-1.0,-2.075458370518242,1.4677634640231525,-0.034659131095850525,-1.4331043005742932,0.504662011457285,1.5707962984648698
