iteration,err_norm,position_error,orientation_error,tcp_x,tcp_y,tcp_z,q0_dda_joint_linear_track,q1_dda_joint_carriage,q2_dda_joint_base,q3_dda_joint_shoulder,q4_dda_joint_elbow,q5_dda_joint_wrist1,q6_dda_joint_wrist2,q7_dda_joint_wrist3
0,4.047777971033127,3.0206528251651488,2.0943951023903686,0.47255,3.7499999999986655,2.697,0.0,0.0,0.0,0.0,0.0,0.0,0.0,0.0
1,3.1087881751082267,2.415653286451241,1.6159468535435284,1.7079410269491557,3.9047712501897855,2.681130348856391,1.2006575184834796,0.008829942920571434,-0.21081347649684481,0.11261306183635085,0.10720295580531457,0.10216856384579874,-0.21219315507910275,0.10113413603196506
2,1.3951491778881597,0.7283533193180215,1.1640495596385125,2.945688196735724,2.5561378476454264,1.8731375141471067,1.5429317412883163,-1.0,-1.5339486108181344,0.9331213984892468,0.5202533247447427,-0.8133502358693054,0.7908209742651324,0.07115232119903257
3,0.967784819698014,0.5924066169066563,0.7548631735232016,2.913632539769414,2.456661928811998,1.6851085324575101,1.4887570138798962,-1.0,-1.6032314823592486,1.0699395995049301,0.5784182658346942,-0.8659741989336522,0.5810799195037807,0.28058362501737644
4,0.7176775454563936,0.5198263444209282,0.489986781615469,2.849145854952634,2.405078252124353,1.6076149525776484,1.4337176110811198,-1.0,-1.637786558227179,1.1360037938355991,0.598645259679734,-0.9122286119191324,0.412666626100664,0.4357125535354911
5,0.5852968045546315,0.48916610255821213,0.3188469745861926,2.7907596761671667,2.3909985791270136,1.5856111156798431,1.384200785682151,-1.0,-1.645655847776385,1.163253856456339,0.6019971222392376,-0.9468325827592323,0.28806532760494713,0.553288607187107
6,0.5277866820162789,0.4844370305386117,0.2079900622809915,2.7464011016107905,2.3979356876785727,1.5869239038255594,1.3440157520101974,-1.0,-1.6382129071307545,1.1716346485596483,0.5992201417459351,-0.9702649609250178,0.198545416015089,0.6408406241254262
7,0.5110633635325424,0.49241114327774516,0.13587810857928223,2.7148453631666114,2.412997395313666,1.5964729350533566,1.3138991720369622,-1.0,-1.6249645992592485,1.1714306037313378,0.5950255997879185,-0.9846343689686505,0.13531191991251415,0.7041634819596104
8,0.5121313602665468,0.5042619272475374,0.08882616612742449,2.693001795245476,2.428809355732551,1.607822734580594,1.2925079189861801,-1.0,-1.6115070771731692,1.1677010410617388,0.5911244715241626,-0.9926172662346316,0.09135731176183454,0.7488709521055932
9,0.5188598281624003,0.5155522221927127,0.05809017395842002,2.6780381451888524,2.442230958029808,1.618414844385347,1.2777947448141633,-1.0,-1.6002147033684224,1.1629196173012608,0.587956499108879,-0.9966058494210567,0.06127257882018704,0.7799583714053968
10,0.5260998291333664,0.5247050040818996,0.03801582490310749,2.6678159680165234,2.4525107862019624,1.6273757582267994,1.2678469350195547,-1.0,-1.5916086076585616,1.1582556901568246,0.5855147716609109,-0.9983312918249697,0.0409508745345519,0.801403138179442
11,0.5321372098017662,0.5315451522979013,0.024915528003819274,2.6608314870018774,2.4599405529538476,1.6345596450237794,1.2611752909477492,-1.0,-1.585402735727381,1.154200603558082,0.5836744040641947,-0.9988853500708529,0.027364211888964807,0.8161446404195887
12,0.5366770564300581,0.536423457105298,0.016376026992953673,2.656055152561389,2.465124338520484,1.640122330436611,1.2567153321683533,-1.0,-1.5810773181583762,1.1508965397185256,0.5823013403070738,-0.9988950799053256,0.01834960338003515,0.8262685587901789
13,0.5399132197039969,0.5398031934037918,0.01081771607164442,2.65278712552305,2.4686607656506734,1.6443245363900398,1.2537365957620021,-1.0,-1.5781277074679676,1.1483167752755317,0.5812809964788486,-0.9986956035634368,0.012401800024482268,0.8332262074844414
14,0.5421495264941574,0.5421008566765086,0.00720806182807412,2.650551259419904,2.4710379878794058,1.6474403003389209,1.2517470310679437,-1.0,-1.5761451958451735,1.1463639698661445,0.5805222395264159,-0.998453501890753,0.008493350427506149,0.8380186639031103
15,0.5436652576318982,0.5436430562899773,0.004873451339186655,2.6490225454161678,2.47262019045062,1.64971692024077,1.2504176682556443,-1.0,-1.57482569258036,1.144921526553407,0.5799549101077879,-0.9982434625032187,0.00593257180219264,0.8413335796590545
16,0.5446796878728432,0.5446690487627125,0.003375122277035635,2.647978461402263,2.473666119663407,1.6513608738130214,1.2495290783884445,-1.0,-1.5739533762664288,1.1438783216759474,0.5795260967612762,-0.9980925647452261,0.004258379999660047,0.8436421286866816
17,0.5453528426601448,0.5453473414491815,0.002426856965429794,2.647266355630981,2.4743542746736757,1.6525365094825972,1.2489349104914422,-1.0,-1.5733794117032625,1.143138826011632,0.579196535844058,-0.9980047502405159,0.0031655598728223596,0.8452664969379597
18,0.5457968894775007,0.545793724901937,0.0018399509231984434,2.646781427279751,2.4748055095381094,1.6533704457500253,1.2485374855299147,-1.0,-1.5730030331239861,1.1426256398213743,0.5789374884290408,-0.9979738603146757,0.002453085168627658,0.846426561775859
19,0.5460885539336956,0.5460864847408853,0.0014870597072065667,2.6464517425531247,2.475100648098884,1.6539579459302889,1.2482715570704268,-1.0,-1.5727568459028374,1.142278425309026,0.5787281659173571,-0.9979902955534745,0.001989026845199568,0.8472720880615502
20,0.5462795056249377,0.5462779695905646,0.0012806735526125028,2.6462279732418006,2.475293298966844,1.6543694017338035,1.2480935152906163,-1.0,-1.5725961437860985,1.1420514054192001,0.5785536818305685,-0.9980442081687014,0.0016870246489558093,0.8479048910223788
21,0.546404183153733,0.5464029181016382,0.0011619027664539173,2.6460763403058434,2.475418821067426,1.6546560955990637,1.2479742015411452,-1.0,-1.5724914365479943,1.141910542864307,0.578403467500938,-0.9981268623966716,0.001490650863719134,0.848394061835297
22,0.5464853806328821,0.5464842597556173,0.0010935319222924664,2.6459737514066552,2.475500447227839,1.654854965059434,1.2478941178439826,-1.0,-1.5724233458076269,1.1418309197526768,0.5782700744517727,-0.9982310655260404,0.0013630837471913736,0.8487864045766321
23,0.5465381127858678,0.5465370720684993,0.0010536392846322896,2.645904448706167,2.4755534026487283,1.6549923676580836,1.247840228009346,-1.0,-1.5723791715422069,1.1417945181795566,0.5781482859148642,-0.9983511582856196,0.0012803177375554585,0.8491135744217361
24,0.5465722371241267,0.5465712427249103,0.0010299044316179355,2.645857699378606,2.4755876467770523,1.6550869650822864,1.247803818959385,-1.0,-1.5723506058156458,1.141788439753063,0.5780344676826362,-0.9984828221399508,0.0012267130785172248,0.8493969487610074
25,0.5465942102962233,0.5465932434924505,0.0010155098330518972,2.6458262067043314,2.475609686297103,1.6551518831285859,1.247779069746036,-1.0,-1.5723322208006618,1.141803527505213,0.5779260996979686,-0.9986228335153987,0.001192085275429644,0.8496509441099238
26,0.5466082544750803,0.5466073044750642,0.0010066481873488918,2.645805018904,2.4756237683948195,1.6551963017279303,1.2477620937127638,-1.0,-1.5723204735109364,1.1418333260279756,0.5778214414969658,-0.9987688259164724,0.0011698045814108437,0.8498852701487885
27,0.5466171274495882,0.5466161878172627,0.001001143498051484,2.645790781319183,2.4756326636608614,1.6552266097067359,1.2477502973233408,-1.0,-1.5723130527464684,1.141873311579449,0.5777192952659085,-0.9989190845509915,0.001155556384344744,0.8501064586086178
28,0.5466226290274132,0.5466216958212587,0.0009977170713560148,2.6457812249899155,2.4756381786444854,1.655247234357531,1.2477419510536374,-1.0,-1.5723084515247288,1.1419203303959458,0.5776188392119025,-0.9990723798310744,0.0011465333041550255,0.8503188985003759
29,0.5466259331095064,0.5466250038680665,0.0009955974544230604,2.6457748176413802,2.4756414909134916,1.6552612320869053,1.247735902322015,-1.0,-1.572305687566742,1.1419721936847993,0.5775195110779033,-0.9992278376679626,0.001140908948233482,0.8505255359640405
30,0.5466278050225598,0.5466268781872329,0.0009943089097995208,2.6457705259950606,2.4756433678581473,1.6552707058175622,1.2477313835443484,-1.0,-1.5723041207637851,1.1420273883754801,0.5774209271254639,-0.9993848411771794,0.0011374952700142823,0.8507283466925598
31,0.5466287435601431,0.5466278181345356,0.0009935530980190392,2.645767654214309,2.4756443094726897,1.6552770980937241,1.2477278838723798,-1.0,-1.57230333406447,1.1420848721811152,0.5773228260329332,-0.999542957677774,0.0011355195391084063,0.8509286544006854
32,0.5466290737250414,0.5466281490680145,0.0009931406435732268,2.645765734302597,2.4756446414800264,1.6552813957847519,1.247725063544397,-1.0,-1.5723030557879807,1.1421439293681839,0.5772250301953612,-0.999701885308441,0.0011344792004259693,0.851127345238486
33,0.546629007240624,0.5466280829378013,0.0009929503146397275,2.645764451878121,2.4756445760467516,1.6552842723743408,1.2477226967313317,-1.0,-1.5723031089751507,1.1422040698329299,0.5771274191183279,-0.9998614144629254,0.0011340474371039435,0.851325011978185
34,0.546628682012484,0.5466277577952224,0.000992904058208672,2.645763595989093,2.4756442513569956,1.6552861864562785,1.2477206334250406,-1.0,-1.5723033783764677,1.1422649588315494,0.577029911180992,-1.0000214002052366,0.0011340117325487394,0.8515220508690033
35,0.5466281878531402,0.5466272635468814,0.0009929514273776965,2.645763025235546,2.4756437574011385,1.6552874496660688,1.2477187740424267,-1.0,-1.5723037889400597,1.1423263682657434,0.5769324511691912,-1.0001817426993982,0.0011342339051373742,0.8517187266306332
36,0.5466275832470515,0.5466266587381573,0.000993059736701338,2.6457626449321454,2.4756431527785625,1.655288273380264,1.2477170525145866,-1.0,-1.5723042917958843,1.1423881430405423,0.576835001773531,-1.000342373420398,0.0011346241132908577,0.851915216024315
37,0.5466269062741629,0.5466259814885174,0.0009932077738023758,2.645762391734488,2.475642475644097,1.655288800726116,1.2477154250337001,-1.0,-1.5723048551251846,1.1424501779098777,0.5767375378040988,-1.0005032454953824,0.0011351239487969924,0.8521116370359575
38,0.5466261817261167,0.5466252566152745,0.0009933817588675463,2.6457622233027616,2.4756417508384656,1.6552891284646618,1.2477138625697062,-1.0,-1.5723054582131122,1.1425124015887544,0.5766400422615982,-1.000664326972147,0.0011356954418075128,0.8523080684057015
39,0.5466254257415052,0.5466245002737103,0.0009935727334783886,2.645762111360464,2.4756409945325606,1.6552893219152653,1.247712345897056,-1.0,-1.5723060875751595,1.1425747658812755,0.5765425036740662,-1.0008255961484216,0.0011363139109029914,0.8525045626866583
40,0.5466246488247614,0.546623722979109,0.0009937748718297586,2.645762037038192,2.475640217252125,1.6552894251122925,1.247710862291616,-1.0,-1.5723067344345072,1.1426372382593508,0.5764449142945266,-1.000987038343629,0.0011369633138739311,0.8527011549701323
41,0.5466238578121186,0.546622931574765,0.000993984385151413,2.645761987753522,2.4756394258474765,1.6552894677033898,1.2477094033381326,-1.0,-1.572307393079287,1.1426997968082262,0.5763472688831593,-1.0011486436753054,0.0011376332247777007,0.8528978687111539
42,0.5466230571517713,0.5466221305134652,0.0009941988080206783,2.645761955122277,2.4756386247761264,1.6552894696261933,1.2477079634756856,-1.0,-1.57230805979293,1.1427624267910441,0.5762495638856031,-1.0013104055322308,0.0011383168685300256,0.8530947196153
43,0.5466222497373858,0.5466213226918654,0.0009944165376035072,2.6457619335615274,2.4756378169379096,1.6552894442735981,1.247706539033248,-1.0,-1.572308732157723,1.1428251183182143,0.5761517968792766,-1.001472319528865,0.0011390098431467318,0.853291718230292
44,0.5466214374507706,0.5466205099937167,0.0009946365300817523,2.6457619193560586,2.475637004218717,1.6552894006327592,1.2477051275905489,-1.0,-1.5723094086013927,1.1428878647690217,0.5760539662007599,-1.001634382791156,0.0011397092890938344,0.8534888716729019
45,0.5466206215151413,0.5466196936434994,0.000994858107458689,2.6457619100350653,2.4756361878444673,1.6552893447284815,1.2477037275547214,-1.0,-1.5723100881019358,1.1429506617243848,0.5759560706953174,-1.001796593469805,0.0011404133493281145,0.8536861847789846
46,0.54661980272509,0.5466188744366279,0.0009950808293084524,2.6457619039563034,2.4756353686115427,1.6552892805959243,1.2477023378800216,-1.0,-1.5723107699954773,1.1430135062462945,0.5758581095487095,-1.0019589504092339,0.0011411208183211947,0.8538836608689061
47,0.5466189815962677,0.5466180528892877,0.0009953044079662212,2.6457619000288504,2.475634547036779,1.6552892109352886,1.2477009578823481,-1.0,-1.5723114538512046,1.1430763963919859,0.5757600821743731,-1.0021214529228726,0.0011418309139376215,0.8540813022567106
48,0.546618158462806,0.5466172293359568,0.0009955286581760146,2.645761897528405,2.4756337234550894,1.6552891375519514,1.2476995871165542,-1.0,-1.57231213938997,1.1431393308867932,0.5756619881378151,-1.002284100640887,0.0011425431291717408,0.8542791105886467
49,0.5466173335407242,0.5466164039928801,0.0009957534588456792,2.6457618959743323,2.475632898083012,1.6552890616520348,1.2476982252953313,-1.0,-1.5723128264313133,1.1432023089041214,0.5755638271059911,-1.0024468934071575,0.0011432571357943477,0.8544770870681273
50,0.5466165069691858,0.546615576999366,0.0009959787317960274,2.6457618950478414,2.4756320710600512,1.6552889840406928,1.2476968722355937,-1.0,-1.572313514858989,1.143265329917626,0.5754655988134413,-1.002609831209688,0.0011439727217377037,0.8546752326051512
51,0.5466156788373501,0.5466147484446687,0.0009962044256647121,2.645761894537591,2.4756312424755924,1.6552889052550053,1.2476955278230617,-1.0,-1.5723142045985325,1.1433283936020082,0.5753673030396538,-1.0027729141336565,0.0011446897504074315,0.854873547915505
52,0.5466148492018409,0.5466139183854724,0.0009964305087452675,2.6457618943035364,2.4756304123864075,1.6552888256529665,1.2476941919888709,-1.0,-1.5723148956026636,1.1433914997665016,0.5752689395939447,-1.0029361423297865,0.0011454081342453341,0.8550720335865957
53,0.5466140180981135,0.5466130868572706,0.0009966569598306185,2.6457618942529186,2.475629580828049,1.6552887454730176,1.2476928646941292,-1.0,-1.5723155878417903,1.1434546483103203,0.5751705083053671,-1.0030995159930636,0.0011461278175521083,0.8552706901211201
54,0.5466131855478467,0.546612253881767,0.0009968837657511312,2.6457618943243237,2.4756287478222587,1.65528866487385,1.2476915459197278,-1.0,-1.5723162812978297,1.143517839192842,0.5750720090159791,-1.0032630353484306,0.0011468487653277508,0.8554695179660217
55,0.5466123515637575,0.5466114194716937,0.0009971109173571501,2.6457618944771077,2.475627913381796,1.6552885839609854,1.2476902356596185,-1.0,-1.5723169759601894,1.1435810724136701,0.5749734415763571,-1.0034267006411828,0.0011475709560215673,0.8556685175316837
56,0.5466115161527244,0.5466105836339382,0.0009973384101823704,2.6457618946843855,2.4756270775135656,1.6552885028045259,1.2476889339163815,-1.0,-1.5723176718231533,1.1436443479993115,0.5748748058426056,-1.0035905121305269,0.001148294376822761,0.8558676892046476
57,0.5466106793178286,0.5466097463715869,0.0009975662410997266,2.6457618949283788,2.475626240220665,1.6552884214509862,1.2476876406983008,-1.0,-1.57231836888418,1.1437076659942824,0.5747761016743674,-1.0037544700852654,0.001149019020601099,0.8560670333560367
58,0.5466098410596725,0.5466089076852457,0.000997794408764947,2.645761895197333,2.4756254015037076,1.655288339931187,1.2476863560174394,-1.0,-1.572319067142798,1.1437710264551741,0.574677328933498,-1.0039185747809083,0.0011497448839204248,0.8562665503471361
59,0.5466090013772451,0.5466080675739035,0.0009980229116121632,2.645761895483487,2.4756245613616876,1.6552882582655102,1.2476850798883712,-1.0,-1.572319766599886,1.1438344294466967,0.5745784874831839,-1.004082826497741,0.001150471965747684,0.8564662405330854
60,0.546608160268476,0.5466072260354905,0.00099825174985607,2.6457618957817104,2.4756237197925386,1.6552881764673975,1.2476838123273428,-1.0,-1.5723204672572058,1.1438978750390425,0.5744795771873562,-1.0042472255195358,0.0011512002666151315,0.8566661042653251
61,0.5466073177306054,0.546606383067246,0.0009984809237108267,2.645761896088621,2.4756228767935022,1.6552880945456803,1.247682553351726,-1.0,-1.5723211691170966,1.1439613633061323,0.5743805979103007,-1.0044117721326904,0.0011519297880760884,0.8568661418932145
62,0.5466064737604158,0.546605538665952,0.0009987104336123907,2.645761896401984,2.475622032361361,1.655288012506129,1.2476813029796534,-1.0,-1.5723218721822796,1.1440248943244464,0.5742815495163975,-1.0045764666256554,0.001152660532351609,0.857066353765105
63,0.5466056283543904,0.546604692828089,0.000998940279995978,2.6457618967203285,2.4756211864925977,1.655287930352479,1.247680061229782,-1.0,-1.5723225764557271,1.144088468172249,0.5741824318699488,-1.0047413092885538,0.0011533925021008492,0.8572667402290485
64,0.5466047815088096,0.546603845549936,0.0009991704635182953,2.6457618970426857,2.4756203391834903,1.655287848087118,1.2476788281211355,-1.0,-1.5723232819405812,1.144152084929072,0.574083244835063,-1.004906300412927,0.001154125700272592,0.8574673016332697
65,0.5466039332198155,0.5466029968276339,0.0009994009848351025,2.6457618973684167,2.475619490430181,1.6552877657115386,1.2476776036730013,-1.0,-1.5723239886400981,1.144215744675373,0.5739839882755783,-1.0050714402915697,0.0011548601300081025,0.8576680383264776
66,0.5466030834834568,0.5466021466572287,0.000999631844823339,2.645761897697103,2.475618640228716,1.655287683226639,1.2476763879048631,-1.0,-1.5723246965576134,1.1442794474923075,0.5738846620550103,-1.005236729218418,0.001155595794578625,0.8578689506580746
67,0.5466022322957145,0.5466012950347002,0.0009998630445808665,2.6457618980284714,2.4756177885750743,1.655287600632925,1.2476751808363573,-1.0,-1.5723254056965188,1.1443431934615795,0.5737852660365176,-1.0054021674884785,0.0011563326973446021,0.8580700389782941
68,0.5466013796525216,0.5466004419559788,0.0010000945847601376,2.645761898362342,2.4756169354651876,1.655287517930639,1.247673982487243,-1.0,-1.5723261160602473,1.1444069826653418,0.5736858000828781,-1.0055677553977826,0.001157070841729387,0.8582713036382952
69,0.5466005255497716,0.5465995874169554,0.001000326466012655,2.645761898698599,2.4756160808949454,1.6552874351198532,1.2476727928773828,-1.0,-1.5723268276522648,1.1444708151861294,0.5735862640564725,-1.0057334932433555,0.001157810231202049,0.8584727449902249
70,0.5465996699833262,0.5465987314134911,0.00100055868965473,2.6457618990371685,2.475615224860209,1.6552873522005225,1.247671612026732,-1.0,-1.572327540476062,1.1445346911068177,0.5734866578192732,-1.0058993813231987,0.0011585508692663774,0.8586743633872619
71,0.5465988129490241,0.5465978739414212,0.0010007912556698876,2.645761899378001,2.4756143673568145,1.6552872691725256,1.247670439955328,-1.0,-1.5723282545351516,1.1445986105105939,0.5733869812328358,-1.006065419936279,0.0011592927594536331,0.8588761591836466
72,0.54659795444268,0.546597014996559,0.001001024166037674,2.6457618997210703,2.475613508380574,1.6552871860356926,1.2476692766832882,-1.0,-1.5723289698330654,1.144662573480938,0.5732872341582933,-1.0062316093825232,0.0011600359053181206,0.8590781327347029
73,0.5465970944600882,0.5465961545746966,0.0010012574211830786,2.6457619000663564,2.47561264792728,1.6552871027898162,1.2476681222308037,-1.0,-1.572329686373352,1.144726580101612,0.5731874164563515,-1.006397949962815,0.001160780310433864,0.8592802843968536
74,0.5465962329970235,0.5465952926716058,0.001001491021752054,2.64576190041385,2.4756117859927045,1.6552870194346687,1.2476669766181405,-1.0,-1.5723304041595774,1.1447906304566522,0.573087527987285,-1.0065644419789952,0.0011615259783928403,0.859482614527633
75,0.5465953700492423,0.5465944292830415,0.0010017249692762416,2.645761900763548,2.4756109225726015,1.6552869359700064,1.2476658398656353,-1.0,-1.5723311231953225,1.1448547246303642,0.5729875686109345,-1.0067310857338623,0.0011622729128041428,0.8596851234856963
76,0.5465945056124829,0.5465935644047402,0.0010019592637342202,2.645761901115448,2.4756100576627076,1.655286852395575,1.2476647119936959,-1.0,-1.572331843484184,1.1449188627073206,0.5728875381867041,-1.0068978815311753,0.0011630211172926222,0.8598878116308278
77,0.5465936396824645,0.5465926980324182,0.0010021939070982554,2.6457619014695526,2.475609191258739,1.6552867687111121,1.247663593022802,-1.0,-1.5723325650297733,1.1449830447723597,0.5727874365735587,-1.0070648296756568,0.001163770595498944,0.8600906793239478
78,0.5465927722548912,0.5465918301617777,0.001002428899123337,2.6457619018258627,2.475608323356398,1.6552866849163521,1.2476624829735024,-1.0,-1.5723332878357166,1.1450472709105848,0.5726872636300219,-1.0072319304729953,0.0011645213510788892,0.8602937269271188
79,0.5465919033254469,0.5465909607885007,0.0010026642422217762,2.6457619021843835,2.4756074539513664,1.6552866010110245,1.247661381866418,-1.0,-1.5723340119056557,1.1451115412073645,0.5725870192141738,-1.0073991842298498,0.0011652733877035686,0.8604969548035516
80,0.5465910328897994,0.5465900899082526,0.001002899935925019,2.6457619025451184,2.475606583039309,1.6552865169948552,1.2476602897222395,-1.0,-1.5723347372432466,1.145175855748333,0.5724867031836489,-1.0075665912538532,0.001166026709059092,0.8607003633176105
81,0.5465901609435988,0.5465892175166811,0.0010031359815353877,2.645761902908072,2.4756057106158735,1.6552864328675685,1.24765920656173,-1.0,-1.5723354638521607,1.1452402146193907,0.5723863153956344,-1.0077341518536163,0.0011667813188466069,0.860903952834819
82,0.5465892874824765,0.5465883436094153,0.0010033723803536104,2.6457619032732507,2.475604836676689,1.655286348628888,1.247658132405723,-1.0,-1.572336191736084,1.1453046179067048,0.5722858557068677,-1.0079018663387318,0.001167537220782474,0.8611077237218655
83,0.546588412502047,0.5465874681820679,0.0010036091330150785,2.6457619036406577,2.475603961217368,1.655286264278534,1.2476570672751233,-1.0,-1.5723369208987181,1.1453690656967106,0.5721853239736349,-1.008069735019779,0.0011682944185980532,0.8613116763466077
84,0.5465875359979061,0.5465865912302325,0.0010038462408177922,2.645761904010299,2.475603084233504,1.6552861798162275,1.2476560111909083,-1.0,-1.5723376513437786,1.1454335580761121,0.5720847200517681,-1.0082377582083268,0.0011690529160399944,0.8615158110780781
85,0.5465866579656339,0.5465857127494861,0.0010040837037313005,2.645761904382181,2.4756022057206737,1.6552860952416855,1.2476549641741277,-1.0,-1.572338383074997,1.1454980951318843,0.5719840437966447,-1.0084059362169397,0.0011698127168700634,0.8617201282864895
86,0.5465857784007896,0.5465848327353869,0.001004321523935696,2.645761904756309,2.475601325674435,1.6552860105546265,1.2476539262459028,-1.0,-1.57233911609612,1.1455626769512721,0.571883295063184,-1.0085742693591804,0.001170573824865414,0.8619246283432399
87,0.5465848972989162,0.5465839511834746,0.00100455970139826,2.6457619051326877,2.475600444090328,1.6552859257547659,1.2476528974274284,-1.0,-1.5723398504109094,1.1456273036217934,0.5717824737058461,-1.0087427579496153,0.0011713362438186266,0.8621293116209179
88,0.5465840146555379,0.5465830680892715,0.0010047982378537973,2.6457619055113235,2.475599560963875,1.655285840841819,1.247651877739972,-1.0,-1.5723405860231425,1.1456919752312393,0.5716815795786296,-1.0089114023038186,0.0011720999775376491,0.8623341784933076
89,0.5465831304661607,0.5465821834482815,0.0010050371334885612,2.6457619058922224,2.4755986762905784,1.6552857558154996,1.2476508672048754,-1.0,-1.5723413229366119,1.1457566918676756,0.5715806125350698,-1.009080202738376,0.0011728650298458761,0.8625392293353944
90,0.5465822447262729,0.5465812972559898,0.0010052763898135168,2.6457619062753888,2.4755977900659243,1.6552856706755208,1.2476498658435529,-1.0,-1.5723420611551255,1.1458214536194435,0.5714795724282361,-1.0092491595708903,0.001173631404582595,0.8627444645233696
91,0.5465813574313432,0.5465804095078635,0.001005516007233672,2.6457619066608293,2.4755969022853797,1.6552855854215933,1.247648873677494,-1.0,-1.5723428006825075,1.1458862605751616,0.5713784591107309,-1.0094182731199852,0.0011743991056025968,0.8629498844346362
92,0.5465804685768217,0.5465795201993509,0.001005755987698677,2.6457619070485485,2.4755960129443926,1.6552855000534301,1.2476478907282624,-1.0,-1.5723435415225973,1.1459511128237256,0.5712772724346866,-1.0095875437053092,0.0011751681367764691,0.8631554894478142
93,0.5465795781581413,0.5465786293258812,0.0010059963311694403,2.645761907438555,2.475595122038391,1.6552854145707383,1.2476469170174973,-1.0,-1.5723442836792498,1.146016010454312,0.5711760122517643,-1.0097569716475414,0.001175938501990653,0.8633612799427457
94,0.5465786861707145,0.5465777368828658,0.0010062370389305243,2.645761907830852,2.475594229562788,1.6552853289732283,1.2476459525669115,-1.0,-1.5723450271563366,1.1460809535563763,0.5710746784131513,-1.009926557268395,0.0011767102051476765,0.8635672563005007
95,0.546577792609937,0.5465768428656973,0.0010064781122648676,2.6457619082254475,2.4755933355129747,1.6552852432606064,1.2476449973982944,-1.0,-1.572345771957744,1.146145942219657,0.5709732707695592,-1.0100963008906227,0.001177483250165864,0.8637734189033817
96,0.5465768974711821,0.5465759472697473,0.001006719551792096,2.6457619086223447,2.475592439884323,1.6552851574325795,1.2476440515335108,-1.0,-1.572346518087376,1.1462109765341744,0.5708717891712218,-1.0102662028380203,0.0011782576409798402,0.8639797681349302
97,0.5465760007498089,0.5465750500903716,0.0010069613585718604,2.6457619090215503,2.475591542672188,1.6552850714888523,1.247643114994502,-1.0,-1.5723472655491508,1.146276056590234,0.5707702334678931,-1.0104362634354318,0.001179033381540356,0.8641863043799314
98,0.5465751024411529,0.5465741513229041,0.0010072035336623928,2.6457619094230713,2.4755906438719046,1.6552849854291294,1.2476421878032866,-1.0,-1.5723480143470043,1.1463411824784258,0.5706686035088447,-1.0106064830087547,0.0011798104758143659,0.86439302802442
99,0.5465742025405318,0.5465732509626601,0.0010074460781205055,2.6457619098269136,2.4755897434787864,1.6552848992531135,1.2476412699819588,-1.0,-1.5723487644848881,1.146406354289627,0.5705668991428645,-1.010776861884943,0.0011805889277853583,0.8645999394556859
100,0.5465733010432453,0.5465723490049367,0.0010076889925608866,2.6457619102330816,2.4755888414881317,1.6552848129605076,1.2476403615526905,-1.0,-1.57234951596677,1.1464715721150023,0.5704651202182539,-1.0109474003920138,0.0011813687414531423,0.8648070390622794
101,0.5465723979445718,0.54657144544501,0.001007932278478413,2.6457619106415824,2.4755879378952157,1.6552847265510104,1.2476394625377318,-1.0,-1.5723502687966344,1.1465368360460062,0.570363266582826,-1.0111180988590507,0.0011821499208341576,0.8650143272340168
102,0.5465714932397719,0.5465705402781378,0.0010081759364851347,2.645761911052421,2.4755870326952962,1.655284640024323,1.2476385729594102,-1.0,-1.5723510229784823,1.1466021461743827,0.5702613380839032,-1.011288957616209,0.0011829324699614949,0.8652218043619866
103,0.5465705869240854,0.5465696334995578,0.0010084199678526689,2.645761911465605,2.475586125883611,1.655284553380144,1.247637692840132,-1.0,-1.5723517785163312,1.1466675025921682,0.5701593345683154,-1.0114599769947203,0.0011837163928848757,0.8654294708385546
104,0.5465696789927316,0.5465687251044867,0.0010086643734107154,2.6457619118811397,2.475585217455376,1.6552844666181705,1.2476368222023821,-1.0,-1.5723525354142158,1.1467329053916917,0.5700572558823972,-1.0116311573268977,0.001184501693670789,0.8656373270573695
105,0.5465687694409115,0.5465678150881234,0.0010089091542078374,2.64576191229903,2.47558430740579,1.655284379738098,1.247635961068724,-1.0,-1.5723532936761868,1.1467983546655767,0.5699551018719866,-1.01180249894614,0.0011852883764028597,0.8658453734133693
106,0.5465678582638055,0.5465669034456455,0.0010091543112911632,2.6457619127192844,2.4755833957300313,1.6552842927396227,1.2476351094618017,-1.0,-1.5723540533063123,1.1468638505067417,0.5698528723824219,-1.011974002186937,0.0011860764451814413,0.8660536103027866
107,0.5465669454565731,0.5465659901722107,0.0010093998457063836,2.645761913141907,2.4755824824232566,1.6552842056224377,1.2476342674043377,-1.0,-1.5723548143086772,1.1469293930084024,0.5697505672585401,-1.0121456673848743,0.00118686590412414,0.866262038123154
108,0.5465660310143561,0.5465650752629571,0.0010096457584977505,2.645761913566904,2.475581567480604,1.6552841183862368,1.2476334349191358,-1.0,-1.5723555766873836,1.1469949822640726,0.5696481863446744,-1.012317494876638,0.0011876567573656984,0.8664706572733111
109,0.5465651149322723,0.5465641587130011,0.0010098920504882035,2.645761913994282,2.4755806508971903,1.6552840310307104,1.24763261202908,-1.0,-1.5723563404465508,1.1470606183675656,0.569545729484652,-1.0124894850000201,0.0011884490090580731,0.8666794681534088
110,0.5465641972054222,0.5465632405174399,0.0010101387227192701,2.6457619144240483,2.4755797326681113,1.6552839435555495,1.2476317987571357,-1.0,-1.5723571055903154,1.1471263014129953,0.5694431965217918,-1.0126616380939226,0.0011892426633705708,0.8668884711649167
111,0.546563277828884,0.54656232067135,0.0010103857768903185,2.645761914856206,2.475578812788444,1.655283855960444,1.2476309951263487,-1.0,-1.572357872122831,1.1471920314947777,0.5693405872989022,-1.0128339544983636,0.0011900377244901197,0.867097666710628
112,0.5465623567977159,0.546561399169787,0.001010633212940956,2.6457619152907643,2.4755778912532445,1.655283768245081,1.247630201159848,-1.0,-1.5723586400482692,1.1472578087076322,0.569237901658279,-1.0130064345544811,0.0011908341966209597,0.867307055194666
113,0.5465614341069558,0.5465604760077858,0.0010108810327873073,2.6457619157277295,2.4755769680575463,1.6552836804091482,1.2476294168808433,-1.0,-1.5723594093708184,1.147323633146583,0.5691351394417027,-1.0131790786045394,0.0011916320839850693,0.8675166370224895
114,0.5465605097516203,0.5465595511803604,0.0010111292368059786,2.6457619161671055,2.475576043196364,1.6552835924523306,1.2476286423126273,-1.0,-1.5723601800946854,1.1473895049069607,0.5690323004904366,-1.0133518869919327,0.0011924313908222817,0.8677264126008996
115,0.5465595837267045,0.5465586246825036,0.0010113778266900488,2.6457619166089,2.4755751166646904,1.6552835043743133,1.2476278774785756,-1.0,-1.5723609522240942,1.1474554240844028,0.5689293846452242,-1.0135248600611915,0.0011932321213900528,0.8679363823380452
116,0.5465586560271833,0.5465576965091881,0.001011626803252522,2.6457619170531195,2.4755741884574975,1.6552834161747791,1.2476271224021473,-1.0,-1.572361725763287,1.147521390774856,0.5688263917462871,-1.013697998157987,0.0011940342799639648,0.8681465466434292
117,0.5465577266480097,0.5465567666553639,0.0010118761675245978,2.6457619174997684,2.475573258569735,1.6552833278534107,1.247626377106885,-1.0,-1.5723625007165234,1.1475874050745771,0.5687233216333224,-1.0138713016291365,0.0011948378708374365,0.8683569059279149
118,0.5465567955841166,0.5465558351159611,0.0010121259207553994,2.6457619179488563,2.4755723269963332,1.6552832394098882,1.247625641616416,-1.0,-1.5723632770880815,1.1476534670801348,0.5686201741455004,-1.0140447708226086,0.001195642898322227,0.868567460603732
119,0.5465558628304132,0.5465549018858866,0.0010123760635343793,2.6457619184003875,2.475571393732199,1.6552831508438914,1.2476249159544506,-1.0,-1.5723640548822577,1.14771957688841,0.5685169491214624,-1.014218406087528,0.0011964493667480478,0.8687782110844827
120,0.5465549283817897,0.5465539669600279,0.001012626597327062,2.645761918854369,2.4755704587722187,1.6552830621550993,1.2476242001447853,-1.0,-1.572364834103366,1.1477857345965987,0.5684136463993184,-1.014392207774181,0.0011972572804632234,0.868989157785148
121,0.5465539922331131,0.5465530303332498,0.0010128775227201841,2.6457619193108064,2.4755695221112584,1.655282973343189,1.2476234942113018,-1.0,-1.572365614755739,1.1478519403022125,0.5683102658166441,-1.0145661762340215,0.0011980666438343608,0.8692003011220937
122,0.5465530543792285,0.5465520920003948,0.0010131288416144507,2.645761919769707,2.4755685837441592,1.655282884407836,1.247622798177967,-1.0,-1.5723663968437278,1.14791819410308,0.5682068072104792,-1.0147403118196754,0.001198877461246486,0.8694116415130774
123,0.5465521148149605,0.5465511519562839,0.0010133805543744347,2.645761920231077,2.475567643665743,1.6552827953487146,1.247622112068834,-1.0,-1.572367180371702,1.1479844960973487,0.5681032704173248,-1.0149146148849462,0.001199689737103451,0.8696231793772543
124,0.5465511735351097,0.5465502101957159,0.0010136326626782382,2.6457619206949228,2.475566701870807,1.655282706165499,1.2476214359080429,-1.0,-1.57236796534405,1.1480508463834855,0.5679996552731404,-1.01508908578482,0.0012005034758276435,0.8698349151351837
125,0.5465502305344567,0.5465492667134686,0.0010138851671068134,2.645761921161251,2.4755657583541297,1.6552826168578614,1.2476207697198198,-1.0,-1.5723687517651783,1.1481172450602795,0.5678959616133423,-1.0152637248754721,0.0012013186818604327,0.8700468492088355
126,0.5465492858077576,0.5465483215042954,0.0010141380688969176,2.6457619216300685,2.4755648131104646,1.6552825274254725,1.2476201135284792,-1.0,-1.572369539639513,1.1481836922268422,0.5677921892728006,-1.0154385325142707,0.0012021353596621122,0.8702589820215964
127,0.5465483393497481,0.5465473745629291,0.0010143913692836092,2.6457619221013804,2.475563866134544,1.6552824378680018,1.2476194673584224,-1.0,-1.5723703289714985,1.1482501879826101,0.5676883380858367,-1.0156135090597842,0.0012029535137118598,0.8704713139982766
128,0.5465473911551405,0.5465464258840796,0.0010146450695002443,2.645761922575196,2.475562917421077,1.6552823481851175,1.2476188312341403,-1.0,-1.5723711197655985,1.1483167324273449,0.5675844078862211,-1.0157886548717852,0.0012037731485080884,0.8706838455651167
129,0.5465464412186235,0.5465454754624334,0.0010148991701221192,2.645761923051521,2.475561966964751,1.655282258376487,1.2476182051802107,-1.0,-1.572371912026296,1.1483833256611358,0.5674803985071707,-1.0159639703112566,0.001204594268568562,0.8708965771497935
130,0.5465454895348659,0.5465445232926552,0.0010151536728171314,2.6457619235303595,2.4755610147602294,1.6552821684417758,1.247617589221301,-1.0,-1.572372705758093,1.1484499677844007,0.5673763097813462,-1.0161394557403975,0.0012054168784302402,0.8711095091814272
131,0.5465445360985107,0.5465435693693863,0.0010154085785950041,2.6457619240117207,2.475560060802154,1.6552820783806486,1.2476169833821689,-1.0,-1.5723735009655107,1.148516658897888,0.5672721415408498,-1.0163151115226283,0.0012062409826495892,0.8713226420905875
132,0.5465435809041789,0.5465426136872448,0.001015663888026728,2.64576192449561,2.475559105085143,1.6552819881927678,1.247616387687661,-1.0,-1.5723742976530901,1.1485833991026775,0.5671678936172225,-1.0164909380225964,0.001207066585802621,0.8715359763093011
133,0.5465426239464686,0.546541656240826,0.0010159196034307601,2.645761924982036,2.4755581476037904,1.6552818978777966,1.2476158021627148,-1.0,-1.572375095825392,1.1486501885001825,0.5670635658414414,-1.0166669356061822,0.0012078936924850483,0.8717495122710578
134,0.5465416652199542,0.5465406970247015,0.0010161757245006177,2.6457619254710036,2.475557188352669,1.655281807435394,1.2476152268323584,-1.0,-1.572375895486996,1.1487170271921514,0.5669591580439173,-1.0168431046405042,0.0012087223073123624,0.8719632504108171
135,0.5465407047191877,0.5465397360334205,0.001016432253332646,2.6457619259625202,2.4755562273263267,1.65528171686522,1.247614661721711,-1.0,-1.5723766966425023,1.1487839152806683,0.5668546700544922,-1.0170194454939254,0.0012095524349199885,0.8721771911650157
136,0.5465397424386963,0.5465387732615076,0.0010166891907101864,2.6457619264565935,2.475555264519288,1.655281626166933,1.2476141068559838,-1.0,-1.5723774992965305,1.148850852868155,0.5667501017024364,-1.0171959585360584,0.0012103840799633251,0.8723913349715738
137,0.546538778372984,0.5465378087034638,0.0010169465378519864,2.645761926953229,2.4755542999260545,1.655281535340188,1.2476135622604796,-1.0,-1.5723783034537206,1.1489178400573734,0.5666454528164462,-1.0173726441377717,0.00121121724711786,0.8726056822699022
138,0.5465378125165323,0.5465368423537675,0.0010172042961933546,2.6457619274524333,2.4755533335411037,1.6552814443846413,1.247613027960594,-1.0,-1.5723791091187325,1.1489848769514257,0.5665407232246407,-1.0175495026711956,0.0012120519410793256,0.8728202335009092
139,0.5465368448637958,0.5465358742068714,0.0010174624662947131,2.645761927954215,2.4755523653588885,1.6552813532999462,1.2476125039818156,-1.0,-1.572379916296246,1.149051963653757,0.5664359127545597,-1.0177265345097273,0.001212888166563661,0.8730349891070074
140,0.5465358754092086,0.5465349042572054,0.0010177210500244857,2.6457619284585787,2.475551395373838,1.6552812620857558,1.2476119903497267,-1.0,-1.5723807249909618,1.149119100268156,0.566331021233161,-1.0179037400280375,0.0012137259283075158,0.8732499495321209
141,0.5465349041471769,0.5465339324991745,0.0010179800477218355,2.6457619289655336,2.4755504235803576,1.65528117074172,1.2476114870900032,-1.0,-1.572381535207601,1.1491862868987575,0.5662260484868173,-1.0180811196020763,0.0012145652310679405,0.8734651152216922
142,0.5465339310720859,0.54653295892716,0.0010182394612515467,2.645761929475086,2.4755494499728288,1.6552810792674897,1.2476109942284155,-1.0,-1.5723823469509048,1.1492535236500427,0.5661209943413139,-1.0182586736090788,0.0012154060796226967,0.8736804866226897
143,0.5465329561782951,0.5465319835355188,0.0010184992916039489,2.645761929987242,2.475548474545607,1.655280987662713,1.2476105117908285,-1.0,-1.5723831602256355,1.1493208106268424,0.5660158586218456,-1.0184364024275714,0.0012162484787704125,0.8738960641836142
144,0.546531979460139,0.546531006318582,0.001018759539767851,2.64576193050201,2.475547497293024,1.6552808959270355,1.2476100398032026,-1.0,-1.572383975036576,1.1493881479343377,0.5659106411530143,-1.0186143064373774,0.0012170924333305049,0.8741118483545063
145,0.5465310009119271,0.5465300272706571,0.0010190202073842392,2.6457619310193956,2.475546518209387,1.6552808040601041,1.2476095782915941,-1.0,-1.5723847913885305,1.1494555356780611,0.5658053417588261,-1.0187923860196237,0.001217937948143491,0.874327839586954
146,0.5465300205279451,0.5465290463860261,0.0010192812950026826,2.645761931539407,2.475545537288977,1.6552807120615625,1.2476091272821555,-1.0,-1.5723856092863235,1.1495229739638992,0.5656999602626887,-1.018970641556747,0.0012187850280710648,0.8745440383340994
147,0.5465290383024533,0.546528063658947,0.0010195428040428228,2.6457619320620505,2.4755445545260533,1.6552806199310532,1.2476086868011356,-1.0,-1.5723864287348013,1.1495904628980937,0.5655944964874079,-1.0191490734324986,0.0012196336779960986,0.8747604450506464
148,0.5465280542296861,0.5465270790836512,0.0010198047359223238,2.6457619325873334,2.475543569914846,1.6552805276682176,1.2476082568748807,-1.0,-1.5723872497388311,1.1496580025872434,0.565488950255186,-1.0193276820319521,0.0012204839028228747,0.8749770601928679
149,0.5465270683038538,0.5465260926543458,0.0010200670918391922,2.6457619331152635,2.4755425834495624,1.6552804352726957,1.2476078375298354,-1.0,-1.572388072303302,1.1497255931383052,0.5653833213876178,-1.019506467741509,0.0012213357074772806,0.875193884218613
150,0.546526080519141,0.5465251043652122,0.001020329872772055,2.645761933645847,2.4755415951243833,1.6552803427441258,1.247607428792541,-1.0,-1.5723888964331236,1.1497932346585966,0.5652776097056887,-1.0196854309489054,0.00122218909690677,0.8754109175873146
151,0.5465250908697056,0.5465241142104056,0.0010205930801331288,2.6457619341790926,2.4755406049334643,1.6552802500821449,1.2476070306896385,-1.0,-1.5723897221332286,1.1498609272557967,0.5651718150297712,-1.019864572043217,0.0012230440760805177,0.8756281607599974
152,0.5465240993496809,0.5465231221840564,0.0010208567148976251,2.645761934715005,2.475539612870935,1.6552801572863884,1.2476066432478674,-1.0,-1.57239054940857,1.1499286710379484,0.5650659371796222,-1.0200438914148668,0.0012239006499896149,0.8758456141992843
153,0.5465231059531742,0.5465221282802689,0.0010211207786915675,2.6457619352535953,2.4755386189308997,1.65528006435649,1.2476062664940677,-1.0,-1.5723913782641235,1.1499964661134598,0.5649599759743802,-1.0202233894556312,0.0012247588236471458,0.8760632783694049
154,0.5465221106742658,0.5465211324931205,0.0010213852720517814,2.6457619357948667,2.475537623107436,1.6552799712920827,1.2476059004551783,-1.0,-1.5723922087048867,1.1500643125911056,0.5648539312325626,-1.0204030665586457,0.0012256186020883437,0.8762811537362027
155,0.5465211135070115,0.5465201348166636,0.0010216501970353687,2.645761936338829,2.4755366253945956,1.6552798780927975,1.2476055451582395,-1.0,-1.5723930407358793,1.1501322105800298,0.5647478027720622,-1.020582923118412,0.001226479990370591,0.876499240767143
156,0.54652011444544,0.5465191352449241,0.001021915554393057,2.6457619368854886,2.475535625786404,1.6552797847582645,1.2476052006303924,-1.0,-1.572393874362143,1.1502001601897458,0.5646415904101446,-1.0207629595308045,0.0012273429935737298,0.8767175399313203
157,0.546519113483553,0.5465181337719006,0.0010221813457431512,2.6457619374348536,2.47553462427686,1.6552796912881114,1.24760486689888,-1.0,-1.5723947095887423,1.15026816153014,0.5645352939634455,-1.0209431761930767,0.0012282076168001396,0.8769360516994662
158,0.5465181106153263,0.5465171303915657,0.0010224475716158732,2.6457619379869306,2.4755336208599363,1.655279597681964,1.2476045439910466,-1.0,-1.5723955464207637,1.1503362147114724,0.5644289132479673,-1.0211235735038675,0.0012290738651747765,0.8771547765439572
159,0.5465171058347077,0.5465161250978648,0.0010227142340601314,2.645761938541728,2.475532615529577,1.6552795039394492,1.2476042319343406,-1.0,-1.5723963848633171,1.150404319844378,0.5643224480790762,-1.0213041518632078,0.001229941743845367,0.8773737149388229
160,0.5465160991356205,0.5465151178847172,0.0010229813340368588,2.6457619390992533,2.4755316082797023,1.655279410060189,1.2476039307563118,-1.0,-1.5723972249215346,1.1504724770398702,0.5642158982714993,-1.0214849116725275,0.0012308112579825644,0.877592867359753
161,0.5465150905119585,0.5465141087460138,0.0010232488725054243,2.6457619396595127,2.4755305991042023,1.655279316043807,1.2476036404846143,-1.0,-1.572398066600571,1.1505406864093404,0.5641092636393216,-1.0216658533346623,0.0012316824127799472,0.877812234284106
162,0.5465140799575889,0.5465130976756194,0.0010235168510744593,2.645761940222515,2.4755295879969417,1.6552792218899224,1.2476033611470068,-1.0,-1.5723989099056048,1.1506089480645618,0.5640025439959827,-1.0218469772538599,0.0012325552134543312,0.8780318161909172
163,0.5465130674663533,0.5465120846673712,0.0010237852709165736,2.645761940788267,2.4755285749517575,1.655279127598155,1.247603092771352,-1.0,-1.5723997548418371,1.1506772621176897,0.563895739154274,-1.0220282838357868,0.001233429665245925,0.8782516135609062
164,0.5465120530320634,0.5465110697150787,0.0010240541334194065,2.6457619413567763,2.475527559962459,1.655279033168122,1.2476028353856183,-1.0,-1.5724006014144927,1.1507456286812643,0.5637888489263356,-1.0222097734875355,0.0012343057734180958,0.8784716268764854
165,0.5465110366485031,0.5465100528125232,0.001024323439751796,2.6457619419280514,2.475526543022827,1.6552789385994395,1.2476025890178797,-1.0,-1.5724014496288194,1.1508140478682118,0.5636818731236528,-1.0223914466176311,0.0012351835432579924,0.8786918566217682
166,0.5465100183094312,0.5465090339534587,0.00102459319129749,2.645761942502099,2.475525524126616,1.6552788438917214,1.2476023536963161,-1.0,-1.5724022994900888,1.1508825197918469,0.5635748115570537,-1.0225733036360387,0.001236062980076311,0.8789123032825765
167,0.5465089980085754,0.546508013131611,0.0010248633892215432,2.645761943078927,2.4755245032675504,1.6552787490445813,1.247602129449215,-1.0,-1.5724031510035965,1.1509510445658737,0.5634676640367051,-1.0227553449541689,0.001236944089207723,0.8791329673464502
168,0.5465079757396374,0.5465069903406777,0.0010251340346871998,2.645761943658544,2.475523480439329,1.6552786540576296,1.2476019163049705,-1.0,-1.5724040041746614,1.1510196223043887,0.5633604303721105,-1.0229375709848865,0.001237826876010759,0.8793538493026539
169,0.5465069514962891,0.5465059655743285,0.0010254051295055207,2.645761944240957,2.47552245563562,1.6552785589304766,1.247601714292085,-1.0,-1.5724048590086266,1.1510882531218818,0.5632531103721058,-1.023119982142516,0.0012387113458680408,0.8795749496421867
170,0.5465059252721746,0.5465049388262032,0.0010256766746191191,2.6457619448261736,2.475521428850064,1.6552784636627298,1.2476015234391689,-1.0,-1.5724057155108595,1.1511569371332382,0.5631457038448568,-1.0233025788428505,0.0012395975041866324,0.8797962688577898
171,0.5465048970609097,0.5465039100899152,0.0010259486714018758,2.645761945414201,2.4755204000762734,1.6552783682539962,1.2476013437749416,-1.0,-1.5724065736867516,1.1512256744537412,0.563038210597856,-1.0234853615031567,0.0012404853563976503,0.8800178074439549
172,0.5465038668560798,0.5465028793590461,0.0010262211214419903,2.64576194600505,2.47551936930783,1.6552782727038797,1.2476011753282326,-1.0,-1.5724074335417189,1.1512944651990729,0.5629306304379186,-1.0236683305421834,0.001241374907957119,0.8802395658969329
173,0.5465028346512426,0.5465018466271508,0.0010264940256764366,2.645761946598724,2.475518336538288,1.6552781770119844,1.2476010181279804,-1.0,-1.5724082950812013,1.1513633094853166,0.5628229631711803,-1.0238514863801684,0.0012422661643453103,0.8804615447147425
174,0.5465018004399275,0.5465008118877545,0.001026767385689359,2.6457619471952345,2.4755173017611733,1.6552780811779115,1.247600872203236,-1.0,-1.5724091583106645,1.151432207428959,0.5627152086030931,-1.0240348294388455,0.0012431591310676758,0.8806837443971789
175,0.5465007642156315,0.5464997751343524,0.0010270412024140135,2.6457619477945884,2.47551626496998,1.6552779852012607,1.2476007375831593,-1.0,-1.5724100232355982,1.1515011591468916,0.5626073665384227,-1.0242183601414518,0.0012440538136543808,0.8809061654458219
176,0.5464997259718257,0.5464987363604109,0.0010273154778627576,2.6457619483967934,2.4755152261581745,1.6552778890816306,1.2476006142970237,-1.0,-1.5724108898615172,1.151570164756413,0.5624994367812447,-1.0244020789127355,0.0012449502176609258,0.8811288083640452
177,0.5464986857019478,0.5464976955593649,0.0010275902129647724,2.645761949001857,2.4755141853191915,1.655277792818618,1.2476005023742145,-1.0,-1.572411758193962,1.151639224375231,0.5623914191349415,-1.0245859861789626,0.0012458483486679137,0.8813516736570247
178,0.5464976433994103,0.5464966527246232,0.0010278654090796803,2.6457619496097875,2.4755131424464394,1.6552776964118174,1.2476004018442295,-1.0,-1.5724126282384976,1.151708338121464,0.5622833134021988,-1.0247700823679244,0.001246748212281282,0.8815747618317479
179,0.5464965990575906,0.5464956078495603,0.0010281410675650289,2.6457619502205953,2.4755120975332927,1.655277599860822,1.2476003127366806,-1.0,-1.5724135000007147,1.1517775061136435,0.5621751193850025,-1.024954367908946,0.0012476498141327315,0.8817980733970218
180,0.546495552669839,0.5464945609275234,0.0010284171902081058,2.6457619508342853,2.4755110505730986,1.655277503165224,1.2476002350812925,-1.0,-1.5724143734862295,1.1518467284707157,0.5620668368846349,-1.025138843232892,0.0012485531598794538,0.8820216088634828
181,0.5464945042294747,0.5464935119518276,0.0010286937774985471,2.645761951450867,2.4755100015591713,1.6552774063246123,1.2476001689079061,-1.0,-1.5724152487006842,1.1519160053120439,0.5619584657016715,-1.0253235087721757,0.001249458255204597,0.8822453687436053
182,0.5464934537297856,0.5464924609157576,0.0010289708316511767,2.645761952070349,2.475508950484796,1.6552773093385758,1.2476001142464772,-1.0,-1.5724161256497466,1.1519853367574098,0.5618500056359776,-1.0255083649607657,0.0012503651058173055,0.8824693535517105
183,0.5464924011640304,0.5464914078125687,0.0010292483540148614,2.645761952692738,2.4755078973432267,1.6552772122067017,1.2476000711270763,-1.0,-1.5724170043391108,1.1520547229270164,0.5617414564867048,-1.0256934122341939,0.0012512737174529137,0.8826935638039759
184,0.5464913465254356,0.5464903526354841,0.0010295263455050233,2.6457619533180425,2.475506842127688,1.6552771149285728,1.2476000395798916,-1.0,-1.5724178847744965,1.15212416394149,0.5616328180522874,-1.025878651029563,0.0012521840958728298,0.8829180000184439
185,0.546490289807197,0.546489295377696,0.0010298048076823095,2.6457619539462733,2.47550578483137,1.6552770175037739,1.2476000196352286,-1.0,-1.5724187669616503,1.1521936599218812,0.5615240901304388,-1.0260640817855549,0.0012530962468652346,0.8831426627150316
186,0.5464892310024789,0.5464882360323651,0.001030083742105037,2.6457619545774365,2.4755047254474345,1.6552769199318846,1.2476000113235088,-1.0,-1.5724196509063448,1.152263210989668,0.5614152725181485,-1.0262497049424373,0.0012540101762447714,0.8833675524155397
187,0.546488170104414,0.5464871745926209,0.0010303631501136846,2.6457619552115403,2.4755036639690102,1.6552768222124863,1.2476000146752733,-1.0,-1.5724205366143797,1.152332817266757,0.5613063650116779,-1.0264355209420726,0.001254925889852973,0.8835926696436619
188,0.5464871071061043,0.5464861110515614,0.0010306430330466274,2.645761955848594,2.4755026003891953,1.6552767243451556,1.2476000297211813,-1.0,-1.5724214240915815,1.1524024788754872,0.5611973674065571,-1.0266215302279253,0.0012558433935581064,0.8838180149249942
189,0.5464860420006178,0.5464850454022522,0.0010309233924555151,2.6457619564886055,2.4755015347010545,1.6552766263294685,1.2476000564920122,-1.0,-1.5724223133438031,1.1524721959386297,0.5610882794975813,-1.0268077332450702,0.0012567626932557167,0.8840435887870445
190,0.5464849747809939,0.5464839776377273,0.0010312042296743258,2.645761957131583,2.475500466897622,1.655276528165,1.2476000950186652,-1.0,-1.572423204376925,1.1525419685793916,0.560979101078807,-1.0269941304401997,0.0012576837948685498,0.8842693917592419
191,0.5464839054402351,0.5464829077509877,0.0010314855466807226,2.645761957777536,2.475499396971898,1.6552764298513216,1.24760014533216,-1.0,-1.5724240971968548,1.1526117969214176,0.5608698319435483,-1.027180722261633,0.0012586067043467456,0.8844954243729464
192,0.5464828339713163,0.546481835735003,0.0010317673435126713,2.645761958426473,2.475498324916853,1.6552763313880048,1.2476002074636376,-1.0,-1.5724249918095279,1.1526816810887917,0.5607604718843737,-1.0273675091593228,0.0012595314276681506,0.8847216871614584
193,0.5464817603671767,0.5464807615827096,0.0010320496230043672,2.6457619590784005,2.475497250725422,1.6552762327746176,1.2476002814443614,-1.0,-1.5724258882209066,1.15275162120604,0.5606510206931019,-1.0275544915848651,0.001260457970838122,0.8849481806600284
194,0.5464806846207224,0.5464796852870106,0.0010323323860504188,2.64576195973333,2.4754961743905084,1.6552761340107274,1.2476003673057172,-1.0,-1.5724267864369816,1.152821617398133,0.5605414781607984,-1.0277416699915056,0.0012613863398901887,0.885174905405867
195,0.546479606724829,0.5464786068407772,0.0010326156339738385,2.6457619603912685,2.475495095904983,1.6552760350958993,1.2476004650792136,-1.0,-1.5724276864637712,1.1528916697904863,0.5604318440777715,-1.0279290448341492,0.0012623165408858189,0.8854018619381541
196,0.546478526672337,0.5464775262368459,0.0010328993689553945,2.645761961052224,2.475494015261682,1.6552759360296967,1.2476005747964838,-1.0,-1.572428588307322,1.152961778508965,0.5603221182335688,-1.0281166165693676,0.0012632485799147302,0.8856290507980492
197,0.5464774444560538,0.5464764434680212,0.0010331835916683818,2.645761961716206,2.4754929324534096,1.655275836811681,1.2476006964892854,-1.0,-1.5724294919737087,1.1530319436798844,0.5602123004169735,-1.0283043856554082,0.001264182463095123,0.8858564725287014
198,0.5464763600687533,0.5464753585270727,0.001033468303858934,2.645761962383224,2.4754918474729353,1.6552757374414113,1.247600830189501,-1.0,-1.5724303974690348,1.1531021654300122,0.5601023904159999,-1.028492352552202,0.0012651181965737971,0.8860841276752589
199,0.5464752735031752,0.5464742714067371,0.0010337535070557725,2.6457619630532854,2.4754907603129954,1.6552756379184466,1.2476009759291389,-1.0,-1.572431304799432,1.1531724438865716,0.5599923880178905,-1.0286805177213725,0.0012660557865261516,0.8863120167848798
200,0.5464741847520257,0.5464731820997171,0.0010340392025704988,2.6457619637264007,2.475489670966293,1.6552755382423419,1.2476011337403345,-1.0,-1.572432213971061,1.153242779177243,0.5598822930091117,-1.0288688816262435,0.00126699523915669,0.8865401404067412
201,0.5464730938079764,0.5464720905986794,0.0010343253923565917,2.645761964402577,2.475488579425493,1.6552754384126513,1.2476013036553497,-1.0,-1.5724331249901111,1.1533131714301663,0.5597721051753499,-1.0290574447318488,0.0012679365606990205,0.8867684990920504
202,0.5464720006636661,0.5464709968962593,0.0010346120777208123,2.6457619650818236,2.475487485683232,1.6552753384289265,1.247601485706575,-1.0,-1.5724340378628014,1.1533836207739432,0.5596618243015076,-1.0292462075049396,0.0012688797574160497,0.8869970933940542
203,0.5464709053116955,0.5464699009850545,0.0010348992597532065,2.645761965764151,2.475486389732107,1.6552752382907183,1.2476016799265284,-1.0,-1.5724349525953798,1.1534541273376393,0.5595514501716993,-1.029435170413994,0.0012698248355999058,0.8872259238680501
204,0.5464698077446332,0.54646880285763,0.0010351869408288797,2.6457619664495655,2.475485291564682,1.655275137997575,1.2476018863478577,-1.0,-1.5724358691941238,1.153524691250787,0.5594409825692482,-1.029624333929225,0.0012707718015727537,0.8874549910713961
205,0.5464687079550125,0.5464677025065142,0.0010354751213896413,2.645761967138078,2.475484191173486,1.6552750375490421,1.2476021050033412,-1.0,-1.572436787665341,1.1535953126433875,0.5593304212766815,-1.0298136985225903,0.001271720661686329,0.8876842955635212
206,0.5464676059353296,0.5464665999242,0.001035763803591109,2.6457619678296975,2.4754830885510115,1.6552749369446649,1.247602335925887,-1.0,-1.572437708015368,1.1536659916459127,0.5592197660757269,-1.0300032646678003,0.001272671422322366,0.8879138379059361
207,0.5464665016780474,0.5464654951031469,0.0010360529893714524,2.645761968524432,2.4754819836897175,1.6552748361839846,1.2476025791485343,-1.0,-1.572438630250572,1.153736728389308,0.5591090167473081,-1.030193032840327,0.0012736240898929855,0.8881436186622436
208,0.5464653951755934,0.5464643880357771,0.0010363426793803987,2.6457619692222907,2.4754808765820258,1.6552747352665431,1.2476028347044548,-1.0,-1.5724395543773504,1.1538075230049947,0.558998173071541,-1.0303830035174135,0.0012745786708402676,0.8883736383981491
209,0.5464642864203547,0.5464632787144761,0.0010366328759797974,2.6457619699232837,2.475479767220322,1.6552746341918776,1.247603102626953,-1.0,-1.572440480402131,1.1538783756248723,0.55888723482773,-1.0305731771780824,0.0012755351716373401,0.8886038976814719
210,0.5464631754046883,0.5464621671315952,0.0010369235798150102,2.64576197062742,2.475478655596957,1.6552745329595253,1.2476033829494664,-1.0,-1.572441408331372,1.1539492863813208,0.5587762017943629,-1.0307635543031453,0.001276493598787756,0.8888343970821552
211,0.5464620621209106,0.5464610532794479,0.001037214793456632,2.645761971334708,2.475477541704244,1.6552744315690204,1.2476036757055666,-1.0,-1.5724423381715626,1.154020255407203,0.5586650737491081,-1.0309541353752116,0.0012774539588260383,0.8890651371722775
212,0.546460946561303,0.5464599371503112,0.0010375065179734995,2.645761972045159,2.4754764255344597,1.6552743300198953,1.2476039809289605,-1.0,-1.5724432699292228,1.1540912828358674,0.5585538504688092,-1.0311449208786982,0.0012784162583179906,0.8892961185260634
213,0.5464598287181102,0.5464588187364259,0.0010377987548604085,2.6457619727587804,2.4754753070798445,1.6552742283116806,1.2476042986534894,-1.0,-1.5724442036109039,1.15416236880115,0.5584425317294816,-1.0313359112998384,0.0012793805038605025,0.8895273417198943
214,0.5464587085835395,0.5464576980299949,0.0010380915060375087,2.6457619734755813,2.475474186332601,1.6552741264439048,1.2476046289131317,-1.0,-1.5724451392231882,1.1542335134373776,0.5583311173063077,-1.0315271071266907,0.0012803467020821328,0.8897588073323199
215,0.5464575861497605,0.5464565750231846,0.0010383847725666758,2.6457619741955716,2.475473063284896,1.6552740244160935,1.2476049717420028,-1.0,-1.57244607677269,1.1543047168793692,0.5582196069736334,-1.031718508849149,0.0012813148596431483,0.8899905159440689
216,0.5464564614089061,0.5464554497081237,0.0010386785565767009,2.645761974918762,2.475471937928857,1.6552739222277717,1.247605327174356,-1.0,-1.5724470162660549,1.1543759792624393,0.558108000504963,-1.0319101169589515,0.0012822849832356013,0.8902224681380606
217,0.5464553343530716,0.546454322076903,0.001038972859552049,2.6457619756451605,2.4754708102565752,1.6552738198784618,1.2476056952445824,-1.0,-1.5724479577099608,1.1544473007224,0.5579962976729557,-1.0321019319496907,0.0012832570795835634,0.890454664499416
218,0.5464542049743132,0.5464531921215751,0.0010392676829747282,2.6457619763747773,2.475469680260103,1.6552737173676828,1.2476060759872125,-1.0,-1.5724489011111178,1.1545186813955644,0.5578844982494207,-1.0322939543168224,0.0012842311554435908,0.8906871056154689
219,0.5464530732646485,0.5464520598341537,0.0010395630285378787,2.6457619771076217,2.4754685479314524,1.6552736146949538,1.247606469436917,-1.0,-1.572449846476268,1.154590121418747,0.5577726020053129,-1.0324861845576754,0.0012852072176046862,0.8909197920757781
220,0.54645193921606,0.5464509252066169,0.0010398588979319335,2.6457619778437023,2.475467413262603,1.6552735118597908,1.2476068756285073,-1.0,-1.5724507938121857,1.154661620929269,0.557660608710729,-1.0326786231714613,0.0012861852728883764,0.8911527244721378
221,0.5464508028204879,0.546449788230901,0.0010401552926311386,2.6457619785830304,2.47546627624549,1.6552734088617067,1.247607294596936,-1.0,-1.5724517431256786,1.1547331800649592,0.5575485181349025,-1.0328712706592846,0.0012871653281493337,0.8913859033985898
222,0.5464496640698346,0.5464486488989038,0.0010404522143206785,2.645761979325615,2.475465136872011,1.655273305700214,1.2476077263772989,-1.0,-1.5724526944235873,1.1548047989641563,0.5574363300461994,-1.0330641275241517,0.0012881473902750266,0.8916193294514354
223,0.546448522955964,0.5464475072024858,0.0010407496646830153,2.645761980071466,2.4754639951340263,1.6552732023748218,1.2476081710048332,-1.0,-1.572453647712785,1.1548764777657128,0.5573240442121142,-1.0332571942709812,0.0012891314661864577,0.8918530032292465
224,0.5464473794706997,0.5464463631334662,0.0010410476458244642,2.645761980820593,2.4754628510233543,1.6552730988850373,1.247608628514921,-1.0,-1.572454603000179,1.1549482166089966,0.557211660399265,-1.0334504714066142,0.0012901175628380083,0.8920869253328779
225,0.5464462336058264,0.5464452166836251,0.0010413461585687487,2.645761981573006,2.4754617045317753,1.6552729952303666,1.2476090989430888,-1.0,-1.5724555602927093,1.155020015633894,0.5570991783733886,-1.0336439594398232,0.0012911056872179053,0.8923210963654791
226,0.5464450853530888,0.5464440678447033,0.0010416452052300063,2.6457619823287133,2.47546055565103,1.6552728914103116,1.247609582325008,-1.0,-1.5724565195973499,1.1550918749808126,0.5569865978993371,-1.0338376588813238,0.0012920958463481817,0.8925555169325057
227,0.5464439347041911,0.5464429166084013,0.0010419447872664748,2.6457619830877275,2.475459404372818,1.655272787424374,1.247610078696497,-1.0,-1.5724574809211094,1.1551637947906832,0.5568739187410718,-1.034031570243783,0.0012930880472849485,0.8927901876417325
228,0.5464427816507972,0.5464417629663776,0.0010422449065599821,2.6457619838500572,2.4754582506887983,1.6552726832720523,1.2476105880935204,-1.0,-1.5724584442710297,1.1552357752049636,0.5567611406616599,-1.0342256940418306,0.0012940822971189007,0.8930251091032646
229,0.5464416261845296,0.5464406069102514,0.00104254556435041,2.645761984615712,2.475457094590589,1.6552725789528424,1.2476111105521905,-1.0,-1.572459409654188,1.15530781636564,0.5566482634232692,-1.0344200307920697,0.0012950786029751996,0.8932602819295501
230,0.5464404682969717,0.5464394484316017,0.0010428467627270645,2.6457619853847025,2.4754559360697694,1.6552724744662388,1.247611646108769,-1.0,-1.5724603770776953,1.1553799184152314,0.5565352867871636,-1.0346145810130853,0.001296076972013668,0.8934957067353924
231,0.5464393079796644,0.5464382875219648,0.0010431485031374207,2.645761986157038,2.475454775117875,1.6552723698117335,1.247612194799666,-1.0,-1.5724613465486978,1.1554520814967901,0.556422210513698,-1.034809345225457,0.0012970774114292175,0.8937313841379623
232,0.5464381452241074,0.5464371241728362,0.0010434507878776286,2.645761986932729,2.4754536117264014,1.6552722649888163,1.2476127566614423,-1.0,-1.5724623180743769,1.1555243057539069,0.5563090343623144,-1.0350043239517677,0.0012980799284520808,0.8939673147568107
233,0.5464369800217593,0.5464359583756697,0.0010437536179639102,2.645761987711786,2.475452445886802,1.6552721599969744,1.2476133317308102,-1.0,-1.572463291661949,1.1555965913307118,0.5561957580915363,-1.0351995177166147,0.001299084530347813,0.894203499213881
234,0.5464358123640348,0.5464347901218767,0.0010440569956865033,2.6457619884942196,2.4754512775904876,1.6552720548356925,1.2476139200446328,-1.0,-1.572464267318666,1.1556689383718783,0.5560823814589645,-1.0353949270466207,0.0013000912244176403,0.8944399381335216
235,0.546434642242309,0.5464336194028275,0.0010443609222690609,2.64576198928004,2.475450106828829,1.655271949504454,1.2476145216399264,-1.0,-1.5724652450518155,1.1557413470226252,0.5559689042212718,-1.035590552470444,0.0013011000179987712,0.8946766321424992
236,0.5464334696479135,0.5464324462098484,0.001044665399783152,2.6457619900692557,2.4754489335931504,1.65527184400274,1.2476151365538608,-1.0,-1.5724662248687218,1.1558138174287198,0.5558553261341983,-1.0357863945187893,0.0013021109184644356,0.8949135818700105
237,0.5464322945721363,0.5464312705342245,0.0010449704300845735,2.6457619908618786,2.475447757874739,1.6552717383300277,1.2476157648237602,-1.0,-1.572467206776744,1.1558863497364815,0.5557416469525468,-1.0359824537244187,0.0013031239332243118,0.8951507879476959
238,0.5464311170062243,0.5464300923671963,0.0010452760148136537,2.645761991657918,2.4754465796648333,1.655271632485793,1.247616406487104,-1.0,-1.5724681907832785,1.155958944092783,0.5556278664301775,-1.0361787306221624,0.001304139069724605,0.8953882510096524
239,0.5464299369413781,0.5464289116999617,0.0010455821558202879,2.6457619924573867,2.4754453989546312,1.6552715264695097,1.2476170615815283,-1.0,-1.5724691768957584,1.156031600645055,0.5555139843200029,-1.03637522574893,0.001305156335448279,0.8956259716924461
240,0.5464287543687572,0.546427728523675,0.0010458888545267148,2.645761993260293,2.475444215735287,1.6552714202806489,1.2476177301448248,-1.0,-1.5724701651216535,1.1561043195412875,0.5554000003739833,-1.036571939643721,0.0013061757379154851,0.8958639506351261
241,0.5464275692794769,0.5464265428294474,0.0010461961129893354,2.645761994066647,2.4754430299979115,1.6552713139186794,1.2476184122149439,-1.0,-1.5724711554684705,1.156177100930034,0.5552859143431216,-1.0367688728476363,0.0013071972846836393,0.8961021884792372
242,0.5464263816646077,0.5464253546083441,0.0010465039334734171,2.645761994876461,2.47544184173357,1.6552712073830678,1.247619107829995,-1.0,-1.5724721479437536,1.1562499449604136,0.555171725977458,-1.0369660259038895,0.001308220983347577,0.896340685868833
243,0.5464251915151773,0.5464241638513885,0.0010468123167558544,2.6457619956897447,2.4754406509332845,1.6552711006732774,1.2476198170282466,-1.0,-1.5724731425550844,1.156322851782115,0.5550574350260651,-1.0371633993578178,0.0013092468415399044,0.8965794434504899
244,0.5464239988221647,0.5464229705495559,0.0010471212659442974,2.6457619965065096,2.4754394575880307,1.6552709937887693,1.247620539848128,-1.0,-1.572474139310083,1.1563958215453978,0.5549430412370427,-1.0373609937568933,0.0013102748669313075,0.8968184618733201
245,0.5464228035765087,0.5464217746937794,0.001047430781809928,2.6457619973267654,2.4754382616887414,1.6552708867290045,1.2476212763282288,-1.0,-1.5724751382164066,1.1564688544010968,0.5548285443575128,-1.0375588096507349,0.0013113050672306698,0.8970577417889857
246,0.5464216057691008,0.5464205762749459,0.0010477408666055871,2.645761998150523,2.4754370632263027,1.655270779493438,1.2476220265073028,-1.0,-1.5724761392817515,1.1565419505006254,0.5547139441336141,-1.0377568475911194,0.001312337450185422,0.8972972838517115
247,0.5464204053907863,0.5464193752838965,0.0010480515219449334,2.645761998977793,2.4754358621915564,1.6552706720815247,1.2476227904242654,-1.0,-1.572477142513852,1.156615109995977,0.554599240310497,-1.0379551081319933,0.0013133720235817743,0.8975370887182996
248,0.5464192024323657,0.5464181717114269,0.0010483627500741865,2.6457619998085873,2.475434658575297,1.6552705644927161,1.2476235681181969,-1.0,-1.5724781479204815,1.1566883330397295,0.5544844326323183,-1.0381535918294842,0.001314408795244873,0.897777157048143
249,0.5464179968845917,0.5464169655482854,0.0010486745523890103,2.6457620006429172,2.4754334523682724,1.6552704567264611,1.2476243596283423,-1.0,-1.5724791555094526,1.1567616197850483,0.5543695208422358,-1.0383522992419127,0.001315447773039033,0.8980174895032392
250,0.5464167887381727,0.5464157567851754,0.0010489869315525196,2.645762001480791,2.475432243561186,1.655270348782207,1.2476251649941126,-1.0,-1.572480165288617,1.1568349703856884,0.5542545046824029,-1.0385512309298044,0.0013164889648681261,0.898258086748205
251,0.5464155779837698,0.546414545412753,0.0010492998883192002,2.6457620023222224,2.4754310321446935,1.6552702406593973,1.247625984255086,-1.0,-1.5724811772658656,1.1569083849959985,0.5541393838939634,-1.038750387455901,0.0013175323786757372,0.8984989494502895
252,0.5464143646119958,0.5464133314216265,0.0010496134253456255,2.6457620031672207,2.475429818109403,1.6552701323574743,1.247626817451008,-1.0,-1.5724821914491298,1.1569818637709235,0.5540241582170463,-1.0389497693851732,0.0013185780224457073,0.8987400782793896
253,0.5464131486134173,0.5464121148023579,0.0010499275444382941,2.645762004015798,2.475428601445876,1.6552700238758764,1.2476276646217932,-1.0,-1.572483207846381,1.1570554068660084,0.5539088273907596,-1.0391493772848326,0.001319625904201824,0.8989814739080636
254,0.5464119299785523,0.5464108955454602,0.001050242247400578,2.6457620048679646,2.475427382144625,1.6552699152140404,1.2476285258075261,-1.0,-1.5724842264656305,1.157129014437401,0.5537933911531856,-1.0393492117243432,0.0013206760320085972,0.8992231370115457
255,0.5464107086978734,0.5464096736414006,0.0010505575364554334,2.645762005723732,2.4754261601961174,1.6552698063714002,1.247629401048462,-1.0,-1.5724852473149302,1.1572026866418548,0.5536778492413748,-1.0395492732754343,0.0013217284139711047,0.8994650682677605
256,0.5464094847618011,0.5464084490805952,0.001050873412765695,2.6457620065831127,2.4754249355907687,1.6552696973473873,1.2476302903850276,-1.0,-1.5724862704023734,1.157276423636733,0.5535622013913406,-1.0397495625121125,0.0013227830582358466,0.899707268357338
257,0.5464082581607093,0.5464072218534136,0.0010511898789704387,2.6457620074461174,2.4754237083189476,1.65526958814143,1.247631193857822,-1.0,-1.5724872957360942,1.1573502255800114,0.5534464473380538,-1.039950080010674,0.001323839972990357,0.8999497379636279
258,0.5464070288849233,0.5464059919501754,0.0010515069366487328,2.645762008312756,2.475422478370974,1.655269478752955,1.2476321115076179,-1.0,-1.5724883233242681,1.1574240926302817,0.5533305868154369,-1.0401508263497175,0.001324899166463903,0.9001924777727145
259,0.5464057969247184,0.5464047593611512,0.0010518245880100593,2.6457620091830414,2.4754212457371185,1.6552693691813845,1.2476330433753635,-1.0,-1.5724893531751123,1.1574980249467546,0.5532146195563581,-1.040351802110156,0.001325960646927602,0.9004354884734318
260,0.5464045622703207,0.5464035240765626,0.0010521428348381477,2.645762010056985,2.475420010407601,1.6552692594261404,1.2476339895021822,-1.0,-1.572490385296886,1.1575720226892632,0.5530985452926258,-1.0405530078752303,0.0013270244226946536,0.9006787707573789
261,0.5464033249119071,0.5464022860865804,0.0010524616791245383,2.645762010934598,2.4754187723725933,1.6552691494866403,1.2476349499293733,-1.0,-1.5724914196978903,1.157646086018267,0.5529823637549832,-1.0407544442305214,0.001328090502120691,0.9009223253189341
262,0.5464020848396021,0.5464010453813248,0.001052781122857344,2.6457620118158904,2.475417531622215,1.6552690393622997,1.2476359246984143,-1.0,-1.5724924563864695,1.1577202150948538,0.5528660746731019,-1.040956111763963,0.0013291588936042073,0.9011661528552712
263,0.5464008420434819,0.5463998019508672,0.001053101168232092,2.6457620127008767,2.4754162881465365,1.6552689290525313,1.247636913850962,-1.0,-1.5724934953710101,1.1577944100807451,0.5527496777755763,-1.0411580110658547,0.0013302296055865167,0.9014102540663743
264,0.5463995965135711,0.5463985557852264,0.0010534218168082607,2.645762013589567,2.4754150419355767,1.6552688185567443,1.2476379174288519,-1.0,-1.5724945366599417,1.1578686711382982,0.5526331727899179,-1.0413601427288752,0.0013313026465521824,0.9016546296550533
265,0.5463983482398427,0.546397306874371,0.0010537430709852758,2.645762014481974,2.475413792979304,1.6552687078743462,1.2476389354741009,-1.0,-1.5724955802617373,1.1579429984305092,0.5525165594425491,-1.0415625073480952,0.0013323780250294823,0.9018992803269597
266,0.5463970972122183,0.5463960552082171,0.0010540649323159748,2.6457620153781085,2.4754125412676338,1.6552685970047425,1.247639968028907,-1.0,-1.572496626184914,1.1580173921210175,0.5523998374587974,-1.0417651055209902,0.0013334557495903708,0.902144206790602
267,0.5463958434205682,0.54639480077663,0.0010543874036137984,2.6457620162779816,2.4754112867904308,1.6552684859473332,1.247641015135651,-1.0,-1.5724976744380321,1.1580918523741093,0.5522830065628894,-1.0419679378474547,0.0013345358288509445,0.9023894097573619
268,0.5463945868547094,0.5463935435694216,0.0010547104862140054,2.6457620171816068,2.4754100295375077,1.6552683747015178,1.2476420768368985,-1.0,-1.5724987250296967,1.1581663793547206,0.5521660664779448,-1.0421710049298143,0.0013356182714717533,0.9026348899415098
269,0.5463933275044073,0.5463922835763517,0.0010550341825014684,2.6457620180889956,2.4754087694986224,1.655268263266692,1.2476431531753993,-1.0,-1.572499777968557,1.1582409732284407,0.5520490169259699,-1.0423743073728406,0.0013367030861581894,0.9028806480602207
270,0.5463920653593729,0.5463910207871268,0.0010553584944362707,2.6457620190001596,2.475407506663482,1.6552681516422494,1.2476442441940891,-1.0,-1.5725008332633075,1.1583156341615157,0.551931857627852,-1.0425778457837636,0.0013377902816605256,0.9031266848335912
271,0.5463908004092669,0.5463897551914012,0.0010556834241853459,2.6457620199151104,2.4754062410217403,1.6552680398275805,1.2476453499360913,-1.0,-1.5725018909226869,1.158390362320853,0.5518145883033532,-1.0427816207722855,0.0013388798667742648,0.9033730009846545
272,0.546389532643693,0.5463884867787748,0.0010560089732810749,2.645762020833863,2.4754049725629965,1.6552679278220725,1.2476464704447172,-1.0,-1.5725029509554802,1.158465157874024,0.5516972086711036,-1.0429856329505955,0.0013399718503406851,0.9036195972393974
273,0.5463882620522026,0.546387215538792,0.0010563351445140785,2.645762021756426,2.4754037012767953,1.6552678156251093,1.2476476057634664,-1.0,-1.572504013370518,1.158540020989268,0.5515797184485959,-1.0431898829333826,0.001341066241246955,0.9038664743267771
274,0.5463869886242922,0.5463859414609458,0.001056661939829886,2.6457620226828125,2.4754024271526287,1.655267703236073,1.24764875593603,-1.0,-1.5725050781766763,1.1586149518354958,0.5514621173521782,-1.0433943713378493,0.0013421630484264843,0.9041136329787374
275,0.5463857123494047,0.546384664534672,0.0010569893613805894,2.645762023613036,2.4754011501799322,1.6552675906543424,1.2476499210062906,-1.0,-1.5725061453828781,1.1586899505822934,0.5513444050970484,-1.0435990987837267,0.0013432622808590786,0.904361073930225
276,0.5463844332169254,0.5463833847493519,0.0010573174106844824,2.645762024547108,2.4753998703480873,1.6552674778792935,1.2476511010183227,-1.0,-1.5725072149980928,1.158765017399926,0.5512265813972473,-1.0438040658932881,0.0013443639475716005,0.904608797919207
277,0.5463831512161876,0.5463821020943126,0.0010576460907264552,2.6457620254850407,2.4753985876464197,1.655267364910299,1.247652296016395,-1.0,-1.5725082870313365,1.1588401524593412,0.5511086459656526,-1.044009273291363,0.0013454680576379305,0.9048568056866876
278,0.5463818663364659,0.5463808165588235,0.001057975403017425,2.6457620264268478,2.4753973020641995,1.6552672517467284,1.2476535060449712,-1.0,-1.572509361491673,1.1589153559321734,0.5509905985139718,-1.044214721605352,0.0013465746201794335,0.905105097976725
279,0.5463805785669799,0.5463795281320982,0.0010583053499045442,2.6457620273725406,2.475396013590639,1.6552671383879485,1.2476547311487098,-1.0,-1.5725104383882134,1.1589906279907471,0.5508724387527366,-1.0444204114652402,0.0013476836443653858,0.905353675536449
280,0.5463792878968922,0.5463782368032946,0.0010586359337308993,2.6457620283221313,2.4753947222148964,1.6552670248333237,1.247655971372468,-1.0,-1.5725115177301168,1.1590659688080809,0.5507541663912953,-1.0446263435036136,0.001348795139413131,0.9056025391160776
281,0.5463779943153088,0.546376942561513,0.0010589671562064645,2.645762029275634,2.4753934279260714,1.6552669110822142,1.2476572267613004,-1.0,-1.5725125995265903,1.1591413785578912,0.5506357811378068,-1.044832518355672,0.001349909114588391,0.9058516894689351
282,0.5463766978112778,0.5463756453957961,0.0010592990200859946,2.6457620302330604,2.475392130713206,1.6552667971339785,1.2476584973604619,-1.0,-1.5725136837868898,1.1592168574145965,0.5505172826992337,-1.045038936659244,0.0013510255792058086,0.9061011273514696
283,0.5463753983737903,0.5463743452951286,0.0010596315270718886,2.645762031194423,2.475390830565285,1.6552666829879703,1.2476597832154066,-1.0,-1.5725147705203206,1.1592924055533207,0.550398670781336,-1.0452455990548033,0.0013521445426290274,0.9063508535232699
284,0.5463740959917789,0.5463730422484382,0.0010599646794916889,2.6457620321597357,2.4753895274712354,1.6552665686435424,1.2476610843717924,-1.0,-1.572515859736236,1.1593680231498975,0.5502799450886635,-1.0454525061854814,0.0013532660142711178,0.9066008687470846
285,0.5463727906541183,0.5463717362445932,0.0010602984798782546,2.645762033129011,2.4753882214199248,1.655266454100042,1.2476624008754782,-1.0,-1.57251695144404,1.1594437103808746,0.5501611053245499,-1.0456596586970848,0.0013543900035950436,0.9068511737888385
286,0.5463714823496224,0.5463704272724026,0.0010606329303413694,2.6457620341022614,2.475386912400163,1.6552663393568148,1.2476637327725288,-1.0,-1.5725180456531858,1.1595194674235165,0.5500421511911052,-1.045867057238109,0.0013555165201137782,0.9071017694176522
287,0.5463701710670461,0.5463691153206158,0.0010609680325683942,2.6457620350794997,2.4753856004006973,1.6552662244132035,1.2476650801092133,-1.0,-1.5725191423731772,1.1595952944558099,0.5499230823892095,-1.046074702459754,0.0013566455733908496,0.9073526564058592
288,0.5463688567950877,0.5463678003779243,0.0010613037897078915,2.6457620360607406,2.47538428541022,1.6552661092685463,1.2476664429320083,-1.0,-1.5725202416135684,1.159671191656467,0.5498038986185052,-1.0462825950159402,0.001357777173040456,0.9076038355290246
289,0.5463675395223819,0.5463664824329573,0.001061640203230013,2.6457620370459947,2.4753829674173597,1.6552659939221797,1.2476678212875973,-1.0,-1.5725213433839644,1.1597471592049295,0.5496845995773908,-1.0464907355633228,0.0013589113287280881,0.9078553075659637
290,0.5463662192375036,0.5463651614742848,0.001061977275856349,2.645762038035277,2.475381646410686,1.6552658783734362,1.2476692152228743,-1.0,-1.5725224476940216,1.159823197281373,0.5495651849630132,-1.0466991247613089,0.0013600480501706454,0.9081070732987602
291,0.546364895928968,0.5463638374904153,0.0010623150094677331,2.6457620390286007,2.4753803223787063,1.6552657626216447,1.247670624784943,-1.0,-1.5725235545534482,1.1598993060667115,0.5494456544712611,-1.0469077632720716,0.0013611873471369414,0.9083591335127854
292,0.5463635695852274,0.5463625104697951,0.0010626534067771892,2.6457620400259785,2.4753789953098675,1.6552656466661317,1.2476720500211183,-1.0,-1.5725246639720043,1.1599754857426003,0.5493260077967574,-1.0471166517605672,0.0013623292294480146,0.908611488996717
293,0.546362240194672,0.5463611804008096,0.0010629924698663874,2.6457620410274236,2.4753776651925543,1.6552655305062205,1.2476734909789287,-1.0,-1.5725257759595024,1.1600517364914416,0.5492062446328524,-1.047325790894551,0.0013634737069773614,0.9088641405425572
294,0.5463609077456328,0.5463598472717826,0.001063332201230734,2.6457620420329504,2.47537633201509,1.6552654141412297,1.2476749477061169,-1.0,-1.5725268905258072,1.1601280584963878,0.5490863646716161,-1.0475351813445928,0.0013646207896515193,0.9091170889456531
295,0.5463595722263732,0.5463585110709728,0.001063672602734933,2.6457620430425712,2.4753749957657325,1.6552652975704765,1.2476764202506405,-1.0,-1.572528007680837,1.1602044519413461,0.5489663676038312,-1.047744823784093,0.0013657704874503772,0.9093703350047155
296,0.5463582336250986,0.5463571717865785,0.0010640136774921526,2.6457620440563003,2.47537365643268,1.6552651807932734,1.2476779086606744,-1.0,-1.5725291274345632,1.1602809170109831,0.5488462531189857,-1.0479547188892997,0.001366922810407254,0.909623879521838
297,0.5463568919299471,0.5463558294067322,0.0010643554271499655,2.6457620450741506,2.4753723140040647,1.6552650638089292,1.2476794129846116,-1.0,-1.5725302497970115,1.1603574538907286,0.5487260209052653,-1.048164867339325,0.0013680777686097523,0.9098777233025167
298,0.5463555471289956,0.5463544839195043,0.0010646978543953063,2.6457620460961375,2.4753709684679563,1.6552649466167515,1.2476809332710648,-1.0,-1.5725313747782612,1.1604340627667797,0.548605670649546,-1.0483752698161606,0.0013692353721998375,0.9101318671556704
299,0.5463541992102535,0.5463531353128992,0.0010650409614933946,2.6457620471222745,2.475369619812359,1.6552648292160417,1.2476824695688664,-1.0,-1.5725325023884462,1.160510743826106,0.5484852020373866,-1.048585927004696,0.001370395631374225,0.9103863118936595
300,0.5463528481616672,0.546351783574856,0.001065384750705234,2.645762048152574,2.4753682680252114,1.6552647116061001,1.2476840219270715,-1.0,-1.5725336326377561,1.1605874972564532,0.5483646147530211,-1.048796839592734,0.00137155855638477,0.9106410583323071
301,0.5463514939711176,0.5463504286932503,0.0010657292249126537,2.6457620491870495,2.4753669130943887,1.655264593786222,1.2476855903949586,-1.0,-1.572534765536435,1.1606643232463483,0.5482439084793511,-1.0490080082710085,0.0013727241575390106,0.9108961072909183
302,0.5463501366264208,0.5463490706558916,0.001066074385951028,2.645762050225717,2.4753655550077,1.6552644757557005,1.2476871750220317,-1.0,-1.5725359010947828,1.1607412219851032,0.5481230828979379,-1.0492194337332004,0.0013738924452003235,0.9111514595923008
303,0.5463487761153241,0.5463477094505211,0.001066420236484891,2.6457620512685893,2.4753641937528856,1.655264357513824,1.24768877585802,-1.0,-1.5725370393231557,1.1608181936628206,0.548002137688995,-1.0494311166759565,0.0013750634297883904,0.9114071160627853
304,0.5463474124255101,0.546346345064815,0.0010667667789658402,2.6457620523156806,2.475362829317622,1.6552642390598777,1.2476903929528804,-1.0,-1.5725381802319665,1.1608952384703966,0.54788107253138,-1.0496430577989055,0.0013762371217797811,0.9116630775322462
305,0.5463460455445938,0.5463449774863821,0.0010671140160490257,2.6457620533670063,2.4753614616895177,1.6552641203931446,1.247692026356799,-1.0,-1.5725393238316845,1.1609723565995267,0.547759887102587,-1.0498552578046756,0.0013774135317080696,0.9119193448341221
306,0.5463446754601224,0.5463436067027633,0.0010674619495527424,2.6457620544225784,2.475360090856112,1.655264001512902,1.2476936761201916,-1.0,-1.5725404701328365,1.1610495482427101,0.5476385810787388,-1.0500677173989128,0.0013785926701643783,0.9121759188054367
307,0.5463433021595742,0.5463422327014309,0.001067810582331275,2.6457620554824137,2.4753587168048776,1.655263882418425,1.2476953422937067,-1.0,-1.572541619146007,1.1611268135932542,0.5475171541345781,-1.0502804372902976,0.0013797745477978054,0.9124328002868204
308,0.5463419256303609,0.5463408554697897,0.001068159917441688,2.6457620565465243,2.475357339523219,1.6552637631089848,1.247697024928225,-1.0,-1.5725427708818387,1.161204152845279,0.5473956059434605,-1.0504934181905634,0.0013809591753157749,0.9126899901225308
309,0.5463405458598231,0.5463394749951735,0.0010685099564810125,2.645762057614926,2.4753559589984695,1.6552636435838488,1.2476987240748627,-1.0,-1.5725439253510325,1.1612815661937226,0.5472739361773457,-1.0507066608145146,0.0013821465634843858,0.9129474891604744
310,0.5463391628352324,0.5463380912648483,0.0010688607018737577,2.6457620586876334,2.475354575217894,1.6552635238422806,1.2477004397849711,-1.0,-1.5725450825643486,1.161359053834345,0.5471521445067895,-1.050920165880044,0.0013833367231291507,0.9132052982522281
311,0.5463377765437909,0.5463367042660096,0.0010692121574935529,2.64576205976466,2.475353188168688,1.6552634038835414,1.2477021721101398,-1.0,-1.572546242532606,1.1614366159637335,0.5470302306009357,-1.051133934108152,0.0013845296651349573,0.9134634182530609
312,0.5463363869726305,0.5463353139857817,0.0010695643243010863,2.6457620608460206,2.475351797837975,1.6552632837068866,1.2477039211021967,-1.0,-1.5725474052666837,1.1615142527793074,0.5469081941275077,-1.0513479662229643,0.0013857254004467283,0.9137218500219555
313,0.5463349941088088,0.5463339204112174,0.0010699172055372427,2.6457620619317326,2.475350404212808,1.655263163311569,1.2477056868132113,-1.0,-1.5725485707775213,1.1615919644793227,0.5467860347528001,-1.0515622629517505,0.0013869239400698102,0.913980594421631
314,0.5463335979393165,0.5463325235292993,0.0010702708040222749,2.6457620630218086,2.475349007280169,1.6552630426968389,1.2477074692954933,-1.0,-1.5725497390761185,1.1616697512628766,0.5466637521416703,-1.0517768250249426,0.0013881252950705175,0.9142396523185643
315,0.5463321984510697,0.5463311233269375,0.00107062512194908,2.645762064116262,2.4753476070269667,1.6552629218619401,1.2477092686015963,-1.0,-1.5725509101735362,1.1617476133299138,0.5465413459575302,-1.0519916531761542,0.0013893294765764048,0.9144990245830127
316,0.5463307956309112,0.5463297197909679,0.0010709801615062067,2.645762065215111,2.4753462034400378,1.6552628008061148,1.24771108478432,-1.0,-1.5725520840808966,1.1618255508812299,0.5464188158623375,-1.0522067481421993,0.0013905364957767714,0.9147587120890365
317,0.5463293894656118,0.546328312908155,0.0010713359261214047,2.6457620663183685,2.4753447965061457,1.6552626795286,1.2477129178967092,-1.0,-1.5725532608093846,1.161903564118477,0.546296161516587,-1.052422110663111,0.0013917463639232836,0.9150187157145218
318,0.546327979941869,0.5463269026651894,0.0010716924183876424,2.64576206742605,2.4753433862119802,1.6552625580286302,1.2477147679920575,-1.0,-1.572554440370246,1.1619816532441687,0.546173382579302,-1.0526377414821613,0.0013929590923297801,0.9152790363412031
319,0.5463265670463056,0.546325489048686,0.0010720496402715964,2.6457620685381715,2.475341972544157,1.655262436305435,1.2477166351239075,-1.0,-1.5725556227747908,1.1620598184616855,0.5460504787080258,-1.0528536413458798,0.0013941746923735547,0.9155396748546866
320,0.5463251507654698,0.5463240720451877,0.001072407594564046,2.645762069654748,2.4753405554892174,1.6552623143582403,1.2477185193460532,-1.0,-1.5725568080343915,1.1621380599752795,0.5459274495588126,-1.0530698110040737,0.0013953931754953168,0.9158006321444728
321,0.5463237310858338,0.5463226516411596,0.0010727662844645163,2.6457620707757927,2.475339135033626,1.6552621921862685,1.247720420712541,-1.0,-1.5725579961604845,1.1622163779900796,0.5458042947862186,-1.0532862512098475,0.0013966145531998525,0.9160619091039808
322,0.5463223079937943,0.5463212278229906,0.0010731257119252625,2.6457620719013253,2.4753377111637715,1.6552620697887372,1.2477223392776724,-1.0,-1.5725591871645708,1.1622947727120967,0.5456810140432934,-1.0535029627196222,0.0013978388370563348,0.9163235066305712
323,0.5463208814756739,0.5463198005769972,0.0010734858801354744,2.645762073031358,2.4753362838659703,1.6552619471648609,1.2477242750960034,-1.0,-1.572560381058215,1.162373244348229,0.5455576069815706,-1.053719946293156,0.0013990660386986357,0.9165854256255699
324,0.5463194515177151,0.5463183698894143,0.0010738467918649849,2.6457620741659067,2.475334853126456,1.65526182431385,1.2477262282223482,-1.0,-1.5725615778530477,1.1624517931062672,0.5454340732510592,-1.0539372026935638,0.0014002961698263742,0.9168476669942923
325,0.5463180181060837,0.5463169357464012,0.0010742084492582483,2.6457620753049884,2.475333418931388,1.6552617012349098,1.2477281987117803,-1.0,-1.5725627775607651,1.1625304191949,0.5453104125002338,-1.054154732687338,0.0014015292422048002,0.9171102316460672
326,0.5463165812268693,0.5463154981340402,0.001074570855488461,2.645762076448617,2.475331981266848,1.6552615779272428,1.2477301866196333,-1.0,-1.5725639801931288,1.1626091228237185,0.545186624376026,-1.0543725370443682,0.0014027652676654938,0.917373120494261
327,0.5463151408660812,0.5463140570383337,0.001074934013103282,2.6457620775968107,2.4753305401188377,1.6552614543900472,1.2477321920015036,-1.0,-1.5725651857619676,1.1626879042032232,0.5450627085238149,-1.0545906165379626,0.0014040042581069483,0.9176363344563024
328,0.5463136970096503,0.5463126124452048,0.0010752979250583483,2.6457620787495837,2.4753290954732803,1.6552613306225166,1.2477342149132518,-1.0,-1.5725663942791768,1.162766763544828,0.5449386645874175,-1.0548089719448681,0.0014052462254948422,0.917899874453707
329,0.5463122496434277,0.5463111643404982,0.0010756625938908636,2.6457620799069526,2.475327647316019,1.6552612066238404,1.2477362554110034,-1.0,-1.5725676057567193,1.1628457010608666,0.5448144922090797,-1.0550276040452915,0.0014064911818627384,0.918163741412102
330,0.5463107987531832,0.5463097127099762,0.0010760280223393534,2.6457620810689324,2.4753261956328165,1.6552610823932046,1.2477383135511517,-1.0,-1.5725688202066264,1.1629247169645973,0.5446901910294667,-1.0552465136229203,0.0014077391393125121,0.9184279362612514
331,0.5463093443246074,0.5463082575393217,0.0010763942135495915,2.6457620822355405,2.475324740409355,1.6552609579297903,1.2477403893903596,-1.0,-1.5725700376409975,1.163003811470209,0.544565760687653,-1.0554657014649442,0.0014089901100146612,0.9186924599350811
332,0.5463078863433082,0.5463067988141364,0.0010767611702490255,2.6457620834067934,2.475323281631235,1.6552608332327747,1.2477424829855601,-1.0,-1.572571258072001,1.1630829847928263,0.5444412008211134,-1.0556851683620763,0.0014102441062091224,0.9189573133717045
333,0.5463064247948123,0.5463053365199382,0.001077128894953613,2.645762084582706,2.475321819283975,1.6552607083013307,1.2477445943939587,-1.0,-1.5725724815118751,1.163162237148516,0.5443165110657128,-1.0559049151085746,0.0014115011402055049,0.919222497513448
334,0.5463049596645632,0.5463038706421641,0.0010774973905863872,2.645762085763297,2.475320353353011,1.6552605831346265,1.2477467236730357,-1.0,-1.5725737079729278,1.163241568754292,0.5441916910556966,-1.056124942502264,0.0014127612243838665,0.9194880133068767
335,0.5463034909379193,0.5463024011661658,0.0010778666604767415,2.64576208694858,2.475318883823694,1.6552604577318266,1.2477488708805464,-1.0,-1.5725749374675377,1.163320979828121,0.5440667404236811,-1.056345251344558,0.0014140243711949479,0.9197538617028209
336,0.5463020186001596,0.5463009280772134,0.0010782367067122467,2.645762088138572,2.475317410681293,1.655260332092091,1.247751036074525,-1.0,-1.5725761700081542,1.163400470588929,0.5439416588006428,-1.05656584244048,0.0014152905931609488,0.9200200436564019
337,0.5463005426364754,0.546299451360491,0.001078607533022834,2.6457620893332914,2.475315933910993,1.655260206214575,1.2477532193132852,-1.0,-1.5725774056072985,1.163480041256606,0.5438164458159092,-1.056786716598687,0.0014165599028759172,0.9202865601270585
338,0.546299063031972,0.5462979710010967,0.001078979141485289,2.6457620905327532,2.475314453497891,1.6552600800984296,1.2477554206554213,-1.0,-1.5725786442775642,1.163559692052013,0.543691101097148,-1.057007874631491,0.0014178323130063324,0.9205534120785736
339,0.5462975797716716,0.5462964869840449,0.001079351535611883,2.6457620917369753,2.4753129694269997,1.655259953742802,1.2477576401598116,-1.0,-1.572579886031617,1.163639423196987,0.5435656242703577,-1.0572293173548817,0.0014191078362914926,0.9208206004791012
340,0.5462960928405077,0.5462949992942618,0.0010797247180857343,2.6457620929459766,2.4753114816832467,1.6552598271468342,1.2477598778856194,-1.0,-1.5725811308821958,1.163719234914348,0.5434400149598566,-1.057451045588549,0.0014203864855441765,0.9210881263011937
341,0.5462946022233288,0.5462935079165879,0.0010800986919956871,2.6457620941597706,2.475309990251471,1.6552597003096639,1.2477621338922933,-1.0,-1.5725823788421136,1.163799127427903,0.5433142727882729,-1.0576730601559072,0.0014216682736513811,0.9213559905218286
342,0.5462931079048937,0.5462920128357742,0.0010804734602190677,2.645762095378376,2.4753084951164226,1.6552595732304238,1.247764408239572,-1.0,-1.5725836299242577,1.1638791009624543,0.5431883973765343,-1.057895361884116,0.0014229532135744385,0.9216241941224362
343,0.5462916098698746,0.5462905140364853,0.0010808490256274648,2.6457620966018087,2.4753069962627663,1.6552594459082437,1.2477667009874849,-1.0,-1.57258488414159,1.1639591557438045,0.5430623883438571,-1.0581179516041055,0.001424241318350026,0.9218927380889275
344,0.546290108102853,0.5462890115032947,0.001081225391497446,2.645762097830088,2.4753054936750747,1.6552593183422466,1.2477690121963536,-1.0,-1.5725861415071478,1.1640392919987625,0.542936245307736,-1.058340830150599,0.0014255326010904768,0.9221616234117218
345,0.5462886025883228,0.5462875052206883,0.001081602560688661,2.6457620990632296,2.4753039873378335,1.6552591905315521,1.2477713419267935,-1.0,-1.5725874020340442,1.16411950995515,0.5428099678839333,-1.0585639983621367,0.001426827074984286,0.9224308510857754
346,0.546287093310685,0.5462859951730596,0.0010819805360549877,2.6457621003012517,2.4753024772354353,1.6552590624752754,1.247773690239717,-1.0,-1.5725886657354693,1.1641998098418074,0.5426835556864681,-1.0587874570810996,0.0014281247532968479,0.9227004221106092
347,0.5462855802542511,0.5462844813447121,0.0010823593210599661,2.6457621015441712,2.4753009633521836,1.6552589341725266,1.2477760571963343,-1.0,-1.5725899326246897,1.1642801918886005,0.5425570083276057,-1.0590112071537336,0.0014294256493709225,0.9229703374903379
348,0.546284063403242,0.5462829637198582,0.0010827389185452485,2.645762102792007,2.475299445672289,1.6552588056224105,1.2477784428581564,-1.0,-1.57259120271505,1.1643606563264266,0.5424303254178462,-1.0592352494301733,0.0014307297766272965,0.9232405982336985
349,0.5462825427417829,0.5462814422826158,0.001083119331346679,2.645762104044775,2.4752979241798703,1.6552586768240285,1.2477808472869953,-1.0,-1.572592476019973,1.164441203387221,0.5423035065659142,-1.059459584764467,0.0014320371485653661,0.9235112053540796
350,0.5462810182539096,0.5462799170170122,0.0010835005629090807,2.6457621053024942,2.475296398858953,1.6552585477764759,1.2477832705449685,-1.0,-1.5725937525529605,1.1645218333039626,0.542176551378747,-1.059684214014601,0.0014333477787636419,0.9237821598695501
351,0.5462794899235618,0.5462783879069787,0.0010838826162608592,2.6457621065651833,2.475294869693469,1.6552584184788441,1.2477857126944987,-1.0,-1.5725950323275935,1.1646025463106822,0.5420494594614839,-1.0599091380425245,0.0014346616808804092,0.9240534628028899
352,0.5462779577345852,0.5462768549363527,0.0010842654942194996,2.6457621078328586,2.4752933366672547,1.6552582889302188,1.2477881737983165,-1.0,-1.5725963153575333,1.164683342642467,0.5419222304174546,-1.0601343577141742,0.001435978868654273,0.9243251151816181
353,0.5462764216707301,0.5462753180888772,0.0010846492004154952,2.6457621091055397,2.475291799764052,1.655258159129682,1.2477906539194634,-1.0,-1.5725976016565215,1.1647642225354684,0.5417948638481681,-1.0603598738995001,0.0014372993559050118,0.9245971180380241
354,0.5462748817156518,0.5462737773481979,0.001085033738063026,2.645762110383243,2.4752902589675063,1.655258029076309,1.2477931531212927,-1.0,-1.5725988912383815,1.1648451862269082,0.5416673593533013,-1.0605856874724908,0.0014386231565337727,0.9248694724091976
355,0.5462733378529068,0.5462722326978645,0.0010854191099606708,2.645762111665988,2.4752887142611666,1.6552578987691724,1.2477956714674723,-1.0,-1.572600184117018,1.1649262339550854,0.541539716530687,-1.0608117993111983,0.001439950284524081,0.9251421793370588
356,0.5462717900659574,0.5462706841213294,0.001085805319310112,2.645762112953793,2.475287165628486,1.6552577682073377,1.2477982090219857,-1.0,-1.5726014803064188,1.1650073659593831,0.5414119349763028,-1.0610382102977651,0.0014412807539423069,0.9254152398683891
357,0.5462702383381647,0.5462691316019458,0.0010861923693065462,2.6457621142466765,2.475285613052815,1.655257637389867,1.2478007658491361,-1.0,-1.5726027798206543,1.1650885824802746,0.541284014284259,-1.061264921318449,0.0014426145789380542,0.9256886550548629
358,0.5462686826527924,0.5462675751229694,0.001086580263547375,2.6457621155446582,2.4752840565174097,1.6552575063158164,1.2478033420135464,-1.0,-1.572604082673879,1.165169883759331,0.5411559540467868,-1.0614919332636505,0.0014439517737454034,0.9259624259530772
359,0.5462671229930042,0.5462660146675549,0.0010869690050100671,2.6457621168477536,2.475282496005425,1.6552573749842372,1.2478059375801613,-1.0,-1.5726053888803317,1.165251270039228,0.5410277538542271,-1.0617192470279384,0.00144529235268299,0.9262365536245849
360,0.5462655593418628,0.5462644502187566,0.0010873585970742688,2.645762118155984,2.4752809314999134,1.6552572433941752,1.2478085526142528,-1.0,-1.5726066984543365,1.1653327415637522,0.5408994132950171,-1.0619468635100764,0.0014466363301547805,0.9265110391359249
361,0.5462639916823322,0.546262881759529,0.0010877490427045294,2.645762119469368,2.4752793629838292,1.6552571115446717,1.247811187181418,-1.0,-1.5726080114103027,1.165414298577809,0.5407709319556796,-1.0621747836130504,0.0014479837206509674,0.9267858835586554
362,0.5462624199972701,0.5462613092727225,0.0010881403456753749,2.645762120787924,2.475277790440023,1.6552569794347622,1.2478138413475839,-1.0,-1.5726093277627267,1.165495941327429,0.5406423094208098,-1.0624030082440956,0.0014493345387483183,0.9270610879693852
363,0.5462608442694346,0.5462597327410862,0.0010885325093459134,2.6457621221116727,2.4752762138512416,1.6552568470634779,1.2478165151790088,-1.0,-1.5726106475261912,1.1655776700597753,0.5405135452730636,-1.0626315383147233,0.0014506887991111476,0.9273366534498068
364,0.546259264481481,0.546258152147265,0.0010889255368644669,2.64576212344063,2.4752746332001307,1.6552567144298433,1.2478192087422841,-1.0,-1.5726119707153672,1.1656594850231508,0.5403846390931448,-1.0628603747407495,0.0014520465164918988,0.9276125810867284
365,0.5462576806159566,0.546256567473799,0.001089319431372763,2.6457621247748193,2.475273048469229,1.6552565815328781,1.2478219221043385,-1.0,-1.5726132973450138,1.1657413864670054,0.5402555904597929,-1.063089518442321,0.0014534077057314946,0.9278888719721079
366,0.5462560926553066,0.5462549787031249,0.0010897141964134516,2.6457621261142563,2.4752714596409735,1.6552564483715981,1.2478246553324372,-1.0,-1.572614627429979,1.165823374641943,0.5401263989497701,-1.063318970343945,0.0014547723817604644,0.9281655272030859
367,0.5462545005818696,0.5462533858175704,0.0010901098357256598,2.6457621274589624,2.4752698666976904,1.655256314945011,1.2478274084941872,-1.0,-1.5726159609852015,1.1659054497997297,0.5399970641378492,-1.0635487313745164,0.001456140559599526,0.9284425478820185
368,0.5462529043778763,0.5462517887993585,0.001090506352430145,2.6457621288089563,2.475268269621602,1.6552561812521214,1.2478301816575375,-1.0,-1.5726172980257094,1.1659876121932997,0.5398675855968,-1.0637788024673467,0.0014575122543600142,0.9287199351165123
369,0.5462513040254505,0.546250187630604,0.001090903749641014,2.6457621301642593,2.4752666683948235,1.6552560472919273,1.2478329748907826,-1.0,-1.5726186385666225,1.1660698620767642,0.5397379628973772,-1.0640091845601918,0.001458887481245084,0.9289976900194578
370,0.5462496995066075,0.5462485822933125,0.0010913020308726475,2.6457621315248905,2.475265062999359,1.6552559130634215,1.2478357882625637,-1.0,-1.5726199826231526,1.1661521997054183,0.5396081956083066,-1.0642398785952825,0.0014602662555500228,0.9292758137090639
371,0.5462480908032541,0.5462469727693816,0.0010917012006491215,2.6457621328908694,2.4752634534171056,1.655255778565591,1.2478386218418724,-1.0,-1.5726213302106036,1.1662346253357487,0.5394782832962727,-1.064470885519352,0.0014616485926630268,0.9295543073088929
372,0.5462464778971851,0.5462453590405972,0.0010921012616558678,2.6457621342622155,2.4752618396298485,1.655255643797418,1.2478414756980525,-1.0,-1.5726226813443733,1.1663171392254414,0.5393482255259047,-1.0647022062836666,0.0014630345080659784,0.9298331719478953
373,0.5462448607700863,0.5462437410886356,0.0010925022169786963,2.6457621356389502,2.4752602216192634,1.6552555087578777,1.2478443499008018,-1.0,-1.5726240360399533,1.1663997416333893,0.5392180218597639,-1.0649338418440542,0.00146442401733534,0.9301124087604449
374,0.5462432394035287,0.5462421188950591,0.0010929040709157143,2.6457621370210926,2.4752585993669123,1.655255373445941,1.2478472445201756,-1.0,-1.57262539431293,1.1664824328196999,0.5390876718583296,-1.0651657931609348,0.0014658171361427367,0.9303920188863747
375,0.5462416137789731,0.5462404924413183,0.0010933068263348394,2.645762138408665,2.4752569728542446,1.655255237860572,1.2478501596265885,-1.0,-1.5726267561789857,1.1665652130457034,0.5389571750799861,-1.0653980611993512,0.0014672138802557726,0.9306720034710125
376,0.5462399838777661,0.5462388617087507,0.0010937104879247164,2.6457621398016857,2.4752553420625976,1.6552551020007296,1.2478530952908167,-1.0,-1.5726281216538986,1.1666480825739605,0.5388265310810084,-1.0656306469289982,0.0014686142655384576,0.9309523636652172
377,0.5462383496811385,0.5462372266785777,0.0010941150583353826,2.645762141200177,2.4752537069731915,1.6552549658653675,1.2478560515840007,-1.0,-1.5726294907535443,1.1667310416682701,0.5386957394155489,-1.065863551324254,0.0014700183079524513,0.9312331006254151
378,0.5462367111702067,0.5462355873319058,0.0010945205412250436,2.6457621426041573,2.475252067567133,1.6552548294534322,1.247859028577648,-1.0,-1.5726308634938957,1.1668140905936781,0.5385647996356234,-1.0660967753642108,0.0014714260235578018,0.9315142155136369
379,0.5462350683259724,0.5462339436497268,0.0010949269406497991,2.64576214401365,2.4752504238254125,1.655254692763865,1.2478620263436364,-1.0,-1.5726322398910246,1.1668972296164848,0.5384337112910969,-1.066330320032706,0.0014728374285132167,0.9317957094975546
380,0.5462334211293153,0.5462322956129116,0.0010953342598465608,2.645762145428675,2.4752487757289003,1.6552545557956015,1.2478650449542146,-1.0,-1.5726336199611028,1.1669804590042527,0.5383024739296692,-1.0665641863183535,0.0014742525390774625,0.9320775837505191
381,0.5462317695610011,0.5462306432022153,0.0010957425028556888,2.645762146849253,2.4752471232583515,1.655254418547571,1.2478680844820058,-1.0,-1.5726350037204015,1.1670637790258165,0.5381710870968617,-1.066798375214576,0.0014756713716097142,0.9323598394515973
382,0.5462301136016743,0.5462289863982728,0.0010961516733040606,2.645762148275405,2.4752454663943992,1.6552542810186972,1.2478711450000104,-1.0,-1.5726363911852934,1.1671471899512889,0.5380395503360016,-1.0670328877196362,0.0014770939425707602,0.932642477785611
383,0.5462284532318592,0.5462273251815988,0.001096561774810793,2.6457621497071537,2.4752438051175583,1.6552541432078969,1.2478742265816094,-1.0,-1.5726377823722526,1.1672306920520712,0.5379078631882084,-1.0672677248366693,0.0014785202685233128,0.9329254999431748
384,0.5462267884319597,0.5462256595325872,0.001096972811392058,2.6457621511445186,2.4752421394082216,1.6552540051140818,1.2478773293005647,-1.0,-1.572639177297856,1.1673142856008605,0.537776025192379,-1.0675028875737154,0.0014799503661331354,0.9332089071207343
385,0.5462251191822578,0.5462239894315095,0.0010973847864486073,2.645762152587523,2.47524046924666,1.6552538667361565,1.2478804532310246,-1.0,-1.572640575978784,1.1673979708716586,0.5376440358851727,-1.0677383769437523,0.0014813842521699744,0.9334927005206063
386,0.5462234454629108,0.5462223148585138,0.0010977977039804783,2.645762154036188,2.4752387946130208,1.6552537280730206,1.2478835984475245,-1.0,-1.5726419784318215,1.1674817481397806,0.5375118948009967,-1.0679741939647287,0.001482821943508182,0.9337768813510167
387,0.5462217672539541,0.5462206357936246,0.0010982115677770847,2.645762155490534,2.475237115487328,1.655253589123566,1.2478867650249896,-1.0,-1.572643384673858,1.1675656176818636,0.537379601471991,-1.0682103396595974,0.0014842634571274923,0.9340614508261408
388,0.5462200845352968,0.546218952216741,0.0010986263816196923,2.6457621569505845,2.4752354318494802,1.6552534498866796,1.24788995303874,-1.0,-1.5726447947218891,1.167649579775875,0.5372471554280129,-1.0684468150563486,0.0014857088101142264,0.9343464101661438
389,0.5462183972867214,0.5462172641076355,0.0010990421492814008,2.6457621584163626,2.475233743679249,1.6552533103612403,1.2478931625644902,-1.0,-1.5726462085930175,1.1677336347011222,0.5371145561966224,-1.0686836211880444,0.0014871580196618758,0.9346317605972204
390,0.5462167054878853,0.5462155714459548,0.0010994588749310423,2.645762159887887,2.4752320509562797,1.6552531705461235,1.2478963936783534,-1.0,-1.572647626304453,1.1678177827382603,0.5369818033030662,-1.0689207590928522,0.0014886111030717227,0.9349175033516358
391,0.5462150091183146,0.5462138742112153,0.001099876562324873,2.645762161365183,2.4752303536600886,1.6552530304401956,1.247899646456845,-1.0,-1.5726490478735151,1.1679020241693023,0.5368488962702627,-1.06915822981408,0.0014900680777544348,0.9352036396677663
392,0.5462133081574089,0.5462121723828061,0.0011002952152109296,2.6457621628482704,2.4752286517700646,1.655252890042317,1.2479029209768846,-1.0,-1.5726504733176316,1.1679863592776272,0.5367158346187859,-1.0693960344002107,0.0014915289612302972,0.9354901707901415
393,0.5462116025844387,0.5462104659399853,0.00110071483753074,2.6457621643371745,2.4752269452654643,1.655252749351342,1.2479062173157989,-1.0,-1.572651902654341,1.1680707883479895,0.5365826178668499,-1.0696341739049369,0.001492993771130262,0.9357770979694853
394,0.5462098923785391,0.5462087548618798,0.0011011354336205722,2.645762165831916,2.475225234125414,1.6552526083661179,1.2479095355513243,-1.0,-1.5726533359012929,1.1681553116665282,0.5364492455302929,-1.0698726493871968,0.0014944625251969979,0.9360644224627581
395,0.5462081775187144,0.5462070391274829,0.001101557007202776,2.645762167332519,2.475223518328906,1.6552524670854871,1.247912875761611,-1.0,-1.5726547730762492,1.1682399295207762,0.5363157171225613,-1.0701114619112095,0.0014959352412859384,0.9363521455332
396,0.5462064579838389,0.5462053187156565,0.0011019795623944029,2.6457621688390054,2.475221797854802,1.6552523255082823,1.2479162380252244,-1.0,-1.572656214197085,1.16832464219967,0.5361820321546931,-1.0703506125465116,0.001497411937365555,0.9366402684503721
397,0.5462047337526472,0.5462035936051268,0.0011024031033035771,2.6457621703513974,2.475220072681828,1.6552521836333325,1.2479196224211488,-1.0,-1.5726576592817891,1.1684094499935582,0.5360481901353019,-1.0705901023679925,0.0014988926315190267,0.9369287924902014
398,0.5462030048037425,0.5462018637744833,0.0011028276338281352,2.645762171869721,2.475218342788571,1.655252041459457,1.2479230290287913,-1.0,-1.5726591083484653,1.1684943531942122,0.5359141905705607,-1.0708299324559316,0.001500377341944863,0.9372177189350231
399,0.5462012711155878,0.5462001292021806,0.001103253158259785,2.6457621733939973,2.4752166081534863,1.6552518989854705,1.247926457927982,-1.0,-1.5726605614153335,1.1685793520948347,0.5357800329641845,-1.0710701038960353,0.0015018660869577584,0.9375070490736254
400,0.5461995326665113,0.5461983898665349,0.001103679680277381,2.64576217492425,2.4752148687548887,1.6552517562101805,1.2479299091989808,-1.0,-1.5726620185007296,1.1686644469900695,0.5356457168174142,-1.0713106177794738,0.0015033588849895241,0.937796784201293
401,0.5461977894346995,0.5461966457457219,0.0011041072043558274,2.6457621764605026,2.4752131245709537,1.6552516131323871,1.2479333829224775,-1.0,-1.5726634796231083,1.1687496381760125,0.5355112416289997,-1.071551475202919,0.0015048557545904496,0.9380869256198525
402,0.5461960413982005,0.5461948968177789,0.0011045357349603806,2.645762178002779,2.4752113755797165,1.6552514697508829,1.2479368791795968,-1.0,-1.5726649448010424,1.1688349259502198,0.5353766068951822,-1.0717926772685822,0.001506356714429884,0.9383774746377173
403,0.5461942885349222,0.5461931430606011,0.0011049652757428208,2.645762179551104,2.475209621759073,1.6552513260644546,1.2479403980519,-1.0,-1.5726664140532245,1.1689203106117185,0.5352418121096778,-1.0720342250842527,0.0015078617832973253,0.9386684325699327
404,0.5461925308226259,0.5461913844519399,0.0011053958313508565,2.6457621811055008,2.4752078630867738,1.6552511820718807,1.2479439396213883,-1.0,-1.5726678873984683,1.1690057924610173,0.5351068567636597,-1.072276119763336,0.0015093709801034295,0.9389598007382226
405,0.5461907682389338,0.5461896209694057,0.0011058274056189928,2.645762182665993,2.4752060995404275,1.6552510377719334,1.247947503970507,-1.0,-1.5726693648557086,1.169091371800115,0.5349717403457408,-1.0725183624248922,0.0015108843238810612,0.9392515804710351
406,0.5461890007613199,0.5461878525904614,0.0011062600025736598,2.6457621842326056,2.4752043310974967,1.6552508931633778,1.2479510911821483,-1.0,-1.572670846444004,1.1691770489325122,0.5348364623419561,-1.0727609541936765,0.0015124018337862634,0.9395437731035893
407,0.5461872283671146,0.5461860792924252,0.0011066936276366301,2.6457621858053635,2.475202557735299,1.6552507482449708,1.247954701339654,-1.0,-1.5726723321825355,1.1692628241632208,0.5347010222357449,-1.073003896200178,0.0015139235290993081,0.9398363799779227
408,0.546185451033499,0.5461843010524678,0.0011071282842127367,2.6457621873842885,2.475200779431004,1.6552506030154623,1.2479583345268188,-1.0,-1.5726738220906098,1.1693486977987744,0.5345654195079327,-1.0732471895806592,0.0015154494292257449,0.9401294024429386
409,0.5461836687375075,0.5461825178476105,0.0011075639769014733,2.6457621889694085,2.475198996161632,1.655250457473596,1.247961990827895,-1.0,-1.5726753161876592,1.169434670147239,0.5344296536367131,-1.0734908354771975,0.001516979553697333,0.9404228418544541
410,0.5461818814560234,0.5461807296547259,0.0011080007098913987,2.6457621905607467,2.4751972079040554,1.6552503116181063,1.2479656703275939,-1.0,-1.572676814493243,1.1695207415182232,0.5342937240976299,-1.0737348350377243,0.001518513922173247,0.9407166995752483
411,0.5461800891657785,0.5461789364505341,0.0011084384879625154,2.645762192158329,2.4751954146349933,1.6552501654477216,1.24796937311109,-1.0,-1.5726783170270482,1.1696069122228896,0.534157630363558,-1.0739791894160673,0.001520052554441125,0.9410109769751109
412,0.5461782918433546,0.546177138211604,0.001108877314682875,2.64576219376218,2.4751936163310133,1.6552500189611619,1.2479730992640248,-1.0,-1.5726798238088915,1.1696931825739645,0.5340213719046855,-1.0742238997719915,0.0015215954704180792,0.9413056754308923
413,0.5461764894651786,0.5461753349143509,0.0011093171956135493,2.6457621953723245,2.4751918129685304,1.65524987215714,1.2479768488725094,-1.0,-1.5726813348587187,1.169779552885749,0.5338849481884942,-1.0744689672712404,0.001523142690151901,0.9416007963265525
414,0.5461746820075203,0.5461735265350341,0.001109758134703129,2.645762196988789,2.475190004523803,1.6552497250343605,1.2479806220231286,-1.0,-1.572682850196608,1.169866023474131,0.5337483586797414,-1.074714393085579,0.001524694233821954,0.9418963410532113
415,0.5461728694464988,0.5461717130497584,0.001110200136290922,2.645762198611598,2.4751881909729345,1.6552495775915212,1.2479844188029439,-1.0,-1.5726843698427686,1.169952594656594,0.5336116028404402,-1.074960178392835,0.001526250121740457,0.9421923110091992
416,0.5461710517580691,0.546169894434468,0.00111064320530606,2.645762200240777,2.475186372291869,1.6552494298273115,1.2479882392994976,-1.0,-1.5726858938175448,1.1700392667522308,0.5334746801298406,-1.0752063243769434,0.0015278103743537265,0.9424887076001083
417,0.5461692289180329,0.5461680706649517,0.0011110873458673686,2.645762201876353,2.4751845484563946,1.6552492817404132,1.247992083600816,-1.0,-1.572687422141414,1.1701260400817524,0.5333375900044098,-1.075452832227988,0.0015293750122429162,0.9427855322388434
418,0.5461674009020286,0.546166241716836,0.0011115325628830558,2.6457622035183523,2.475182719442136,1.6552491333294994,1.247995951795413,-1.0,-1.5726889548349905,1.1702129149675011,0.5332003319178131,-1.075699703142246,0.0015309440561256482,0.9430827863456746
419,0.5461655676855337,0.5461644075655858,0.001111978861250353,2.6457622051667995,2.4751808852245576,1.6552489845932374,1.2479998439722926,-1.0,-1.5726904919190245,1.1702998917334606,0.5330629053208932,-1.0759469383222322,0.0015325175268567515,0.9433804713482891
420,0.5461637292438636,0.5461625681865038,0.0011124262448574684,2.6457622068217224,2.4751790457789618,1.6552488355302826,1.248003760220955,-1.0,-1.5726920334144052,1.1703869707052688,0.5329253096616511,-1.0761945389767427,0.0015340954454298162,0.9436785886818444
421,0.5461618855521689,0.5461607235547273,0.0011128747187803322,2.6457622084831467,2.4751772010804842,1.6552486861392863,1.2480077006313985,-1.0,-1.5726935793421604,1.1704741522102275,0.5327875443852255,-1.0764425063209,0.0015356778329780874,0.943977139789022
422,0.5461600365854332,0.5461588736452289,0.0011133242880835019,2.6457622101510987,2.475175351104097,1.6552485364188902,1.2480116652941233,-1.0,-1.5726951297234586,1.1705614365773163,0.5326496089338724,-1.0766908415761987,0.0015372647107757087,0.9442761261200802
423,0.5461581823184744,0.5461570184328128,0.0011137749566239627,2.645762211825606,2.4751734958246034,1.6552483863677272,1.248015654300136,-1.0,-1.5726966845796104,1.1706488241372028,0.5325115027469449,-1.0769395459705504,0.0015388561002390821,0.9445755491329094
424,0.5461563227259416,0.5461551578921151,0.001114226729843465,2.645762213506696,2.475171635216639,1.6552482359844216,1.2480196677409525,-1.0,-1.5726982439320685,1.1707363152222559,0.5323732252608725,-1.07718862073833,0.0015404520229278784,0.9448754102930869
425,0.5461544577823135,0.5461532919976021,0.0011146796123748621,2.645762215194395,2.4751697692546686,1.6552480852675906,1.248023705708603,-1.0,-1.5726998078024301,1.170823910166556,0.5322347759091397,-1.077438067120423,0.0015420525005465913,0.9451757110739314
426,0.5461525874618974,0.5461514207235676,0.0011151336092384188,2.6457622168887305,2.4751678979129856,1.6552479342158422,1.248027768295634,-1.0,-1.572701376212438,1.170911609305909,0.5320961541222656,-1.0776878863642703,0.001543657554945509,0.9454764529565598
427,0.5461507117388278,0.5461495440441327,0.0011155887250448215,2.6457622185897285,2.47516602116571,1.655247782827776,1.248031855595114,-1.0,-1.5727029491839812,1.1709994129778576,0.5319573593277821,-1.0779380797239182,0.0015452672081219577,0.9457776374299431
428,0.5461488305870635,0.5461476619332442,0.0011160449643938804,2.64576222029742,2.475164138986787,1.655247631101984,1.2480359677006374,-1.0,-1.572704526739097,1.1710873215216935,0.5318183909502124,-1.0781886484600642,0.001546881482221856,0.9460792659909629
429,0.5461469439803895,0.5461457743646724,0.0011165023326700045,2.6457622220118298,2.475162251349987,1.6552474790370475,1.2480401047063263,-1.0,-1.5727061088999716,1.1711753352784704,0.5316792484110502,-1.078439593840106,0.0015485003995406857,0.9463813401444696
430,0.546145051892412,0.546143881312011,0.0011169608348477855,2.6457622237329863,2.4751603582289023,1.655247326631541,1.2480442667068372,-1.0,-1.5727076956889416,1.1712634545910166,0.5315399311287367,-1.0786909171381895,0.0015501239825250082,0.9466838614033396
431,0.5461431542965567,0.5461419827486725,0.001117420475294072,2.645762225460919,2.475158459596945,1.6552471738840295,1.2480484537973635,-1.0,-1.5727092871284958,1.171351679803947,0.531400438518639,-1.0789426196352594,0.0015517522537736297,0.9469868312885341
432,0.5461412511660717,0.5461400786478899,0.001117881259755472,2.645762227195656,2.475156555427346,1.6552470207930694,1.24805266607364,-1.0,-1.572710883241276,1.1714400112636767,0.5312607699930284,-1.0791947026191064,0.0015533852360391166,0.9472902513291581
433,0.5461393424740195,0.546138168982714,0.0011183431927743366,2.645762228937224,2.475154645693156,1.6552468673572076,1.2480569036319464,-1.0,-1.5727124840500781,1.171528449318434,0.5311209249610569,-1.0794471673844197,0.0015550229522290394,0.9475941230625197
434,0.5461374281932814,0.5461362537260112,0.0011188062796758495,2.6457622306856536,2.475152730367241,1.6552467135749827,1.2480611665691133,-1.0,-1.5727140895778544,1.1716169943182724,0.5309809028287353,-1.0797000152328353,0.0015566654254072932,0.9478984480341901
435,0.5461355082965513,0.5461343328504622,0.001119270525376057,2.645762232440973,2.4751508094222796,1.6552465594449235,1.2480654549825234,-1.0,-1.5727156998477139,1.171705646615085,0.5308407029989102,-1.0799532474729885,0.001558312678795497,0.9482032277980649
436,0.546133582756338,0.546132406328561,0.001119735935374168,2.6457622342032106,2.475148882830765,1.6552464049655506,1.2480697689701188,-1.0,-1.5727173148829245,1.171794406562617,0.5307003248712402,-1.080206865420564,0.0015599647357744317,0.9485084639164245
437,0.5461316515449596,0.5461304741326122,0.0011202025141655418,2.6457622359723967,2.4751469505650014,1.6552462501353744,1.2480741086304032,-1.0,-1.5727189347069142,1.1718832745164793,0.5305597678421738,-1.0804608703983494,0.0015616216198854381,0.9488141579599964
438,0.5461297146345444,0.54612853623473,0.001120670267819488,2.64576223774856,2.475145012597102,1.6552460949528973,1.2480784740624473,-1.0,-1.572720559343272,1.1719722508341623,0.5304190313049248,-1.0807152637362858,0.001563283354831778,0.9491203115080172
439,0.54612777199703,0.5461265926068375,0.0011211392008070853,2.6457622395317295,2.4751430688989884,1.6552459394166115,1.2480828653658926,-1.0,-1.57272218881575,1.1720613358750496,0.5302781146494493,-1.080970046771522,0.0015649499644800713,0.949426926148296
440,0.5461258236041567,0.5461246432206613,0.0011216093187760429,2.645762241321936,2.4751411194423865,1.6552457835249987,1.248087282640956,-1.0,-1.5727238231482648,1.1721505300004311,0.5301370172624211,-1.081225220848467,0.0015666214728618112,0.9497340034772773
441,0.5461238694274735,0.5461226880477356,0.0011220806267672025,2.645762243119209,2.4751391641988296,1.655245627276534,1.2480917259884343,-1.0,-1.572725462364898,1.1722398335735178,0.529995738527208,-1.0814807873188441,0.0015682979041748801,0.9500415451001056
442,0.5461219094383293,0.5461207270593946,0.0011225531307981831,2.6457622449235783,2.475137203139651,1.6552454706696795,1.2480961955097087,-1.0,-1.5727271064898993,1.1723292469594553,0.5298542778238473,-1.081736747541746,0.0015699792827848712,0.95034955263069
443,0.5461199436078743,0.5461187602267741,0.0011230268350931887,2.6457622467350745,2.475135236235985,1.6552453137028902,1.2481006913067492,-1.0,-1.5727287555476868,1.1724187705253382,0.5297126345290208,-1.0819931028836884,0.001571665633226642,0.9506580276917693
444,0.546117971907059,0.5461167875208099,0.0011235017462370967,2.6457622485537287,2.4751332634587664,1.65524515637461,1.2481052134821191,-1.0,-1.5727304095628485,1.172508404640224,0.5295708080160303,-1.082249854718666,0.0015733569802059465,0.9509669719149786
445,0.5461159943066303,0.5461148089122342,0.0011239778688242564,2.64576225037957,2.475131284778727,1.6552449986832738,1.24810976213898,-1.0,-1.5727320685601445,1.1725981496751485,0.5294287976547724,-1.0825070044282086,0.0015750533486007566,0.9512763869409151
446,0.546114010777131,0.5461128243715742,0.001124455208622142,2.64576225221263,2.4751293001663925,1.6552448406273064,1.2481143373810966,-1.0,-1.572733732564508,1.1726880060031393,0.5292866028117128,-1.0827645534014374,0.0015767547634631272,0.9515862744192057
447,0.5461120212888972,0.5461108338691517,0.0011249337713845,2.6457622540529404,2.475127309592084,1.6552446822051217,1.24811893931284,-1.0,-1.5727354016010477,1.1727779739992312,0.5291442228498616,-1.0830225030351217,0.0015784612500202454,0.9518966360085751
448,0.5461100258120571,0.5461088373750796,0.0011254135624567145,2.6457622559005327,2.475125313025913,1.6552445234151245,1.2481235680391947,-1.0,-1.5727370756950478,1.172868054040481,0.5290016571287465,-1.083280854733737,0.001580172833676645,0.9522074733769136
449,0.5461080243165287,0.5461068348592609,0.0011258945873682661,2.645762257755437,2.475123310437781,1.6552443642557095,1.2481282236657605,-1.0,-1.5727387548719713,1.172958246505982,0.528858905004387,-1.0835396099095222,0.001581889540015334,0.9525187882013468
450,0.5461060167720193,0.5461048262913867,0.001126376851438015,2.6457622596176837,2.475121301797379,1.65524420472526,1.2481329062987607,-1.0,-1.5727404391574604,1.17304855177688,0.5287159658292686,-1.0837987699825398,0.0015836113947995819,0.9528305821683054
451,0.5461040031480208,0.5461028116409337,0.0011268603611539235,2.6457622614873086,2.4751192870741825,1.655244044822151,1.2481376160450453,-1.0,-1.572742128577339,1.1731389702363875,0.5285728389523153,-1.0840583363807326,0.0015853384239747454,0.9531428569735956
452,0.5461019834138084,0.5461007908771627,0.0011273451214130089,2.6457622633643405,2.4751172662374508,1.6552438845447446,1.2481423530120948,-1.0,-1.5727438231576134,1.1732295022698003,0.5284295237188638,-1.084318310539986,0.0015870706536693963,0.9534556143224697
453,0.5460999575384426,0.5460987639691169,0.0011278311382809847,2.6457622652488135,2.475115239256226,1.6552437238913942,1.2481471173080279,-1.0,-1.5727455229244751,1.173320148264512,0.5282860194706352,-1.0845786939041868,0.0015888081101976131,0.9537688559296993
454,0.5460979254907621,0.5460967308856202,0.0011283184176121373,2.6457622671407592,2.4751132060993313,1.6552435628604425,1.2481519090416038,-1.0,-1.5727472279043013,1.1734109086100304,0.5281423255457091,-1.0848394879252847,0.0015905508200601865,0.9540825835196463
455,0.5460958872393831,0.5460946915952728,0.0011288069648530059,2.6457622690402105,2.4751111667353656,1.6552434014502202,1.248156728322229,-1.0,-1.572748938123658,1.1735017836979933,0.5279984412784946,-1.0851006940633536,0.0015922988099466,0.954396798826337
456,0.5460938427526996,0.5460926460664529,0.001129296786222935,2.6457622709472,2.475109121132706,1.6552432396590486,1.2481615752599622,-1.0,-1.5727506536093,1.1735927739221843,0.5278543659997034,-1.0853623137866537,0.0015940521067366637,0.9547115035935363
457,0.5460917919988798,0.5460905942673114,0.001129787887336577,2.6457622728617607,2.475107069259502,1.6552430774852378,1.2481664499655187,-1.0,-1.5727523743881742,1.1736838796785491,0.5277100990363212,-1.085624348571694,0.0015958107375024938,0.9550266995748214
458,0.5460897349458628,0.546088536165772,0.0011302802743838444,2.645762274783926,2.4751050110836768,1.6552429149270862,1.2481713525502771,-1.0,-1.5727541004874206,1.173775101365212,0.5275656397115792,-1.0858867999032968,0.0015975747295096415,0.955342388533658
459,0.5460876715613577,0.5460864717295282,0.0011307739533431306,2.6457622767137297,2.475102946572922,1.6552427519828825,1.2481762831262833,-1.0,-1.572755831934374,1.1738664393824918,0.5274209873449258,-1.0861496692746595,0.0015993441102197343,0.9556585722434762
460,0.5460856018128425,0.5460844009260402,0.001131268929785422,2.6457622786512056,2.4751008756946975,1.6552425886509023,1.2481812418062563,-1.0,-1.5727575687565665,1.1739578941329194,0.5272761412519974,-1.086412958187421,0.0016011189072916417,0.9559752524877471
461,0.5460835256675604,0.5460823237225353,0.0011317652102484752,2.645762280596387,2.475098798416229,1.6552424249294124,1.2481862287035934,-1.0,-1.5727593109817282,1.1740494660212537,0.527131100744589,-1.0866766681517257,0.001602899148583496,0.9562924310600611
462,0.5460814430925174,0.546080240086003,0.0011322628004696667,2.6457622825493083,2.4750967147045047,1.6552422608166661,1.2481912439323768,-1.0,-1.5727610586377905,1.1741411554544992,0.5269858651306248,-1.0869408006862904,0.00160468486215483,0.9566101097642056
463,0.5460793540544815,0.5460781499831935,0.0011327617067598233,2.6457622845100044,2.4750946245262737,1.6552420963109067,1.248196287607377,-1.0,-1.5727628117528865,1.1742329628419226,0.5268404337141286,-1.08720535731847,0.001606476076267936,0.9569282904142442
464,0.5460772585199798,0.5460760533806179,0.0011332619354140886,2.645762286478509,2.4750925278480462,1.6552419314103652,1.2482013598440604,-1.0,-1.5727645703553537,1.1743248885950708,0.5266948057951932,-1.0874703395843246,0.0016082728193901204,0.9572469748345973
465,0.5460751564552951,0.5460739502445421,0.0011337634921243418,2.6457622884548577,2.475090424636087,1.655241766113261,1.248206460758594,-1.0,-1.5727663344737361,1.1744169331277876,0.5265489806699506,-1.0877357490286879,0.0016100751201954518,0.9575661648601219
466,0.5460730478264675,0.5460718405409879,0.0011342663835465453,2.6457622904390856,2.4750883148564164,1.6552416004178023,1.2482115904678512,-1.0,-1.5727681041367854,1.1745090968562322,0.5264029576305403,-1.0880015872052347,0.001611883007566743,0.957885862336194
467,0.5460709325992866,0.5460697242357282,0.0011347706159288223,2.6457622924312285,2.4750861984748065,1.6552414343221844,1.2482167490894174,-1.0,-1.5727698793734632,1.1746013801988962,0.5262567359650796,-1.0882678556765508,0.0016136965105976492,0.95820606911879
468,0.5460688107392926,0.5460676012942858,0.001135276195503458,2.645762294431319,2.475084075456778,1.6552412678245918,1.2482219367415954,-1.0,-1.572771660212944,1.1746937835766218,0.5261103149576312,-1.0885345560142028,0.0016155156585943781,0.958526787074571
469,0.5460666822117743,0.5460654716819316,0.0011357831290733597,2.6457622964393956,2.4750819457676014,1.655241100923197,1.2482271535434137,-1.0,-1.5727734466846153,1.1747863074126204,0.5259636938881718,-1.088801689798808,0.0016173404810779042,0.9588480180809654
470,0.5460645469817641,0.5460633353636811,0.0011362914224474112,2.6457622984554936,2.475079809372291,1.6552409336161589,1.2482323996146294,-1.0,-1.5727752388180811,1.1748789521324907,0.5258168720325606,-1.0890692586201063,0.0016191710077859507,0.9591697640262551
471,0.5460624050140378,0.5460611923042916,0.0011368010823958631,2.64576230047965,2.4750776662356024,1.655240765901626,1.2482376750757347,-1.0,-1.5727770366431637,1.1749717181642367,0.5256698486625067,-1.0893372640770316,0.0016210072686749328,0.9594920268096602
472,0.546060256273113,0.5460590424682624,0.0011373121152814468,2.645762302511901,2.4750755163220335,1.655240597777733,1.2482429800479644,-1.0,-1.5727788401899052,1.1750646059382877,0.5255226230455363,-1.0896057077777848,0.0016228492939222888,0.9598148083414256
473,0.5460581007232431,0.5460568858198296,0.0011378245280359537,2.645762304552281,2.47507335959582,1.6552404292426028,1.2482483146533012,-1.0,-1.5727806494885699,1.1751576158875157,0.5253751944449603,-1.0898745913399068,0.0016246971139281512,0.960138110542909
474,0.5460559383284178,0.5460547223229641,0.0011383383267934517,2.64576230660083,2.4750711960209313,1.6552402602943452,1.248253679014482,-1.0,-1.5727824645696467,1.1752507484472559,0.5252275621198406,-1.090143916390353,0.0016265507593179111,0.9604619353466682
475,0.5460537690523589,0.5460525519413698,0.0011388535182568099,2.645762308657583,2.4750690255610692,1.655240090931058,1.2482590732550038,-1.0,-1.5727842854638512,1.1753440040553242,0.5250797253249567,-1.090413684565568,0.0016284102609441225,0.9607862846965516
476,0.5460515928585201,0.5460503746384817,0.001139370109696334,2.6457623107225783,2.4750668481796687,1.6552399211508262,1.2482644974991306,-1.0,-1.5727861122021272,1.1754373831520386,0.5249316833107719,-1.0906838975115611,0.0016302756498886776,0.9611111605477868
477,0.5460494097100818,0.5460481903774608,0.0011398881070004447,2.6457623127958545,2.4750646638398885,1.6552397509517216,1.2482699518718994,-1.0,-1.5727879448156497,1.1755308861802378,0.5247834353233988,-1.0909545568839827,0.0016321469574651396,0.9614365648670724
478,0.5460472195699484,0.5460459991211942,0.0011404075172099166,2.6457623148774485,2.475062472504615,1.6552395803318019,1.248275436499126,-1.0,-1.5727897833358264,1.1756245135853014,0.524634980604565,-1.0912256643482017,0.0016340242152208786,0.9617624996326695
479,0.5460450224007494,0.5460438008322909,0.0011409283477367073,2.6457623169673985,2.4750602741364554,1.6552394092891134,1.2482809515074131,-1.0,-1.572791627794301,1.175718265815169,0.5244863183915779,-1.0914972215793828,0.001635907454939132,0.9620889668344952
480,0.546042818164831,0.5460415954730796,0.0011414506050013201,2.6457623190657427,2.4750580686977375,1.6552392378216887,1.2482864970241552,-1.0,-1.5727934782229542,1.1758121433203623,0.5243374479172894,-1.0917692302625657,0.0016377967086417624,0.9624159684742156
481,0.5460406068242599,0.5460393830056064,0.0011419742956016207,2.64576232117252,2.475055856150506,1.6552390659275467,1.2482920731775466,-1.0,-1.5727953346539068,1.175906146554004,0.5241883684100604,-1.0920416920927452,0.0016396920085910073,0.9627435065653407
482,0.5460383883408139,0.5460371633916308,0.0011424994268953996,2.645762323287771,2.4750536364565185,1.655238893604692,1.2482976800965875,-1.0,-1.5727971971195218,1.176000275971839,0.5240390790937248,-1.09231460877495,0.0016415933872922764,0.9630715831333201
483,0.5460361626759843,0.5460349365926239,0.0011430260058329761,2.645762325411533,2.4750514095772456,1.6552387208511175,1.2483033179110896,-1.0,-1.572799065652407,1.1760945320322558,0.5238895791875529,-1.0925879820243256,0.0016435008774961326,0.9634002002156401
484,0.5460339297909695,0.5460327025697657,0.0011435540397347283,2.6457623275438458,2.475049175473866,1.6552385476648004,1.248308986751686,-1.0,-1.5728009402854166,1.1761889151963063,0.5237398679062146,-1.0928618135662147,0.001645414512200897,0.9637293598619208
485,0.546031689646678,0.5460304612839427,0.0011440835355138264,2.6457623296847483,2.475046934107264,1.655238374043705,1.2483146867498347,-1.0,-1.5728028210516547,1.1762834259277286,0.5235899444597428,-1.0931361051362414,0.0016473343246551345,0.9640590641340148
486,0.5460294422037149,0.5460282126957418,0.0011446145004530464,2.6457623318342827,2.4750446854380255,1.6552381999857817,1.2483204180378287,-1.0,-1.5728047079844771,1.1763780646929671,0.5234398080534951,-1.0934108584803937,0.0016492603483597914,0.9643893151061074
487,0.5460271874223904,0.5460259567654531,0.00114514694142822,2.6457623339924883,2.4750424294264395,1.6552380254889667,1.2483261807488002,-1.0,-1.5728066011174937,1.1764728319611957,0.5232894578881163,-1.0936860753551088,0.0016511926170710324,0.9647201148648169
488,0.5460249252627104,0.546023693453061,0.0011456808658781405,2.6457623361594047,2.4750401660324886,1.655237850551181,1.2483319750167294,-1.0,-1.5728085004845713,1.1765677282043385,0.5231388931595004,-1.0939617575273584,0.0016531311648023774,0.9650514655092963
489,0.5460226556843748,0.5460214227182462,0.0011462162816094396,2.645762338335075,2.475037895215852,1.6552376751703333,1.2483378009764523,-1.0,-1.5728104061198358,1.1766627538970926,0.522988113058751,-1.094237906774735,0.0016550760258276156,0.9653833691513365
490,0.5460203786467753,0.5460191445203794,0.0011467531952465977,2.6457623405195374,2.4750356169359,1.6552374993443155,1.248343658763666,-1.0,-1.5728123180576752,1.1767579095169507,0.5228371167721435,-1.094514524885539,0.0016570272346828653,0.9657158279154694
491,0.5460180941089907,0.5460168588185186,0.0011472916145570736,2.6457623427128367,2.475033331151688,1.6552373230710062,1.2483495485149383,-1.0,-1.5728142363327418,1.1768531955442232,0.5226859034810843,-1.094791613658867,0.001658984826169644,0.966048843939074
492,0.5460158020297864,0.5460145655714083,0.0011478315470944,2.6457623449150107,2.4750310378219593,1.6552371463482685,1.2483554703677129,-1.0,-1.572816160979955,1.1769486124620616,0.522534472362072,-1.0950691749047001,0.00166094883535751,0.9663824193724814
493,0.5460135023676083,0.5460122647374737,0.001148373000198586,2.645762347126105,2.4750287369051382,1.6552369691739517,1.2483614244603198,-1.0,-1.5728180920345036,1.177044160756481,0.5223828225866559,-1.0953472104439954,0.0016629192975863552,0.9667165563790828
494,0.5460111950805819,0.5460099562748189,0.0011489159819628436,2.64576234934616,2.4750264283593273,1.655236791545889,1.2483674109319793,-1.0,-1.5728200295318493,1.1771398409163845,0.5222309533213965,-1.0956257221087755,0.0016648962484690868,0.9670512571354373
495,0.5460088801265083,0.5460076401412235,0.0011494604992999785,2.6457623515752187,2.475024112142304,1.6552366134618983,1.248373429922813,-1.0,-1.5728219735077287,1.1772356534335855,0.5220788637278234,-1.095904711742221,0.0016668797238947744,0.9673865238313814
496,0.5460065574628612,0.5460053162941402,0.0011500065606482195,2.6457623538133244,2.47502178821152,1.655236434919783,1.2483794815738505,-1.0,-1.572823923998156,1.1773315988028326,0.5219265529623942,-1.096184181198763,0.001668869760031059,0.9677223586701397
497,0.546004227046782,0.5460029846906881,0.0011505541732656475,2.645762356060519,2.475019456524093,1.6552362559173304,1.2483855660270355,-1.0,-1.5728258810394264,1.177427677521833,0.5217740201764521,-1.0964641323441773,0.0016708663933271066,0.9680587638684367
498,0.5460018888350797,0.5460006452876548,0.0011511033449689712,2.645762358316846,2.4750171170368085,1.655236076452313,1.2483916834252373,-1.0,-1.5728278446681183,1.1775238900912774,0.5216212645161837,-1.096744567055679,0.00167286966051625,0.9683957416566098
499,0.5459995427842251,0.5459982980414889,0.001151654083939289,2.6457623605823524,2.4750147697061142,1.6552358965224863,1.2483978339122555,-1.0,-1.5728298149210962,1.1776202370148643,0.5214682851225761,-1.0970254872220186,0.0016748795986190205,0.9687332942787231
500,0.5459971888503475,0.5459959429082974,0.0011522063979502583,2.645762362857078,2.4750124144881154,1.6552357161255906,1.2484040176328293,-1.0,-1.5728317918355144,1.177716718799325,0.5213150811313734,-1.0973068947435782,0.0016768962449460615,0.9690714239926832
501,0.5459948269892323,0.5459935798438432,0.0011527602947542044,2.6457623651410693,2.4750100513385735,1.6552355352593504,1.2484102347326471,-1.0,-1.5728337754488189,1.1778133359544483,0.5211616516730323,-1.0975887915324698,0.0016789196371007323,0.9694101330703553
502,0.5459924571563171,0.5459912088035417,0.0011533157826596457,2.6457623674343718,2.4750076802129026,1.655235353921474,1.248416485358353,-1.0,-1.5728357657987504,1.1779100889931067,0.5210079958726789,-1.0978711795126344,0.00168094981298245,0.9697494237976815
503,0.5459900793066865,0.5459888297424549,0.0011538728697601077,2.645762369737028,2.4750053010661626,1.6552351721096517,1.2484227696575558,-1.0,-1.5728377629233485,1.1780069784312814,0.5208541128500631,-1.0981540606199416,0.0016829868107896032,0.9700892984747995
504,0.5459876933950736,0.5459864426152925,0.0011544315641268705,2.6457623720490853,2.475002913853062,1.6552349898215601,1.248429087778838,-1.0,-1.572839766860953,1.1781040047880882,0.5207000017195136,-1.0984374368022907,0.0016850306690225452,0.9704297594161635
505,0.5459852993758485,0.5459840473764016,0.0011549918740011568,2.645762374370589,2.4750005185279464,1.6552348070548573,1.2484354398717634,-1.0,-1.572841777650209,1.1782011685858043,0.520545661589892,-1.0987213100197128,0.0016870814264866234,0.9707708089506654
506,0.5459828972030218,0.5459816439797701,0.0011555538076014526,2.645762376701585,2.4749981150448015,1.655234623807184,1.2484418260868864,-1.0,-1.5728437953300676,1.1782984703498944,0.520391091564547,-1.099005682244475,0.0016891391222951728,0.9711124494217576
507,0.5459804868302397,0.5459792323790196,0.0011561173735075687,2.6457623790421194,2.474995703357248,1.6552344400761654,1.2484482465757611,-1.0,-1.5728458199397908,1.1783959106090374,0.520236290741267,-1.0992905554611825,0.0016912037958731678,0.9714546831875782
508,0.5459780682107731,0.5459768125273986,0.0011566825800837415,2.6457623813922386,2.474993283418532,1.6552342558594095,1.2484547014909497,-1.0,-1.5728478515189546,1.1784934898951531,0.5200812582122332,-1.0995759316668863,0.0016932754869597093,0.9717975126210759
509,0.5459756412975245,0.5459743843777858,0.0011572494356709123,2.6457623837519906,2.4749908551815314,1.6552340711545057,1.2484611909860317,-1.0,-1.5728498901074512,1.178591208743431,0.5199259930639719,-1.099861812871189,0.0016953542356117938,0.9721409401101371
510,0.5459732060430171,0.5459719478826793,0.001157817948778444,2.6457623861214206,2.474988418598742,1.6552338859590274,1.2484677152156123,-1.0,-1.5728519357454933,1.1786890676923558,0.5197704943773065,-1.1001482010963521,0.0016974400822074613,0.9724849680577143
511,0.5459707623993939,0.5459695029941981,0.0011583881280835887,2.6457623885005788,2.4749859736222817,1.6552337002705295,1.2484742743353336,-1.0,-1.5728539884736168,1.1787870672837373,0.5196147612273079,-1.1004350983774056,0.001699533067448942,0.9728295988819563
512,0.5459683103184096,0.5459670496640734,0.001158959982047771,2.645762390889512,2.47498352020388,1.6552335140865488,1.248480868501881,-1.0,-1.5728560483326846,1.1788852080627377,0.5194587926832459,-1.1007225067622581,0.0017016332323662323,0.973174835016339
513,0.545965849751434,0.5459645878436494,0.0011595335196829765,2.645762393288268,2.474981058294879,1.6552333274046052,1.2484874978729945,-1.0,-1.5728581153638892,1.1789834905778998,0.5193025878085392,-1.1010104283118076,0.0017037406183203966,0.9735206789097981
514,0.5459633806494407,0.5459621174838755,0.0011601087494018656,2.645762395696897,2.474978587846226,1.6552331402221998,1.2484941626074784,-1.0,-1.572860189608757,1.1790819153811765,0.5191461456607046,-1.1012988651000548,0.0017058552670069097,0.9738671330268636
515,0.5459609029630064,0.5459596385353034,0.0011606856805495694,2.6457623981154463,2.4749761088084714,1.655232952536815,1.2485008628652092,-1.0,-1.5728622711091518,1.17918048302796,0.5189894652913067,-1.1015878192142161,0.0017079772204593095,0.9742141998477949
516,0.5459584166423073,0.5459571509480836,0.0011612643218715682,2.645762400543967,2.474973621131765,1.6552327643459157,1.2485075988071477,-1.0,-1.5728643599072771,1.179279194077111,0.5188325457459058,-1.1018772927548395,0.0017101065210526937,0.9745618818687181
517,0.5459559216371129,0.5459546546719608,0.0011618446820883938,2.645762402982507,2.4749711247658484,1.6552325756469464,1.2485143705953465,-1.0,-1.5728664560456813,1.1793780490909886,0.5186753860640061,-1.1021672878359203,0.0017122432115071011,0.9749101816017646
518,0.5459534178967826,0.5459521496562688,0.0011624267706596362,2.6457624054311175,2.4749686196600535,1.6552323864373357,1.248521178392962,-1.0,-1.5728685595672605,1.17947704863548,0.518517985279003,-1.102457806585019,0.0017143873348915521,0.9752591015752113
519,0.5459509053702628,0.5459496358499275,0.0011630105964455025,2.64576240788985,2.4749661057632997,1.6552321967144898,1.2485280223642625,-1.0,-1.5728706705152615,1.1795761932800317,0.5183603424181298,-1.10274885114338,0.0017165389346270802,0.9756086443336223
520,0.5459483840060798,0.5459471132014379,0.001163596168853142,2.645762410358753,2.4749635830240857,1.6552320064757986,1.2485349026746397,-1.0,-1.5728727889332872,1.17967548359768,0.518202456502404,-1.1030404236660523,0.0017186980544913171,0.9759588124379919
521,0.5459458537523383,0.5459445816588779,0.001164183496881484,2.64576241283788,2.474961051390487,1.6552318157186303,1.2485418194906188,-1.0,-1.5728749148652987,1.179774920165082,0.518044326546573,-1.1033325263220106,0.00172086473862129,0.9763096084658897
522,0.5459433145567141,0.545942041169897,0.0011647725898846627,2.6457624153272814,2.4749585108101515,1.6552316244403342,1.2485487729798685,-1.0,-1.57287704835562,1.1798745035625473,0.5178859515590583,-1.1036251612942785,0.0017230390315180072,0.9766610350116071
523,0.5459407663664505,0.5459394916817124,0.001165363457380444,2.6457624178270094,2.4749559612302954,1.6552314326382405,1.2485557633112117,-1.0,-1.5728791894489418,1.1799742343740696,0.517727330541901,-1.1039183307800526,0.0017252209780499166,0.9770130946863056
524,0.5459382091283576,0.5459369331411058,0.0011659561088592282,2.6457624203371157,2.4749534025976976,1.6552312403096592,1.2485627906546364,-1.0,-1.5728813381903246,1.1800741131873589,0.5175684624907048,-1.1042120369908288,0.0017274106234568692,0.9773657901181662
525,0.545935642788799,0.5459343654944153,0.0011665505539743162,2.645762422857655,2.474950834858695,1.6552310474518788,1.2485698551813063,-1.0,-1.5728834946252044,1.1801741405938746,0.517409346394579,-1.1045062821525284,0.0017296080133542373,0.9777191239525409
526,0.5459330672936957,0.5459317886875342,0.0011671468025413487,2.645762425388678,2.474948257959178,1.6552308540621694,1.2485769570635716,-1.0,-1.5728856587993945,1.1802743171888572,0.5172499812360816,-1.1048010685056278,0.0017318131937366847,0.9780730988521068
527,0.5459304825885175,0.5459292026659043,0.0011677448633968528,2.645762427930241,2.474945671844588,1.6552306601377789,1.24858409647498,-1.0,-1.5728878307590912,1.1803746435713633,0.5170903659911605,-1.1050963983052875,0.0017340262109824403,0.9784277174970196
528,0.5459278886182778,0.5459266073745112,0.001168344746871261,2.6457624304823946,2.4749430764599074,1.6552304656759353,1.2485912735902875,-1.0,-1.5728900105508774,1.1804751203442976,0.5169304996290951,-1.1053922738214847,0.0017362471118573788,0.9787829825850712
529,0.5459252853275294,0.5459240027578801,0.0011689464632653071,2.6457624330451956,2.47494047174966,1.6552302706738455,1.2485984885854717,-1.0,-1.5728921982217265,1.1805757481144474,0.5167703811124363,-1.1056886973391453,0.0017384759435192167,0.9791388968318482
530,0.5459226726603608,0.5459213887600707,0.0011695500222803764,2.6457624356186984,2.4749378576579035,1.6552300751286955,1.2486057416377403,-1.0,-1.5728943938190068,1.180676527492518,0.5166100093969468,-1.105985671158279,0.0017407127535214763,0.9794954629708917
531,0.5459200505603875,0.5459187653246704,0.0011701554332096517,2.645762438202958,2.474935234128224,1.6552298790376483,1.2486130329255443,-1.0,-1.5728965973904863,1.1807774590931661,0.51644938343154,-1.1062831975941148,0.001742957589818226,0.9798526837538599
532,0.5459174189707519,0.5459161323947925,0.0011707627068355995,2.6457624407980305,2.474932601103731,1.6552296823978467,1.2486203626285894,-1.0,-1.572898808984336,1.180878543535036,0.5162885021582186,-1.1065812789772393,0.001745210500768044,0.9802105619506917
533,0.5459147778341134,0.5459134899130682,0.0011713718529616772,2.6457624434039704,2.474929958527056,1.6552294852064118,1.248627730927848,-1.0,-1.5729010286491354,1.1809797814407943,0.5161273645120121,-1.1068799176537354,0.0017474715351386038,0.9805691003497728
534,0.5459121270926471,0.545910837821642,0.0011719828821198596,2.6457624460208353,2.47492730634034,1.6552292874604415,1.2486351380055707,-1.0,-1.5729032564338759,1.181081173437167,0.5159659694209139,-1.107179115985323,0.0017497407421109867,0.9809283017581033
535,0.5459094666880351,0.5459081760621679,0.0011725958048111303,2.6457624486486826,2.4749246444852355,1.6552290891570132,1.2486425840452993,-1.0,-1.5729054923879662,1.1811827201549745,0.5158043158058176,-1.107478876349502,0.0017520181712844228,0.9812881690014674
536,0.5459067965614637,0.5459055045758017,0.0011732106307483455,2.645762451287568,2.474921972902896,1.655228890293179,1.2486500692318776,-1.0,-1.5729077365612363,1.18128442222917,0.5156424025804529,-1.1077792011396956,0.0017543038726807601,0.9816487049246052
537,0.545904116653617,0.5459028233031974,0.0011738273709389257,2.6457624539375506,2.4749192915339737,1.655228690865971,1.2486575937514655,-1.0,-1.5729099890039424,1.1813862802988757,0.5154802286513198,-1.1080800927653964,0.0017565978967490103,0.9820099123913862
538,0.5459014269046704,0.5459001321845013,0.0011744460361687824,2.645762456598688,2.474916600318613,1.655228490872397,1.2486651577915502,-1.0,-1.5729122497667714,1.1814882950074204,0.5153177929176233,-1.1083815536523138,0.0017589002943700115,0.9823717942849853
539,0.5458987272542869,0.5458974311593444,0.0011750666364358322,2.645762459271039,2.474913899196442,1.6552282903094417,1.2486727615409592,-1.0,-1.572914518900846,1.1815904670023782,0.515155094271206,-1.1086835862425235,0.0017612111168614807,0.9827343535080599
540,0.54589601764161,0.5458947201668403,0.0011756891832182678,2.6457624619546616,2.474911188106573,1.6552280891740663,1.248680405189874,-1.0,-1.5729167964577289,1.181692796935607,0.5149921315964815,-1.1089861929946172,0.0017635304159827148,0.9830975929829301
541,0.5458932980052588,0.5458919991455768,0.001176313686827779,2.645762464649618,2.474908466987592,1.655227887463209,1.2486880889298426,-1.0,-1.5729190824894284,1.181795285463287,0.5148289037703654,-1.1092893763838565,0.00176585824393937,0.9834615156517605
542,0.5458905682833209,0.5458892680336105,0.0011769401579217686,2.6457624673559654,2.474905735777552,1.6552276851737826,1.2486958129537913,-1.0,-1.572921377048403,1.1818979332459603,0.5146654096622066,-1.1095931389023266,0.0017681946533883585,0.9838261244767444
543,0.545887828413348,0.5458865267684615,0.0011775686082565056,2.645762470073766,2.4749029944139718,1.6552274823026771,1.2487035774560407,-1.0,-1.5729236801875661,1.182000740948571,0.5145016481337175,-1.1098974830590929,0.0017705396974432885,0.9841914224402899
544,0.545885078332349,0.5458837752871065,0.0011781990484224741,2.645762472803079,2.4749002428338267,1.6552272788467575,1.2487113826323162,-1.0,-1.5729259919602923,1.182103709240506,0.5143376180389029,-1.110202411380359,0.0017728934296791265,0.9845574125452079
545,0.5458823179767851,0.5458810135259747,0.0011788314899192627,2.645762475543968,2.4748974809735422,1.6552270748028644,1.2487192286797648,-1.0,-1.5729283124204205,1.1822068387956344,0.514173318223989,-1.1105079264096263,0.0017752559041375215,0.9849240978149034
546,0.5458795472825609,0.5458782414209385,0.00117946594364687,2.645762478296493,2.4748947087689896,1.6552268701678128,1.2487271157969664,-1.0,-1.5729306416222615,1.1823101302923502,0.5140087475273509,-1.110814030707856,0.0017776271753320893,0.9852914812935679
547,0.5458767661850218,0.5458754589073107,0.0011801024214123834,2.645762481060718,2.474891926155479,1.6552266649383935,1.2487350441839487,-1.0,-1.572932979620601,1.1824135844136137,0.5138439047794392,-1.1111207268536334,0.0017800072982537363,0.9856595660463748
548,0.5458739746189446,0.5458726659198351,0.0011807409342348423,2.645762483836705,2.4748891330677516,1.6552264591113712,1.2487430140422011,-1.0,-1.572935326470707,1.1825172018469934,0.5136787888027059,-1.1114280174433329,0.0017823963283759825,0.9860283551596768
549,0.5458711725185332,0.5458698623926818,0.0011813814938507984,2.645762486624516,2.4748863294399763,1.6552262526834853,1.2487510255746894,-1.0,-1.5729376822283343,1.1826209832847094,0.5135133984115299,-1.111735905091286,0.0017847943216602858,0.9863978517412055
550,0.5458683598174102,0.5458670482594411,0.0011820241123364724,2.6457624894242167,2.4748835152057405,1.6552260456514476,1.2487590789858714,-1.0,-1.5729400469497292,1.1827249294236768,0.5133477324121405,-1.1120443924299512,0.0017872013345619476,0.9867680589202743
551,0.5458655364486132,0.545864223453115,0.0011826688004168858,2.645762492235872,2.4748806902980434,1.6552258380119462,1.2487671744817088,-1.0,-1.572942420691637,1.1828290409655482,0.5131817896025411,-1.1123534821100851,0.0017896174240353202,0.9871389798479825
552,0.5458627023445838,0.5458613879061127,0.0011833155706593276,2.645762495059545,2.4748778546492924,1.655225629761641,1.2487753122696836,-1.0,-1.5729448035113058,1.1829333186167594,0.5130155687724316,-1.1126631768009165,0.00179204264753983,0.9875106176974227
553,0.5458598574371656,0.5458585415502427,0.0011839644350300552,2.645762497895302,2.474875008191294,1.6552254208971653,1.2487834925588144,-1.0,-1.572947195466494,1.183037763088574,0.5128490687031293,-1.112973479190323,0.0017944770630453778,0.9878829756638902
554,0.5458570016575932,0.5458556843167043,0.0011846154050831636,2.6457625007432073,2.474872150855244,1.6552252114151251,1.2487917155596693,-1.0,-1.5729495966154745,1.1831423750971286,0.5126822881674896,-1.1132843919850077,0.001796920729038557,0.9882560569650953
555,0.5458541349364887,0.5458528161360852,0.0011852684934602056,2.64576250360333,2.4748692825717287,1.6552250013121002,1.2487999814843835,-1.0,-1.5729520070170417,1.1832471553634782,0.5125152259298258,-1.1135959179106805,0.0017993737045283653,0.9886298648413785
556,0.5458512572038509,0.5458499369383489,0.0011859237123891138,2.645762506475735,2.474866403270709,1.6552247905846411,1.2488082905466724,-1.0,-1.572954426730517,1.183352104613644,0.512347880745827,-1.1139080597122397,0.0018018360490523445,0.9890044025559269
557,0.5458483683890523,0.5458470466528319,0.0011865810736851204,2.6457625093604924,2.474863512881518,1.6552245792292715,1.2488166429618501,-1.0,-1.5729568558157556,1.1834572235786591,0.5121802513624762,-1.1142208201539572,0.0018043078226826804,0.989379673394995
558,0.5458454684208284,0.5458441452082338,0.001187240590434915,2.6457625122576665,2.474860611332854,1.6552243672424864,1.2488250389468434,-1.0,-1.5729592943331514,1.183562512994617,0.5120123365179665,-1.1145342020196647,0.0018067890860320713,0.9897556806681272
559,0.5458425572272725,0.5458412325326116,0.0011879022747498303,2.6457625151673274,2.474857698552772,1.655224154620752,1.2488334787202091,-1.0,-1.5729617423436442,1.1836679736027196,0.5118441349416166,-1.1148482081129434,0.0018092799002605276,0.9901324277083831
560,0.5458396347358273,0.5458383085533711,0.0011885661394496838,2.6457625180895445,2.4748547744686737,1.6552239413605059,1.248841962502151,-1.0,-1.572964199908726,1.1837736061493256,0.5116756453537854,-1.1151628412573151,0.0018117803270813171,0.9905099178725655
561,0.5458367008732757,0.5458353731972588,0.0011892321969402962,2.6457625210243894,2.474851839007304,1.6552237274581565,1.2488504905145348,-1.0,-1.5729666670904476,1.1838794113860005,0.5115068664657852,-1.1154781042964361,0.0018142904287676098,0.990888154541452
562,0.5458337555657371,0.5458324263903566,0.0011899004605206722,2.6457625239719285,2.4748488920947422,1.6552235129100825,1.2488590629809053,-1.0,-1.5729691439514244,1.1839853900695658,0.5113377969797946,-1.1157940000942932,0.0018168102681589671,0.9912671411200283
563,0.5458307987386564,0.5458294680580711,0.0011905709430747387,2.645762526932236,2.4748459336563924,1.6552232977126333,1.2488676801265053,-1.0,-1.5729716305548433,1.1840915429621506,0.511168435588769,-1.116110531535403,0.0018193399086679086,0.9916468810377252
564,0.5458278303167963,0.5458264981251281,0.0011912436574450635,2.645762529905381,2.474842963616977,1.655223081862127,1.24887634217829,-1.0,-1.5729741269644701,1.184197870831242,0.5109987809763514,-1.116427701525012,0.0018218794142867902,0.9920273777486582
565,0.5458248502242309,0.5458235165155626,0.0011919186173641914,2.6457625328914367,2.4748399819005296,1.6552228653548526,1.248885049364948,-1.0,-1.5729766332446553,1.1843043744497368,0.5108288318167813,-1.1167455129893002,0.0018244288495947592,0.9924086347318702
566,0.545821858384338,0.5458205231527137,0.00119259583540383,2.6457625358904755,2.474836988430386,1.655222648187067,1.2488938019169153,-1.0,-1.5729791494603416,1.1844110545959952,0.5106585867748024,-1.117063968875589,0.0018269882797641668,0.9927906554915772
567,0.5458188547197856,0.5458175179592105,0.0011932753253969355,2.6457625389025705,2.474833983129172,1.6552224303549972,1.2489026000663956,-1.0,-1.5729816756770714,1.1845179120538922,0.5104880445055697,-1.1173830721525473,0.001829557770568222,0.9931734435574169
568,0.5458158391525308,0.5458145008569709,0.0011939571011320572,2.6457625419277955,2.4748309659188044,1.6552222118548379,1.2489114440473783,-1.0,-1.5729842119609927,1.1846249476128727,0.5103172036545552,-1.1177028258104047,0.001832137388387637,0.9935570024847009
569,0.5458128116038055,0.545811471767187,0.0011946411757955985,2.645762544966224,2.4748279367204713,1.6552219926827523,1.2489203340956556,-1.0,-1.5729867583788673,1.1847321620680056,0.5101460628574521,-1.1180232328611643,0.0018347272002180092,0.9939413358546697
570,0.545809771994113,0.5458084306103219,0.001195327563273606,2.6457625480179323,2.4748248954546335,1.6552217728348704,1.2489292704488435,-1.0,-1.5729893149980774,1.1848395562200387,0.5099746207400779,-1.1183442963388206,0.0018373272736774394,0.9943264472747504
571,0.5458067202432132,0.5458053773060946,0.0011960162774068857,2.6457625510829965,2.474821842041007,1.6552215523072915,1.2489382533463984,-1.0,-1.5729918818866342,1.1849471308754547,0.509802875918277,-1.1186660192995772,0.0018399376770136789,0.9947123403788191
572,0.5458036562701195,0.5458023117734779,0.0011967073325475034,2.6457625541614904,2.4748187763985623,1.6552213310960806,1.2489472830296366,-1.0,-1.5729944591131837,1.1850548868465276,0.5096308269978209,-1.1189884048220706,0.0018425584791117089,0.9950990188274652
573,0.545800579993086,0.5457992339306849,0.0011974007422589634,2.645762557253493,2.474815698445509,1.6552211091972704,1.2489563597417555,-1.0,-1.5729970467470165,1.1851628249513804,0.5094584725743083,-1.1193114560075945,0.0018451897495015113,0.9954864863082598
574,0.5457974913295993,0.5457961436951602,0.0011980965213568592,2.6457625603590813,2.4748126080992896,1.6552208866068583,1.2489654837278508,-1.0,-1.5729996448580734,1.1852709460140423,0.509285811233063,-1.1196351759803276,0.0018478315583656847,0.9958747465360268
575,0.5457943901963694,0.5457930409835723,0.0011987946836822816,2.6457625634783337,2.4748095052765695,1.6552206633208097,1.2489746552349381,-1.0,-1.5730022535169546,1.1853792508645076,0.5091128415490311,-1.1199595678875638,0.0018504839765476045,0.9962638032531193
576,0.5457912765093228,0.5457899257118041,0.0011994952443257518,2.6457625666113285,2.474806389893228,1.6552204393350542,1.2489838745119726,-1.0,-1.5730048727949277,1.1854877403387958,0.5089395620866765,-1.1202846348999476,0.0018531470755592339,0.9966536602296967
577,0.545788150183587,0.5457867977949412,0.0012001982174032065,2.645762569758146,2.4748032618643485,1.655220214645487,1.2489931418098692,-1.0,-1.5730075027639354,1.185596415279011,0.5087659713998751,-1.120610380211709,0.0018558209275892834,0.997044321264008
578,0.5457850111334844,0.5457836571472633,0.0012009036179075388,2.6457625729188656,2.4748001211042077,1.6552199892479689,1.2490024573815237,-1.0,-1.573010143496604,1.1857052765334029,0.5085920680318082,-1.1209368070409038,0.0018585056055115266,0.997435790182677
579,0.5457818592725265,0.5457805036822372,0.001201611460781784,2.645762576093569,2.4747969675262693,1.655219763138324,1.2490118214818338,-1.0,-1.5730127950662507,1.1858143249564288,0.508417850514854,-1.1212639186296578,0.0018612011828933106,0.9978280708409921
580,0.5457786945133963,0.5457773373125014,0.001202321760734285,2.6457625792823354,2.474793801043169,1.6552195363123408,1.2490212343677194,-1.0,-1.5730154575468944,1.1859235614088162,0.5082433173704775,-1.1215917182444106,0.001863907734003598,0.9982211671231995
581,0.5457755167679419,0.5457741579498608,0.0012030345333465052,2.6457625824852506,2.474790621566709,1.6552193087657716,1.2490306962981457,-1.0,-1.573018131013262,1.1860329867576258,0.5080684671091195,-1.1219202091761664,0.0018666253338221394,0.9986150829428005
582,0.5457723259471667,0.5457709655052735,0.0012037497937789077,2.645762585702396,2.4747874290078427,1.655219080494332,1.2490402075341438,-1.0,-1.5730208155407983,1.1861426018763157,0.507893298230084,-1.1222493947407455,0.0018693540580477874,0.9990098222428523
583,0.5457691219612174,0.5457677598888404,0.001204467557140591,2.645762588933853,2.4747842232766697,1.6552188514937005,1.249049768338833,-1.0,-1.5730235112056747,1.1862524076448064,0.5077178092214242,-1.1225792782790407,0.0018720939831077454,0.9994053889962724
584,0.5457659047193757,0.5457645410097978,0.0012051878392260909,2.6457625921797097,2.474781004282422,1.6552186217595166,1.2490593789774445,-1.0,-1.5730262180847983,1.1863624049495471,0.5075419985598264,-1.122909863157276,0.0018748451861665438,0.9998017872061483
585,0.545762674130044,0.5457613087765019,0.0012059106557764918,2.645762595440049,2.4747777719334536,1.6552183912873841,1.249069039717342,-1.0,-1.5730289362558205,1.1864725946835812,0.5073658647104936,-1.1232411527672692,0.0018776077451348216,1.00019902090605
586,0.5457594301007376,0.5457580630964212,0.0012066360226632748,2.645762598714959,2.4747745261372294,1.655218160072866,1.2490787508280465,-1.0,-1.5730316657971475,1.1865829777466148,0.5071894061270262,-1.1235731505266977,0.0018803817386792354,1.0005970941603468
587,0.5457561725380722,0.5457548038761245,0.0012073639557036845,2.645762602004522,2.474771266800315,1.6552179281114878,1.2490885125812583,-1.0,-1.5730344067879483,1.1866935550450846,0.5070126212513022,-1.1239058598793679,0.0018831672462313964,1.0009960110645293
588,0.5457529013477542,0.5457515310212698,0.0012080944712119508,2.6457626053088297,2.474767993828365,1.6552176953987348,1.2490983252508825,-1.0,-1.573037159308165,1.1868043274922275,0.5068355085133552,-1.1242392842954883,0.001885964347997624,1.001395775745534
589,0.5457496164345648,0.5457482444365919,0.0012088275854463856,2.6457626086279684,2.474764707126111,1.6552174619300535,1.2491081891130509,-1.0,-1.5730399234385224,1.1869152960081504,0.5066580663312512,-1.124573427271946,0.0018887731249690098,1.001796392362074
590,0.5457463177023544,0.5457449440258914,0.001209563314609204,2.6457626119620263,2.4747614065973504,1.655217227700849,1.2491181044461475,-1.0,-1.5730426992605384,1.1870264615199022,0.5064802931109635,-1.1249082923325877,0.0018915936589305492,1.0021978651049723
591,0.5457430050540278,0.5457416296920236,0.0012103016753967322,2.6457626153110954,2.474758092144935,1.6552169927064855,1.249128071530833,-1.0,-1.5730454868565333,1.1871378249615447,0.5063021872462461,-1.1252438830285025,0.0018944260324720995,1.0026001981975008
592,0.5457396783915291,0.5457383013368855,0.0012110426844474942,2.645762618675263,2.4747547636707585,1.655216756942287,1.2491380906500698,-1.0,-1.57304828630964,1.187249387274226,0.5061237471185049,-1.1255802029383102,0.0018972703289979386,1.0030033958957236
593,0.5457363376158385,0.5457349588614047,0.0012117863588917389,2.6457626220546224,2.4747514210757453,1.6552165204035354,1.2491481620891471,-1.0,-1.5730510977038146,1.1873611494062553,0.5059449710966683,-1.1259172556684536,0.001900126632737179,1.003407462488845
594,0.5457329826269485,0.5457316021655246,0.0012125327158001868,2.6457626254492648,2.4747480642598356,1.65521628308547,1.2491582861357073,-1.0,-1.5730539211238472,1.1874731123131765,0.5057658575370546,-1.1262550448534931,0.001902995028754687,1.0038124022995614
595,0.5457296133238599,0.5457282311481951,0.0012132817718178146,2.645762628859284,2.474744693121975,1.6552160449832871,1.2491684630797713,-1.0,-1.5730567566553721,1.1875852769578454,0.5055864047832391,-1.1265935741564073,0.0019058756029613022,1.004218219684419
596,0.5457262296045677,0.5457248457073591,0.0012140335449937764,2.645762632284773,2.4747413075601035,1.65521580609214,1.2491786932137645,-1.0,-1.5730596043848786,1.187697644310506,0.5054066111659185,-1.126932847268896,0.0019087684421249507,1.0046249190341754
597,0.5457228313660424,0.5457214457399356,0.0012147880524004723,2.645762635725826,2.4747379074711366,1.6552155664071395,1.2491889768325448,-1.0,-1.5730624643997224,1.1878102153488683,0.5052264750027731,-1.127272867911688,0.0019116736338816033,1.0050325047741675
598,0.545719418504224,0.5457180311418125,0.0012155453117802218,2.64576263918254,2.474734492750958,1.6552153259233495,1.2491993142334292,-1.0,-1.5730653367881364,1.1879229910581885,0.5050459945983286,-1.127613639834853,0.0019145912667464272,1.005440981364682
599,0.5457159909140062,0.5457146018078297,0.0012163053406300049,2.6457626426550096,2.474731063294405,1.6552150846357923,1.2492097057162208,-1.0,-1.5730682216392424,1.1880359724313474,0.5048651682438143,-1.1279551668181185,0.0019175214301251722,1.0058503533013343
600,0.5457125484892211,0.545711157631766,0.0012170681578438061,2.645762646143331,2.474727618995252,1.6552148425394426,1.2492201515832375,-1.0,-1.5730711190430624,1.1881491604689332,0.5046839942170211,-1.1282974526711893,0.0019204642143258656,1.0062606251154491
601,0.5457090911226271,0.5457076985063263,0.0012178337809729126,2.6457626496476045,2.4747241597462004,1.6552145996292287,1.249230652139341,-1.0,-1.5730740290905298,1.1882625561793234,0.5045024707821557,-1.1286405012340737,0.0019234197105701602,1.0066718013744484
602,0.5457056187058941,0.545704224323125,0.0012186022284162638,2.645762653167928,2.474720685438861,1.6552143559000354,1.2492412076919632,-1.0,-1.573076951873503,1.1883761605787673,0.5043205961896944,-1.1289843163774111,0.0019263880110057287,1.007083886682245
603,0.5457021311295902,0.5457007349726759,0.0012193735185068795,2.645762656704402,2.474717195963744,1.655214111346698,1.2492518185511372,-1.0,-1.5730798874847753,1.1884899746914719,0.504138368676234,-1.1293289020028079,0.001929369208718116,1.0074968856796394
604,0.5456986282831677,0.545697230344375,0.0012201476704215496,2.6457626602571254,2.4747136912102405,1.6552138659640045,1.249262485029526,-1.0,-1.5730828360180886,1.188603999549687,0.5039557864643408,-1.1296742620431746,0.0019323633977430179,1.007910803044725
605,0.5456951100549453,0.5456937103264845,0.0012209247025409288,2.6457626638262006,2.4747101710666106,1.6552136197466962,1.2492732074424535,-1.0,-1.5730857975681456,1.188718236193792,0.503772847762398,-1.13002040046307,0.001935370673078949,1.0083256434932963
606,0.5456915763320965,0.5456901748061218,0.001221704634269124,2.6457626674117303,2.4747066354199667,1.6552133726894633,1.249283986107934,-1.0,-1.5730887722306222,1.1888326856723843,0.50358955076445,-1.130367321259049,0.0019383911306997937,1.0087414117792644
607,0.5456880270006328,0.5456866236692404,0.00122248748475855,2.6457626710138187,2.4747030841562587,1.6552131247869493,1.249294821346703,-1.0,-1.5730917601021812,1.1889473490423683,0.5034058936500456,-1.130715028460015,0.0019414248675676683,1.009158112695078
608,0.5456844619453897,0.5456830568006172,0.0012232732732733096,2.645762674632569,2.4746995171602597,1.6552128760337468,1.2493057134822487,-1.0,-1.573094761280484,1.189062227369046,0.5032218745840784,-1.1310635261275779,0.0019444719816462876,1.00957575107215
609,0.5456808810500086,0.545679474083836,0.001224062019732574,2.6457626782680874,2.474695934315549,1.6552126264243967,1.249316662840844,-1.0,-1.5730977758642053,1.1891773217262098,0.5030374917166252,-1.1314128183564183,0.001947532571914138,1.00999433178129
610,0.5456772841969236,0.5456758754012715,0.001224853743801591,2.6457626819204783,2.474692335504498,1.6552123759533908,1.249327669751578,-1.0,-1.5731008039530456,1.189292633196234,0.5028527431827814,-1.1317629092746535,0.0019506067383780392,1.010413859733144
611,0.5456736712673427,0.5456722606340714,0.0012256484650731898,2.6457626855898506,2.47468872060825,1.6552121246151668,1.2493387345463902,-1.0,-1.573103845647746,1.1894081628701703,0.5026676271024959,-1.132113803044212,0.0019536945820868602,1.0108343398786381
612,0.5456700421412347,0.545668629662144,0.001226446203972773,2.645762689276314,2.4746850895067087,1.655211872404112,1.2493498575601014,-1.0,-1.5731069010501009,1.1895239118478431,0.5024821415804013,-1.1324655038612113,0.001956796205145587,1.0112557772094313
613,0.5456663966973091,0.545664982364138,0.0012272469808504772,2.645762692979975,2.47468144207852,1.6552116193145607,1.2493610391304484,-1.0,-1.5731099702629732,1.1896398812379467,0.5022962847056437,-1.1328180159563424,0.0019599117107295043,1.0116781767583722
614,0.5456627348129999,0.5456613186174254,0.0012280508165233444,2.645762696700946,2.47467777820105,1.655211365340791,1.2493722795981193,-1.0,-1.5731130533903086,1.1897560721581442,0.5021100545517089,-1.1331713435952584,0.0019630412030989235,1.0121015435999638
615,0.5456590563644502,0.5456576382980869,0.0012288577315505195,2.645762700439338,2.474674097750376,1.655211110477029,1.2493835793067862,-1.0,-1.5731161505371498,1.189872485735166,0.5019234491762464,-1.13352549107897,0.0019661847876131715,1.0125258828508348
616,0.5456553612264936,0.5456539412808932,0.00122966774695587,2.645762704195262,2.4746704006012648,1.6552108547174456,1.2493949386031407,-1.0,-1.5731192618096521,1.1899891231049122,0.5017364666208914,-1.1338804627442456,0.0019693425707466385,1.012951199670216
617,0.5456516492726343,0.5456502274392847,0.0012304808838650278,2.6457627079688337,2.4746666866271525,1.6552105980561542,1.2494063578369312,-1.0,-1.573122387315098,1.1901059854125557,0.5015491049110835,-1.134236262964018,0.001972514660102962,1.013377499260427
618,0.5456479203750322,0.545646496645357,0.0012312971638651885,2.645762711760165,2.474662955700129,1.6552103404872138,1.2494178373609968,-1.0,-1.5731255271619125,1.1902230738126445,0.5013613620558831,-1.1345928961477962,0.001975701164430958,1.0138047868673656
619,0.5456441744044833,0.5456427487698406,0.0012321166081019695,2.645762715569375,2.474659207690922,1.6552100820046247,1.2494293775313057,-1.0,-1.5731286814596797,1.1903403894692093,0.5011732360477855,-1.134950366742084,0.00197890219364024,1.0142330677810085
620,0.5456404112304,0.5456389836820824,0.0012329392387210806,2.645762719396577,2.474655442468873,1.65520982260233,1.2494409787069911,-1.0,-1.5731318503191578,1.1904579335558698,0.5009847248625315,-1.1353086792308036,0.0019821178588171153,1.0146623473359153
621,0.5456366307207923,0.5456352012500258,0.0012337650777845945,2.6457627232418908,2.4746516599019213,1.6552095622742145,1.249452641250391,-1.0,-1.5731350338522962,1.190575707255943,0.5007958264589163,-1.1356678381357264,0.0019853482722410588,1.0150926309117436
622,0.5456328327422492,0.545631401340193,0.0012345941472706528,2.6457627271054354,2.474647859856584,1.6552093010141025,1.2494643655270843,-1.0,-1.5731382321722511,1.1906937117625545,0.5006065387785945,-1.13602784801691,0.001988593547400994,1.0155239239337683
623,0.545629017159919,0.5456275838176635,0.0012354264701515618,2.6457627309873306,2.4746440421979368,1.6552090388157588,1.2494761519059308,-1.0,-1.5731414453934025,1.1908119482787491,0.5004168597458835,-1.1363887134731403,0.0019918537990122366,1.0159562318734117
624,0.545625183837488,0.5456237485460558,0.0012362620685937593,2.6457627348876978,2.474640206789593,1.6552087756728877,1.2494880007591112,-1.0,-1.5731446736313717,1.190930418017606,0.5002267872675624,-1.136750439142382,0.001995129143033279,1.0163895602487782
625,0.545621332637161,0.545619895387505,0.0012371009657548189,2.645762738806658,2.474636353493683,1.6552085115791313,1.2494999124621669,-1.0,-1.5731479170030382,1.1910491222023518,0.5000363192326701,-1.1371130297022343,0.0019984196966837823,1.0168239146251994
626,0.5456174634196399,0.545616024202643,0.001237943184703297,2.6457627427443384,2.4746324821708345,1.6552082465280693,1.2495118873940412,-1.0,-1.5731511756265584,1.1911680620664793,0.4998454535122981,-1.1374764898703937,0.002001725578461559,1.017259300615786
627,0.5456135760441051,0.545612134850579,0.0012387887489561456,2.6457627467008598,2.4746285926801512,1.6552079805132174,1.2495239259371183,-1.0,-1.5731544496213812,1.1912872388538653,0.49965418795938205,-1.137840824405125,0.0020050469081609105,1.0176957238819877
628,0.5456096703681896,0.5456082271888741,0.0012396376819391965,2.6457627506763512,2.4746246848791893,1.6552077135280288,1.2495360284772696,-1.0,-1.573157739108269,1.1914066538188903,0.4994625204084891,-1.1382060381057362,0.0020083838068909714,1.0181331901341635
629,0.5456057462479605,0.5456043010735235,0.0012404900078818257,2.645762754670939,2.47462075862394,1.65520744556589,1.249548195403893,-1.0,-1.573161044209314,1.1915263082265617,0.4992704486756029,-1.138572135813064,0.002011736397094048,1.0185717051321568
630,0.5456018035378964,0.5456003563589329,0.001241345750740299,2.645762758684752,2.474616813768803,1.6552071766201235,1.249560427109957,-1.0,-1.5731643650479592,1.1916462033526365,0.49907797055790465,-1.1389391224099643,0.0020151048025647753,1.019011274685883
631,0.5455978420908629,0.5455963928978923,0.001242204934734306,2.645762762717918,2.4746128501665643,1.6552069066839827,1.249572723992045,-1.0,-1.5731677017490158,1.1917663404837482,0.4988850838335516,-1.1393070028218109,0.0020184891484692365,1.0194519046559236
632,0.5455938617580922,0.5455924105415603,0.0012430675843453835,2.6457627667705714,2.474608867668376,1.655206635750656,1.2495850864504014,-1.0,-1.5731710544386837,1.1918867209175332,0.49869178626145133,-1.139675782017001,0.0020218895613646243,1.0198936009541295
633,0.5455898623891577,0.545588409139434,0.0012439337248508387,2.6457627708428424,2.474604866123732,1.6552063638132615,1.2495975148889735,-1.0,-1.5731744232445712,1.1920073459627618,0.49849807558103365,-1.1400454650074698,0.002025306169219136,1.020336369544234
634,0.5455858438319509,0.5455843885393281,0.0012448033810716435,2.645762774934866,2.47460084538044,1.6552060908648496,1.2496100097154612,-1.0,-1.5731778082957155,1.1921282169394678,0.4983039495120183,-1.1404160568492117,0.0020287391014323346,1.0207802164424753
635,0.5455818059326557,0.5455803485873506,0.0012456765787993414,2.6457627790467764,2.4745968052846044,1.6552058168983987,1.2496225713413613,-1.0,-1.573181209722603,1.1922493351790835,0.4981094057541795,-1.1407875626428092,0.0020321884888555115,1.0212251477182275
636,0.5455777485357285,0.5455762891278776,0.0012465533430106636,2.6457627831787107,2.474592745680594,1.655205541906817,1.2496352001820163,-1.0,-1.57318462765719,1.1923707020245744,0.4979144419871068,-1.141159987533971,0.002035654463812979,1.021671169494642
637,0.5455736714838665,0.5455722100035284,0.001247433700361684,2.6457627873308054,2.474588666411025,1.6552052658829408,1.2496478966566626,-1.0,-1.5731880622329248,1.1924923188305767,0.4977190558699623,-1.1415333367140774,0.0020391371601235207,1.0221182879492992
638,0.5455695746179875,0.5455681110551402,0.0012483176765130325,2.6457627915032007,2.4745845673167275,1.6552049888195326,1.2496606611884793,-1.0,-1.5731915135847692,1.1926141869635374,0.4975232450412339,-1.1419076154207346,0.002042636713121919,1.0225665093148677
639,0.5455654577771999,0.5455639921217406,0.001249205298087896,2.645762795696037,2.474580448236724,1.6552047107092807,1.2496734942046386,-1.0,-1.57319498184922,1.1927363078018551,0.4973270071184855,-1.142282828938337,0.0020461532596809874,1.0230158398797775
640,0.5455613207987792,0.5455598530405232,0.0012500965919573547,2.645762799909457,2.4745763090082034,1.6552044315447991,1.2496863961363551,-1.0,-1.5731984671643322,1.1928586827360246,0.49713033969810244,-1.1426589825986395,0.00204968693823434,1.0234662859889005
641,0.5455571635181405,0.5455556936468202,0.0012509915848837266,2.6457628041436028,2.4745721494664914,1.655204151318626,1.2496993674189387,-1.0,-1.5732019696697417,1.1929813131687825,0.4969332403550337,-1.1430360817813359,0.002053237888799474,1.023917854044243
642,0.5455529857688087,0.5455515137740726,0.0012518903044070045,2.6457628083986204,2.4745679694450233,1.6552038700232201,1.2497124084918458,-1.0,-1.573205489506689,1.1931042005152566,0.49673570664252986,-1.1434141319146498,0.0020568062530008525,1.0243705505056486
643,0.5455487873823933,0.545547313253806,0.0012527927779550628,2.645762812674657,2.4745637687753197,1.6552035876509648,1.2497255197987336,-1.0,-1.5732090268180419,1.1932273462031147,0.4965377360918766,-1.1437931384759326,0.0020603921740936825,1.0248243818915121
644,0.5455445681885593,0.5455430919155985,0.0012536990339059107,2.6457628169718572,2.474559547286953,1.6552033041941632,1.2497387017875121,-1.0,-1.573212581748321,1.1933507516727186,0.49633932621212495,-1.1441731069922705,0.0020639957969882036,1.0252793547795047
645,0.5455403280149984,0.5455388495870558,0.0012546090994596255,2.645762821290373,2.474555304807522,1.6552030196450371,1.249751954910402,-1.0,-1.5732161544437229,1.1934744183772803,0.49614047448981635,-1.144554043041103,0.002067617268274517,1.0257354758073103
646,0.5455360666873973,0.5455345860937765,0.001255523004178867,2.645762825630356,2.47455104116262,1.6552027339957283,1.2497652796239873,-1.0,-1.5732197450521468,1.1935983477830179,0.495941178388704,-1.1449359522508489,0.002071256736247494,1.0261927516733738
647,0.5455317840294107,0.5455303012593271,0.0012564407764449194,2.6457628299919573,2.4745467561758074,1.655202447238295,1.2497786763892738,-1.0,-1.5732233537232192,1.1937225413693173,0.49574143534946974,-1.1453188403015442,0.0020749143509321876,1.0266511891376613
648,0.5455274798626288,0.545525994905208,0.0012573624448738788,2.6457628343753306,2.4745424496685784,1.6552021593647117,1.2497921456717456,-1.0,-1.57322698060832,1.1938470006288942,0.4955412427894362,-1.1457027129254884,0.002078590264110102,1.0271107950224316
649,0.545523154006547,0.5455216668508238,0.0012582880399031055,2.645762838780633,2.474538121460332,1.6552018703668696,1.2498056879414248,-1.0,-1.5732306258606084,1.193971727067959,0.4953405981022745,-1.1460875759079026,0.0020822846293459254,1.0275715762130213
650,0.545518806278536,0.5455173169134531,0.0012592175907859115,2.6457628432080207,2.47453377136834,1.6552015802365714,1.24981930367293,-1.0,-1.5732342896350509,1.1940967222063865,0.4951394986577076,-1.1464734350875967,0.002085997602013916,1.0280335396586406
651,0.5455144364938043,0.545512944908211,0.0012601511275332463,2.6457628476576533,2.4745293992077118,1.6552012889655354,1.2498329933455368,-1.0,-1.5732379720884486,1.194221987577884,0.49493794180120854,-1.1468602963576484,0.002089729339325879,1.0284966923731844
652,0.5455100444653692,0.5455085506480215,0.0012610886807338855,2.645762852129691,2.474525004791365,1.6552009965453884,1.24984675744324,-1.0,-1.5732416733794647,1.1943475247301667,0.49473592485369383,-1.1472481656660931,0.002093480000359026,1.0289610414360535
653,0.5455056300040235,0.5455041339435824,0.0012620302808475552,2.6457628566242968,2.4745205879299905,1.6552007029676694,1.2498605964548153,-1.0,-1.573245393668653,1.1944733352251327,0.4945334451112121,-1.1476370490166234,0.0020972497460845776,1.0294265939929916
654,0.545501192918301,0.5454996946033311,0.0012629759592593015,2.6457628611416353,2.4745161484320195,1.655200408223826,1.2498745108738836,-1.0,-1.5732491331184875,1.1945994206390416,0.49433049984462785,-1.1480269524693023,0.002101038739396826,1.0298933572569349
655,0.5454967330144387,0.5454952324334067,0.0012639257472209643,2.645762865681871,2.4745116861035843,1.6552001123052142,1.2498885011989738,-1.0,-1.5732528918933915,1.1947257825626971,0.4941270862992998,-1.148417882141286,0.002104847145142668,1.0303613385088743
656,0.5454922500963476,0.5454907472376217,0.00126487967690394,2.6457628702451723,2.4745072007484916,1.6551998152030947,1.249902567933591,-1.0,-1.5732566701597674,1.1948524226016317,0.493923201694754,-1.1488098442075596,0.0021086751301517596,1.030830545098734
657,0.5454877439655674,0.5454862388174166,0.0012658377799913774,2.6457628748317084,2.474502692168174,1.6551995169086344,1.249916711586281,-1.0,-1.5732604680860292,1.1949793423762933,0.49371884322435194,-1.149202844901684,0.002112522863267601,1.0313009844462628
658,0.5454832144212399,0.545481706971832,0.0012668000890812155,2.6457628794416506,2.474498160161666,1.6551992174129049,1.2499309326707004,-1.0,-1.5732642858426311,1.1951065435222366,0.4935140080549529,-1.1495968905165561,0.0021163905153783517,1.031772664041941
659,0.5454786612600645,0.5454771514974642,0.0012677666371562115,2.6457628840751717,2.474493604525557,1.6551989167068781,1.2499452317056832,-1.0,-1.5732681236021022,1.1952340276903173,0.49330869332657096,-1.1499919874051805,0.0021202782594492366,1.0322455914479007
660,0.5454740842762617,0.5454725721884314,0.0012687374574063698,2.6457628887324454,2.474489025053958,1.6551986147814288,1.2499596092153131,-1.0,-1.5732719815390765,1.1953617965468883,0.4931028961520262,-1.1503881419814548,0.0021241862705547224,1.0327197742988639
661,0.5454694832615349,0.5454679688363324,0.0012697125834019198,2.6457628934136515,2.474484421538461,1.6551983116273299,1.2499740657289944,-1.0,-1.5732758598303278,1.1954898517740007,0.4928966136165904,-1.150785360720967,0.0021281147259121663,1.0331952203030927
662,0.5454648580050305,0.5454633412302073,0.0012706920494402162,2.6457628981189667,2.474479793768099,1.6551980072352526,1.2499886017815227,-1.0,-1.5732797586548026,1.1956181950696068,0.49268984277762656,-1.1511836501618076,0.002132063804915118,1.0336719372433598
663,0.545460208293299,0.5454586891564983,0.001271675889494138,2.645762902848573,2.4744751415293065,1.655197701595765,1.2500032179131624,-1.0,-1.573283678193655,1.195746828147767,0.4924825806642226,-1.1515830169053933,0.0021360336891679817,1.0341499329779305
664,0.5454555339102484,0.545454012399006,0.0012726641384334793,2.645762907602651,2.4744704646058766,1.655197394699331,1.2500179146697183,-1.0,-1.5732876186302818,1.1958757527388602,0.49227482427681896,-1.1519834676173062,0.0021400245625213363,1.0346292154415646
665,0.5454508346371068,0.5454493107388488,0.0012736568316716115,2.6457629123813877,2.4744657627789217,1.6551970865363066,1.2500326926026148,-1.0,-1.5732915801503575,1.196004970589798,0.49206657058682973,-1.1523850090281462,0.0021440366111072193,1.035109792646534
666,0.5454461102523808,0.5454445839544215,0.0012746540042911454,2.6457629171849684,2.474461035826828,1.655196777096941,1.2500475522689722,-1.0,-1.5732955629418715,1.1961344834642416,0.4918578165362578,-1.1527876479343984,0.0021480700233762746,1.0355916726836565
667,0.5454413605318077,0.5454398318213485,0.0012756556929586866,2.6457629220135823,2.474456283525212,1.655196466371372,1.250062494231686,-1.0,-1.5732995671951655,1.196264293142823,0.4916485590373033,-1.1531913911993144,0.00215212499013494,1.0360748637233488
668,0.5454365852483117,0.5454350541124401,0.0012766619336563193,2.6457629268674214,2.474451505646878,1.6551961543496292,1.2500775190595077,-1.0,-1.5733035931029709,1.1963944014233692,0.4914387949719652,-1.1535962457538094,0.0021562017045827493,1.0365593740166967
669,0.5454317841719597,0.5454302505976479,0.001277672763247108,2.6457629317466766,2.474446701961768,1.655195841021626,1.2500926273271271,-1.0,-1.5733076408604476,1.1965248101211323,0.4912285211916365,-1.1540022185973744,0.002160300362351813,1.0370452118965434
670,0.5454269570699166,0.5454254210440195,0.0012786882189493635,2.6457629366515447,2.474441872236923,1.6551955263771643,1.2501078196152553,-1.0,-1.5733117106652235,1.1966555210690202,0.49101773451669245,-1.154409316799003,0.0021644211615458315,1.0375323857785965
671,0.5454221037063923,0.545420565215647,0.0012797083386809221,2.6457629415822232,2.4744370162364264,1.655195210405926,1.250123096510709,-1.0,-1.5733158027174352,1.196786536117834,0.49080643173607147,-1.1548175474981364,0.002168564302780584,1.0380209041625543
672,0.5454172238426002,0.5454156828736234,0.0012807331603615056,2.64576294653891,2.474432133721363,1.6551948930974791,1.2501384586064983,-1.0,-1.573319917219768,1.1969178571365078,0.490594609606849,-1.1552269179056214,0.0021727299892250022,1.0385107756332514
673,0.5454123172367034,0.54541077377599,0.00128176272243103,2.645762951521809,2.4744272244497667,1.6551945744412686,1.2501539065019138,-1.0,-1.573324054377499,1.1970494860123535,0.4903822648538042,-1.1556374353046885,0.0021769184266430203,1.039002008861824
674,0.5454073836437668,0.5454058376776897,0.0012827970647115831,2.645762956531123,2.4744222881765716,1.65519425442662,1.2501694408026158,-1.0,-1.573328214398538,1.1971814246513095,0.4901693941689791,-1.156049107051945,0.002181129823436045,1.0394946126068954
675,0.5454024228157037,0.5454008743305105,0.0012838362258060952,2.645762961567059,2.4744173246535577,1.6551939330427339,1.2501850621207256,-1.0,-1.5733323974934736,1.1973136749781943,0.4899559942112297,-1.1564619405783851,0.0021853643906871775,1.0399885957157826
676,0.5453974345012267,0.5453958834830388,0.0012848802462124473,2.645762966629826,2.474412333629303,1.6551936102786862,1.2502007710749194,-1.0,-1.5733366038756156,1.1974462389369624,0.48974206160576966,-1.1568759433904188,0.0021896223422051605,1.040483967125724
677,0.5453924184457913,0.5453908648806025,0.001285929166069548,2.6457629717196354,2.4744073148491257,1.6551932861234258,1.2502165682905206,-1.0,-1.573340833761041,1.1975791184909677,0.4895275929437059,-1.1572911230709184,0.0021939038945701537,1.040980735865128
678,0.5453873743915421,0.545385818265217,0.0012869830267100472,2.6457629768367,2.474402268055034,1.6551929605657714,1.2502324543995973,-1.0,-1.5733450873686408,1.197712315623229,0.4893125847815661,-1.1577074872802833,0.00219820926717974,1.0414789110548441
679,0.5453823020772605,0.5453807433755322,0.0012880418696195614,2.6457629819812367,2.4743971929856685,1.6551926335944123,1.250248430041061,-1.0,-1.5733493649201657,1.1978458323367014,0.4890970336408175,-1.158125043757524,0.0022025386822962954,1.041978501909457
680,0.5453772012383029,0.5453756399467722,0.001289105736434451,2.6457629871534643,2.474392089376244,1.655192305197902,1.2502644958607638,-1.0,-1.5733536666402768,1.1979796706545527,0.48888093600737803,-1.158543800321365,0.0022068923650953253,1.0424795177386026
681,0.5453720716065477,0.5453705077106801,0.0012901746696280046,2.645762992353603,2.474386956958495,1.6551919753646613,1.2502806525116021,-1.0,-1.5733579927565917,1.198113832620443,0.4886642883311175,-1.1589637648713675,0.0022112705437146996,1.0429819679483086
682,0.5453669129103322,0.5453653463954572,0.0012912487121614098,2.6457629975818784,2.474381795460614,1.6551916440829721,1.2502969006536202,-1.0,-1.573362343499738,1.1982483202988112,0.48844708702535117,-1.1593849453890723,0.002215673449304778,1.043485862042358
683,0.5453617248743952,0.5453601557257042,0.0012923279076518606,2.6457630028385153,2.4743766046071913,1.655191311340977,1.2503132409541124,-1.0,-1.5733667191034013,1.1983831357751658,0.48822932846632355,-1.1598073499391628,0.00222010131607982,1.0439912096236779
684,0.545356507219815,0.5453549354223594,0.0012934123005397776,2.6457630081237427,2.4743713841191566,1.655190977126677,1.2503296740877345,-1.0,-1.5733711198043807,1.19851828115638,0.488011008992683,-1.1602309866706495,0.002224554381370286,1.0444980203957537
685,0.545351259663944,0.5453496852026335,0.0012945019345398383,2.6457630134377927,2.4743661337137115,1.6551906414279296,1.2503462007366106,-1.0,-1.5733755458426397,1.1986537585709942,0.487792124904947,-1.1606558638180757,0.0022290328856765795,1.0450063041640676
686,0.5453459819203488,0.5453444047799495,0.0012955968552130137,2.6457630187809027,2.474360853104269,1.6551903042324454,1.250362821590445,-1.0,-1.573379997461362,1.1987895701695221,0.48757267246495756,-1.1610819897027451,0.002233537072723135,1.045516070837564
687,0.5453406736987425,0.5453390938638742,0.001296697108415814,2.645763024153305,2.4743555420003855,1.6551899655277866,1.250379537346634,-1.0,-1.573384474907007,1.1989257181247626,0.4873526478953272,-1.1615093727339718,0.0022380671895146087,1.0460273304301417
688,0.5453353347049165,0.5453337521600522,0.0012978027402971656,2.645763029555244,2.4743502001076965,1.655189625301365,1.2503963487103849,-1.0,-1.5733889784293666,1.1990622046321178,0.487132047378874,-1.161938021410353,0.002242623486392881,1.0465400930621742
689,0.545329964640675,0.545328379370138,0.0012989137978081091,2.6457630349869588,2.4743448271278465,1.6551892835404383,1.2504132563948303,-1.0,-1.5733935082816233,1.1991990319099173,0.48691086705804737,-1.1623679443210655,0.002247206217094605,1.0470543689620557
690,0.5453245632037635,0.5453229751917248,0.0013000303280132387,2.6457630404486987,2.474339422758418,1.6551889402321092,1.2504302611211506,-1.0,-1.5733980647204096,1.1993362021997471,0.48668910303434204,-1.1627991501471855,0.002251815638811089,1.0475701684677778
691,0.5453191300877975,0.5453175393182755,0.0013011523792828125,2.6457630459407113,2.474333986692864,1.6551885953633216,1.2504473636186941,-1.0,-1.5734026480058685,1.1994737177667851,0.4864667513677025,-1.1632316476630336,0.0022564520122490663,1.0480875020285352
692,0.5453136649821912,0.5453120714390477,0.0013022800002620862,2.6457630514632493,2.474328518620432,1.6551882489208587,1.250464564625103,-1.0,-1.5734072584017156,1.1996115809001435,0.48624380807591544,-1.163665445737544,0.0022611156016922097,1.0486063802063594
693,0.5453081675720819,0.5453065712390212,0.0013034132400384165,2.6457630570165662,2.4743230182260905,1.6551879008913402,1.2504818648864393,-1.0,-1.573411896175302,1.1997497939132162,0.4860202691339914,-1.1641005533356599,0.0022658066750648963,1.0491268136777856
694,0.5453026375382526,0.5453010383988194,0.0013045521488180747,2.6457630626009223,2.474317485190453,1.6551875512612206,1.250499265157316,-1.0,-1.57341656159768,1.1998883591440337,0.48579613047353465,-1.1645369795197549,0.0022705255039965175,1.0496488132355484
695,0.5452970745570601,0.5452954725946356,0.001305696776728813,2.645763068216576,2.4743119191897014,1.6551872000167838,1.2505167662010261,-1.0,-1.5734212549436675,1.2000272789556243,0.48557138798210153,-1.1649747334510807,0.0022752723638877702,1.0501723897903112
696,0.5452914783003467,0.5452898734981493,0.0013068471751772916,2.645763073863794,2.474306319895504,1.6551868471441433,1.250534368789681,-1.0,-1.5734259764919165,1.200166555736382,0.4853460375025462,-1.1654138243912426,0.0022800475339781134,1.0506975543724273
697,0.545285848435368,0.5452842407764477,0.001308003395652915,2.645763079542844,2.4743006869749378,1.6551864926292381,1.250552073704344,-1.0,-1.5734307265249823,1.2003061919004407,0.4851200748323547,-1.165854261703703,0.0022848512974148194,1.0512243181337348
698,0.5452801846247048,0.5452785740919434,0.0013091654912516597,2.6457630852539964,2.4742950200904037,1.6551861364578304,1.250569881735172,-1.0,-1.573435505329393,1.2004461898880565,0.48489349572296603,-1.166296054855313,0.002289683941323578,1.0517526923493856
699,0.5452744865261798,0.5452728731022877,0.0013103335148025926,2.6457630909975265,2.474289318899541,1.6551857786155009,1.2505877936815573,-1.0,-1.5734403131957224,1.2005865521659973,0.4846662958790802,-1.1667392134178733,0.0022945457568805394,1.0522826884197094
700,0.5452687537927721,0.5452671374602848,0.001311507520390421,2.645763096773711,2.4742835830551426,1.6551854190876478,1.2506058103522735,-1.0,-1.5734451504186637,1.2007272812279381,0.4844384709579532,-1.1671837470697268,0.0022994370393859876,1.0528143178721132
701,0.5452629860725257,0.5452613668138034,0.0013126875625016886,2.6457631025828316,2.474277812205066,1.6551850578594838,1.2506239325656237,-1.0,-1.573450017297104,1.2008683795948658,0.4842100165686784,-1.1676296655973788,0.002304358088339725,1.053347592363018
702,0.5452571830084635,0.5452555608056868,0.0013138736961894881,2.6457631084251747,2.474272005992142,1.6551846949160305,1.2506421611495915,-1.0,-1.573454914134202,1.201009849815491,0.4839809282714543,-1.168076978897151,0.00230930920751809,1.0538825236798326
703,0.54525134423849,0.545249719073659,0.0013150659782503085,2.6457631143010265,2.474266164054083,1.6551843302421176,1.2506604969419952,-1.0,-1.5734598412374665,1.2011516944666674,0.4837512015768376,-1.1685256969768665,0.002314290705052874,1.0544191237429652
704,0.545245469395301,0.5452438412502313,0.0013162644648518356,2.6457631202106806,2.4742602860233873,1.6551839638223795,1.2506789407906453,-1.0,-1.5734647989188368,1.2012939161538192,0.4835208319449825,-1.168975829957568,0.0023193028935115266,1.0549574046078762
705,0.5452395581062847,0.5452379269626052,0.0013174692137241685,2.6457631261544337,2.4742543715272443,1.6551835956412508,1.2506974935535051,-1.0,-1.5734697874947654,1.2014365175113777,0.48328981478486444,-1.1694273880752701,0.0023243460899798063,1.0554973784671686
706,0.5452336099934224,0.545231975832572,0.0013186802831396869,2.6457631321325836,2.4742484201874326,1.6551832256829635,1.2507161560988538,-1.0,-1.5734748072863014,1.201579501203226,0.4830581454534891,-1.1698803816827446,0.0023294206161461385,1.0560390576527217
707,0.5452276246731881,0.5452259874764148,0.001319897732244255,2.6457631381454356,2.4742424316202234,1.6551828539315443,1.2507349293054546,-1.0,-1.5734798586191772,1.2017228699231512,0.48282581925508555,-1.1703348212513422,0.002334526798387454,1.0565824546378653
708,0.5452216017564435,0.5452199615048005,0.0013211216210503758,2.645763144193296,2.474236405436269,1.6551824803708084,1.2507538140627246,-1.0,-1.5734849418238972,1.2018666263953082,0.4825928314402839,-1.1707907173728513,0.0023396649678577466,1.0571275820395987
709,0.5452155408483381,0.5452138975226796,0.0013223520102623749,2.645763150276478,2.4742303412405082,1.6551821049843598,1.2507728112709087,-1.0,-1.5734900572358264,1.202010773374689,0.48235917720527594,-1.1712480807613908,0.0023448354605777157,1.0576744526208521
710,0.5452094415481911,0.545207795129172,0.001323588961437995,2.6457631563952937,2.474224238632047,1.6551817277555847,1.250791921841257,-1.0,-1.5734952051952835,1.2021553136476044,0.48212485169095975,-1.1717069222553433,0.0023500386175275612,1.0582230792927951
711,0.545203303449388,0.5452016539174585,0.0013248325366461938,2.645763162550067,2.4742180972040524,1.6551813486676485,1.2508111466962082,-1.0,-1.5735003860476362,1.2023002500321742,0.4818898499820668,-1.1721672528193268,0.0023552747847412903,1.05877347511719
712,0.5451971261392634,0.5451954734746681,0.0013260827998012254,2.645763168741119,2.4742119165436396,1.6551809677034917,1.2508304867695703,-1.0,-1.573505600143396,1.2024455853788265,0.4816541671062717,-1.1726290835462052,0.00236054431340324,1.0593256533087931
713,0.5451909091989886,0.5451892533817624,0.0013273398143087943,2.645763174968778,2.474205696231757,1.6551805848458274,1.2508499430067135,-1.0,-1.573510847838318,1.2025913225708076,0.48141779803328383,-1.17309242565914,0.0023658475599470487,1.0598796272378057
714,0.5451846522034483,0.5451829932134128,0.001328603645739264,2.645763181233377,2.4741994358430617,1.6551802000771352,1.2508695163647614,-1.0,-1.573516129493502,1.2027374645247029,0.48118073767392083,-1.1735572905136833,0.0023711848861565302,1.0604354104323725
715,0.5451783547211217,0.5451766925378829,0.0013298743596435129,2.6457631875352536,2.474193134945802,1.6551798133796578,1.2508892078127882,-1.0,-1.5735214454754962,1.2028840141909665,0.4809429808791628,-1.174023689599915,0.002376556659270163,1.060993016581134
716,0.5451720163139573,0.5451703509169019,0.0013311520228841064,2.645763193874749,2.4741867931016936,1.6551794247353973,1.2509090183320184,-1.0,-1.5735267961564026,1.2030309745544634,0.4807045224391879,-1.1744916345446217,0.0023819632520861614,1.0615524595358294
717,0.5451656365372459,0.5451639679055382,0.0013324367036255708,2.6457632002522065,2.47418040986579,1.655179034126112,1.2509289489160347,-1.0,-1.5735321819139862,1.2031783486350216,0.480465357082387,-1.1749611371135216,0.002387405043071861,1.062113753313953
718,0.5451592149394892,0.5451575430520674,0.0013337284701591989,2.6457632066679797,2.474173984786351,1.6551786415333083,1.2509490005709856,-1.0,-1.5735376031317858,1.2033261394879962,0.4802254794743597,-1.175432209213536,0.002392882416474346,1.0626769121014668
719,0.5451527510622655,0.545151075897839,0.001335027392395732,2.645763213122422,2.4741675174047115,1.65517824693824,1.2509691743158,-1.0,-1.573543060199228,1.2034743502048444,0.4799848842168877,-1.1759048628951072,0.0023983957624349244,1.0632419502555688
720,0.5451462444400951,0.5451445659771396,0.0013363335411891693,2.645763219615895,2.4741610072551428,1.6551778503219012,1.2509894711824074,-1.0,-1.5735485535117437,1.2036229839137131,0.47974356584688815,-1.1763791103545638,0.0024039454771052743,1.063808882307519
721,0.5451396946002982,0.5451380128170537,0.0013376469879963853,2.645763226148763,2.4741544538647138,1.655177451665024,1.2510098922159587,-1.0,-1.5735540834708874,1.2037720437800379,0.479501518835345,-1.1768549639365375,0.0024095319627670483,1.064377722965525
722,0.5451331010628495,0.5451314159373163,0.001338967805533645,2.6457632327213956,2.474147856753143,1.6551770509480717,1.2510304384750568,-1.0,-1.57355965048446,1.203921533007155,0.47925873758621695,-1.1773324361364303,0.002415155627954547,1.0649484871176877
723,0.5451264633402364,0.5451247748501701,0.001340296067435116,2.645763239334169,2.474141215432657,1.6551766481512336,1.251051111031989,-1.0,-1.5735652549666337,1.2040714548369273,0.47901521643532396,-1.1778115396029325,0.002420816887579725,1.0655211898350108
724,0.5451197809373033,0.5451180890602125,0.0013416318489062984,2.6457632459874625,2.474134529407838,1.6551762432544226,1.2510719109729656,-1.0,-1.57357089733808,1.2042218125503799,0.4787709496492087,-1.1782922871405956,0.0024265161630608496,1.0660958463744723
725,0.5451130533510984,0.5451113580642402,0.0013429752257200372,2.6457632526816615,2.4741277981754637,1.6551758362372662,1.2510928393983636,-1.0,-1.5735765780261022,1.2043726094683533,0.47852593142397476,-1.1787746917124597,0.002432253882453995,1.066672472182163
726,0.5451062800707149,0.5451045813510911,0.0013443262748701302,2.645763259417158,2.4741210212243576,1.6551754270791064,1.2511138974229756,-1.0,-1.5735822974647697,1.204523848952168,0.47828015588409967,-1.1792587664427365,0.002438030480588344,1.0672510828964918
727,0.5450994605771319,0.5450977584014846,0.0013456850748908749,2.645763266194347,2.4741141980352204,1.6551750157589873,1.2511350861762642,-1.0,-1.5735880560950564,1.2046755344043036,0.47803361708122266,-1.1797445246195513,0.0024438463992039034,1.0678316943514599
728,0.5450925943430421,0.5450908886878504,0.0013470517045261474,2.6457632730136313,2.474107328080464,1.6551746022556575,1.251156406802623,-1.0,-1.573593854364982,1.2048276692690927,0.4777863089929059,-1.180231979697743,0.0024497020870937977,1.068414322580006
729,0.5450856808326869,0.5450839716741618,0.0013484262446998314,2.6457632798754185,2.474100410824046,1.6551741865475582,1.2511778604616417,-1.0,-1.5735996927297577,1.2049802570334298,0.4775382255213697,-1.1807211453017261,0.00245559800024921,1.0689989838174243
730,0.5450787195016786,0.5450770068157587,0.0013498087768550532,2.6457632867801206,2.4740934457212864,1.65517376861282,1.2511994483283788,-1.0,-1.5736055716519353,1.2051333012274956,0.4772893604921994,-1.1812120352284143,0.0024615346020083256,1.0695856945048574
731,0.5450717097968212,0.5450699935591697,0.0013511993839327395,2.6457632937281583,2.474086432218696,1.6551733484292581,1.2512211715936394,-1.0,-1.5736114916015584,1.2052868054254964,0.47703970765302434,-1.181704663450208,0.0024675123632093513,1.070174471292865
732,0.5450646511559267,0.5450629313419254,0.001352598150194873,2.6457633007199557,2.4740793697537877,1.655172925974364,1.2512430314642602,-1.0,-1.5736174530563216,1.2054407732464196,0.4767892606721681,-1.1821990441180483,0.0024735317623471144,1.070765331045071
733,0.5450575430076268,0.5450558195923726,0.0013540051610486663,2.6457633077559457,2.474072257754888,1.6551725012253002,1.2512650291633995,-1.0,-1.5736234565017284,1.2055952083548076,0.47653801313726857,-1.1826951915645387,0.0024795932857333506,1.071358290841894
734,0.5450503847711802,0.5450486577294791,0.0013554205030354837,2.645763314836564,2.474065095640947,1.6551720741588931,1.2512871659308356,-1.0,-1.5736295024312579,1.205750114461546,0.4762859585538679,-1.1831931203071349,0.0024856974276621984,1.071953367984356
735,0.5450431758562714,0.5450414451626358,0.0013568442644742661,2.6457633219622556,2.4740578828213353,1.6551716447516307,1.2513094430232712,-1.0,-1.5736355913465325,1.20590549532467,0.4760330903439703,-1.1836928450514066,0.002491844690578688,1.072550579997982
736,0.5450359156628122,0.5450341812914534,0.0013582765344659722,2.6457633291334695,2.474050618695644,1.655171212979649,1.2513318617146445,-1.0,-1.5736417237574922,1.2060613547501915,0.47577940184456885,-1.184194380694374,0.00249803558525259,1.073149944636781
737,0.545028603580726,0.5450268655055523,0.0013597174040270506,2.6457633363506634,2.474043302653473,1.6551707788187298,1.251354423296449,-1.0,-1.5736479001825718,1.2062176965929403,0.475524886306138,-1.1846977423279157,0.0025042706309559575,1.0737514798873224
738,0.5450212389897384,0.5450194971843478,0.0013611669650948738,2.6457633436143007,2.4740359340742177,1.655170342244294,1.2513771290780582,-1.0,-1.5736541211488844,1.2063745247574267,0.4752695368910926,-1.1852029452422574,0.002510550355646302,1.0743552039729012
739,0.5450138212591555,0.5450120756968313,0.0013626253113318033,2.645763350924852,2.474028512326849,1.6551699032313925,1.251399980387061,-1.0,-1.5736603871924078,1.206531843198723,0.4750133466722121,-1.1857100049295388,0.0025168752961534984,1.0749611353577988
740,0.545006349747639,0.5450046004013436,0.0013640925376216882,2.645763358282794,2.4740210367696855,1.655169461754699,1.251422978569602,-1.0,-1.5736666988581773,1.206689655923366,0.47475630863102886,-1.186218937087461,0.002523245998373142,1.0755692927516423
741,0.5449988238029713,0.544997070645343,0.0013655687407076156,2.645763365688613,2.4740135067501656,1.6551690177885041,1.251446124990732,-1.0,-1.5736730567004837,1.2068479669902774,0.474498415656179,-1.186729757623019,0.0025296630174628967,1.0761796951138625
742,0.5449912427618211,0.5449894857651667,0.0013670540185259108,2.6457633731427967,2.4740059216046033,1.6551685713067068,1.2514694210347654,-1.0,-1.5736794612830751,1.2070067805117082,0.4742396605417161,-1.1872424826563197,0.002536126918046461,1.0767923616582566
743,0.5449836059494974,0.5449818450857872,0.0013685484705177385,2.645763380645847,2.4739982806579492,1.6551681222828054,1.251492868105649,-1.0,-1.5736859131793657,1.2071661006542027,0.47398003598538524,-1.187757128524489,0.0025426382744210664,1.0774073118576548
744,0.5449759126796967,0.5449741479205585,0.0013700521979384643,2.6457633881982714,2.473990583223536,1.655167670689892,1.2515164676273351,-1.0,-1.57369241297265,1.2073259316395857,0.4737195345868575,-1.1882737117856692,0.0025491976707718578,1.0780245654486977
745,0.5449681622542484,0.5449663935709622,0.0013715653035171764,2.6457633958005817,2.4739828286028205,1.655167216500642,1.2515402210441666,-1.0,-1.5736989612563215,1.2074862777459723,0.473458148845923,-1.1887922492231104,0.0025558057013914393,1.0786441424367241
746,0.5449603539628483,0.544958581326339,0.0013730878919267732,2.6457634034533,2.473975016085122,1.6551667596873056,1.2515641298212712,-1.0,-1.5737055586340989,1.2076471433088019,0.47319587116064166,-1.1893127578493583,0.0025624629709056377,1.079266063100775
747,0.5449524870827834,0.5449507104636173,0.001374620068796893,2.6457634111569583,2.4739671449473435,1.6551663002217027,1.2515881954449655,-1.0,-1.5737122057202584,1.2078085327218946,0.4729326938254498,-1.189835254910541,0.0025691700945054074,1.0798903479987156
748,0.5449445608786602,0.5449427802470348,0.001376161942476161,2.6457634189120935,2.4739592144536995,1.655165838075208,1.251612419423167,-1.0,-1.573718903139871,1.2079704504385351,0.47266860902922303,-1.1903597578907577,0.002575927698185182,1.080517017972479
749,0.5449365746021054,0.5449347899278472,0.0013777136223977937,2.645763426719252,2.473951223855421,1.6551653732187477,1.2516368032858187,-1.0,-1.5737256515290479,1.2081329009725796,0.47240360885329197,-1.1908862845165715,0.0025827364189874857,1.0811460941534357
750,0.5449285274914832,0.5449267387440381,0.0013792752192267872,2.6457634345789884,2.473943172390467,1.6551649056227866,1.2516613485853225,-1.0,-1.573732451535192,1.208295888899591,0.47213768526941097,-1.1914148527616117,0.0025895969052550814,1.0817775979678916
751,0.544920418771583,0.5449186259200103,0.0013808468469355352,2.645763442491867,2.4739350592832148,1.6551644352573194,1.2516860568969843,-1.0,-1.5737393038172565,1.2084594188580002,0.47187083013767805,-1.191945480851286,0.0025965098168892198,1.082411551142719
752,0.5449122476533094,0.544910450666276,0.0013824286205282536,2.6457634504584595,2.4739268837441504,1.6551639620918608,1.2517109298194702,-1.0,-1.5737462090460108,1.208623495550296,0.47160303520440416,-1.1924781872676062,0.0026034758256162417,1.0830479757111249
753,0.5449040133333626,0.5449022121791348,0.0013840206565080434,2.6457634584793484,2.4739186449695474,1.655163486095437,1.251735968975273,-1.0,-1.573753167904314,1.2087881237442417,0.4713342920999311,-1.193012990754134,0.0026104956152604,1.0836868940185587
754,0.5448957149939069,0.544893909640344,0.001385623074301995,2.645763466555122,2.473910342141136,1.655163007236572,1.251761176011192,-1.0,-1.5737601810873962,1.2089533082741253,0.4710645923363961,-1.1935499103210454,0.0026175698820257334,1.0843283287287655
755,0.5448873518022317,0.5448855422167777,0.001387235994154709,2.645763474686383,2.4739019744257638,1.6551625254832791,1.2517865525988248,-1.0,-1.5737672493031483,1.2091190540420358,0.47079392730544106,-1.1940889652503213,0.002624699334784975,1.0849723028299894
756,0.5448789229104012,0.5448771090600782,0.0013888595395126712,2.6457634828737397,2.4738935409750455,1.6551620408030514,1.25181210043507,-1.0,-1.5737743732724179,1.2092853660191727,0.47052228827586595,-1.1946301751010657,0.002631884695377512,1.0856188396413284
757,0.5448704274548968,0.5448686093062969,0.0013904938355591143,2.64576349111781,2.473885040925004,1.6551615531628465,1.2518378212426449,-1.0,-1.5737815537293172,1.209452249247189,0.47024966639122373,-1.1951735597149578,0.0026391266989152008,1.08626796281925
758,0.5448618645562461,0.5448600420755239,0.0013921390087157832,2.645763499419226,2.4738764733957,1.6551610625290798,1.2518637167706157,-1.0,-1.5737887914215367,1.2096197088395648,0.46997605266735487,-1.1957191392218378,0.0026464260940976536,1.0869196963642678
759,0.5448532333186421,0.544851406471506,0.0013937951888561945,2.6457635077786246,2.4738678374908525,1.6551605688676083,1.2518897887949403,-1.0,-1.5737960871106702,1.2097877499830172,0.4697014379898611,-1.1962669340454368,0.002653783643536628,1.0875740646277874
760,0.5448445328295531,0.5448427015812576,0.0013954625076839154,2.6457635161966566,2.473859132297445,1.6551600721437216,1.2519160391190283,-1.0,-1.5738034415725486,1.2099563779389446,0.4694258131115143,-1.1968169649092475,0.0026612001240893467,1.0882310923191252
761,0.5448357621593173,0.5448339264746541,0.0013971410983934212,2.6457635246739843,2.4738503568853236,1.6551595723221275,1.251942469574312,-1.0,-1.5738108555975827,1.2101255980449082,0.469149168649601,-1.1973692528425475,0.002668676327202507,1.0888908045127053
762,0.5448269203607308,0.5448250802040203,0.0013988310975553708,2.645763533211276,2.473841510306782,1.6551590693669405,1.2519690820208336,-1.0,-1.573818329991117,1.2102954157161485,0.4688714950831979,-1.197923819186574,0.002676213059265847,1.0895532266554413
763,0.5448180064686144,0.5448161618036973,0.0014005326434998837,2.645763541809216,2.4738325915961292,1.655158563241668,1.251995878347851,-1.0,-1.5738258655737947,1.2104658364471443,0.468592782750379,-1.1984806856008592,0.0026838111419762445,1.0902183845743068
764,0.5448090194993813,0.5448071702896085,0.0014022458772447108,2.6457635504684966,2.4738235997692577,1.6551580539091966,1.2520228604744557,-1.0,-1.5738334631819315,1.2106368658132083,0.46831302184534984,-1.1990398740697277,0.002691471412713081,1.0908863044841015
765,0.5447999584505766,0.5447981046588011,0.0014039709424672774,2.6457635591898256,2.473814533823182,1.6551575413317783,1.2520500303502082,-1.0,-1.5738411236679033,1.210808509472125,0.46803220241550814,-1.199601406908963,0.0026991947249248413,1.091557012995421
766,0.5447908223004142,0.5447889638889806,0.0014057079845286988,2.645763567973918,2.4738053927355734,1.6551570254710168,1.2520773899557918,-1.0,-1.5738488479005437,1.2109807731658313,0.4677503143584277,-1.2001653067726492,0.0027069819485268597,1.092230537122833
767,0.5447816100072925,0.5447797469380277,0.0014074571525020858,2.645763576821505,2.4737961754642805,1.6551565062878528,1.252104941303684,-1.0,-1.5738566367655542,1.211153662722139,0.4674673474187632,-1.2007315966601897,0.0027148339703119695,1.0929069042932673
768,0.5447723205093009,0.5447704527435042,0.0014092185977188252,2.645763585733326,2.473786880946829,1.6551559837425467,1.2521326864388438,-1.0,-1.5738644911659267,1.2113271840565059,0.46718329118507457,-1.2013002999235143,0.0027227516943730823,1.0935861423546314
769,0.5447629527237061,0.544761080222139,0.001410992473741494,2.6457635947101372,2.473777508099914,1.6551554577946668,1.2521606274394215,-1.0,-1.5738724120223806,1.2115013431738486,0.46689813508656564,-1.2018714402744752,0.0027307360425391338,1.0942682795846503
770,0.544753505546428,0.5447516282693029,0.0014127789377510384,2.645763603752705,2.4737680558188697,1.6551549284030709,1.2521887664174844,-1.0,-1.5738804002738096,1.2116761461704078,0.46661186838973756,-1.2024450417924417,0.002738787954824318,1.0949533446999458
771,0.5447439778514923,0.544742095758462,0.001414578149097468,2.6457636128618094,2.4737585229771266,1.6551543955258892,1.2522171055197657,-1.0,-1.5738884568777474,1.2118515992356602,0.46632448019495215,-1.203021128932098,0.002746908389891234,1.0956413668653577
772,0.5447343684904713,0.5447324815406188,0.0014163902705260653,2.6457636220382468,2.473748908425649,1.65515385912051,1.2522456469284322,-1.0,-1.573896582810844,1.2120277086542828,0.4660359594329025,-1.203599726531452,0.002755098325528799,1.096332375703518
773,0.5447246762919068,0.544722784443733,0.0014182154673582957,2.6457636312828225,2.4737392109923597,1.6551533191435603,1.2522743928618731,-1.0,-1.5739047790693592,1.2122044808081696,0.4657462948609885,-1.204180859820061,0.0027633587591451183,1.0970264013046842
774,0.5447149000607125,0.5447130032721255,0.0014200539085547875,2.6457636405963583,2.473729429481541,1.6551527755508884,1.2523033455755137,-1.0,-1.5739130466696702,1.212381922178503,0.4654554750595937,-1.2047645544274823,0.0027716907082756706,1.0977234742368425
775,0.5447050385775593,0.5447031368058609,0.0014219057654270557,2.6457636499796915,2.473719562673218,1.655152228297546,1.2523325073626501,-1.0,-1.5739213866487969,1.2125600393478813,0.4651634884282599,-1.2053508363919556,0.0027800952111077695,1.0984236255560869
776,0.5446950905982384,0.5446931838001138,0.0014237712136337033,2.6457636594336735,2.4737096093225244,1.6551516773377672,1.2523618805553067,-1.0,-1.5739298000649422,1.212738839002505,0.4648703231817569,-1.205939732169326,0.0027885733270223982,1.0991268868172865
777,0.5446850548530077,0.5446831429845117,0.0014256504307993013,2.6457636689591713,2.473699568159048,1.6551511226249538,1.252391467525121,-1.0,-1.5739382879980521,1.2129183279344211,0.4645759673460432,-1.2065312686422125,0.002797126137152323,1.0998332900850496
778,0.5446749300459133,0.5446730130624572,0.001427543598973211,2.6457636785570644,2.473689437886149,1.6551505641116484,1.2524212706842521,-1.0,-1.573946851550392,1.2130985130438343,0.46428040875411436,-1.207125473129436,0.002805754744959327,1.1005428679449918
779,0.5446647148540922,0.5446627927104317,0.0014294509031848239,2.6457636882282527,2.4736792171802664,1.6551500017495202,1.252451292486316,-1.0,-1.5739554918471412,1.213279401341476,0.46398363504173484,-1.2077223733957096,0.002814460276829861,1.1012556535153248
780,0.544654407927049,0.5446524805772701,0.0014313725324915892,2.6457636979736496,2.473668904690192,1.6551494354893383,1.2524815354273469,-1.0,-1.5739642100370097,1.2134609999510457,0.46368563364305,-1.208321997661604,0.002823243882689969,1.10197168045877
781,0.5446440078859114,0.5446420752834157,0.0014333086788490164,2.645763707794184,2.4736584990363237,1.6551488652809543,1.2525120020467897,-1.0,-1.573973007292873,1.2136433161117162,0.463386391786073,-1.2089243746137952,0.002832106736640844,1.1026909829948122
782,0.5446335133226596,0.5446315754201515,0.001435259538464349,2.645763717690805,2.473647998809901,1.6551482910732764,1.2525426949285197,-1.0,-1.5739818848124285,1.2138263571807135,0.46308589648804377,-1.2095295334156067,0.00284105003761545,1.1034135959123046
783,0.5446229227993304,0.5446209795488005,0.001437225311284484,2.6457637276644776,2.473637402572199,1.655147712814248,1.252573616701891,-1.0,-1.5739908438188739,1.2140101306359687,0.4627841345506546,-1.210137503717855,0.002850075010056552,1.1041395545824353
784,0.5446122348471942,0.5446102861999063,0.0014392062011043274,2.6457637377161847,2.4736267088537156,1.6551471304508223,1.2526047700428204,-1.0,-1.5739998855616082,1.2141946440788458,0.4624810925551377,-1.2107483156700074,0.0028591829046182905,1.1048688949720717
785,0.5446014479659056,0.5445994938723792,0.0014412024156733848,2.6457637478469267,2.473615916153312,1.655146543928938,1.2526361576748997,-1.0,-1.5740090113169571,1.2143799052369477,0.4621767568572103,-1.2113619999316667,0.0028683749988905327,1.1056016536574922
786,0.544590560622623,0.5445886010326187,0.0014432141672621258,2.645763758057724,2.4736050229373396,1.655145953193494,1.2526677823705445,-1.0,-1.574018222388922,1.2145659219670055,0.46187111358187233,-1.2119785876843916,0.0028776525981485945,1.1063378678385203
787,0.5445795712511003,0.5445776061136031,0.0014452416723008173,2.6457637683496142,2.473594027638726,1.6551453581883242,1.252699646952177,-1.0,-1.5740275201099556,1.2147527022578504,0.46156414861805056,-1.2125981106438652,0.0028870170361283364,1.1070775753530777
788,0.5445684782507454,0.5445665075139474,0.0014472851508669496,2.645763778723658,2.473582928656035,1.6551447588561665,1.2527317542934435,-1.0,-1.574036905841763,1.214940254233474,0.4612558476130852,-1.2132206010724262,0.002896469675827762,1.107820814692168
789,0.5445572799856468,0.5445553035969308,0.0014493448284740743,2.6457637891809322,2.4735717243524933,1.6551441551386397,1.252764107320473,-1.0,-1.5740463809761316,1.2151285861561776,0.46094619596705133,-1.213846091791972,0.002906011910336087,1.1085676250153083
790,0.5445459747835706,0.544543992689491,0.0014514209347846667,2.645763799722537,2.473560413054986,1.6551435469762101,1.2527967090131706,-1.0,-1.5740559469357895,1.215317706429818,0.4606351788269116,-1.2144746161972508,0.002915645163692576,1.1093180461664252
791,0.5445345609349109,0.5445325730811764,0.0014535137038604762,2.645763810349594,2.473548993053007,1.6551429343081647,1.2528295624065549,-1.0,-1.5740656051752944,1.2155076236031475,0.46032278108049124,-1.2151062082695556,0.0029253708917749864,1.1100721186902316
792,0.544523036691618,0.5445210430230728,0.00145562337547743,2.6457638210632437,2.4735374625975854,1.65514231707258,1.2528626705921337,-1.0,-1.5740753571819521,1.2156983463732558,0.4600089873502716,-1.2157409025908346,0.002935190583218633,1.1108298838491018
793,0.5445114002660777,0.5445094007266813,0.001457750193381485,2.645763831864651,2.473525819900166,1.655141695206288,1.2528960367193278,-1.0,-1.5740852044767704,1.2158898835891174,0.4596937819869937,-1.2163787343582324,0.0029451057603692207,1.1115913836404634
794,0.5444996498299544,0.544497644362762,0.0014598944069045758,2.645763842755004,2.473514063131451,1.655141068644845,1.2529296639969358,-1.0,-1.5740951486154449,1.2160822442552455,0.4593771490630648,-1.2170197393990818,0.002955117980269328,1.1123566608147273
795,0.5444877835129929,0.5444857720601356,0.0014620562711982713,2.645763853735513,2.473502190420201,1.6551404373224972,1.2529635556946477,-1.0,-1.5741051911893813,1.2162754375354583,0.45905907236576243,-1.2176639541863585,0.002965228835679706,1.113125758893772
796,0.5444757994017764,0.5444737819044388,0.0014642360454925236,2.645763864807413,2.4734901998519923,1.6551398011721472,1.252997715144607,-1.0,-1.5741153338267542,1.2164694727567635,0.4587395353902253,-1.2183114158546189,0.00297543995613862,1.113898722190007
797,0.5444636955384382,0.5444616719368383,0.0014664339956082788,2.645763875971962,2.473478089467929,1.6551391601253147,1.253032145743024,-1.0,-1.5741255781936045,1.2166643594133617,0.45841852133222594,-1.2189621622164386,0.0029857530090588833,1.1146755958260341
798,0.5444514699193287,0.5444494401526939,0.001468650392817575,2.6457638872304456,2.4734658572633084,1.6551385141121013,1.2530668509518412,-1.0,-1.574135925994978,1.2168601071707765,0.45809601308071496,-1.2196162317793715,0.002996169700865536,1.1154564257549338
799,0.5444391204936316,0.5444370845001768,0.0014708855140709578,2.6457638985841747,2.473453501186236,1.6551378630611513,1.2531018343004534,-1.0,-1.574146378976104,1.2170567258701142,0.4577719932101283,-1.220273663763448,0.003006691778175335,1.1162412587811943
800,0.5444266451619281,0.544424602878831,0.0014731396423720024,2.645763910034485,2.4734410191361897,1.6551372068996104,1.2531370993874846,-1.0,-1.5741569389236199,1.217254225532459,0.4574464439724493,-1.220934498119234,0.0030173210290203862,1.1170301425823157
801,0.5444140417747085,0.5444119931380855,0.0014754130669962662,2.645763921582742,2.47342840896253,1.6551365455530862,1.253172649882625,-1.0,-1.57416760766684,1.2174526163634092,0.45711934728901493,-1.2215987755464743,0.00302805928411724,1.1178231257311093
802,0.5444013081308269,0.5443992530757084,0.001477706083856744,2.645763933230339,2.4734156684629554,1.6551358789456048,1.2532084895285278,-1.0,-1.5741783870790735,1.2176519087577578,0.4567906847420568,-1.222266537513339,0.0030389084181835497,1.118620257718723
803,0.5443884419758993,0.5443863804362025,0.0014800189948138921,2.645763944978696,2.4734027953818982,1.6551352069995644,1.253244622142772,-1.0,-1.5741892790789913,1.217852113304327,0.45646043756596644,-1.2229378262763022,0.003049870351305322,1.11942158897842
804,0.5443754410006362,0.5443733729091405,0.0014823521089375492,2.6457639568292644,2.4733897874088573,1.6551345296356925,1.2532810516198913,-1.0,-1.5742002856320456,1.2180532407909588,0.4561285866382734,-1.2236126849006734,0.0030609470503557717,1.1202271709101421
805,0.5443623028391176,0.5443602281274343,0.0014847057422594826,2.645763968783525,2.4733766421766714,1.6551338467729968,1.2533177819334718,-1.0,-1.5742114087519437,1.2182553022096698,0.4557951124703254,-1.2242911572818103,0.003072140530469197,1.1210370559058875
806,0.5443490250669977,0.5443469436655429,0.0014870802176754979,2.6457639808429914,2.4733633572597222,1.6551331583287154,1.253354817138323,-1.0,-1.5742226505021795,1.2184583087619774,0.455459995197658,-1.2249732881670408,0.003083452856571472,1.1218512973759367
807,0.5443356051996348,0.5443335170376001,0.00148947586574082,2.6457639930092074,2.4733499301720654,1.6551324642182674,1.253392161372723,-1.0,-1.5742340129976233,1.218662271864402,0.45512321457004157,-1.2256591231783216,0.0030948861449704985,1.1226699497759614
808,0.5443220406901581,0.54431994569548,0.001491893024116085,2.6457640052837506,2.473336358365495,1.6551317643551997,1.2534298188607438,-1.0,-1.5742454984061771,1.2188672031541554,0.4547847499411919,-1.2263487088356637,0.0031064425650088653,1.123493068635052
809,0.5443083289274494,0.5443062270267779,0.0014943320389480643,2.6457640176682324,2.4733226392275247,1.655131058651131,1.253467793914657,-1.0,-1.5742571089504913,1.2190731144950206,0.4544445802581311,-1.2270420925813577,0.0031181243407821797,1.1243207105847024
810,0.5442944672340503,0.5442923583527165,0.0014967932643059501,2.6457640301642997,2.473308770079293,1.6551303470156964,1.253506090937426,-1.0,-1.5742688469097526,1.219280017983431,0.4541026840501842,-1.227739322805031,0.003129933752925401,1.1251529333887902
811,0.5442804528639793,0.544278336925963,0.001499277061916769,2.645764042773634,2.473294748173381,1.6551296293564892,1.253544714425287,-1.0,-1.574280714621543,1.21948792595476,0.4537590394175958,-1.228440448869572,0.0031418731404712517,1.1259897959745961
812,0.5442662830004698,0.5442641599283631,0.0015017838025272294,2.6457640554979562,2.4732805706915464,1.6551289055789986,1.2535836689704214,-1.0,-1.5742927144837737,1.219696850989825,0.4534136240197517,-1.2291455211379572,0.0031539449027835897,1.126831358464905
813,0.5442519547536036,0.5442498244685775,0.0015043138659207647,2.645764068339021,2.4732662347423595,1.655128175586548,1.253622959263727,-1.0,-1.5743048489566975,1.21990680592162,0.45306641506298756,-1.2298545910010212,0.0031661515015691923,1.127677682211234
814,0.5442374651578609,0.5442353275796262,0.0015068676404893446,2.6457640812986267,2.4732517373587477,1.655127439280227,1.253662590097691,-1.0,-1.574317120565005,1.2201178038422842,0.45271738928796823,-1.230567710906209,0.003178495462972464,1.128528829828238
815,0.5442228111695572,0.5442206662163295,0.0015094455244247377,2.6457640943786074,2.473237075495436,1.6551266965588278,1.2537025663693655,-1.0,-1.5743295319000055,1.2203298581103132,0.4523665229566185,-1.2312849343873504,0.003190979379756254,1.1293848652293415
816,0.5442079896641845,0.5442058372526422,0.0015120479252790755,2.645764107580842,2.4732222460262823,1.6551259473187696,1.253742893083457,-1.0,-1.5743420856218995,1.2205429823580318,0.45201379183858603,-1.2320063160955068,0.003203605913573754,1.13024585366365
817,0.5441929974336306,0.5441908374788752,0.001514675260845935,2.6457641209072498,2.4732072457414973,1.6551251914540288,1.2537835753555295,-1.0,-1.5743547844621477,1.2207571904993297,0.4516591711972162,-1.23273191183093,0.003216377797335446,1.1311118617541984
818,0.5441778311832888,0.5441756635988034,0.0015173279591507557,2.645764134359795,2.4731920713447533,1.6551244288560623,1.2538246184153279,-1.0,-1.5743676312259387,1.22097249673768,0.45130263577501734,-1.2334617785761879,0.0032292978376764927,1.1319829575375935
819,0.5441624875290411,0.5441603122266467,0.0015200064585837423,2.645764147940486,2.4731767194501657,1.655123659413728,1.253866027610228,-1.0,-1.574380628794762,1.2211889155744475,0.4509441597785935,-1.2341959745305073,0.0032423689175285434,1.1328592105051138
820,0.5441469629941117,0.5441447798839214,0.0015227112090483144,2.645764161651379,2.4731611865791416,1.6551228830132025,1.2539078084088195,-1.0,-1.5743937801290917,1.221406461817503,0.45058371686302173,-1.2349345591453844,0.003255593998802087,1.1337406916453323
821,0.5441312540057882,0.5441290629961619,0.001525442670909886,2.6457641754945773,2.473145469157106,1.6551220995378961,1.253949966404625,-1.0,-1.574407088271186,1.221625150590154,0.4502212801156481,-1.235677593161527,0.0032689761251851472,1.1346274734883275
822,0.5441153568919939,0.5441131578894892,0.0015282013177294544,2.6457641894722324,2.473129563510066,1.6551213088683647,1.2539925073199647,-1.0,-1.5744205563480096,1.2218449973404109,0.4498568220392764,-1.2364251386471818,0.0032825184250635246,1.1355196301515607
823,0.5440992678777135,0.544097060787037,0.0015309876335969413,2.6457642035865483,2.4731134658610374,1.6551205108822167,1.254035437009973,-1.0,-1.574434187574283,1.2220660178505969,0.449490314534722,-1.237177259037917,0.0032962241145695795,1.1364172373874903
824,0.5440829830812625,0.5440807678052166,0.0015338021164243473,2.645764217839783,2.4730971723263133,1.6551197054540174,1.2540787614667728,-1.0,-1.5744479852556692,1.222288228247326,0.4491217288827013,-1.237934019177921,0.0033100965007659302,1.1373203726330068
825,0.5440664985103852,0.5440642749498156,0.001536645276284957,2.6457642322342414,2.4730806789115567,1.655118892455189,1.2541224868238132,-1.0,-1.5744619527920989,1.222511645011858,0.4487510357250263,-1.238695485362892,0.0033241389849711757,1.1382291150607715
826,0.5440498100581814,0.5440475781119208,0.0015395176363618296,2.645764246772293,2.473063981507728,1.6551180717539078,1.2541666193603893,-1.0,-1.5744760936812492,1.2227362849908539,0.4483782050450708,-1.2394617253845925,0.0033383550662350273,1.1391435456325496
827,0.5440329134988444,0.5440306730636562,0.0015424197350321284,2.64576426145636,2.473047075886822,1.6551172432149939,1.2542111655063346,-1.0,-1.5744904115221783,1.2229621654075464,0.44800320614747596,-1.2402328085771455,0.0033527483449717847,1.14006374715463
828,0.5440158044832082,0.5440135554537261,0.0015453521237553099,2.6457642762889244,2.473029957697409,1.6551164066998,1.2542561318469114,-1.0,-1.5745049100191268,1.2231893038733488,0.44762600763705634,-1.2410088058651565,0.003367322526759115,1.1409898043354343
829,0.543998478534089,0.543996220802755,0.001548315368994752,2.6457642912725285,2.473012622459975,1.6551155620660953,1.2543015251279006,-1.0,-1.5745195929854943,1.2234177183999193,0.44724657739687035,-1.2417897898137507,0.0033820814263128165,1.1419218038454173
830,0.5439809310414048,0.5439786644984055,0.0015513100533956182,2.6457643064097804,2.4729950655620425,1.655114709167939,1.2543473522609025,-1.0,-1.5745344643480006,1.2236474274117073,0.44686488256541324,-1.242575834680615,0.003397028971645966,1.1428598343793714
831,0.5439631572570756,0.5439608817902747,0.001554336774942402,2.6457643217033513,2.472977282253063,1.6551138478555572,1.2543936203288584,-1.0,-1.5745495281510422,1.223878449758999,0.44648088951289067,-1.2433670164701454,0.0034121692084227774,1.1438039867212544
832,0.5439451522896718,0.5439428677845422,0.0015573961476875757,2.645764337155979,2.472959267639066,1.655112977975208,1.2544403365918062,-1.0,-1.5745647885612564,1.2241108047314937,0.4460945638165275,-1.244163412989802,0.003427506304519462,1.1447543538116598
833,0.5439269110988175,0.5439246174383683,0.0015604888037451265,2.645764352770474,2.4729410166770585,1.6551120993690416,1.2544875084928813,-1.0,-1.5745802498723005,1.224344512072431,0.4457058702348634,-1.2449651039087828,0.0034430445548012502,1.1457110308180682
834,0.543908428489317,0.5439061255540196,0.001563615391986499,2.6457643685497136,2.4729225241691477,1.655111211874959,1.2545351436645726,-1.0,-1.574595916509863,1.2245795919932996,0.4453147726809853,-1.2457721708191303,0.0034587883861304236,1.1466741152080129
835,0.5438896991050004,0.543887386772711,0.0015667765802869608,2.645764384496656,2.4729037847563866,1.655110315326456,1.2545832499352532,-1.0,-1.5746117930369183,1.2248160651891564,0.44492123419464275,-1.2465846972993966,0.0034747423626169784,1.1476437068253103
836,0.5438707174222668,0.5438683955681455,0.0015699730557562923,2.645764400614329,2.4728847929123097,1.6551094095524694,1.2546318353359904,-1.0,-1.5746278841592365,1.225053952854586,0.44452521691318914,-1.247402768980996,0.003490911191126056,1.1486199079695125
837,0.5438514777433088,0.5438491462397357,0.0015732055242517356,2.645764416905844,2.472865542936156,1.655108494377211,1.2546809081076635,-1.0,-1.5746441947311678,1.225293276700334,0.4441266820412887,-1.248226473617382,0.0035072997270577722,1.1496028234787454
838,0.5438319741890022,0.5438296329054894,0.0015764747129861406,2.6457644333743944,2.4728460289457557,1.6551075696199946,1.254730476708392,-1.0,-1.574660729761714,1.2255340589706478,0.4437255898193254,-1.2490559011562001,0.0035239129804152114,1.1505925608161094
839,0.5438122006914281,0.5438098494945313,0.0015797813704231819,2.6457644500232544,2.4728262448700495,1.6551066350950554,1.2547805498212983,-1.0,-1.574677494420906,1.225776322461365,0.44332189949044576,-1.2498911438145657,0.0035407561221774964,1.1515892301598294
840,0.5437921509860317,0.5437897897392527,0.0015831262668643176,2.6457644668557907,2.4728061844412395,1.6551056906113633,1.254831136362625,-1.0,-1.5746944940465053,1.2260200905387824,0.44291556926616305,-1.2507322961576381,0.003557834490995998,1.1525929444973542
841,0.5437718186033651,0.5437694471670567,0.001586510195716865,2.645764483875458,2.4727858411865338,1.6551047359724247,1.2548822454902189,-1.0,-1.5747117341510477,1.226265387159354,0.4425065562904473,-1.2515794551806634,0.0035751536002338546,1.1536038197236127
842,0.5437511968604138,0.5437488150916739,0.001589933974315003,2.6457645010858064,2.4727652084194607,1.6551037709760772,1.2549338866124091,-1.0,-1.5747292204292522,1.2265122368902577,0.4420948166022187,-1.252432720394674,0.003592719145369588,1.1546219747436532
843,0.5437302788514604,0.5437278866040287,0.0015933984442994453,2.645764518490481,2.4727442792307373,1.6551027954142707,1.254986069397298,-1.0,-1.5747469587658163,1.2267606649308787,0.4416803050961588,-1.2532921939160429,0.0036105370117863853,1.1556475315799044
844,0.5437090574384811,0.5437066545626243,0.001596904474203599,2.645764536093229,2.4727230464786523,1.6551018090728444,1.2550388037824887,-1.0,-1.5747649552436223,1.2270106971352595,0.4412629754817459,-1.2541579805601053,0.00362861328297257,1.156680615484311
845,0.5436875252410169,0.5436851115834153,0.001600452958245548,2.645764553897902,2.472701502778939,1.655100811731289,1.2550920999852735,-1.0,-1.5747832161523796,1.2272623600355714,0.4408427802404184,-1.2550301879390722,0.0036469542491572855,1.1577213550556136
846,0.54366567462551,0.5436632500291352,0.0016040448195506574,2.645764571908458,2.4726796404941025,1.6550998031624966,1.2551459685133135,-1.0,-1.5748017479977325,1.227515680866661,0.44041967058076,-1.2559089265644747,0.003665566416410759,1.1587698823620622
847,0.5436434976940628,0.5436410619980513,0.0016076810093098193,2.645764590128971,2.472657451722174,1.6550987831325015,1.2552004201758322,-1.0,-1.5748205575108594,1.2277706875917347,0.43999359639159613,-1.256794309954398,0.003684456516237283,1.15982633306987
848,0.5436209862725763,0.5436185393120978,0.0016113625103416852,2.6457646085636233,2.4726349282848434,1.6550977514002048,1.2552554660953552,-1.0,-1.5748396516586003,1.2280274089292438,0.43956450619288273,-1.2576864547457745,0.0037036315156934005,1.1608908465777326
849,0.5435981318982375,0.5435956735043561,0.0016150903356389114,2.645764627216725,2.4726120617149405,1.6550967077170895,1.2553111177200342,-1.0,-1.5748590376541434,1.2282858743810403,0.4391323470842597,-1.2585854808120307,0.003723098628066612,1.1619635661577672
850,0.5435749258063052,0.5435724558058371,0.0016188655322645709,2.6457646460927076,2.472588843243215,1.6550956518269175,1.255367386836582,-1.0,-1.574878722968308,1.2285461142618754,0.43869706469113445,-1.2594915113863965,0.0037428653241490745,1.1630446391032399
851,0.5435513589161536,0.5435488771315149,0.001622689180795237,2.645764665196132,2.4725652637843716,1.6550945834654132,1.255424285583859,-1.0,-1.5748987153414666,1.228808159730321,0.4382586031081508,-1.2604046731912109,0.0037629393441483746,1.164134216883483
852,0.5435274218165167,0.5435249280655661,0.001626562397889942,2.645764684531694,2.4725413139223082,1.6550935023599285,1.2554818264671535,-1.0,-1.574919022796143,1.2290720428211948,0.437816904839887,-1.2613250965735805,0.003783328710277106,1.1652324553064302
853,0.5435031047498894,0.5435005988457633,0.0016304863377102474,2.6457647041042294,2.4725169838945096,1.6550924082290968,1.255540022373194,-1.0,-1.574939653650339,1.2293377964795813,0.43737191073861853,-1.2622529156477698,0.003804041740066799,1.1663395146892246
854,0.5434783975960134,0.5434758793469537,0.0016344621934311424,2.6457647239187145,2.4724922635755235,1.6550913007824584,1.2555988865859438,-1.0,-1.574960616531637,1.2296054545965456,0.4369235599389677,-1.2631882684447333,0.0038250870604573713,1.1674555600373893
855,0.5434532898544004,0.5434507590635735,0.0016384911984327973,2.6457647439802816,2.472467142459477,1.655090179720078,1.2556584328032245,-1.0,-1.574981920392129,1.2298750520466368,0.4364717897892492,-1.2641312970692247,0.0038464736227146407,1.168580761233087
856,0.5434277706258094,0.5434252270911166,0.0016425746292044385,2.6457647642942157,2.4724416096415434,1.655089044732133,1.2557186751542209,-1.0,-1.5750035745242363,1.2301466247273005,0.4360165357793091,-1.2650821478649534,0.0038682107182347655,1.1697152932330284
857,0.5434018285926198,0.543399272106499,0.001646713806557319,2.645764784865964,2.4724156537983073,1.6550878954984827,1.2557796282179268,-1.0,-1.575025588577479,1.2304202096003094,0.43555773146463655,-1.2660409715882905,0.003890307995297942,1.170859336276636
858,0.5433754519980054,0.5433728823472223,0.0016509100978636464,2.6457648057011425,2.4723892631669253,1.6550867316882139,1.255841307042593,-1.0,-1.575047972576264,1.2306958447353453,0.43509530838651433,-1.2670079235910654,0.003912775476839558,1.1720130761051102
859,0.5433486286238367,0.5433460455892662,0.001655164919227681,2.645764826805543,2.4723624255230217,1.6550855529591646,1.2559037271662388,-1.0,-1.5750707369387638,1.2309735693558652,0.43462919598795513,-1.2679831640130335,0.003935623579312702,1.173176704192096
860,0.5433213457672059,0.5433187491236025,0.0016594797374534585,2.6457648481851384,2.472335128157196,1.6550843589574147,1.2559669046383044,-1.0,-1.5750938924969708,1.2312534238874007,0.434159321525152,-1.2689668579846398,0.003958863132721812,1.1743504179866993
861,0.5432935902154826,0.5432909797312403,0.0016638560732777825,2.6457648698460927,2.4723073578500747,1.6550831493167533,1.256030856042517,-1.0,-1.5751174505180094,1.2315354500084463,0.43368560997414995,-1.269959175840753,0.003982505401913799,1.1755344211696612
862,0.5432653482197866,0.5432627236566843,0.0016682955027806346,2.6457648917947645,2.4722791008457627,1.655081923658115,1.2560955985210558,-1.0,-1.5751414227268017,1.2318196907041081,0.43320798393242377,-1.27096029334609,0.004006562109221695,1.176728923923561
863,0.5432366054667545,0.5432339665796895,0.0016727996615162185,2.64576491403772,2.472250342823601,1.6550806815889818,1.256161149800104,-1.0,-1.57516582133019,1.2321061903226949,0.43272636351502236,-1.2719703919331191,0.0040310454585630985,1.1779341432179837
864,0.5432073470484743,0.5432046935851821,0.001677370245617608,2.645764936581737,2.472221068868085,1.6550794227027539,1.2562275282168847,-1.0,-1.575190659042627,1.2323949946354504,0.4322406662449127,-1.2729896589532805,0.004055968161103463,1.1791503031106676
865,0.5431775574304424,0.543174889131202,0.001682009016660616,2.645764959433817,2.472191263436807,1.6550781465780775,1.2562947527482882,-1.0,-1.5752159491135567,1.2326861508996392,0.4317508069371271,-1.274018287942436,0.004081343462608378,1.1803776350657247
866,0.543147220417394,0.5431445370147147,0.0016867178037598622,2.6457649826011935,2.4721609103262665,1.6550768527781414,1.2563628430411995,-1.0,-1.575241705356615,1.2329797079252154,0.43125669757628604,-1.2750564789015344,0.004107185172614475,1.181616378290116
867,0.5431163191168252,0.5431136203351218,0.0016914985071459217,2.6457650060913394,2.472129992635382,1.6550755408499234,1.2564318194446555,-1.0,-1.5752679421808005,1.2332757161453278,0.4307582471870332,-1.2761044385935578,0.004133507695566147,1.1828667800896613
868,0.5430848359000398,0.5430821214552842,0.0016963531022732383,2.6457650299119817,2.4720984927265093,1.6550742103233962,1.2565017030439611,-1.0,-1.5752946746237688,1.2335742276909258,0.43025536169688067,-1.2771623808579022,0.004160326064073555,1.1841290962459725
869,0.5430527523605007,0.5430500219598571,0.0017012836433979162,2.645765054071107,2.472066392183779,1.6550728607106813,1.2565725156969114,-1.0,-1.5753219183874252,1.2338752964697635,0.429747943790921,-1.2782305269434446,0.004187655974466709,1.185403591415809
870,0.5430200492692749,0.5430173026107157,0.0017062922676705247,2.6457650785769786,2.472033671768519,1.6550714915051523,1.2566442800722784,-1.0,-1.575349689876006,1.2341789782501147,0.4292358927578159,-1.2793091058616548,0.004215513824833445,1.1866905395544884
871,0.5429867065273312,0.5429839432992275,0.0017113811997265158,2.645765103438141,2.472000311371527,1.6550701021804826,1.2567170196907336,-1.0,-1.5753780062368534,1.2344853307495476,0.4287191043264202,-1.280398354761226,0.0042439167557496,1.1879902243651252
872,0.5429527031144135,0.5429499229951062,0.0017165527564974867,2.64576512866344,2.471966289961922,1.6550686921896303,1.2567907589683978,-1.0,-1.5754068854041163,1.2347944137291291,0.42819747049234547,-1.2814985193258297,0.004272882693927944,1.1893029397756198
873,0.5429180170342097,0.5429152196915519,0.0017218093519721486,2.645765154262028,2.4719315855322828,1.6550672609637593,1.2568655232632175,-1.0,-1.575436346145622,1.2351062890934705,0.427670879333704,-1.2826098541967372,0.004302430399037212,1.1906289904454992
874,0.5428826252554847,0.5428798103463597,0.0017271535026702367,2.645765180243386,2.471896175039758,1.6550658079110894,1.256941338924397,-1.0,-1.5754664081131997,1.235421020997053,0.42713921481520756,-1.2837326234222137,0.004332579513964403,1.1919686923048904
875,0.5428465036488302,0.5428436708186392,0.0017325878331632236,2.645765206617328,2.4718600343427797,1.6550643324156706,1.2570182333451276,-1.0,-1.5754970918967541,1.2357386759573212,0.42660235657971984,-1.2848671009357566,0.004363350618825114,1.1933223731281215
876,0.5428096269186334,0.5428067758007531,0.0017381150830350002,2.645765233394026,2.4718231381330034,1.6550628338360778,1.2570962350188868,-1.0,-1.5755284190824277,1.2360593229750678,0.4260601797262786,-1.286013571065445,0.004394765289054127,1.1946903731446696
877,0.5427719685298439,0.5427690987450492,0.001743738112309478,2.6457652605840187,2.471785459862038,1.6550613115040138,1.2571753735995945,-1.0,-1.5755604123152172,1.2363830336626904,0.4255125545735127,-1.2871723290768766,0.004426846157946159,1.1960730456904332
878,0.5427335006290477,0.5427306117849019,0.0017494599098083238,2.645765288198228,2.4717469716624834,1.6550597647228176,1.2572556799659553,-1.0,-1.5755930953664552,1.2367098823809477,0.4249593464072767,-1.288343681752402,0.004459616984053285,1.197470757902585
879,0.5426941939593359,0.5426912856495386,0.0017552835995505816,2.6457653162479815,2.471707644262758,1.6550581927658703,1.2573371862903422,-1.0,-1.575626493206609,1.237039946384907,0.4244004152112126,-1.2895279480096298,0.004493102723891042,1.1988838914615751
880,0.5426540177683692,0.5426510895720644,0.0017612124491310414,2.6457653447450253,2.4716674468951174,1.655056594874891,1.2574199261126033,-1.0,-1.5756606320838944,1.2373733059798413,0.423835615378826,-1.2907254595624567,0.004527329610452182,1.2003128433842027
881,0.5426129397089992,0.5426099911900375,0.0017672498792599604,2.6457653737015456,2.4716263471962314,1.6550549702581039,1.2575039344192327,-1.0,-1.5756955396092636,1.237710044687907,0.42326479540552076,-1.291936561628211,0.004562325238084549,1.2017580268720551
882,0.5425709257317194,0.542567956437875,0.0017733994720371636,2.6457654031301874,2.471584311099583,1.6550533180882805,1.257589247728374,-1.0,-1.575731244848383,1.238050249426517,0.4226877975588825,-1.293161613684841,0.00459811865434849,1.2032198722200549
883,0.542527939968147,0.5425249494302755,0.001779664982086376,2.645765433044074,2.4715413027188924,1.6550516375006354,1.2576759041811825,-1.0,-1.5757677784212913,1.2383940106994167,0.42210445752533016,-1.2944009902824916,0.004634740459542067,1.2046988277903243
884,0.5424839446046276,0.5424809323357744,0.001786050346601855,2.6457654634568324,2.4714972842216665,1.655049927590565,1.2577639436401256,-1.0,-1.575805172610505,1.2387414228015694,0.42151460403105623,-1.2956550819142547,0.00467222291466036,1.2061953610571239
885,0.5424388997449768,0.5424358652394209,0.0017925596974037658,2.64576549438261,2.4714522156918735,1.6550481874112175,1.2578534077948658,-1.0,-1.5758434614784242,1.2390925840390834,0.4209180584349646,-1.2969242959513794,0.004710600058642642,1.2077099597292178
886,0.5423927632612393,0.5423897059934674,0.0017991973747987892,2.645765525836102,2.471406054980629,1.6550464159708769,1.2579443402764408,-1.0,-1.5758826809950042,1.239447596965528,0.4203146342910667,-1.2982090576487908,0.004749907835865694,1.2092431329566997
887,0.5423454906311878,0.5423424100548012,0.0018059679386162222,2.645765557832575,2.4713587575436247,1.6550446122301414,1.2580367867805329,-1.0,-1.5759228691767613,1.2398065686361446,0.4197041368775271,-1.2995098112273975,0.00479018423495636,1.2107954126300666
888,0.5422970347611902,0.5422939303077297,0.0018128761866225696,2.645765590387894,2.4713102762639063,1.6550427750988856,1.2581307952007108,-1.0,-1.5759640662383212,1.2401696108816114,0.4190863626892393,-1.3008270210403772,0.0048314694401251,1.212367354780188
889,0.5422473457928308,0.5422442168705156,0.001819927167633351,2.64576562351854,2.471260561258409,1.655040903432973,1.258226415772631,-1.0,-1.5760063147578671,1.2405368406032145,0.4184610988904665,-1.302161172831432,0.0048738059963753496,1.2139595410887782
890,0.5421963708915254,0.5421932168838984,0.00182712620084048,2.6457656572416504,2.4712095596664705,1.6550389960307068,1.258323701230303,-1.0,-1.5760496598580112,1.240908380091478,0.4178281227236895,-1.3035127750939086,0.0049172389901131685,1.2155725805200697
891,0.5421440540150951,0.5421408742795686,0.0018344788936304531,2.6457656915750354,2.4711572154183017,1.6550370516289872,1.2584227069756408,-1.0,-1.5760941494038163,1.2412843573705443,0.417187200870362,-1.3048823605407058,0.004961816246877824,1.217207111085619
892,0.5420903356600507,0.5420871295263358,0.0018419911643855055,2.645765726537208,2.471103468981148,1.655035068899146,1.2585234912626966,-1.0,-1.5761398342199184,1.2416649065708656,0.41653808875876674,-1.3062704876960476,0.0050075885481393615,1.2188638017555735
893,0.5420351525829853,0.542031919351402,0.00184966926237789,2.645765762147419,2.4710482570805574,1.6550330464424277,1.258626115398119,-1.0,-1.5761867683289557,1.2420501683330631,0.4158805298135984,-1.3076777426215276,0.005054609869368568,1.2205433545313162
894,0.5419784374941626,0.5419751764338143,0.0018575197944494478,2.6457657984256784,2.4709915123938266,1.6550309827850802,1.2587306439595884,-1.0,-1.5762350092138142,1.242440290246163,0.4152142546412447,-1.3091047407903296,0.005102937641883408,1.2222465066962205
895,0.5419201187199622,0.5419168290667618,0.0018655497514111765,2.6457658353927873,2.470933163212288,1.6550288763730148,1.2588371450342006,-1.0,-1.576284618106549,1.2428354273238067,0.4145389801439957,-1.3105521291252444,0.005152633041321051,1.2239740332633031
896,0.5418601198303836,0.5418568007849194,0.001873766537392944,2.6457658730703666,2.4708731330686495,1.6550267255659878,1.2589456904790275,-1.0,-1.5763356603072287,1.2432357425224825,0.4138544085555616,-1.31202058821807,0.0052037613059851195,1.2257267496409392
897,0.5417983592272718,0.5417950099524932,0.0018821780019474556,2.6457659114808845,2.4708113403250276,1.6550245286312548,1.2590563562063803,-1.0,-1.5763882055364336,1.2436414073063453,0.41316022638930294,-1.313510834750229,0.005256392088785026,1.2275055145405023
898,0.5417347496882862,0.5417313693069893,0.0018907924764636208,2.6457659506476827,2.470747697716707,1.655022283736638,1.2591692224966415,-1.0,-1.576442328325667,1.2440526022637752,0.4124561032894598,-1.3150236241370257,0.005310599847021655,1.2293112331529157
899,0.5416691978608861,0.5416657854529854,0.001899618812627377,2.6457659905949975,2.470682111845903,1.6550199889429398,1.2592843743419282,-1.0,-1.5764981084505836,1.2444695177815146,0.41174169077437445,-1.3165597534209474,0.005366464274911934,1.231144860624687
900,0.5416016036997753,0.5415981582993287,0.0019086664256140898,2.6457660313479856,2.470614482618945,1.6550176421956353,1.2594019018243103,-1.0,-1.5765556314126732,1.2448923547830042,0.4110166208592117,-1.3181200644428532,0.0054240707844828906,1.233007405868149
901,0.5415318598401758,0.5415283804321456,0.0019179453413301645,2.64576607293274,2.470544702619277,1.6550152413157457,1.259521900532841,-1.0,-1.5766149889759205,1.2453213255384519,0.4102805045439563,-1.3197054473238863,0.005483511041338849,1.234899935745427
902,0.5414598508981643,0.5414563364148741,0.0019274662492047526,2.645766115376295,2.4704726564074697,1.6550127839898117,1.259644472024275,-1.0,-1.576676279765982,1.2457566545552228,0.40953293015046016,-1.3213168442955783,0.005544883562832468,1.2368235796712457
903,0.5413854526878163,0.5413819020050787,0.0019372405606774088,2.645766158706637,2.470398219738026,1.655010267758852,1.2597697243331005,-1.0,-1.5767396099406479,1.2461985795583683,0.40877346148997706,-1.3229552539210048,0.005608294387384813,1.2387795346861832
904,0.541308531343291,0.5413049432761615,0.0019472804735924886,2.645766202952696,2.470321258681068,1.6550076900061776,1.259897772537344,-1.0,-1.57680509394179,1.2466473525725519,0.4080016358398959,-1.3246217357561647,0.005673857825139986,1.2407690710595767
905,0.5412289423319327,0.5412253156300459,0.0019575990436744395,2.6457662481443265,2.4702416286350055,1.6550050479439282,1.2600287393876388,-1.0,-1.5768728553407225,1.2471032411183034,0.4072169617051831,-1.3263174155081408,0.005741697301855245,1.2427935384902002
906,0.5411465293420961,0.5411428626845383,0.001968210264942094,2.6457662943122715,2.4701591732138732,1.6550023385981585,1.2601627560082427,-1.0,-1.5769430277909566,1.2475665295375171,0.4064189163362871,-1.3280434907552896,0.005811946309977243,1.244854372983302
907,0.5410611230265394,0.5410574150161911,0.0019791291594250717,2.6457663414881063,2.4700737229901693,1.6549995587922972,1.2602999626801041,-1.0,-1.5770157561047853,1.2480375204654308,0.4056069429708203,-1.3298012373049621,0.005884749483310562,1.246953104494951
908,0.5409725395787558,0.5409687887360445,0.0019903718771151864,2.645766389704154,2.4699850940705703,1.6549967051287484,1.2604405097177818,-1.0,-1.5770911974731066,1.2485165364690853,0.4047804477610847,-1.331592016276397,0.0059602638146440436,1.2490913654492843
909,0.5408805791154526,0.5408767838714365,0.0020019558079455517,2.6457664389933715,2.4698930864777093,1.6549937739683953,1.2605845584540378,-1.0,-1.5771695228514713,1.2490039218755298,0.40393879634326324,-1.3334172820108534,0.006038660039273911,1.251270900251637
910,0.5407850238333373,0.5407811825220279,0.002013899709267476,2.6457664893891844,2.4697974823061664,1.6549907614077108,1.260732282348365,-1.0,-1.5772509185396917,1.2495000448169407,0.4030813099966574,-1.3352785909282614,0.00612012421170459,1.2534935759412968
911,0.5406856359021532,0.540681746751976,0.002026223847936046,2.6457665409252735,2.4696980436146014,1.6549876632531326,1.2608838682386412,-1.0,-1.577335587987653,1.2500052995244904,0.4022072613324335,-1.3371776114702822,0.0062048595080977965,1.2557613941524954
912,0.540582155048383,0.5405782161726556,0.0020389501616499077,2.645766593635288,2.4695945100084336,1.6549844749923177,1.2610395177586553,-1.0,-1.5774237538664604,1.2505201089084068,0.40131586944061604,-1.3391161352944632,0.006293088293522695,1.2580765045821538
913,0.5404742957747125,0.5404703051609966,0.002052102442895853,2.6457666475524624,2.469486595858125,1.654981191761796,1.2611994489485818,-1.0,-1.577515660452057,1.2510449274684363,0.4004062944111124,-1.3410960899141298,0.006385054501038077,1.2604412201990505
914,0.5403617441488201,0.5403576996469863,0.0020657065464918583,2.6457667027091305,2.4693739870866276,1.6549778083104991,1.2613638980907669,-1.0,-1.5776115763783325,1.25158024458713,0.39947763112882895,-1.3431195530150086,0.0064810263795095115,1.2628580344729516
915,0.5402441540807594,0.5402400533895637,0.0020797906277720195,2.6457667591360807,2.46925633744521,1.6549743189585013,1.2615331218096921,-1.0,-1.5777117978290556,1.2521265882683756,0.39852890222376464,-1.3451887687239141,0.006581299679341421,1.2653296409557606
916,0.5401211429902513,0.5401169836421991,0.002094385415378767,2.645766816861729,2.4691332641789643,1.6549707175502293,1.261707399483029,-1.0,-1.5778166522533537,1.2526845293958384,0.39755905003346576,-1.347306166159177,0.006686201360663194,1.2678589556123594
917,0.5399922867426922,0.5399880660869119,0.0021095245235229106,2.645766875911041,2.469004342960735,1.6549669974012264,1.261887036020675,-1.0,-1.5779265027088307,1.2532546866010577,0.39656692740626176,-1.3494743806594682,0.006796093927837302,1.270449142379679
918,0.5398571137041275,0.539852828886931,0.002125244813474411,2.6457669363041467,2.468869101943681,1.6549631512373988,1.2620723650811776,-1.0,-1.5780417529609434,1.2538377318496057,0.3955512871378095,-1.3516962781706718,0.0069113805186247915,1.273103642532785
919,0.5397150977290681,0.5397107456718028,0.0021415868111085345,2.645766998054533,2.4687270147462677,1.6549591711254474,1.2622637528106528,-1.0,-1.5781628534985208,1.2544343968769611,0.3945107697887266,-1.353974983373932,0.007032510907543214,1.2758262085617567
920,0.5395656498483568,0.5395612272220819,0.002158595192401908,2.6457670611667057,2.468577492136826,1.6549550483929418,1.2624616022092496,-1.0,-1.5782903086654363,1.2550454806348774,0.39344388957495807,-1.3563139122678123,0.007159988622983313,1.278620943419977
921,0.5394081083639284,0.5394036115603473,0.002176319349972249,2.645767125633148,2.468419872124409,1.6549507735361402,1.2626663582556088,-1.0,-1.5784246851603292,1.2556718579457702,0.3923490179516307,-1.3587168100814302,0.007294379429423939,1.2814923462025647
922,0.5392417269786905,0.5392371520766391,0.0021948140572505565,2.645767191430341,2.4682534080840473,1.6549463361132988,1.2628785139524488,-1.0,-1.5785666222238968,1.2563144896093181,0.39122436442098946,-1.3611877956039078,0.007436321493554951,1.2844453655656796
923,0.5390656604863998,0.5390610032130507,0.0022141402493604163,2.6457672585135437,2.468077254441128,1.6549417246206624,1.2630986174987466,-1.0,-1.5787168439221368,1.2569744342652085,0.3900679539794909,-1.3637314132825906,0.007586537641777089,1.2874854625203922
924,0.5388789474094867,0.5388742030952146,0.0022343659498322435,2.6457673268099073,2.4678904493026206,1.6549369263477418,1.2633272808493203,-1.0,-1.578876174051739,1.257652862392994,0.388877600469932,-1.3663526947874387,0.007745850234099758,1.2906186846520011
925,0.5386804887894635,0.5386756523150846,0.0022555673700072046,2.6457673962093415,2.467691893239563,1.654931927207655,1.2635651899955882,-1.0,-1.579045554351502,1.2583510729302434,0.3876508749101723,-1.369057232188259,0.007915199336783028,1.2938517543591577
926,0.5384690220868493,0.5384640878216141,0.0022778302238364782,2.6457674665523028,2.467480323177372,1.654926711537322,1.263813117398474,-1.0,-1.5792260669168396,1.259070513121689,0.3863850676146194,-1.3718512654818302,0.00809566508877446,1.2971921744215662
927,0.5382430888090398,0.5382380505373412,0.0023012513112704606,2.645767537613365,2.467254280011995,1.6549212618609974,1.264071937135188,-1.0,-1.5794189620057812,1.2598128023863369,0.3850771425857583,-1.374741787989311,0.00828849544768198,1.30064835515321
928,0.5380009940165972,0.5379958448508307,0.002325940431750104,2.64576760907888,2.467012068101826,1.6549155586089859,1.2643426434995704,-1.0,-1.579625692827702,1.2605797612228045,0.3837236821986393,-1.3777366741944301,0.008495140902951179,1.304229768669539
929,0.5377407552035492,0.5377354874798271,0.0023520227147280515,2.6457676805163604,2.466751704130213,1.65490957978124,1.2646263740407473,-1.0,-1.5798479594699626,1.261373446488909,0.38232081958526515,-1.380844836016342,0.008717298306608737,1.3079471375211034
930,0.5374600371180805,0.5374546422705689,0.0023796414765293985,2.645767751332007,2.4664708519039866,1.6549033005427818,1.2649244383667766,-1.0,-1.5800877649179053,1.26219619482401,0.38086415528073087,-1.3840764154634502,0.008956966770426447,1.31181266731181
931,0.5371560677525019,0.5371505361608793,0.002408961744860267,2.6457678207110997,2.466166738315571,1.6548966927342843,1.2652383545237793,-1.0,-1.5803474872759224,1.2630506765825784,0.37934865351851244,-1.3874430243272426,0.009216519728106923,1.315840336208181
932,0.5368255287752209,0.5368198495780337,0.002440174643340412,2.645767887533192,2.465836043739638,1.6548897242764296,1.2655698954561772,-1.0,-1.5806299739829828,1.2639399634913777,0.3777685119072091,-1.3909580453970032,0.009498798943097384,1.3200462588804966
933,0.5364644107661818,0.5364585716310929,0.002473502880840277,2.6457679502496028,2.4654747572239,1.6548823584405068,1.265921149069184,-1.0,-1.5809386663249527,1.264867614447626,0.3761169958530535,-1.3946370151424323,0.009807238746205425,1.324449149048163
934,0.5360678192075179,0.5360618060428696,0.00250920768096565,2.6457680067034515,2.46507798241913,1.6548745529496405,1.2662945969255623,-1.0,-1.5812777663516533,1.2658377856244396,0.3743862256483008,-1.398498115758505,0.010146032584748242,1.3290709144478394
935,0.5356297103367667,0.5356235069325777,0.0025475975958505754,2.6457680538601487,2.464639673359301,1.654866258864601,1.266693218901969,-1.0,-1.5816524642001626,1.2668553736339176,0.3725668990451233,-1.40256281623035,0.010520359846297315,1.3339374323285442
936,0.535142525166224,0.5351361127354979,0.0025890397928939398,2.6457680873950755,2.464152268377985,1.6548574191948267,1.2671206346889534,-1.0,-1.5820692531643508,1.2679262043915864,0.3706479244310906,-1.4068567198328294,0.01093670023958515,1.339079575154606
937,0.5345966723692995,0.5345900289595256,0.00263397460275191,2.645768101047192,2.4636061728606036,1.654847967159021,1.2675812986781119,-1.0,-1.5825363750288595,1.269057286319269,0.36861592783223984,-1.4114107028675553,0.01140327816334438,1.3445345894982712
938,0.533979781359147,0.5339728810877349,0.0026829343404267472,2.645768085577179,2.4629890121412332,1.6548378240015478,1.2680807740292042,-1.0,-1.5830644635634736,1.2702571559704827,0.36645457817417826,-1.4162624726982496,0.011930704823011848,1.3503479837385723
939,0.5332755961857764,0.5332684082352556,0.002736567647466295,2.6457680270338435,2.462284525151678,1.6548268962554464,1.268626127296275,-1.0,-1.583667497874496,1.2715363594480829,0.36414364472388394,-1.4214587432868602,0.012532929575381832,1.3565761655972404
940,0.5324622902397342,0.5324547775227125,0.002795670687471648,2.6457679037613873,2.461470878784107,1.6548150723445234,1.2692265121792117,-1.0,-1.5843642556644082,1.2729081384436554,0.3616576496432945,-1.427058343518323,0.013228690199064206,1.3632902132538542
941,0.531509812976848,0.531501930346289,0.002861226000169599,2.6457676810065265,2.4605180141459044,1.6548022184758153,1.2698940602866493,-1.0,-1.585180602442695,1.2743894335173462,0.3589638905383668,-1.4331367754424573,0.014043797540972517,1.3705814100641271
942,0.5303755506545138,0.5303672424954697,0.002934447319568651,2.6457673006968596,2.4593833066554867,1.654788174002357,1.270645290365928,-1.0,-1.5861532377198568,1.2760023952689128,0.35601945027846577,-1.4397931000919888,0.015014874548627898,1.3785696133849454
943,0.5289969054686909,0.5289881024865096,0.003016820026419186,2.6457666608643344,2.4580041443434006,1.654772747156163,1.2715034343823783,-1.0,-1.5873361062730442,1.2777767385938892,0.35276651785651886,-1.447160697987325,0.01619575596324252,1.3874163472233385
944,0.5272779131327466,0.5272685282468901,0.0031100992195741317,2.6457655710991896,2.456284544487553,1.654755714228533,1.2725024752875218,-1.0,-1.5888119698885401,1.2797535542002374,0.34912477385066876,-1.455424746700403,0.017669040783564738,1.3973460967480218
945,0.5250635213554546,0.525053445190319,0.003216137773630162,2.6457636471162953,2.4540694316106686,1.6547368320307734,1.2736945928514578,-1.0,-1.5907146721633123,1.2819917521561721,0.3449784383497316,-1.4648518667370598,0.0195683240415154,1.408682491194956
946,0.5220861757448481,0.5220752747404639,0.0033361109866203217,2.645760031856624,2.451091225875237,1.6547158959399693,1.2751649367609523,-1.0,-1.5932754362194,1.2845794719893175,0.3401531578266186,-1.4758427950471085,0.022124437130351365,1.4219127433999434
947,0.5178439423216297,0.5178320730755452,0.0034675690097746227,2.645752546095965,2.446847981588389,1.654692959129555,1.2770636526613275,-1.0,-1.5969286939610312,1.287655146514082,0.3343728795477612,-1.4890299241873213,0.02577118123682748,1.4378074033419017
948,0.5112894517770359,0.5112765516424953,0.00359305581276475,2.645734592215832,2.4402924070800642,1.6546691858360203,1.2796828974309336,-1.0,-1.6025828872723835,1.2914465222552245,0.3271785187957101,-1.5054583012034728,0.0314160130142854,1.457644079270009
949,0.49993946803233474,0.4999259940780179,0.003632813128603569,2.645681091328242,2.4289417775938986,1.654650614750235,1.283661524082669,-1.0,-1.6123990236100034,1.2963279446795442,0.31780212082278736,-1.5268494956152563,0.04121885243980557,1.4835410580136135
950,0.4773294536593521,0.47731814078343415,0.003255554236718909,2.6454717304672872,2.4063337550652064,1.6546662779989592,1.2905066463177515,-1.0,-1.6320374780886675,1.3027165535431782,0.3053368459118348,-1.5550876004708214,0.060842962434534534,1.517880185296485
951,0.4318848680286262,0.43188094370237734,0.0018269695110061206,2.6446557400804114,2.3608950402368967,1.654802124347224,1.3025560021041382,-1.0,-1.6717999049539556,1.3093097108340324,0.2922120978518921,-1.5837713014985386,0.10062078047068751,1.553140185640862
952,0.375669558722274,0.3756685892939092,0.0008484824620487929,2.6436590025408253,2.304677869698552,1.6549793471359535,1.3174738273554074,-1.0,-1.7214646919071968,1.3120417934744806,0.2865632887607018,-1.5933471329466524,0.15035820946824668,1.565644116182049
953,0.32687446455441077,0.3268740792153116,0.0004997068157326202,2.6433539588534853,2.255880193302324,1.6551211599073676,1.33273377650876,-1.0,-1.7651106294579524,1.3132195109069424,0.28398730696028035,-1.594961395889547,0.19406945244574392,1.5686378334196085
954,0.2855126632337109,0.28551247138532954,0.00032987640870516866,2.6434526672759837,2.2145180691002335,1.6552285978558618,1.3477387721031926,-1.0,-1.8025940801838027,1.3141179743450433,0.2820012367694135,-1.5949713258923963,0.23160255582157604,1.5697142687738797
955,0.2503321095378695,0.25033200040604264,0.0002331472038276918,2.6437294551033954,2.1793387258261525,1.655306736561602,1.3620377411521614,-1.0,-1.834885462766911,1.314927465119437,0.2802321065083762,-1.5945086430680966,0.26393152139734155,1.5701936819483746
956,0.22025747337978988,0.22025740507960406,0.00017311067442764503,2.644061393870276,2.1492659098943863,1.6553621755458106,1.3753879243195108,-1.0,-1.8628278545782002,1.3156835258520918,0.2786038415406938,-1.5938908909169336,0.2919026367944889,1.5704348212067367
957,0.1944143970189485,0.1944143509818135,0.0001335844663742746,2.644386814596228,2.1234246805554564,1.655400934413333,1.3876916725061983,-1.0,-1.88711416261802,1.3163917513691457,0.2770979920291172,-1.5932343723568676,0.31621117056913967,1.5705662300349035
958,0.17209701982883283,0.1720969869190979,0.00010629963484202416,2.6446782764284396,2.101108905587987,1.655427805784552,1.398938206083215,-1.0,-1.908310707828568,1.317052005558515,0.2757082307639143,-1.5925877648099411,0.3374251392138568,1.5706422136199805
959,0.15273477418883252,0.15273474954508567,8.667968709312872e-05,2.6449266276023713,2.081747937353546,1.6554463636166719,1.409165089848548,-1.0,-1.926881450599609,1.3176639879694647,0.27442990843166587,-1.5919724076519781,0.3560097199823518,1.570688315174544
960,0.13586444967619432,0.1358644305377673,7.205898348719012e-05,2.645131910082467,2.064878580408764,1.6554591770112599,1.4184346118008657,-1.0,-1.943208371934142,1.3182283560002392,0.27325777232180914,-1.5913972430852221,0.37234777201407426,1.570717486294981
961,0.1211078441797976,0.12110782888755922,6.0823557507029444e-05,2.6452983187170496,2.0501226841017948,1.6554680513013196,1.4268197924874713,-1.0,-1.9576078298025528,1.31874670561276,0.27218576481581225,-1.5908651856130156,0.38675629187284055,1.5707366694953937
962,0.1081542177730269,0.10815420527842702,5.196207335572156e-05,2.645431509160009,2.037169566484969,1.6554742363437553,1.434396333247202,-1.0,-1.97034347508872,1.3192213026319204,0.27120730117754016,-1.5903761129838418,0.39949939898115233,1.5707497509535824
963,0.09674660834647428,0.09674659795662134,4.481963129501384e-05,2.6455372383393145,2.025762317095998,1.655478588729639,1.4412381517820234,-1.0,-1.9816364032196183,1.3196548133533932,0.2703155874762906,-1.5899283691531474,0.4107985358929128,1.5707589844337642
964,0.08667116592034005,0.08667115715903398,3.895837279600275e-05,2.645620742358083,2.01568712734151,1.6554816915038326,1.4474150551477416,-1.0,-1.9916731396413354,1.320050093903248,0.26950387112402224,-1.5895195557923165,0.4208404879121101,1.5707657172302474
965,0.07774881791374293,0.07774881044228336,3.407650895897641e-05,2.6456865087650634,2.0067649559012226,1.6554839397427614,1.4529916686496658,-1.0,-2.0006119447510904,1.3204100414462443,0.26876561288040535,-1.5891469619492549,0.4297837120900626,1.5707707768889492
966,0.06982872685622218,0.06982872042640281,2.9960095491683657e-05,2.645738248915918,1.9988449880751764,1.655485600469258,1.4580270887597602,-1.0,-2.008587818257527,1.3207374956672522,0.2680945942211245,-1.5888078008253756,0.4377633586341991,1.570774684687267
967,0.0627831268939871,0.06278312131913397,2.6453409956666286e-05,2.6457789628967046,1.9917994742154996,1.6554868540052565,1.462574941039355,-1.0,-2.0157164953793165,1.3210351773747566,0.2674849772946994,-1.5884993400020186,0.4448952792543635,1.570777777021785
968,0.05650322401703566,0.05650321915354485,2.3440544892872382e-05,2.6458110393946224,1.9855196316758594,1.655487822223269,1.4666836530632572,-1.0,-2.0220976584458077,1.3213056531819698,0.26693133206254105,-1.5882189712260644,0.45127924747516646,1.5707802761980765
969,0.05089592059116527,0.05089591632636968,2.083331554383455e-05,2.645836361157036,1.9799123707174198,1.6554885877037715,1.4703968303406079,-1.0,-2.0278175346686633,1.3215513179121523,0.2664286416098216,-1.5879642452771767,0.45700156269967884,1.5707823326387869
970,0.045881182064457154,0.045881178308433135,1.856340227914185e-05,2.6458564023313778,1.9748976622458025,1.655489206654454,1.4737536702820215,-1.0,-2.03295101082862,1.321774388719604,0.26597229346810275,-1.5877328864598264,0.4621371694758318,1.570784050558094
971,0.04138990684767699,0.04138990352756937,1.6577017767988402e-05,2.6458723123820187,1.9704064084361665,1.655489717587478,1.476789377555993,-1.0,-2.0375633653997833,1.321976906727233,0.2655580623818831,-1.5875227952042403,0.46675139298171003,1.5707855038709135
972,0.03736219280698721,0.03736218986299429,1.4831110091118145e-05,2.645884985579163,1.966378709751558,1.6554901471309387,1.4795355610960126,-1.0,-2.0417116958071944,1.322160743302232,0.2651820882083627,-1.5873320438187526,0.47090136877151517,1.5707867462260876
973,0.033745918249475634,0.03374591563194695,1.3290766600397434e-05,2.645895117077819,1.9627624462939048,1.6554905139137859,1.4820206030422722,-1.0,-2.0454461012219936,1.3223276090266929,0.264840851414294,-1.5871588684323084,0.4746372274300909,1.570787817443063
974,0.030495573763562423,0.03049557143086383,1.1927390582584465e-05,2.6459032474033544,1.9595121098961459,1.65549083116046,1.4842699957480452,-1.0,-2.048810668141603,1.3224790640704305,0.26453114778603376,-1.5870016589744236,0.4780030815556868,1.5707887477118854
975,0.02757129531491989,0.027571293231833223,1.0717240000892001e-05,2.645909797329976,1.9565878373905805,1.6554911084237596,1.4863066463048102,-1.0,-2.051844295937648,1.3226165291202112,0.2642500633884902,-1.5868589483186002,0.4810378523761665,1.5707895603807955
976,0.02493805971742956,0.024938057853938635,9.640440947369637e-06,2.645915095010601,1.953954606197649,1.6554913527432538,1.4881511498489879,-1.0,-2.0545813918102445,1.3227412963238594,0.26399495041443866,-1.5867294012719428,0.48377596552490115,1.5707902738385577
977,0.022565011827808113,0.02256501015815776,8.680306910317949e-06,2.64591939696912,1.9515815616010277,1.655491569421235,1.4898220338199981,-1.0,-2.057052458592945,1.3228545399132232,0.26376340429999207,-1.5866118038180832,0.486247939483723,1.5707909028079219
978,0.020424899165566113,0.02042489766752861,7.82252775028455e-06,2.645922904291049,1.9494414514226293,1.6554917625441627,1.4913359757174003,-1.0,-2.059284594184827,1.322957326307652,0.26355324230459803,-1.5865050528476585,0.4884808855151457,1.5707914592502912
979,0.018493594592116934,0.018493593246409257,7.054940564779544e-06,2.6459257750896303,1.9475101487394482,1.6554919353347055,1.4927079969804722,-1.0,-2.0613019177299003,1.3230506235909572,0.26336248363693754,-1.5864081465017217,0.4904989342374427,1.5707919530097985
980,0.016749691532968194,0.016749690322785147,6.366999569758107e-06,2.6459281340993703,1.9457662471317227,1.6554920903909283,1.4939516355233529,-1.0,-2.063125934783675,1.3231353103146402,0.26318933113233367,-1.5863201751849156,0.4923236011070091,1.570792392280014
981,0.015174159248530545,0.01517415815916775,5.749685987925726e-06,2.6459300800622785,1.9441907159716942,1.6554922298501427,1.4950790992844742,-1.0,-2.06477585142512,1.3232121836186326,0.263032154439552,-1.5862403132624303,0.49397410078449755,1.5707927839480327
982,0.01375004804288261,0.013750047061427451,5.195101311763651e-06,2.6459316914215507,1.9427666056448376,1.6554923555023362,1.4961014029385173,-1.0,-2.0662688454553875,1.3232819666848872,0.2628894746461311,-1.5861678114284603,0.49546761853975774,1.570793133852438
983,0.012462236189832016,0.012462235304908477,4.696301365759447e-06,2.645933030718534,1.9414787944846281,1.655492468869708,1.4970284897002057,-1.0,-2.0676203013705274,1.323345315553596,0.26275995025539817,-1.5861019897182516,0.4968195453931253,1.5707934469798097
984,0.01129721186152403,0.01129721106308084,4.247327616579202e-06,2.645934147996097,1.9403137707072644,1.6554925712633064,1.4978693399370884,-1.0,-2.068844014625957,1.3234028253398546,0.26264236442083505,-1.5860422311271147,0.4980436825186611,1.5707937276166806
985,0.010242884550265122,0.01024288382939871,3.842766504219643e-06,2.6459350834400053,1.939259443837812,1.655492663824081,1.4986320681109098,-1.0,-2.0699523697654763,1.3234550358924122,0.26253561334153225,-1.585987975795526,0.49915241948817657,1.5707939794686898
986,0.009288421443548705,0.009288420792354597,3.477945068270659e-06,2.6459358694349553,1.9383049810882995,1.6554927475532333,1.4993240093875795,-1.0,-2.07095649622071,1.3235024369372352,0.26243869572410267,-1.5859387157180347,0.5001568901665732,1.5707942057552229
987,0.008424104995157541,0.008424104406602585,3.1489083628363007e-06,2.6459365321701016,1.937440664931016,1.6554928233351391,1.4999517970950094,-1.0,-2.071866404961657,1.3235454727479858,0.2623507032202579,-1.5858939899341002,0.5010671094428276,1.570794409285463
988,0.00764120857018156,0.007641208037995721,2.8518502396163018e-06,2.6459370928969204,1.9366577687451094,1.6554928919550422,1.5005214320656577,-1.0,-2.0726911086672937,1.3235845463838296,0.2622708117543496,-1.5858533801604804,0.5018920934684267,1.5707945925201563
989,0.0069318875589794385,0.00693188707756521,2.583278644749846e-06,2.645937568918098,1.9359484479316946,1.6554929541130128,1.501038344775219,-1.0,-2.0734387276645627,1.323620023532705,0.2621982736609298,-1.5858165068269314,0.5026399656538507,1.5707947576222554
990,0.0062890837780181525,0.006289083342367837,2.3407632667855532e-06,2.645937974367597,1.9353056443155225,1.655493010435189,1.5015074510789506,-1.0,-2.074116583537012,1.3236522359956049,0.26213241055837244,-1.5857830254794547,0.5033180503261783,1.5707949064988058
991,0.005706441322671505,0.005706440928301573,2.121309964011005e-06,2.6459383208281766,1.934723001998396,1.6554930614829997,1.501933202250998,-1.0,-2.0747312820168458,1.3236814848447316,0.2620726068905585,-1.585752623517927,0.5039329556630249,1.5707950408358573
992,0.0051782323232324725,0.005178231966121807,1.9230004811290637e-06,2.6459386178218787,1.9341947931156285,1.6554931077608626,1.5023196299480732,-1.0,-2.0752887865350966,1.3237080432857065,0.2620183040743917,-1.5857250172375696,0.5044906472787005,1.5707951621277683
993,0.004699291292012806,0.0046992909685519895,1.7433721783413312e-06,2.6459388732009432,1.933715852183481,1.6554931497227015,1.502670386645545,-1.0,-2.075794483605121,1.3237321592514448,0.2619689951963785,-1.585699949146248,0.5049965136387409,1.5707952717019584
994,0.004264956945931027,0.004264956652875131,1.5807877731772924e-06,2.645939093460399,1.9332815179219978,1.6554931877775279,1.5029887820299688,-1.0,-2.0762532410475054,1.3237540577528573,0.2619242202066232,-1.585677185532013,0.5054554243116786,1.5707953707399382
995,0.0038710205527154023,0.0038710202871460567,1.4336125219829946e-06,2.64593928398882,1.9328875816014004,1.6554932222942749,1.5032778157761404,-1.0,-2.076669459923994,1.3237739430092594,0.2618835615633313,-1.5856565142575643,0.5058717819263072,1.5707954602952712
996,0.0035136799857899805,0.003513679745079685,1.3004198210998157e-06,2.6459394492701147,1.932530241097113,1.6554932536060147,1.5035402070878385,-1.0,-2.077047120929546,1.3237920003792634,0.2618466402852795,-1.5856377427604238,0.5062495685840762,1.570795541308986
997,0.003189498787796916,0.0031894985695782316,1.1795471565225391e-06,2.6459395930463963,1.9322060599533932,1.6554932820136619,1.50377842133857,-1.0,-2.0773898258913195,1.3238083981109838,0.2618131123737045,-1.5856206962395603,0.5065923873758517,1.5707956146228628
998,0.002895369639479031,0.002895369441616481,1.0697746930002227e-06,2.6459397184498314,1.931911930852296,1.655493307789244,1.503994694111065,-1.0,-2.0777008349381796,1.3238232889286203,0.26178266556870955,-1.5856052160109777,0.5069034995670088,1.5707956809909305
999,0.002628481712411748,0.002628481532979124,9.709796045807332e-07,2.6459398281096784,1.9316450429664715,1.6554933311788034,1.504191052901262,-1.0,-2.0779830998317195,1.3238368114708587,0.26175501640859805,-1.5855911580164286,0.5071858579421528,1.5707957410894553
1000,0.002386291453382884,0.0023862912906410572,8.80808633931406e-07,2.645939924239412,1.9314028527435911,1.6554933524049786,1.50436933672351,-1.0,-2.078239293887712,1.3238490915950722,0.2617299075635539,-1.585578391470885,0.5074421367386402,1.570795795525647
1001,0.0021664964071881985,0.002166496259565538,7.99680224955028e-07,2.6459400087078437,1.9311830577291815,1.6554933716693085,1.504531213828123,-1.0,-2.0784718388636567,1.3238602435599685,0.2617071054178099,-1.5855667976357626,0.5076747585447897,1.5707958448452726
1002,0.0019670117349181314,0.001967011600995084,7.254279520892115e-07,2.6459400830973205,1.9309835730849432,1.6554933891542964,1.504678197719865,-1.0,-2.078682929142287,1.3238703710981254,0.26168639787691317,-1.5855562687061135,0.5078859184928254,1.5707958895393341
1003,0.0017859491279022693,0.0017859490063946118,6.583548198454058e-07,2.645940148751457,1.930802510502715,1.6554934050252517,1.5048116616459761,-1.0,-2.0788745535013584,1.323879568388769,0.2616675923789257,-1.5855467068011206,0.5080776060370386,1.570795930049941
1004,0.0016215978544571773,0.0016215977442036332,5.975347058702624e-07,2.6459402068144118,1.930638159251243,1.6554934194319546,1.5049328517046925,-1.0,-2.0790485147258284,1.3238879209401557,0.2616505140904138,-1.585538023048229,0.5082516245734041,1.570795966775489
1005,0.0014724077084556965,0.0014724076084052116,5.430241572346932e-07,2.6459402582632485,1.930488969124763,1.6554934325101438,1.5050428987095323,-1.0,-2.0792064472888234,1.3238955063900402,0.2616350042699034,-1.5855301367521677,0.5084096091271736,1.5707960000752363
1006,0.0013369736562720157,0.0013369735654735892,4.919640427595182e-07,2.6459403039346836,1.9303535350899588,1.6554934443828597,1.505142828930711,-1.0,-2.0793498333019436,1.3239023952318927,0.26162091878312116,-1.5855229746409367,0.5085530423090849,1.570796030273358
1007,0.0012140220024988695,0.0012140219200906443,4.470348358154334e-07,2.6459403445472494,1.9302305834516857,1.655493455161653,1.5052335738226605,-1.0,-2.0794800169128833,1.323908651473814,0.2616081267558312,-1.585516470181583,0.5086832687182562,1.570796057662543
1008,0.0011023979155663282,0.001102397840768451,4.053554090480666e-07,2.64594038071968,1.9301189593786012,1.6554934649476731,1.505315978835596,-1.0,-2.079598217308598,1.3239143332364298,0.2615965093514197,-1.5855105629592652,0.5088015079500692,1.5707960825071945
1009,0.0010010541724664135,0.0010010541045724223,3.674277068954117e-07,2.6459404129862287,1.9300176156478923,1.6554934738326552,1.5053908113992398,-1.0,-2.0797055404649267,1.3239194932954546,0.26158595866159334,-1.5855051981137176,0.5089088663500164,1.5707961050462793
1010,0.0009090409975343836,0.0009090409359034493,3.3386582884800705e-07,2.6459404418094343,1.9299256024840623,1.655493481899804,1.505458768158015,-1.0,-2.0798029897683525,1.3239241795740844,0.2615763766996565,-1.5855003258277771,0.5090063476392479,1.5707961254958707
1011,0.0008254968840674147,0.0008254968281193393,3.0172551767999925e-07,2.645940467590796,1.9298420583805556,1.6554934892245978,1.5055204815291676,-1.0,-2.0798914756221585,1.3239284355898806,0.26156767448682283,-1.5854959008631389,0.509094862524125,1.5707961440514204
1012,0.0007496402997092989,0.0007496402489179628,2.747638361839329e-07,2.645940490679726,1.9297662018051434,1.6554934958755159,1.5055765256482327,-1.0,-2.0799718241373806,1.3239323008603783,0.2615597712229153,-1.585491882138957,0.5091752373902272,1.5707961608897916
1013,0.0006807621871557703,0.000680762141043842,2.49344118396663e-07,2.645940511381066,1.9296973237006327,1.6554935019146888,1.505627421759951,-1.0,-2.0800447849984787,1.3239358112712518,0.2615525935336191,-1.5854882323493198,0.5092482221707691,1.5707961761710802
1014,0.0006182191811961832,0.0006182191393312484,2.269677253324963e-07,2.6459405299614165,1.9296347807019114,1.6554935073984969,1.5056736431070867,-1.0,-2.0801110385843375,1.3239389994105089,0.2615460747871867,-1.585484917615995,0.5093144974700722,1.570796190040249
1015,0.0005614274713851316,0.000561427433374519,2.053983323587514e-07,2.645940546654488,1.9295779889986195,1.6554935123781034,1.5057156193645067,-1.0,-2.0801712024169556,1.323941894871864,0.2615401544741584,-1.5854819071731852,0.5093746810144794,1.5707962026285933
1016,0.0005098572470201445,0.0005098572125079515,1.8611544365878127e-07,2.645940561665612,1.9295264187801309,1.655493516899943,1.505753740661314,-1.0,-2.0802258370028284,1.3239445245301444,0.26153477764426286,-1.5854791730813262,0.509429333495746,1.5707962140550604
1017,0.0004630276676317142,0.0004630276362953228,1.6858739404357632e-07,2.6459405751755956,1.9294795892060432,1.6554935210061594,1.505788361229719,-1.0,-2.0802754511254835,1.3239469127913168,0.2615298943952066,-1.58547668996725,0.5094789638653837,1.570796224427435
1018,0.00042050230799263433,0.0004205022795391238,1.5485740967710726e-07,2.6459405873439654,1.9294370638511886,1.6554935247350064,1.5058198027156204,-1.0,-2.080320506641781,1.3239490818194815,0.26152545940855443,-1.5854744347882699,0.5095240341325946,1.570796233843407
1019,0.00038188503181748164,0.00038188500598123167,1.3657139822709094e-07,2.6459405983117676,1.9293984465793346,1.6554935281212075,1.5058483571825452,-1.0,-2.0803614228293665,1.3239510517429633,0.2615214315283488,-1.5854723866179845,0.5095649637132003,1.5707962423915343
1020,0.0003468162529469566,0.00034681622948641697,1.2467205919833125e-07,2.6459406082039374,1.9293633778043682,1.6554935311962842,1.5058742898375748,-1.0,-2.080398580327996,1.32395284084143,0.26151777337852133,-1.5854705264517928,0.5096021333722975,1.5707962501521093
1021,0.00031496954689253144,0.0003149695255890119,1.1151007970493862e-07,2.645940617131344,1.9293315311018433,1.6554935339888506,1.505897841505182,-1.0,-2.0804323247132537,1.3239544657157878,0.26151445101551557,-1.5854688370303036,0.5096358887991824,1.5707962571979428
1022,0.0002860485793414371,0.00028604855999634374,1.0106459234841571e-07,2.645940625192534,1.9293026101374844,1.6554935365248853,1.5059192308724474,-1.0,-2.080462969737437,1.3239559414424447,0.2615114336128723,-1.5854673026789883,0.5096665438493242,1.5707962635950694
1023,0.000259784321459206,0.00025978430389214375,9.185692672385244e-08,2.6459406324752504,1.9292763458824902,1.655493538827974,1.5059386565269153,-1.0,-2.080490800269004,1.3239572817133831,0.2615086931748301,-1.5854659091625802,0.5096943834847997,1.5707962694033868
1024,0.00023593252481550437,0.00023593250886278072,8.161702118890975e-08,2.64594063905773,1.9292524940884603,1.6554935409195297,1.5059562988063446,-1.0,-2.080516074958957,1.32395849896335,0.26150620427626653,-1.5854646435528639,0.5097196664415647,1.5707962746772317
1025,0.00021427143140552064,0.00021427141691881274,7.300048299977716e-08,2.6459406450098344,1.929230832997417,1.6554935428189947,1.5059723214778085,-1.0,-2.0805390286597865,1.323959604485349,0.2615039438265528,-1.5854634941086159,0.509742627649211,1.5707962794659023
1026,0.00019459969657976552,0.00019459968342382326,6.322027276634106e-08,2.645940650394029,1.9292111612647342,1.6554935445440218,1.5059868732619601,-1.0,-2.08055987462018,1.3239606085355176,0.2615018908551192,-1.5854624501665853,0.5097634804264016,1.5707962838141285
1027,0.00017673450488182692,0.00017673449293452925,5.960464477539064e-08,2.6459406552662355,1.9291932960749778,1.6554935461106393,1.5060000892168015,-1.0,-2.0805788064764537,1.3239615204283604,0.26150002631673225,-1.5854615020424905,0.509782418472967,1.5707962877625001
1028,0.0001605098606772354,0.00016050984982754555,5.575503985246929e-08,2.6459406596765733,1.9291770714325325,1.6554935475334016,1.5060120919939552,-1.0,-2.080596000059695,1.3239623486232306,0.2614983329146689,-1.5854606409411172,0.5097996176776467,1.5707962913478524
1029,0.00014577503721185036,0.00014577502735876858,5.16191365590357e-08,2.645940663670015,1.9291623366106614,1.6554935488255251,1.50602299297923,-1.0,-2.0806116150357914,1.3239631008028645,0.2614967949401408,-1.5854598588746747,0.5098152377586639,1.5707962946036156
1030,0.00013239316927740578,0.00013239316032946308,3.6500241499888574e-08,2.6459406672869483,1.9291489547441723,1.6554935499990098,1.5060328933281657,-1.0,-2.080625796393912,1.323963783944699,0.2614953981264735,-1.5854591485886547,0.5098294237526958,1.5707962975601324
1031,0.00012023997609691061,0.00012023996797064128,3.6500241499888574e-08,2.645940670563684,1.9291368015523018,1.6554935510647526,1.506041884906263,-1.0,-2.080638675797519,1.3239644043856353,0.2614941295166835,-1.5854585034945006,0.5098423073663351,1.5707963002449439
1032,0.00010920260227896082,0.00010920259489900998,2.9802322387695312e-08,2.6459406735328908,1.929125764179672,1.6554935520326497,1.5060500511426875,-1.0,-2.080650372810685,1.3239649678808552,0.2614929773432205,-1.5854579176084618,0.5098540082028122,1.57079630268305
1033,9.917856586484855e-05,9.917855916259759e-05,2.9802322387695312e-08,2.645940676223985,1.9291157401443353,1.655493552911687,1.5060574678054344,-1.0,-2.0806609960112836,1.3239654796572327,0.26149193091875694,-1.5854573854960654,0.5098646348755516,1.5707963048971454
