iteration,err_norm,position_error,orientation_error,tcp_x,tcp_y,tcp_z,q0_rt_joint_linear_track,q1_rt_joint_carriage,q2_rt_base,q3_rt_shoulder,q4_rt_elbow,q5_rt_wrist1,q6_rt_wrist2,q7_rt_wrist3
0,9.290975058742763,6.023852658261648,2.973021167742864,0.267,-3.2807478955731993e-13,2.541,0.0,0.0,0.0,0.0,0.0,0.0,0.0,0.0
1,8.357694951336846,5.413205766774468,2.9112855732629477,0.9860075597361192,-0.22478428884665289,2.5348152806580564,0.7070803891488272,-0.08073072466474301,0.0861125394861935,-0.07932340137664676,-0.007876710051413346,0.09152149803849932,0.06356998127382008,0.09152149803849932
2,6.8463852973607455,4.649976711019592,2.9353242422745547,4.087793749382914,-1.2164385314427713,-0.969705983181603,3.8477004979336322,-1.0,-2.649123196426567,3.14,-0.27815353401920895,3.1224171031794508,-3.14,-0.042360983600055385
3,5.761146881608544,5.664219931921875,0.7954352243591268,0.647973283023178,0.967561094265923,0.5150781444932465,0.5151286892244111,1.0,-3.14,2.899547868092264,-3.14,1.594857740951959,-3.14,1.5067017921051586
4,4.014195782106774,3.9483077072024115,0.5442628901877533,2.5445417941960913,0.16022292255394016,1.0596117124421938,2.4104113386070942,1.0,-3.14,1.9603447118155253,-1.9325690231731014,1.6034838475473308,-3.14,1.4995379807283022
5,2.9697869326395776,2.9170695055457068,0.4294609999031088,3.8000157420242946,0.04617572315522267,1.1827863223363027,3.251337480194336,1.0,-2.724903577411087,1.7964433933639443,-1.5953458996646632,1.3695222630982637,-3.14,1.7316498620570944
6,2.353714870425332,2.2810082722341014,0.4877472210345754,4.543917998077048,0.14324957262826116,1.3130817858536603,3.6203114944947825,1.0,-2.380293413474464,1.6219184029828937,-1.304489046347841,1.1891634887569633,-3.14,1.9106588338004906
7,1.9475320579771753,1.8308430218033305,0.5985158125338507,5.005070693665084,0.3282363257496016,1.41690334247014,3.8357216416961855,1.0,-2.1198176767288195,1.4786500610305402,-1.075358850354986,1.0635996624982704,-3.14,2.0351907477044153
8,1.671209551759334,1.497428935660781,0.6954673048363571,5.307619913542987,0.5139299716822191,1.5029258260324247,4.007491832469629,1.0,-1.930956890835667,1.3595387546074718,-0.8988807830735593,0.9787619851628886,-3.14,2.1191782264784007
9,1.4841835867942241,1.2524650076719663,0.7627010738637366,5.5130687469016335,0.6663748461267687,1.5784982082052637,4.160102563652128,1.0,-1.7964780370530922,1.2586587360397845,-0.7672527118313607,0.9206580677059589,-3.14,2.1765487960899366
10,1.356864411594445,1.0749886631514967,0.8030173614999939,5.65391690214499,0.7811028062507792,1.6464471473809623,4.293990274904439,1.0,-1.700392928033268,1.1724006737692403,-0.6709704974870395,0.878870433714658,-3.14,2.21768187056568
11,1.268333398644295,0.9474182055649178,0.8240150545357204,5.749850800379616,0.8643719430847608,1.7067041441538149,4.407153775639909,1.0,-1.6305422948571502,1.0988658505851747,-0.6009053122541803,0.846947047009859,-3.14,2.2490043854253323
12,1.2050908143761025,0.855826444408737,0.8328323246240291,5.814333608908155,0.9243203707397786,1.758459728278224,4.499677867742241,1.0,-1.5784452756463925,1.0371103042500252,-0.5499991638206302,0.8212311041740141,-3.14,2.274157123440006
13,1.1587212778527232,0.7896767889720152,0.8347243640001979,5.857088909714199,0.9679581376684664,1.8013684414539908,4.573438624026267,1.0,-1.5383784832222132,0.9864117002877544,-0.5132808345234869,0.7996878001218772,-3.14,2.2951648478679796
14,1.1239100732281264,0.7412432321542937,0.8331025989370303,5.885163890669368,1.000523708493278,1.8358304992125176,4.631197203142188,1.0,-1.5065485796951907,0.9458466881253357,-0.4872529701699849,0.781162831475589,-3.14,2.313175092338987
15,1.0971934391484335,0.7050269284388034,0.8299827179957178,5.90356006800388,1.0256441909303335,1.862811184713004,4.675936966942589,1.0,-1.4804819141185535,0.9141935421422199,-0.4693337516257743,0.7649772043741254,-3.14,2.328861625345987
16,1.0762495615095617,0.6772314127115834,0.8264500640867963,5.915723302071025,1.045707092024062,1.8835478861309938,4.710468990104814,1.0,-1.4585884614475908,0.8900300465515636,-0.45751470808451733,0.750711756536914,-3.14,2.342639131403451
17,1.0594946727364172,0.6553053220021545,0.8230250099591113,5.923953354229009,1.0622298838858855,1.8993072453610877,4.737225189314396,1.0,-1.4398530970935188,0.8718955541715646,-0.45019021947826643,0.7380899600599499,-3.14,2.3547801966429036
18,1.0458383468869006,0.6375656109726666,0.8199140129671925,5.929736972447591,1.0761587299623516,1.9112348830914923,4.758178816679789,1.0,-1.4236217721814508,0.8584336647680767,-0.44607928552681697,0.726912647891313,-3.14,2.3654806197666405
19,1.0345248955766033,0.6229088795421025,0.8171662662882971,5.934005592460387,1.0880848244895702,1.9202869101149267,4.774850154382002,1.0,-1.4094591592135541,0.8484806106099229,-0.444181831261915,0.7170219879427541,-3.14,2.3748955098381885
20,1.0250261796547797,0.6106053835325255,0.8147630188569893,5.937325191547539,1.0983888668252948,1.927217225161843,4.78836261530481,1.0,-1.3970586604587978,0.8410981603343087,-0.4437411020085769,0.7082826584833881,-3.14,2.383158126513014
21,1.0169681635892274,0.6001607410127645,0.8126636116284209,5.940030025188568,1.1073309989568534,1.9325959864492155,4.799520475923031,1.0,-1.386188682399643,0.83556610589064,-0.44420395180442895,0.7005729805682902,-3.14,2.390388696670839
22,1.0100807739263806,0.5912275062715605,0.8108261935960551,5.942312938979436,1.1151032543272155,1.9368413104080595,4.808887758613998,1.0,-1.3766623510035871,0.8313524663505917,-0.44518024035514353,0.6937813922866102,-3.14,2.3966978462671724
23,1.004164054074633,0.5835506547631195,0.8092150496654008,5.944283883201181,1.1218582977519547,1.94025316608979,4.816856713800367,1.0,-1.368321320669406,0.8280758205358524,-0.44640481520190434,0.6878054208142993,-3.14,2.402187519123333
24,0.9990656206424523,0.5769347694436449,0.8078017046595557,5.946006262812458,1.1277242828707714,1.943043786326348,4.823701571564818,1.0,-1.3610274598232432,0.8254687065699506,-0.4477046829856124,0.6825515564827368,-3.14,2.406950998181624
25,0.9946658267009774,0.5712244868326294,0.8065636880274762,5.947518536001383,1.132812183604123,1.9453624181388718,4.829617773323019,1.0,-1.3546586152869655,0.8233464021464071,-0.4489724369072743,0.6779352518888906,-3.14,2.4110728164979056
26,0.9908680785087284,0.5662927686623846,0.805482822921432,5.948846429407205,1.1372193751835575,1.947314214113709,4.834749057960385,1.0,-1.3491063152656477,0.8215823600796401,-0.4501458154628122,0.6738807481171569,-3.14,2.4146288592641496
27,0.9875925300244965,0.5620336830339926,0.8045437802721301,5.95000945419143,1.1410315277462197,1.948974001087938,4.8392053604941765,1.0,-1.344274302010147,0.8200899334298855,-0.45119261076976813,0.670320673848225,-3.14,2.4176867104482644
28,0.9847719499257397,0.5583577542876853,0.803733082834995,5.951024129311035,1.1443238392678223,1.950395971142776,4.843074237000397,1.0,-1.340077374804138,0.8188093347265275,-0.45209990643852327,0.6671954645953782,-3.14,2.4203061943380098
29,0.9823489635050563,0.5551887828450083,0.8030385113398404,5.951905410189344,1.1471620592036396,1.9516203217107473,4.8464279710044185,1.0,-1.3364403339245763,0.8176986273886407,-0.4528666372632547,0.6644526757943509,-3.14,2.4225400352544133
30,0.9802741549948139,0.5524615285341223,0.8024487965037717,5.952667210707298,1.1496034631726044,1.952677713493066,4.84932792602918,1.0,-1.3332969637869692,0.8167276621609294,-0.4534985954001752,0.6620462565874122,-3.14,2.424434565719253
31,0.978504706800373,0.5501199276753701,0.8019534846498773,5.953322516633003,1.1516978089156378,1.9535922206755085,4.851827209083272,1.0,-1.3305890540015162,0.8158740802013951,-0.45400517889260134,0.6599358334144544,-3.14,2.4260304315075616
32,0.977003376974551,0.5481156645779989,0.8015428927911631,5.953883351562687,1.1534882569013019,1.9543832677386122,4.853972333092076,1.0,-1.3282654750258236,0.815120721093209,-0.4543973451641178,0.6580860344915156,-3.14,2.4273632605420064
33,0.9757376954137738,0.5464069974045732,0.8012080991387461,5.954360719545584,1.1550122305222086,1.9550668999432466,4.855804303169921,1.0,-1.3262813248158185,0.8144539611845791,-0.45468637535847006,0.656465871833652,-3.14,2.428464277475439
34,0.9746793078893277,0.544957779245348,0.8009409389124319,5.954764574103654,1.156302197088615,1.9556566231406467,4.85735937820666,1.0,-1.3245971565711985,0.8138626544472889,-0.45488316968841075,0.6550481873613867,-3.14,2.4293608563217863
35,0.9738034259948245,0.543736636149287,0.8007339915800273,5.955103825946111,1.1573863604353212,1.9561639685535188,4.858669650363566,1.0,-1.3231782908392578,0.8133374562620255,-0.45499788061507873,0.6538091632117138,-3.14,2.430077010229789
36,0.9730883578287067,0.5427162747682805,0.8005805553979162,5.955386385102042,1.1582892642791185,1.9565988829925143,4.859763519747847,1.0,-1.3219942099031945,0.8128703868200396,-0.45503975391346,0.6527278927018446,-3.14,2.43063382140807
37,0.9725151036342837,0.5418728983664975,0.8004746102195853,5.955619227585787,1.1590323111761538,1.9569700081192383,4.860666104116497,1.0,-1.3210180289313,0.8124545427400525,-0.4550170923949709,0.6517860065766465,-3.14,2.4310498162049377
38,0.9720670057903724,0.5411857137885037,0.800410771673401,5.955808476357221,1.159634205148093,1.9572848884158343,4.861399603114134,1.0,-1.3202260365403047,0.8120838998006038,-0.45493728782982856,0.6509673485167866,-3.14,2.431341291127385
39,0.9717294453716985,0.5406365147640765,0.8003842402597583,5.955959488118209,1.1601113273709776,1.9575501323192948,4.861983626178287,1.0,-1.3195972967868979,0.8117531717779216,-0.45480688726750285,0.6502576939073482,-3.14,2.4315225956495445
40,0.9714895790838273,0.5402093291758696,0.8003907485317505,5.956076939808226,1.1604780543960673,1.9577715415296746,4.862435488413415,1.0,-1.3191133047262047,0.8114577042749954,-0.4546316734902656,0.6496445062477423,-3.14,2.431606377339954
41,0.971336111339245,0.5398901198366125,0.8004265088182877,5.95616491080655,1.160747027725333,1.9579542177351739,4.8627704767916695,1.0,-1.3187576882364498,0.8111933909773352,-0.45441674799229387,0.6491167261267269,-3.14,2.431603794333804
42,0.9712590969056107,0.539666529991712,0.8004881632055019,5.956226958556274,1.1609293825709983,1.9581026525321665,4.863002088473854,1.0,-1.3185159495757237,0.8109566049204068,-0.4541666102693274,0.6486645882771058,-3.14,2.4315246996111854
43,0.9712497700852258,0.5395276662092775,0.8005727368436877,5.956266186563301,1.1610349425295587,1.9582208042595355,4.8631422430447975,1.0,-1.318375240962893,0.8107441403913958,-0.4538852304614815,0.6482794628012266,-3.14,2.4313778009817315
44,0.9713003968482296,0.5394639125586628,0.8006775951388561,5.956285304554175,1.1610723858355882,1.9583121642491654,4.8632014706173905,1.0,-1.3183241692745424,0.810553162844254,-0.45357611428534256,0.6479537171903431,-3.14,2.431170800153581
45,0.9714041467678955,0.5394667710269031,0.8008004050203339,5.956286681090756,1.161049387899894,1.9583798142703785,4.86318907789908,1.0,-1.3183526256792206,0.8103811652038939,-0.4532423602346676,0.6476805962361328,-3.14,2.4309105137946516
46,0.9715549820013397,0.53952872399907,0.8009391002287702,5.956272389225961,1.160972744007307,1.9584264765061992,4.863113294372266,1.0,-1.3184516366712153,0.8102259294933913,-0.45288670955691146,0.6474541173489353,-3.14,2.430602979080548
47,0.971747560921976,0.5396431153548287,0.8010918504159669,5.956244245916212,1.160848475353715,1.9584545571210294,4.86298140071063,1.0,-1.318613233516138,0.8100854930288672,-0.4525115897388892,0.6472689791575172,-3.14,2.430253545864209
48,0.9719771543388034,0.5398040473309693,0.8012570337639304,5.95620384593898,1.1606819210290809,1.9584661842920061,4.8627998414544376,1.0,-1.3188303375855308,0.8099581186024017,-0.4521191522922553,0.6471204815744765,-3.14,2.4298669572931155
49,0.9722395725305756,0.5400062907889333,0.8014332127939642,5.956152591037562,1.1604778180869624,1.9584632414410004,4.862574323822491,1.0,-1.3190966594470694,0.8098422681773065,-0.4517113055987667,0.6470044557756854,-3.14,2.429447420435129
50,0.97253110158023,0.5402452069259545,0.8016191130309972,5.956091714957581,1.1602403714640819,1.9584473962992432,4.8623099043678915,1.0,-1.3194066099013755,0.8097365796872211,-0.4512897435039382,0.6469172027672686,-3.14,2.42899866824818
51,0.9728484477182313,0.5405166787945522,0.8018136042014925,5.956022304967808,1.1599733152096374,1.9584201263506662,4.862011065005667,1.0,-1.3197552214262875,0.8096398465791451,-0.4508559702624067,0.6468554394049738,-3.14,2.4285240140368303
52,0.9731886885753086,0.5408170512614346,0.8020156836667282,5.955945320383137,1.1596799662390178,1.9583827411272314,4.86168177976418,1.0,-1.3201380787139738,0.8095509997798727,-0.45041132235330256,0.6468162508932884,-3.14,2.4280263993753946
53,0.9735492304086321,0.5411430782548347,0.8022244618214103,5.955861608535614,1.159363271628578,1.9583364017665406,4.861325573446331,1.0,-1.320551257173492,0.8094690917996462,-0.44995698760597597,0.6467970489295854,-3.14,2.4275084363385666
54,0.9739277705041696,0.5414918763281481,0.8024391492168798,5.95577191857398,1.1590258503074615,1.9582821381872384,4.860945573234964,1.0,-1.3209912684280545,0.8093932827179815,-0.44949402200816435,0.6467955347756725,-3.14,2.4269724447626775
55,0.9743222640751668,0.5418608837151078,0.8026590451964901,5.955676913414097,1.1586700298713926,1.9582208641898977,4.860544554141087,1.0,-1.3214550119678565,0.8093228278252046,-0.44902336451054764,0.6468096666385572,-3.14,2.4264204851606133
56,0.9747308950755014,0.5422478241735904,0.8028835278570245,5.9555771801126,1.1582978791358232,1.9581533907495152,4.8601249790739,1.0,-1.3219397322304018,0.8092570667194204,-0.4485458500928642,0.6468376308267813,-3.14,2.4258543878282963
57,0.9751520504299019,0.5426506750164473,0.8031120451736219,5.955473238893191,1.1579112369569982,1.958080437729694,4.85968903420717,1.0,-1.322442980474459,0.809195413682411,-0.4480622213162235,0.6468778162206346,-3.14,2.425275778608163
58,0.9755842972532002,0.5430676388123215,0.803344107146658,5.955365551018836,1.1575117377756674,1.9580026442174254,4.859238660226069,1.0,-1.3229625808940604,0.8091373491793908,-0.44757313855268954,0.6469287916559043,-3.14,2.424686101713281
59,0.9760263626899954,0.543497118310367,0.8035792788472994,5.955254525672806,1.1571008342763918,1.9579205776505495,4.858775579960645,1.0,-1.3234966004876847,0.8090824123466611,-0.4470791890554226,0.646989285873218,-3.14,2.4240866399629515
60,0.976477116056187,0.5439376942026054,0.8038171742543789,5.955140525986069,1.1566798175033652,1.9578347418868964,4.85830132284508,1.0,-1.324043322256891,0.8090301943481175,-0.44658089500960185,0.647058169729889,-3.14,2.4234785327354516
61,0.9769355530063009,0.5443881053883666,0.8040574507889542,5.955023874327311,1.1562498347295962,1.957745584344307,4.857817246584346,1.0,-1.3246012213597311,0.8089803324964523,-0.44607872068513194,0.6471344404096652,-3.14,2.4228627919047803
62,0.9774007814866249,0.5448472314483477,0.8042998044648018,5.954904856954319,1.1558119053387625,1.9576535023237218,4.857324556360516,1.0,-1.3251689438885417,0.8089325050479538,-0.4455730787960571,0.6472172073988752,-3.14,2.4222403159949213
63,0.9778720092650052,0.5453140770727366,0.8045439655833098,5.954783728110591,1.1553669349468956,1.9575588486129587,4.856824321868529,1.0,-1.3257452879802585,0.8088864265911612,-0.4450643361580273,0.6473056800260206,-3.14,2.421611902756345
64,0.9783485328545103,0.5457877582194732,0.804789694910082,5.954660713638799,1.1549157279633964,1.9574619364562562,4.856317492434702,1.0,-1.3263291870010276,0.8088418439595644,-0.44455281872366836,0.6473991563865387,-3.14,2.420978260344602
65,0.9788297276708557,0.5462674898060055,0.8050367802781931,5.954536014172426,1.1544589987669895,1.9573630439638794,4.855804910439846,1.0,-1.3269196945763524,0.8087985326071657,-0.4440388160659025,0.6474970134958623,-3.14,2.420340017259277
66,0.9793150392829948,0.5467525747614956,0.805285033569671,5.954409807958225,1.1539973816514766,1.9572624180268225,4.8552873232416225,1.0,-1.3275159712638716,0.808756293393201,-0.4435225853708265,0.6475986985325061,-3.14,2.419697731182818
67,0.979803975633222,0.5472423942868966,0.8055342880325136,5.954282253354892,1.1535314396781242,1.9571602777936037,4.8547653937672335,1.0,-1.3281172726886274,0.8087149497288696,-0.443004354994508,0.6477037210491101,-3.14,2.419051896842412
68,0.9802961001177732,0.5477363991881856,0.8057843958955779,5.9541534910471565,1.1530616725557254,1.9570568177592162,4.854239709927118,1.0,-1.3287229389807482,0.8086743450445808,-0.4424843276317405,0.6478116460435424,-3.14,2.418402953003787
69,0.9807910254316962,0.5482341021635659,0.8060352262480417,5.954023646009366,1.1525885236556028,1.9569522105102983,4.853710792982513,1.0,-1.3293323853731984,0.8086343405411841,-0.4419626831393048,0.6479220877945521,-3.14,2.4177512886933252
70,0.9812884080929161,0.5487350709391391,0.8062866631539687,5.953892829248093,1.1521123862566642,1.9568466091653276,4.853179104984216,1.0,-1.3299450938329438,0.8085948131929672,-0.4414395810514812,0.6480347043773532,-3.14,2.4170972487338847
71,0.9817879435701685,0.5492389221594732,0.8065386039758687,5.953761139349612,1.1516336091049812,1.9567401495441117,4.852645055386301,1.0,-1.3305606056127726,0.8085556539739902,-0.4409151628213378,0.6481491927840815,-3.14,2.41644113867008
72,0.9822893619480602,0.5497453159500605,0.8067909578841076,5.953628663854806,1.1511525013629247,1.9566329520968349,4.852109006926655,1.0,-1.3311785146233548,0.8085167662826236,-0.44038955381760075,0.6482652845824989,-3.14,2.4157832291502683
73,0.982792424070022,0.5502539510779099,0.8070436445316045,5.953495480481254,1.1506693370145993,1.9565251236194738,4.851571280855728,1.0,-1.3317984615360734,0.8084780645420495,-0.43986286510362205,0.6483827420537591,-3.14,2.415123759824975
74,0.9832969181065786,0.5507645606447393,0.8072965928755743,5.953361658209901,1.150184358786947,1.9564167587792862,4.851032161585691,1.0,-1.3324201285368986,0.8084394729570543,-0.4393351950220788,0.6485013547566199,-3.14,2.4144629428148665
75,0.9838026565022109,0.5512769082544686,0.8075497401300927,5.953227258251591,1.1496977816393747,1.9563079414714228,4.850491900824091,1.0,-1.3330432346602428,0.8084009244096592,-0.4388066306064393,0.648620936471308,-3.14,2.413800965795503
76,0.9843094732592601,0.5517907846031322,0.8078030308350572,5.953092334906912,1.1492097958689935,1.9561987460253343,4.849950721248926,1.0,-1.3336675316394433,0.808362359478128,-0.4382772488379726,0.6487413224814,-3.14,2.4131379947408953
77,0.9848172215219279,0.5523060044450407,0.8080564160287154,5.95295693633132,1.1487205698733807,1.9560892382775361,4.849408819775725,1.0,-1.3342928002173946,0.8083237255656159,-0.43774711776501746,0.6488623671566538,-3.14,2.4124741763632835
78,0.9853257714274618,0.5528224038940445,0.8083098525123482,5.952821105215991,1.1482302526082684,1.9559794765254777,4.8488663704616135,1.0,-1.3349188468669706,0.8082849761262778,-0.4372162974994499,0.6489839418037898,-3.14,2.4118096402824447
79,0.9858350081952645,0.5533398380232777,0.8085633021969488,5.952684879393791,1.1477389757734355,1.9558695123755994,4.848323527086376,1.0,-1.3355455008763393,0.8082460699780113,-0.4366848411036592,0.6491059327558294,-3.14,2.411144500954202
80,0.9863448304278303,0.5538581787307186,0.8088167315228411,5.952548292378582,1.1472468557565243,1.9557593914972315,4.847780425446113,1.0,-1.3361726117591348,0.8082069706922074,-0.4361527953799128,0.6492282396738086,-3.14,2.410478859384561
81,0.9868551486002896,0.5543773128414818,0.8090701109442069,5.952411373845228,1.1467539953612331,1.9556491542926961,4.84723718539118,1.0,-1.3368000469538008,0.808167646051965,-0.4356202015727166,0.6493507740375405,-3.14,2.409812804653025
82,0.9873658837178632,0.5548971404209118,0.8093234144713288,5.952274150056789,1.1462604853434972,1.9555388364928374,4.846693912636605,1.0,-1.3374276897802864,0.808128067571159,-0.43508709599362716,0.6494734578046456,-3.14,2.4091464152660564
83,0.987876966122786,0.5554175732753556,0.8095766192641827,5.952136644244706,1.145766405776701,1.9554284696861894,4.8461507003700985,1.0,-1.3380554376257312,0.8080882100676053,-0.43455351057696723,0.6495962222193311,-3.14,2.408479760359389
84,0.9883883344342759,0.5559385336200225,0.8098297052716843,5.95199887694712,1.1452718272646782,1.955318081789094,4.845607630680019,1.0,-1.3386832003338691,0.8080480512843036,-0.4340194733739682,0.6497190067544212,-3.14,2.407812900765838
85,0.9888999346068982,0.5564599528955595,0.8100826549115403,5.9518608663099055,1.1447768120192323,1.955207697463282,4.845064775823188,1.0,-1.339310898775618,0.8080075715534099,-0.43348500899207015,0.6498417581719379,-3.14,2.407145889963449
86,0.9894117190942939,0.5569817707169812,0.8103354527861799,5.951722628354499,1.1442814148170788,1.9550973384867074,4.844522199350295,1.0,-1.339938463580789,0.80796675349818,-0.43295013898537615,0.6499644296891356,-3.14,2.4064787749172027
87,0.989923646106632,0.5575039339403579,0.8105880854307733,5.951584177216145,1.1437856838495135,1.9549870240828144,4.843979957104661,1.0,-1.3405658340130355,0.8079255817686455,-0.43241488220160573,0.6500869802383211,-3.14,2.405811596826061
88,0.990435678951445,0.558026395834269,0.8108405410897555,5.951445525355802,1.1432896614766417,1.954876771212814,4.843438098108432,1.0,-1.3411929569721162,0.8078840428072639,-0.43187925509033037,0.6502093738100675,-3.14,2.4051443917858357
89,0.9909477854486136,0.5585491153444393,0.8110928095186769,5.951306683748587,1.1427933848967222,1.9547665948350865,4.842896665348696,1.0,-1.3418197861092909,0.8078421246411797,-0.4313432719767334,0.6503315788705648,-3.14,2.4044771913772314
90,0.9914599374112775,0.5590720564412238,0.8113448818085591,5.951167662051332,1.142296886740046,1.954656508135347,4.84235569647467,1.0,-1.3424462810432225,0.8077998166981296,-0.43080694530470487,0.6504535678448645,-3.14,2.403810023187376
91,0.9919721101853703,0.5595951875407685,0.8115967502302264,5.9510284687515265,1.1418001955957087,1.954546522730818,4.841815224415881,1.0,-1.3430724066651503,0.8077571096433296,-0.43027028585263977,0.6505753166586794,-3.14,2.4031429112722527
92,0.9924842822412366,0.5601184809916412,0.8118484080963854,5.950889111299699,1.141303336478753,1.954436648851312,4.841275277930141,1.0,-1.3436981325233266,0.8077139952349944,-0.4297333029249679,0.6506968043322042,-3.14,2.4024758765666254
93,0.9929964348115494,0.5606419126196494,0.8120998496394571,5.95074959622706,1.14080633124432,1.954326895499785,4.840735882089187,1.0,-1.3443234322778237,0.80767046619639,-0.4291960045220959,0.6508180126201427,-3.14,2.401808937247327
94,0.9935085515703465,0.5611654613243513,0.8123510699033843,5.950609929250005,1.1403091989547243,1.9542172705946654,4.84019705870897,1.0,-1.3449482832177928,0.8076265161025523,-0.42865839749115364,0.6509389256927659,-3.14,2.4011421090551357
95,0.9940206183485935,0.5616891087214843,0.8126020646478473,5.950470115362941,1.1398119562047244,1.9541077810959817,4.839658826730791,1.0,-1.3455726658341371,0.8075821392800245,-0.42812048765968896,0.6510595298533982,-3.14,2.4004754055798863
96,0.9945326228821824,0.5622128388261614,0.8128528302634812,5.950330158920732,1.1393146174096658,1.9539984331171198,4.839121202558834,1.0,-1.3461965634413382,0.8075373307181334,-0.42758227995419823,0.6511798132882353,-3.14,2.399808838512948
97,0.9950445545887263,0.562736637772272,0.8131033636968573,5.950190063711869,1.1388171950606738,1.9538892320238066,4.838584200358983,1.0,-1.3468199618428758,0.8074920859904984,-0.42704377850519054,0.6512997658448527,-3.14,2.399142417870746
98,0.9955564043699026,0.563260493564001,0.8133536623841128,5.950049833023443,1.1383196999506013,1.9537801825217738,4.838047832323322,1.0,-1.3474428490352945,0.8074464011856118,-0.4265049867402898,0.651419378836167,-3.14,2.3984761521925937
99,0.9960681644364777,0.563784395855861,0.8136037241922578,5.949909469698788,1.137822141374027,1.9536712887343635,4.837512108904175,1.0,-1.3480652149465293,0.8074002728454602,-0.42596590746671453,0.6515386448669701,-3.14,2.3978100487157468
100,0.996579828153449,0.5643083357580152,0.813853547367276,5.9497689761886186,1.1373245273042394,1.9535625542712112,4.836977039021145,1.0,-1.3486870512045839,0.8073536979112688,-0.42542654294433024,0.6516575576804813,-3.14,2.39714411353025
101,0.9970913899030225,0.564832305664021,0.8141031304882542,5.949628354596399,1.1368268645498112,1.9534539822890309,4.836442630244227,1.0,-1.349308350933104,0.8073066736755519,-0.4248868949503275,0.6517761120226416,-3.14,2.3964783517158805
102,0.9976028449634123,0.5653562990984666,0.8143524724268438,5.949487606718565,1.1363291588930802,1.9533455755453757,4.835908888955702,1.0,-1.3499291085707656,0.8072591977397572,-0.42434696483648,0.6518943035221345,-3.14,2.395812767463219
103,0.9981141894016616,0.5658803105822331,0.8146015723114535,5.949346734080176,1.1358314152125903,1.9532373364461895,4.835375820493238,1.0,-1.3505493197117544,0.8072112679768486,-0.42380675357980807,0.6520121285843391,-3.14,2.395147364180661
104,0.9986254199788857,0.5664043355133735,0.814850429495619,5.949205737966536,1.1353336375913274,1.953129267087844,4.83484342927635,1.0,-1.351168980964909,0.8071628824982752,-0.4232662618274071,0.6521295842976232,-3.14,2.3944821445889723
105,0.9991365340665292,0.5669283700618389,0.8150990435300817,5.949064619451182,1.134835829412361,1.9530213692943006,4.834311718918107,1.0,-1.3517880898293877,0.8071140396248074,-0.422725489936089,0.6522466683505678,-3.14,2.3938171108048163
106,0.9996475295723728,0.5674524110764531,0.8153474141381429,5.9489233794207035,1.1343379934433453,1.9529136446499402,4.833780692323793,1.0,-1.352406644584947,0.807064737860809,-0.4221844380074404,0.6523633789588635,-3.14,2.3931522644145162
107,1.0001584048751702,0.5679764560027476,0.8155955411939182,5.948782018596698,1.1338401319111457,1.952806094528575,4.833250351778015,1.0,-1.35302464419515,0.8070149758715291,-0.42164310591880183,0.6524797148007735,-3.14,2.3924876065391767
108,1.0006691587669347,0.5685005028104035,0.815843424703153,5.948640537555236,1.1333422465677307,1.9526987201190582,4.832720699021586,1.0,-1.353642088222002,0.8069647524630884,-0.4211014933506549,0.6525956749601717,-3.14,2.391823137892157
109,1.001179790401988,0.5690245499291964,0.8160910647863103,5.94849893674406,1.1328443387483325,1.9525915224479071,4.8321917353193635,1.0,-1.354258976750694,0.8069140665648176,-0.4205595998108034,0.6527112588762852,-3.14,2.3911588588297796
110,1.001690299251995,0.5695485961924628,0.8163384616636589,5.948357216497841,1.1323464094227695,1.9524845023992619,4.831663461520098,1.0,-1.3548753103232736,0.8068629172137042,-0.4200174246557377,0.6528264662993638,-3.14,2.390494769396061
111,1.0022006850662901,0.5700726407872238,0.8165856156421363,5.948215377051638,1.1318484592407236,1.9523776607324985,4.831135878109198,1.0,-1.355491089880206,0.8068113035406808,-0.41947496710949245,0.6529412972515911,-3.14,2.389830869362147
112,1.0027109478368958,0.5705966832101957,0.8168325271037731,5.948073418552823,1.131350488571661,1.9522709980977715,4.8306089852552505,1.0,-1.3561063167089054,0.806759224758545,-0.4189322262802869,0.6530557519926286,-3.14,2.389167158261078
113,1.003221087767665,0.5711207232289953,0.8170791964955041,5.947931341071617,1.1308524975400387,1.952164515049712,4.830082782851015,1.0,-1.3567209923984176,0.8067066801513286,-0.41838920117521156,0.653169830989252,-3.14,2.3885036354184215
114,1.003731105247098,0.5716447608479517,0.8173256243201955,5.947789144610412,1.1303544860563213,1.9520582120595085,4.829557270549539,1.0,-1.3573351187995375,0.8066536690649351,-0.41784589071317807,0.6532835348886058,-3.14,2.387840299979255
115,1.0042410008243816,0.5721687962779753,0.8175718111287558,5.947646829111992,1.1298564538443174,1.95195208952555,4.829032447795958,1.0,-1.3579486979897188,0.8066001908989024,-0.417302293736337,0.6533968644946506,-3.14,2.387177150931928
116,1.0047507751882878,0.5726928299100176,0.8178177575131912,5.9475043944668124,1.1293584004652504,1.9518461477828086,4.828508313855501,1.0,-1.3585617322422159,0.8065462450991531,-0.4167584090201385,0.6535098207474309,-3.14,2.3865141871289755
117,1.0052604291485938,0.573216862291699,0.8180634641005061,5.9473618405194175,1.1288603253389533,1.9517403871110974,4.8279848678381185,1.0,-1.3591742239989548,0.8064918311516235,-0.4162142352821989,0.6536224047048321,-3.14,2.385851407305521
118,1.0057699636197301,0.5737408941067347,0.8183089315473389,5.94721916707411,1.1283622277625265,1.9516348077423415,4.827462108720158,1.0,-1.3597861758466958,0.8064369485766626,-0.4156697711901083,0.6537346175265344,-3.14,2.3851888100954635
119,1.0062793796063931,0.5742649261568308,0.8185541605352559,5.947076373899956,1.127864106926747,1.9515294098669824,4.82694003536342,1.0,-1.3603975904960959,0.8063815969241069,-0.4151250153683,0.6538464604599042,-3.14,2.3845263940457087
120,1.006788678190888,0.5747889593457572,0.818799151766617,5.946933460735199,1.1273659619305079,1.951424193639606,4.8264186465319066,1.0,-1.3610084707633276,0.8063257757689587,-0.4145799664040996,0.6539579348275953,-3.14,2.383864157628675
121,1.0072978605220106,0.5753129946653442,0.8190439059609482,5.946790427291152,1.1268677917935064,1.951319159183897,4.825897940906532,1.0,-1.3616188195539498,0.8062694847075886,-0.4140346228530418,0.6540690420166563,-3.14,2.383202099253279
122,1.007806927805267,0.575837033183172,0.8192884238517664,5.946647273255639,1.1263695954673993,1.9512143065969931,4.825377917098045,1.0,-1.3622286398487622,0.8062127233544033,-0.413488983243544,0.654179783468967,-3.14,2.382540217274583
123,1.008315881294294,0.5763610760317577,0.8195327061837897,5.946503998296008,1.1258713718456,1.9511096359533098,4.824858573658368,1.0,-1.3628379346914063,0.8061554913389235,-0.41294304608101545,0.6542901606728456,-3.14,2.3818785100022555
124,1.008824722283316,0.5768851243990539,0.8197767537105018,5.946360602061817,1.1253731197718806,1.9510051473079049,4.82433990909054,1.0,-1.3634467071775054,0.8060977883032214,-0.4123968098514622,0.6544001751556862,-3.14,2.3812169757079995
125,1.0093334521005375,0.5774091795201145,0.8200205671920184,5.94621708418716,1.1248748380479239,1.9509008406994255,4.823821921857438,1.0,-1.364054960445155,0.8060396138996743,-0.41185027302465327,0.6545098284775049,-3.14,2.3805556126320586
126,1.0098420721023422,0.577933242669777,0.8202641473932215,5.946073444292756,1.124376525439945,1.9507967161527016,4.8233046103894175,1.0,-1.3646626976666063,0.8059809677889963,-0.41130343405689473,0.6546191222252867,-3.14,2.3798944189889166
127,1.0103505836682072,0.5784573151562442,0.8205074950821304,5.94592968198776,1.123878180684502,1.9506927736810171,4.822787973091001,1.0,-1.365269922040994,0.8059218496385184,-0.41075629139346453,0.6547280580080342,-3.14,2.3792333929722895
128,1.010858988196257,0.5789813983154668,0.8207506110284832,5.945785796871363,1.1233798024935813,1.9505890132881023,4.822272008346727,1.0,-1.3658766367879878,0.805862259120681,-0.4102088434707427,0.6548366374524367,-3.14,2.3785725327594927
129,1.0113672870993609,0.5795054935062107,0.820993496002496,5.945641788534214,1.1228813895590566,1.9504854349698801,4.821756714526272,1.0,-1.366482845142249,0.8058021959117138,-0.4096610887180728,0.6549448621990847,-3.14,2.3779118365152554
130,1.0118754818017295,0.580029602105749,0.82123615077379,5.945497656559636,1.1223829405565917,1.9503820387159927,4.82124208998891,1.0,-1.3670885503486008,0.8057416596904914,-0.40911302555939827,0.6550527338991614,-3.14,2.3772513023950554
131,1.0123835737359335,0.5805537255060865,0.821478576110449,5.945353400524738,1.1218844541490487,1.9502788245111429,4.820728133087427,1.0,-1.367693755657822,0.8056806501375211,-0.4085646524146786,0.6551602542115581,-3.14,2.3765909285480267
132,1.0128915643403031,0.5810778651106616,0.8217207727782111,5.945209020001354,1.1213859289894732,1.9501757923362653,4.820214842171506,1.0,-1.3682984643229885,0.8056191669340713,-0.40801596770113685,0.655267424800357,-3.14,2.3759307131194944
133,1.0133994550566614,0.5816020223314646,0.821962741539766,5.945064514556893,1.1208873637236982,1.950072942169543,4.819702215590694,1.0,-1.368902679596296,0.8055572097614084,-0.40746696983434155,0.6553742473326406,-3.14,2.3752706542531836
134,1.0139072473283461,0.5821261985865231,0.822204483154143,5.944919883755072,1.1203887569926163,1.9499702739873062,4.819190251696979,1.0,-1.369506404726305,0.8054947783001295,-0.40691765722914747,0.6554807234765863,-3.14,2.374610750093137
135,1.0144149425984879,0.5826503952977085,0.8224459983761908,5.944775127156559,1.1198901074341596,1.9498677877648123,4.818678948847021,1.0,-1.3701096429555566,0.8054318722295842,-0.4063680283005139,0.6555868548998114,-3.14,2.373950998785382
136,1.014922542308517,0.5831746138888239,0.8226872879561223,5.944630244319539,1.119391413685028,1.9497654834769238,4.818168305404094,1.0,-1.3707123975185114,0.8053684912273734,-0.40581808146421583,0.655692643267939,-3.14,2.373291398479375
137,1.0154300478968643,0.583698855783944,0.8229283526391322,5.944485234800215,1.1188926743821865,1.9496633610986982,4.817658319739761,1.0,-1.3713146716397737,0.8053046349689158,-0.4052678151374602,0.6557980902433548,-3.14,2.372631947329251
138,1.0159374607978355,0.5842231224059681,0.8231691931650646,5.944340098153236,1.1183938881641717,1.949561420605905,4.817148990235325,1.0,-1.3719164685325658,0.8052403031270667,-0.4047172277394139,0.6559031974841355,-3.14,2.3719726434949053
139,1.0164447824406393,0.5847474151753674,0.8234098102681324,5.944194833932081,1.1178950536722196,1.949459661975474,4.816640315283078,1.0,-1.372517791397418,0.8051754953717958,-0.4041663176916646,0.6560079666431239,-3.14,2.3713134851429203
140,1.0169520142485482,0.5852717355090967,0.8236502046766786,5.944049441689389,1.117396169551249,1.9493580851858787,4.816132293287372,1.0,-1.3731186434210523,0.8051102113699046,-0.40361508341861413,0.6561123993671344,-3.14,2.370654470447366
141,1.0174591576381766,0.5857960848196598,0.8238903771129797,5.943903920977242,1.116897234450702,1.9492566902174762,4.8156249226655365,1.0,-1.3737190277754312,0.8050444507847836,-0.40306352334781304,0.6562164972962722,-3.14,2.3699955975904845
142,1.0179662140188543,0.5863204645142903,0.824130328293075,5.943758271347434,1.1163982470252802,1.9491554770527963,4.815118201848671,1.0,-1.3743189476169526,0.8049782132762059,-0.4025116359102504,0.6563202620633524,-3.14,2.3693368647632727
143,1.0184731847921076,0.5868448759942612,0.824370058926632,5.943612492351669,1.1158992059355703,1.9490544456767904,4.814612129282299,1.0,-1.3749184060857738,0.8049114985001495,-0.40195941954059783,0.6564236952934056,-3.14,2.368678270165979
144,1.0189800713511925,0.5873693206542789,0.8246095697168317,5.9434665835417695,1.115400109848584,1.9489535960770485,4.814106703426943,1.0,-1.375517406305244,0.8048443061086451,-0.4014068726774151,0.6565267986032607,-3.14,2.368019812008522
145,1.0194868750807216,0.587893799881974,0.8248488613602778,5.943320544469839,1.114900957438218,1.948852928243983,4.813601922758592,1.0,-1.3761159513814378,0.8047766357496482,-0.4008539937633241,0.6566295736011929,-3.14,2.3673614885108436
146,1.0199935973563345,0.5884183150574605,0.8250879345469267,5.943174374688399,1.1144017473856498,1.9487524421709874,4.813097785769098,1.0,-1.37671404440277,0.8047084870669292,-0.40030078124515134,0.6567320218866312,-3.14,2.3667032979032006
147,1.020500239544428,0.5889428675529628,0.8253267899600302,5.943028073750526,1.1139024783796698,1.9486521378545711,4.8125942909665005,1.0,-1.3773116884396854,0.8046398596999836,-0.39974723357404823,0.6568341450499157,-3.14,2.366045238426408
148,1.0210068030019286,0.5894674587325028,0.8255654282760969,5.942881641209945,1.1134031491169645,1.9485520152944735,4.812091436875299,1.0,-1.3779088865444145,0.8045707532839551,-0.39919334920558674,0.6569359446720993,-3.14,2.3653873083320387
149,1.0215132890761067,0.5899920899516353,0.8258038501648646,5.942735076621141,1.1129037583023507,1.9484520744937568,4.811589222036661,1.0,-1.3785056417507817,0.8045011674495739,-0.3986391265998377,0.6570374223247886,-3.14,2.3647295058825795
150,1.0220196991044264,0.5905167625572254,0.826042056289281,5.942588379539422,1.112404304648974,1.9483523154588958,4.811087645008592,1.0,-1.3791019570740664,0.8044311018231022,-0.3980845642214287,0.6571385795700179,-3.14,2.364071829351557
151,1.0225260344144207,0.5910414778872676,0.826280047305497,5.942441549520998,1.1119047868784717,1.948252738199834,4.810586704366069,1.0,-1.379697835510901,0.8043605560262974,-0.3975296605395932,0.657239417960152,-3.14,2.3634142770236344
152,1.0230322963235994,0.5915662372707363,0.8265178238628696,5.9422945861230385,1.1114052037211033,1.9481533427300473,4.8100863987011335,1.0,-1.380293280039211,0.8042895296763756,-0.3969744140282007,0.6573399390378152,-3.14,2.362756847194682
153,1.0235384861393764,0.592091042027465,0.8267553866039675,5.9421474889037205,1.1109055539158588,1.948054129066584,4.809586726622955,1.0,-1.3808882936181817,0.804218022385989,-0.3964188231657805,0.6574401443358416,-3.14,2.3620995381718237
154,1.024044605159016,0.5926158934680511,0.8269927361645852,5.942000257422275,1.110405836210541,1.9479550972301043,4.809087686757874,1.0,-1.381482879188256,0.8041460337632068,-0.39586288643553297,0.6575400353772456,-3.14,2.3614423482734663
155,1.0245506546695986,0.5931407928937845,0.8272298731737611,5.941852891239016,1.109906049361829,1.9478562472449064,4.808589277749418,1.0,-1.3820770396711544,0.8040735634115006,-0.39530660232533316,0.657639613675207,-3.14,2.360785275829313
156,1.025056635948002,0.5936657415965905,0.8274667982538039,5.941705389915378,1.1094061921353278,1.9477575791389468,4.8080914982583,1.0,-1.382670777969913,0.8040006109297395,-0.39474996932772904,0.6577388807330721,-3.14,2.3601283191803604
157,1.0255625502608896,0.5941907408589937,0.827703512020317,5.941557753013942,1.1089062633055964,1.9476590929438606,4.807594346962402,1.0,-1.3832640969689436,0.8039271759121834,-0.39419298593992996,0.6578378380443668,-3.14,2.359471476678884
158,1.0260683988647195,0.5947157919540964,0.8279400150822308,5.941409980098447,1.1084062616561685,1.947560788694966,4.807097822556739,1.0,-1.3838569995341046,0.8038532579484856,-0.39363565066379436,0.6579364870928198,-3.14,2.358814746688414
159,1.0265741830057529,0.5952408961455613,0.8281763080418357,5.941262070733817,1.1079061859795647,1.9474626664312726,4.806601923753416,1.0,-1.3844494885127858,0.8037788566236959,-0.3930779620058097,0.6580348293523948,-3.14,2.3581581275837005
160,1.0270799039200793,0.5957660546876176,0.8284123914948174,5.941114024486167,1.1074060350772843,1.9473647261954865,4.806106649281573,1.0,-1.3850415667340055,0.8037039715182631,-0.39251991847706735,0.6581328662873311,-3.14,2.357501617750672
161,1.027585562833642,0.5962912688250636,0.8286482660302947,5.940965840922826,1.106905807759801,1.9472669680340047,4.805611997887323,1.0,-1.3856332370085145,0.8036286022080467,-0.3919615185932378,0.6582305993521911,-3.14,2.356845215586387
162,1.0280911609622745,0.5968165397932881,0.8288839322308584,5.940817519612322,1.1064055028465447,1.9471693919969146,4.805117968333673,1.0,-1.3862245021289097,0.8035527482643242,-0.39140276087454007,0.6583280299919118,-3.14,2.3561889194989787
163,1.0285966995117397,0.5973418688182883,0.8291193906726135,5.94066906012442,1.105905119165879,1.9470719981379838,4.804624559400455,1.0,-1.386815364869752,0.8034764092538067,-0.39084364384571196,0.6584251596418629,-3.14,2.355532727907598
164,1.0291021796777728,0.5978672571167025,0.8293546419252186,5.940520462030093,1.105404655555075,1.9469747865146563,4.8041317698842345,1.0,-1.3874058279876926,0.8033995847386476,-0.390284166035973,0.6585219897279084,-3.14,2.3548766392423484
165,1.0296076026461305,0.5983927058958405,0.8295896865519301,5.940371724901551,1.1049041108602768,1.9468777571880385,4.803639598598228,1.0,-1.3879958942216,0.8033222742764609,-0.3897243259789918,0.6586185216664711,-3.14,2.3542206519442215
166,1.03011296959264,0.5989182163537229,0.8298245251096442,5.940222848312228,1.1044034839364696,1.9467809102228883,4.803148044372211,1.0,-1.388585566292694,0.803244477420333,-0.3891641222128464,0.6587147568645999,-3.14,2.353564764465027
167,1.0306182816832525,0.5994437896791212,0.8300591581489413,5.940073831836784,1.1039027736474374,1.946684245687607,4.802657106052418,1.0,-1.389174846904681,0.8031661937188406,-0.3886035532799869,0.6588106967200402,-3.14,2.352908975267322
168,1.031123540074098,0.5999694270516006,0.8302935862141313,5.939924675051113,1.1034019788657257,1.9465877636542153,4.802166782501452,1.0,-1.3897637387438901,0.8030874227160698,-0.38804261772719895,0.6589063426213055,-3.14,2.3522532828243374
169,1.0316287459115447,0.6004951296415711,0.8305278098432944,5.939775377532322,1.1029010984725944,1.9464914641983457,4.801677072598179,1.0,-1.3903522444794143,0.8030081639516295,-0.3874813141055599,0.6590016959477507,-3.14,2.351597685619904
170,1.0321339003322514,0.6010208986103255,0.8307618295683288,5.939625938858753,1.1024001313579785,1.9463953473992268,4.801187975237634,1.0,-1.3909403667632485,0.802928416960673,-0.3869196409704022,0.6590967580696458,-3.14,2.350942182148376
171,1.0326390044632343,0.6015467351101018,0.8309956459149959,5.939476358609955,1.1018990764204355,1.9462994133396607,4.800699489330915,1.0,-1.3915281082304338,0.8028481812739136,-0.3863575968812696,0.6591915303482524,-3.14,2.3502867709145554
172,1.0331440594219194,0.602072640284124,0.8312292594029598,5.939326636366699,1.1013979325671022,1.9462036621060146,4.800211613805081,1.0,-1.3921154714991972,0.8027674564176435,-0.385795180401877,0.6592860141358987,-3.14,2.3496314504336144
173,1.033649066316209,0.6025986152666587,0.8314626705458372,5.939176771710969,1.1008966987136448,1.9461080937881972,4.799724347603051,1.0,-1.3927024591710941,0.8026862419137542,-0.38523239010007043,0.6593802107760561,-3.14,2.3489762192310186
174,1.0341540262445394,0.6031246611830683,0.8316958798512398,5.939026764225945,1.100395373784211,1.9460127084796428,4.799237689683497,1.0,-1.3932890738311505,0.8026045372797538,-0.38466922454778424,0.659474121603416,-3.14,2.3483210758424486
175,1.0346589402959419,0.60365077914986,0.8319288878208172,5.938876613496022,1.0998939567113806,1.9459175062772947,4.798751639020746,1.0,-1.3938753180480037,0.8025223420287874,-0.3841056823210009,0.6595677479439658,-3.14,2.347666018813723
176,1.0351638095501063,0.6041769702747454,0.8321616949503002,5.938726319106778,1.099392446436115,1.9458224872815852,4.798266194604672,1.0,-1.3944611943740448,0.8024396556696535,-0.38354176199970785,0.6596610911150662,-3.14,2.34701104670072
177,1.0356686350774413,0.6047032356566887,0.8323943017295489,5.938575880644993,1.0988908419077095,1.945727651596418,4.797781355440597,1.0,-1.3950467053455577,0.8023564777068269,-0.38297746216785866,0.6597541524255275,-3.14,2.3463561580693018
178,1.036173417939132,0.6052295763859638,0.8326267086425907,5.938425297698624,1.098389142083742,1.9456329993291515,4.797297120549184,1.0,-1.3956318534828598,0.8022728076404746,-0.3824127814133306,0.6598469331756854,-3.14,2.3457013514952365
179,1.0366781591872065,0.6057559935442072,0.8328589161676654,5.938274569856814,1.097887345930023,1.945538530590578,4.796813488966344,1.0,-1.3962166412904402,0.802188644966474,-0.3818477183278828,0.6599394346574777,-3.14,2.3450466255641205
180,1.0371828598645914,0.6062824882044705,0.8330909247772675,5.938123696709878,1.0973854524205489,1.9454442454949075,4.796330459743122,1.0,-1.3968010712570975,0.802103989176436,-0.38128227150711896,0.6600316581545186,-3.14,2.344391978871305
181,1.0376875210051757,0.6068090614312764,0.8333227349381898,5.937972677849295,1.0968834605374502,1.9453501441597465,4.7958480319456065,1.0,-1.3973851458560764,0.8020188397577207,-0.38071643955044493,0.6601236049421741,-3.14,2.3437374100218182
182,1.0381921436338664,0.6073357142806677,0.8335543471115626,5.937821512867718,1.0963813692709439,1.9452562267060851,4.795366204654829,1.0,-1.3979688675452038,0.8019331961934554,-0.38015022106102775,0.660215276287637,-3.14,2.3430829176302916
183,1.038696728766652,0.6078624478002647,0.833785761752898,5.9376702013589435,1.095879177619285,1.945162493258271,4.794884976966659,1.0,-1.3985522387670222,0.8018470579625551,-0.3795836146457582,0.6603066734499997,-3.14,2.3424285003208856
184,1.0392012774106556,0.6083892630293123,0.8340169793121266,5.9375187429179315,1.0953768845887184,1.9450689439440014,4.794404347991716,1.0,-1.3991352619489237,0.8017604245397382,-0.3790166189152093,0.6603977976803284,-3.14,2.3417741567272143
185,1.0397057905641995,0.608916160998737,0.8342480002336435,5.937367137140782,1.0948744891934306,1.9449755788942944,4.793924316855262,1.0,-1.3997179395032815,0.8016732953955483,-0.3784492324836001,0.660488650221735,-3.14,2.3411198854922746
186,1.0402102692168569,0.6094431427311942,0.834478824956346,5.937215383624734,1.0943719904555045,1.9448823982434793,4.793444882697109,1.0,-1.4003002738275798,0.8015856699963692,-0.3778814539687543,0.6605792323094494,-3.14,2.340465685268373
187,1.0407147143495126,0.609970209241121,0.8347094539136706,5.937063481968164,1.0938693874048704,1.9447894021291747,4.792966044671532,1.0,-1.400882267304544,0.8014975478044437,-0.3773132819920644,0.6606695451708905,-3.14,2.339811554717055
188,1.0412191269344166,0.6104973615347847,0.8349398875336371,5.9369114317705804,1.0933666790792624,1.9446965906922724,4.792487801947163,1.0,-1.401463922302267,0.8014089282778923,-0.3767447151784531,0.6607595900257369,-3.14,2.339157492509033
189,1.0417235079352414,0.6110246006103346,0.8351701262388855,5.936759232632603,1.0928638645241722,1.9446039640769208,4.792010153706905,1.0,-1.4020452411743374,0.8013198108707272,-0.3761757521563339,0.6608493680859971,-3.14,2.338503497324116
190,1.042227858307135,0.6115519274578463,0.8354001704467137,5.936606884155993,1.0923609427928038,1.9445115224305052,4.791533099147841,1.0,-1.4026262262599627,0.8012301950328753,-0.3756063915575785,0.6609388805560776,-3.14,2.337849567851143
191,1.042732178996778,0.6120793430593775,0.835630020569116,5.936454385943603,1.0918579129460293,1.9444192659036315,4.791056637481137,1.0,-1.4032068798840946,0.8011400802101897,-0.3750366320174766,0.6610281286328523,-3.14,2.3371957027879118
192,1.0432364709424338,0.6126068483890101,0.8358596770128225,5.936301737599402,1.0913547740523444,1.9443271946501124,4.790580767931959,1.0,-1.403787204357551,0.8010494658444685,-0.3744664721746997,0.6611171135057302,-3.14,2.336541900841113
193,1.043740735074005,0.6131344444128972,0.8360891401793334,5.936148938728466,1.0908515251878284,1.9442353088269464,4.79010548973938,1.0,-1.4043672019771352,0.8009583513734737,-0.37389591067126887,0.6612058363567213,-3.14,2.3358881607262627
194,1.0442449723130822,0.6136621320893124,0.8363184104649588,5.935995988936965,1.090348165436098,1.944143608594304,4.789630802156295,1.0,-1.4049468750257577,0.800866736230944,-0.3733249461525149,0.6612942983605039,-3.14,2.335234481167636
195,1.0447491835729985,0.614189912368695,0.8365474882608523,5.935842887832162,1.0898446938882684,1.944052094115507,4.78915670444933,1.0,-1.405526225772553,0.8007746198466155,-0.3727535772670481,0.6613825006844898,-3.14,2.3345808608982033
196,1.0452533697588777,0.6147177861936917,0.8367763739530502,5.9356896350224115,1.0893411096429109,1.9439607655570204,4.788683195898764,1.0,-1.4061052564729968,0.800682001646233,-0.37218180266671924,0.6614704444888887,-3.14,2.333927298659563
197,1.0457575317676877,0.6152457544992067,0.8370050679225035,5.935536230117152,1.0888374118060102,1.9438696230884287,4.788210275798437,1.0,-1.406683969369022,0.8005888810515682,-0.3716096210065877,0.6615581309267728,-3.14,2.3332737932018803
198,1.0462616704882863,0.6157738182124407,0.837233570545116,5.935382672726902,1.088333599490929,1.9437786668824235,4.787737943455672,1.0,-1.4072623666891322,0.8004952574804363,-0.37103703094488777,0.6616455611441401,-3.14,2.332620343283823
199,1.0467657868014744,0.616301978252938,0.8374618821917783,5.935228962463251,1.0878296718183642,1.9436878971147853,4.787266198191185,1.0,-1.407840450648514,0.8004011303467113,-0.3704640311429963,0.6617327362799761,-3.14,2.3319669476725005
200,1.0472698815800392,0.6168302355326243,0.8376900032284013,5.935075098938869,1.087325627916311,1.9435973139643727,4.786795039339016,1.0,-1.4084182234491498,0.800306499060339,-0.36989062026539676,0.661819657466317,-3.14,2.3313136051434005
201,1.0477739556888068,0.617358590955855,0.8379179340159515,5.934921081767481,1.0868214669200227,1.943506917613103,4.786324466246436,1.0,-1.408995687279927,0.8002113630273552,-0.3693167969796497,0.6619063258283102,-3.14,2.3306603144803297
202,1.048278009984684,0.6178870454194493,0.8381456749104846,5.934766910563886,1.0863171879719757,1.9434167082459366,4.785854478273875,1.0,-1.4095728443167468,0.8001157216498992,-0.36874255995635985,0.6619927424842748,-3.14,2.3300070744753545
203,1.0487820453167112,0.6184155998127374,0.8383732262631761,5.934612584943937,1.0858127902218293,1.9433266860508647,4.785385074794841,1.0,-1.4101496967226328,0.8000195743262289,-0.3681679078691438,0.6620789085457616,-3.14,2.3293538839287398
204,1.0492860625260998,0.6189442550175956,0.8386005884203593,5.934458104524546,1.0853082728263923,1.9432368512188916,4.784916255195844,1.0,-1.410726246647836,0.7999229204507358,-0.36759283939459936,0.6621648251176122,-3.14,2.3287007416488925
205,1.0497900624462853,0.6194730119084902,0.8388277617235521,5.93430346892367,1.084803634949583,1.943147203944026,4.784448018876317,1.0,-1.4113024962299419,0.7998257594139566,-0.3670173532122731,0.662250493298018,-3.14,2.328047646452302
206,1.0502940459029655,0.6200018713525127,0.8390547465094946,5.934148677760323,1.0842988757623997,1.9430577444232564,4.783980365248544,1.0,-1.4118784475939716,0.7997280906025921,-0.36644144800463146,0.662335914178577,-3.14,2.3273945971634853
207,1.0507980137141473,0.6205308342094181,0.8392815431101767,5.933993730654559,1.0837939944428818,1.9429684728565464,4.783513293737583,1.0,-1.4124541028524868,0.7996299133995187,-0.3658651224570309,0.6624210888443515,-3.14,2.3267415926149284
208,1.051301966690191,0.621059901331667,0.839508151852871,5.9338386272274715,1.083288990176076,1.9428793894468148,4.7830468037811915,1.0,-1.4130294641056906,0.7995312271838017,-0.36528837525768554,0.6625060183739249,-3.14,2.3260886316470333
209,1.0518059056338476,0.6215890735644555,0.8397345730601646,5.933683367101198,1.0827838621540062,1.9427904943999235,4.782580894829758,1.0,-1.4136045334415266,0.7994320313307113,-0.3647112050976414,0.6625907038394567,-3.14,2.3254357131080607
210,1.0523098313403079,0.6221183517457581,0.8399608070499892,5.9335279498989095,1.0822786095756352,1.9427017879246633,4.782115566346226,1.0,-1.4141793129357796,0.7993323252117336,-0.36413361067074335,0.6626751463067391,-3.14,2.324782835854077
211,1.0528137445972368,0.6226477367063608,0.8401868541356513,5.933372375244807,1.0817732316468363,1.9426132702327399,4.7816508178060255,1.0,-1.4147538046521726,0.7992321081945856,-0.363555590673609,0.66275934683525,-3.14,2.3241299987489006
212,1.0533176461848206,0.6231772292698952,0.8404127146258624,5.933216642764121,1.081267727580361,1.9425249415387609,4.781186648697001,1.0,-1.4153280106424637,0.7991313796432284,-0.36297714380559953,0.662843306478208,-3.14,2.3234772006640494
213,1.053821536875801,0.6237068302528753,0.8406383888247688,5.933060752083113,1.0807620965958058,1.9424368020602223,4.780723058519345,1.0,-1.4159019329465419,0.7990301389178801,-0.3623982687687916,0.6629270262826257,-3.14,2.3228244404786884
214,1.0543254174355203,0.6242365404647312,0.8408638770319822,5.932904702829064,1.0802563379195824,1.9423488520174959,4.7802600467855285,1.0,-1.4164755735925212,0.7989283853750284,-0.36181896426795007,0.663010507289362,-3.14,2.3221717170795775
215,1.0548292886219557,0.6247663607078406,0.8410891795426064,5.932748494630284,1.0797504507848885,1.9422610916338117,4.779797613020234,1.0,-1.4170489345968342,0.7988261183674444,-0.3612392290105006,0.6630937505331743,-3.14,2.321519029361021
216,1.0553331511857607,0.625296291777566,0.8413142966472664,5.93259212711609,1.0792444344316763,1.9421735211352533,4.779335756760287,1.0,-1.4176220179643253,0.7987233372441921,-0.3606590617065001,0.6631767570427712,-3.14,2.320866376224818
217,1.0558370058703035,0.6258263344622839,0.8415392286321405,5.9324355999168255,1.0787382881066234,1.942086140750735,4.778874477554593,1.0,-1.41819482568834,0.7986200413506467,-0.3600784610686157,0.6632595278408617,-3.14,2.3202137565802126
218,1.0563408534117011,0.6263564895434158,0.841763975778983,5.932278912663848,1.0782320110631063,1.9419989507119986,4.778413774964075,1.0,-1.4187673597508168,0.7985162300285006,-0.35949742581209215,0.6633420639442068,-3.14,2.3195611693438436
219,1.0568446945388588,0.6268867577954631,0.8419885383651563,5.932122064989524,1.0777256025611694,1.9419119512535947,4.7779536485616,1.0,-1.4193396221223755,0.7984119026157798,-0.35891595465472986,0.663424366363669,-3.14,2.3189086134396977
220,1.0573485299735064,0.6274171399860363,0.8422129166636564,5.931965056527234,1.0772190618674986,1.9418251426128703,4.777494097931927,1.0,-1.4199116147624051,0.798307058446855,-0.3583340463168585,0.6635064361042617,-3.14,2.3182560877990612
221,1.0578523604302328,0.6279476368758851,0.8424371109431398,5.931807886911365,1.0767123882553935,1.9417385250299615,4.77703512267164,1.0,-1.420483339619152,0.7982016968524506,-0.35775169952130864,0.6635882741651984,-3.14,2.3176035913604722
222,1.0583561866165216,0.628478249218927,0.8426611214679525,5.9316505557773125,1.0762055810047422,1.9416520987477761,4.776576722389081,1.0,-1.4210547986298045,0.7980958171596615,-0.3571689129933913,0.6636698815399394,-3.14,2.316951123069675
223,1.0588600092327882,0.6290089777622813,0.8428849484981534,5.931493062761475,1.0756986394019925,1.941565864011982,4.7761188967043005,1.0,-1.4216259937205789,0.7979894186919612,-0.35658568546087044,0.6637512592162412,-3.14,2.3162986818795734
224,1.0593638289724085,0.6295398232462904,0.8431085922895448,5.931335407501259,1.0751915627401292,1.9414798210709996,4.775661645248987,1.0,-1.4221969268068024,0.7978825007692142,-0.35600201565393885,0.6638324081762024,-3.14,2.3156462667501865
225,1.0598676465217582,0.6300707864045558,0.8433320530936945,5.931177589635072,1.0746843503186454,1.9413939701759846,4.775204967666413,1.0,-1.4227675997929978,0.7977750627076874,-0.35541790230519393,0.663913329396311,-3.14,2.314993876648602
226,1.0603714625602445,0.6306018679639617,0.843555331157964,5.931019608802318,1.0741770014435206,1.9413083115808203,4.774748863611377,1.0,-1.4233380145729648,0.7976671038200608,-0.3548333441496141,0.6639940238474904,-3.14,2.3143415105489327
227,1.0608752777603374,0.6311330686447023,0.8437784267255338,5.9308614646434075,1.073669515427194,1.941222845542104,4.774293332750142,1.0,-1.4239081730298606,0.7975586234154394,-0.354248339924535,0.6640744924951445,-3.14,2.313689167432273
228,1.061379092787602,0.6316643891603103,0.8440013400354269,5.930703156799744,1.073161891588543,1.9411375723191362,4.773838374760382,1.0,-1.4244780770362808,0.7974496207993632,-0.3536628883696265,0.6641547362992033,-3.14,2.313036846286656
229,1.0618829083007304,0.6321958302176814,0.8442240713225365,5.930544684913738,1.0726541292528577,1.9410524921739067,4.7733839893311245,1.0,-1.4250477284543384,0.7973400952738204,-0.35307698822687045,0.6642347562141669,-3.14,2.312384546107011
230,1.0623867249515788,0.6327273925171041,0.8444466208176479,5.930386048628783,1.072146227751818,1.9409676053710907,4.772930176162691,1.0,-1.425617129135743,0.797230046137253,-0.3524906382405349,0.6643145531891507,-3.14,2.311732265895119
231,1.0628905433851865,0.6332590767522802,0.8446689887474659,5.9302272475892766,1.0716381864234719,1.940882912178028,4.772476934966649,1.0,-1.4261862809218768,0.7971194726845728,-0.3519038371571552,0.6643941281679274,-3.14,2.3110800046595745
232,1.0633943642398176,0.6337908836103524,0.8448911753346354,5.930068281440609,1.0711300046122136,1.9407984128647198,4.7720242654657525,1.0,-1.4267551856438723,0.79700837420717,-0.3513165837255109,0.6644734820889713,-3.14,2.310427761415743
233,1.0638981881469842,0.6343228137719278,0.8451131807977701,5.929909149829169,1.0706216816687617,1.9407141077038115,4.771572167393891,1.0,-1.427323845122687,0.7968967499929236,-0.35072887669660413,0.6645526158855003,-3.14,2.3097755351857203
234,1.064402015731479,0.6348548679111047,0.8453350053514705,5.929749852402334,1.0701132169501348,1.9406299969705891,4.771120640496035,1.0,-1.4278922611691804,0.7967845993262078,-0.35014071482363424,0.6646315304855188,-3.14,2.3091233249982923
235,1.0649058476114033,0.6353870466954923,0.845556649206353,5.929590388808474,1.0696046098196361,1.9405460809429624,4.770669684528184,1.0,-1.428460435584185,0.7966719214879096,-0.3495520968619826,0.6647102268118588,-3.14,2.3084711298888956
236,1.0654096843981935,0.6359193507862352,0.845778112569068,5.9294307586969595,1.0690958596468298,1.9404623599014559,4.770219299257318,1.0,-1.429028370158581,0.7965587157554328,-0.3489630215691876,0.6647887057822208,-3.14,2.3078189488995795
237,1.0659135266966548,0.6364517808380399,0.8459993956423281,5.929270961718146,1.0685869658075184,1.9403788341292014,4.76976948446134,1.0,-1.4295960666733698,0.7964449814027091,-0.3483734877049239,0.6648669683092158,-3.14,2.3071667810789664
238,1.0664173751049835,0.6369843374991907,0.8462204986249257,5.9291109975233836,1.0680779276837302,1.940295503911921,4.769320239929031,1.0,-1.4301635268997421,0.7963307177002117,-0.34778349403098485,0.6649450153004045,-3.14,2.306514625482214
239,1.0669212302147957,0.637517021411577,0.8464414217117585,5.928950865765014,1.067568744663693,1.9402123695379256,4.7688715654600005,1.0,-1.430730752599152,0.7962159239149581,-0.347193039311258,0.6650228476583379,-3.14,2.305862481170978
240,1.0674250926111568,0.6380498332107102,0.8466621650938521,5.928790566096378,1.0670594161418194,1.9401294312980988,4.768423460864635,1.0,-1.4312977455233846,0.7961005993105257,-0.3466021223117083,0.6651004662805964,-3.14,2.3052103472133743
241,1.0679289628726032,0.6385827735257508,0.8468827289583803,5.928630098171797,1.0665499415186863,1.9400466894858868,4.767975925964048,1.0,-1.4318645074146263,0.7959847431470577,-0.3460107418003562,0.6651778720598294,-3.14,2.304558222683944
242,1.0684328415711737,0.6391158429795227,0.8471031134886875,5.9284694616465945,1.0660403202010187,1.9399641443972897,4.767528960590038,1.0,-1.432431040005532,0.7958683546812753,-0.3454188965472607,0.665255065883793,-3.14,2.3039061066636153
243,1.0689367292724306,0.6396490421885372,0.8473233188643114,5.928308656177083,1.0655305516016702,1.9398817963308546,4.767082564585036,1.0,-1.4329973450192934,0.795751433166483,-0.3448265853244965,0.6653320486353895,-3.14,2.303253998239669
244,1.0694406265354872,0.6401823717630107,0.8475433452610022,5.92814768142057,1.0650206351396083,1.9397996455876592,4.7666367378020595,1.0,-1.4335634241697048,0.7956339778525835,-0.34423380690613964,0.665408821192704,-3.14,2.302601896505703
245,1.0699445339130325,0.6407158323068879,0.8477631928507473,5.9279865370353555,1.0645105702398932,1.9397176924713067,4.76619148010467,1.0,-1.4341292791612301,0.7955159879860803,-0.34364056006824345,0.6654853844290421,-3.14,2.3019498005615984
246,1.070448451951356,0.6412494244178563,0.8479828618017877,5.927825222680732,1.0640003563336655,1.939635937287917,4.765746791366922,1.0,-1.434694911689067,0.7953974628100913,-0.34304684358882404,0.6655617392129679,-3.14,2.301297709513483
247,1.0709523811903687,0.6417831486873656,0.8482023522786433,5.927663738016994,1.0634899928581292,1.9395543803461133,4.765302671473326,1.0,-1.4352603234392116,0.7952784015643554,-0.34245265624783955,0.665637886408339,-3.14,2.3006456224737
248,1.071456322163633,0.6423170057006516,0.8484216644421287,5.927502082705418,1.0629794792565332,1.9394730219570144,4.7648591203187936,1.0,-1.435825516088523,0.7951588034852418,-0.34185799682717316,0.6657138268743441,-3.14,2.299993538560772
249,1.0719602753983792,0.6428509960367447,0.8486407984493793,5.927340256408292,1.0624688149781596,1.9393918624342283,4.764416137808604,1.0,-1.436390491304785,0.7950386678057586,-0.3412628641106145,0.6657895614655379,-3.14,2.2993414568993704
250,1.0724642414155312,0.6433851202684955,0.8488597544538659,5.927178258788892,1.0619579994783057,1.9393109020938368,4.763973723858355,1.0,-1.4369552507467689,0.7949179937555626,-0.3406672568838437,0.6658650910318772,-3.14,2.2986893766202807
251,1.072968220729731,0.6439193789625871,0.8490785326054175,5.927016089511497,1.0614470322182719,1.939230141254391,4.763531878393919,1.0,-1.4375197960642951,0.7947967805609661,-0.3400711739344118,0.6659404164187553,-3.14,2.2980372968603717
252,1.0734722138493586,0.6444537726795551,0.8492971330502415,5.926853748241381,1.0609359126653441,1.9391495802369019,4.763090601351405,1.0,-1.438084128898294,0.7946750274449459,-0.33947461405172463,0.6660155384670373,-3.14,2.2973852167625632
253,1.073976221276553,0.6449883019738009,0.8495155559309427,5.926691234644821,1.0604246402927842,1.9390692193648273,4.762649892677116,1.0,-1.4386482508808656,0.7945527336271524,-0.33887757602702623,0.6660904580130941,-3.14,2.296733135475795
254,1.0744802435072371,0.6455229673936109,0.8497338013865405,5.926528548389092,1.0599132145798116,1.9389890589640677,4.762209752327505,1.0,-1.4392121636353397,0.7944298983239166,-0.3382800586533813,0.6661651758888365,-3.14,2.2960810521549955
255,1.0749842810311356,0.6460577694811689,0.8499518695524921,5.926365689142479,1.059401635011594,1.9389090993629532,4.761770180269138,1.0,-1.4397758687763331,0.7943065207482605,-0.33768206072565976,0.6662396929217483,-3.14,2.295428965961051
256,1.0754883343317958,0.6465927087725729,0.850169760560708,5.926202656574267,1.058889901079232,1.9388293408922395,4.761331176478652,1.0,-1.44033936790981,0.7941826001099008,-0.3370835810405184,0.6663140099349205,-3.14,2.294776876060776
257,1.0759924038866102,0.6471277857978518,0.850387474539573,5.926039450354748,1.0583780122797464,1.9387497838850944,4.760892740942718,1.0,-1.4409026626331383,0.7940581356152601,-0.33648461839638544,0.6663881277470834,-3.14,2.2941247816268833
258,1.0764964901668352,0.6476630010809779,0.8506050116139636,5.925876070155217,1.0578659681160671,1.938670428677093,4.760454873657995,1.0,-1.441465754535146,0.7939331264674745,-0.3358851715934457,0.6664620471726397,-3.14,2.293472681837954
259,1.077000593637611,0.6481983551398803,0.850822371905268,5.925712515647986,1.057353768097022,1.9385912756062025,4.760017574631099,1.0,-1.4420286451961768,0.7938075718664045,-0.3352852394336266,0.6665357690216955,-3.14,2.2928205758784106
260,1.07750471475798,0.648733848486461,0.8510395555314022,5.925548786506371,1.0568414117373226,1.9385123250127838,4.759580843878562,1.0,-1.4425913361881484,0.7936814710086335,-0.33468482072057576,0.6666092941000942,-3.14,2.2921684629384855
261,1.0780088539809078,0.6492694816266077,0.8512565626068302,5.925384882404703,1.056328898557555,1.9384335772395727,4.759144681426793,1.0,-1.4431538290746035,0.7935548230874867,-0.33408391425965467,0.666682623209446,-3.14,2.2915163422141944
262,1.0785130117532995,0.6498052550602066,0.8514733932425808,5.925220803018331,1.055816228084167,1.9383550326316792,4.758709087312044,1.0,-1.443716125410767,0.7934276272930302,-0.3334825188579163,0.6667557571471606,-3.14,2.290864212907308
263,1.0790171885160211,0.6503411692811559,0.8516900475462656,5.925056548023613,1.0553033998494603,1.938276691536574,4.7582740615803685,1.0,-1.4442782267435983,0.7932998828120843,-0.3328806333240951,0.6668286967064769,-3.14,2.2902120742253245
264,1.079521384703915,0.6508772247773771,0.8519065256220973,5.924892117097932,1.0547904133915778,1.9381985543040816,4.75783960428759,1.0,-1.4448401346118442,0.7931715888282265,-0.33227825646858866,0.6669014426764944,-3.14,2.2895599253814436
265,1.0800256007458187,0.6514134220308304,0.8521228275709061,5.924727509919687,1.0542772682544925,1.9381206212863753,4.757405715499265,1.0,-1.4454018505460922,0.7930427445218019,-0.3316753871034458,0.6669739958422031,-3.14,2.288907765594537
266,1.0805298370645824,0.6519497615175212,0.8523389534901578,5.924562726168301,1.053763963988003,1.9380428928379638,4.756972395290644,1.0,-1.4459633760688206,0.7929133490699298,-0.3310720240423514,0.667046356984513,-3.14,2.288255594089125
267,1.081034094077084,0.6524862437075155,0.8525549034739719,5.924397765524231,1.0532505001477188,1.937965369315683,4.756539643746644,1.0,-1.4465247126944516,0.7927834016465116,-0.3304681661006126,0.6671185268802842,-3.14,2.287603410095348
268,1.0815383721942506,0.6530228690649537,0.8527706776131351,5.924232627668947,1.0527368762950506,1.9378880510786978,4.756107460961805,1.0,-1.4470858619294016,0.7926529014222334,-0.3298638120951417,0.6671905063023567,-3.14,2.2869512128489426
269,1.0820426718210712,0.6535596380480557,0.8529862759951229,5.924067312284954,1.0522230919972075,1.9378109384884783,4.755675847040262,1.0,-1.4476468252721295,0.792521847564581,-0.3292589608444482,0.667262296019578,-3.14,2.286299001591215
270,1.0825469933566119,0.6540965511091333,0.8532016987041119,5.923901819055796,1.0517091468271835,1.937734031908805,4.755244802095712,1.0,-1.4482076042131882,0.7923902392378399,-0.3286536111686202,0.6673338967968329,-3.14,2.285646775569016
271,1.0830513371940356,0.6546336086946037,0.853416945821,5.923736147666046,1.0511950403637498,1.9376573317057548,4.754814326251377,1.0,-1.4487682002352726,0.7922580756031059,-0.32804776188931284,0.6674053093950716,-3.14,2.284994534034717
272,1.083555703720615,0.6551708112449962,0.8536320174234212,5.923570297801315,1.0506807721914488,1.9375808382476933,4.754384419639972,1.0,-1.4493286148132678,0.7921253558182926,-0.3274414118297366,0.6674765345713373,-3.14,2.284342276246185
273,1.0840600933177498,0.655708159194963,0.8538469135857603,5.923404269148253,1.0501663419005853,1.9375045519052683,4.7539550824036745,1.0,-1.4498888494142963,0.791992079038137,-0.3268345598146427,0.6675475730787944,-3.14,2.2836900014667596
274,1.0845645063609768,0.6562456529732867,0.8540616343791728,5.923238061394562,1.04965174908722,1.9374284730514006,4.753526314694094,1.0,-1.4504489054977667,0.791858244414205,-0.32622720467030913,0.6676184256667562,-3.14,2.283037708965227
275,1.0850689432199936,0.6567832930028952,0.8542761798715972,5.9230716742289795,1.0491369933531591,1.9373526020612786,4.753098116672232,1.0,-1.45100878451542,0.7917238510949005,-0.32561934522453,0.667689093080712,-3.14,2.282385398015799
276,1.085573404258663,0.6573210797008632,0.8544905501277726,5.922905107341298,1.048622074305953,1.9372769393123488,4.752670488508464,1.0,-1.4515684879113746,0.7915888982254708,-0.3250109803066022,0.6677595760623536,-3.14,2.281733067898089
277,1.086077889835034,0.6578590134784251,0.854704745209256,5.922738360422362,1.0481069915588854,1.9372014851843076,4.752243430382497,1.0,-1.4521280171221729,0.7914533849480139,-0.32440210874731257,0.6678298753496024,-3.14,2.281080717897088
278,1.0865824003013527,0.658397094740982,0.8549187651744325,5.92257143316407,1.04759174473097,1.9371262400590952,4.7518169424833445,1.0,-1.4526873735768262,0.7913173104014841,-0.323792729378927,0.6678999916766357,-3.14,2.280428347303145
279,1.0870869360040771,0.6589353238881104,0.8551326100785378,5.922404325259381,1.0470763334469413,1.9370512043208876,4.751391025009298,1.0,-1.453246558696859,0.7911806737216998,-0.32318284103517686,0.6679699257739128,-3.14,2.2797759554119414
280,1.0875914972838894,0.6594737013135689,0.8553462799736685,5.922237036402313,1.0465607573372526,1.9369763783560876,4.7509656781678915,1.0,-1.4538055738963533,0.7910434740413497,-0.32257244255124873,0.6680396783682007,-3.14,2.279123541524472
281,1.0880960844757108,0.6600122274053044,0.8555597749087998,5.922069566287956,1.0460450160380685,1.9369017625533202,4.75054090217588,1.0,-1.4543644205819921,0.7909057104899991,-0.3219615327637719,0.6681092501825996,-3.14,2.2784711049470223
282,1.0886006979087117,0.6605509025454634,0.8557730949297983,5.921901914612457,1.04552910919126,1.9368273573034218,4.750116697259203,1.0,-1.454923100153102,0.7907673821940957,-0.3213501105108069,0.6681786419365688,-3.14,2.2778186449911466
283,1.0891053379063256,0.6610897271103939,0.8559862400794388,5.921734081073049,1.0450130364443992,1.9367531629994357,4.749693063652962,1.0,-1.4554816140016962,0.7906284882769768,-0.3207381746318344,0.6682478543459509,-3.14,2.2771661609736484
284,1.0896100047862616,0.6616287014706543,0.8561992103974202,5.921566065368035,1.044496797450757,1.9366791800366028,4.7492700016013885,1.0,-1.4560399635125163,0.7904890278588752,-0.3201257239677436,0.6683168881229973,-3.14,2.276513652216559
285,1.0901146988605153,0.6621678259910203,0.8564120059203761,5.9213978671967915,1.043980391869296,1.9366054088123563,4.748847511357818,1.0,-1.4565981500630747,0.7903490000569241,-0.3195127573608205,0.6683857439763924,-3.14,2.275861118047117
286,1.0906194204353832,0.6627071010304897,0.8566246266818935,5.921229486259787,1.0434638193646673,1.9365318497263115,4.7484255931846615,1.0,-1.4571561750236939,0.7902084039851668,-0.3188992736547399,0.6684544226112777,-3.14,2.275208557797748
287,1.0911241698114698,0.6632465269422877,0.8568370727125265,5.921060922258572,1.0429470796072082,1.9364585031802601,4.74800424735338,1.0,-1.457714039757548,0.79006723875456,-0.318285271694552,0.6685229247292762,-3.14,2.274555970806047
288,1.091628947283702,0.6637861040738728,0.8570493440398078,5.920892174895797,1.0424301722729366,1.9363853695781634,4.747583474144458,1.0,-1.458271745620703,0.7899255034729813,-0.31767075032667363,0.6685912510285159,-3.14,2.2739033564147553
289,1.0921337531413393,0.6643258327669425,0.8572614406882665,5.9207232438751936,1.0419130970435495,1.9363124493261452,4.747163273847372,1.0,-1.4588292939621568,0.7897831972452324,-0.31705570839887415,0.6686594022036538,-3.14,2.2732507139717435
290,1.0926385876679856,0.664865713357439,0.8574733626794396,5.9205541289016015,1.0413958536064176,1.9362397428324822,4.746743646760572,1.0,-1.4593866861238767,0.78964031917305,-0.31644014476027094,0.6687273789458984,-3.14,2.2725980428299932
291,1.0931434511415956,0.6654057461755498,0.857685110031889,5.9203848296809625,1.0408784416545862,1.9361672505076015,4.74632459319145,1.0,-1.4599439234408396,0.7894968683551078,-0.3158240582613151,0.6687951819430333,-3.14,2.271945342347577
292,1.0936483438344893,0.6659459315457166,0.8578966827612119,5.920215345920329,1.0403608608867683,1.9360949727640686,4.745906113456319,1.0,-1.4605010072410698,0.7893528438870241,-0.31520744775378284,0.6688628118794402,-3.14,2.27129261188764
293,1.0941532660133615,0.6664862697866385,0.8581080808800569,5.920045677327853,1.0398431110073456,1.9360229100165833,4.74548820788038,1.0,-1.461057938845677,0.7892082448613666,-0.3145903120907652,0.6689302694361211,-3.14,2.2706398508183816
294,1.0946582179392892,0.6670267612112736,0.8583193043981373,5.919875823612815,1.0393251917263653,1.9359510626819716,4.74507087679771,1.0,-1.461614719568893,0.7890630703676602,-0.3139726501266593,0.6689975552907207,-3.14,2.2699870585130397
295,1.0951631998677411,0.6675674061268436,0.8585303533222446,5.91970578448561,1.038807102759539,1.9358794311791785,4.744654120551226,1.0,-1.4621713507181089,0.7889173194923916,-0.3133544607171586,0.6690646701175484,-3.14,2.2693342343498704
296,1.0956682120485914,0.6681082048348385,0.8587412276562616,5.9195355596577635,1.0382888438282394,1.9358080159292614,4.744237939492665,1.0,-1.4627278335939113,0.788770991319015,-0.31273574271924304,0.6691316145876007,-3.14,2.268681377712132
297,1.0961732547261225,0.6686491576310187,0.8589519274011751,5.91936514884192,1.0377704146595006,1.935736817355385,4.743822333982561,1.0,-1.4632841694901195,0.7886240849279565,-0.3121164949911691,0.6691983893685826,-3.14,2.2680284879880688
298,1.0966783281390384,0.6691902648054172,0.8591624525550929,5.9191945517518665,1.037251814986018,1.9356658358828083,4.743407304390221,1.0,-1.4638403596938192,0.7884765993966246,-0.3114967163924638,0.6692649951249285,-3.14,2.2673755645708917
299,1.0971834325204706,0.6697315266423435,0.8593728031132529,5.9190237681025275,1.0367330445461433,1.9355950719388857,4.742992851093701,1.0,-1.4643964054853986,0.78832853379941,-0.31087640578391235,0.6693314325178246,-3.14,2.266722606858764
300,1.0976885680979873,0.6702729434203839,0.8595829790680364,5.918852797609966,1.0362141030838905,1.9355245259530542,4.742578974479784,1.0,-1.4649523081385838,0.7881798872076943,-0.3102555620275502,0.6693977022052285,-3.14,2.266069614254784
301,1.098193735093603,0.6708145154124066,0.8597929804089844,5.918681639991401,1.0356949903489274,1.9354541983568303,4.742165674943956,1.0,-1.4655080689204718,0.7880306586898563,-0.3096341839866565,0.6694638048418914,-3.14,2.2654165861669693
302,1.0986989337237831,0.6713562428855606,0.8600028071228073,5.918510294965197,1.0351757060965838,1.9353840895837986,4.741752952890384,1.0,-1.4660636890915653,0.787880847311276,-0.3090122705257427,0.6695297410793776,-3.14,2.2647635220082414
303,1.0992041641994543,0.6718981261012787,0.8602124591933997,5.918338762250885,1.0346562500878451,1.93531420006961,4.741340808731898,1.0,-1.4666191699058055,0.7877304521343402,-0.3083898205105462,0.6695955115660853,-3.14,2.264110421196409
304,1.0997094267260108,0.6724401653152795,0.8604219366018513,5.918167041569151,1.0341366220893562,1.935244530251972,4.740929242889959,1.0,-1.467174512610606,0.7875794722184489,-0.30776683280802103,0.6696611169472672,-3.14,2.2634572831541533
305,1.1002147215033216,0.6729823607775673,0.860631239326462,5.917995132641853,1.033616821873421,1.9351750805706418,4.74051825579465,1.0,-1.4677297184468843,0.7874279066200197,-0.30714330628632974,0.6697265578650495,-3.14,2.2628041073090133
306,1.1007200487257387,0.6735247127324343,0.8608403673427526,5.917823035192018,1.033096849218003,1.935105851467422,4.740107847884645,1.0,-1.4682847886490953,0.787275754392495,-0.3065192398148363,0.6697918349584525,-3.14,2.2621508930933705
307,1.1012254085821007,0.6740672214184567,0.8610493206234777,5.917650748943864,1.0325767039067282,1.9350368433861493,4.739698019607194,1.0,-1.4688397244452616,0.7871230145863473,-0.3058946322640989,0.6698569488634093,-3.14,2.2614976399444346
308,1.1017308012557434,0.6746098870685041,0.8612580991386382,5.917478273622782,1.0320563857288816,1.9349680567726917,4.7392887714180985,1.0,-1.4693945270570072,0.786969686249081,-0.30526948250585906,0.6699219002127861,-3.14,2.260844347304229
309,1.1022362269245034,0.6751527099097312,0.8614667028554931,5.9173056089553535,1.0315358944794142,1.9348994920749418,4.738880103781693,1.0,-1.4699491976995869,0.7868157684252424,-0.30464378941303705,0.6699866896364008,-3.14,2.2601910146195756
310,1.1027416857607248,0.6756956901635821,0.8616751317385738,5.917132754669355,1.031015229958942,1.9348311497428075,4.7384720171708254,1.0,-1.4705037375819165,0.7866612601564229,-0.3040175518597238,0.670051317761042,-3.14,2.2595376413420833
311,1.103247177931265,0.6762388280457865,0.8618833857496938,5.9169597104937734,1.0304943919737481,1.9347630302282066,4.738064512066836,1.0,-1.471058147906605,0.7865061604812646,-0.3033907687211726,0.6701157852104878,-3.14,2.258884226928132
312,1.1037527035975025,0.676782123766366,0.8620914648479617,5.9167864761587845,1.0299733803357842,1.93469513398506,4.737657588959534,1.0,-1.4716124298699829,0.7863504684354654,-0.30276343887379303,0.6701800926055242,-3.14,2.25823077083886
313,1.104258262915338,0.6773255775296249,0.8622993689897941,5.9166130513957915,1.0294521948626745,1.9346274614692864,4.737251248347188,1.0,-1.4721665846621326,0.7861941830517847,-0.3021355611951433,0.670244240563964,-3.14,2.257577272540152
314,1.1047638560352047,0.6778691895341551,0.8625070981289255,5.916439435937406,1.0289308353777173,1.934560013138792,4.736845490736496,1.0,-1.472720613466917,0.7860373033600488,-0.30150713456392364,0.6703082297006644,-3.14,2.256923731502624
315,1.1052694831020684,0.6784129599728326,0.862714652216423,5.916265629517467,1.028409301709888,1.934492789453468,4.7364403166425735,1.0,-1.4732745174620088,0.7858798283871555,-0.300878157859969,0.6703720606275451,-3.14,2.256270147201611
316,1.1057751442554387,0.6789568890328181,0.8629220312006942,5.916091631871036,1.0278875936938414,1.9344257908751818,4.736035726588931,1.0,-1.473828297818919,0.7857217571570791,-0.3002486299642426,0.6704357339536063,-3.14,2.255616519117156
317,1.106280839629367,0.6795009768955519,0.8631292350275033,5.915917442734422,1.0273657111699157,1.93435901786777,4.735631721107459,1.0,-1.4743819557030242,0.7855630886908781,-0.29961854975882996,0.6704992502849464,-3.14,2.2549628467339966
318,1.1067865693524555,0.6800452237367554,0.8633362636399807,5.915743061845162,1.0268436539841364,1.9342924708970328,4.735228300738405,1.0,-1.4749354922735949,0.7854038220066971,-0.29898791612693165,0.6705626102247791,-3.14,2.254309129541552
319,1.10729233354786,0.680589629726427,0.8635431169786328,5.915568488942047,1.0263214219882186,1.934226150430726,4.73482546603036,1.0,-1.4754889086838225,0.7852439561197743,-0.2983567279528577,0.6706258143734509,-3.14,2.253655367033912
320,1.1077981323332933,0.6811341950288406,0.8637497949813575,5.915393723765125,1.0257990150395717,1.9341600569385566,4.7344232175402405,1.0,-1.4760422060808471,0.7850834900424444,-0.2977249841220194,0.6706888633284581,-3.14,2.253001558709826
321,1.1083039658210305,0.6816789198025442,0.8639562975834514,5.915218766055695,1.0252764330013027,1.9340941908921736,4.734021555833268,1.0,-1.476595385605783,0.7849224227841464,-0.29709268352092627,0.6707517576844638,-3.14,2.252347704072691
322,1.1088098341179122,0.6822238042003543,0.864162624717625,5.915043615556328,1.024753675742221,1.9340285527651653,4.733620481482952,1.0,-1.4771484483937458,0.7847607533514261,-0.2964598250371773,0.6708144980333146,-3.14,2.2516938026305393
323,1.1093157373253477,0.682768848369356,0.8643687763140107,5.9148682720108665,1.0242307431368438,1.933963143033046,4.733219995071077,1.0,-1.477701395573878,0.7845984807479441,-0.2958264075594577,0.6708770849640571,-3.14,2.251039853896028
324,1.10982167553932,0.6833140524508989,0.8645747523001772,5.9146927351644285,1.023707635065398,1.9338979621732562,4.732820097187679,1.0,-1.4782542282693747,0.7844356039744791,-0.2951924299775311,0.6709395190629541,-3.14,2.250385857386429
325,1.1103276488503873,0.6838594165805933,0.8647805526011382,5.914517004763416,1.023184351413828,1.9338330106651516,4.732420788431034,1.0,-1.4788069475975085,0.7842721220289327,-0.29455789118223463,0.6710018009135015,-3.14,2.2497318126236174
326,1.1108336573436834,0.6844049408883042,0.864986177139365,5.9143410805555385,1.0226608920737994,1.9337682889899992,4.732022069407644,1.0,-1.479359554669655,0.7841080339063352,-0.2939227900654733,0.6710639310964434,-3.14,2.249077719134062
327,1.111339701098928,0.6849506254981557,0.8651916258347965,5.91416496228978,1.0221372569427023,1.9337037976309706,4.731623940732212,1.0,-1.4799120505913177,0.7839433385988487,-0.2932871255202136,0.6711259101897888,-3.14,2.2484235764488125
328,1.111845780190423,0.685496470528517,0.8653968986048514,5.913988649716442,1.0216134459236623,1.9336395370731307,4.731226403027631,1.0,-1.4804644364621504,0.7837780350957779,-0.2926508964404818,0.6711877387688268,-3.14,2.247769384103494
329,1.1123518946870552,0.6860424760920045,0.8656019953644395,5.913812142587144,1.0210894589255395,1.933575507803437,4.7308294569249725,1.0,-1.4810167133759833,0.7836121223835679,-0.29201410172135417,0.6712494174061423,-3.14,2.247115141638292
330,1.1128580446523026,0.6865886422954752,0.8658069160259694,5.913635440654812,1.020565295862939,1.933511710310733,4.730433103063462,1.0,-1.4815688824208455,0.7834455994458124,-0.2913767402589541,0.6713109466716317,-3.14,2.246460848597947
331,1.1133642301442332,0.6871349692400237,0.866011660499364,5.9134585436737055,1.020040956656215,1.9334481450857335,4.73003734209047,1.0,-1.482120944678988,0.7832784652632624,-0.29073881095044957,0.6713723271325174,-3.14,2.245806504531742
332,1.113870451215508,0.6876814570209753,0.8662162286920676,5.913281451399414,1.019516441231477,1.9333848126210285,4.729642174661494,1.0,-1.4826729012269075,0.7831107188138233,-0.2901003126940425,0.6714335593533636,-3.14,2.245152108993495
333,1.1143767079133815,0.6882281057278822,0.8664206205090598,5.913104163588869,1.0189917495205973,1.9333217134110696,4.729247601440145,1.0,-1.4832247531353686,0.7829423590725669,-0.28946124438896936,0.6714946438960907,-3.14,2.2444976615415495
334,1.1148830002797059,0.6887749154445195,0.8666248358528629,5.912926680000345,1.018466881461216,1.9332588479521668,4.728853623098131,1.0,-1.483776501469426,0.7827733850117322,-0.28882160493549325,0.6715555813199907,-3.14,2.2438431617387646
335,1.11538932835093,0.6893218862488775,0.8668288746235547,5.912749000393472,1.017941836996749,1.9331962167424794,4.728460240315244,1.0,-1.4843281472884462,0.7826037956007335,-0.2881813932349022,0.6716163721817409,-3.14,2.243188609152508
336,1.1158956921581022,0.6898690182131572,0.8670327367187801,5.912571124529242,1.0174166160763958,1.9331338202820105,4.728067453779344,1.0,-1.48487969164613,0.7824335898061625,-0.28754060818950183,0.6716770170354188,-3.14,2.2425340033546464
337,1.1164020917268707,0.690416311403765,0.8672364220337578,5.912393052170016,1.0168912186551438,1.9330716590726014,4.727675264186347,1.0,-1.4854311355905332,0.7822627665917951,-0.2868992487026129,0.6717375164325167,-3.14,2.241879343921537
338,1.1169085270774826,0.6909637658813056,0.8674399304612957,5.91221478307953,1.0163656446937788,1.9330097336179242,4.727283672240208,1.0,-1.485982480164088,0.7820913249185951,-0.28625731367856627,0.6717978709219552,-3.14,2.2412246304340204
339,1.117414998224789,0.6915113817005774,0.8676432618917971,5.9120363170229036,1.0158398941588902,1.9329480444234737,4.726892678652909,1.0,-1.4865337264036234,0.7819192637447213,-0.28561480202269973,0.6718580810500978,-3.14,2.240569862477411
340,1.1179215051782418,0.6920591589105645,0.8678464162132744,5.911857653766649,1.0153139670228808,1.932886591996561,4.726502284144446,1.0,-1.4870848753403856,0.7817465820255305,-0.28497171264135324,0.6719181473607642,-3.14,2.2399150396414913
341,1.1184280479418958,0.6926070975544306,0.8680493933113584,5.911678793078676,1.014787863263973,1.9328253768463102,4.72611248944281,1.0,-1.487635928000059,0.7815732787135824,-0.28432804444186494,0.6719780703952443,-3.14,2.239260161520502
342,1.118934626514409,0.6931551976695145,0.8682521930693063,5.911499734728298,1.0142615828662171,1.9327643994836479,4.7257232952839825,1.0,-1.4881868854027855,0.7813993527586456,-0.28368379633256746,0.6720378506923118,-3.14,2.238605227713137
343,1.1194412408890404,0.6937034592873198,0.8684548153680169,5.9113204784862425,1.013735125819501,1.9327036604212968,4.7253347024119146,1.0,-1.488737748563183,0.7812248031077026,-0.2830389672227851,0.6720974887882374,-3.14,2.2379502378225338
344,1.119947891053654,0.6942518824335079,0.868657260086037,5.911141024124667,1.0132084921195579,1.932643160173771,4.724946711578518,1.0,-1.489288518490366,0.7810496287049551,-0.2823935560228301,0.6721569852168018,-3.14,2.237295191456268
345,1.1204545769907153,0.6948004671278948,0.8688595270995726,5.910961371417146,1.0126816817679738,1.9325828992573688,4.72455932354365,1.0,-1.4898391961879647,0.7808738284918261,-0.28174756164399684,0.6722163405093098,-3.14,2.2366400882263466
346,1.1209612986772914,0.6953492133844386,0.8690616162824996,5.910781520138702,1.0121546947721984,1.9325228781901629,4.724172539075102,1.0,-1.490389782654142,0.7806974014069693,-0.28110098299856234,0.6722755551946019,-3.14,2.235984927749199
347,1.121468056085052,0.6958981212112355,0.8692635275063739,5.910601470065795,1.0116275311455523,1.9324630974919985,4.723786358948588,1.0,-1.4909402788816142,0.7805203463862694,-0.2804538189997788,0.6723346297990683,-3.14,2.235329709645673
348,1.121974849180267,0.6964471906105093,0.8694652606404418,5.910421220976345,1.0111001909072372,1.9324035576844836,4.72340078394773,1.0,-1.4914906858576673,0.7803426623628502,-0.27980606856187284,0.6723935648466611,-3.14,2.2346744335410276
349,1.1224816779238072,0.6969964215786048,0.8696668155516488,5.910240772649731,1.0105726740823455,1.932344259290982,4.723015814864044,1.0,-1.4920410045641748,0.7801643482670809,-0.27915773060004456,0.6724523608589066,-3.14,2.2340190990649265
350,1.1229885422711405,0.6975458141059796,0.8698681921046522,5.910060124866801,1.010044980701869,1.9322852028366073,4.722631452496934,1.0,-1.4925912359776166,0.7799854030265763,-0.27850880403045924,0.672511018354918,-3.14,2.2333637058514317
351,1.123495442172334,0.6980953681771941,0.8700693901618276,5.909879277409884,1.00951711080271,1.9322263888482152,4.722247697653675,1.0,-1.4931413810690948,0.7798058255662047,-0.2778592877702479,0.6725695378514079,-3.14,2.2327082535389993
352,1.1240023775720518,0.6986450837709062,0.8702704095832826,5.909698230062791,1.008989064427688,1.9321678178543997,4.7218645511494,1.0,-1.4936914408043518,0.7796256148080938,-0.2772091807375045,0.6726279198627003,-3.14,2.232052741770471
353,1.1245093484095519,0.6991949608598579,0.8704712502268646,5.909516982610834,1.0084608416255552,1.932109490385481,4.721482013807095,1.0,-1.4942414161437856,0.7794447696716342,-0.2765584818512828,0.672686164900742,-3.14,2.2313971701930724
354,1.1250163546186864,0.6997449994108715,0.8706719119481712,5.909335534840818,1.0079324424510006,1.9320514069735046,4.7211000864575805,1.0,-1.4947913080424682,0.7792632890734831,-0.2759071900315916,0.6727442734751156,-3.14,2.230741538458403
355,1.125523396127899,0.7002951993848344,0.8708723946005609,5.909153886541074,1.0074038669646666,1.9319935681522276,4.720718769939503,1.0,-1.4953411174501587,0.7790811719275738,-0.2752553041993971,0.67280224609305,-3.14,2.230085846222435
356,1.1260304728602228,0.7008455607366958,0.871072698035162,5.908972037501442,1.006875115233154,1.9319359744571183,4.720338065099325,1.0,-1.4958908453113227,0.7788984171451157,-0.2746028232766158,0.6728600832594331,-3.14,2.2294300931455067
357,1.1265375847332786,0.701396083415453,0.8712728221008829,5.908789987513299,1.0063461873290365,1.9318786264253458,4.719957972791312,1.0,-1.4964404925651449,0.7787150236346019,-0.27394974618611423,0.6729177854768229,-3.14,2.228774278892317
358,1.127044731659274,0.7019467673641436,0.8714727666444221,5.908607736369554,1.0058170833308704,1.9318215245957726,4.719578493877521,1.0,-1.496990060145546,0.7785309903018143,-0.27329607185170723,0.6729753532454583,-3.14,2.2281184031319214
359,1.1275519135449972,0.702497612519835,0.8716725315102786,5.9084252838646645,1.0052878033232058,1.9317646695089492,4.719199629227792,1.0,-1.4975395489811976,0.7783463160498264,-0.27264179919815323,0.6730327870632714,-3.14,2.2274624655377275
360,1.12805913029182,0.7030486188136148,0.8718721165407596,5.908242629794644,1.0047583473965966,1.9317080617071096,4.718821379719736,1.0,-1.4980889599955367,0.7781609997790111,-0.271986927151155,0.6730900874258977,-3.14,2.2268064657874906
361,1.1285663817956895,0.703599786170579,0.872071521575994,5.908059773957073,1.0042287156476166,1.9316517017341543,4.718443746238721,1.0,-1.4986382941067793,0.7779750403870463,-0.27133145463735836,0.6731472548266872,-3.14,2.226150403563309
362,1.1290736679471305,0.704151114509825,0.8722707464539382,5.9078767161511,1.0036989081788636,1.9315955901356572,4.7180667296778696,1.0,-1.4991875522279368,0.7777884367689152,-0.2706753805843457,0.673204289756716,-3.14,2.22549427855162
363,1.1295809886312371,0.704702603744436,0.8724697910103891,5.907693456177462,1.0031689250989793,1.9315397274588468,4.717690330938041,1.0,-1.4997367352668276,0.7776011878169162,-0.2700187039206388,0.6732611927047959,-3.14,2.224838090443196
364,1.1300883437276763,0.7052542537814759,0.8726686550789906,5.907509993838483,1.0026387665226544,1.9314841142526062,4.717314550927823,1.0,-1.500285844126093,0.7774132924206666,-0.26936142357569576,0.6733179641574859,-3.14,2.2241818389331423
365,1.1305957331106797,0.7058060645219738,0.872867338491248,5.907326328938089,1.0021084325706453,1.9314287510674626,4.7169393905635255,1.0,-1.5008348797032087,0.7772247494671061,-0.2687035384799081,0.6733746045991025,-3.14,2.22352552372089
366,1.13110315664904,0.7063580358609138,0.8730658410765336,5.907142461281818,1.001577923369786,1.9313736384555797,4.7165648507691635,1.0,-1.5013838428904984,0.7770355578405057,-0.26804504756460235,0.6734311145117293,-3.14,2.2228691445101965
367,1.1316106142061118,0.7069101676872266,0.8732641626620976,5.906958390676828,1.0010472390529965,1.931318776970755,4.716190932476455,1.0,-1.501932734575149,0.7768457164224666,-0.2673859497620335,0.6734874943752287,-3.14,2.2222127010091386
368,1.1321181056398042,0.7074624598837743,0.8734623030730772,5.906774116931903,1.0005163797593015,1.9312641671684054,4.715817636624805,1.0,-1.5024815556392197,0.7766552240919322,-0.2667262440053895,0.6735437446672504,-3.14,2.221556192930112
369,1.1326256308025786,0.7080149123273418,0.8736602621325097,5.906589639857465,0.9999853456338375,1.9312098096055679,4.715444964161299,1.0,-1.5030303069596576,0.7764640797251878,-0.2660659292287852,0.6735998658632429,-3.14,2.220899619989827
370,1.1331331895414436,0.7085675248886214,0.8738580396613376,5.906404959265588,0.9994541368278704,1.931155704840887,4.715072916040693,1.0,-1.5035789894083074,0.7762722821958696,-0.2654050043672648,0.6736558584364623,-3.14,2.220242981909306
371,1.1336407816979541,0.7091202974322052,0.8740556354784208,5.906220074970001,0.9989227534988061,1.9311018534346056,4.714701493225403,1.0,-1.5041276038519245,0.7760798303749684,-0.2647434683567989,0.6737117228579821,-3.14,2.219586278413881
372,1.1341484071082022,0.7096732298165687,0.8742530494005463,5.9060349867861,0.9983911958102049,1.9310482559485644,4.714330696685497,1.0,-1.5046761511521867,0.775886723130835,-0.26408132013428465,0.6737674595967037,-3.14,2.2189295092331895
373,1.134656065602818,0.7102263218940622,0.8744502812424368,5.905849694530958,0.9978594639317929,1.9309949129461907,4.713960527398686,1.0,-1.5052246321657061,0.7756929593291828,-0.26341855863754177,0.6738230691193654,-3.14,2.218272674101175
374,1.1351637570069621,0.7107795735108953,0.8746473308167609,5.905664198023338,0.9973275580394788,1.93094182499249,4.713590986350312,1.0,-1.5057730477440392,0.7754985378330977,-0.26275518280531573,0.6738785518905517,-3.14,2.217615772756082
375,1.1356714811403226,0.7113329845071271,0.8748441979341429,5.905478497083692,0.9967954783153653,1.9308889926540385,4.71322207453334,1.0,-1.506321398733698,0.7753034575030412,-0.2620911915772759,0.6739339083727027,-3.14,2.216958804940455
376,1.136179237817108,0.7118865547166492,0.8750408824031729,5.905292591534188,0.9962632249477646,1.9308364164989806,4.712853792948356,1.0,-1.5068696859761614,0.7751077171968548,-0.26142658389401363,0.6739891390261236,-3.14,2.2163017704011367
377,1.1366870268460467,0.7124402839671788,0.8752373840304148,5.905106481198701,0.9957307981312109,1.9307840970970136,4.712486142603544,1.0,-1.507417910307885,0.7749113157697664,-0.26076135869704264,0.6740442443089931,-3.14,2.2156446688892655
378,1.137194848030377,0.7129941720802381,0.8754337026204175,5.904920165902845,0.9951981980664761,1.9307320350193875,4.712119124514694,1.0,-1.507966072560312,0.774714252074394,-0.26009551492879734,0.6740992246773734,-3.14,2.214987500160274
379,1.1377027011678478,0.7135482188711487,0.8756298379757241,5.904733645473955,0.9946654249605834,1.930680230838892,4.711752739705177,1.0,-1.5085141735598822,0.7745165249607537,-0.2594290515326344,0.6741540805852181,-3.14,2.214330263973888
380,1.1382105860507075,0.7141024241490114,0.8758257898968815,5.9045469197411276,0.9941324790268227,1.9306286851298518,4.711386989205949,1.0,-1.5090622141280425,0.7743181332762633,-0.25876196745283153,0.6742088124843812,-3.14,2.213672960094125
381,1.1387185024657034,0.7146567877166974,0.8760215581824501,5.904359988535208,0.993599360484764,1.9305773984681174,4.711021874055536,1.0,-1.5096101950812562,0.7741190758657479,-0.2580942616345866,0.6742634208246265,-3.14,2.2130155882892923
382,1.1392264501940745,0.7152113093708314,0.8762171426290117,5.904172851688811,0.9930660695602738,1.9305263714310608,4.710657395300028,1.0,-1.510158117231012,0.7739193515714449,-0.2574259330240182,0.674317906053635,-3.14,2.212358148331986
383,1.1397344290115439,0.7157659889017784,0.8764125430311839,5.90398550903633,0.9925326064855305,1.9304756045975608,4.7102935539930675,1.0,-1.5107059813838322,0.773718959233012,-0.2567569805681668,0.6743722686170136,-3.14,2.2117006399990897
384,1.1402424386883185,0.7163208260936316,0.8766077591816246,5.9037979604139466,0.9919989714990369,1.9304250985480023,4.709930351195847,1.0,-1.511253788341284,0.773517897687529,-0.2560874032149922,0.674426508958304,-3.14,2.211043063071776
385,1.1407504789890768,0.7168758207241931,0.876802790871044,5.9036102056596444,0.9914651648456395,1.9303748538642653,4.709567787977095,1.0,-1.511801538899985,0.7733161657695056,-0.2554171999133754,0.6744806275189906,-3.14,2.2103854173355018
386,1.1412585496729686,0.7174309725649667,0.8769976378882133,5.90342224461321,0.9909311867765397,1.930324871129717,4.709205865413073,1.0,-1.5123492338516142,0.7731137623108851,-0.2547463696131178,0.6745346247385084,-3.14,2.209727702580011
387,1.1417666504936053,0.7179862813811362,0.8771923000199761,5.903234077116255,0.9903970375493127,1.9302751509292067,4.708844584587563,1.0,-1.5128968739829183,0.7729106861410512,-0.25407491126494147,0.6745885010542516,-3.14,2.209069918599332
388,1.142274781199054,0.7185417469315539,0.8773867770512557,5.903045703012226,0.9898627174279235,1.9302256938490507,4.708483946591864,1.0,-1.5134444600757195,0.7727069360868345,-0.2534028238204912,0.6746422569015802,-3.14,2.20841206519178
389,1.1427829415318365,0.7190973689687274,0.8775810687650668,5.902857122146401,0.9893282266827396,1.9301765004770353,4.708123952524777,1.0,-1.5139919929069248,0.7725025109725157,-0.25273010623233255,0.6746958927138296,-3.14,2.207754142159953
390,1.1432911312289145,0.7196531472388001,0.8777751749425247,5.902668334365918,0.9887935655905511,1.9301275714023975,4.707764603492605,1.0,-1.514539473248531,0.7722974096198331,-0.252056757453954,0.6747494089223166,-3.14,2.2070961493107353
391,1.1437993500216894,0.7202090814815391,0.8779690953628543,5.902479339519777,0.9882587344345855,1.9300789072158246,4.7074059006091415,1.0,-1.515086901867634,0.7720916308479877,-0.2513827764397668,0.6748028059563483,-3.14,2.2064380864552953
392,1.144307597635994,0.7207651714303188,0.8781628298033998,5.902290137458851,0.9877237335045228,1.9300305085094431,4.707047844995664,1.0,-1.5156342795264341,0.7718851734736487,-0.2507081621451062,0.6748560842432287,-3.14,2.205779953409087
393,1.1448158737920846,0.7213214168121044,0.8783563780396352,5.902100728035905,0.9871885630965149,1.9299823758768098,4.706690437780925,1.0,-1.5161816069822431,0.7716780363109599,-0.25003291352623214,0.6749092442082663,-3.14,2.20512174999185
394,1.1453241782046346,0.7218778173474378,0.8785497398451733,5.901911111105594,0.9866532235131991,1.929934509912909,4.706333680101147,1.0,-1.5167288849874923,0.7714702181715423,-0.2493570295403279,0.6749622862747816,-3.14,2.2044634760276103
395,1.1458325105827303,0.7224343727504219,0.8787429149917763,5.901721286524483,0.9861177150637178,1.929886911214134,4.705977573100009,1.0,-1.5172761142897362,0.7712617178645051,-0.248680509145505,0.6750152108641143,-3.14,2.20380513134468
396,1.1463408706298612,0.7229910827287008,0.8789359032493638,5.901531254151058,0.9855820380637351,1.929839580378289,4.705622117928649,1.0,-1.51782329563166,0.7710525341964475,-0.2480033513008006,0.6750680183956301,-3.14,2.2031467157756586
397,1.1468492580439118,0.723547946983449,0.879128704386025,5.901341013845733,0.9850461928354519,1.9297925180045772,4.7052673157456475,1.0,-1.5183704297510858,0.7708426659714649,-0.2473255549661799,0.675120709286728,-3.14,2.202488229157434
398,1.1473576725171561,0.7241049652093499,0.8793213181680266,5.90115056547087,0.9845101797076266,1.9297457246935892,4.7049131677170255,1.0,-1.5189175173809768,0.7706321119911567,-0.24664711910253753,0.6751732839528467,-3.14,2.201829671331184
399,1.147866113736252,0.7246621370945833,0.8795137443598239,5.900959908890775,0.9839739990155899,1.9296992010472986,4.704559675016234,1.0,-1.5194645592494436,0.7704208710546303,-0.24596804267169856,0.6752257428074719,-3.14,2.201171042142376
400,1.1483745813822304,0.7252194623208056,0.8797059827240682,5.900769043971729,0.9834376511012639,1.9296529476690532,4.704206838824149,1.0,-1.5200115560797491,0.7702089419585079,-0.2452883246364195,0.6752780862621429,-3.14,2.2005123414407692
401,1.1488830751304888,0.725776940563135,0.8798980330216205,5.900577970581983,0.9829011363131795,1.9296069651635637,4.703854660329063,1.0,-1.5205585085903133,0.7699963234969321,-0.24460796396038959,0.6753303147264588,-3.14,2.1998535690804175
402,1.1493915946507847,0.7263345714901333,0.8800898950115578,5.900386688591778,0.9823644550064954,1.9295612541368976,4.70350314072668,1.0,-1.5211054174947178,0.7697830144615733,-0.24392695960823343,0.6753824286080853,-3.14,2.1991947249196677
403,1.1499001396072273,0.7268923547637889,0.8802815684511854,5.900195197873359,0.9818276075430142,1.9295158151964695,4.703152281220104,1.0,-1.5216522835017103,0.7695690136416325,-0.24324531054551035,0.6754344283127612,-3.14,2.1985358088211635
404,1.150408709658269,0.7274502900395001,0.8804730530960452,5.9000034983009755,0.9812905942912029,1.9294706489510327,4.702802083019839,1.0,-1.5221991073152095,0.7693543198238514,-0.24256301573871822,0.6754863142443045,-3.14,2.1978768206518473
405,1.1509173044566958,0.7280083769660564,0.8806643486999255,5.89981158975091,0.980753415626209,1.929425756010673,4.702452547343776,1.0,-1.5227458896343085,0.7691389317925131,-0.24188007415529203,0.6755380868046187,-3.14,2.197217760282961
406,1.1514259236496243,0.7285666151856217,0.880855455014873,5.899619472101475,0.9802160719298817,1.929381136986793,4.702103675417186,1.0,-1.5232926311532786,0.7689228483294547,-0.24119648476360928,0.6755897463936986,-3.14,2.196558627590048
407,1.1519345668784882,0.7291250043337169,0.881046371791201,5.89942714523303,0.9796785635907886,1.9293367924921117,4.701755468472719,1.0,-1.5238393325615731,0.768706068214068,-0.24051224653298905,0.6756412934096371,-3.14,2.1958994224529573
408,1.152443233779033,0.7296835440392008,0.8812370987774993,5.899234609027997,0.9791408910042361,1.9292927231406487,4.701407927750389,1.0,-1.5243859945438303,0.7684885902233095,-0.23982735843369576,0.6756927282486301,-3.14,2.195240144755844
409,1.1529519239813046,0.7302422339242512,0.8814276357206454,5.89904186337087,0.9786030545722874,1.929248929547721,4.701061054497576,1.0,-1.5249326177798768,0.7682704131317039,-0.23914181943693888,0.6757440513049834,-3.14,2.1945807943871714
410,1.1534606371096472,0.7308010736043511,0.8816179823658131,5.898848908148226,0.9780650547037811,1.9292054123299283,4.700714849969012,1.0,-1.525479202944731,0.7680515357113519,-0.2384556285148772,0.6757952629711172,-3.14,2.1939213712397154
411,1.1539693727826856,0.7313600626882637,0.8818081384564839,5.89865574324874,0.9775268918143531,1.9291621721051482,4.7003693154267765,1.0,-1.526025750708605,0.7678319567319364,-0.23776878464061973,0.675846363637573,-3.14,2.1932618752105655
412,1.1544781306133232,0.7319192007780189,0.8819981037344568,5.898462368563195,0.976988566326453,1.9291192094925254,4.700024452140291,1.0,-1.5265722617369075,0.7676116749607277,-0.23708128678822749,0.6758973536930184,-3.14,2.1926023062011275
413,1.1549869102087316,0.732478487468892,0.8821878779398572,5.898268783984494,0.9764500786693661,1.9290765251124642,4.6996802613863125,1.0,-1.5271187366902461,0.7673906891625909,-0.2363931339327163,0.6759482335242526,-3.14,2.191942664117128
414,1.15549571117034,0.7330379223493869,0.8823774608111491,5.898074989407674,0.9759114292792311,1.9290341195866154,4.699336744448924,1.0,-1.5276651762244293,0.7671689980999922,-0.2357043250500592,0.6759990035162121,-3.14,2.1912829488686167
415,1.156004533093828,0.7335975050012137,0.8825668520851431,5.897880984729922,0.9753726185990628,1.9289919935378712,4.69899390261953,1.0,-1.528211580990468,0.7669466005330059,-0.23501485911718903,0.6760496640519758,-3.14,2.190623160369968
416,1.1565133755691173,0.7341572349992733,0.8827560514970094,5.897686769850578,0.9748336470787693,1.9289501475903528,4.698651737196849,1.0,-1.5287579516345775,0.7667234952193203,-0.23432473511200008,0.6761002155127698,-3.14,2.1899632985398867
417,1.1570222381803577,0.734717111911635,0.8829450587802857,5.897492344671158,0.9742945151751742,1.9289085823694032,4.69831024948691,1.0,-1.5293042887981791,0.7664996809142436,-0.23363395201335105,0.6761506582779732,-3.14,2.1893033633014105
418,1.1575311205059238,0.7352771352995184,0.8831338736668869,5.897297709095362,0.9737552233520356,1.928867298501577,4.697969440803041,1.0,-1.5298505931179014,0.7662751563707111,-0.23294250880106715,0.6762009927251226,-3.14,2.188643354581912
419,1.1580400221184022,0.7358373047172746,0.8833224958871184,5.897102863029084,0.9732157720800675,1.9288262966146292,4.697629312465864,1.0,-1.5303968652255802,0.7660499203392924,-0.23225040445594372,0.6762512192299174,-3.14,2.187983272313105
420,1.1585489425845827,0.7363976197123643,0.8835109251696842,5.896907806380431,0.9726761618369597,1.92878557733751,4.697289865803292,1.0,-1.5309431057482612,0.7658239715681963,-0.23155763795974685,0.6763013381662243,-3.14,2.187323116431046
421,1.1590578814654484,0.7369580798253397,0.883699161241698,5.896712539059731,0.9721363931073995,1.9287451413003494,4.696951102150517,1.0,-1.531489315308199,0.7655973088032805,-0.23086420829521953,0.6763513499060821,-3.14,2.186662886876139
422,1.1595668383161668,0.7375186845898225,0.8838872038286935,5.896517060979549,0.9715964663830928,1.9287049891344505,4.6966130228500065,1.0,-1.5320354945228576,0.7653699307880556,-0.23017011444608143,0.6764012548197064,-3.14,2.18600258359314
423,1.1600758126860795,0.7380794335324863,0.8840750526546353,5.896321372054697,0.9710563821627828,1.928665121472282,4.696275629251499,1.0,-1.532581644004912,0.7651418362636921,-0.22947535539703212,0.6764510532754944,-3.14,2.18534220653116
424,1.1605848041186924,0.7386403261730327,0.8842627074419286,5.896125472202254,0.9705161409522746,1.9286255389474638,4.695938922711992,1.0,-1.533127764362246,0.7649130239690303,-0.22877993013375655,0.6765007456400288,-3.14,2.18468175564367
425,1.1610938121516656,0.7392013620241747,0.8844501679114306,5.895929361341566,0.9699757432644541,1.9285862421947577,4.69560290459574,1.0,-1.5336738561979535,0.7646834926405838,-0.2280838376429262,0.6765503322780827,-3.14,2.1840212308885056
426,1.161602836316803,0.7397625405916113,0.8846374337824607,5.895733039394278,0.9694351896193113,1.928547231850063,4.6952675762742455,1.0,-1.5342199201103375,0.7644532410125473,-0.22738707691220128,0.6765998135526237,-3.14,2.18336063222787
427,1.1621118761400424,0.7403238613740116,0.8848245047728107,5.895536506284327,0.9688944805439602,1.9285085085503988,4.694932939126255,1.0,-1.5347659566929095,0.7642222678168044,-0.22668964693023588,0.676649189824818,-3.14,2.18269995962834
428,1.162620931141447,0.7408853238629907,0.8850113805987578,5.895339761937973,0.9683536165726612,1.9284700729338982,4.694598994537749,1.0,-1.535311966534389,0.7639905717829345,-0.22599154668668048,0.6766984614540349,-3.14,2.1820392130608703
429,1.1631300008351921,0.7414469275430892,0.8851980609750705,5.895142806283799,0.9678125982468434,1.9284319256397988,4.694265743901941,1.0,-1.5358579502187022,0.7637581516382179,-0.22529277517218343,0.6767476287978507,-3.14,2.1813783925007986
430,1.1636390847295572,0.7420086718917513,0.8853845456150246,5.894945639252734,0.967271426115127,1.9283940673084299,4.693933188619264,1.0,-1.5364039083249799,0.7635250061076465,-0.22459333137839782,0.6767966922120521,-3.14,2.1807174979278496
431,1.1641481823269126,0.7425705563793059,0.8855708342304125,5.89474826077806,0.9667301007333442,1.928356498581203,4.693601330097368,1.0,-1.5369498414275569,0.7632911339139282,-0.2238932142979822,0.6768456520506411,-3.14,2.1800565293261407
432,1.164657293123713,0.7431325804689413,0.8857569265315511,5.89455067079543,0.9661886226645635,1.9283192201006012,4.6932701697511146,1.0,-1.5374957500959698,0.7630565337774963,-0.22319242292460614,0.6768945086658376,-3.14,2.179395486684188
433,1.165166416610482,0.7436947436166846,0.8859428222272974,5.8943528692428835,0.9656469924791105,1.9282822325101703,4.692939709002568,1.0,-1.5380416348949557,0.7628212044165146,-0.22249095625295198,0.6769432624080841,-3.14,2.1787343699949093
434,1.165675552271806,0.7442570452713833,0.8861285210250551,5.89415485606085,0.9651052107545904,1.928245536454507,4.692609949280988,1.0,-1.53858749638445,0.762585144546885,-0.2217888132787185,0.6769919136260489,-3.14,2.178073179255632
435,1.1661846995863192,0.7448194848746779,0.8863140226307895,5.893956631192174,0.9645632780759129,1.9282091325792479,4.692280892022827,1.0,-1.5391333351195824,0.7623483528822572,-0.22108599299862644,0.6770404626666296,-3.14,2.1774119144680966
436,1.1666938580266961,0.7453820618609835,0.8864993267490355,5.893758194582127,0.9640211950353119,1.9281730215310593,4.691952538671721,1.0,-1.5396791516506776,0.7621108281340329,-0.22038249441041965,0.6770889098749566,-3.14,2.1767505756384637
437,1.1672030270596387,0.7459447756574656,0.8866844330829109,5.893559546178414,0.9634789622323721,1.9281372039576286,4.691624890678481,1.0,-1.5402249465232496,0.7618725690113757,-0.21967831651287134,0.6771372555943964,-3.14,2.1760891627773193
438,1.1677122061458645,0.7465076256840179,0.8868693413341259,5.893360685931198,0.9629365802740499,1.9281016805076472,4.691297949501091,1.0,-1.5407707202779992,0.7616335742212199,-0.2189734583057884,0.6771855001665547,-3.14,2.1754276758996807
439,1.168221394740097,0.7470706113532404,0.887054051202996,5.893161613793106,0.9623940497746967,1.9280664518308088,4.690971716604698,1.0,-1.5413164734508131,0.7613938424682724,-0.2182679187900108,0.6772336439312804,-3.14,2.1747661150250015
440,1.168730592291056,0.7476337320704163,0.8872385623884522,5.8929623297192455,0.9618513713560837,1.928031518577789,4.690646193461606,1.0,-1.5418622065727574,0.7611533724550269,-0.2175616969674213,0.6772816872266677,-3.14,2.174104480177179
441,1.1692397982414409,0.7481969872334886,0.8874228745880521,5.892762833667221,0.9613085456474244,1.927996881400242,4.6903213815512705,1.0,-1.5424079201700762,0.7609121628817679,-0.21685479184094608,0.6773296303890596,-3.14,2.1734427713845603
442,1.1697490120279246,0.7487603762330373,0.8876069874979924,5.892563125597148,0.9607655732853988,1.927962540950784,4.689997282360292,1.0,-1.542953614764187,0.7606702124465798,-0.21614720241456015,0.6773774737530508,-3.14,2.1727809886799476
443,1.1702582330811393,0.749323898452256,0.887790900813119,5.892363205471665,0.960222454914177,1.927928497882986,4.689673897382406,1.0,-1.5434992908716771,0.7604275198453526,-0.21543892769328982,0.6774252176514908,-3.14,2.172119132100605
444,1.1707674608256666,0.7498875532669306,0.8879746142269414,5.892163073255942,0.959679191185444,1.9278947528513595,4.689351228118478,1.0,-1.5440449490042991,0.7601840837717947,-0.2147299666832209,0.6774728624154859,-3.14,2.1714572016882663
445,1.1712766946800237,0.7504513400454111,0.8881581274316397,5.891962728917716,0.9591357827584229,1.927861306511345,4.689029276076502,1.0,-1.544590589668966,0.759939902917436,-0.21402031839149907,0.6775204083744027,-3.14,2.1707951974891393
446,1.171785934056653,0.7510152581485929,0.88834144011808,5.8917621724272795,0.9585922302998995,1.9278281595193059,4.6887080427715855,1.0,-1.545136213367748,0.7596949759716364,-0.21330998182633504,0.6775678558558708,-3.14,2.1701331195539146
447,1.1722951783619102,0.7515793069298893,0.8885245519758252,5.8915614037575175,0.9580485344842474,1.9277953125325087,4.688387529725946,1.0,-1.5456818205978662,0.7594493016215975,-0.21259895599701117,0.6776152051857841,-3.14,2.1694709679377717
448,1.1728044269960527,0.7521434857352114,0.8887074626931458,5.8913604228839,0.9575046959934508,1.92776276620912,4.688067738468907,1.0,-1.5462274118516892,0.7592028785523656,-0.21188723991388297,0.6776624566883052,-3.14,2.1688087427003855
449,1.1733136793532257,0.7527077939029402,0.8888901719570329,5.891159229784516,0.9569607155171322,1.9277305212081859,4.687748670536884,1.0,-1.5467729876167255,0.7589557054468455,-0.21117483258838704,0.6777096106858655,-3.14,2.168146443905934
450,1.1738229348214548,0.7532722307639039,0.8890726794532097,5.89095782444008,0.9564165937525744,1.9276985781896279,4.687430327473386,1.0,-1.5473185483756207,0.7587077809858044,-0.2104617330330427,0.6777566674991695,-3.14,2.1674840716231056
451,1.1743321927826271,0.7538367956413536,0.8892549848661434,5.890756206833951,0.9558723314047468,1.9276669378142264,4.6871127108290045,1.0,-1.5478640946061495,0.7584591038478818,-0.20974794026145838,0.6778036274471957,-3.14,2.1668216259251056
452,1.174841452612486,0.75440148785094,0.8894370878790574,5.890554376952139,0.9553279291863301,1.927635600743612,4.686795822161404,1.0,-1.5484096267812124,0.7582096727095976,-0.2090334532883356,0.6778504908471993,-3.14,2.1661591068896646
453,1.1753507136806118,0.7549663067006859,0.8896189881739427,5.890352334783327,0.9547833878177419,1.9276045676402518,4.686479663035319,1.0,-1.5489551453688277,0.7579594862453601,-0.20831827112947388,0.6778972580147142,-3.14,2.165496514599045
454,1.1758599753504175,0.7555312514909646,0.8898006854315709,5.890150080318885,0.9542387080271616,1.927573839167436,4.686164235022546,1.0,-1.5495006508321258,0.757708543127476,-0.20760239280177592,0.6779439292635548,-3.14,2.1648338491400496
455,1.1763692369791297,0.7560963215144719,0.8899821793315074,5.889947613552887,0.9536938905505565,1.927543415989268,4.685849539701934,1.0,-1.5500461436293431,0.7574568420261578,-0.20688581732325276,0.6779905049058179,-3.14,2.164171110604029
456,1.1768784979177787,0.756661516056204,0.8901634695521207,5.889744934482118,0.9531489361317075,1.927513298770652,4.68553557865938,1.0,-1.5505916242138145,0.7572043816095324,-0.20616854371302834,0.6780369852518845,-3.14,2.1635082990868892
457,1.1773877575111855,0.7572268343934292,0.8903445557705986,5.8895420431061,0.9526038455222344,1.927483488177278,4.68522235348782,1.0,-1.5511370930339672,0.7569511605436505,-0.2054505709913449,0.6780833706104215,-3.14,2.1628454146891003
458,1.1778970150979502,0.7577922757956648,0.8905254376629576,5.889338939427103,0.9520586194816215,1.927453984875614,4.684909865787224,1.0,-1.5516825505333143,0.7566971774924938,-0.20473189817956694,0.6781296612883835,-3.14,2.1621824575157027
459,1.1784062700104385,0.7583578395246513,0.890706114904057,5.889135623450155,0.9515132587772451,1.9274247895328878,4.684598117164585,1.0,-1.5522279971504456,0.7564424311179863,-0.2040125243001885,0.6781758575910142,-3.14,2.161519427676318
460,1.178915521574769,0.7589235248343267,0.8908865871676106,5.888932095183065,0.9509677641843979,1.9273959028170797,4.684287109233914,1.0,-1.552773433319022,0.756186920080001,-0.20329244837683688,0.6782219598218479,-3.14,2.160856325285155
461,1.179424769110801,0.7594893309707983,0.8910668541262013,5.888728354636436,0.9504221364863171,1.9273673253969068,4.683976843616233,1.0,-1.5533188594677667,0.7559306430363695,-0.20257166943427765,0.6782679682827106,-3.14,2.1601931504610197
462,1.1799340119321196,0.7600552571723211,0.8912469154512909,5.888524401823681,0.9498763764742093,1.9273390579418102,4.683667321939566,1.0,-1.553864276020458,0.7556735986428919,-0.20185018649842157,0.6783138832737221,-3.14,2.1595299033273228
463,1.1804432493460248,0.7606213026692683,0.8914267708132363,5.88832023676104,0.9493304849472772,1.9273111011219441,4.683358545838933,1.0,-1.5544096833959207,0.7554157855533434,-0.20112799859632782,0.6783597050932965,-3.14,2.158866584012088
464,1.1809524806535183,0.7611874666841066,0.891606419881299,5.888115859467585,0.948784462712749,1.927283455608161,4.683050516956338,1.0,-1.5549550820080176,0.7551572024194875,-0.20040510475621215,0.6784054340381434,-3.14,2.1582031926479632
465,1.181461705149291,0.7617537484313693,0.8917858623236615,5.887911269965254,0.948238310585901,1.9272561220719981,4.682743236940768,1.0,-1.5555004722656416,0.7548978478910818,-0.1996815040074502,0.6784510704032694,-3.14,2.157539729372225
466,1.1819709221217065,0.7623201471176297,0.8919650978074382,5.887706468278853,0.9476920293900876,1.927229101185668,4.682436707448181,1.0,-1.5560458545727072,0.7546377206158875,-0.19895719538058307,0.6784966144819788,-3.14,2.1568761943267925
467,1.1824801308527912,0.7628866619414755,0.8921441259986882,5.8875014544360775,0.9471456199567676,1.9272023936220395,4.682130930141497,1.0,-1.5565912293281399,0.7543768192396815,-0.19823217790732567,0.6785420665658745,-3.14,2.156212587658232
468,1.1829893306182213,0.7634532920934807,0.8923229465624309,5.887296228467526,0.9465990831255315,1.92717600005463,4.681825906690593,1.0,-1.5571365969258695,0.7541151424062621,-0.19750645062056832,0.6785874269448587,-3.14,2.1555489095177696
469,1.1834985206873077,0.7640200367561795,0.8925015591626576,5.8870907904067185,0.9460524197441283,1.9271499211575884,4.681521638772295,1.0,-1.5576819577548187,0.7538526887574616,-0.1967800125543857,0.6786326959071342,-3.14,2.154885160061298
470,1.1840077003229823,0.7645868951040391,0.8926799634623451,5.886885140290111,0.9455056306684937,1.9271241576056835,4.681218128070366,1.0,-1.5582273121988948,0.753589456933154,-0.19605286274404113,0.6786778737392043,-3.14,2.1542213394493883
471,1.1845168687817855,0.7651538663034317,0.8928581591234706,5.886679278157111,0.9449587167627788,1.927098710074287,4.680915376275502,1.0,-1.5587726606369783,0.7533254455712676,-0.1953250002259944,0.6787229607258738,-3.14,2.1535574478472967
472,1.1850260253138545,0.7657209495126089,0.8930361458070224,5.886473204050096,0.9444116788993743,1.927073579239367,4.680613385085324,1.0,-1.5593180034429162,0.7530606533077876,-0.19459642403790292,0.6787679571502501,-3.14,2.152893485424976
473,1.1855351691629064,0.7662881438816732,0.8932139231730163,5.886266918014428,0.9438645179589427,1.9270487657774649,4.680312156204364,1.0,-1.5598633409855074,0.7527950787767757,-0.19386713321863422,0.6788128632937422,-3.14,2.1522294523570844
474,1.186044299566225,0.7668554485525494,0.8933914908805088,5.88606042009847,0.9433172348304432,1.9270242703656906,4.680011691344064,1.0,-1.5604086736284966,0.7525287206103712,-0.19313712680826603,0.6788576794360627,-3.14,2.151565348822996
475,1.1865534157546516,0.7674228626589589,0.8935688485876105,5.885853710353603,0.9427698304111617,1.9270000936817007,4.679711992222762,1.0,-1.5609540017305603,0.7522615774388073,-0.19240640384809657,0.6789024058552264,-3.14,2.1509011750068106
476,1.1870625169525644,0.7679903853263905,0.8937459959515013,5.885646788834239,0.9422223056067386,1.9269762364036889,4.679413060565684,1.0,-1.561499325645298,0.7519936478904173,-0.1916749633806486,0.6789470428275518,-3.14,2.1502369310973637
477,1.1875716023778704,0.7685580156720729,0.8939229326284412,5.885439655597844,0.9416746613311968,1.9269526992103698,4.67911489810494,1.0,-1.5620446457212203,0.7517249305916472,-0.19094280444967654,0.6789915906276607,-3.14,2.1495726172882357
478,1.188080671241988,0.7691257528049451,0.8940996582737893,5.885232310704954,0.9411268985069707,1.9269294827809678,4.6788175065795095,1.0,-1.5625899623017379,0.751455424167063,-0.19020992610017104,0.6790360495284782,-3.14,2.148908233777763
479,1.188589722749835,0.769693595825631,0.894276172542015,5.885024754219181,0.9405790180649343,1.9269065877951976,4.678520887735235,1.0,-1.5631352757251504,0.7511851272393637,-0.1894763273783678,0.6790804198012327,-3.14,2.148243780769049
480,1.1890987560998145,0.7702615438264083,0.8944524750867108,5.8848169862072455,0.940031020944431,1.9268840149332533,4.678225043324814,1.0,-1.5636805863246346,0.7509140384293895,-0.18874200733175123,0.6791247017154559,-3.14,2.1475792584699724
481,1.1896077704837995,0.7708295958911814,0.894628565560612,5.8846090067389785,0.9394829080933016,1.9268617648757946,4.677929975107789,1.0,-1.5642258944282321,0.7506421563561338,-0.18800696500906308,0.6791688955389825,-3.14,2.146914667093201
482,1.1901167650871207,0.7713977510954533,0.8948044436156052,5.884400815887347,0.938934680467913,1.9268398383039294,4.677635684850536,1.0,-1.564771200358838,0.7503694796367523,-0.187271199460307,0.6792130015379498,-3.14,2.1462500068561985
483,1.1906257390885515,0.7719660085062927,0.8949801089027488,5.8841924137284725,0.93838633903319,1.9268182358991985,4.677342174326259,1.0,-1.565316504434188,0.7500960068865755,-0.1865347097367574,0.6792570199767974,-3.14,2.1455852779812385
484,1.1911346916602938,0.7725343671823115,0.8951555610722836,5.883983800341637,0.9378378847626414,1.926796958343564,4.677049445314978,1.0,-1.5658618069668455,0.7498217367191172,-0.18579749489096292,0.6793009511182668,-3.14,2.1449204806954136
485,1.1916436219679636,0.7731028261736295,0.8953307997736492,5.883774975809316,0.9372893186383915,1.9267760063193913,4.676757499603522,1.0,-1.5664071082641902,0.7495466677460872,-0.18505955397675627,0.6793447952234007,-3.14,2.1442556152306476
486,1.1921525291705761,0.7736713845218495,0.895505824655498,5.88356594021718,0.9367406416512086,1.9267553805094355,4.676466338985517,1.0,-1.5669524086284037,0.7492707985774005,-0.18432088604925861,0.6793885525515427,-3.14,2.143590681823705
487,1.192661412420535,0.7742400412600258,0.8956806353657125,5.883356693654121,0.9361918548005349,1.9267350815968267,4.676175965261376,1.0,-1.5674977083564585,0.7489941278211873,-0.18358149016488598,0.6794322233603367,-3.14,2.142925680716204
488,1.1931702708636125,0.7748087954126354,0.8958552315514184,5.8831472362122685,0.9356429590945166,1.9267151102650517,4.6758863802382935,1.0,-1.5680430077401017,0.7487166540838084,-0.1828413653813589,0.6794758079057253,-3.14,2.1422606121546255
489,1.1936791036389418,0.7753776459955483,0.8960296128590002,5.882937567987,0.9350939555500344,1.9266954671979428,4.675597585730228,1.0,-1.568588307065844,0.7484383759698597,-0.18210051075770492,0.67951930644195,-3.14,2.1415954763903273
490,1.1941879098789936,0.775946592015997,0.8962037789341177,5.882727689076969,0.9345448451927323,1.9266761530796583,4.6753095835579,1.0,-1.5691336066149437,0.7481592920821901,-0.1813589253542698,0.6795627192215495,-3.14,2.140930273679554
491,1.1946966887095705,0.7765156324725476,0.8963777294217209,5.882517599584117,0.9339956290570484,1.9266571685946698,4.675022375548778,1.0,-1.5696789066633956,0.7478794010219066,-0.18061660823272052,0.6796060464953593,-3.14,2.140265004283448
492,1.1952054392497882,0.7770847663550696,0.8965514639660648,5.882307299613684,0.9334463081862457,1.9266385144277438,4.674735963537064,1.0,-1.5702242074819135,0.7475987013883917,-0.1798735584560563,0.6796492885125098,-3.14,2.139599668468063
493,1.1957141606120611,0.7776539926447055,0.8967249822107262,5.88209678927424,0.9328968836324416,1.9266201912639285,4.674450349363694,1.0,-1.5707695093359182,0.747317191779308,-0.1791297750886109,0.6796924455204263,-3.14,2.1389342665043745
494,1.196222851902088,0.7782233103138397,0.8968982837986197,5.881886068677689,0.9323473564566402,1.9266021997885352,4.674165534876314,1.0,-1.5713148124855212,0.7470348707906156,-0.17838525719606374,0.6797355177648262,-3.14,2.138268798668292
495,1.1967315122188376,0.7787927183260686,0.897071368372014,5.881675137939301,0.9317977277287607,1.9265845406871247,4.673881521929283,1.0,-1.5718601171855107,0.7467517370165814,-0.17764000384544537,0.6797785054897193,-3.14,2.137603265240671
496,1.197240140654534,0.7793622156361718,0.8972442355725444,5.881463997177712,0.9312479985276693,1.9265672146454884,4.673598312383649,1.0,-1.572405423685337,0.7464677890497885,-0.17689401410514358,0.6798214089374053,-3.14,2.1369376665073263
497,1.1977487362946424,0.7799318011900791,0.8974168850412352,5.881252646514954,0.9306981699412106,1.9265502223496351,4.673315908107148,1.0,-1.5729507322290965,0.7461830254811519,-0.176147287044912,0.6798642283484727,-3.14,2.1362720027590423
498,1.198257298217852,0.7805014739248393,0.8975893164185109,5.8810410860764755,0.9301482430662384,1.926533564485771,4.673034310974191,1.0,-1.5734960430555154,0.7458974448999276,-0.17539982173587693,0.6799069639617971,-3.14,2.1356062742915864
499,1.1987658254960651,0.7810712327685921,0.897761529344215,5.880829315991143,0.9295982190086465,1.926517241740286,4.672753522865846,1.0,-1.5740413563979352,0.7456110458937258,-0.17465161725054495,0.6799496160145394,-3.14,2.1349404814057222
500,1.1992743171943772,0.7816410766405326,0.8979335234576256,5.880617336391281,0.9290480988834008,1.9265012547997358,4.6724735456698365,1.0,-1.574586672484296,0.7453238270485228,-0.17390267266280987,0.6799921847421445,-3.14,2.134274624407221
501,1.1997827723710686,0.782211004450887,0.8981052983974723,5.880405147412664,0.9284978838145688,1.9264856043508258,4.672194381280523,1.0,-1.5751319915371222,0.7450357869486698,-0.17315298704795828,0.6800346703783395,-3.14,2.133608703606874
502,1.2002911900775823,0.7827810151008731,0.8982768538019544,5.88019274919456,0.9279475749353544,1.9264702910803908,4.671916031598893,1.0,-1.5756773137735018,0.744746924176913,-0.17240255948268224,0.6800770731551308,-3.14,2.1329427193205066
503,1.2007995693585163,0.7833511074826737,0.8984481893087558,5.879980141879733,0.9273971733881262,1.9264553156753859,4.671638498532554,1.0,-1.576222639405075,0.7444572373143957,-0.17165138904507965,0.6801193933028036,-3.14,2.1322766718689903
504,1.201307909251601,0.7839212804794037,0.8986193045550631,5.879767325614468,0.9268466803244523,1.9264406788228587,4.671361783995713,1.0,-1.5767679686380127,0.7441667249406796,-0.17089947481466766,0.6801616310499183,-3.14,2.1316105615782566
505,1.2018162087876914,0.7844915329650802,0.8987901991775821,5.879554300548579,0.9262960969051286,1.9264263812099436,4.671085889909171,1.0,-1.5773133016730037,0.7438753856337501,-0.17014681587238642,0.6802037866233102,-3.14,2.1309443887793083
506,1.2023244669907485,0.7850618638045873,0.8989608728125567,5.8793410668354396,0.9257454243002158,1.9264124235238307,4.670810818200307,1.0,-1.577858638705233,0.7435832179700363,-0.16939341130061034,0.680245860248085,-3.14,2.1302781538082347
507,1.2028326828778229,0.7856322718536466,0.8991313250957846,5.879127624631995,0.9251946636890663,1.926398806451763,4.670536570803072,1.0,-1.578403979924368,0.7432902205244146,-0.16863926018315023,0.6802878521476187,-3.14,2.1296118570062244
508,1.203340855459042,0.7862027559587831,0.8993015556626357,5.878913974098781,0.9246438162603607,1.9263855306810085,4.670263149657966,1.0,-1.5789493255145386,0.7429963918702298,-0.16788436160526693,0.6803297625435536,-3.14,2.128945498719577
509,1.2038489837375952,0.7867733149572954,0.8994715641480698,5.878700115399942,0.9240928832121376,1.9263725968988465,4.669990556712035,1.0,-1.57949467565432,0.7427017305793028,-0.16712871465367532,0.6803715916557967,-3.14,2.1282790792997197
510,1.204357066709718,0.787343947677222,0.8996413501866549,5.878486048703252,0.9235418657518264,1.9263600057925463,4.669718793918852,1.0,-1.5800400305167142,0.7424062352219464,-0.1663723184165535,0.6804133397025168,-3.14,2.1276125991032186
511,1.2048651033646751,0.7879146529373083,0.8998109134125836,5.8782717741801225,0.9229907650962818,1.926347758049357,4.669447863238508,1.0,-1.5805853902691318,0.7421099043669744,-0.16561517198354914,0.6804550069001423,-3.14,2.1269460584917925
512,1.2053730926847486,0.7884854295469738,0.8999802534596927,5.878057292005639,0.9224395824718149,1.9263358543564792,4.669177766637596,1.0,-1.5811307550733729,0.7418127365817211,-0.16485727444579015,0.6804965934633572,-3.14,2.1262794578323287
513,1.2058810336452204,0.7890562763062817,0.9001493699614809,5.877842602358565,0.9218883191142253,1.9263242954010544,4.668908506089201,1.0,-1.581676125085609,0.7415147304320469,-0.164098624895889,0.6805380996051,-3.14,2.1256127974968946
514,1.206388925214356,0.7896271920059017,0.9003182625511282,5.877627705421368,0.9213369762688371,1.926313081870142,4.66864008357288,1.0,-1.582221500456363,0.7412158844823583,-0.16333922242795385,0.6805795255365598,-3.14,2.124946077862753
515,1.2068967663533925,0.7901981754270819,0.9004869308615129,5.877412601380231,0.9207855551905284,1.9263022144507056,4.668372501074658,1.0,-1.5827668813304903,0.7409161972956159,-0.16257906613759388,0.6806208714671734,-3.14,2.1242792993123762
516,1.2074045560165216,0.7907692253416132,0.9006553745252305,5.877197290425074,0.9202340571437673,1.9262916938295886,4.668105760587003,1.0,-1.5833122678471594,0.7406156674333523,-0.16181815512192935,0.6806621376046227,-3.14,2.1236124622334605
517,1.207912293150873,0.7913403405117937,0.9008235931746129,5.876981772749585,0.9196824834026432,1.9262815206935011,4.6678398641088235,1.0,-1.583857660139832,0.740314293455682,-0.16105648847959797,0.6807033241548308,-3.14,2.122945567018939
518,1.208419976696503,0.7919115196904017,0.9009915864417496,5.876766048551212,0.9191308352509021,1.926271695728995,4.667574813645443,1.0,-1.5844030583362425,0.7400120739213184,-0.1602940653107644,0.6807444313219596,-3.14,2.122278614066999
519,1.208927605586373,0.7924827616206549,0.901159353958501,5.87655011803121,0.9185791139819788,1.926262219622451,4.667310611208595,1.0,-1.5849484625583778,0.7397090073875848,-0.15953088471712748,0.6807854593084061,-3.14,2.1216116037810937
520,1.2094351787463395,0.7930540650361809,0.9013268953565245,5.876333981394642,0.9180273208990316,1.9262530930600548,4.667047258816404,1.0,-1.5854938729224572,0.7394050924104307,-0.15876694580192924,0.6808264083147986,-3.14,2.1209445365699584
521,1.2099426950951382,0.7936254286609832,0.9014942102672894,5.876117638850406,0.9174754573149746,1.9262443167277814,4.666784758493371,1.0,-1.5860392895389117,0.7391003275444429,-0.1580022476699614,0.680867278539994,-3.14,2.120277412847625
522,1.2104501535443641,0.7941968512094062,0.9016612983220977,5.875901090611248,0.9169235245525138,1.9262358913113735,4.666523112270357,1.0,-1.5865847125123622,0.7387947113428623,-0.1572367894275757,0.6809080701810738,-3.14,2.119610233033437
523,1.2109575529984633,0.7947683313861028,0.901828159152104,5.8756843368937846,0.9163715239441783,1.9262278174963217,4.666262322184573,1.0,-1.5871301419415997,0.7384882423575968,-0.15647057018269062,0.6809487834333405,-3.14,2.118942997552065
524,1.2114648923547098,0.7953398678859976,0.9019947923883351,5.875467377918524,0.9158194568323575,1.9262200959678473,4.666002390279559,1.0,-1.5876755779195624,0.7381809191392352,-0.15570358904480014,0.680989418490314,-3.14,2.11827570683352
525,1.2119721705031965,0.7959114593942548,0.9021611976617105,5.875250213909882,0.9152673245693332,1.926212727410878,4.6657433186051716,1.0,-1.5882210205333143,0.7378727402370638,-0.154935845124983,0.6810299755437275,-3.14,2.1176083613131707
526,1.2124793863268148,0.7964831045862433,0.9023273746030627,5.8750328450962,0.9147151285173146,1.926205712510035,4.665485109217568,1.0,-1.5887664698640243,0.7375637041990774,-0.1541673375359094,0.6810704547835237,-3.14,2.116940961431758
527,1.2129865387012455,0.7970548021275038,0.902493322843155,5.874815271709764,0.9141628700484724,1.9261990519496037,4.665227764179187,1.0,-1.589311925986943,0.7372538095719967,-0.15339806539185066,0.6811108563978511,-3.14,2.1162735076354102
528,1.2134936264949345,0.7976265506737096,0.9026590420127066,5.874597493986831,0.9136105505449748,1.926192746413523,4.664971285558741,1.0,-1.5898573889713803,0.7369430549012823,-0.1526280278086872,0.6811511805730596,-3.14,2.1156060003756596
529,1.214000648569086,0.798198348870637,0.9028245317424087,5.874379512167638,0.9130581713990198,1.9261867965853576,4.664715675431189,1.0,-1.5904028588806836,0.7366314387311488,-0.151857223903917,0.6811914274936963,-3.14,2.1149384401094564
530,1.2145076037776412,0.7987701953541266,0.9029897916629487,5.8741613264964325,0.9125057340128726,1.9261812031482821,4.664460935877729,1.0,-1.5909483357722136,0.73631895960458,-0.1510856527966643,0.6812315973425018,-3.14,2.114270827299186
531,1.215014490967265,0.7993420887500524,0.9031548214050279,5.873942937221475,0.911953239798898,1.9261759667850586,4.6642070689857755,1.0,-1.5914938196973232,0.7360056160633436,-0.15031331360768738,0.681271690300405,-3.14,2.113603162412684
532,1.2155213089773327,0.7999140276742818,0.9033196205993862,5.873724344595079,0.9114006901795974,1.9261710881780154,4.663954076848944,1.0,-1.592039310701331,0.7356914066480091,-0.1495402054593896,0.6813117065465193,-3.14,2.112935445923253
533,1.2160280566399082,0.8004860107326444,0.9034841888768217,5.873505548873612,0.9108480865876437,1.9261665680090256,4.6637019615670345,1.0,-1.5925848088235008,0.7353763298979588,-0.14876632747582436,0.6813516462581378,-3.14,2.1122676783096783
534,1.2165347327797364,0.8010580365208947,0.9036485258682102,5.873286550317529,0.9102954304659145,1.9261624069594905,4.663450725246017,1.0,-1.5931303140970163,0.735060384351405,-0.14799167878270614,0.681391509610729,-3.14,2.111599860056243
535,1.2170413362142225,0.801630103624677,0.9038126312045305,5.873067349191382,0.9097427232675304,1.9261586057103124,4.663200369998008,1.0,-1.5936758265489566,0.7347435685454063,-0.14721625850741876,0.6814312967779318,-3.14,2.110931991652747
536,1.2175478657534167,0.8022022106194898,0.9039765045168838,5.87284794576385,0.909189966455888,1.9261551649418773,4.662950897941258,1.0,-1.5942213462002723,0.7344258810158834,-0.14644006577902483,0.6814710079315507,-3.14,2.1102640735945197
537,1.2180543202000023,0.8027743560706516,0.9041401454365167,5.87262834030774,0.908637161504697,1.9261520853340313,4.662702311200127,1.0,-1.5947668730657618,0.7341073202976316,-0.14566309972827235,0.6815106432415513,-3.14,2.1095961063824404
538,1.218560698349276,0.8033465385332619,0.9043035535948418,5.872408533100033,0.9080843098980148,1.9261493675660608,4.662454611905075,1.0,-1.5953124071540448,0.7337878849243404,-0.1448853594876053,0.6815502028760552,-3.14,2.108928090522952
539,1.2190669989891345,0.8039187565521684,0.9044667286234628,5.872188524421879,0.9075314131302834,1.92614701231667,4.662207802192637,1.0,-1.5958579484675381,0.7334675734286068,-0.14410684419117165,0.6815896870013345,-3.14,2.108260026528079
540,1.2195732209000612,0.8044910086619307,0.904629670154193,5.871968314558628,0.9069784727063633,1.926145020263959,4.661961884205405,1.0,-1.5964034970024308,0.7331463843419528,-0.14332755297483274,0.6816290957818074,-3.14,2.107591914915444
541,1.2200793628551057,0.805063293386781,0.9047923778190828,5.871747903799853,0.9064254901415726,1.9261433920854005,4.66171686009201,1.0,-1.5969490527486567,0.7328243161948405,-0.14254748497617145,0.6816684293800326,-3.14,2.1069237562082854
542,1.220585423619872,0.8056356092405916,0.9049548512504384,5.871527292439363,0.9058724669617199,1.9261421284578197,4.661472732007105,1.0,-1.597494615689871,0.7325013675166892,-0.14176663933450162,0.6817076879567038,-3.14,2.1062555509354737
543,1.2210914019525039,0.8062079547268377,0.9051170900808462,5.871306480775223,0.9053194047031417,1.9261412300573721,4.661229502111343,1.0,-1.5980401858034226,0.7321775368358906,-0.1409850151908765,0.6817468716706446,-3.14,2.105587299631528
544,1.2215972966036648,0.8067803283385585,0.9052790939431979,5.87108546910978,0.9047663049127398,1.9261406975595183,4.660987172571356,1.0,-1.598585763060327,0.7318528226798283,-0.14020261168809944,0.6817859806788029,-3.14,2.104919002836635
545,1.2221031063165286,0.8073527285583244,0.9054408624707108,5.870864257749672,0.9042131691480165,1.9261405316390032,4.660745745559737,1.0,-1.599131347425242,0.7315272235748896,-0.13941942797072962,0.6818250151362455,-3.14,2.1042506610966654
546,1.2226088298267583,0.8079251538581961,0.9056023952969529,5.8706428470058665,0.9036599989771102,1.9261407329698357,4.660505223255023,1.0,-1.5996769388564391,0.7312007380464852,-0.1386354631850933,0.6818639751961518,-3.14,2.103582274963191
547,1.223114465862496,0.808497602699693,0.9057636920558666,5.8704212371936535,0.9031067959788338,1.9261413022252603,4.6602656078416675,1.0,-1.6002225373057772,0.7308733646190654,-0.13785071647929217,0.6819028610098092,-3.14,2.102913844993503
548,1.2236200131443433,0.809070073533751,0.9059247523817933,5.8701994286326915,0.9025535617427104,1.9261422400777382,4.660026901510024,1.0,-1.600768142718674,0.7305451018161381,-0.13706518700321355,0.681941672726606,-3.14,2.10224537175063
549,1.2241254703853481,0.8096425648006886,0.9060855759094953,5.869977421647013,0.9020002978690105,1.926143547198923,4.659789106456327,1.0,-1.6013137550340795,0.7302159481602836,-0.13627887390853743,0.681980410494026,-3.14,2.1015768558033545
550,1.22463083629099,0.8102150749301708,0.9062461622741838,5.869755216565043,0.9014470059687874,1.926145224259638,4.659552224882666,1.0,-1.6018593741844487,0.7298859021731725,-0.1354917763487464,0.6820190744576428,-3.14,2.1009082977262317
551,1.225136109559162,0.8107876023411665,0.9064065111115378,5.86953281371963,0.9008936876639175,1.9261472719298522,4.659316258996967,1.0,-1.6024050000957109,0.7295549623755845,-0.13470389347913544,0.6820576647611127,-3.14,2.100239698099608
552,1.2256412888801582,0.8113601454419184,0.9065666220577356,5.86931021344806,0.9003403445871334,1.926149690878654,4.659081211012972,1.0,-1.6029506326872436,0.7292231272874251,-0.13391522445682125,0.6820961815461697,-3.14,2.0995710575096385
553,1.226146372936658,0.8119327026298999,0.9067264947494743,5.8690874160920705,0.8997869783820637,1.9261524817742328,4.658847083150213,1.0,-1.6034962718718433,0.7288903954277405,-0.1331257684407488,0.6821346249526183,-3.14,2.0989023765483044
554,1.226651360403709,0.8125052722917804,0.9068861288239979,5.868864421997881,0.8992335907032692,1.9261556452838513,4.658613877633992,1.0,-1.604041917555696,0.728556765314739,-0.1323355245917037,0.6821729951183272,-3.14,2.0982336558134334
555,1.2271562499487159,0.8130778528033873,0.9070455239191207,5.868641231516208,0.8986801832162807,1.9261591820738198,4.658381596695359,1.0,-1.6045875696383476,0.7282222354658078,-0.13154449207232038,0.6822112921792228,-3.14,2.097564895908717
556,1.2276610402314188,0.8136504425296667,0.9072046796732545,5.868417845002284,0.8981267575976367,1.9261630928094773,4.65815024257109,1.0,-1.6051332280126758,0.7278868043975285,-0.13075267004709024,0.6822495162692832,-3.14,2.096896097443729
557,1.2281657299038846,0.8142230398246476,0.907363595725432,5.868194262815882,0.8975733155349193,1.9261673781551636,4.657919817503662,1.0,-1.6056788925648597,0.727550470625697,-0.12996005768237154,0.6822876675205306,-3.14,2.0962272610339436
558,1.2286703176104887,0.8147956430314032,0.9075222717153357,5.86797048532133,0.8970198587267938,1.9261720387741939,4.657690323741228,1.0,-1.606224563174349,0.7272132326653423,-0.1291666541463992,0.6823257460630249,-3.14,2.095558387300756
559,1.2291748019879003,0.8153682504820129,0.907680707283322,5.8677465128875355,0.896466388883045,1.926177075328837,4.657461763537598,1.0,-1.6067702397138348,0.7268750890307427,-0.12837245860929308,0.6823637520248571,-3.14,2.0948894768715
560,1.2296791816650674,0.8159408604975227,0.9078389020704472,5.8675223458880055,0.895912907724617,1.9261824884802867,4.657234139152213,1.0,-1.6073159220492181,0.726536038235446,-0.1275774702430684,0.6824016855321418,-3.14,2.0942205303794665
561,1.2301834552632016,0.8165134713879091,0.9079968557184953,5.867297984700866,0.8953594169836483,1.9261882788886417,4.657007452850119,1.0,-1.6078616100395797,0.7261960787922868,-0.12678168822164404,0.6824395467090103,-3.14,2.0935515484639247
562,1.2306876213957647,0.8170860814520402,0.9081545678700031,5.8670734297088805,0.8948059184035118,1.9261944472128758,4.6567817069019455,1.0,-1.6084073035371491,0.7258552092134051,-0.1259851117208523,0.6824773356776037,-3.14,2.092882531770139
563,1.2311916786684514,0.8176586889776365,0.9083120381682906,5.866848681299472,0.8942524137388523,1.9262009941108127,4.656556903583877,1.0,-1.608953002387272,0.7255134280102659,-0.12518773991844792,0.6825150525580653,-3.14,2.0922134809493897
564,1.2316956256791756,0.8182312922412334,0.908469266257483,5.866623739864743,0.893698904755624,1.926207920239107,4.656333045177632,1.0,-1.6094987064283806,0.7251707336936766,-0.12438957199411753,0.6825526974685334,-3.14,2.091544396658992
565,1.2321994610180569,0.8188038895081408,0.9086262517825414,5.866398605801499,0.8931453932311306,1.926215226253208,4.656110133970435,1.0,-1.6100444154919589,0.7248271247738084,-0.12359060712949015,0.6825902705251334,-3.14,2.0908752795623164
566,1.2327031832674038,0.8193764790324071,0.908782994389291,5.866173279511258,0.8925918809540616,1.9262229128073427,4.65588817225499,1.0,-1.6105901294025136,0.7244825997602121,-0.12279084450814408,0.682627771841971,-3.14,2.0902061303288066
567,1.2332067910016977,0.8199490590567767,0.9089394937244464,5.8659477614002915,0.8920383697245319,1.9262309805544862,4.65566716232946,1.0,-1.6111358479775388,0.7241371571618405,-0.12199028331561912,0.6826652015311234,-3.14,2.089536949634001
568,1.2337102827875834,0.8205216278126559,0.90909574943564,5.865722051879619,0.8914848613541194,1.9262394301463344,4.655447106497434,1.0,-1.6116815710274857,0.7237907954870654,-0.12118892273942351,0.682702559702633,-3.14,2.088867738159552
569,1.2342136571838498,0.8210941835200697,0.9092517611714532,5.865496151365048,0.8909313576659046,1.9262482622332804,4.655228007067902,1.0,-1.6122272983557275,0.7234435132436982,-0.12038676196904516,0.6827398464644985,-3.14,2.0881984965932463
570,1.2347169127414153,0.8216667243876228,0.9094075285814409,5.865270060277189,0.8903778604945095,1.9262574774643866,4.655009866355232,1.0,-1.6127730297585268,0.7230953089390092,-0.11958380019595978,0.6827770619226669,-3.14,2.0875292256290234
571,1.235220048003317,0.8222392486124644,0.9095630513161622,5.865043779041472,0.8898243716861343,1.9262670764873575,4.654792686679137,1.0,-1.6133187650250025,0.7227461810797479,-0.11878003661364162,0.682814206181026,-3.14,2.0868599259669987
572,1.2357230615046924,0.8228117543802443,0.9097183290272095,5.864817308088172,0.8892708930985989,1.9262770599485144,4.6545764703646535,1.0,-1.6138645039370951,0.7223961281721611,-0.11797547041757114,0.6828512793413958,-3.14,2.086190598313481
573,1.2362259517727663,0.8233842398650779,0.909873361367236,5.864590647852422,0.8887174266013789,1.9262874284927671,4.654361219742109,1.0,-1.6144102462695336,0.7220451487220145,-0.11717010080524567,0.6828882815035204,-3.14,2.0855212433809958
574,1.2367287173268386,0.8239567032295018,0.9100281479899877,5.864363798774246,0.8881639740756476,1.926298182763587,4.654146937147094,1.0,-1.6149559917897993,0.7216932412346133,-0.11636392697618915,0.6829252127650596,-3.14,2.0848518618883025
575,1.237231356678265,0.8245291426244371,0.91018268855033,5.86413676129857,0.8876105374143137,1.9263093234029798,4.653933624920438,1.0,-1.6155017402580925,0.7213404042148204,-0.11555694813196034,0.6829620732215804,-3.14,2.084182454560418
576,1.2377338683304477,0.8251015561891513,0.9103369827042795,5.863909535875241,0.8870571185220596,1.9263208510514591,4.653721285408175,1.0,-1.616047491427297,0.7209866361670777,-0.1147491634761634,0.6829988629665488,-3.14,2.0835130221286353
577,1.23823625077882,0.8256739420512165,0.9104910301090331,5.8636821229590534,0.8865037193153807,1.926332766348017,4.653509920961517,1.0,-1.616593245042945,0.7206319355954272,-0.11394057221445644,0.6830355820913201,-3.14,2.082843565330547
578,1.2387385025108282,0.8262462983264672,0.9106448304229994,5.863454523009769,0.8859503417226283,1.9263450699300972,4.653299533936825,1.0,-1.6171390008431803,0.720276301003532,-0.11313117355456247,0.683072230685131,-3.14,2.0821740849100636
579,1.2392406220059236,0.8268186231189661,0.9107983833058274,5.863226736492135,0.885396987684043,1.9263577624335668,4.653090126695577,1.0,-1.617684758558724,0.7199197308946945,-0.11232096670627657,0.6831088088350908,-3.14,2.0815045816174362
580,1.2397426077355451,0.8273909145209606,0.9109516884184394,5.8629987638759005,0.884843659151799,1.9263708444926881,4.652881701604341,1.0,-1.6182305179128371,0.7195622237718805,-0.11150995088147767,0.6831453166261718,-3.14,2.0808350562092772
581,1.2402444581631047,0.8279631706128405,0.9111047454230603,5.862770605635852,0.8842903580900416,1.9263843167400914,4.652674261034741,1.0,-1.6187762786212843,0.7192037781377387,-0.11069812529413693,0.6831817541412005,-3.14,2.0801655094485816
582,1.2407461717439758,0.8285353894631049,0.9112575539832493,5.8625422622518135,0.8837370864749262,1.9263981798067429,4.652467807363427,1.0,-1.619322040392298,0.7188443924946204,-0.10988548916032664,0.6832181214608486,-3.14,2.079495942104749
583,1.2412477469254788,0.8291075691283151,0.9114101137639306,5.862313734208682,0.8831838462946594,1.9264124343219222,4.652262342972048,1.0,-1.6198678029265405,0.7184840653446025,-0.10907204169823019,0.6832544186636234,-3.14,2.078826354953604
584,1.2417491821468654,0.8296797076530577,0.9115624244314279,5.862085021996441,0.8826306395495381,1.9264270809131872,4.652057870247213,1.0,-1.6204135659170655,0.7181227951895108,-0.10825778212815307,0.6832906458258582,-3.14,2.07815674877742
585,1.2422504758393083,0.8302518030699029,0.9117144856534941,5.861856126110187,0.8820774682519893,1.9264421202063475,4.651854391580464,1.0,-1.6209593290492823,0.7177605805309375,-0.10744270967252978,0.6833268030217033,-3.14,2.0774871243649384
586,1.2427516264258849,0.8308238533993656,0.9118662970993421,5.861627047050142,0.8815243344266096,1.9264575528254373,4.651651909368244,1.0,-1.621505092000917,0.7173974198702643,-0.10662682355593411,0.6833628903231165,-3.14,2.0768174825113928
587,1.2432526323215647,0.8313958566498627,0.9120178584396813,5.861397785321683,0.880971240110206,1.9264733793926825,4.651450426011861,1.0,-1.6220508544419736,0.7170333117086864,-0.10581012300509017,0.6833989077998524,-3.14,2.0761478240185287
588,1.2437534919331983,0.8319678108176755,0.9121691693467465,5.861168341435353,0.8804181873518346,1.9264896005284733,4.651249943917457,1.0,-1.6225966160346963,0.7166682545472323,-0.10499260724888007,0.6834348555194533,-3.14,2.075478149694628
589,1.244254203659499,0.8325397138869056,0.9123202294943333,5.8609387159068875,0.8798651782128427,1.9265062168513334,4.651050465495974,1.0,-1.62314237643353,0.7163022468867862,-0.1041742755183543,0.6834707335472391,-3.14,2.0748084603545305
590,1.2447547658910343,0.8331115638294372,0.9124710385578305,5.860708909257235,0.879312214766906,1.9265232289778913,4.650851993163123,1.0,-1.6236881352850818,0.7159352872281101,-0.10335512704673976,0.6835065419462976,-3.14,2.0741387568196545
591,1.24525517701021,0.8336833586048938,0.9126215962142528,5.860478922012578,0.8787592991000711,1.926540637522849,4.650654529339345,1.0,-1.6242338922280803,0.715567374071866,-0.10253516106945101,0.6835422807774737,-3.14,2.0734690399180216
592,1.2457554353912597,0.8342550961605991,0.9127719021422762,5.860248754704348,0.8782064333107957,1.9265584430989535,4.650458076449779,1.0,-1.6247796468933366,0.7151985059186406,-0.10171437682409937,0.6835779500993593,-3.14,2.072799310484278
593,1.2462555394002286,0.8348267744315365,0.9129219560222707,5.860018407869251,0.8776536195099865,1.9265766463169631,4.650262636924229,1.0,-1.6253253989037044,0.7148286812689643,-0.10089277355050078,0.6836135499682833,-3.14,2.0721295693597184
594,1.246755487394964,0.8353983913403056,0.9130717575363355,5.859787882049288,0.8771008598210429,1.9265952477856205,4.650068213197122,1.0,-1.6258711478740386,0.7144578986233366,-0.10007035049068676,0.6836490804383006,-3.14,2.0714598173923067
595,1.2472552777251003,0.8359699447970833,0.9132213063683322,5.859557177791772,0.8765481563798948,1.926614248111619,4.649874807707482,1.0,-1.626416893411155,0.7140861564822497,-0.09924710688891436,0.6836845415611819,-3.14,2.070790055436701
596,1.2477549087320479,0.8365414326995825,0.9133706022039214,5.859326295649351,0.8759955113350444,1.926633647899574,4.649682422898885,1.0,-1.6269626351137894,0.7137134533462077,-0.09842304199167325,0.6837199333864025,-3.14,2.070120284354276
597,1.248254378748978,0.8371128529330093,0.9135196447305964,5.859095236180032,0.8754429268476056,1.9266534477519899,4.649491061219431,1.0,-1.627508372572556,0.7133397877157537,-0.09759815504769652,0.683755255961132,-3.14,2.0694505050131453
598,1.248753686100814,0.8376842033700242,0.9136684336377182,5.858863999947191,0.874890405091346,1.9266736482692304,4.649300725121696,1.0,-1.6280541053699062,0.7129651580914907,-0.09677244530797036,0.6837905093302231,-3.14,2.068780718288186
599,1.2492528291042158,0.8382554818706982,0.9138169686165545,5.858632587519606,0.8743379482527268,1.9266942500494846,4.649111417062707,1.0,-1.6285998330800848,0.7125895629741081,-0.09594591202574337,0.6838256935362006,-3.14,2.0681109250610614
600,1.2497518060675707,0.838826686282474,0.9139652493603093,5.858400999471467,0.8737855585309426,1.926715253688739,4.6489231395038955,1.0,-1.6291455552690906,0.7122130008644002,-0.09511855445653408,0.6838608086192502,-3.14,2.067441126220244
601,1.250250615290978,0.8393978144401228,0.9141132755641657,5.858169236382402,0.8732332381379635,1.926736659780742,4.648735894911063,1.0,-1.6296912714946306,0.7118354702632952,-0.09429037185814293,0.6838958546172071,-3.14,2.06677132266104
602,1.2507492550662398,0.8399688641657032,0.9142610469253193,5.857937298837495,0.8726809892985758,1.9267584689169728,4.6485496857543405,1.0,-1.6302369813060789,0.7114569696718769,-0.09346136349066002,0.6839308315655447,-3.14,2.066101515285612
603,1.2512477236768473,0.8405398332685192,0.914408563143013,5.85770518742731,0.8721288142504214,1.9267806816866118,4.648364514508155,1.0,-1.630782684244433,0.711077497591407,-0.09263152861647375,0.6839657394973632,-3.14,2.065431705003005
604,1.2517460193979701,0.8411107195450815,0.9145558239185777,5.857472902747906,0.871576715244039,1.9268032986765034,4.648180383651182,1.0,-1.631328379842271,0.7106970525233521,-0.09180086650028148,0.6840005784433779,-3.14,2.0647618927291673
605,1.2522441404964453,0.841681520779062,0.9147028289554672,5.857240445400858,0.8710246945429072,1.9268263204711285,4.647997295666312,1.0,-1.6318740676237051,0.7103156329694069,-0.0909693764090986,0.6840353484319074,-3.14,2.0640920793869766
606,1.2527420852307622,0.8422522347412524,0.9148495779592979,5.857007815993289,0.8704727544234824,1.9268497476525674,4.6478152530406085,1.0,-1.6324197471043398,0.7099332374315185,-0.09013705761226662,0.6840700494888615,-3.14,2.0634222659062638
607,1.2532398518510557,0.8428228591895272,0.9149960706378829,5.856775015137865,0.8699208971752413,1.9268735808004702,4.647634258265266,1.0,-1.6329654177912267,0.7095498644119099,-0.08930390938146278,0.6841046816377302,-3.14,2.062752453223837
608,1.2537374385990931,0.8433933918687967,0.9151423067012754,5.856542043452841,0.8693691251007221,1.92689782049202,4.64745431383557,1.0,-1.6335110791828182,0.7091655124131089,-0.08846993099071124,0.68413924489957,-3.14,2.0620826422835057
609,1.2542348437082615,0.8439638305109658,0.9152882858618022,5.856308901562071,0.8688174405155648,1.926922467301905,4.647275422250858,1.0,-1.6340567307689244,0.7087801799379667,-0.08763512171638815,0.6841737392929933,-3.14,2.0614128340361066
610,1.254732065403561,0.8445341728348963,0.915434007834105,5.8560755900950205,0.8682658457485526,1.9269475218022765,4.647097586014472,1.0,-1.6346023720306657,0.7083938654896889,-0.08679948083723464,0.6842081648341548,-3.14,2.060743029439527
611,1.255229101901587,0.8451044165463595,0.9155794723351801,5.8558421096868,0.8677143431416539,1.9269729845627248,4.646920807633723,1.0,-1.6351480024404275,0.7080065675718561,-0.08596300763436336,0.68424252153674,-3.14,2.0600732294587285
612,1.2557259514105268,0.8456745593379983,0.9157246790844156,5.855608460978179,0.867162935050061,1.9269988561502387,4.646745089619843,1.0,-1.6356936214618139,0.7076182846884526,-0.08512570139126906,0.684276809411952,-3.14,2.059403435065775
613,1.256222612130144,0.846244598889284,0.9158696278036318,5.855374644615601,0.8666116238422339,1.927025137129174,4.646570434487943,1.0,-1.6362392285496017,0.7072290153438894,-0.08428756139383665,0.684311028468499,-3.14,2.0587336472398556
614,1.2567190822517715,0.8468145328664726,0.9160143182171218,5.855140661251216,0.8660604118999405,1.927051828061218,4.64639684475697,1.0,-1.636784823149692,0.7068387580430314,-0.08344858693035069,0.6843451787125817,-3.14,2.058063866967309
615,1.2572153599582978,0.8473843589225664,0.9161587500516908,5.854906511542885,0.8655093016182964,1.9270789295053576,4.646224322949667,1.0,-1.6373304046990649,0.706447511291221,-0.08260877729150289,0.6843792601478803,-3.14,2.05739409524165
616,1.2577114434241596,0.8479540746972672,0.9163029230366997,5.8546721961542145,0.8649582954058097,1.9271064420178392,4.646052871592517,1.0,-1.637875972625729,0.7060552735943084,-0.08176813177040446,0.6844132727755409,-3.14,2.0567243330635954
617,1.2582073308153299,0.8485236778169392,0.9164468369040996,5.854437715754566,0.8644073956844183,1.9271343661521405,4.645882493215713,1.0,-1.638421526348677,0.7056620434586716,-0.08092664966259049,0.6844472165941631,-3.14,2.0560545814410873
618,1.2587030202893101,0.8490931658945634,0.916590491388479,5.85420307101908,0.8638566048895331,1.927162702458931,4.645713190353099,1.0,-1.6389670652778345,0.7052678193912475,-0.08008433026603247,0.6844810915997864,-3.14,2.055384841389321
619,1.2591985099951195,0.8496625365296953,0.9167338862271028,5.853968262628699,0.8633059254700811,1.9271914514860373,4.645544965542133,1.0,-1.639512588814012,0.7048725998995568,-0.07924117288114567,0.6845148977858765,-3.14,2.054715113930769
620,1.2596937980732834,0.8502317873084257,0.9168770211599541,5.85373329127018,0.8627553598885424,1.9272206137784103,4.645377821323836,1.0,-1.6400580963488576,0.7044763834917285,-0.07839717681079693,0.6845486351433122,-3.14,2.054045400095207
621,1.2601888826558285,0.8508009158033365,0.9170198959297757,5.853498157636117,0.862204910620995,1.9272501898780858,4.6452117602427485,1.0,-1.6406035872648053,0.704079168676529,-0.07755234136031514,0.6845823036603715,-3.14,2.053375700919741
622,1.2606837618662712,0.8513699195734575,0.9171625102821146,5.853262862424963,0.8616545801571557,1.9272801803241515,4.645046784846879,1.0,-1.6411490609350263,0.7036809539633879,-0.0767066658374987,0.6846159033227179,-3.14,2.0527060174488314
623,1.2611784338196055,0.8519387961642262,0.9173048639653625,5.8530274063410515,0.86110437100042,1.9273105856527109,4.64488289768766,1.0,-1.6416945167233796,0.7032817378624246,-0.07586014955262414,0.6846494341133863,-3.14,2.052036350734321
624,1.2616728966223003,0.8525075431074435,0.917446956730801,5.852791790094609,0.8605542856679058,1.9273414063968424,4.644720101319899,1.0,-1.64223995398436,0.7028815188844775,-0.0750127918184564,0.6846828960127688,-3.14,2.05136670183546
625,1.2621671483722847,0.8530761579212337,0.9175887883326421,5.85255601440178,0.8600043266904916,1.9273726430865723,4.644558398301728,1.0,-1.6427853720630492,0.7024802955411265,-0.07416459195025475,0.6847162889986014,-3.14,2.050697071818934
626,1.262661187158945,0.8536446381100007,0.9177303585280739,5.852320079984642,0.8594544966128616,1.9274042962488285,4.644397791194555,1.0,-1.6433307702950637,0.7020780663447241,-0.07331554926578242,0.6847496130459488,-3.14,2.0500274617588867
627,1.263155011063112,0.8542129811643853,0.9178716670773053,5.852083987571232,0.8589047979935439,1.927436366407409,4.644238282563015,1.0,-1.643876148006503,0.7016748298084239,-0.07246566308531657,0.6847828681271901,-3.14,2.0493578727369512
628,1.263648618157056,0.8547811845612251,0.9180127137436075,5.851847737895556,0.8583552334049538,1.9274688540829454,4.644079874974921,1.0,-1.6444215045138988,0.7012705844462033,-0.07161493273165317,0.684816054212005,-3.14,2.048688305842274
629,1.264142006504474,0.8553492457635072,0.9181534982933622,5.8516113316976215,0.8578058054334361,1.9275017597928612,4.643922571001208,1.0,-1.6449668391241612,0.7008653287728974,-0.0707633575301198,0.6848491712673577,-3.14,2.0480187621715418
630,1.2646351741604893,0.855917162220334,0.9182940204961033,5.85137476972344,0.8572565166793024,1.9275350840513399,4.643766373215889,1.0,-1.6455121511345288,0.700459061304221,-0.06991093680857936,0.6848822192574838,-3.14,2.0473492428290094
631,1.265128119171637,0.8564849313668723,0.9184342801245654,5.851138052725061,0.8567073697568783,1.9275688273692835,4.6436112841959964,1.0,-1.6460574398325127,0.7000517805568018,-0.06905766989744223,0.6849151981438738,-3.14,2.0466797489265263
632,1.2656208395758604,0.8570525506243162,0.9185742769547265,5.850901181460588,0.8561583672945393,1.9276029902542764,4.643457306521537,1.0,-1.646602704495846,0.6996434850482048,-0.06820355612967123,0.6849481078852593,-3.14,2.046010281583564
633,1.2661133334025036,0.8576200173998437,0.918714010765856,5.850664156694185,0.8556095119347568,1.9276375732105473,4.643304442775431,1.0,-1.6471479443924282,0.699234173296963,-0.06734859484079225,0.6849809484375967,-3.14,2.045340841927243
634,1.266605598672301,0.8581873290865721,0.9188534813405593,5.850426979196115,0.8550608063341367,1.9276725767389309,4.643152695543467,1.0,-1.6476931587802721,0.6988238438226045,-0.06649278536890077,0.6850137197540528,-3.14,2.04467143109236
635,1.267097633397377,0.8587544830635209,0.9189926884648273,5.850189649742744,0.85451225316346,1.9277080013368306,4.643002067414242,1.0,-1.6482383469074504,0.6984124951456813,-0.06563612705466927,0.6850464217849889,-3.14,2.0440020502214167
636,1.2675894355812323,0.8593214766955626,0.9191316319280798,5.849952169116565,0.853963855107729,1.9277438474981767,4.642852560979111,1.0,-1.6487835080120383,0.6980001257877998,-0.06477861924135793,0.6850790544779448,-3.14,2.0433327004646458
637,1.2680810032187413,0.8598883073333856,0.9192703115232176,5.84971453810622,0.8534156148662028,1.927780115713392,4.642704178832128,1.0,-1.649328641322061,0.697586734271648,-0.06392026127481958,0.685111617777624,-3.14,2.04266338298004
638,1.2685723342961466,0.8604549723134493,0.9194087270466649,5.849476757506513,0.8528675351524431,1.9278168064693482,4.642556923569996,1.0,-1.6498737460554365,0.6971723191210253,-0.06306105250350941,0.685144111625877,-3.14,2.0419940989333782
639,1.2690634267910514,0.8610214689579436,0.919546878298419,5.84923882811843,0.8523196186943518,1.9278539202493339,4.64241079779201,1.0,-1.6504188214199222,0.6967568788608697,-0.062200992278490345,0.685176535961686,-3.14,2.041324849498255
640,1.2695542786724117,0.8615877945747437,0.9196847650821032,5.849000750749166,0.8517718682342168,1.9278914575330062,4.642265804099996,1.0,-1.6509638666130555,0.6963404120172911,-0.06134007995344358,0.6852088907211482,-3.14,2.0406556358561097
641,1.2700448879005366,0.8621539464573726,0.9198223872050096,5.848762526212122,0.8512242865287488,1.9279294187963574,4.642121945098255,1.0,-1.6515088808221,0.6959229171175986,-0.06047831488467467,0.6852411758374597,-3.14,2.039986459196251
642,1.270535252427077,0.8627199218849537,0.9199597444781511,5.848524155326949,0.8506768763491255,1.9279678045116735,4.641979223393516,1.0,-1.652053863223986,0.6955043926903294,-0.05961569643112099,0.685273391240899,-3.14,2.0393173207158894
643,1.271025370195025,0.8632857181221709,0.9200968367163099,5.848285638919555,0.8501296404810316,1.9280066151474944,4.641837641594864,1.0,-1.6525988129852567,0.6950848372652799,-0.058752223954358924,0.6853055368588111,-3.14,2.038648221620162
644,1.2715152391387037,0.8638513324192282,0.9202336637380879,5.848046977822114,0.8495825817247002,1.9280458511685747,4.641697202313688,1.0,-1.6531437292620068,0.6946642493735347,-0.05788789681861184,0.6853376126155902,-3.14,2.0379791631221638
645,1.2720048571837688,0.8644167620118024,0.9203702253659588,5.847808172873106,0.8490357028949551,1.9280855130358399,4.641557908163624,1.0,-1.6536886111998264,0.6942426275474984,-0.05702271439075751,0.6853696184326628,-3.14,2.0373101464429744
646,1.2724942222472004,0.8649820041210086,0.9205065214263133,5.847569224917304,0.8484890068212496,1.9281256012063515,4.641419761760489,1.0,-1.6542334579337428,0.6938199703209235,-0.056156676040333996,0.6854015542284712,-3.14,2.0366411728116884
647,1.2729833322373,0.8655470559533494,0.9206425517495168,5.847330134805828,0.8479424963477108,1.9281661161332593,4.641282765722228,1.0,-1.65477826858816,0.6933962762289442,-0.0552897811395495,0.6854334199184559,-3.14,2.0359722434654435
648,1.2734721850536843,0.8661119147006792,0.9207783161699556,5.847090903396135,0.8473961743331775,1.928207058265769,4.64114692266885,1.0,-1.6553230422768017,0.6929715438081019,-0.054422029063285395,0.6854652154150389,-3.14,2.035303359649449
649,1.2739607785872853,0.8666765775401597,0.9209138145260899,5.846851531552051,0.8468500436512432,1.928248428049092,4.641012235222363,1.0,-1.6558677781026498,0.6925457715963815,-0.053553419189107415,0.6854969406276064,-3.14,2.0346345226170164
650,1.2744491107203457,0.8672410416342181,0.9210490466605075,5.84661202014378,0.8463041071902968,1.9282902259244121,4.6408787060067205,1.0,-1.6564124751578861,0.6921189581332372,-0.0526839508972682,0.6855285954624906,-3.14,2.033965733629586
651,1.274937179326412,0.867805304130505,0.9211840124199748,5.846372370047931,0.8457583678535633,1.9283324523288379,4.640746337647751,1.0,-1.65695713252383,0.6916911019596286,-0.051813623570719114,0.6855601798229524,-3.14,2.0332969939567604
652,1.2754249822703372,0.868369362161854,0.9213187116554887,5.846132582147523,0.8452128285591444,1.928375107695364,4.6406151327731004,1.0,-1.6575017492708795,0.6912622016180464,-0.05094243659511196,0.6855916936091643,-3.14,2.032628304876329
653,1.275912517408275,0.868933212846237,0.9214531442223322,5.8458926573320165,0.8446674922400598,1.9284181924528305,4.640485094012168,1.0,-1.6580463244584496,0.6908322556525476,-0.0500703893588082,0.6856231367181912,-3.14,2.031959667674301
654,1.2763997825876767,0.8694968532867242,0.9215873099801256,5.845652596497319,0.8441223618442891,1.9284617070258776,4.640356223996037,1.0,-1.6585908571349097,0.6904012626087862,-0.049197481252885825,0.6856545090439732,-3.14,2.031291083644934
655,1.2768867756472924,0.8700602805714419,0.9217212087928829,5.845412400545816,0.8435774403348097,1.9285056518349033,4.6402285253574185,1.0,-1.659135346337523,0.6899692210340445,-0.04832371167114473,0.6856858104773071,-3.14,2.030622554090765
656,1.2773734944171642,0.870623491773532,0.9218548405290627,5.845172070386367,0.8430327306896406,1.9285500272960245,4.640102000730579,1.0,-1.659679791092384,0.6895361294772627,-0.047449080010112304,0.6857170409058285,-3.14,2.029954080322638
657,1.2778599367186299,0.8711864839511084,0.9219882050616259,5.844931606934339,0.8424882359018808,1.9285948338210326,4.639976652751278,1.0,-1.6602241904143553,0.6891019864890742,-0.046573585669051405,0.6857482002139926,-3.14,2.0292856636597354
658,1.2783461003643182,0.8717492541472164,0.922121302268089,5.844691011111624,0.8419439589797505,1.9286400718173493,4.639852484056701,1.0,-1.6607685433070054,0.688666790621835,-0.04569722804996497,0.6857792882830562,-3.14,2.028617305429608
659,1.278831983158148,0.8723117993897905,0.9222541320305812,5.844450283846644,0.8413999029466332,1.928685741687982,4.639729497285392,1.0,-1.661312848762543,0.6882305404296589,-0.04482000655760397,0.685810304991058,-3.14,2.027949006968206
660,1.2793175828953296,0.8728741166916149,0.9223866942358977,5.844209426074377,0.8408560708411132,1.9287318438314862,4.6396076950771885,1.0,-1.6618571057617566,0.6877932344684448,-0.04394192059946985,0.6858412502128011,-3.14,2.0272807696199076
661,1.2798028973623614,0.8734362030502786,0.9225189887755596,5.843968438736371,0.8403124657170183,1.928778378641918,4.639487080073148,1.0,-1.6624013132739472,0.6873548712959138,-0.04306296958582398,0.6858721238198324,-3.14,2.026612594737551
662,1.280287924337033,0.8739980554481384,0.9226510155458669,5.843727322780757,0.8397690906434592,1.9288253465087895,4.639367654915485,1.0,-1.6629454702568653,0.6869154494716395,-0.042183152929690645,0.6859029256804249,-3.14,2.025944483682464
663,1.280772661588422,0.8745596708522734,0.9227827744479586,5.843486079162272,0.8392259487048701,1.928872747817027,4.639249422247498,1.0,-1.6634895756566443,0.6864749675570827,-0.04130247004686529,0.6859336556595566,-3.14,2.025276437824496
664,1.2812571068768959,0.8751210462144468,0.9229142653878667,5.843244708842269,0.8386830430010482,1.9289205829469265,4.6391323847135,1.0,-1.6640336284077373,0.6860334241156203,-0.040420920355916816,0.6859643136188925,-3.14,2.0246084585420476
665,1.281741257954115,0.875682178471064,0.9230454882765772,5.843003212788733,0.8381403766471944,1.9289688522741097,4.63901654495875,1.0,-1.664577627432849,0.6855908177125827,-0.03953850327819539,0.6859948994167643,-3.14,2.0239405472221015
666,1.2822251125630284,0.876243064543131,0.9231764430300867,5.842761591976304,0.837597952773953,1.9290175561694782,4.638901905629381,1.0,-1.6651215716428707,0.6851471469152836,-0.038655218237836034,0.6860254129081506,-3.14,2.023272705260254
667,1.2827086684378801,0.8768037013362128,0.9233071295694616,5.842519847386289,0.837055774527451,1.9290666949991704,4.638788469372327,1.0,-1.6656654599368135,0.6847024102930551,-0.03777106466176451,0.686055853944657,-3.14,2.0226049340607464
668,1.2831919233042088,0.877364085740396,0.9234375478208975,5.842277980006666,0.8365138450693398,1.9291162691245145,4.638676238835249,1.0,-1.6662092912017403,0.6842566064172816,-0.03688604197970294,0.6860862223744957,-3.14,2.021937235036496
669,1.2836748748788487,0.8779242146302443,0.9235676977157772,5.842035990832121,0.8359721675768323,1.9291662789019854,4.638565216666467,1.0,-1.6667530643126995,0.6838097338614312,-0.03600014962417311,0.686116518042466,-3.14,2.021269609609127
670,1.2841575208699352,0.8784840848647596,0.9236975791907313,5.841793880864045,0.8354307452427444,1.9292167246831597,4.6384554055148834,1.0,-1.6672967781326566,0.6833617912010908,-0.035113387030502166,0.6861467407899333,-3.14,2.0206020592090024
671,1.2846398589769017,0.879043693287341,0.9238271921876997,5.841551651110561,0.8348895812755336,1.9292676068146666,4.638346808029909,1.0,-1.6678404315124258,0.6829127770139997,-0.03422575363682698,0.6861768904548086,-3.14,2.0199345852752555
672,1.28512188689049,0.8796030367257447,0.9239565366539908,5.841309302586529,0.8343486788993391,1.9293189256381489,4.638239426861388,1.0,-1.668384023290601,0.6824626898800835,-0.03333724888409831,0.6862069668715278,-3.14,2.0192671892558223
673,1.2856036022927468,0.8801621119920433,0.9240856125423429,5.841066836313575,0.83380804135402,1.9293706814902072,4.638133264659522,1.0,-1.6689275522934874,0.682011528381489,-0.03244787221608616,0.686236969871031,-3.14,2.018599872607472
674,1.2860850028570316,0.880720915882586,0.9242144198109858,5.840824253320088,0.8332676718951956,1.9294228747023658,4.638028324074796,1.0,-1.6694710173350318,0.6815592911026158,-0.031557623079382244,0.6862668992807415,-3.14,2.0179326367958397
675,1.28656608624802,0.8812794451779591,0.9243429584237024,5.840581554641243,0.8327275737942842,1.9294755056010162,4.637924607757899,1.0,-1.670014417216752,0.6811059766301538,-0.03066650092340551,0.6862967549245444,-3.14,2.017265483295458
676,1.2870468501217054,0.8818376966429426,0.924471228349892,5.8403387413190275,0.8321877503385418,1.929528574507376,4.63782211835965,1.0,-1.6705577507276665,0.6806515835531161,-0.02977450520040537,0.6863265366227655,-3.14,2.01659841358979
677,1.287527292125407,0.882395667026477,0.9245992295646315,5.840095814402229,0.8316482048310998,1.9295820817374425,4.637720858530916,1.0,-1.671101016644226,0.6801961104628725,-0.028881635365465015,0.68635624419215,-3.14,2.015931429171261
678,1.2880074098977732,0.8829533530616158,0.9247269620487408,5.8398527749464755,0.8311089405910069,1.9296360276019404,4.637620830922536,1.0,-1.6716442137302376,0.6797395559531886,-0.027987890876507097,0.6863858774458401,-3.14,2.01526453154129
679,1.2884872010687871,0.8835107514654915,0.9248544257888442,5.8396096240142334,0.8305699609532643,1.929690412406282,4.637522038185242,1.0,-1.6721873407367984,0.679281918620254,-0.027093271194293684,0.6864154361933545,-3.14,2.014597722210323
680,1.2889666632597714,0.8840678589392738,0.9249816207774363,5.839366362674827,0.8300312692688663,1.9297452364505148,4.637424482969576,1.0,-1.672730396402219,0.6788231970627239,-0.026197775782433177,0.6864449202405651,-3.14,2.0139310026978663
681,1.289445794083398,0.8846246721681315,0.9251085470129445,5.839122992004449,0.8294928689048371,1.9298005000292764,4.637328167925812,1.0,-1.6732733794519545,0.6783633898817498,-0.025301404107380954,0.6864743293896759,-3.14,2.0132643745325183
682,1.2899245911436878,0.8851811878211907,0.9252352044997957,5.838879513086182,0.8289547632442705,1.9298562034317464,4.637233095703877,1.0,-1.6738162885985295,0.6779024956810163,-0.024404155638443472,0.6865036634392004,-3.14,2.0125978392520016
683,1.2904030520360263,0.8857374025514992,0.9253615932484802,5.8386359270099994,0.8284169556863671,1.9299123469415977,4.637139268953263,1.0,-1.6743591225414656,0.6774405130667771,-0.023506029847780933,0.6865329221839392,-3.14,2.0119313984031977
684,1.290881174347164,0.8862933129959862,0.9254877132756192,5.838392234872789,0.8278794496464715,1.9299689308369485,4.63704669032295,1.0,-1.6749018799672077,0.6769774406478895,-0.02260702621040995,0.6865621054149578,-3.14,2.0112650535421777
685,1.2913589556552243,0.8868489157754214,0.9256135646040292,5.83814843777836,0.8273422485561124,1.9300259553903172,4.636955362461321,1.0,-1.67544455954905,0.6765132770358502,-0.021707144204206066,0.6865912129195629,-3.14,2.0105988062342375
686,1.2918363935297164,0.8874042074943786,0.9257391472627894,5.837904536837464,0.8268053558630372,1.9300834208685689,4.636865288016079,1.0,-1.6759871599470608,0.6760480208448315,-0.020806383309905745,0.6866202444812809,-3.14,2.0099326580539296
687,1.29231348553154,0.8879591847411987,0.9258644612873093,5.837660533167793,0.8262687750312517,1.9301413275328705,4.636776469634158,1.0,-1.676529679808009,0.6755816706917166,-0.019904743011109144,0.686649199879834,-3.14,2.0092666105850974
688,1.292790229212995,0.8885138440879484,0.9259895067193936,5.837416427894003,0.8257325095410565,1.930199675638642,4.636688909961644,1.0,-1.677072117765287,0.6751142251961357,-0.019002222794281064,0.6866780788911172,-3.14,2.008600665420907
689,1.293266622117789,0.8890681820903827,0.9261142836073165,5.837172222147728,0.8251965628890846,1.9302584654355024,4.636602611643687,1.0,-1.677614472438835,0.6746456829805046,-0.018098822148755536,0.6867068812871748,-3.14,2.007934824163884
690,1.2937426617810512,0.8896221952879091,0.9262387920058819,5.836927917067579,0.8246609385883372,1.930317697167228,4.636517577324412,1.0,-1.6781567424350674,0.6741760426700554,-0.017194540566733203,0.6867356068361777,-3.14,2.0072690884259425
691,1.2942183457293368,0.8901758802035462,0.9263630319764973,5.8366835137991755,0.8241256401682222,1.9303773710716996,4.636433809646837,1.0,-1.6786989263467929,0.673705302892878,-0.016289377543286035,0.6867642553023987,-3.14,2.0066034598284226
692,1.2946936714806419,0.8907292333438903,0.9264870035872425,5.836439013495135,0.8235906711745894,1.9304374873808505,4.63635131125278,1.0,-1.6792410227531387,0.6732334622799541,-0.015383332576357388,0.6867928264461892,-3.14,2.005937940002122
693,1.295168636544414,0.8912822511990737,0.9266107069129387,5.836194417315104,0.8230560351697682,1.9304980463206196,4.636270084782775,1.0,-1.6797830302194734,0.672760519465195,-0.014476405166763764,0.6868213200239554,-3.14,2.0052725305873325
694,1.29564323842156,0.891834930242732,0.9267341420352185,5.835949726425753,0.8225217357326027,1.9305590481109014,4.636190132875976,1.0,-1.6803249472973283,0.6722864730854785,-0.0135685948181957,0.6868497357881337,-3.14,2.0046072332338696
695,1.2961174746044608,0.8923872669319611,0.9268573090425978,5.835704942000803,0.8219877764584893,1.930620492965495,4.6361114581700775,1.0,-1.6808667725243198,0.6718113217806837,-0.012659901037217175,0.6868780734871668,-3.14,2.0039420496011116
696,1.296591342576983,0.8929392577072868,0.9269802080305443,5.835460065221029,0.82145416095941,1.9306823810920546,4.636034063301216,1.0,-1.6814085044240703,0.6713350641937297,-0.011750323333267702,0.6869063328654791,-3.14,2.00327698135803
697,1.2970648398144915,0.8934908989926245,0.9271028391015517,5.8352150972742605,0.8209208928639715,1.9307447126920374,4.63595795090388,1.0,-1.6819501415061293,0.6708576989706116,-0.010839861218661493,0.6869345136634523,-3.14,2.002612030183226
698,1.2975379637838613,0.8940421871952426,0.9272252023652114,5.8349700393554125,0.8203879758174376,1.9308074879606556,4.635883123610822,1.0,-1.6824916822658926,0.6703792247604395,-0.009928514208588882,0.6869626156174001,-3.14,2.0019471977649643
699,1.2980107119434925,0.8945931187057278,0.9273472979382829,5.83472489266648,0.819855413481767,1.9308707070868225,4.635809584052961,1.0,-1.6830331251845239,0.6698996402154734,-0.009016281821114979,0.686990638459544,-3.14,2.001282485801207
700,1.2984830817433233,0.8951436898979475,0.9274691259447686,5.834479658416555,0.8193232095356471,1.9309343702531037,4.635737334859292,1.0,-1.683574468728873,0.6694189439911626,-0.008103163577180161,0.6870185819179876,-3.14,2.0006178959996492
701,1.2989550706248454,0.8956938971290158,0.9275906865159863,5.834234337821835,0.8187913676745282,1.9309984776356657,4.635666378656795,1.0,-1.684115711351396,0.6689371347461804,-0.007189159000598628,0.6870464457166916,-3.14,1.9999534300777526
702,1.2994266760211186,0.8962437367392561,0.9277119797906452,5.833988932105628,0.8182598916106607,1.9310630294042233,4.6355967180703335,1.0,-1.684656851490073,0.6684542111424656,-0.0062742676180594925,0.6870742295754485,-3.14,1.9992890897627815
703,1.2998978953567837,0.8967932050521658,0.9278330059149171,5.833743442498372,0.817728785073128,1.931128025721987,4.635528355722563,1.0,-1.685197887568326,0.6679701718452584,-0.005358488959124922,0.6871019332098565,-3.14,1.998624876791837
704,1.3003687260480838,0.8973422983743835,0.9279537650425116,5.833497870237636,0.8171980518078791,1.931193466745614,4.635461294233838,1.0,-1.6857388179949389,0.6674850155231362,-0.0044418225562278734,0.6871295563312945,-3.14,1.9979607929118919
705,1.3008391655028748,0.8978910129956515,0.9280742573347535,5.833252216568129,0.8166676955777658,1.9312593526251578,4.63539553622211,1.0,-1.6862796411639727,0.6669987408480528,-0.0035242679446716944,0.687157098646896,-3.14,1.9972968398798259
706,1.301309211120645,0.8984393451887815,0.9281944829606577,5.833006482741711,0.8161377201625754,1.9313256835040093,4.635331084302835,1.0,-1.6868203554546826,0.6665113464953785,-0.0026058246626291083,0.6871845598595225,-3.14,1.9966330194624609
707,1.3017788602925306,0.8989872912096206,0.9283144420970031,5.832760670017406,0.815608129359063,1.931392459518851,4.6352679410888715,1.0,-1.6873609592314356,0.6660228311439353,-0.0016864922511400206,0.6872119396677377,-3.14,1.9959693334365964
708,1.3022481104013397,0.8995348472970178,0.928434134928413,5.832514779661402,0.8150789269809867,1.9314596807996005,4.635206109190382,1.0,-1.687901450843626,0.6655331934760373,-0.0007662702541089725,0.6872392377657813,-3.14,1.9953057835890444
709,1.3027169588215595,0.9000820096727884,0.9285535616474299,5.832268812947063,0.8145501168591399,1.9315273474693604,4.635145591214738,1.0,-1.6884418286255904,0.6650424321775273,0.00015484178169617965,0.6872664538435419,-3.14,1.9946423717166655
710,1.3031854029193854,0.9006287745416826,0.9286727224545919,5.832022771154935,0.8140217028413832,1.9315954596443634,4.635086389766415,1.0,-1.6889820908965247,0.6645505459378148,0.0010768443066484414,0.6872935875865308,-3.14,1.993979099626403
711,1.3036534400527342,0.9011751380913493,0.9287916175585149,5.8317766555727575,0.8134936887926788,1.931664017433923,4.635028507446896,1.0,-1.6895222359603972,0.6640575334499154,0.0019997377682631568,0.6873206386758551,-3.14,1.9933159691353206
712,1.304121067571267,0.9017210964923055,0.9289102471759658,5.831530467495465,0.8129660785951217,1.9317330209403756,4.634971946854566,1.0,-1.6900622621058634,0.6635633934104896,0.00292352261120104,0.6873476067881901,-3.14,1.9926529820706362
713,1.304588282816407,0.9022666458979002,0.9290286115319467,5.831284208225203,0.8124388761479727,1.9318024702590295,4.63491671058461,1.0,-1.69060216760618,0.663068124519882,0.0038481992772713214,0.6873744915957524,-3.14,1.9919901402697595
714,1.3050550831213639,0.9028117824442863,0.9291467108597702,5.831037879071323,0.8119120853676888,1.9318723654781118,4.634862801228916,1.0,-1.6911419507191188,0.6625717254821573,0.0047737682054360235,0.6874012927662728,-3.14,1.991327445580326
715,1.3055214658111494,0.9033565022503836,0.9292645454011436,5.830791481350397,0.8113857101879565,1.9319427066787132,4.634810221375964,1.0,-1.691681609686879,0.6620741950051422,0.005700229831812991,0.6874280099629686,-3.14,1.9906648998602348
716,1.305987428202606,0.9039008014178495,0.929382115406243,5.830545016386225,0.8108597545597219,1.9320134939347366,4.634758973610725,1.0,-1.6922211427360008,0.6615755318004615,0.006627584589680399,0.6874546428445155,-3.14,1.9900025049776828
717,1.3064529676044252,0.9044446760310476,0.9294994211338027,5.830298485509828,0.8103342224512224,1.9320847273128396,4.634709060514557,1.0,-1.6927605480772765,0.6610757345835797,0.007555832909480675,0.6874811910650205,-3.14,1.9893402628112022
718,1.306918081317171,0.9049881221570131,0.9296164628511882,5.830051890059479,0.8098091178480166,1.932156406872384,4.634660484665099,1.0,-1.6932998239056634,0.6605748020738371,0.008484975218825826,0.6875076542739932,-3.14,1.9886781752496965
719,1.307382766633303,0.9055311358454255,0.9297332408344835,5.8298052313806785,0.809284444753015,1.9322285326653805,4.634613248636165,1.0,-1.6938389684001949,0.6600727329944898,0.009415011942501732,0.687534032116318,-3.14,1.988016244192476
720,1.307847020837204,0.9060737131285747,0.9298497553685726,5.829558510826183,0.8087602071865123,1.9323011047364307,4.634567354997631,1.0,-1.6943779797238898,0.659569526072752,0.010345943502471795,0.6875603242322252,-3.14,1.9873544715492957
721,1.308310841205198,0.9066158500213316,0.9299660067472203,5.8293117297559975,0.8082364091862134,1.932374123122679,4.634522806315338,1.0,-1.6949168560236656,0.6590651800398296,0.011277770317885414,0.6875865302572634,-3.14,1.9866928592403899
722,1.3087742250055838,0.9071575425211191,0.9300819952731578,5.829064889537384,0.807713054807266,1.93244758785375,4.634479605150974,1.0,-1.6954555954302464,0.6585596936309642,0.012210492805080976,0.6876126498222697,-3.14,1.9860314091965101
723,1.3092371694986535,0.907698786607879,0.9301977212581656,5.828817991544869,0.807190148122289,1.9325214989517001,4.6344377540619694,1.0,-1.6959941960580731,0.6580530655854707,0.013144111377592632,0.6876386825533417,-3.14,1.9853701233589613
724,1.3096996719367238,0.9082395782440459,0.9303131850231569,5.8285710371602395,0.8066676932214005,1.9325958564309607,4.634397255601388,1.0,-1.6965326560052136,0.6575452946467749,0.014078626446157497,0.6876646280718084,-3.14,1.9847090036796384
725,1.3101617295641574,0.9087799133745148,0.9304283868982647,5.828324027772557,0.8061456942122484,1.9326706602982802,4.634358112317815,1.0,-1.6970709733532698,0.6570363795624552,0.015014038418721232,0.6876904859942006,-3.14,1.9840480521210633
726,1.310623339617398,0.9093197879266148,0.9305433272229251,5.828076964778149,0.8056241552200369,1.9327459105526716,4.634320326755244,1.0,-1.6976091461672878,0.6565263190842818,0.015950347700444463,0.6877162559322217,-3.14,1.983387270656421
727,1.3110844993249924,0.9098591978100783,0.9306580063459627,5.8278298495806276,0.8051030803875555,1.9328216071853568,4.634283901452966,1.0,-1.698147172495664,0.6560151119682558,0.016887554693710557,0.6877419374927184,-3.14,1.9827266612695982
728,1.311545205907622,0.9103981389170149,0.93077242462568,5.827582683590875,0.8045824738752061,1.9328977501797073,4.63424883894546,1.0,-1.6986850503700546,0.6555027569746483,0.01782565979813334,0.6877675302776507,-3.14,1.982066225955218
729,1.312005456578132,0.9109366071218822,0.93088658242994,5.8273354682270595,0.80406233986103,1.9329743395111942,4.634215141762277,1.0,-1.6992227778052815,0.6549892528680404,0.01876466341056479,0.6877930338840625,-3.14,1.9814059667186787
730,1.3124652485415593,0.9114745982814564,0.9310004801362579,5.827088204914635,0.8035426825407375,1.9330513751473264,4.634182812427924,1.0,-1.6997603527992384,0.654474598417364,0.019704565925101704,0.687818447904051,-3.14,1.9807458855761908
731,1.312924578995166,0.9120121082348092,0.9311141181318836,5.826840895086338,0.8030235061277305,1.933128857047599,4.634151853461754,1.0,-1.7002977733327984,0.6539587923959393,0.020645367733095832,0.6878437719247371,-3.14,1.980085984554813
732,1.3133834451284683,0.9125491328032771,0.931227496813895,5.826593540182198,0.8025048148531321,1.9332067851634334,4.634122267377845,1.0,-1.7008350373697185,0.6534418335815178,0.021587069223161056,0.6878690055282345,-3.14,1.979426265692491
733,1.3138418441232698,0.9130856677904386,0.931340616589283,5.826346141649526,0.8019866129658104,1.9332851594381246,4.634094056684891,1.0,-1.7013721428565474,0.6529237207563159,0.022529670781184983,0.6878941482916202,-3.14,1.978766731038093
734,1.3142997731536925,0.9136217089820854,0.931453477875044,5.826098700942929,0.8014689047324047,1.933363979806781,4.6340672238860785,1.0,-1.7019090877225274,0.6524044527070618,0.023473172790335475,0.6879191997869025,-3.14,1.978107382651449
735,1.3147572293862129,0.914157252146197,0.9315660810982648,5.825851219524302,0.8009516944373519,1.9334432461962714,4.634041771478974,1.0,-1.702445869879501,0.6518840282250304,0.02441757563107182,0.6879441595809914,-3.14,1.9774482226033872
736,1.3152142099796909,0.9146922930329161,0.9316784266962197,5.825603698862836,0.8004349863829101,1.933522958525163,4.6340177019554,1.0,-1.702982487221814,0.6513624461060878,0.025362879681153517,0.6879690272356663,-3.14,1.9767892529757718
737,1.3156707120854088,0.9152268273745227,0.9317905151164548,5.825356140435012,0.7999187848891833,1.9336031167036707,4.633995017801322,1.0,-1.7035189376262199,0.6508397051507258,0.026309085315652216,0.6879938023075464,-3.14,1.9761304758615403
738,1.3161267328471036,0.9157608508854126,0.9319023468168821,5.825108545724601,0.7994030942941449,1.933683720633595,4.633973721496727,1.0,-1.704055218951783,0.6503158041641046,0.02725619290696164,0.688018484348058,-3.14,1.9754718933647415
739,1.316582269401004,0.9162943592620694,0.9320139222658714,5.824860916222666,0.7988879189536626,1.9337647702082672,4.633953815515503,1.0,-1.7045913290397818,0.6497907419560932,0.02820420282480874,0.688043072903404,-3.14,1.9748135076005728
740,1.3170373188758655,0.9168273481830419,0.9321252419423424,5.8246132534275645,0.7983732632415212,1.9338462653124917,4.633935302325317,1.0,-1.7051272657136103,0.6492645173413082,0.029153115436265337,0.6880675675145317,-3.14,1.9741553206954185
741,1.3174918783930096,0.917359813308924,0.9322363063358541,5.824365558844938,0.7978591315494443,1.9339282058224887,4.633918184387496,1.0,-1.7056630267786816,0.6487371291391525,0.030102931105760077,0.6880919677171015,-3.14,1.973497334786887
742,1.3179459450663593,0.9178917502823262,0.9323471159467048,5.824117833987721,0.7973455282871192,1.9340105916058357,4.633902464156901,1.0,-1.7061986100223283,0.6482085761738589,0.031053650195089544,0.688116273041454,-3.14,1.9728395520238493
743,1.3183995160024786,0.9184231547278591,0.9324576712860195,5.823870080376128,0.7968324578822169,1.9340934225214104,4.6338881440818085,1.0,-1.706734013213704,0.6476788572745268,0.03200527306343149,0.6881404830125789,-3.14,1.9721819745664764
744,1.3188525883006117,0.9189540222521068,0.9325679728758458,5.823622299537665,0.7963199247804145,1.9341766984193343,4.6338752266037835,1.0,-1.7072692341036855,0.6471479712751628,0.032957800067358496,0.6881645971500824,-3.14,1.9715246045862773
745,1.319305159052722,0.9194843484436079,0.9326780212492504,5.823374493007115,0.7958079334454163,1.934260419140911,4.633863714157557,1.0,-1.7078042704247713,0.6466159170147207,0.033911231560850325,0.6881886149681546,-3.14,1.9708674442661374
746,1.3197572253435343,0.9200141288728333,0.9327878169504127,5.823126662326543,0.7952964883589756,1.934344584518573,4.633853609170901,1.0,-1.7083391198909823,0.6460826933371426,0.03486556789530709,0.6882125359755368,-3.14,1.9702104958003561
747,1.3202087842505736,0.9205433590921666,0.9328973605347199,5.822878809045287,0.7947855940209129,1.9344291943758196,4.6338449140645,1.0,-1.7088737801977631,0.6455482990913963,0.03582080941956532,0.6882363596754891,-3.14,1.9695537613946852
748,1.3206598328442087,0.9210720346358827,0.9330066525688657,5.8226309347199585,0.7942752549491383,1.9345142485271603,4.633837631251831,1.0,-1.7094082490218785,0.6450127331315177,0.03677695647990976,0.6882600855657572,-3.14,1.968897243266367
749,1.3211103681876948,0.9216001510201303,0.933115693630942,5.822383040914438,0.793765475679668,1.9345997467780578,4.63383176313903,1.0,-1.709942524021315,0.6444759943166481,0.037734009420091,0.6882837131385395,-3.14,1.9682409436441721
750,1.3215603873372168,0.9221277037429096,0.9332244843105433,5.822135129199867,0.7932562607666475,1.9346856889248667,4.633827312124767,1.0,-1.7104766028351777,0.6439380815110761,0.03869196858133904,0.6883072418804539,-3.14,1.9675848647684384
751,1.3220098873419308,0.922654688284055,0.9333330252088562,5.821887201154654,0.7927476147823659,1.934772074754777,4.633824280600119,1.0,-1.711010483083588,0.6433989935842764,0.039650834302378854,0.6883306712725038,-3.14,1.9669290088911089
752,1.3224588652440152,0.9231811001052187,0.9334413169387644,5.821639258364452,0.7922395423172773,1.9348589040457533,4.6338226709484385,1.0,-1.711544162367583,0.6428587294109496,0.040610606919447345,0.6883540007900456,-3.14,1.96627337827577
753,1.3229073180787108,0.9237069346498507,0.9335493601249443,5.821391302422169,0.7917320479800156,1.9349461765664804,4.6338224855452275,1.0,-1.7120776382690117,0.6423172878710615,0.04157128676630972,0.6883772299027541,-3.14,1.9656179751976897
754,1.3233552428743676,0.9242321873431795,0.9336571554039622,5.821143334927961,0.7912251363974152,1.9350338920762993,4.633823726758002,1.0,-1.712610908350431,0.6417746678498845,0.04253287417427554,0.688400358074589,-3.14,1.9649628019438565
755,1.3238026366524942,0.9247568535922019,0.933764703424379,5.820895357489212,0.7907188122145239,1.93512205032515,4.6338263969461675,1.0,-1.7131439701550044,0.6412308682380343,0.04349536947221712,0.6884233847637607,-3.14,1.9643078608130178
756,1.3242494964278033,0.9252809287856602,0.9338720048468451,5.820647371720543,0.7902130800946215,1.9352106510535165,4.633830498460885,1.0,-1.7136768212063966,0.6406858879315114,0.044458772986587416,0.6884463094226969,-3.14,1.9636531541157172
757,1.3246958192082636,0.9258044082940292,0.9339790603442035,5.820399379243802,0.7897079447192349,1.9352996939923623,4.6338360336449345,1.0,-1.71420945900867,0.6401397258317391,0.04542308504143757,0.688469131498007,-3.14,1.962998684174334
758,1.3251416019951465,0.9263272874695031,0.9340858706015914,5.820151381688043,0.7892034107881531,1.9353891788630722,4.633843004832588,1.0,-1.7147418810461794,0.6395923808456059,0.04638830595843568,0.6884918504304484,-3.14,1.9623444533231222
759,1.3255868417830756,0.9268495616459754,0.9341924363165407,5.819903380689547,0.788699483019442,1.935479105377395,4.6338514143494764,1.0,-1.7152740847834675,0.6390438518855012,0.047354436056886676,0.6885144656548917,-3.14,1.9616904639082478
760,1.3260315355600814,0.9273712261390314,0.9342987581990793,5.819655377891776,0.7881961661494588,1.9355694732373858,4.633861264512451,1.0,-1.7158060676651603,0.6384941378693555,0.04832147565375168,0.6885369766002865,-3.14,1.9610367182878277
761,1.326475680307648,0.9278922762459278,0.9344048369718363,5.819407374945404,0.7876934649328661,1.93566028213534,4.6338725576294495,1.0,-1.7163378271158585,0.6379432377206828,0.049289425063666424,0.6885593826896248,-3.14,1.9603832188319692
762,1.3269192730007713,0.9284127072455861,0.9345106733701423,5.819159373508276,0.7871913841426436,1.9357515317537402,4.6338852959993675,1.0,-1.7168693605400354,0.637391150368614,0.05025828459896521,0.6885816833399081,-3.14,1.959729967922807
763,1.3273623106080075,0.9289325143985752,0.9346162681421346,5.8189113752454205,0.786689928570102,1.935843221765195,4.633899481911915,1.0,-1.7174006653219276,0.6368378747479404,0.05122805456969888,0.6886038779621108,-3.14,1.959076967954543
764,1.3278047900915295,0.9294516929471016,0.9347216220488599,5.818663381829029,0.7861891030248952,1.9359353518323783,4.633915117647484,1.0,-1.7179317388254292,0.6362834097991509,0.052198735283657496,0.6886259659611446,-3.14,1.9584242213334846
765,1.3282467084071823,0.9299702381149996,0.9348267358643798,5.818415394938445,0.7856889123350305,1.9360279216079703,4.633932205477007,1.0,-1.7184625783939846,0.6357277544684707,0.05317032704639265,0.6886479467358242,-3.14,1.957771730478083
766,1.3286880625045383,0.9304881451077166,0.9349316103758751,5.818167416260167,0.7851893613468806,1.936120930734598,4.633950747661828,1.0,-1.7189931813504815,0.6351709077078997,0.05414283016124021,0.6886698196788307,-3.14,1.9571194978189723
767,1.3291288493269535,0.9310054091123068,0.9350362463837532,5.8179194474878155,0.7846904549251947,1.936214378844775,4.6339707464535556,1.0,-1.719523544997141,0.6346128684752531,0.05511624492934151,0.6886915841766758,-3.14,1.9564675257990078
768,1.329569065811626,0.931522025297419,0.9351406447017506,5.817671490322145,0.7841921979531068,1.936308265560842,4.633992204093929,1.0,-1.7200536666154118,0.6340536357341972,0.05609057164966875,0.6887132396096659,-3.14,1.955815816873305
769,1.3300087088896515,0.9320379888132893,0.9352448061570418,5.817423546471019,0.7836945953321456,1.9364025904949078,4.634015122814681,1.0,-1.7205835434658607,0.6334932084542881,0.05706581061904865,0.6887347853518667,-3.14,1.955164373509278
770,1.3304477754860875,0.9325532947917305,0.9353487315903458,5.8171756176494,0.7831976519822446,1.9364973532487881,4.6340395048373875,1.0,-1.7211131727880626,0.6329315856110131,0.05804196213218559,0.6887562207710659,-3.14,1.9545131981866783
771,1.3308862625200095,0.9330679383461293,0.9354524218560327,5.816927705579333,0.782701372841747,1.9365925534139463,4.634065352373339,1.0,-1.7216425518004939,0.6323687661858234,0.059019026481689385,0.6887775452287376,-3.14,1.953862293397633
772,1.3313241669045726,0.9335819145714321,0.9355558778222329,5.816679811989945,0.7822057628674176,1.9366881905714337,4.634092667623395,1.0,-1.7221716777004195,0.6318047491661771,0.059997003958097705,0.6887987580800049,-3.14,1.9532116616466844
773,1.3317614855470736,0.9340952185441435,0.9356591003709438,5.816431938617423,0.7817108270344463,1.9367842642918274,4.6341214527778405,1.0,-1.7227005476637858,0.6312395335455743,0.06097589484990439,0.6888198586736043,-3.14,1.9525613054508273
774,1.3321982153490137,0.9346078453223191,0.9357620903981398,5.816184087204998,0.7812165703364553,1.936880774135176,4.6341517100162495,1.0,-1.7232291588451094,0.6306731183235933,0.06195569944358625,0.6888408463518483,-3.14,1.9519112273395491
775,1.3326343532061615,0.9351197899455593,0.9358648488138809,5.815936259502939,0.7807229977855065,1.936977719650932,4.634183441507335,1.0,-1.7237575083773657,0.6301055025059327,0.06293641802362833,0.6888617204505881,-3.14,1.9512614298548676
776,1.3330698960086202,0.9356310474350079,0.9359673765424221,5.815688457268526,0.7802301144121039,1.937075100377898,4.634216649408811,1.0,-1.7242855933718797,0.6295366851044436,0.06391805087255363,0.6888824802991776,-3.14,1.9506119155513695
777,1.3335048406408867,0.9361416127933428,0.9360696745223263,5.815440682266051,0.7797379252652009,1.9371729158441624,4.634251335867249,1.0,-1.7248134109182127,0.6289666651371711,0.06490059827095032,0.6889031252204348,-3.14,1.9499626869962496
778,1.333939183981924,0.9366514810047769,0.93617174370657,5.815192936266793,0.7792464354122027,1.9372711655670425,4.63428750301793,1.0,-1.7253409580840524,0.6283954416283886,0.0658840604975005,0.6889236545306053,-3.14,1.949313746769349
779,1.334372922905225,0.9371606470350546,0.9362735850626589,5.8149452210489985,0.778755649938969,1.9373698490530222,4.634325152984705,1.0,-1.7258682319151017,0.6278230136086334,0.06686843782901164,0.6889440675393251,-3.14,1.9486650974631936
780,1.3348060542788822,0.9376691058314492,0.936375199572737,5.8146975383978745,0.7782655739498177,1.9374689657976942,4.634364287879847,1.0,-1.7263952294349647,0.6272493801147464,0.0678537305404443,0.6889643635495823,-3.14,1.9480167416830327
781,1.3352385749656546,0.9381768523227622,0.936476588233699,5.814449890105564,0.7777762125675268,1.937568515285699,4.634404909803905,1.0,-1.7269219476450357,0.6266745401899056,0.06883993890494469,0.6889845418576798,-3.14,1.9473686820468776
782,1.3356704818230398,0.9386838814193221,0.9365777520573044,5.814202277971135,0.7772875709333357,1.9376684969906603,4.634447020845558,1.0,-1.7274483835243848,0.6260984928836663,0.06982706319387351,0.6890046017531967,-3.14,1.9467209211855405
783,1.3361017717033425,0.9391901880129842,0.9366786920702892,5.813954703800558,0.7767996542069459,1.9377689103751334,4.634490623081471,1.0,-1.7279745340296468,0.6255212372519922,0.07081510367684024,0.6890245425189512,-3.14,1.9460734617426723
784,1.336532441453749,0.9396957669771339,0.9367794093144782,5.813707169406688,0.7763124675665197,1.9378697548905395,4.634535718576146,1.0,-1.7285003960949072,0.6249427723572933,0.0718040606217345,0.6890443634309623,-3.14,1.945426306374801
785,1.3369624879163944,0.9402006131666836,0.9368799048469004,5.813459676609254,0.7758260162086816,1.937971029977107,4.634582309381774,1.0,-1.7290259666315886,0.6243630972684618,0.07279393429475953,0.6890640637584112,-3.14,1.9447794577513706
786,1.3373919079284446,0.9407047214180806,0.9369801797399024,5.813212227234824,0.7753403053485155,1.9380727350638125,4.634630397538089,1.0,-1.7295512425283368,0.6237822110609066,0.07378472496046559,0.6890836427636032,-3.14,1.9441329185547793
787,1.3378206983221632,0.9412080865493051,0.9370802350812649,5.812964823116801,0.7748553402195636,1.9381748695683172,4.634679985072217,1.0,-1.7300762206509066,0.6232001128165889,0.07477643288178432,0.6891030997019288,-3.14,1.9434866914804176
788,1.3382488559249899,0.9417107033598772,0.9371800719743151,5.812717466095395,0.7743711260738225,1.9382774328969132,4.634731073998531,1.0,-1.730600897842048,0.6226168016240555,0.07576905832006438,0.6891224338218259,-3.14,1.9428407792367068
789,1.338676377559617,0.9422125666308583,0.9372796915380447,5.8124701580176055,0.7738876681817417,1.9383804244444574,4.634783666318499,1.0,-1.73112527092139,0.6220322765784762,0.0767626015351055,0.6891416443647399,-3.14,1.9421951845451373
790,1.3391032600440669,0.9427136711248599,0.9373790949072237,5.812222900737196,0.7734049718322171,1.9384838435943152,4.634837764020535,1.0,-1.731649336685328,0.6214465367816739,0.07775706278519692,0.6891607305650862,-3.14,1.9415499101403062
791,1.3395295001917713,0.9432140115860467,0.937478283232519,5.811975696114679,0.7729230423325874,1.9385876897183014,4.634893369079851,1.0,-1.7321730919069076,0.6208595813421618,0.0787524423271535,0.6891796916502103,-3.14,1.9409049587699563
792,1.3399550948116483,0.9437135827401447,0.9375772576806105,5.811728546017287,0.7724418850086291,1.938691962176616,4.634950483458304,1.0,-1.7326965333357083,0.6202714093751759,0.0797487404163524,0.6891985268403491,-3.14,1.9402603331950132
793,1.3403800407081816,0.9442123792944462,0.9376760194343087,5.811481452318962,0.7719615052045493,1.9387966603177886,4.6350091091042485,1.0,-1.7332196576977283,0.6196820200027098,0.08074595730677209,0.6892172353485914,-3.14,1.9396160361896249
794,1.3408043346815093,0.9447103959378229,0.9377745696926701,5.811234416900317,0.7714819082829779,1.9389017834786193,4.635069247952382,1.0,-1.7337424616952712,0.6190914123535427,0.0817440932510327,0.6892358163808393,-3.14,1.938972070541197
795,1.3412279735274957,0.9452076273407292,0.9378729096711197,5.810987441648621,0.7710030996249632,1.9390073309841138,4.635130901923596,1.0,-1.7342649420068248,0.6184995855632801,0.08274314850043296,0.6892542691357677,-3.14,1.9383284390504338
796,1.341650954037823,0.9457040681552155,0.9379710406015659,5.81074052845778,0.7705250846299584,1.93911330214743,4.635194072924824,1.0,-1.7347870952869497,0.6179065387743797,0.08374312330499296,0.6892725928047861,-3.14,1.9376851445313739
797,1.3420732730000702,0.9461997130149385,0.9380689637325205,5.8104936792283,0.7700478687158165,1.9392196962698165,4.63525876284889,1.0,-1.735308918166161,0.617312271136184,0.0847440179134953,0.6892907865719983,-3.14,1.937042189811428
798,1.3424949271978035,0.9466945565351718,0.9381666803292193,5.810246895867274,0.7695714573187785,1.9393265126405494,4.635324973574355,1.0,-1.7358304072508093,0.6167167818049575,0.08574583257352428,0.6893088496141621,-3.14,1.936399577731419
799,1.3429159134106567,0.9471885933128172,0.9382641916737405,5.810000180288351,0.7690958558934624,1.9394337505368802,4.635392706965367,1.0,-1.7363515591229683,0.6161200699439109,0.08674856753151218,0.6893267811006508,-3.14,1.9357573111456157
800,1.3433362284144241,0.9476818179264189,0.9383614990651244,5.809753534411711,0.7686210699128526,1.939541409223971,4.635461964871503,1.0,-1.736872370340314,0.6155221347232365,0.08775222303277995,0.6893445801934127,-3.14,1.9351153929217737
801,1.343755868981145,0.948174224936179,0.9384586038194966,5.809506960164035,0.7681471048682865,1.9396494879548363,4.635532749127622,1.0,-1.7373928374360081,0.6149229753201393,0.08875679932158154,0.6893622460469304,-3.14,1.9344738259411716
802,1.3441748318791955,0.9486658088839672,0.9385555072701868,5.80926045947849,0.7676739662694422,1.9397579859702871,4.635605061553709,1.0,-1.7379129569185818,0.6143225909188645,0.08976229664115008,0.689379777808182,-3.14,1.9338326130986474
803,1.344593113873377,0.949156564293341,0.9386522107678505,5.809014034294686,0.7672016596443249,1.939866902498867,4.635678903954719,1.0,-1.7384327252718164,0.6137209807107298,0.09076871523374173,0.6893971746166001,-3.14,1.9331917573026376
804,1.3450107117250107,0.9496464856695606,0.9387487156805912,5.8087676865586575,0.7667301905392501,1.939976236756798,4.635754278120427,1.0,-1.7389521389546263,0.6131181438941534,0.09177605534068337,0.6894144356040314,-3.14,1.9325512614752134
805,1.3454276221920254,0.9501355674996034,0.9388450233940816,5.808521418222837,0.7662595645188314,1.9400859879479198,4.635831185825274,1.0,-1.7394711944009413,0.6125140796746834,0.09278431720241918,0.689431559894697,-3.14,1.931911128552117
806,1.3458438420290553,0.9506238042521856,0.9389411353116882,5.808275231246023,0.7657897871659606,1.940196155263631,4.635909628828211,1.0,-1.7399898880195876,0.6119087872650274,0.0937935010585585,0.6894485466051513,-3.14,1.9312713614828005
807,1.3462593679875337,0.9511111903777809,0.9390370528545904,5.8080291275933424,0.7653208640817927,1.9403067378828334,4.635989608872545,1.0,-1.740508216194171,0.6113022658850781,0.09480360714792559,0.6894653948442426,-3.14,1.9306319632304605
808,1.3466741968157883,0.9515977203086377,0.9391327774619092,5.807783109236236,0.7648528008857277,1.9404177349718672,4.636071127685783,1.0,-1.7410261752829552,0.6106945147619462,0.09581463570860692,0.6894821037130707,-3.14,1.9299929367720767
809,1.3470883252591361,0.9520833884587993,0.9392283105908261,5.807537178152422,0.764385603215392,1.94052914568446,4.636154186979482,1.0,-1.7415437616187461,0.6100855331299833,0.09682658697800361,0.6894986723049475,-3.14,1.9293542850984482
810,1.347501750059986,0.9525681892241309,0.9393236537167081,5.807291336325855,0.7639192767266163,1.9406409691616666,4.63623878844909,1.0,-1.7420609715087734,0.6094753202308086,0.0978394611928825,0.6895150997053565,-3.14,1.9287160112142288
811,1.3479144679579331,0.9530521169823347,0.9394188083332355,5.807045585746712,0.7634538270934197,1.9407532045318077,4.636324933773789,1.0,-1.7425778012345676,0.6088638753133409,0.09885325858942569,0.6895313849919105,-3.14,1.9280781181379656
812,1.34832647568986,0.9535351660929782,0.9395137759525198,5.806799928411348,0.7629892600079837,1.9408658509104184,4.636412624616351,1.0,-1.743094247051846,0.6082511976338162,0.09986797940328745,0.6895475272343123,-3.14,1.9274406089021328
813,1.3487377699900402,0.9540173308975158,0.9396085581052361,5.806554366322268,0.7625255811806331,1.940978907400184,4.636501862622968,1.0,-1.7436103051903904,0.6076372864558206,0.10088362386964446,0.689563525494313,-3.14,1.92680348655317
814,1.3491483475902382,0.9544986057193154,0.9397031563407435,5.806308901488094,0.762062796339811,1.941092373090888,4.636592649423108,1.0,-1.744125971853929,0.6070221410503114,0.10190019222325225,0.6895793788256708,-3.14,1.926166754151517
815,1.3495582052198112,0.954978984863683,0.9397975722272132,5.806063535923531,0.7616009112320568,1.9412062470593519,4.636684986629354,1.0,-1.7446412432200165,0.6064057606956431,0.10291768469849932,0.68959508627411,-3.14,1.925530414771651
816,1.3499673396058187,0.955458462617892,0.9398918073517526,5.805818271649331,0.7611399316219786,1.941320528369379,4.636778875837252,1.0,-1.7451561154399153,0.6057881446775898,0.10393610152946522,0.6896106468772805,-3.14,1.9248944715021201
817,1.3503757474731226,0.9559370332512065,0.9399858633205338,5.805573110692263,0.760679863292231,1.9414352160716977,4.636874318625154,1.0,-1.7456705846384755,0.6051692922893703,0.10495544294997654,0.6896260596647154,-3.14,1.9242589274455817
818,1.3507834255444968,0.9564146910149148,0.9400797417589192,5.8053280550850745,0.7602207120434858,1.9415503092039046,4.636971316554065,1.0,-1.7461846469140152,0.6045492028316702,0.10597570919366525,0.6896413236577906,-3.14,1.9236237857188363
819,1.351190370540736,0.9568914301423569,0.9401734443115881,5.805083106866454,0.7597624836944058,1.9416658067904078,4.637069871167481,1.0,-1.7466982983382013,0.6039278756126649,0.10699690049402735,0.6896564378696832,-3.14,1.9229890494528634
820,1.3515965791807574,0.9573672448489537,0.9402669726426642,5.804838268081008,0.7593051840816148,1.9417817078423714,4.637169983991246,1.0,-1.7472115349559307,0.6033053099480388,0.10801901708448491,0.6896714013053306,-3.14,1.9223547217928565
821,1.3520020481817223,0.9578421293322432,0.9403603284358433,5.804593540779197,0.7588488190596709,1.941898011357662,4.637271656533385,1.0,-1.7477243527852087,0.6026815051610082,0.1090420591984449,0.6896862129613883,-3.14,1.9217208058982578
822,1.3524067742591377,0.958316077771907,0.9404535133945225,5.804348927017332,0.7583933945010345,1.9420147163207835,4.637374890283956,1.0,-1.7482367478170293,0.6020564605823443,0.11006602706936147,0.6897008718261887,-3.14,1.9210873049427948
823,1.3528107541269736,0.9587890843298084,0.9405465292419256,5.80410442885751,0.7579389162960374,1.942131821702835,4.637479686714892,1.0,-1.7487487160152575,0.6014301755503886,0.11109092093079946,0.6897153768796999,-3.14,1.9204542221145127
824,1.3532139844977733,0.959261143150025,0.9406393777212341,5.803860048367588,0.7574853903528513,1.9422493264614433,4.637586047279847,1.0,-1.7492602533165071,0.6008026494110744,0.11211674101649792,0.6897297270934838,-3.14,1.9198215606158109
825,1.3536164620827702,0.9597322483588843,0.9407320605957156,5.803615787621144,0.7570328225974549,1.9423672295407144,4.637693973414042,1.0,-1.7497713556300214,0.6001738815179474,0.11314348756043417,0.6897439214306544,-3.14,1.9191893236634767
826,1.3540181835920029,0.9602023940649991,0.9408245796488501,5.803371648697437,0.7565812189735986,1.9424855298711787,4.637803466534112,1.0,-1.7502820188375545,0.5995438712321788,0.1141711607968914,0.689757958845837,-3.14,1.9185575144887193
827,1.3544191457344317,0.9606715743593082,0.9409169366844637,5.803127633681361,0.7561305854427719,1.9426042263697323,4.637914528037945,1.0,-1.7507922387932504,0.5989126179225872,0.11519976096052388,0.6897718382851254,-3.14,1.9179261363372042
828,1.354819345218057,0.9611397833151109,0.9410091335268547,5.80288374466341,0.755680927984166,1.9427233179395857,4.638027159304537,1.0,-1.7513020113235227,0.5982801209656537,0.1162292882864249,0.6897855586860412,-3.14,1.9172951924690873
829,1.355218778750036,0.9616070149881072,0.9411011720209248,5.802639983739644,0.7552322525946374,1.9428428034702099,4.638141361693832,1.0,-1.7518113322269357,0.5976463797455376,0.1172597430101962,0.6897991189774911,-3.14,1.9166646861590484
830,1.3556174430368093,0.9620732634164412,0.941193054032308,5.802396353011631,0.7547845652886702,1.9429626818372812,4.6382571365465735,1.0,-1.7523201972740852,0.5970113936540897,0.11829112536801867,0.6898125180797269,-3.14,1.9160346206963237
831,1.3560153347842143,0.9625385226207386,0.9412847814475035,5.802152854586422,0.7543378720983378,1.9430829519026276,4.638374485184143,1.0,-1.7528286022074762,0.5963751620908718,0.11932343559672125,0.6898257549043012,-3.14,1.9154049993847417
832,1.3564124506976127,0.9630027866041508,0.9413763561740026,5.801909490576496,0.753892179073263,1.9432036125141763,4.638493408908418,1.0,-1.7533365427414058,0.5957376844631654,0.12035667393385499,0.6898388283540283,-3.14,1.9147758255427538
833,1.3568087874820163,0.9634660493523999,0.9414677801404225,5.8016662630997216,0.753447492280577,1.9433246625059015,4.638613909001608,1.0,-1.7538440145618426,0.595098960185987,0.12139084061776512,0.6898517373229409,-3.14,1.9141471025034684
834,1.3572043418422055,0.9639283048338186,0.9415590552966357,5.801423174279315,0.7530038178048797,1.9434461006977675,4.638735986726109,1.0,-1.7543510133263056,0.5944589886821015,0.1224259358876647,0.6898644806962482,-3.14,1.9135188336146838
835,1.3575991104828602,0.9643895469994008,0.9416501836139015,5.801180226243794,0.7525611617481947,1.943567925895683,4.638859643324353,1.0,-1.7548575346637472,0.5938177693820315,0.12346195998371146,0.6898770573502947,-3.14,1.9128910222389202
836,1.3579930901086863,0.9648497697828449,0.9417411670849981,5.800937421126933,0.7521195302299268,1.9436901368914428,4.6389848800186515,1.0,-1.7553635741744325,0.5931753017240683,0.12449891314708347,0.6898894661525189,-3.14,1.912263671753452
837,1.358386277424545,0.9653089671006028,0.941832007724352,5.800694761067717,0.7516789293868179,1.9438127324626793,4.639111698011045,1.0,-1.7558691274298195,0.5925315851542833,0.12553679562005587,0.6899017059614102,-3.14,1.911636785550341
838,1.3587786691355785,0.9657671328519262,0.9419227075681733,5.800452248210302,0.7512393653729017,1.9439357113728106,4.639240098483157,1.0,-1.75637418997244,0.5918866191265358,0.1265756076460811,0.6899137756264682,-3.14,1.9110103670364667
839,1.3591702619473476,0.9662242609189193,0.9420132686745843,5.80020988470396,0.7508008443594557,1.944059072370988,4.639370082596036,1.0,-1.7568787573157814,0.5912404031024813,0.12761534946986766,0.6899256739881602,-3.14,1.910384419633559
840,1.3595610525659558,0.9666803451665877,0.9421036931237535,5.799967672703034,0.7503633725349553,1.944182814192049,4.639501651490017,1.0,-1.7573828249441663,0.5905929365515782,0.12865602133746168,0.6899373998778802,-3.14,1.90975894677823
841,1.3599510376981891,0.9671353794428894,0.9421939830180281,5.799725614366898,0.7499269561050255,1.94430693555646,4.6396348062845565,1.0,-1.7578863883126343,0.589944218951097,0.1296976234963283,0.6899489521179061,-3.14,1.9091339519220045
842,1.3603402140516487,0.9675893575787902,0.9422841404820645,5.799483711859899,0.7494916012923886,1.9444314351702738,4.639769548078101,1.0,-1.758389442846824,0.5892942497861215,0.1307401561954366,0.6899603295213595,-3.14,1.9085094385313501
843,1.3607285783348846,0.9680422733883144,0.9423741676629628,5.799241967351317,0.7490573143368169,1.9445563117250757,4.639905877947928,1.0,-1.7588919839428527,0.5886430285495572,0.13178361968534297,0.6899715308921626,-3.14,1.90788541008771
844,1.361116127257534,0.968494120668601,0.9424640667304003,5.799000383015311,0.7486241014950799,1.9446815638979336,4.64004379695,1.0,-1.7593940069671992,0.5879905547421328,0.13282801421827742,0.6899825550249968,-3.14,1.9072618700875323
845,1.3615028575304606,0.9689448931999611,0.942553839876761,5.798758961030867,0.7481919690408914,1.944807190351353,4.6401833061188205,1.0,-1.7598955072565852,0.587336827872403,0.13387334004823104,0.6899934007052619,-3.14,1.9066388220423003
846,1.3618887658658922,0.9693945847459319,0.942643489317273,5.798517703581758,0.7477609232648567,1.9449331897332223,4.640324406467284,1.0,-1.7603964801178562,0.5866818474567539,0.1349195974310424,0.6900040667090331,-3.14,1.906016269478563
847,1.362273848977559,0.9698431890533371,0.9427330172901381,5.798276612856482,0.7473309704744171,1.9450595606767707,4.640467098986538,1.0,-1.7608969208278655,0.5860256130193977,0.1359667866244903,0.6900145518030206,-3.14,1.9053942159379644
848,1.3626581035808412,0.9702906998523441,0.942822426056668,5.798035691048224,0.7469021169937954,1.945186301800517,4.640611384645829,1.0,-1.7613968246333547,0.5853681240923776,0.1370149078883817,0.6900248547445273,-3.14,1.9047726649772732
849,1.363041526392906,0.9707371108565285,0.9429117179014143,5.79779494035478,0.7464743691639376,1.9453134117082231,4.640757264392362,1.0,-1.7618961867508378,0.584709380215563,0.1380639614846465,0.6900349742814081,-3.14,1.9041516201684114
850,1.363424114132855,0.9711824157629276,0.9430008951323063,5.797554362978544,0.7460477333424571,1.945440888988847,4.640904739151161,1.0,-1.7623950023664818,0.5840493809366507,0.13911394767742855,0.6900449091520272,-3.14,1.903531085098485
851,1.3638058635218682,0.9716266082521124,0.943089960080779,5.797313961126412,0.7456222159035739,1.9455687322164967,4.641053809824922,1.0,-1.7628932666359929,0.583388125811157,0.14016486673318346,0.6900546580852182,-3.14,1.90291106336981
852,1.3641867712833515,0.9720696819882433,0.9431789151019142,5.79707373700976,0.7451978232380566,1.9456969399503827,4.641204477293873,1.0,-1.7633909746844956,0.582725614402419,0.14121671892077137,0.6900642198002411,-3.14,1.902291558599944
853,1.3645668341430834,0.9725116306191379,0.9432677625745671,5.796833692844378,0.7447745617531609,1.9458255107347744,4.641356742415634,1.0,-1.7638881216064193,0.582061846281584,0.14226950451155734,0.6900735930067424,-3.14,1.9016725744217116
854,1.3649460488293634,0.9729524477763368,0.9433565049015041,5.796593830850413,0.744352437872568,1.9459544430989528,4.641510606025075,1.0,-1.7643847024653805,0.5813968210276059,0.14332322377950873,0.690082776404713,-3.14,1.9010541144832338
855,1.365324412073164,0.973392127075169,0.9434451445095365,5.796354153252326,0.7439314580363205,1.9460837355571674,4.641666068934178,1.0,-1.7648807122940673,0.580730538227237,0.14437787700129573,0.6900917686844473,-3.14,1.9004361824479552
856,1.3657019206082814,0.9738306621148224,0.943533683849654,5.796114662278821,0.7435116287007598,1.946213386608591,4.641823131931902,1.0,-1.765376146094124,0.5800629974750171,0.14543346445639416,0.6901005685265021,-3.14,1.8998187819946712
857,1.3660785711714856,0.9742680464784081,0.9436221253971565,5.795875360162803,0.7430929563384611,1.9463433947372757,4.6419817957840435,1.0,-1.765870998836034,0.5793941983732663,0.14648998642718702,0.6901091746016556,-3.14,1.8992019168175551
858,1.3664543605026775,0.9747042737330349,0.9437104716517917,5.795636249141315,0.7426754474381665,1.9464737584121117,4.6421420612331,1.0,-1.7663652654590072,0.5787241405320707,0.1475474431990708,0.6901175855708661,-3.14,1.8985855906261844
859,1.3668292853450432,0.9751393374298792,0.9437987251378873,5.7953973314554785,0.7422591085047173,1.9466044760867809,4.642303928998137,1.0,-1.7668589408708633,0.5780528235692728,0.1486058350605601,0.6901258000852316,-3.14,1.897969807145568
860,1.3672033424452068,0.9755732311042549,0.943886888404486,5.7951586093504455,0.7418439460589886,1.9467355461997171,4.642467399774652,1.0,-1.7673520199479171,0.5773802471104565,0.1496651623033956,0.6901338167859484,-3.14,1.8973545701161718
861,1.3675765285533938,0.9760059482756912,0.9439749640254769,5.794920085075326,0.7414299666378166,1.9468669671740635,4.642632474234446,1.0,-1.7678444975348666,0.5767064107889305,0.15072542522265436,0.6901416343042711,-3.14,1.8967398832939442
862,1.3679488404235844,0.9764374824480011,0.9440629545997343,5.794681760883148,0.7410171767939312,1.9469987374176314,4.6427991530254875,1.0,-1.768336368444676,0.5760313142457151,0.15178662411685856,0.6901492512614711,-3.14,1.8961257504503422
863,1.3683202748136756,0.9768678271093627,0.9441508627512475,5.794443639030782,0.7406055830958828,1.9471308553228595,4.642967436771784,1.0,-1.7688276274584644,0.5753549571295226,0.15284875928808822,0.6901566662687968,-3.14,1.895512175372356
864,1.3686908284856416,0.9772969757323912,0.944238691129257,5.794205721778895,0.7401951921279709,1.9472633192667728,4.643137326073257,1.0,-1.7693182693253924,0.5746773390967381,0.15391183104209558,0.6901638779274325,-3.14,1.8948991618625348
865,1.3690604982056958,0.9777249217742201,0.9443264424083887,5.793968011391878,0.7397860104901705,1.947396127610944,4.643308821505608,1.0,-1.7698082887625488,0.5739984598114004,0.15497583968842005,0.6901708848284588,-3.14,1.8942867137390094
866,1.3694292807444546,0.9781516586765772,0.944414119288785,5.793730510137796,0.7393780447980572,1.9475292787014544,4.643481923620198,1.0,-1.770297680454839,0.5733183189451788,0.1560407855405041,0.6901776855528116,-3.14,1.8936748348355184
867,1.3697971728771021,0.9785771798658666,0.9445017244962429,5.793493220288322,0.7389713016827321,1.9476627708688554,4.643656632943918,1.0,-1.7707864390548724,0.5726369161773515,0.15710666891581346,0.6901842786712425,-3.14,1.8930635290014308
868,1.3701641713835562,0.9790014787532483,0.9445892607823461,5.793256144118673,0.7385657877907456,1.9477966024281272,4.643832949979066,1.0,-1.771274559182851,0.5719542511947807,0.1581734901359553,0.6901906627442784,-3.14,1.8924528001017702
869,1.3705302730486362,0.9794245487347215,0.9446767309245983,5.793019283907557,0.7381615097840182,1.9479307716786465,4.644010875203229,1.0,-1.7717620354264587,0.5712703236918865,0.15924124952680138,0.6901968363221818,-3.14,1.8918426520172373
870,1.370895474662226,0.9798463831912052,0.9447641377265578,5.792782641937104,0.7377584743397646,1.948065276904145,4.644190409069158,1.0,-1.77224886234075,0.5705851333706194,0.16030994741861063,0.6902027979449106,-3.14,1.8912330886442337
871,1.3712597730194513,0.980266975488626,0.9448514840179698,5.792546220492804,0.7373566881504108,1.9482001163726768,4.644371552004652,1.0,-1.7727350344480406,0.5698986799404312,0.16137958414615478,0.6902085461420792,-3.14,1.8906241138948832
872,1.3716231649208441,0.9806863189780002,0.9449387726549026,5.792310021863445,0.7369561579235155,1.948335288336581,4.644554304412438,1.0,-1.7732205462377972,0.569210963118245,0.16245016004884463,0.6902140794329182,-3.14,1.890015731697055
873,1.3719856471725178,0.9811044069955224,0.9450260065198784,5.792074048341047,0.7365568903816881,1.948470791032445,4.6447386666700545,1.0,-1.7737053921665278,0.568521982628423,0.1635216754708593,0.6902193963262355,-3.14,1.8894079459943847
874,1.372347216586338,0.9815212328626521,0.945113188522009,5.7918383022208,0.7361588922625051,1.9486066226810728,4.644924639129742,1.0,-1.7741895666576735,0.5678317382027327,0.16459413076127596,0.6902244953203766,-3.14,1.8888007607462962
875,1.3727078699800976,0.981936789886201,0.9452003215971272,5.791602785801002,0.7357621703184266,1.94874278148745,4.645112222118324,1.0,-1.7746730641014996,0.5671402295803126,0.1656675262742018,0.6902293749031854,-3.14,1.8881941799280226
876,1.3730676041776921,0.982351071358424,0.945287408707921,5.79136750138299,0.7353667313167119,1.948879265640711,4.645301415937101,1.0,-1.7751558788549884,0.5664474565076341,0.16674186236890837,0.6902340335519657,-3.14,1.887588207530627
877,1.3734264160092982,0.9827640705571133,0.9453744528440666,5.791132451271065,0.7349725820393324,1.9490160733141049,4.645492220861738,1.0,-1.7756380052417315,0.5657534187384636,0.16781713940996734,0.690238469733442,-3.14,1.8869828475610222
878,1.3737843023115441,0.9831757807456795,0.9454614570223616,5.790897637772457,0.7345797292828865,1.9491532026649643,4.6456846371421605,1.0,-1.7761194375518221,0.5650581160338247,0.16889335776738684,0.6902426819037205,-3.14,1.8863781040419922
879,1.3741412599276976,0.9835861951732568,0.9455484242868567,5.790663063197219,0.7341881798585099,1.9492906518346766,4.645878665002446,1.0,-1.7766001700417504,0.5643615481619516,0.1699705178167526,0.6902466685082511,-3.14,1.8857739810122103
880,1.374497285707841,0.9839953070747898,0.945635357708989,5.790428729858188,0.7337979405917876,1.9494284189486486,4.64607430464072,1.0,-1.7770801969342969,0.5636637148982493,0.17104861993936799,0.6902504279817885,-3.14,1.8851704825262587
881,1.3748523765090535,0.9844031096711309,0.9457222603877136,5.7901946400709,0.733409018322663,1.9495665021162816,4.646271556229059,1.0,-1.777559512418427,0.5629646160252472,0.17212766452239786,0.6902539587483543,-3.14,1.884567612654648
882,1.3752065291955908,0.984809596169131,0.9458091354496403,5.789960796153547,0.7330214199053499,1.9497048994309358,4.646470419913383,1.0,-1.778038110649185,0.5622642513325531,0.17320765195901283,0.690257259221198,-3.14,1.883965375483835
883,1.3755597406390725,0.985214759761746,0.945895986049156,5.789727200426877,0.7326351522082355,1.9498436089699116,4.646670895813366,1.0,-1.7785159857475945,0.5615626206168004,0.17428858264853805,0.6902603278027607,-3.14,1.8833637751162406
884,1.3759120077186648,0.9856185936281262,0.9459828153685672,5.789493855214148,0.7322502221137921,1.9499826287944106,4.646872984022337,1.0,-1.7789931318005496,0.5608597236816023,0.17537045699660048,0.6902631628846359,-3.14,1.8827628156702687
885,1.3762633273212654,0.9860210909337188,0.9460696266182256,5.789260762841053,0.7318666365184808,1.950121956949517,4.647076684607183,1.0,-1.779469542860715,0.5601555603374958,0.17645327541528127,0.6902657628475324,-3.14,1.8821625012803218
886,1.3766136963416928,0.9864222448303687,0.9461564230366601,5.7890279256356445,0.7314844023326575,1.950261591464166,4.647281997608262,1.0,-1.7799452129464222,0.5594501304018895,0.1775370383232679,0.6902681260612367,-3.14,1.8815628360968197
887,1.3769631116828704,0.9868220484564154,0.9462432078907109,5.788795345928279,0.7311035264804772,1.9504015303511215,4.647488923039314,1.0,-1.7804201360415681,0.5587434336990053,0.17862174614600965,0.6902702508845758,-3.14,1.8809638242862148
888,1.3773115702560188,0.9872204949368003,0.9463299844756572,5.788563026051532,0.7307240158997959,1.9505417716069475,4.647697460887371,1.0,-1.7808943060955147,0.5580354700598203,0.17970739931587576,0.6902721356653804,-3.14,1.8803654700310088
889,1.3776590689808466,0.987617577383167,0.9464167561153496,5.788330968340133,0.7303458775420738,1.9506823132119895,4.647907611112674,1.0,-1.7813677170229878,0.5573262393220066,0.18079399827231407,0.6902737787404475,-3.14,1.8797677775297683
890,1.3780056047857356,0.9880132888939632,0.9465035261623405,5.788099175130899,0.7299691183722776,1.9508231531303444,4.648119373648593,1.0,-1.7818403627039765,0.5566157413298691,0.18188154346201235,0.6902751784355041,-3.14,1.87917075099714
891,1.3783511746079415,0.9884076225545501,0.9465902979980126,5.787867648762656,0.7295937453687786,1.9509642893098444,4.648332748401545,1.0,-1.7823122369836357,0.5559039759342793,0.1829700353390631,0.6902763330651708,-3.14,1.878574394663866
892,1.3786957753937814,0.9888005714373037,0.9466770750327136,5.787636391576174,0.7292197655232543,1.9511057196820296,4.648547735250912,1.0,-1.7827833336721848,0.5551909429926118,0.18405947436512785,0.6902772409329246,-3.14,1.8779787127767982
893,1.3790394040988314,0.9891921286017256,0.9467638607058805,5.787405405914088,0.7288471858405855,1.9512474421621302,4.648764334048977,1.0,-1.7832536465448123,0.5544766423686722,0.18514986100960715,0.6902779003310638,-3.14,1.8773837095989123
894,1.3793820576881206,0.989582287094547,0.9468506584861721,5.787174694120833,0.7284760133387548,1.9513894546490445,4.64898254462084,1.0,-1.783723169341577,0.5537610739326281,0.18624119574980963,0.6902783095406714,-3.14,1.876789389409322
895,1.379723733136327,0.9899710399498397,0.9469374718715985,5.786944258542567,0.728106255048743,1.9515317550253215,4.649202366764358,1.0,-1.7841918957673113,0.553044237560935,0.1873334790711252,0.6902784668315793,-3.14,1.8761957565032918
896,1.380064427427979,0.9903583801891255,0.9470243043896478,5.786714101527096,0.7277379180144257,1.9516743411571391,4.649423800250071,1.0,-1.7846598194915257,0.5523261331362621,0.18842671146720005,0.6902783704623333,-3.14,1.8756028151922506
897,1.3804041375576486,0.9907443008214846,0.9471111595974164,5.786484225423809,0.7273710092924668,1.9518172108942886,4.64964684482114,1.0,-1.7851269341483136,0.5516067605474136,0.18952089344011405,0.6902780186801574,-3.14,1.8750105698038035
898,1.3807428605301575,0.9911287948436701,0.9471980410817376,5.786254632583594,0.7270055359522142,1.9519603620701576,4.649871500193287,1.0,-1.7855932333362563,0.5508861196892484,0.19061602550056056,0.6902774097209184,-3.14,1.8744190246817445
899,1.3810805933607708,0.9915118552402156,0.9472849524593077,5.786025325358776,0.726641505075593,1.9521037925017115,4.650097766054733,1.0,-1.7860587106183285,0.5501642104625996,0.19171210816802817,0.6902765418090916,-3.14,1.873828184186068
900,1.3814173330754065,0.9918934749835546,0.9473718973768146,5.785796306103026,0.7262789237569961,1.9522474999894825,4.650325642066146,1.0,-1.7865233595218073,0.5494410327741865,0.1928091419709864,0.6902754131577257,-3.14,1.87323805269298
901,1.3817530767108324,0.9922736470341283,0.9474588795110659,5.785567577171303,0.7259177991031791,1.9523914823175499,4.650555127860583,1.0,-1.7869871735381762,0.5487165865365321,0.19390712744707134,0.6902740219684079,-3.14,1.8726486345949094
902,1.3820878213148726,0.9926523643405021,0.9475459025691164,5.785339140919776,0.7255581382331487,1.9525357372535295,4.650786223043445,1.0,-1.787450146123036,0.5479908716678703,0.1950060651432764,0.6902723664312306,-3.14,1.8720599343005182
903,1.3824215639466138,0.9930296198394837,0.9476329702883912,5.785110999705736,0.7251999482780538,1.95268026254856,4.6510189271924265,1.0,-1.7879122706960133,0.5472638880920537,0.1961059556161441,0.6902704447247563,-3.14,1.8714719562347117
904,1.3827543016766053,0.9934054064562354,0.947720086436816,5.784883155887539,0.7248432363810748,1.9528250559372922,4.651253239857472,1.0,-1.7883735406406687,0.5465356357384618,0.1972067994319603,0.6902682550159842,-3.14,1.8708847048386483
905,1.383086031587074,0.993779717104394,0.9478072548129424,5.784655611824518,0.7244880096973124,1.9529701151378749,4.651489160560736,1.0,-1.788833949304408,0.5458061145419019,0.19830859716695184,0.6902657954603165,-3.14,1.8702981845697488
906,1.3834167507721244,0.9941525446861852,0.9478944792460694,5.784428369876914,0.7241342753936758,1.9531154378519493,4.651726688796547,1.0,-1.7892934899983945,0.5450753244425082,0.19941134940748717,0.6902630642015252,-3.14,1.869712399901705
907,1.3837464563379545,0.9945238820925483,0.9479817635963746,5.7842014324057915,0.723782040648768,1.9532610217646362,4.651965824031368,1.0,-1.7897521559974587,0.5443432653856428,0.20051505675027817,0.6902600593717184,-3.14,1.8691273553244878
908,1.3840751454030593,0.9948937222032473,0.948069111755036,5.783974801772974,0.7234313126527758,1.9534068645445282,4.652206565703771,1.0,-1.7902099405400116,0.5436099373217885,0.2016197198025858,0.6902567790913076,-3.14,1.8685430553443572
909,1.3844028150984435,0.9952620578869978,0.9481565276443553,5.783748480340957,0.7230820986073521,1.9535529638436833,4.652448913224405,1.0,-1.7906668368279588,0.5428753402064413,0.20272533918242802,0.6902532214689748,-3.14,1.8679595044838673
910,1.3847294625678368,0.9956288820015837,0.9482440152178834,5.78352247047284,0.7227344057255026,1.9536993172976174,4.652692865975977,1.0,-1.7911228380266142,0.5421394739999994,0.20383191551879173,0.6902493846016406,-3.14,1.8673767072818752
911,1.3850550849678995,0.9959941873939784,0.9483315784605462,5.783296774532243,0.7223882412314717,1.9538459225253,4.652938423313225,1.0,-1.7915779372646132,0.541402338667652,0.20493944945184492,0.6902452665744306,-3.14,1.866794668293548
912,1.385379679468441,0.9963579669004687,0.9484192213887632,5.783071394883232,0.722043612360624,1.9539927771291485,4.653185584562905,1.0,-1.7920321276338307,0.5406639341792604,0.20604794163315485,0.6902408654606446,-3.14,1.8662133920903683
913,1.385703243252632,0.9967202133467769,0.9485069480505742,5.782846333890244,0.7217005263593288,1.9541398786950246,4.653434349023774,1.0,-1.7924854021892958,0.5399242605092414,0.20715739272590666,0.6902361793217237,-3.14,1.8656328832601412
914,1.3860257735172206,0.9970809195481813,0.948594762525761,5.7826215939180035,0.7213589904848435,1.954287224792231,4.653684715966585,1.0,-1.792937753949109,0.5391833176364433,0.20826780340512632,0.6902312062072193,-3.14,1.8650531464069995
915,1.3863472674727444,0.9974400783096434,0.9486826689259684,5.782397177331452,0.7210190120051949,1.954434812973512,4.653936684634075,1.0,-1.7933891758943608,0.5384411055440221,0.2093791743579063,0.690225944154762,-3.14,1.864474186151409
916,1.3866677223437525,0.9977976824259283,0.9487706713948272,5.782173086495672,0.720680598199061,1.95458264077505,4.654190254240966,1.0,-1.793839660969049,0.537697624219314,0.21049150628363333,0.6902203911900291,-3.14,1.8638960071301736
917,1.386987135369021,0.9981537246817334,0.9488587741080747,5.781949323775795,0.7203437563556533,1.9547307057164667,4.654445423973966,1.0,-1.794289202079999,0.5369528736537027,0.21160479989422087,0.690214545326715,-3.14,1.8633186139964397
918,1.3873055038017694,0.9985081978518094,0.9489469812736746,5.781725891536942,0.7200084937745957,1.954879005300825,4.654702192991777,1.0,-1.7947377920967842,0.5362068538424858,0.21271905591434392,0.6902084045664999,-3.14,1.8627420114197004
919,1.387622824909883,0.9988610947010889,0.9490352971319411,5.781502792144133,0.7196748177658076,1.9550275370146295,4.654960560425093,1.0,-1.7951854238516443,0.5354595647847398,0.2138342750816761,0.6902019668990189,-3.14,1.8621662040857998
920,1.3879390959761293,0.9992124079848113,0.9491237259556556,5.781280027962215,0.7193427356493802,1.9551762983278311,4.655220525376628,1.0,-1.79563209013941,0.5347110064831756,0.21495045814713176,0.6901952303018324,-3.14,1.8615911966969352
921,1.3882543142983814,0.9995621304486486,0.9492122720501861,5.781057601355782,0.7190122547554602,1.9553252866938307,4.655482086921126,1.0,-1.7960777837174233,0.5339611789439983,0.2160676058751095,0.6901881927403952,-3.14,1.8610169939716614
922,1.3885684771898377,0.9999102548288339,0.9493009397536094,5.780835514689096,0.7186833824241242,1.955474499549484,4.655745244105383,1.0,-1.7965224973054614,0.5332100821767579,0.21718571904374062,0.6901808521680277,-3.14,1.8604436006448928
923,1.388881581979246,1.0002567738522858,0.9493897334368279,5.7806137703260125,0.7183561260052627,1.955623934315108,4.65600999594827,1.0,-1.7969662235856603,0.5324577161941987,0.21830479844514022,0.6901732065258854,-3.14,1.8598710214679053
924,1.3891936260111237,1.0006016802367395,0.9494786575036861,5.780392370629897,0.7180304928584538,1.9557735883944891,4.656276341440772,1.0,-1.7974089552024393,0.531704081012107,0.21942484488566136,0.6901652537429298,-3.14,1.8592992612083394
925,1.3895046066459833,1.00094496669087,0.9495677163910938,5.7801713179635525,0.7177064903528455,1.955923459174888,4.6565442795460115,1.0,-1.7978506847624252,0.5309491766491536,0.2205458591861529,0.6901569917358988,-3.14,1.858728324650201
926,1.389814521260556,1.0012866259144249,0.949656914569139,5.779950614689136,0.7173841258670309,1.956073544027054,4.6568138091992965,1.0,-1.7982914048343805,0.5301930031267311,0.22166784218222146,0.6901484184092788,-3.14,1.8581582165938628
927,1.3901233672480164,1.001626650598348,0.9497462565412061,5.7797302631680845,0.7170634067889278,1.956223840305232,4.657084929308159,1.0,-1.7987311079491282,0.5294355604687913,0.22279079472449625,0.6901395316552742,-3.14,1.8575889418560656
928,1.3904311420182076,1.0019650334249102,0.9498357468440949,5.779510265761036,0.7167443405156555,1.9563743453471731,4.657357638752401,1.0,-1.7991697865994791,0.5286768487016774,0.22391471767889715,0.6901303293537802,-3.14,1.8570205052699185
929,1.390737842997869,1.0023017670678385,0.9499253900481328,5.779290624827749,0.7164269344534119,1.95652505647415,4.657631936384155,1.0,-1.7996074332401624,0.5279168678539496,0.22503961192690805,0.690120809372354,-3.14,1.8564529116848993
930,1.3910434676308614,1.002636844192443,0.9500151907572957,5.779071342727024,0.716111196017353,1.9566759709909687,4.6579078210279325,1.0,-1.80004404028775,0.5271556179562142,0.226165478365852,0.6901109695661861,-3.14,1.8558861659668555
931,1.3913480133783942,1.0029702574557449,0.95010515360932,5.778852421816635,0.7157971326314673,1.9568270861859813,4.6581852914806925,1.0,-1.8004796001205903,0.5263930990409406,0.22729231790917132,0.6901008077780731,-3.14,1.8553202729980023
932,1.391651477719254,1.003301999506608,0.9501952832758163,5.778633864453237,0.7154847517284554,1.9569783993311083,4.658464346511907,1.0,-1.8009141050787374,0.5256293111422775,0.22842013148671225,0.6900903218383899,-3.14,1.854755237676923
933,1.3919538581500341,1.0036320629858642,0.9502855844623894,5.778415672992301,0.7151740607496073,1.9571299076818447,4.658744984863626,1.0,-1.8013475474638785,0.524864254295872,0.22954892004500987,0.6900795095650606,-3.14,1.8541910649185684
934,1.3922551521853608,1.003960440526444,0.9503760619087495,5.778197849788028,0.7148650671446783,1.957281608477287,4.659027205250566,1.0,-1.80177991953927,0.5240979285386727,0.23067868454758234,0.690068368763533,-3.14,1.8536277596542554
935,1.3925553573581253,1.0042871247535052,0.9504667203888231,5.777980397193275,0.7145577783717676,1.9574334989401492,4.659311006360184,1.0,-1.8022112135296677,0.5233303339087354,0.2318094259752256,0.6900568972267503,-3.14,1.853065326831665
936,1.3928544712197133,1.00461210828456,0.9505575647108742,5.777763317559477,0.7142522018971962,1.9575855762767806,4.659596386852766,1.0,-1.8026414216212578,0.522561470445028,0.23294114532631172,0.6900450927351242,-3.14,1.8525037714148416
937,1.3931524913402327,1.004935383729604,0.9506485997176092,5.77754661323657,0.713948345195384,1.957737837677189,4.659883345361521,1.0,-1.803070535961593,0.5217913381872236,0.23407384361709405,0.6900329530565078,-3.14,1.8519430983841902
938,1.3934494153087489,1.0052569436912409,0.9507398302862956,5.777330286572921,0.7136462157487289,1.9578902803150617,4.660171880492676,1.0,-1.8034985486595239,0.5210199371754962,0.235207521882014,0.6900204759461688,-3.14,1.8513833127364756
939,1.3937452407335116,1.0055767807648188,0.950831261328871,5.777114339915232,0.7133458210474829,1.9580429013477902,4.66046199082558,1.0,-1.8039254517851364,0.5202472674503048,0.2363421811740148,0.6900076591467635,-3.14,1.850824419484818
940,1.3940399652421922,1.0058948875385483,0.9509228977920575,5.776898775608484,0.713047168589633,1.9581956979164952,4.660753674912816,1.0,-1.804351237369685,0.5194733290521811,0.2374778225648569,0.6899945003883098,-3.14,1.8502664236586923
941,1.394333586482109,1.0062112565936328,0.9510147446574725,5.776683595995854,0.7127502658807802,1.9583486671460466,4.661046931280305,1.0,-1.8047758974055272,0.5186981220215103,0.2386144471454385,0.6899809973881604,-3.14,1.849709330303925
942,1.3946261021204662,1.006525880504398,0.9511068069417384,5.776468803418629,0.7124551204340164,1.9585018061450974,4.661341758427437,1.0,-1.8051994238460622,0.5179216463983022,0.23975205602612176,0.6899671478509778,-3.14,1.8491531444826899
943,1.3949175098445803,1.006838751838412,0.9511990896965983,5.7762544002161516,0.7121617397698076,1.9586551120061078,4.661638154827188,1.0,-1.805621808605666,0.517143902221964,0.24089065033706314,0.6899529494687071,-3.14,1.8485978712735067
944,1.3952078073621201,1.007149863156618,0.951291598009023,5.776040388725719,0.7118701314158717,1.9588085818053718,4.661936118926254,1.0,-1.8060430435596275,0.5163648895310692,0.24203023122854564,0.6899383999205504,-3.14,1.8480435157712374
945,1.395496992401335,1.0074592070134532,0.9513843370013215,5.775826771282527,0.7115803029070614,1.9589622126030513,4.662235649145185,1.0,-1.8064631205440886,0.5155846083631139,0.24317079987132095,0.6899234968729412,-3.14,1.847490083087082
946,1.3957850627112893,1.0077667759569762,0.9514773118312515,5.775613550219591,0.711292261785243,1.9591160014432074,4.662536743878534,1.0,-1.806882031355982,0.5148030587542759,0.24431235745695262,0.6899082379795186,-3.14,1.8469375783485749
947,1.3960720160621,1.0080725625289915,0.9515705276921335,5.775400727867663,0.7110060155991815,1.9592699453538267,4.662839401494996,1.0,-1.8072997677529656,0.5140202407391692,0.24545490519816282,0.6898926208811006,-3.14,1.8463860066995832
948,1.3963578502451668,1.0083765592651703,0.9516639898129549,5.77518830655517,0.7107215719044222,1.9594240413468613,4.663143620337571,1.0,-1.8077163214533665,0.5132361543505869,0.24659844432918893,0.6898766432056601,-3.14,1.845835373300301
949,1.3966425630734058,1.0086787586951729,0.9517577034584813,5.77497628860813,0.7104389382631751,1.95957828641826,4.663449398723719,1.0,-1.8081316841361164,0.5124507996192459,0.2477429761061405,0.6898603025682981,-3.14,1.845285683327246
950,1.3969261523814915,1.0089791533427726,0.9518516739293678,5.774764676350086,0.7101581222441974,1.9597326775480046,4.663756734945528,1.0,-1.8085458474406935,0.5116641765735229,0.24888850180736397,0.6898435965712189,-3.14,1.844736941973256
951,1.3972086160260804,1.0092777357259741,0.9519459065622662,5.774553472102026,0.7098791314226818,1.9598872117001451,4.6640656272698875,1.0,-1.80895880296706,0.5108762852391879,0.25003502273381095,0.6898265228037038,-3.14,1.8441891544474853
952,1.3974899518860548,1.0095744983571326,0.9520404067299344,5.774342678182322,0.7096019733801405,1.9600418858228403,4.664376073938673,1.0,-1.8093705422756046,0.5100871256391286,0.25118254020941333,0.6898090788420871,-3.14,1.8436423259754
953,1.397770157862754,1.0098694337430738,0.9521351798413453,5.77413229690664,0.7093266557042949,1.9601966968483964,4.664688073168921,1.0,-1.8097810568870802,0.5092966977930737,0.25233105558146196,0.6897912622497291,-3.14,1.8430964617987744
954,1.3980492318802098,1.0101625343852096,0.9522302313417946,5.773922330587893,0.7090531859889616,1.9603516416933033,4.665001623153031,1.0,-1.8101903382825464,0.5085050017173091,0.25348057022099224,0.6897730705769918,-3.14,1.8425515671756871
955,1.3983271718853831,1.0104537927796577,0.9523255667130095,5.773712781536141,0.7087815718339435,1.9605067172582815,4.665316722058961,1.0,-1.8105983779033092,0.5077120374243874,0.25463108552317487,0.6897545013612131,-3.14,1.8420076473805171
956,1.3986039758483952,1.0107432014173516,0.9524211914732608,5.773503652058549,0.708511820844921,1.9606619204283209,4.665633368030433,1.0,-1.811005167150861,0.5069178049228356,0.25578260290771104,0.689735552126681,-3.14,1.8414647077039406
957,1.3988796417627676,1.0110307527841573,0.9525171111774656,5.773294944459299,0.7082439406333436,1.9608172480727237,4.665951559187147,1.0,-1.811410697386822,0.5061223042168523,0.2569351238192348,0.6897162203846088,-3.14,1.8409227534529258
958,1.3991541676456534,1.0113164393609864,0.9526133314172986,5.773086661039525,0.7079779388163223,1.9609726970451535,4.666271293624998,1.0,-1.8118149599328828,0.5053255353060024,0.25808864972772133,0.6896965036331092,-3.14,1.8403817899507309
959,1.3994275515380754,1.0116002536239048,0.9527098578213002,5.772878804097247,0.7077138230165269,1.9611282641836751,4.666592569416307,1.0,-1.8122179460707415,0.5045274981849067,0.2592431821288991,0.6896763993571685,-3.14,1.8398418225369
960,1.3996997915051579,1.0118821880442428,0.9528066960549856,5.7726713759273025,0.7074516008620801,1.9612839463108083,4.666915384610048,1.0,-1.812619647042048,0.5037281928429225,0.26039872254467067,0.6896559050286213,-3.14,1.8393028565672593
961,1.3999708856363642,1.012162235088704,0.9529038518209522,5.772464378821276,0.7071912799864574,1.9614397402335688,4.667239737232095,1.0,-1.8130200540483419,0.5029276192638221,0.2615552725235375,0.6896350181061242,-3.14,1.838764897413915
962,1.4002408320457294,1.01244038721947,0.9530013308589874,5.7722578150674355,0.7069328680283851,1.9615956427435226,4.667565625285467,1.0,-1.8134191582509958,0.5021257774254606,0.26271283364103215,0.6896137360351304,-3.14,1.838227950465249
963,1.4005096288720973,1.0127166368943055,0.9530991389461784,5.772051686950665,0.7066763726317423,1.9617516506168367,4.6678930467505815,1.0,-1.8138169507711537,0.5013226672994416,0.2638714075001567,0.6895920562478636,-3.14,1.8376920211259176
964,1.4007772742793527,1.0129909765666611,0.9531972818970231,5.771845996752397,0.7064218014454648,1.9619077606143234,4.668221999585519,1.0,-1.8142134226896707,0.5005182888507774,0.26503099573182626,0.6895699761632909,-3.14,1.8371571148168482
965,1.4010437664566564,1.0132633986857724,0.9532957655635333,5.77164074675056,0.7061691621234486,1.962063969481503,4.668552481726297,1.0,-1.8146085650470554,0.4997126420375361,0.26619159999532166,0.6895474931870974,-3.14,1.8366232369752375
966,1.4013091036186787,1.013533895696761,0.9533945958353487,5.771435939219494,0.705918462324458,1.9622202739486514,4.668884491087142,1.0,-1.8150023688434074,0.49890572681049,0.2673532219787464,0.6895246047116596,-3.14,1.8360903930545496
967,1.4015732840058335,1.0138024600407294,0.9534937786398457,5.771231576429904,0.7056697097120346,1.962376670730856,4.669218025560773,1.0,-1.815394825038356,0.49809754311275495,0.2685158633994908,0.6895013081160173,-3.14,1.8355585885245143
968,1.4018363058845125,1.0140690841548567,0.9535933199422458,5.771027660648793,0.7054229119544083,1.9625331565280704,4.669553083018703,1.0,-1.815785924551,0.4972880908794209,0.2696795260047039,0.6894776007658479,-3.14,1.8350278288711268
969,1.4020981675473168,1.014333760472489,0.9536932257457263,5.770824194139402,0.7051780767244101,1.962689728025174,4.669889661311534,1.0,-1.8161756582598456,0.49647737003717773,0.270844211571772,0.6894534800134382,-3.14,1.8344981195966463
970,1.4023588673132903,1.014596481423232,0.9537935020915299,5.770621179161142,0.7049352116993883,1.9628463818920312,4.670227758269268,1.0,-1.8165640170027442,0.49566538050393333,0.2720099219088043,0.6894289431976572,-3.14,1.8339694662195958
971,1.4026184035281517,1.0148572394330357,0.953894155059078,5.770418617969547,0.7046943245611276,1.9630031147835454,4.670567371701625,1.0,-1.8169509915768278,0.4948521221884269,0.2731766588551256,0.689403987643928,-3.14,1.8334418742747631
972,1.4028767745645265,1.01511602692428,0.9539951907660789,5.770216512816208,0.7044554229957679,1.9631599233397241,4.670908499398366,1.0,-1.8173365727384474,0.4940375949898316,0.2743444242817767,0.6893786106641991,-3.14,1.8329153493132004
973,1.4031339788221784,1.0153728363158587,0.9540966153686427,5.770014865948714,0.7042185146937289,1.963316804185739,4.6712511391296285,1.0,-1.817720751203106,0.4932217987973532,0.2755132200920214,0.6893528095569161,-3.14,1.8323898969022272
974,1.4033900147282408,1.015627660023259,0.9541984350613911,5.769813679610594,0.7039836073496353,1.9634737539319878,4.671595288646266,1.0,-1.8181035176453948,0.4924047334898195,0.27668304822186346,0.6893265816069927,-3.14,1.8318655226254308
975,1.4036448807374469,1.015880490458634,0.9543006560775721,5.769612956041275,0.7037507086622453,1.963630769174159,4.6719409456802055,1.0,-1.818484862698927,0.49158639893526324,0.2778539106405691,0.6892999240857807,-3.14,1.8313422320826698
976,1.4038985753323598,1.0161313200308832,0.954403284689173,5.769412697476008,0.7035198263343834,1.9637878464932954,4.672288107944796,1.0,-1.818864776956269,0.49076679499049725,0.27902580935119825,0.6892728342510406,-3.14,1.8308200308900768
977,1.4041510970236013,1.016380141145719,0.954506327207036,5.769212906145825,0.7032909680728733,1.9639449824558612,4.672636773135187,1.0,-1.8192432509688727,0.48994592150068167,0.28019874639114367,0.6892453093469108,-3.14,1.830298924680063
978,1.4044024443500815,1.0166269462057331,0.9546097899809719,5.769013584277492,0.7030641415884773,1.9641021736138065,4.6729869389286955,1.0,-1.8196202752470059,0.48912377829888476,0.2813727238326793,0.6892173466038762,-3.14,1.8297789191013225
979,1.4046526158792265,1.0168717276104682,0.9547136793998774,5.768814734093441,0.7028393545958354,1.964259416504638,4.673338602985199,1.0,-1.8199958402596816,0.4883003652056324,0.28254774378351594,0.689188943238738,-3.14,1.829260019818838
980,1.404901610207207,1.0171144777564698,0.9548180018918516,5.768616357811737,0.7026166148134113,1.9644167076514862,4.6736917629475245,1.0,-1.8203699364345847,0.4874756820284546,0.28372380838736555,0.6891600964545801,-3.14,1.828742232513887
981,1.4051494259591621,1.0173551890373518,0.9549227639243137,5.768418457646014,0.7023959299634387,1.964574043563175,4.674046416441856,1.0,-1.8207425541579996,0.4866497285614192,0.2849009198245148,0.6891308034407372,-3.14,1.8282255628840487
982,1.4053960617894297,1.0175938538438465,0.9550279720041234,5.768221035805439,0.7021773077718726,1.9647314207342956,4.674402561078147,1.0,-1.8211136837747355,0.4858225045846584,0.2860790803124082,0.6891010613727615,-3.14,1.8277100166432134
983,1.4056415163817673,1.0178304645638534,0.9551336326776989,5.768024094494665,0.7019607559683458,1.9648888356452712,4.67476019445054,1.0,-1.8214833155880465,0.48499400986389124,0.28725829210623777,0.6890708674123882,-3.14,1.8271955995215907
984,1.4058857884495821,1.0180650135824942,0.9552397525311396,5.767827635913767,0.7017462822861249,1.9650462847624393,4.6751193141378,1.0,-1.821851439859558,0.48416424414992837,0.2884385574995453,0.6890402187075012,-3.14,1.8266823172657194
985,1.4061288767361495,1.0182974932821436,0.955346338190349,5.767631662258227,0.7015338944620753,1.9652037645381206,4.675479917703755,1.0,-1.8222180468091813,0.4833332071781789,0.2896198788248308,0.689009112392097,-3.14,1.8261701756384803
986,1.4063707800148388,1.0185278960424782,0.955453396321158,5.767436175718868,0.7013236002366269,1.96536127141069,4.675842002697746,1.0,-1.8225831266150343,0.4825008986681405,0.2908022584541729,0.6889775455862485,-3.14,1.8256591804191071
987,1.4066114970893355,1.0187562142405062,0.9555609336294492,5.767241178481821,0.7011154073537434,1.9655188018046623,4.676205566655093,1.0,-1.8229466694133585,0.48166731832288096,0.29198569879985886,0.688945515396069,-3.14,1.8251493374032006
988,1.4068510267938612,1.0189824402505976,0.9556689568612848,5.767046672728489,0.7009093235608999,1.96567635213076,4.676570607097559,1.0,-1.8233086652984296,0.4808324658285157,0.29317020231502294,0.6889130189136725,-3.14,1.8246406524027436
989,1.4070893679933956,1.0192065664445122,0.9557774728030357,5.766852660635496,0.7007053566090609,1.9658339187859957,4.676937121533832,1.0,-1.8236691043224704,0.47999634085367215,0.2943557714942959,0.6888800532171354,-3.14,1.8241331312461173
990,1.407326519583893,1.0194285851914189,0.9558864882815098,5.766659144374664,0.7005035142526647,1.9659914981537474,4.677305107460017,1.0,-1.8240279764955596,0.4791589430489448,0.2955424088744655,0.6888466153704565,-3.14,1.8236267797781185
991,1.4075624804925027,1.0196484888579114,0.9559960101640834,5.766466126112971,0.7003038042496116,1.9661490866038431,4.677674562360143,1.0,-1.82438527178554,0.4783202720463393,0.2967301170351471,0.6888127024235169,-3.14,1.8231216038599782
992,1.4077972496777882,1.0198662698080236,0.9561060453588359,5.766273608012513,0.7001062343612575,1.9663066804926368,4.6780454837066605,1.0,-1.8247409801179202,0.477480327458711,0.2979188985994647,0.6887783114120366,-3.14,1.8226176093693827
993,1.4080308261299401,1.0200819204032323,0.9562166008146871,5.766081592230475,0.6999108123524147,1.966464276163088,4.678417868960975,1.0,-1.825095091375776,0.476639108879191,0.29910875623474287,0.688743439357532,-3.14,1.8221148022004956
994,1.40826320887099,1.0202954330024603,0.9563276835215287,5.765890080919101,0.6997175459913524,1.9666218699448532,4.678791715573978,1.0,-1.8254475953996514,0.47579661588059824,0.30029969265321116,0.6887080832672722,-3.14,1.8216131882639806
995,1.4084943969550316,1.0205067999620738,0.9564393005103701,5.765699076225663,0.6995264430498067,1.966779458154356,4.679167020986588,1.0,-1.8257984819874513,0.4749528480148497,0.3014917106127182,0.6886722401342324,-3.14,1.8211127734870274
996,1.4087243894684252,1.02071601363587,0.956551458853476,5.765508580292433,0.6993375113029964,1.9669370370948822,4.679543782630305,1.0,-1.8261477408943358,0.4741078048123511,0.30268481291745924,0.6886359069370485,-3.14,1.8206135638133785
997,1.4089531855300148,1.0209230663750666,0.9566641656645124,5.765318595256654,0.6991507585296409,1.9670946030566587,4.679921997927779,1.0,-1.8264953618326085,0.47326148578138283,0.30387900241871457,0.6885990806399679,-3.14,1.8201155652033574
998,1.4091807842913382,1.0211279505282762,0.9567774280986926,5.7651291232505235,0.698966192511988,1.967252152316939,4.680301664293382,1.0,-1.8268413344716012,0.4724138904074737,0.30507428201560005,0.6885617581928007,-3.14,1.8196187836339002
999,1.4094071849368348,1.0213306584414865,0.9568912533529254,5.764940166401157,0.6987838210358435,1.9674096811400898,4.6806827791338,1.0,-1.827185648437558,0.4715650181527615,0.3062706546558303,0.6885239365308687,-3.14,1.8191232250985878
1000,1.4096323866840539,1.0215311824580193,0.9570056486659683,5.764751726830585,0.6986036518906112,1.9675671857776784,4.681065339848633,1.0,-1.8275282933135117,0.4707148684553442,0.3074681233364956,0.6884856125749533,-3.14,1.8186288956076804
1001,1.4098563887838602,1.0217295149184986,0.9571206213185802,5.764563806655718,0.6984256928693351,1.967724662468563,4.681449343831005,1.0,-1.8278692586391612,0.46986344072861813,0.3086666911048493,0.6884467832312415,-3.14,1.818135801188154
1002,1.4100791905206445,1.0219256481608032,0.957236178633678,5.764376407988337,0.6982499517687496,1.9678821074389756,4.681834788468186,1.0,-1.8282085339107392,0.4690107343606062,0.3098663610591113,0.6884074453912705,-3.14,1.8176439478837403
1003,1.4103007912125203,1.0221195745200138,0.9573523279765016,5.764189532935074,0.6980764363893391,1.9680395169026141,4.682221671142226,1.0,-1.8285461085808792,0.4681567487132739,0.31106713634928246,0.6883675959318705,-3.14,1.8171533417549663
1004,1.4105211902115333,1.0223112863283546,0.9574690767547699,5.7640031835974055,0.6979051545353987,1.9681968870607336,4.682609989230608,1.0,-1.8288819720584797,0.46730148312182956,0.31226902017797514,0.688327231715106,-3.14,1.816663988879199
1005,1.4107403869038582,1.0225007759151306,0.957586432418854,5.76381736207163,0.6977361140151068,1.9683542141022314,4.6829997401069,1.0,-1.8292161137085583,0.4664449368940183,0.31347201580125583,0.6882863495882153,-3.14,1.8161758953506915
1006,1.4109583807100003,1.0226880356066506,0.9577044024619439,5.763632070448868,0.6975693226406029,1.968511494203743,4.683390921141431,1.0,-1.8295485228521067,0.4655871093093981,0.31467612652950283,0.6882449463835477,-3.14,1.8156890672806298
1007,1.4111751710849945,1.0228730577261507,0.9578229944202203,5.763447310815051,0.6974047882280712,1.9686687235297353,4.683783529701978,1.0,-1.8298791887659391,0.4647279996186039,0.3158813557282796,0.6882030189184996,-3.14,1.8152035107971856
1008,1.4113907575185995,1.0230558345937044,0.9579422158730385,5.763263085250915,0.6972425185978367,1.9688258982325895,4.684177563154456,1.0,-1.8302081006825328,0.4638676070426025,0.3170877068192217,0.6881605639954473,-3.14,1.8147192320455692
1009,1.4116051395354967,1.0232363585261282,0.9580620744431014,5.763079395832,0.6970825215744622,1.9689830144527025,4.6845730188636345,1.0,-1.830535247789867,0.4630059307719283,0.3182951832809395,0.6881175784016795,-3.14,1.814236237188086
1010,1.4118183166954814,1.0234146218368803,0.9581825777966503,5.762896244628641,0.6969248049868589,1.969140068318579,4.684969894193856,1.0,-1.8308606192312555,0.4621429699659086,0.31950378864993695,0.688074058909326,-3.14,1.8137545324041962
1011,1.4120302885936564,1.0235906168359457,0.9583037336436504,5.7627136337059826,0.6967693766684028,1.9692970559469187,4.685368186509775,1.0,-1.8311842041051716,0.46127872375187545,0.3207135265215459,0.6880300022752851,-3.14,1.8132741238905763
1012,1.4122410548606217,1.0237643358297202,0.9584255497379863,5.762531565123965,0.6966162444570588,1.969453973442721,4.685767893177109,1.0,-1.83150599146507,0.46041319122436103,0.3219244005508772,0.6879854052411483,-3.14,1.8127950178611856
1013,1.412450615162664,1.0239357711208776,0.9585480338776607,5.762350040937349,0.6964654161955162,1.9696108168993687,4.686169011563399,1.0,-1.8318259703191995,0.4595463714442813,0.3231364144537874,0.6879402645331228,-3.14,1.8123172205473344
1014,1.4126589692019447,1.0241049150082395,0.9586711939049949,5.762169063195706,0.6963168997313283,1.9697675823987284,4.686571539038787,1.0,-1.8321441296304124,0.4586782634381027,0.32434957200786385,0.6878945768619518,-3.14,1.8118407381977555
1015,1.4128661167166832,1.0242717597866224,0.9587950377068358,5.761988633943437,0.6961707029170674,1.9699242660112481,4.686975472976811,1.0,-1.832460458315966,0.45780886619699274,0.3255638770534271,0.6878483389228313,-3.14,1.8113655770786796
1016,1.4130720574813425,1.0244362977466859,0.9589195732147708,5.761808755219788,0.6960268336104823,1.970080863796047,4.687380810755205,1.0,-1.8327749452473157,0.4569381786759607,0.3267793334945495,0.6878015473953251,-3.14,1.810891743473915
1017,1.4132767913068134,1.0245985211747692,0.9590448084053427,5.761629429058856,0.6958852996746706,1.970237371801016,4.687787549756726,1.0,-1.833087579249905,0.4560661997929749,0.3279959453000946,0.6877541989432774,-3.14,1.8104192436849278
1018,1.4134803180405902,1.0247584223527146,0.9591707513002746,5.761450657489611,0.6957461089782581,1.970393786062911,4.688195687369978,1.0,-1.8333983491029433,0.45519292842807174,0.3292137165047731,0.687706290214721,-3.14,1.8099480840309308
1019,1.4136826375669513,1.0249159935576815,0.9592974099666974,5.761272442535925,0.6956092693955885,1.9705501026074523,4.688605220990276,1.0,-1.8337072435391808,0.45431836342244225,0.3304326512102186,0.6876578178417844,-3.14,1.8094782708489714
1020,1.4138837498071393,1.0250712270619586,0.9594247925173814,5.761094786216574,0.6954747888069238,1.9707063174494186,4.689016148020497,1.0,-1.8340142512446738,0.4534425035775033,0.33165275358608326,0.6876087784405952,-3.14,1.8090098104940258
1021,1.4140836547195281,1.0252241151327508,0.9595529071109806,5.760917690545283,0.6953426750986559,1.9708624265927461,4.689428465871968,1.0,-1.8343193608585389,0.45256534765395673,0.332874027871153,0.6875591686111793,-3.14,1.8085427093390976
1022,1.4142823522998058,1.0253746500319698,0.9596817619522777,5.760741157530744,0.6952129361635269,1.971018426030622,4.689842171965357,1.0,-1.8346225609727054,0.45168689437082454,0.3340964783744831,0.6875089849373587,-3.14,1.8080769737753193
1023,1.4144798425811371,1.025522824016004,0.9598113652924328,5.76056518917665,0.6950855799008623,1.9711743117455878,4.690257263731586,1.0,-1.8349238401316528,0.45080714240446906,0.335320109476554,0.6874582239866447,-3.14,1.80761261021206
1024,1.4146761256343385,1.0256686293354813,0.9599417254292496,5.760389787481727,0.6949606142168158,1.9713300797096278,4.690673738612754,1.0,-1.8352231868321423,0.44992609038759807,0.33654492563045013,0.6874068823101279,-3.14,1.8071496250770354
1025,1.4148712015680434,1.0258120582350232,0.9600728507074346,5.760214954439764,0.6948380470246228,1.9714857258842746,4.6910915940630895,1.0,-1.8355205895229405,0.44904373690824384,0.33777093136305947,0.6873549564423658,-3.14,1.8066880248164232
1026,1.4150650705288652,1.0259531029529763,0.9602047495188754,5.76004069203967,0.6947178862448703,1.9716412462207016,4.691510827549899,1.0,-1.8358160366045295,0.4481600805087331,0.3389981312762948,0.6873024429012637,-3.14,1.8062278158949852
1027,1.4152577327015656,1.0260917557211473,0.9603374303029164,5.7598670022654925,0.6946001398057744,1.9717966366598216,4.691931436554549,1.0,-1.8361095164288121,0.44727511968462896,0.34022653004833936,0.6872493381879563,-3.14,1.8057690047961905
1028,1.4154491883092102,1.0262280087645093,0.9604709015466518,5.759693887096489,0.6944848156434743,1.9719518931323812,4.692353418573461,1.0,-1.8364010172988021,0.44638885288365887,0.34145613243491496,0.6871956387866811,-3.14,1.8053115980223475
1029,1.415639437613335,1.0263618543009128,0.9606051717852153,5.759521348507143,0.6943719217023351,1.9721070115590638,4.692776771119116,1.0,-1.8366905274683099,0.445501278504618,0.34268694327057514,0.6871413411646509,-3.14,1.8048556020947386
1030,1.4158284809140962,1.026493284540765,0.9607402496020918,5.7593493884672435,0.6942614659352683,1.9722619878505785,4.693201491721089,1.0,-1.8369780351416083,0.44461239489625953,0.3439189674700204,0.6870864417719196,-3.14,1.8044010235537618
1031,1.416016318550429,1.0266222916867105,0.9608761436294201,5.759178008941928,0.6941534563040614,1.9724168179077628,4.693627577927091,1.0,-1.8372635284730996,0.44372220035615295,0.34515221002944174,0.6870309370412465,-3.14,1.8039478689590758
1032,1.416202950900203,1.0267488679332928,0.9610128625483203,5.759007211891736,0.6940479007797244,1.9725714976216762,4.694055027304036,1.0,-1.8375469955669599,0.4428306931295302,0.3463866760278884,0.6869748233879538,-3.14,1.8034961448897537
1033,1.416388378380369,1.0268730054666,0.9611504150892229,5.758836999272672,0.6939448073428485,1.972726022873695,4.694483837439118,1.0,-1.8378284244767773,0.44193787140810725,0.3476223706286611,0.6869180972097804,-3.14,1.8030458579444406
1034,1.4165726014471103,1.0269946964638987,0.9612888100322062,5.758667373036278,0.6938441839839807,1.9728803895356102,4.694914005940917,1.0,-1.838107803205176,0.441043733328882,0.34885929908073354,0.686860754886731,-3.14,1.802597014741517
1035,1.4167556205959908,1.027113933093255,0.9614280562073427,5.7584983351296835,0.6937460387040119,1.9730345934697207,4.695345530440518,1.0,-1.838385119703431,0.4401482769729079,0.35009746672020176,0.6868027927809214,-3.14,1.802149621919269
1036,1.4169374363620968,1.0272307075131342,0.9615681624950616,5.758329887495695,0.693650379514581,1.9731886305289275,4.695778408592651,1.0,-1.8386603618710649,0.43925150036404936,0.35133687897176086,0.6867442072364167,-3.14,1.8017036861360656
1037,1.4171180493201796,1.0273450118719916,0.9617091378265143,5.7581620320728595,0.6935572144384953,1.9733424965568311,4.696212638076849,1.0,-1.8389335175554333,0.43835340146770835,0.3525775413502109,0.6866849945790658,-3.14,1.8012592140705415
1038,1.4172974600848014,1.0274568383078468,0.9618509911839517,5.757994770795535,0.6934665515101637,1.9734961873878232,4.6966482165986285,1.0,-1.839204574551301,0.4374539781895264,0.3538194594619939,0.6866251511163314,-3.14,1.8008162124217857
1039,1.4174756693104642,1.027566178947835,0.9619937316011186,5.757828105593992,0.6933783987760513,1.9736496988471741,4.697085141890688,1.0,-1.8394735206003952,0.43655322837406735,0.35506263900675905,0.6865646731371116,-3.14,1.8003746879095406
1040,1.4176526776917557,1.0276730259077516,0.9621373681636471,5.757662038394481,0.6932927642951452,1.973803026751137,4.697523411714132,1.0,-1.8397403433909523,0.4356511498034646,0.3563070857789617,0.6865035569115597,-3.14,1.7999346472744036
1041,1.4178284859634755,1.027777371291574,0.9622819100094773,5.757496571119324,0.6932096561394419,1.9739561669070282,4.697963023859705,1.0,-1.8400050305572435,0.4347477401960534,0.3575528056694922,0.686441798690895,-3.14,1.7994960972780398
1042,1.4180030949007714,1.027879207190965,0.9624273663292716,5.757331705687013,0.6931290823944504,1.9741091151133228,4.6984039761490655,1.0,-1.8402675696790898,0.4338429972049664,0.358799804667339,0.6863793947072098,-3.14,1.7990590447034003
1043,1.418176505319268,1.027978525684763,0.9625737463668599,5.757167444012299,0.6930510511597128,1.9742618671597436,4.698846266436062,1.0,-1.8405279482813561,0.43293691841670845,0.3600480888612846,0.6863163411732686,-3.14,1.7986234963549488
1044,1.4183487180751917,1.0280753188384497,0.9627210594196811,5.7570037880062985,0.6929755705493442,1.9744144188273525,4.699289892608047,1.0,-1.8407861538334338,0.432029501349699,0.3612976644416366,0.6862526342823025,-3.14,1.798189459058896
1045,1.4185197340654967,1.0281695787036031,0.9628693148392494,5.756840739576594,0.6929026486925913,1.9745667658886326,4.699734852587203,1.0,-1.841042173748703,0.4311207434527871,0.3625485377019941,0.6861882702077967,-3.14,1.7977569396634425
1046,1.4186895542279914,1.028261297317329,0.963018522031626,5.756678300627336,0.6928322937344099,1.9747189041075837,4.700181144331899,1.0,-1.8412959953839787,0.43021064210373683,0.3638007150410502,0.6861232451032705,-3.14,1.7973259450390295
1047,1.4188581795414528,1.0283504667016707,0.9631686904579118,5.75651647305937,0.6927645138360641,1.9748708292397983,4.700628765838067,1.0,-1.841547606038936,0.4292991946076855,0.3650542029644316,0.6860575551020505,-3.14,1.7968964820786002
1048,1.4190256110257493,1.0284370788630042,0.9633198296347468,5.756355258770335,0.6926993171757428,1.9750225370325545,4.701077715140602,1.0,-1.841796992955523,0.42838639819556307,0.36630900808657685,0.6859911963170384,-3.14,1.796468557697866
1049,1.4191918497419551,1.0285211257914095,0.9634719491348294,5.756194659654798,0.6926367119491987,1.9751740232248955,4.701527990314793,1.0,-1.8420441433173493,0.42747225002248646,0.36756513713265404,0.6859241648404701,-3.14,1.796042178835586
1050,1.419356896792465,1.0286025994600196,0.9636250585874485,5.75603467760437,0.6925767063704102,1.975325283547714,4.701979589477771,1.0,-1.8422890442490558,0.42655674716612024,0.36882259694051817,0.6858564567436667,-3.14,1.7956173524538546
1051,1.419520753321104,1.028681491824351,0.9637791676790345,5.755875314507843,0.692519308672261,1.9754763137238291,4.702432510789986,1.0,-1.8425316828156648,0.4256398866250027,0.3700813944627096,0.685788068076779,-3.14,1.7951940855383974
1052,1.4196834205132387,1.028757794821611,0.9639342861537203,5.755716572251315,0.692464527107247,1.9756271094680709,4.7028867524567115,1.0,-1.8427720460219106,0.424721665316836,0.3713415367684962,0.6857189948685242,-3.14,1.794772385098879
1053,1.419844899595884,1.0288315003699797,0.9640904238139256,5.7555584527183346,0.6924123699482033,1.9757776664873552,4.703342312729576,1.0,-1.8430101208115455,0.4238020800767452,0.3726030310459576,0.6856492331259131,-3.14,1.7943522581692197
1054,1.4200051918378054,1.028902600367876,0.9642475905209522,5.75540095779004,0.6923628454890535,1.9759279804807601,4.703799189908116,1.0,-1.843245894066628,0.4228811276554981,0.3738658846041148,0.6855787788339702,-3.14,1.7939337118079235
1055,1.4201642985496274,1.0289710866931912,0.9644057961956012,5.755244089345308,0.6923159620455863,1.9760780471396031,4.70425738234137,1.0,-1.843479352606785,0.4219588047176887,0.37513010487510634,0.6855076279554447,-3.14,1.793516753098416
1056,1.420322221083927,1.0290369512025017,0.9645650508188087,5.75508784926091,0.6922717279562568,1.97622786214751,4.704716888429484,1.0,-1.843710483188449,0.4210351078398847,0.3763956994164103,0.6854357764305118,-3.14,1.7931013891493948
1057,1.4204789608353379,1.0291001857302617,0.9647253644322946,5.754932239411659,0.6922301515830087,1.976377421180491,4.705177706625361,1.0,-1.8439392725040782,0.4201100335087323,0.3776626759131154,0.6853632201764664,-3.14,1.7926876270951897
1058,1.420634519240642,1.0291607820879605,0.9648867471392378,5.754777261670584,0.6921912413121282,1.9765267199070067,4.70563983543633,1.0,-1.8441657071813435,0.41918357811902635,0.3789310421802421,0.685289955087406,-3.14,1.7922754740961362
1059,1.4207888977788665,1.0292187320632629,0.9650492091049662,5.754622917909087,0.6921550055551204,1.9766757539880353,4.706103273425852,1.0,-1.8443897737822958,0.41825573797173404,0.380200806165114,0.6852159770339045,-3.14,1.7918649373389597
1060,1.4209420979713736,1.0292740274191163,0.9652127605576692,5.754469209997127,0.6921214527496151,1.9768245190771403,4.706568019215258,1.0,-1.8446114588025047,0.41732650927198084,0.38147197594978255,0.685141281862676,-3.14,1.7914560240371726
1061,1.4210941213819512,1.029326659892836,0.965377411789131,5.754316139803382,0.6920905913602999,1.976973010820533,4.7070340714855075,1.0,-1.8448307486701705,0.41639588812698985,0.3827445597535054,0.6850658653962287,-3.14,1.7910487414314842
1062,1.4212449696168992,1.0293766211951547,0.965543173155486,5.7541637091954465,0.6920624298798829,1.9771212248571317,4.707501428978999,1.0,-1.8450476297452085,0.41546387054398004,0.38401856593528033,0.6849897234325072,-3.14,1.7906430967902243
1063,1.4213946443251138,1.029423903009249,0.965710055077995,5.754011920040018,0.692036976830083,1.9772691568186245,4.707970090501395,1.0,-1.8452620883183044,0.41453045242801695,0.38529400299643535,0.6849128517445244,-3.14,1.7902390974097786
1064,1.4215431471981752,1.02946849698974,0.9658780680438451,5.753860774203072,0.6920142407626516,1.9774168023295198,4.708440054923494,1.0,-1.8454741106099428,0.41359562957981555,0.3865708795832791,0.6848352460799837,-3.14,1.7898367506150392
1065,1.4216904799704224,1.0295103947616493,0.966047222606976,5.753710273550094,0.6919942302604256,1.9775641570072071,4.708911321183132,1.0,-1.8456836827694008,0.4126593976934985,0.3878492044898101,0.6847569021608869,-3.14,1.7894360637598694
1066,1.4218366444190378,1.0295495879193393,0.9662175293889262,5.7535604199462576,0.6919769539384123,1.9777112164620003,4.70938388828712,1.0,-1.845890790873713,0.41172175235430286,0.38912898666048806,0.6846778156831327,-3.14,1.789037044227582
1067,1.4219816423641194,1.0295860680254114,0.9663889990797078,5.753411215256649,0.691962420444905,1.977857976297197,4.709857755313223,1.0,-1.846095420926606,0.41078268903623494,0.39041023519306983,0.6845979823161015,-3.14,1.7886396994314335
1068,1.4221254756687607,1.0296198266095777,0.9665616424387056,5.753262661346481,0.6919506384626345,1.9780044321091115,4.71033292141217,1.0,-1.846297558857397,0.4098422030996758,0.39169295934150994,0.6845173977022287,-3.14,1.7882440368151338
1069,1.422268146239117,1.029650855167493,0.966735470295603,5.753114760081317,0.6919416167099539,1.9781505794871301,4.710809385809708,1.0,-1.8464971905198602,0.40890028978893056,0.3929771685189289,0.6844360574565648,-3.14,1.7878500638533703
1070,1.4224096560244823,1.0296791451595577,0.966910493551338,5.7529675133273015,0.6919353639420577,1.9782964140137425,4.711287147808694,1.0,-1.8466943016910569,0.4079569442297248,0.3942628723006512,0.6843539571663212,-3.14,1.787457788052351
1071,1.4225500070173576,1.029704688009683,0.9670867231790814,5.7528209229513925,0.6919318889522379,1.978441931264583,4.7117662067912285,1.0,-1.8468888780701327,0.4070121614266413,0.3955500804273143,0.6842710923904047,-3.14,1.7870672169503607
1072,1.4226892012535137,1.0297274751040182,0.9672641702252521,5.75267499082161,0.6919312005731784,1.9785871268084643,4.7122465622208285,1.0,-1.847080905277073,0.40606593626050214,0.39683880280805134,0.6841874586589357,-3.14,1.7866783581183383
1073,1.4228272408120615,1.0297474977896464,0.9674428458105561,5.752529718807275,0.6919333076782839,1.9787319962074066,4.712728213644647,1.0,-1.847270368851425,0.40511826348568697,0.3981290495237497,0.6841030514727531,-3.14,1.7862912191604676
1074,1.422964127815513,1.029764747373231,0.9676227611310616,5.752385108779279,0.6919382191830526,1.9788765350166642,4.713211160695734,1.0,-1.8474572542509768,0.4041691377273939,0.39942083083038676,0.6840178663029037,-3.14,1.7859058077147907
1075,1.4230998644298434,1.0297792151196365,0.9678039274592993,5.7522411626103365,0.691945944046485,1.9790207387847516,4.713695403095347,1.0,-1.8476415468504,0.4032185534788312,0.4007141571624466,0.6839318985901178,-3.14,1.785522131453836
1076,1.4232344528645497,1.029790892250498,0.9679863561454045,5.752097882175259,0.6919564912725356,1.9791646030534629,4.714180940655298,1.0,-1.8478232319398458,0.40226650509834905,0.4020090391364189,0.6838451437442667,-3.14,1.7851401980852688
1077,1.4233678953727142,1.0297997699427557,0.9681700586182865,5.751955269351226,0.6919698699116072,1.9793081233578862,4.714667773280363,1.0,-1.8480022947235044,0.40131298680650035,0.40330548755438317,0.6837575971438064,-3.14,1.7847600153525585
1078,1.4235001942510535,1.0298058393271428,0.9683550463868328,5.751813326018082,0.6919860890620879,1.9794512952264174,4.7151559009707285,1.0,-1.848178720318115,0.40035799268303357,0.4046035134076803,0.6836692541352029,-3.14,1.7843815910356684
1079,1.42363135183998,1.0298090914866327,0.9685413310411554,5.751672054058613,0.6920051578719335,1.97959411418077,4.715645323824493,1.0,-1.8483524937514335,0.3994015166638142,0.40590312788067473,0.6835801100323413,-3.14,1.7840049329517658
1080,1.4237613705236507,1.0298095174548412,0.9687289242538687,5.751531455358853,0.6920270855402939,1.979736575735976,4.7161360420402225,1.0,-1.848523599960653,0.39844355253767205,0.40720434235460906,0.683490160115917,-3.14,1.783630048955953
1081,1.4238902527300235,1.0298071082143787,0.9689178377814051,5.7513915318083955,0.6920518813191893,1.9798786754003899,4.71662805591956,1.0,-1.848692023790777,0.39748409394317274,0.4085071684115557,0.6833993996328085,-3.14,1.7832569469420205
1082,1.4240180009309038,1.0298018546951593,0.9691080834653761,5.751252285300701,0.6920795545152337,1.9800204086756819,4.71712136586988,1.0,-1.8488577499929397,0.39652313436531217,0.409811617838466,0.6833078237954321,-3.14,1.7828856348432238
1083,1.424144617641997,1.0297937477726615,0.9692996732339682,5.751113717733424,0.6921101144914054,1.980161771056828,4.717615972407016,1.0,-1.8490207632226823,0.39556066713212806,0.4111177026313225,0.6832154277810768,-3.14,1.7825161206330822
1084,1.424270105422953,1.0297827782661348,0.9694926191033812,5.750975831008743,0.6921435706688738,1.980302758032101,4.718111876158033,1.0,-1.8491810480381696,0.3945966854112306,0.4124254349993949,0.6831222067312198,-3.14,1.7821484123262017
1085,1.4243944668774182,1.0297689369367602,0.9696869331793141,5.7508386270337,0.6921799325288738,1.9804433650830475,4.718609077864067,1.0,-1.8493385888983582,0.3936311822062466,0.4137348273696064,0.6830281557508215,-3.14,1.781782517979124
1086,1.4245177046530744,1.0297522144857507,0.9698826276584903,5.750702107720553,0.6922192096146389,1.980583587684469,4.719107578383222,1.0,-1.8494933701611045,0.39266415035317626,0.41504589239100986,0.682933269907599,-3.14,1.7814184456912001
1087,1.4246398214416867,1.0297326015524053,0.9700797148302329,5.750566274987131,0.6922614115333853,1.9807234213043885,4.719607378693538,1.0,-1.8496453760812195,0.39169558251665737,0.4163586429393796,0.6828375442312784,-3.14,1.7810562036054889
1088,1.424760819979149,1.0297100887121051,0.9702782070780853,5.750431130757191,0.6923065479583566,1.9808628614040196,4.72010847989601,1.0,-1.8497945908084625,0.3907254711861364,0.41767309212192366,0.6827409737128255,-3.14,1.7806957999096842
1089,1.4248807030455206,1.0296846664742447,0.9704781168814786,5.7502966769608195,0.6923546286309235,1.9810019034377302,4.7206108832177005,1.0,-1.8499409983854762,0.3897538086719419,0.4189892532821166,0.6826435533036526,-3.14,1.780337242837069
1090,1.4249994734650715,1.0296563252801147,0.9706794568174522,5.7501629155347915,0.6924056633627502,1.981140542852995,4.721114590014893,1.0,-1.8500845827456562,0.3887805871012589,0.4203071400046616,0.6825452779148017,-3.14,1.7799805406674978
1091,1.4251171341063253,1.0296250555007207,0.9708822395624284,5.750029848422977,0.6924596620380153,1.9812787750903427,4.721619601776333,1.0,-1.8502253277109582,0.3878057984139998,0.42162676612058086,0.6824461424161041,-3.14,1.7796257017284085
1092,1.425233687882092,1.0295908474345326,0.9710864778940342,5.749897477576745,0.6925166346157043,1.9814165955833072,4.722125920126549,1.0,-1.8503632169896385,0.38682943435856715,0.4229481457124432,0.6823461416353145,-3.14,1.7792727343958648
1093,1.4253491377495144,1.0295536913051773,0.9712921846929856,5.749765804955388,0.6925765911319613,1.9815539997583567,4.722633546829233,1.0,-1.8504982341739256,0.38585148648750967,0.42427129311972894,0.6822452703572184,-3.14,1.7789216470956288
1094,1.4254634867101033,1.0295135772590658,0.9714993729450216,5.749634832526526,0.6926395417025134,1.9816909830348322,4.723142483790712,1.0,-1.8506303627376224,0.38487194615305936,0.4255962229443414,0.6821435233227153,-3.14,1.7785724483042666
1095,1.425576737809776,1.0294704953629448,0.9717080557429018,5.749504562266566,0.6927054965251628,1.981827540824867,4.723652733063503,1.0,-1.8507595860336348,0.38389080450255614,0.42692295005626535,0.6820408952278717,-3.14,1.7782251465502859
1096,1.425688894138895,1.0294244356013853,0.9719182462884637,5.749374996161136,0.6927744658823496,1.9819636685333126,4.72416429684995,1.0,-1.8508858872914273,0.3829080524737465,0.4282514895993798,0.6819373807229483,-3.14,1.7778797504153072
1097,1.4257999588323065,1.0293753878741936,0.9721299578947421,5.74924613620555,0.6928464601437934,1.982099361557641,4.724677177505937,1.0,-1.8510092496143966,0.38192368078996164,0.4295818569974303,0.6818329744113955,-3.14,1.7775362685352725
1098,1.4259099350693747,1.0293233419937515,0.9723432039881541,5.7491179844052755,0.6929214897692056,1.9822346152878552,4.725191377544712,1.0,-1.8511296559771724,0.38093767995516076,0.43091406796016474,0.6817276708488215,-3.14,1.7771947096016858
1099,1.4260188260740239,1.0292682876822776,0.9725579981107495,5.748990542776414,0.6929995653110854,1.9823694251063868,4.725706899640786,1.0,-1.8512470892228299,0.3799500402488441,0.4322481384896395,0.6816214645419274,-3.14,1.7768550823628948
1100,1.426126635114771,1.0292102145690103,0.9727743539225276,5.748863813346205,0.6930806974175906,1.982503786387983,4.726223746633944,1.0,-1.8513615320600232,0.3789607517208243,0.43358408488670036,0.6815143499474118,-3.14,1.7765173956254072
1101,1.4262333655047688,1.0291491121873093,0.9729922852038343,5.748737798153519,0.6931648968355002,1.9826376944995907,4.726741921533337,1.0,-1.851472967060026,0.377969804185857,0.43492192375764716,0.6814063214708412,-3.14,1.776181658255249
1102,1.4263390206018414,1.0290849699716738,0.9732118058578199,5.748612499249384,0.6932521744132557,1.9827711448002312,4.727261427521699,1.0,-1.8515813766536877,0.3769771872181197,0.43626167202108335,0.6812973734654882,-3.14,1.775847879179362
1103,1.426443603808519,1.0290177772546678,0.9734329299129821,5.748487918697528,0.6933425411040965,1.9829041326408632,4.727782267959652,1.0,-1.851686743128291,0.37598289014554115,0.4376033469149624,0.6811875002311321,-3.14,1.7755160673870436
1104,1.426547118572083,1.02894752326377,0.9736556715257835,5.748364058574904,0.6934360079692826,1.9830366533642476,4.728304446390133,1.0,-1.85178904862432,0.3749869020439661,0.43894696600383415,0.6810766960128264,-3.14,1.775186231931429
1105,1.426649568384604,1.028874197118114,0.9738800449833499,5.748240920972272,0.693532586181416,1.9831687023047904,4.72882796654293,1.0,-1.8518882751321226,0.3739892117311616,0.44029254718629984,0.6809649549996265,-3.14,1.7748583819310189
1106,1.4267509567829804,1.0287977878251493,0.9741060647062537,5.748118507994755,0.6936322870278557,1.9833002747883859,4.729352832339339,1.0,-1.8519844044884775,0.3729898077606473,0.44164010870268233,0.6808522713232807,-3.14,1.7745325265712508
1107,1.4268512873489818,1.028718284277192,0.9743337452513819,5.747996821762442,0.6937351219142379,1.9834313661322505,4.729879047896944,1.0,-1.8520774183730497,0.37198867841535316,0.4429896691429201,0.6807386390568803,-3.14,1.7742086751061215
1108,1.4269505637092892,1.028635675247879,0.9745631013148944,5.7478758644109895,0.6938411023680954,1.9835619716447395,4.73040661753452,1.0,-1.8521672983047417,0.3709858117010927,0.44434124745469106,0.6806240522134688,-3.14,1.773886836859854
1109,1.4270487895355446,1.0285499493885235,0.974794147735273,5.747755638092229,0.6939502400425863,1.9836920866251664,4.730935545777073,1.0,-1.8522540256379314,0.3699811953398444,0.44569486295177774,0.6805085047446102,-3.14,1.773567021228617
1110,1.4271459685443897,1.0284610952243491,0.9750268994964694,5.74763614497482,0.6940625467203363,1.9838217063635997,4.731465837361014,1.0,-1.852337581558591,0.36897481676284294,0.4470505353226788,0.6803919905389115,-3.14,1.7732492376822966
1111,1.427242104497516,1.0283691011506262,0.9752613717311426,5.747517387244887,0.6941780343173893,1.9839508261406615,4.731997497239478,1.0,-1.8524179470802922,0.3679666631034573,0.4484082846394782,0.6802745034205022,-3.14,1.7729334957663194
1112,1.4273372012017138,1.0282739554286822,0.9754975797240134,5.747399367106703,0.6942967148872822,1.9840794412273033,4.732530530587782,1.0,-1.8524951030400794,0.3669567211898687,0.4497681313669817,0.6801560371474651,-3.14,1.7726198051035333
1113,1.4274312625089216,1.0281756461818008,0.9757355389153066,5.747282086783361,0.6944186006252381,1.9842075468845841,4.733064942809045,1.0,-1.8525690300942237,0.36594497753751903,0.45113009637212814,0.6800365854102206,-3.14,1.7723081753961438
1114,1.4275242923162803,1.0280741613909943,0.9759752649043175,5.747165548517482,0.694543703872488,1.9843351383634262,4.733600739539956,1.0,-1.8526397087138373,0.3649314183413407,0.4524942009336879,0.6799161418298606,-3.14,1.7719986164277095
1115,1.4276162945661846,1.0279694888906468,0.9762167734530793,5.747049754571947,0.6946720371207208,1.9844622109043661,4.734137926656723,1.0,-1.8527071191803572,0.36391602946774465,0.4538604667522587,0.6797946999564308,-3.14,1.7716911380651985
1116,1.4277072732463452,1.027861616364032,0.9764600804901543,5.746934707230625,0.69480361301667,1.9845887597372918,4.734676510281171,1.0,-1.852771241580884,0.36289879644636647,0.4552289159605693,0.6796722532671607,-3.14,1.7713857502611081
1117,1.427797232389845,1.0277505313386894,0.9767052021145446,5.746820408799138,0.6949384443668407,1.984714780081169,4.735216496787033,1.0,-1.8528320558033746,0.3618797044615587,0.45659957113410304,0.6795487951646374,-3.14,1.7710824630556483
1118,1.4278861760752029,1.0276362211816603,0.9769521545997246,5.746706861605651,0.6950765441423783,1.9848402671437528,4.735757892806416,1.0,-1.8528895415316864,0.3608587383436193,0.45797245530205394,0.679424318974923,-3.14,1.7707812865789943
1119,1.4279741084264415,1.0275186730945844,0.9772009543978059,5.746594068001656,0.6952179254840886,1.984965216121289,4.7363007052364665,1.0,-1.8529436782404645,0.35983588255974286,0.45934759195862623,0.679298817945615,-3.14,1.7704822310536046
1120,1.4280610336131518,1.027397874108637,0.977451618143834,5.746482030362809,0.6953626017076122,1.9850896221982026,4.736844941246231,1.0,-1.8529944451898654,0.3588111212046934,0.4607250050746933,0.6791722852438431,-3.14,1.7701853067966158
1121,1.4281469558505722,1.027273811079315,0.9777041626602282,5.74637075108977,0.6955105863087601,1.9852134805467663,4.737390608283712,1.0,-1.8530418214201145,0.35778443799117765,0.4621047191098275,0.6790447139542044,-3.14,1.769890524222308
1122,1.4282318793996591,1.0271464706810638,0.9779586049613569,5.746260232609067,0.6956618929690125,1.9853367863267672,4.737937714083164,1.0,-1.853085785745893,0.35675581623990926,0.4634867590247155,0.6789160970766348,-3.14,1.7695978938446466
1123,1.4283158085671683,1.0270158394017295,0.9782149622582688,5.746150477373996,0.6958165355611915,1.9854595346851491,4.73848626667259,1.0,-1.8531263167505418,0.35572523886935836,0.46487115029397624,0.6787864275242109,-3.14,1.769307426279906
1124,1.4283987477057416,1.0268819035368448,0.9784732519635784,5.746041487865535,0.6959745281553116,1.9855817207556434,4.73903627438148,1.0,-1.8531633927800817,0.35469268838516577,0.4662579189193954,0.6786556981208834,-3.14,1.7690191322493727
1125,1.4284807012139928,1.0267446491837346,0.9787334916965041,5.74593326659327,0.6961358850246135,1.9857033396583825,4.739587745848789,1.0,-1.8531969919370421,0.3536581468692113,0.46764709144359284,0.6785239015991382,-3.14,1.7687330225821347
1126,1.4285616735366031,1.0266040622354295,0.9789956992880814,5.745825816096383,0.6963006206517902,1.9858243864995058,4.7401406900311756,1.0,-1.8532270920740908,0.35262159596832426,0.4690386949641424,0.6783910305975827,-3.14,1.7684491082179583
1127,1.4286416691644155,1.0264601283743953,0.9792598927865394,5.745719138944633,0.6964687497354095,1.9859448563707391,4.740695116211491,1.0,-1.8532536707874563,0.35158301688261834,0.4704327571481588,0.6782570776584549,-3.14,1.768167400210255
1128,1.4287206926345446,1.0263128330660556,0.9795260904628633,5.745613237739376,0.6966402871965439,1.9860647443489634,4.741251034007549,1.0,-1.853276705410138,0.3505423903534372,0.4718293062473749,0.678122035225052,-3.14,1.767887909729144
1129,1.4287987485304785,1.0261621615521088,0.9797943108165353,5.745508115114619,0.6968152481856152,1.9861840454957647,4.741808453381178,1.0,-1.8532961730048927,0.34949969665089586,0.4732283711137249,0.6779858956390754,-3.14,1.7676106480646112
1130,1.4288758414821963,1.0260080988436315,0.9800645725814724,5.745403773738101,0.6969936480894541,1.9863027548569698,4.742367384647574,1.0,-1.853312050356995,0.34845491556099745,0.4746299812154572,0.6778486511378908,-3.14,1.7673356266297693
1131,1.4289519761662894,1.0258506297139585,0.980336894732159,5.745300216312392,0.6971755025385957,1.9864208674621557,4.742927838484961,1.0,-1.8533243139667586,0.3474080263723105,0.4760341666537972,0.6777102938516981,-3.14,1.7670628569642222
1132,1.4290271573060869,1.0256897386913253,0.9806112964899879,5.745197445576053,0.6973608274148113,1.986538378324153,4.743489825944574,1.0,-1.8533329400418082,0.34635900786218843,0.47744095818018434,0.6775708158006086,-3.14,1.7667923507375387
1133,1.4291013896717877,1.0255254100512783,0.9808877973298196,5.745095464304789,0.6975496388588874,1.9866552824385166,4.744053358460977,1.0,-1.8533379044890983,0.34530783828251027,0.47885038721410567,0.6774302088916266,-3.14,1.7665241197528383
1134,1.4291746780806034,1.0253576278088294,0.9811664169867557,5.744994275312674,0.6977419532786606,1.9867715747829864,4.7446184478627424,1.0,-1.853339182906666,0.3442544953449219,0.48026248586155207,0.6772884649155312,-3.14,1.7662581759504925
1135,1.4292470273969011,1.0251863757103497,0.9814471754631542,5.744893881453389,0.6979377873573223,1.986887250316923,4.745185106383486,1.0,-1.8533367505751068,0.343198956205559,0.48167728693412415,0.6771455755436544,-3.14,1.7659945314119483
1136,1.4293184425323644,1.0250116372251998,0.9817300930358762,5.744794285621495,0.6981371580619992,1.9870023039807243,4.745753346673293,1.0,-1.853330582448765,0.34214119744922517,0.4830948239688137,0.6770015323245521,-3.14,1.7657331983636761
1137,1.4293889284461485,1.024833395537069,0.9820151902637898,5.744695490753767,0.6983400826526235,1.9871167306952187,4.746323181810545,1.0,-1.8533206531466266,0.3410811950730058,0.4845151312484918,0.6768563266805637,-3.14,1.765474189181249
1138,1.429458490145057,1.0246516335350333,0.9823024879955271,5.744597499830534,0.6985465786911015,1.987230525361038,4.74689462531416,1.0,-1.8533069369429045,0.3400189244692893,0.4859382438231324,0.6767099499042561,-3.14,1.7652175163935553
1139,1.4295271326837184,1.024466333804302,0.9825920073775172,5.744500315877089,0.6987566640507967,1.9873436828579663,4.747467691156278,1.0,-1.8532894077573014,0.338954360408171,0.4873641975318054,0.6765623931547469,-3.14,1.7649631926871516
1140,1.4295948611647762,1.0242774786166529,0.9828837698622999,5.744403941965119,0.6989703569263366,1.987456198044263,4.748042393775396,1.0,-1.8532680391449388,0.33788747701921484,0.48879302902547095,0.6764136474539028,-3.14,1.764711230910764
1141,1.4296616807390818,1.024085049920531,0.9831777972171261,5.744308381214208,0.6991876758437574,1.9875680657559676,4.748618748089992,1.0,-1.8532428042859423,0.33681824777253677,0.49022477579061136,0.6762637036824092,-3.14,1.7644616440799363
1142,1.429727596605905,1.0238890293308183,0.9834741115328683,5.744213636793339,0.6994086396710025,1.9876792808061683,4.749196769512636,1.0,-1.8532136759746645,0.3357466454591863,0.4916594761737389,0.6761125525757038,-3.14,1.7642144453818385
1143,1.429792614013153,1.023689398118234,0.9837727352332443,5.744119711922496,0.6996332676287835,1.987789837984259,4.749776473964642,1.0,-1.8531806266085349,0.33467264217079146,0.4930971694068166,0.6759601847197704,-3.14,1.763969648180236
1144,1.4298567382575942,1.0234861371983712,0.9840736910843746,5.744026609874267,0.6998615793018289,1.9878997320551555,4.750357877891253,1.0,-1.8531436281765172,0.3335962092784338,0.49453789563363587,0.6758065905467863,-3.14,1.763727266020632
1145,1.4299199746850944,1.0232792271203393,0.9843770022046794,5.743934333975551,0.7000935946505268,1.9880089577584927,4.750940998277414,1.0,-1.853102652247164,0.332517317410717,0.49598169593719227,0.6756517603306185,-3.14,1.7634873126355826
1146,1.4299823286908724,1.023068648055011,0.9846826920751337,5.743842887609258,0.7003293340229829,1.9881175098077901,4.751525852664134,1.0,-1.8530576699562484,0.3314359364309906,0.4974286123681065,0.6754956841821619,-3.14,1.7632498019501965
1147,1.4300438057197558,1.0228543797828444,0.9849907845498984,5.743752274216114,0.7005688181675135,1.9882253828895853,4.752112459165495,1.0,-1.8530086519939555,0.3303520354136935,0.4988786879741385,0.6753383520445125,-3.14,1.7630147480878278
1148,1.430104411266457,1.0226364016812681,0.9853013038673337,5.743662497296489,0.7008120682455855,1.988332571662546,4.7527008364863095,1.0,-1.8529555685916184,0.32926558261976896,0.5003319668308455,0.6751797536879707,-3.14,1.7627821653759634
1149,1.4301641508758567,1.0224146927116007,0.9856142746614274,5.7435735604123215,0.7010591058452331,1.9884390707565345,4.753291003940475,1.0,-1.8528983895079734,0.32817654547111613,0.5017884940734386,0.6750198787048638,-3.14,1.7625520683523215
1150,1.4302230301433008,1.0221892314055079,0.985929721973632,5.7434854671890605,0.7013099529949595,1.9885448747716594,4.753882981470067,1.0,-1.8528370840149246,0.3270848905240181,0.5032483159298923,0.6748587165041869,-3.14,1.762324471771161
1151,1.4302810547149176,1.021959995850947,0.9862476712651588,5.743398221317705,0.7015646321781566,1.988649978277274,4.7544767896651745,1.0,-1.8527716208827838,0.3259905834415143,0.5047114797553697,0.6746962563060457,-3.14,1.76209939060982
1152,1.4303382302879368,1.0217269636775945,0.9865681484297182,5.7433118265569085,0.701823166348058,1.9887543758109543,4.755072449784564,1.0,-1.8527019683649755,0.32489358896464926,0.5061780340680239,0.6745324871359004,-3.14,1.761876840075483
1153,1.4303945626110313,1.0214901120417323,0.986891179806745,5.743226286735137,0.7020855789432531,1.988858061877436,4.755669983777166,1.0,-1.8526280941821782,0.3237938708825524,0.5076480285862425,0.6743673978185996,-3.14,1.761656835612195
1154,1.4304500574846755,1.0212494176105635,0.987216792195129,5.743141605752911,0.702351893903785,1.9889610309475103,4.756269414304456,1.0,-1.8525499655058757,0.3226913920012901,0.5091215142674083,0.6742009769721924,-3.14,1.7614393929081287
1155,1.430504720761506,1.0210048565459295,0.9875450128674623,5.743057787585134,0.7026221356878616,1.9890632774568888,4.756870764763766,1.0,-1.8524675489412983,0.3215861141114246,0.510598543348246,0.6740332130015139,-3.14,1.7612245279031147
1156,1.430558558346718,1.0207564044874153,0.9878758695848368,5.742974836283471,0.7028963292892041,1.9891647958050231,4.757474059312572,1.0,-1.8523808105097246,0.3204779979542159,0.5120791693868381,0.6738640940915315,-3.14,1.7610122567964492
1157,1.4306115761984546,1.0205040365347904,0.9882093906122171,5.742892755978851,0.7031745002550679,1.9892655803538837,4.758079322893812,1.0,-1.852289715630111,0.3193670031864041,0.5135634473063891,0.6736936082004404,-3.14,1.7608025960549911
1158,1.430663780328232,1.0202477272297816,0.9885456047344006,5.742811550884025,0.7034566747049597,1.9893656254267027,4.75868658126229,1.0,-1.8521942291000304,0.3182530883434871,0.5150514334408296,0.6735217430525017,-3.14,1.7605955624215557
1159,1.4307151768013713,1.019987450537125,0.9888845412726164,5.742731225296224,0.7037428793500932,1.9894649253066612,4.759295861012215,1.0,-1.8520943150758735,0.3171362108014307,0.516543185582351,0.6733484861306046,-3.14,1.7603911729236268
1160,1.4307657717374531,1.019723179824877,0.9892262301017657,5.742651783599913,0.7040331415136071,1.9895634742355424,4.759907189605949,1.0,-1.8519899370522954,0.31601632673671665,0.5180387630309701,0.6731738246685487,-3.14,1.7601894448823934
1161,1.4308155713107815,1.0194548878439365,0.9895707016683563,5.742573230269654,0.7043274891515918,1.989661266412331,4.76052059540401,1.0,-1.8518810578408607,0.3148933910846518,0.5195382266462288,0.6729977456430261,-3.14,1.7599903959221304
1162,1.4308645817508794,1.0191825467067581,0.9899179870091435,5.742495569873046,0.7046259508749563,1.9897582959917672,4.7611361076964265,1.0,-1.8517676395478593,0.3137673574958364,0.5210416389011389,0.6728202357652951,-3.14,1.7597940439799364
1163,1.4309128093429901,1.0189061278651912,0.9902681177705305,5.742418807073817,0.7049285559721811,1.989854557082847,4.761753756735477,1.0,-1.851649643551245,0.3126381782907068,0.5225490639384902,0.6726412814725278,-3.14,1.7596004073158478
1164,1.4309602604286054,1.0186256020874342,0.9906211262287521,5.742342946634977,0.7052353344329986,1.9899500437472735,4.762373573769929,1.0,-1.8515270304766673,0.3115058044120344,0.5240605676296469,0.6724608689188183,-3.14,1.7594095045233407
1165,1.4310069414060116,1.0183409394340324,0.9909770453108726,5.742267993422131,0.7055463169730424,1.9900447499978533,4.762995591080844,1.0,-1.8513997601725452,0.31037018537528,0.5255762176359623,0.6722789839658365,-3.14,1.759221354540245
1166,1.4310528587308524,1.018052109232884,0.9913359086166617,5.7421939524069066,0.7058615350595235,1.990138669796837,4.7636198420190325,1.0,-1.8512677916841407,0.3092312692166844,0.5270960834729562,0.6720956121731084,-3.14,1.759035976660086
1167,1.4310980189167184,1.0177590800532106,0.9916977504413635,5.742120828670497,0.7061810209379737,1.9902317970542036,4.764246361044256,1.0,-1.8511310832265866,0.3080890024389679,0.5286202365774015,0.6719107387879069,-3.14,1.758853390543874
1168,1.4311424285357484,1.0174618196784266,0.9920626057994225,5.742048627407359,0.7065048076601187,1.9903241256258788,4.764875183766277,1.0,-1.850989592156811,0.3069433299545106,0.5301487503774808,0.6717243487347335,-3.14,1.7586736162323646
1169,1.4311860942192614,1.017160295077862,0.9924305104491974,5.741977353929047,0.7068329291129316,1.9904156493119027,4.765506346987869,1.0,-1.8508432749443182,0.305794195025865,0.5316817003661786,0.6715364266043748,-3.14,1.7584966741588095
1170,1.4312290226584015,1.0168544723772714,0.9928015009187314,5.741907013668201,0.7071654200489345,1.9905063618545193,4.7661398887498825,1.0,-1.8506920871407542,0.30464153920346015,0.5332191641780938,0.6713469566425065,-3.14,1.7583225851622248
1171,1.4312712206048057,1.0165443168280783,0.9931756145326122,5.741837612182683,0.7075023161178048,1.9905962569362137,4.766775848378503,1.0,-1.8505359833482098,0.3034853022603274,0.53476122166986,0.6711559227378293,-3.14,1.7581513705011982
1172,1.431312694871299,1.016229792775274,0.993552889439986,5.74176915515989,0.7078436538993619,1.9906853281776722,4.767414266534829,1.0,-1.8503749171861954,0.3023254221236822,0.5363079550043779,0.6709633084097113,-3.14,1.7579830518682626
1173,1.431353452332602,1.0159108636239131,0.9939333646437923,5.741701648421243,0.7081894709379999,1.9907735691356692,4.768055185266893,1.0,-1.8502088412572144,0.3011618348031808,0.5378594487390794,0.6707690967953102,-3.14,1.7578176514048676
1174,1.4313934999260636,1.01558749180412,0.9943170800312613,5.74163509792685,0.7085398057786508,1.990860973300888,4.768698648064291,1.0,-1.8500377071108767,0.2999944743156502,0.5394157899184517,0.6705732706361541,-3.14,1.7576551917169703
1175,1.431432844652418,1.015259638734541,0.9947040764057586,5.741569509780365,0.7088946980043492,1.9909475340956622,4.769344699915574,1.0,-1.8498614652064702,0.2988232726060893,0.5409770681710713,0.6703758122641507,-3.14,1.7574956958912846
1176,1.4314714935765558,1.0149272647841407,0.9950943955200425,5.741504890234048,0.7092541882754998,1.9910332448716361,4.769993387368553,1.0,-1.8496800648739098,0.29764815946471984,0.5425433758114102,0.6701767035869941,-3.14,1.757339187512218
1177,1.43150945382832,1.0145903292322676,0.9954880801109984,5.7414412456940545,0.709618318370923,1.9911180989073438,4.770644758593725,1.0,-1.8494934542729893,0.2964690624398431,0.5441148079466959,0.6699759260729441,-3.14,1.7571856906795305
1178,1.4315467326033224,1.0142487902268864,0.9958851739359394,5.741378582725916,0.7099871312307924,1.9912020894057079,4.7712988634509905,1.0,-1.8493015803508415,0.2952859067462523,0.5456914625891273,0.6697734607349407,-3.14,1.7570352300267533
1179,1.4315833371637736,1.0139026047408761,0.9962857218105595,5.7413169080602895,0.7103606710015578,1.9912852094914422,4.771955753559881,1.0,-1.8491043887975094,0.29409861516893293,0.5472734407737686,0.6695692881140201,-3.14,1.756887830740409
1180,1.4316192748393386,1.0135517285262843,0.9966897696486081,5.741256228598949,0.7107389830829691,1.9913674522083753,4.7726154823735225,1.0,-1.8489018239995423,0.2929071079617464,0.5488608466824616,0.6693633882619995,-3.14,1.7567435185800675
1181,1.4316545530280025,1.0131961160664331,0.9970973645034071,5.741196551421016,0.711122114177321,1.9914488105166672,4.773278105256552,1.0,-1.8486938289914951,0.2917113027408003,0.5504537877741322,0.6691557407233869,-3.14,1.756602319899291
1182,1.431689179196957,1.0128357205257368,0.9975085546112874,5.741137883789507,0.711510112341037,1.9915292772899393,4.773943679567282,1.0,-1.848480345405234,0.2905111143721576,0.5520523749218786,0.6689463245164788,-3.14,1.7564642616675075
1183,1.4317231608834948,1.0124704936971176,0.9979233894370642,5.741080233158135,0.7119030270387379,1.9916088453123018,4.774612264744343,1.0,-1.8482613134169186,0.2893064548535307,0.5536567225572687,0.6687351181136009,-3.14,1.7563293714928645
1184,1.4317565056959218,1.0121003859468651,0.9983419197216592,5.741023607178452,0.7123009091999316,1.9916875072752702,4.775283922398141,1.0,-1.8480366716915377,0.28809723318957675,0.5552669488223005,0.6685220994204446,-3.14,1.7561976776461172
1185,1.4317892213144803,1.0117253461568065,0.9987641975319961,5.74096801370729,0.7127038112784754,1.9917652557745815,4.775958716407415,1.0,-1.8478063573248698,0.2868833552603734,0.5568831757295103,0.6683072457544526,-3.14,1.7560692090856047
1186,1.4318213154922659,1.0113453216636117,0.9991902763132808,5.740913460814575,0.7131117873149793,1.991842083306901,4.776636713021272,1.0,-1.847570305782719,0.2856647236826314,0.558505529330751,0.6680905338221997,-3.14,1.755943995483374
1187,1.4318527960561647,1.010960258195078,0.9996202109438247,5.740859956791481,0.7135248930023235,1.9919179822664053,4.777317980967035,1.0,-1.8473284508372778,0.2844412376631662,0.5601341398952063,0.6678719396957146,-3.14,1.7558220672525156
1188,1.431883670907777,1.0105700998032034,1.000054057792543,5.74080751015899,0.7139431857544744,1.991992944941254,4.778002591564326,1.0,-1.8470807245004508,0.28321279284411155,0.561769142097241,0.6676514387876813,-3.14,1.7557034555757771
1189,1.4319139480243441,1.0101747887938624,1.0004918747792801,5.740756129676843,0.7143667247787988,1.992066963509939,4.77869061884582,1.0,-1.846827056953982,0.2819792811393119,0.5634106752147372,0.6674290058254629,-3.14,1.7555881924355252
1190,1.4319436354596609,1.0097742656528639,1.0009337214381393,5.740705824352948,0.7147955711520954,1.9921400300375018,4.779382139685102,1.0,-1.84656737647618,0.2807405905613063,0.5650588833386188,0.6672046148238744,-3.14,1.7554763106451348
1191,1.4319727413449737,1.009368468968187,1.0013796589839794,5.740656603453224,0.7152297879005619,1.992212136471628,4.780077233932173,1.0,-1.8463016093650677,0.2794966050382433,0.5667139155943139,0.6669782390566378,-3.14,1.7553678438818816
1192,1.4320012738898553,1.0089573353481385,1.0018297503822764,5.740608476511944,0.7156694400839557,1.9922832746386037,4.780775984557116,1.0,-1.8460296798577345,0.2782472042200375,0.5683759263759709,0.6667498510264439,-3.14,1.7552628267214296
1193,1.4320292413830498,1.0085407993351876,1.002284060422547,5.740561453342599,0.7161145948841985,1.9923534362391309,4.781478477802527,1.0,-1.8457515100456758,0.2769922632730087,0.5700450755943016,0.6665194224335376,-3.14,1.755161294674
1194,1.432056652193279,1.0081187933151994,1.0027426557955434,5.740515544049303,0.7165653216987148,1.992422612844007,4.782184803345346,1.0,-1.8454670197858822,0.27573165266218846,0.5717215289389996,0.666286924142743,-3.14,1.755063284222323
1195,1.4320835147699975,1.0076912474217736,1.0032056051744587,5.740470759038792,0.7170216922388026,1.9924907958896532,4.782895054468775,1.0,-1.8451761266074262,0.2744652379204094,0.5734054581567536,0.666052326148837,-3.14,1.754968832861475
1196,1.432109837644086,1.0072580894353729,1.003672979300375,5.740427109033036,0.7174837806333638,1.9925579766735004,4.783609328245043,1.0,-1.8448787456132762,0.27319287940322345,0.5750970413459625,0.6658155975401711,-3.14,1.7548779791407128
1197,1.4321356294284693,1.0068192446769026,1.0041448510722277,5.7403846050825145,0.717951663538339,1.9926241463492105,4.784327725729818,1.0,-1.84457478937705,0.2719144320286116,0.5767964632693472,0.6655767064604404,-3.14,1.7547907627074233
1198,1.4321608988186527,1.006374635895371,1.0046212956415599,5.740343258580198,0.7184254202522277,1.992689295921748,4.785050352169164,1.0,-1.8442641678344005,0.27062974500036197,0.5785039156857529,0.6653356200684857,-3.14,1.7547072243533184
1199,1.432185654593139,1.0059241831492443,1.0051023905123664,5.740303081276282,0.7189051328380917,1.992753416242293,4.785777317220004,1.0,-1.8439467881687057,0.2693386615138947,0.5802195977025434,0.6650923044960112,-3.14,1.7546274060630045
1200,1.4322099056137236,1.005467803681065,1.00558821564635,5.740264085293721,0.7193908862524813,1.9928164980029843,4.786508735185134,1.0,-1.84362255469071,0.26804101844321004,0.5819437161501111,0.6648467248030909,-3.14,1.7545513510650785
1201,1.4322336608256456,1.0050054117848917,1.0060788535739333,5.740226283144606,0.719882768481747,1.9928785317315019,4.787244725263922,1.0,-1.8432913687117414,0.26673664600751923,0.5836764859801511,0.6645988449313268,-3.14,1.7544791038859004
1202,1.432256929257553,1.0045369186660507,1.0065743895114014,5.740189687747468,0.720380870686247,1.9929395077854741,4.787985411819962,1.0,-1.842953128410099,0.26542536741599126,0.5854181306894943,0.6643486276545134,-3.14,1.7544107104062112
1203,1.432279720021273,1.004062232292674,1.0070749114845536,5.74015431244556,0.7208852873529926,1.9929994163467215,4.788730924667014,1.0,-1.8426077286901854,0.26410699848890534,0.5871688827714461,0.6640960345266552,-3.14,1.7543462179207703
1204,1.4323020423113382,1.0035812572384721,1.0075805104593092,5.740120171026155,0.7213961164573143,1.993058247415326,4.7894813993747345,1.0,-1.8422550610339148,0.2627813472533513,0.5889289841967548,0.6638410258271683,-3.14,1.7542856752012064
1205,1.432323905404242,1.0030938945160865,1.0080912804797106,5.740087277740993,0.7219134596341932,1.9931159908035212,4.790236977595812,1.0,-1.8418950133439067,0.26144821351144715,0.5906986869265178,0.6635835605030892,-3.14,1.7542291325622816
1206,1.4323453186573714,1.0026000414003835,1.0086073188138105,5.740055647327899,0.7224374223599338,1.993172636129427,4.790997807416289,1.0,-1.8415274697779327,0.2601073883788562,0.5924782534595434,0.6633235961081001,-3.14,1.7541766419317897
1207,1.4323662915075697,1.0020995912409438,1.0091287261079815,5.7400252950337105,0.722968114144929,1.9932281728105874,4.791764043731022,1.0,-1.8411523105740426,0.25875865379118324,0.5942679574169132,0.6630610887381653,-3.14,1.7541282569243208
1208,1.4323868334692853,1.0015924332629937,1.0096556065501896,5.739996236638541,0.7235056487383077,1.9932825900573699,4.7925358486464,1.0,-1.8407694118657734,0.25740178197558994,0.5960680841667452,0.6627959929635633,-3.14,1.7540840329191412
1209,1.4324069541322189,1.0010784523558875,1.010188068042864,5.739968488481559,0.7240501443453545,1.9933358768661744,4.793313391912686,1.0,-1.8403786454867617,0.2560365348847416,0.597878931492436,0.6625282617570734,-3.14,1.754044027142462
1210,1.4324266631584173,1.000557528848258,1.0107262223859954,5.739942067488346,0.7246017238586214,1.9933880220124993,4.794096851388543,1.0,-1.839979878764081,0.2546626635898884,0.5997008103079635,0.6622578464180717,-3.14,1.7540082987543795
1211,1.432445970278723,1.0000295382688251,1.0112701854711617,5.739916991199938,0.7251605151037708,1.993439014043852,4.794886413540597,1.0,-1.8395729742995355,0.25327990762959357,0.6015340454241788,0.6619846964922649,-3.14,1.7539769089407997
1212,1.4324648852884836,0.9994943510917648,1.0118200774872577,5.739893277803742,0.7257266511012576,1.9934888412725134,4.795682273981127,1.0,-1.8391577897380942,0.2518879943102775,0.6033789763703898,0.6617087596867681,-3.14,1.7539499210106801
1213,1.432483418042407,0.9989518324654776,1.0123760231387118,5.739870946166429,0.7263002703450467,1.9935374917681792,4.796484638047365,1.0,-1.8387341775226067,0.25048663795435483,0.6052359582759569,0.6614299817802226,-3.14,1.7539274004989434
1214,1.4325015784484583,0.998401841923476,1.0129381518770737,5.739850015868941,0.7268815170996868,1.993584953350487,4.797293721426174,1.0,-1.8383019846338602,0.2490755390913185,0.6071053628170837,0.6611483065276175,-3.14,1.7539094152754455
1215,1.4325193764606243,0.9978442330759784,1.0135065981469178,5.7398305072438545,0.7274705417171634,1.9936312135814507,4.798109750828313,1.0,-1.8378610523149623,0.2476543835866642,0.6089875792345083,0.6608636755594564,-3.14,1.7538960356604145
1216,1.4325368220704193,0.9972788532807151,1.01408150164706,5.739812441415201,0.7280675009750813,1.9936762597578201,4.798932964716928,1.0,-1.8374112157789821,0.2462228417030009,0.610883015428362,0.660576028274888,-3.14,1.7538873345467973
1217,1.4325539252969162,0.9967055432912728,1.0146630076081844,5.7397958403410225,0.7286725584378743,1.9937200789034017,4.7997636140954265,1.0,-1.8369523038986773,0.2447805670871222,0.6127920991371127,0.6602853017283882,-3.14,1.7538833875299935
1218,1.4325706961750997,0.9961241368811831,1.0152512670880454,5.739780726858854,0.7292858848428762,1.9937626577613798,4.800601963360417,1.0,-1.8364841388770674,0.24332719567613686,0.6147152792082129,0.6599914305095518,-3.14,1.7538842730454836
1219,1.4325871447423086,0.9955344604417786,1.0158464372855067,5.739767124734378,0.7299076585132798,1.9938039827866558,4.801448291226058,1.0,-1.8360065358975017,0.2418623445150378,0.6166530269688745,0.6596943466155195,-3.14,1.7538900725149058
1220,1.432603281022461,0.9949363325516729,1.016448681874771,5.739755058713531,0.7305380658001692,1.993844040138287,4.802302891726864,1.0,-1.8355193027517918,0.2403856104772435,0.618605837706271,0.6593939793155349,-3.14,1.7539008705011656
1221,1.4326191150077545,0.9943295635154894,1.0170581713612612,5.739744554578388,0.7311773015560376,1.993882815672056,4.803166075306786,1.0,-1.8350222394448483,0.23889656887873467,0.6205742322674714,0.6590902550070826,-3.14,1.7539167548732169
1222,1.432634656637468,0.9937139548692914,1.0176750834607144,5.739735639207101,0.7318255696424117,1.9939202949332493,4.804038170003313,1.0,-1.8345151377741742,0.23739477197534892,0.622558758790515,0.6587830970630277,-3.14,1.7539378169811908
1223,1.432649915773417,0.9930892988498596,1.018299603503184,5.739728340638336,0.7324830834744659,1.993956463149728,4.804919522736346,1.0,-1.833997780882416,0.23587974733164105,0.6245599945792912,0.6584724256691284,-3.14,1.7539641518426097
1224,1.4326649021715911,0.9924553778247545,1.0189319248637432,5.739722688140526,0.7331500666057693,1.993991305225383,4.805810500712727,1.0,-1.8334699427810763,0.23435099604837153,0.6265785481362847,0.658158157651256,-3.14,1.7539958583404622
1225,1.432679625449373,0.9918119636797422,1.019572249421854,5.739718712286478,0.7338267533566327,1.9940248057340786,4.80671149295863,1.0,-1.8329313878433249,0.23280799083421716,0.6286150613688336,0.6578402062916029,-3.14,1.7540330394339905
1226,1.432694095047677,0.9911588171598736,1.0202207880514664,5.739716445033776,0.7345133894898345,1.9940569489142217,4.80762291199347,1.0,-1.8323818702637231,0.2312501739055882,0.6306702119863165,0.657518481133119,-3.14,1.7540758023830834
1227,1.432708320187254,0.9904956871601206,1.0208777611440691,5.7397159198115615,0.7352102329378956,1.9940877186641095,4.808545195660697,1.0,-1.8318211334825232,0.22967695469653018,0.6327447161076927,0.6571928877713612,-3.14,1.754124258987245
1228,1.432722309818235,0.9898223099610548,1.0215433991671057,5.739717171614314,0.7359175545864794,1.9941170985382215,4.809478809132694,1.0,-1.8312489095720257,0.2280877073585365,0.6348393311010947,0.6568633276328868,-3.14,1.7541785258401714
1229,1.4327360725618874,0.9891384084046232,1.0222179432602634,5.739720237103311,0.7366356391189456,1.994145071744674,4.810424247109226,1.0,-1.8306649185823451,0.22648176802761072,0.6369548586797187,0.6565296977392735,-3.14,1.7542387246010354
1230,1.4327496166433684,0.9884436910045531,1.0229016458723552,5.739725154716557,0.7373647859275964,1.9941716211440708,4.811382036231334,1.0,-1.8300688678437482,0.22485843183313742,0.6390921482811782,0.6561918904557887,-3.14,1.7543049822836558
1231,1.4327629498140388,0.9877378509853614,1.0235947714416616,5.7397319647880485,0.7381053100977186,1.9941967292500273,4.81235273773543,1.0,-1.8294604512225616,0.22321694961992014,0.6412521007607735,0.6558497932236802,-3.14,1.7543774315647997
1232,1.4327760792616997,0.9870205652433363,1.024297597122756,5.739740709677334,0.7388575434711405,1.9942203782317103,4.813336950375573,1.0,-1.8288393483274927,0.22155652435109993,0.6434356724328817,0.6555032882750037,-3.14,1.7544562111129403
1233,1.432789011506789,0.9862914932221344,1.025010413563017,5.739751433910496,0.7396218357967266,1.9942425499187504,4.8143353136457,1.0,-1.8282052236630248,0.21987630715551237,0.6456438794989348,0.6551522523288548,-3.14,1.754541465938871
1234,1.4328017522822682,0.985550275694906,1.02573352573215,5.739764184333756,0.7403985559759898,1.9942632258089927,4.815348511337809,1.0,-1.8275577257264177,0.2181753929782526,0.6478778029053218,0.6547965562678261,-3.14,1.7546333477696465
1235,1.4328143063945196,0.9847965334439647,1.0264672538081887,5.739779010281128,0.7411880934128692,1.9942823870795892,4.816377275477127,1.0,-1.8268964860446988,0.2164528157877568,0.6501385936801033,0.6544360647934722,-3.14,1.7547320154473918
1236,1.432826677562085,0.9840298658280859,1.0272119341235557,5.7397959637576745,0.7419908594776615,1.9943000146020373,4.817422390680966,1.0,-1.8262211181479309,0.21470754328639466,0.6524274788037947,0.6540706360595373,-3.14,1.7548376353545785
1237,1.4328388682285336,0.9832498492264337,1.027967920174781,5.7398150996401816,0.7428072890961608,1.994316088961872,4.818484698994633,1.0,-1.8255312164749784,0.21293847106432037,0.6547457676767555,0.6537001212816906,-3.14,1.7549503818674206
1238,1.4328508793450374,0.9824560353469409,1.0287355836995393,5.739836475897282,0.7436378424762237,1.9943305904838264,4.819565105265422,1.0,-1.8248263552079862,0.21114441612794102,0.6570948592541029,0.6533243643225223,-3.14,1.7550704378390711
1239,1.4328627101174343,0.9816479493856286,1.0295153158245436,5.739860153831338,0.7444830069853026,1.9943434992634075,4.820664583124687,1.0,-1.824106087031848,0.2093241097246741,0.6594762499286971,0.6529432012505898,-3.14,1.7551979951143128
1240,1.432874357711561,0.9808250880218768,1.0303075282876628,5.739886198344772,0.7453432991939152,1.9943547952060208,4.821784181658386,1.0,-1.8233699418151326,0.20747618937441623,0.6618915422538509,0.6525564598723884,-3.14,1.755333255077407
1241,1.4328858169094585,0.9799869172330117,1.031112654737311,5.739914678233857,0.7462192671016512,1.994364458074927,4.82292503285866,1.0,-1.8226174252092373,0.20559919000509036,0.6643424546102453,0.6521639592362404,-3.14,1.7554764292346983
1242,1.432897079707607,0.9791328699097325,1.0319311521116374,5.739945666513494,0.747111492564088,1.9943724675495584,4.824088359963263,1.0,-1.8218480171630405,0.20369153407442842,0.6668308319363728,0.6517655091072961,-3.14,1.7556277398334443
1243,1.4329081348466108,0.9782623432518563,1.0327635020992483,5.7399792407769885,0.7480205939409746,1.9943788032959782,4.825275486806352,1.0,-1.821061170351082,0.20175152054238482,0.6693586576590457,0.6513609094131277,-3.14,1.755787420518125
1244,1.432918967259622,0.9773746959215802,1.033610212682132,5.7400154835955375,0.7489472289882227,1.9943834450515514,4.826487848323836,1.0,-1.8202563085143555,0.19977731253781017,0.6719280669805081,0.6509499496597859,-3.14,1.7559557170251772
1245,1.432929557424204,0.9764692449289398,1.0344718197598695,5.740054482962769,0.7498920980186666,1.9943863727262658,4.827727002379657,1.0,-1.8194328247142895,0.19776692353864003,0.6745413617019852,0.650532408318746,-3.14,1.756132887916641
1246,1.4329398805991498,0.9755452622213286,1.035348888852125,5.7400963327907055,0.7508559473591891,1.9943875665235717,4.828994643106856,1.0,-1.8185900795025345,0.1957182018562027,0.6772010267906765,0.6501080521859068,-3.14,1.7563192053525711
1247,1.4329499059238935,0.9746019709458381,1.0362420168735669,5.740141133464468,0.7518395731347457,1.9943870070840573,4.830292615989775,1.0,-1.8177273990118927,0.19362881318047218,0.679909748929015,0.6496766357147874,-3.14,1.7565149559012003
1248,1.4329595953532992,0.9736385413497703,1.0371518339715085,5.740188992464347,0.7528438254129592,1.9943846756559094,4.831622934952505,1.0,-1.816844072977429,0.19149622090315022,0.6826704373222583,0.6492379003273935,-3.14,1.756720441384648
1249,1.4329689023946972,0.9726540862808997,1.0380790054114948,5.740240025065395,0.7538696127464114,1.9943805542967545,4.832987801764898,1.0,-1.8159393527016365,0.18931766388813095,0.6854862470842878,0.6487915737079422,-3.14,1.756935979756404
1250,1.4329777706066114,0.9716476562449569,1.0390242334892985,5.740294355126499,0.7549179071534398,1.9943746261123017,4.834389628132704,1.0,-1.8150124489839794,0.18709013130262128,0.6883606055730557,0.6483373690869103,-3.14,1.757161906004696
1251,1.432986131809406,0.9706182339733546,1.0399882594388958,5.74035211598316,0.755989749582157,1.9943668755381503,4.8358310609048285,1.0,-1.8140625300435824,0.1848103340550969,0.6912972421079987,0.6478749845258432,-3.14,1.7573985730730741
1252,1.4329939039465436,0.9695647284493758,1.0409718652942679,5.7404134514608565,0.7570862559065146,1.994357288672248,4.8373150109106335,1.0,-1.8130887194749383,0.1824746723060363,0.6943002215737902,0.6474041022172375,-3.14,1.757646352785872
1253,1.433000988520611,0.9684859683359619,1.041975875647451,5.740478517029242,0.7582086235074045,1.9943458536668244,4.8388446860368655,1.0,-1.812090094291067,0.1800791984211121,0.6973739825002517,0.6469243878188805,-3.14,1.7579056367613675
1254,1.433007267509954,0.9673806947428971,1.0430011592250255,5.740547481121469,0.7593581384959676,1.9943325611901506,4.840423629270993,1.0,-1.8110656831275924,0.17761957462068412,0.7005233803098935,0.6464354898486191,-3.14,1.758176837289135
1255,1.4330125996485352,0.9662475532658041,1.0440486301785517,5.740620526647975,0.7605361836401416,1.9943174049703702,4.842055762580448,1.0,-1.8100144647062164,0.1750910244395425,0.7037537365456994,0.6459370391741577,-3.14,1.7584603881397387
1256,1.4330168159220062,0.9650850852239877,1.0451192489494987,5.740697852740331,0.7617442470588989,1.994300382435747,4.843745437671566,1.0,-1.8089353666887504,0.17248827694138352,0.7070708950366008,0.6454286486437107,-3.14,1.7587567452640034
1257,1.4330197140951066,0.9638917180192413,1.046214022522969,5.740779676768618,0.7629839317509628,1.99428149546826,4.8454974948859135,1.0,-1.8078272650958784,0.16980550242640405,0.7104812861315629,0.6449099129180473,-3.14,1.7590663873247339
1258,1.4330210520367392,0.9626657545336044,1.0473340038236767,5.740866236685548,0.7642569660256157,1.9942607512904271,4.847317331755033,1.0,-1.8066889845212908,0.16703623811893561,0.7139920003416155,0.6443804085837105,-3.14,1.7593898159848715
1259,1.433020539546021,0.9614053614813769,1.0484802899270047,5.740957793763121,0.7655652149014693,1.994238163508686,4.8492109830603605,1.0,-1.8055192994462979,0.16417330201399793,0.7176108729800557,0.6438396946524735,-3.14,1.759727555851195
1260,1.4330178283006214,0.9601085566304355,1.049654018651105,5.741054635803343,0.7669106925336253,1.9942137533406825,4.8511852146496235,1.0,-1.8043169370583982,0.1612086926828941,0.7213465816938649,0.6432873135853682,-3.14,1.7600801539397974
1261,1.4330124994415012,0.9587731948113168,1.0508563629537795,5.741157080924931,0.7682955757186336,1.9941875510583476,4.853247633765715,1.0,-1.803080582107661,0.15813347237041492,0.7252087591456399,0.6427227930235626,-3.14,1.760448178486048
1262,1.4330040481670971,0.9573969526415235,1.05208852236796,5.741265482054101,0.7697222185076403,1.9941595976839042,4.855406819276671,1.0,-1.8018088845082012,0.15493763013668835,0.7292081235492661,0.6421456484665996,-3.14,1.7608322168638781
1263,1.4329918645233972,0.9559773119097602,1.0533517104550802,5.741380232281577,0.7711931679275712,1.9941299469816063,4.857672475991981,1.0,-1.800500470623529,0.1516099210754489,0.733356630301643,0.6415553872159812,-3.14,1.761232872302099
1264,1.4329752093276844,0.954511541593922,1.0546471369129065,5.741501771292619,0.772711180763263,1.9940986677943076,4.860055618258734,1.0,-1.7991539594849981,0.14813767673900263,0.7376676486083492,0.6409515140056089,-3.14,1.7616507589821235
1265,1.432953183830351,0.9529966785329518,1.055975982510947,5.7416305931357074,0.7742792412833337,1.994065846780324,4.862568789313554,1.0,-1.7977679856107056,0.14450658076858122,0.7421561677993372,0.6403335388795598,-3.14,1.7620864949625175
1266,1.4329246912689977,0.9514295068433489,1.0573393643965354,5.741767255673797,0.775900579689773,1.9940315916122175,4.8652263245062235,1.0,-1.7963412306582955,0.140700402302167,0.7468390390029989,0.6397009880651964,-3.14,1.7625406921879472
1267,1.4328883878567038,0.9498065362762225,1.0587382884537861,5.741912392167189,0.7775786909225372,1.9939960347040813,4.868044668619221,1.0,-1.7948724669156113,0.13670067792549118,0.751735259030889,0.6390534188440165,-3.14,1.7630139425848559
1268,1.4328426199071376,0.9481239798643436,1.0601735842142799,5.742066725579355,0.7793173532374977,1.9939593375362092,4.871042760232833,1.0,-1.7933606166879796,0.13248633063465678,0.7568663047649553,0.6383904397698404,-3.14,1.763506798897344
1269,1.4327853426398967,0.9463777314299444,1.0616458161819917,5.742231086391298,0.7811206456734208,1.993921695643188,4.874242499628786,1.0,-1.791804833094,0.1280332113448211,0.7622565280840994,0.6377117380607775,-3.14,1.7640197484370184
1270,1.4327140145947046,0.9445633438392689,1.0631551631574245,5.742406434978321,0.7829929630960751,1.9938833443194013,4.877669321358138,1.0,-1.7902046097966189,0.1233135447166521,0.7679336234706547,0.6370171166507242,-3.14,1.7645531772565086
1271,1.4326254593146428,0.9426760093348927,1.0647012539542462,5.742593889976585,0.7849390269067222,1.9938445650680414,4.881352898691736,1.0,-1.788559930009884,0.1182952562280405,0.7739291829512335,0.6363065443043656,-3.14,1.765107321330594
1272,1.4325156827429413,0.9407105438989659,1.0662829433968302,5.742794764593038,0.7869638886622381,1.9938056927655765,4.88532801523017,1.0,-1.786871469080029,0.11294115116043826,0.78027935598772,0.6355802234883002,-3.14,1.7656822000284549
1273,1.4323796301771392,0.9386613784615313,1.0678980060806897,5.743010613561171,0.7890729226866277,1.9937671234163001,4.889635649669906,1.0,-1.785140870551855,0.10720790806168241,0.7870256353432279,0.6348386825142109,-3.14,1.7662775253191756
1274,1.4322108599781105,0.9365225609446952,1.0695427161959234,5.743243294523372,0.7912718021427622,1.993729322204496,4.89432433405991,1.0,-1.7833711236549656,0.10104483872406812,0.7942157937232601,0.634082901072233,-3.14,1.7668925775227495
1275,1.4320011015339056,0.9342877747139661,1.0712112684471844,5.743495049191459,0.7935664508328872,1.993692831272617,4.899451865156993,1.0,-1.7815670817148919,0.09439235305203926,0.8019049998896753,0.6333144820207443,-3.14,1.7675260346287844
1276,1.4317396506829245,0.9319503810779942,1.0728949757761994,5.743768611953497,0.7959629600359306,1.993658276196242,4.9050874745119915,1.0,-1.7797361778308172,0.0871800494809701,0.8101571464068891,0.6325358877497689,-3.14,1.7681757366903916
1277,1.4314125345057926,0.9295034960797017,1.0745811511993193,5.74406735705404,0.7984674557993497,1.993626369386163,4.911314598174738,1.0,-1.7778894188914345,0.07932432876374286,0.8190464230638707,0.6317507674438406,-3.14,1.7688383586953376
1278,1.4310013453349817,0.9269401148591524,1.0762515390131429,5.7443955007079515,0.80108589718939,1.9935979074632277,4.91823443475028,1.0,-1.7760427756744066,0.07072539978358318,0.8286591681023839,0.6309644134628518,-3.14,1.7695089532766983
1279,1.4304815950516738,0.9242532998915935,1.0778800978195933,5.744758382527905,0.8038237802325245,1.9935737577758852,4.925970545409025,1.0,-1.7742191416934785,0.061263509550348205,0.8390960194839456,0.6301844029170414,-3.14,1.7701803065431923
1280,1.4298203657554178,0.9214364511396343,1.07942984336141,5.745162863101226,0.8066857165026745,1.9935548262985616,4.93467483696539,1.0,-1.7724511164954024,0.05079418545022167,0.8504743627774272,0.6294215076357179,-3.14,1.7708420228424464
1281,1.4289729165156257,0.9184836735094235,1.0808483162178035,5.745617894147568,0.8096748519959911,1.9935419946485538,4.944535385791731,1.0,-1.7707849958367916,0.0391422281544026,0.8629310165843259,0.6286909974095358,-3.14,1.7714792120627043
1282,1.4278777237869134,0.9153902429314521,1.0820610222608624,5.746135348902126,0.8127920972165836,1.9935360072508264,4.955786712119652,1.0,-1.7692865462172276,0.026094145840993226,0.8766249847296975,0.6280145261833978,-3.14,1.772070587468504
1283,1.4264491463103632,0.912153131500278,1.0829618638105152,5.746731250642176,0.8160351673999917,1.9935372801930011,4.96872330255544,1.0,-1.768049443502603,0.011388694449605623,0.8917398895748808,0.6274228927407042,-3.14,1.7725856789477183
1284,1.4245664528198054,0.9087714514777586,1.0833990810406011,5.747427618964972,0.8193975137924421,1.9935455912692697,4.983717389460217,1.0,-1.767207725655488,-0.005294768487957182,0.9084852979016429,0.6269601291573903,-3.14,1.772980702874327
1285,1.4220572400015958,0.9052464484154265,1.083154483166709,5.748255286820709,0.8228674301887396,1.993559599310025,5.001242174254268,1.0,-1.7669543406229766,-0.024350192944784597,0.9270954092018341,0.626689629075838,-3.14,1.7731923680485953
1286,1.4186721695269173,0.9015801725812439,1.0819126913764276,5.74925825873747,0.826428084796924,1.9935761423054745,5.021901672089764,1.0,-1.7675689958827145,-0.04626047209045579,0.9478222348983844,0.6267034432173741,-3.14,1.7731284773029108
1287,1.414046320537492,0.8977708994234072,1.0792157267453555,5.7505005302998216,0.8300602431728489,1.9935893147289292,5.046467767795033,1.0,-1.7694602047169161,-0.0716127930369184,0.9709180256551618,0.6271365330484575,-3.14,1.7726535142094275
1288,1.4076402377510058,0.8938012090524594,1.074396812392209,5.752076831509017,0.8337515672061127,1.9935895239528956,5.075922995375037,1.0,-1.7732288133192167,-0.1011084191549371,0.9965976638718603,0.628188811964282,-3.14,1.7715663565374118
1289,1.3986513973329844,0.8896104357920521,1.066486819550358,5.75412953275615,0.8375205584705676,1.9935633204984007,5.111501969247312,1.0,-1.7797632303461008,-0.1355547807752716,1.0249653170941049,0.6301593450445617,-3.14,1.7695657046526034
1290,1.3858864099936279,0.8850357386483916,1.0540907364892549,5.756874854985804,0.8414707326838975,1.993496344063221,5.1547111497992795,1.0,-1.7903788364371362,-0.1758143457353669,1.0558808736060372,0.6334990797269674,-3.14,1.766196800543713
1291,1.3675925513782754,0.8796952257360254,1.035248503664267,5.760641915642525,0.8459016150838846,1.9933852837085055,5.207278132584098,1.0,-1.8070112424478086,-0.22266096995270446,1.0887342008013803,0.638890111687292,-3.14,1.7607713805980023
1292,1.3412816664927916,0.8727795790004547,1.0073428141536158,5.765925847366516,0.851510405517427,1.9932715608620322,5.27092748653741,1.0,-1.832453079170525,-0.27646014631717475,1.122104106779617,0.6473573262447807,-3.14,1.7522550042028813
1293,1.303676161475067,0.8627484280842628,0.9672225580561707,5.773445257306595,0.8596884976652504,1.99331795780977,5.346798519646061,1.0,-1.8705598706696047,-0.3365654472059542,1.153345065935869,0.6604018542701128,-3.14,1.7391324214778392
1294,1.2511092171005775,0.8470864957373005,0.9118704180661956,5.784160221865363,0.8727591207835913,1.9939447582667589,5.434264967943093,1.0,-1.926200107452613,-0.40039276129969054,1.1783408538447953,0.6800904368617233,-3.14,1.7193172694764427
1295,1.1809646572605035,0.8226918296007404,0.8399785922865797,5.799122528566784,0.8935955997188083,1.9959792489005046,5.529112560997296,1.0,-2.004478033025992,-0.46248195490765354,1.1920074821121849,0.7089046678414931,-3.14,1.6903030616363013
1296,1.0945620322051424,0.787917570768048,0.7541594458040244,5.818900408345243,0.9236542709158512,2.0006056297856136,5.621972278065444,1.0,-2.108628506704647,-0.5146036262323369,1.190249523800147,0.748982009764683,-3.14,1.6499254781046013
1297,1.0001008431003955,0.7461943894374714,0.6618039408069927,5.842483221435425,0.9595865975203508,2.0087905597563194,5.699734113115187,1.0,-2.2367640252823144,-0.5484181183770691,1.1729335780518533,0.8005442958707256,-3.14,1.5979429640745577
1298,0.9111852245211819,0.7069976420270782,0.5719324983882417,5.866814471572852,0.9925139555492377,2.020364925907895,5.752455248019426,1.0,-2.380178400901429,-0.5602338659788288,1.1449295587309933,0.8605484163698309,-3.14,1.5373994746993414
1299,0.839116072414183,0.6797254260315998,0.4899505399884439,5.888709026029843,1.0138883545093003,2.033897285847703,5.780724450628606,1.0,-2.5269410324509334,-0.5532766240759665,1.1128056080765933,0.923745954047572,-3.14,1.473568186577268
1300,0.7872887426726072,0.6671425984173212,0.41645593759981137,5.907127981723524,1.0214769279252407,2.0477156592901995,5.793612321202025,1.0,-2.6680417835755112,-0.5344361780264311,1.0808576689769807,0.9855924543958086,-3.14,1.4110254544158998
1301,0.7532428519790157,0.6662905280058048,0.3500715393706817,5.922802284518657,1.018334350152174,2.0606974757571175,5.800651266458825,1.0,-2.799300868702665,-0.5099704073911503,1.050789128219203,1.04361129279373,-3.14,1.3522703485599643
1302,0.7326136297394832,0.6724912818003506,0.28959425343346384,5.9368370966192705,1.009016007690303,2.0722613382983264,5.807748305437043,1.0,-2.919526932916844,-0.48413826690944506,1.0232358102690902,1.0968366155845657,-3.14,1.298280885202394
1303,0.7210614666491197,0.6815794304521183,0.23441793928686847,5.950046809486997,0.9975171699746777,2.082125435328913,5.817384427858758,1.0,-3.028678067388006,-0.4596427573097451,0.998702816265683,1.145016801120348,-3.14,1.2493167399046656
1304,0.7148606264063605,0.6904791963951697,0.18433005518632167,5.962857939580796,0.9867641838198368,2.0901594576407208,5.829864311170484,1.0,-3.1270246280733907,-0.43823828372801543,0.9777705733320341,1.1881882438308584,-3.14,1.205350088141066
1305,0.7272895991588062,0.7021144100932681,0.18754015354874992,5.977175390426804,0.9735416417993902,2.096332490110224,5.844328231434963,1.0,-3.14,-0.4210559719225011,0.9609936934296104,1.2265106412671813,-3.14,1.1662319299459416
1306,0.7450278937307372,0.7132555819161266,0.2116967562850538,5.981321272439243,0.9619611216567074,2.1005529908829432,5.84845749174295,1.0,-3.14,-0.40779756869644557,0.9490261306145437,1.2536112386159657,-3.14,1.1383317154787478
1307,0.7608414352422421,0.7224497499622382,0.23410456944296187,5.9789124043085184,0.9529080299026838,2.103241140804353,5.8460353523949795,1.0,-3.14,-0.3980758297472482,0.9410597688446641,1.2718865968496902,-3.14,1.1192527895361473
1308,0.7735072764911828,0.7297188448306221,0.2513608411094043,5.973887009990744,0.9460293474468339,2.1049288776477577,5.84099973724651,1.0,-3.14,-0.39106687324681766,0.9358312296674919,1.2841795564840095,-3.14,1.1061521208688698
1309,0.7832497780529736,0.735411601442506,0.26386780463878157,5.96827449303903,0.9408214292336397,2.106012018492301,5.835379401737153,1.0,-3.14,-0.38596811654577234,0.9323289710269045,1.292424670729734,-3.14,1.097094819628865
1310,0.7906213481801719,0.7398641003737513,0.2727186793778269,5.963037624088725,0.9368596314723253,2.106739078142244,5.830136533237019,1.0,-3.14,-0.38219128020330706,0.9298886979063282,1.297930449575208,-3.14,1.0907723893329284
1311,0.7961588827640943,0.7433403497595581,0.27892357705332516,5.958559539504889,0.933830516699107,2.1072534789897217,5.825653826635544,1.0,-3.14,-0.3793451001485368,0.9281133607617172,1.3015801984438597,-3.14,1.0863018807502256
1312,0.8003029403161881,0.7460426510978309,0.28326356283791587,5.95492338156583,0.9315093141708792,2.10763460978077,5.82201410286479,1.0,-3.14,-0.3771748763704975,0.9267753085042244,1.3039701649371993,-3.14,1.0830876001016376
1313,0.8033960437915105,0.7481296074683252,0.28630543944136844,5.952069953657314,0.9297324324736086,2.107926152811349,5.819157928455771,1.0,-3.14,-0.37551093584365447,0.925743779980756,1.305503244118426,-3.14,1.0807272680873936
1314,0.8056996764807393,0.7497287157179515,0.28844910450894756,5.949883779694868,0.928377277077024,2.108152984086165,5.81696964761961,1.0,-3.14,-0.3742348221983037,0.9249401832430001,1.3064521360108126,-3.14,1.078948773786354
1315,0.8074122175705982,0.7509437448274833,0.28997286446028,5.9482376772269,0.9273494979305845,2.108330393286296,5.815321937958518,1.0,-3.14,-0.3732595286295636,0.9243132884710777,1.307001799581729,-3.14,1.0775676754561117
1316,0.8086837374928915,0.7518591425486371,0.29106910049687246,5.947013842259282,0.9265752475772558,2.108468783864918,5.814096884779087,1.0,-3.14,-0.3725185337346966,0.9238264684997629,1.3072779715211915,-3.14,1.0764586661978708
1317,0.8096274569211414,0.7525430834869961,0.2918703854212319,5.946112103114118,0.925996334949158,2.108575935171483,5.813194228390638,1.0,-3.14,-0.3719597350830139,0.923451504318455,1.3073663354298775,-3.14,1.0755364062965294
1318,0.810328507700974,0.7530499593777317,0.2924679816099354,5.9454515426919725,0.9255669432307813,2.108658041930141,5.812532981889852,1.0,-3.14,-0.3715419121469373,0.9231656798654121,1.3073254246378052,-3.14,1.074742630196186
1319,0.8108506417444391,0.7534226079792876,0.2929247235013406,5.944969000994513,0.9252511944759148,2.1087201841261747,5.812049930296664,1.0,-3.14,-0.37123244298074837,0.9229503952416733,1.307195323767978,-3.14,1.0740374576204206
1320,0.8112413855901277,0.7536943431747016,0.2932839107923764,5.9446163727896675,0.9250212127573981,2.1087665535060363,5.811696925460927,1.0,-3.14,-0.3710056474608477,0.9227904198471476,1.307003550132148,-3.14,1.0733935248322695
1321,0.811536004272439,0.7538907704426606,0.2935754206520287,5.944357686045754,0.9248555280183756,2.108800587074587,5.811437962172612,1.0,-3.14,-0.3708414731417207,0.9226733887143527,1.306769038597563,-3.14,1.0727920110279021
1322,0.8117605432736537,0.75403136384506,0.2938199006421509,5.94416642131949,0.9247377488454225,2.108825069798285,5.811246495582888,1.0,-3.14,-0.3707244043250952,0.922589384560589,1.3065048482755688,-3.14,1.0722199410384656
1323,0.8119341529551042,0.7541307962258613,0.2940316439392674,5.944023246802106,0.9246554656859068,2.1088422278814116,5.81110317460288,1.0,-3.14,-0.37064254550675674,0.9225305560597614,1.3062200057089863,-3.14,1.0716683496557606
1324,0.8120708547169656,0.7542000322019925,0.2942205620768548,5.943914197602943,0.924599356222161,2.1088538170784674,5.810994019830056,1.0,-3.14,-0.37058685618931647,0.9224907651545932,1.3059207632377527,-3.14,1.0711310291084197
1325,0.8121808746073227,0.7542472063355603,0.2943935400385422,5.943829260256635,0.9245624666062531,2.108861204837247,5.810909006956868,1.0,-3.14,-0.37055052102551345,0.9224652685564113,1.3056114602682283,-3.14,1.0706036722420869
1326,0.8122716439346163,0.754278315512809,0.29455536849596536,5.943761298313058,0.9245396425747654,2.10886544414286,5.810840991486289,1.0,-3.14,-0.3705284397720822,0.9224504389374221,1.3052951142171014,-3.14,1.0700832849124546
1327,0.8123485454211627,0.75429775625602,0.29470938625701437,5.943705251333789,0.9245270853895251,2.108867337654218,5.810784907042813,1.0,-3.14,-0.3705168208430011,0.9224435280901813,1.3049738269568045,-3.14,1.0695677820127703
1328,0.8124154663927957,0.7543087361771375,0.2948579238281639,5.943657545962887,0.9245220094945672,2.1088674917450096,5.8107371759129816,1.0,-3.14,-0.3705128621597081,0.9224424709644644,1.3046490650194131,-3.14,1.0690557090854609
1329,0.8124752067185254,0.7543135855258459,0.29500261024360486,5.943615667664225,0.9245223814674013,2.108866360886521,5.81069528037732,1.0,-3.14,-0.37051450381906137,0.9224457271103325,1.30432185320481,-3.14,1.0685460500368984
1330,0.8125297781724836,0.7543139908446691,0.29514458571355995,5.943577852044357,0.9245267228623314,2.108864283326504,5.810657453726404,1.0,-3.14,-0.37052023861794275,0.922452154778153,1.3039929086431525,-3.14,1.068038094033081
1331,0.8125806231475606,0.754311168780067,0.29528464927399156,5.943542863972715,0.9245339625520747,2.1088615092624914,5.810622459150849,1.0,-3.14,-0.37052896835717625,0.922460912520676,1.3036627338150217,-3.14,1.0675313431699847
1332,0.8126287738115079,0.7543059944731008,0.2954233614885779,5.9435098404646425,0.9245433269479881,2.1088582227566177,5.810589432452986,1.0,-3.14,-0.3705398958186827,0.922471383313027,1.3033316812183318,-3.14,1.0670254483022301
1333,0.8126749675094034,0.7542990958268048,0.2955611160074879,5.943478179468833,0.9245542589032478,2.108854558566938,5.810557770707556,1.0,-3.14,-0.37055244418122757,0.9224831167006724,1.30299999840529,-3.14,1.0665201643605826
1334,0.812719730172619,0.7542909223575798,0.2956981895065715,5.9434474614674695,0.924566358140041,2.108850614935318,5.810527053768658,1.0,-3.14,-0.37056619730760343,0.9224957851203369,1.3026678594007493,-3.14,1.0660153191864052
1335,0.8127634364311636,0.7542817952545314,0.2958347765908226,5.943417394393748,0.9245793377030169,2.1088464632135633,5.810496989119106,1.0,-3.14,-0.3705808557572213,0.9225091511974973,1.3023353866540157,-3.14,1.0655107917597237
1336,0.8128063528253295,0.7542719436314714,0.2959710142228258,5.94338777503915,0.9245929922651146,2.1088421550517937,5.810467373228043,1.0,-3.14,-0.37059620454991005,0.9225230434393493,1.3020026663982982,-3.14,1.0650064969675035
1337,0.8128486687973883,0.7542615306889531,0.2961069988416592,5.943358462075289,0.9246071751475639,2.1088377277293486,5.810438064536772,1.0,-3.14,-0.3706120896488514,0.9225373382817887,1.3016697594115574,-3.14,1.0645023749333435
1338,0.812890518873859,0.7542506725374067,0.29624279837337486,5.943329357229435,0.9246217817140124,2.1088332080843815,5.810408964608239,1.0,-3.14,-0.3706284008730145,0.9225519469024147,1.3013367085645127,-3.14,1.063998383533567
1339,0.8129319985137609,0.7542394517040854,0.29637846066639806,5.943300392168481,0.9246367374062602,2.1088286153952756,5.810380004992239,1.0,-3.14,-0.3706450595251872,0.9225668055810465,1.301003544120748,-3.14,1.0634944931424377
1340,0.8129731754133372,0.7542279268026884,0.2965140194216726,5.943271519370555,0.9246519891467287,2.108823963483699,5.810351138083523,1.0,-3.14,-0.3706620094622706,0.922581868683313,1.3006702874619767,-3.14,1.0629906829389126
1341,0.8130140975584218,0.7542161394417496,0.2966494983652139,5.94324270577717,0.9246674991745096,2.108819262243343,5.810322330764287,1.0,-3.14,-0.3706792106679004,0.9225971035726016,1.3003369537086895,-3.14,1.0624869383085924
1342,0.8130547989529504,0.7542041191514457,0.29678491418624126,5.94321392838154,0.9246832406351737,2.10881451874719,5.81029355998555,1.0,-3.14,-0.3706966346375236,0.9226124869325683,1.3000035535651586,-3.14,1.0619832490146597
1343,0.8130953036898074,0.75419188689176,0.2969202786075504,5.943185171163526,0.9246991944310143,2.1088097380469883,5.810264809697173,1.0,-3.14,-0.3707142610719953,0.9226280021168914,1.299670094619276,-3.14,1.06147960790928
1344,0.8131356288408724,0.7541794575470774,0.29705559984528385,5.943156422960577,0.924715346975056,2.10880492374887,5.81023606871525,1.0,-3.14,-0.3707320755132194,0.9226436372442582,1.299336582258877,-3.14,1.060976010025201
1345,0.8131757865070713,0.7541668416979553,0.2971908836387654,5.943127675988722,0.9247316885917463,2.1088000784267837,5.8102073292406065,1.0,-3.14,-0.37075006765629154,0.9226593838321397,1.2990030203180596,-3.14,1.060472451935013
1346,0.8132157852714925,0.7541540468782206,0.2973261339773705,5.943098924815034,0.924748212379516,2.108795203918776,5.810178585829469,1.0,-3.14,-0.3707682301463786,0.9226752358189558,1.2986694115332789,-3.14,1.0599689312989877
1347,0.8132556312287448,0.7541410784661071,0.29746135361378134,5.943070165643516,0.9247649134026932,2.108790301538917,5.810149834678078,1.0,-3.14,-0.3707865577222489,0.9226911888654585,1.298335757865341,-3.14,1.0594654465458517
1348,0.813295328713747,0.7541279403155016,0.2975965444265411,5.943041395818589,0.9247817881179315,2.108785372228634,5.810121073125286,1.0,-3.14,-0.3708050466072741,0.9227072398563856,1.2980020607268121,-3.14,1.0589619966473278
1349,0.81333488081745,0.754114635202781,0.2977317076762512,5.943012613479744,0.9247988339674404,2.108780416664605,5.810092299306563,1.0,-3.14,-0.37082369407684496,0.9227233865454737,1.2976683211426772,-3.14,1.0584585809588487
1350,0.8133742897516646,0.7541011651429571,0.29786684418664006,5.942983817321168,0.9248160490906994,2.1087754353355814,5.810063511913163,1.0,-3.14,-0.37084249815136605,0.9227396273028983,1.2973345398638734,-3.14,1.057955199106989
1351,0.8134135571070558,0.7540875316132467,0.29800195447259786,5.942955006424321,0.9248334321202692,2.1087704285970315,5.8100347100243965,1.0,-3.14,-0.37086145737853277,0.9227559609357685,1.2970007174475457,-3.14,1.0574518509098914
1352,0.813452684035524,0.7540737357111065,0.2981370388307099,5.94292618014128,0.924850982037251,2.1087653967099618,5.810005892990736,1.0,-3.14,-0.37088057067904473,0.9227723865606796,1.2966668543137865,-3.14,1.056948536321004
1353,0.81349167137913,0.7540597782659185,0.2982720974032928,5.942897338013365,0.9248686980690031,2.1087603398684704,5.809977060352281,1.0,-3.14,-0.37089983723732295,0.9227889035132911,1.2963329507857586,-3.14,1.0564452553892947
1354,0.8135305197611894,0.7540456599178901,0.2984071302236913,5.9428684797143445,0.9248865796167995,2.108755258219298,5.809948211781856,1.0,-3.14,-0.3709192564241483,0.9228055112842204,1.295999007118075,-3.14,1.055942008231108
1355,0.8135692296506544,0.7540313811737867,0.29854213724833656,5.94283960501077,0.9249046262046727,2.1087501518756806,5.80991934704526,1.0,-3.14,-0.3709388277419199,0.9228222094736258,1.2956650235168714,-3.14,1.0554387950102582
1356,0.8136078014075876,0.7540169424462955,0.298677118379421,5.9428107137342465,0.9249228374432473,2.1087450209271656,5.809890465973481,1.0,-3.14,-0.37095855078592704,0.9228389977590399,1.2953310001540088,-3.14,1.054935615923944
1357,0.8136462353152988,0.7540023440818155,0.29881207348095495,5.942781805762035,0.924941213004185,2.1087398654465628,5.809861568443259,1.0,-3.14,-0.3709784252169697,0.922855875872605,1.2949969371771208,-3.14,1.0544324711927826
1358,0.8136845316030398,0.7539875863800851,0.2989470023901229,5.942752881003469,0.9249597526021216,2.108734685494861,5.809832654363476,1.0,-3.14,-0.3709984507419987,0.9228728435849689,1.2946628347167226,-3.14,1.0539293610537572
1359,0.813722690462037,0.7539726696080364,0.29908190492532416,5.942723939390445,0.9249784559819063,2.1087294811247066,5.809803723665624,1.0,-3.14,-0.37101862710043226,0.9228899006938898,1.294328692891243,-3.14,1.0534262857552255
1360,0.8137607120568249,0.7539575940095794,0.29921678089187176,5.942694980870749,0.924997322909587,2.10872425238287,5.809774776297115,1.0,-3.14,-0.3710389540544846,0.9229070470161798,1.2939945118105838,-3.14,1.052923245553387
1361,0.8137985965332328,0.7539423598125037,0.2993516300860174,5.942666005403379,0.9250163531660447,2.1087189993119795,5.809745812216595,1.0,-3.14,-0.37105943138233827,0.9229242823820154,1.2936602915786397,-3.14,1.0524202407097822
1362,0.8138363440240585,0.753926967233362,0.2994864522978091,5.942637012955246,0.9250355465424902,2.108713721951758,5.8097168313906495,1.0,-3.14,-0.3710800588733104,0.922941606630907,1.2933260322950821,-3.14,1.0519172714895217
1363,0.813873954653036,0.7539114164809014,0.29962124731310585,5.942608003498892,0.9250549028372957,2.1087084203398856,5.809687833791495,1.0,-3.14,-0.3711008363244516,0.9229590196088617,1.2929917340566202,-3.14,1.0514143381600336
1364,0.8139114285376737,0.7538957077585007,0.2997560149150179,5.942578977010842,0.9250744218537459,2.1087030945126184,5.809658819395342,1.0,-3.14,-0.3711217635381303,0.9229765211663681,1.2926573969578943,-3.14,1.0509114409901745
1365,0.8139487657912361,0.75387984126588,0.299890754884908,5.94254993347047,0.9250941033984587,2.1086977445052235,5.80962978818126,1.0,-3.14,-0.3711428403203385,0.9229941111569822,1.2923230210921077,-3.14,1.0504085802496026
1366,0.8139859665241578,0.7538638172003155,0.30002546700311983,5.942520872859206,0.9251139472802625,2.1086923703522804,5.809600740130371,1.0,-3.14,-0.37116406647948796,0.9230117894363253,1.291988606551474,-3.14,1.049905756208331
1367,0.8140230308450258,0.7538476357574843,0.3001601510494838,5.942491795159957,0.925133953309417,2.108686972087902,5.809571675225278,1.0,-3.14,-0.37118544182556784,0.9230295558613771,1.291654153427533,-3.14,1.049402969136413
1368,0.8140599588612958,0.7538312971320777,0.30029480680366805,5.942462700356709,0.9251541212970458,2.1086815497458873,5.809542593449672,1.0,-3.14,-0.37120696616954074,0.9230474102899735,1.2913196618113745,-3.14,1.0489002193037185
1369,0.8140967506797705,0.7538148015182147,0.3004294340454536,5.942433588434261,0.925174451054754,2.108676103359825,5.809513494788046,1.0,-3.14,-0.3712286393229288,0.9230653525804616,1.2909851317937966,-3.14,1.0483975069797746
1370,0.8141334064069614,0.7537981491097464,0.3005640325548922,5.94240445937801,0.9251949423943474,2.1086706329631744,5.809484379225499,1.0,-3.14,-0.3712504610975125,0.9230833825914464,1.2906505634654168,-3.14,1.0478948324336543
1371,0.814169926149329,0.7537813401004656,0.3006986021124526,5.94237531317382,0.9252155951276388,2.108665138589316,5.809455246747594,1.0,-3.14,-0.3712724313051236,0.9231015001816194,1.2903159569167517,-3.14,1.0473921959338954
1372,0.8142063100134586,0.7537643746842531,0.30083314249910453,5.942346149807919,0.9252364090663138,2.1086596202715917,5.809426097340259,1.0,-3.14,-0.3712945497574978,0.9231197052096334,1.289981312238272,-3.14,1.046889597748444
1373,0.8142425581061765,0.7537472530551801,0.30096765349638066,5.942316969266833,0.9252573840218343,2.1086540780433274,5.80939693098972,1.0,-3.14,-0.3713168162661762,0.9231379975340237,1.2896466295204407,-3.14,1.0463870381446148
1374,0.8142786705346412,0.7537299754075805,0.30110213488643095,5.942287771537336,0.9252785198053742,2.1086485119378557,5.809367747682451,1.0,-3.14,-0.37133923064243013,0.923156377013141,1.2893119088537424,-3.14,1.0458845173890614
1375,0.8143146474063998,0.7537125419361013,0.30123658645204593,5.942258556606414,0.9252998162277715,2.1086429219885274,5.809338547405136,1.0,-3.14,-0.37136179269721264,0.9231748435051127,1.288977150328701,-3.14,1.045382035747756
1376,0.8143504888294306,0.7536949528357362,0.3013710079766865,5.942229324461242,0.9253212730994977,2.1086373082287184,5.809309330144647,1.0,-3.14,-0.371384502241126,0.9231933968678163,1.2886423540358938,-3.14,1.044879593485974
1377,0.8143861949121672,0.7536772083018473,0.3015053992445007,5.9422000750891675,0.9253428902306386,2.108631670691838,5.809280095888027,1.0,-3.14,-0.37140735908439826,0.9232120369588587,1.2883075200659593,-3.14,1.0443771908682846
1378,0.8144217657635281,0.7536593085301848,0.30163976004033066,5.942170808477688,0.925364667430876,2.108626009411334,5.809250844622475,1.0,-3.14,-0.37143036303686655,0.9232307636355619,1.287972648509605,-3.14,1.0438748281585415
1379,0.8144572014929158,0.7536412537168911,0.30177409014972456,5.942141524614462,0.9253866045094837,2.1086203244206945,5.809221576335341,1.0,-3.14,-0.37145351390796927,0.9232495767549567,1.2876377394576113,-3.14,1.0433725056198775
1380,0.8144925022102374,0.7536230440585113,0.3019083893589448,5.942112223487283,0.9254087012753186,2.1086146157534484,5.809192291014117,1.0,-3.14,-0.3714768115067392,0.9232684761737767,1.2873027930008332,-3.14,1.042870223514701
1381,0.8145276680259013,0.753604679751993,0.3020426574549715,5.942082905084086,0.9254309575368214,2.1086088834431687,5.809162988646434,1.0,-3.14,-0.3715002556418015,0.9232874617484557,1.2869678092302028,-3.14,1.042367982104692
1382,0.8145626990508218,0.7535861609946869,0.3021768942255012,5.942053569392947,0.9254533731020147,2.108603127523471,5.809133669220057,1.0,-3.14,-0.37152384612137335,0.9233065333351285,1.2866327882367294,-3.14,1.0418657816508006
1383,0.814597595396424,0.7535674879843525,0.302311099458955,5.942024216402066,0.9254759477785006,2.1085973480280167,5.809104332722885,1.0,-3.14,-0.37154758275326105,0.9233256907896281,1.286297730111501,-3.14,1.0413636224132434
1384,0.8146323571746397,0.7535486609191494,0.3024452729444805,5.9419948460997825,0.9254986813734669,2.108591544990511,5.809074979142948,1.0,-3.14,-0.37157146534486385,0.9233449339674866,1.2859626349456832,-3.14,1.040861504651504
1385,0.8146669844979091,0.753529679997642,0.30257941447194886,5.94196545847456,0.9255215736936842,2.108585718444702,5.809045608468404,1.0,-3.14,-0.37159549370317474,0.9233642627239387,1.2856275028305195,-3.14,1.0403594286243298
1386,0.8147014774791799,0.7535105454187917,0.3027135238319587,5.941936053515002,0.9255446245455111,2.1085798684243837,5.809016220687544,1.0,-3.14,-0.3716196676347826,0.9233836769139211,1.285292333857331,-3.14,1.0398573945897323
1387,0.8147358362319004,0.7534912573819578,0.30284760081584006,5.941906631209832,0.9255678337348978,2.1085739949633915,5.808986815788786,1.0,-3.14,-0.3716439869458767,0.9234031763920773,1.284957128117515,-3.14,1.0393554028049856
1388,0.8147700608700263,0.7534718160868954,0.3029816452156478,5.941877191547904,0.9255912010673845,2.1085680980956063,5.808957393760673,1.0,-3.14,-0.3716684514422453,0.923422761012755,1.2846218857025453,-3.14,1.0388534535266256
1389,0.81480415150801,0.7534522217337464,0.3031156568241701,5.941847734518201,0.9256147263481116,2.1085621778549513,5.808927954591881,1.0,-3.14,-0.37169306092928545,0.9234424306300151,1.2842866067039709,-3.14,1.0383515470104496
1390,0.8148381082608014,0.7534324745230419,0.30324963543492217,5.941818260109838,0.9256384093818173,2.108556234275389,5.80889849827121,1.0,-3.14,-0.3717178152120012,0.9234621850976297,1.2839512912134152,-3.14,1.0378496835115152
1391,0.8148719312438482,0.7534125746556987,0.30338358084215333,5.941788768312052,0.9256622499728415,2.108550267390928,5.808869024787588,1.0,-3.14,-0.3717427140950072,0.9234820242690849,1.2836159393225752,-3.14,1.0373478632841395
1392,0.814905620573089,0.7533925223330128,0.30351749284084245,5.941759259114209,0.9256862479251323,2.108544277235617,5.808839534130068,1.0,-3.14,-0.37176775738253415,0.9235019479975846,1.283280551123221,-3.14,1.0368460865818994
1393,0.8149391763649539,0.753372317756659,0.30365137122669933,5.941729732505804,0.9257104030422455,2.1085382638435446,5.8088100262878335,1.0,-3.14,-0.3717929448784303,0.9235219561360529,1.2829451267071945,-3.14,1.03634435365763
1394,0.8149725987363602,0.753351961128686,0.3037852157961672,5.941700188476458,0.9257347151273503,2.1085322272488405,5.808780501250191,1.0,-3.14,-0.37181827638616605,0.9235420485371362,1.2826096661664086,-3.14,1.035842664763425
1395,0.8150058878047094,0.753331452651513,0.3039190263464211,5.941670627015918,0.9257591839832326,2.108526167485675,5.808750959006575,1.0,-3.14,-0.37184375170883643,0.9235622250532054,1.2822741695928463,-3.14,1.035341020150635
1396,0.8150390436878848,0.7533107925279259,0.3040528026753704,5.941641048114059,0.9257838094122987,2.108520084588256,5.808721399546547,1.0,-3.14,-0.37186937064916625,0.9235824855363611,1.2819386370785602,-3.14,1.0348394200698685
1397,0.8150720665042519,0.7532899809610762,0.3041865445816532,5.941611451760882,0.9258085912165763,2.108513978590833,5.8086918228597915,1.0,-3.14,-0.371895133009511,0.9236028298384324,1.281603068715671,-3.14,1.0343378647709902
1398,0.8151049563726512,0.7532690181544753,0.30432025186464573,5.941581837946514,0.9258335291977203,2.108507849527692,5.808662228936122,1.0,-3.14,-0.37192103859186165,0.9236232578109825,1.281267464596367,-3.14,1.033836354503121
1399,0.8151377134123977,0.7532479043119904,0.30445392432445384,5.9415522066612105,0.9258586231570171,2.1085016974331574,5.808632617765475,1.0,-3.14,-0.3719470871978502,0.9236437693053119,1.2809318248129031,-3.14,1.0333348895146381
1400,0.8151703377432764,0.7532266396378443,0.30458756176192003,5.9415225578953486,0.9258838728953845,2.1084955223415904,5.808602989337914,1.0,-3.14,-0.3719732786287489,0.9236643641724583,1.2805961494575995,-3.14,1.0328334700531734
1401,0.8152028294855442,0.7532052243366079,0.3047211639786188,5.941492891639437,0.9259092782133791,2.108489324287391,5.80857334364363,1.0,-3.14,-0.3719996126854763,0.9236850422631999,1.2802604386228413,-3.14,1.032332096365614
1402,0.8152351887599216,0.7531836586132011,0.3048547307768585,5.941463207884107,0.9259348389111955,2.108483103304995,5.808543680672935,1.0,-3.14,-0.37202608916859975,0.923705803428059,1.2799246924010779,-3.14,1.0318307686981012
1403,0.8152674156875922,0.7531619426728847,0.3049882619596843,5.941433506620113,0.9259605547886756,2.108476859428872,5.8085140004162685,1.0,-3.14,-0.3720527078783416,0.9237266475173065,1.2795889108848206,-3.14,1.031329487296031
1404,0.8152995103902005,0.7531400767212599,0.30512175733087266,5.9414037878383406,0.9259864256453063,2.1084705926935294,5.808484302864195,1.0,-3.14,-0.3720794686145795,0.9237475743809618,1.2792530941666433,-3.14,1.0308282524040533
1405,0.815331472989851,0.753118060964266,0.3052552166949356,5.941374051529794,0.9260124512802251,2.108464303133508,5.808454588007402,1.0,-3.14,-0.37210637117684914,0.9237685838687951,1.278917242339181,-3.14,1.030327064266071
1406,0.8153633036090991,0.7530958956081744,0.305388639857122,5.941344297685613,0.9260386314922232,2.1084579907833847,5.808424855836705,1.0,-3.14,-0.37213341536434963,0.9237896758303308,1.2785813554951289,-3.14,1.0298259231252398
1407,0.8153950023709597,0.7530735808595879,0.305522026623413,5.94131452629705,0.9260649660797482,2.1084516556777686,5.80839510634304,1.0,-3.14,-0.3721606009759459,0.9238108501148499,1.2782454337272413,-3.14,1.0293248292239687
1408,0.8154265693988906,0.7530511169254319,0.30565537680052496,5.941284737355489,0.926091454840912,2.1084452978513046,5.808365339517469,1.0,-3.14,-0.372187927810175,0.9238321065713956,1.2779094771283306,-3.14,1.0288237828039193
1409,0.815458004816798,0.753028504012957,0.3057886901959104,5.941254930852437,0.9261180975734891,2.108438917338667,5.808335555351178,1.0,-3.14,-0.37221539566524714,0.9238534450487738,1.2775734857912664,-3.14,1.0283227841060054
1410,0.8154893087490344,0.7530057423297334,0.30592196661775717,5.941225106779526,0.9261448940749202,2.108432514174565,5.808305753835477,1.0,-3.14,-0.37224300433904695,0.9238748653955529,1.2772374598089755,-3.14,1.0278218333703923
1411,0.8155204813203941,0.7529828320836469,0.30605520587498325,5.941195265128511,0.9261718441423185,2.108426088393739,5.8082759349618005,1.0,-3.14,-0.37227075362914064,0.9238963674600702,1.2769013992744398,-3.14,1.0273209308364972
1412,0.8155515226561074,0.7529597734828962,0.3061884077772511,5.941165405891273,0.9261989475724711,2.108419640030962,5.808246098721706,1.0,-3.14,-0.3722986433327771,0.923917951090433,1.2765653042806957,-3.14,1.0268200767429887
1413,0.8155824328818448,0.7529365667359892,0.3063215721349495,5.941135529059816,0.926226204161843,2.1084131691210364,5.808216245106872,1.0,-3.14,-0.3723266732468925,0.9239396161345214,1.2762291749208337,-3.14,1.0263192713277864
1414,0.8156132121237051,0.75291321205174,0.3064546987592051,5.941105634626268,0.9262536137065798,2.108406675698796,5.8081863741091055,1.0,-3.14,-0.37235484316811296,0.9239613624399916,1.2758930112879967,-3.14,1.0258185148280612
1415,0.8156438605082236,0.7528897096392657,0.3065877874618831,5.941075722582877,0.9262811760025123,2.108400159799104,5.80815648572033,1.0,-3.14,-0.3723831528927592,0.9239831898542785,1.2755568134753799,-3.14,1.0253178074802345
1416,0.8156743781623602,0.7528660597079819,0.3067208380555804,5.94104579292202,0.9263088908451584,2.1083936214568535,5.808126579932597,1.0,-3.14,-0.3724116022168469,0.9240050982245959,1.275220581576229,-3.14,1.024817149519978
1417,0.8157047652134992,0.7528422624676001,0.30685385035362733,5.941015845636193,0.9263367580297286,2.1083870607069666,5.808096656738077,1.0,-3.14,-0.3724401909360947,0.9240270873979431,1.2748843156838396,-3.14,1.0243165411822146
1418,0.8157350217894513,0.7528183181281263,0.30698682417009365,5.940985880718016,0.9263647773511251,2.1083804775843937,5.808066716129066,1.0,-3.14,-0.37246891884592165,0.9240491572211027,1.2745480158915574,-3.14,1.0238159827011162
1419,0.815765148018445,0.7527942268998533,0.3071197593197824,5.940955898160232,0.9263929486039509,2.1083738721241128,5.808036758097981,1.0,-3.14,-0.37249778574145626,0.9240713075406478,1.2742116822927751,-3.14,1.0233154743101056
1420,0.8157951440291258,0.7527699889933621,0.3072526556182281,5.940925897955705,0.9264212715825081,2.108367244361131,5.80800678263736,1.0,-3.14,-0.37252679141753636,0.924093538202942,1.2738753149809334,-3.14,1.0228150162418554
1421,0.815825009950553,0.7527456046195127,0.3073855128817038,5.940895880097428,0.9264497460808059,2.108360594330481,5.807976789739865,1.0,-3.14,-0.3725559356687148,0.9241158490541432,1.2735389140495188,-3.14,1.022314608728288
1422,0.8158547459122015,0.7527210739894503,0.3075183309272155,5.940865844578503,0.9264783718925569,2.108353922067223,5.807946779398276,1.0,-3.14,-0.3725852182892589,0.924138239940204,1.2732024795920642,-3.14,1.0218142520005746
1423,0.8158843520439503,0.7526963973145907,0.3076511095725056,5.940835791392165,0.9265071488111893,2.1083472276064423,5.807916751605499,1.0,-3.14,-0.3726146390731583,0.9241607107068769,1.272866011702146,-3.14,1.0213139462891372
1424,0.8159138284760881,0.7526715748066249,0.30778384863604963,5.940805720531769,0.9265360766298435,2.108340510983251,5.807886706354558,1.0,-3.14,-0.3726441978141261,0.9241832611997159,1.2725295104733845,-3.14,1.0208136918236466
1425,0.8159431753393077,0.7526466066775136,0.3079165479370559,5.940775631990785,0.9265651551413776,2.1083337722327857,5.8078566436385985,1.0,-3.14,-0.37267389430560055,0.9242058912640768,1.272192975999443,-3.14,1.0203134888330228
1426,0.8159723927647022,0.7526214931394836,0.308049207295466,5.940745525762812,0.9265943841383705,2.1083270113902075,5.807826563450888,1.0,-3.14,-0.3727037283407519,0.9242286007451246,1.2718564083740262,-3.14,1.0198133375454355
1427,0.8160014808837623,0.7525962344050234,0.3081818265319601,5.940715401841566,0.9266237634131262,2.1083202284907028,5.807796465784814,1.0,-3.14,-0.37273369971248344,0.9242513894878317,1.2715198076908798,-3.14,1.0193132381883034
1428,0.8160304398283756,0.7525708306868826,0.30831440546794653,5.940685260220884,0.9266532927576759,2.108313423569481,5.807766350633884,1.0,-3.14,-0.37276380821343486,0.9242742573369822,1.2711831740437893,-3.14,1.018813190988295
1429,0.8160592697308215,0.7525452821980654,0.3084469439255718,5.940655100894724,0.9266829719637825,2.1083065966617744,5.8077362179917245,1.0,-3.14,-0.37279405363598783,0.9242972041371759,1.2708465075265793,-3.14,1.0183131961713274
1430,0.8160879707237712,0.7525195891518303,0.3085794417277093,5.940624923857166,0.9267128008229417,2.108299747802838,5.807706067852084,1.0,-3.14,-0.3728244357722649,0.9243202297328266,1.2705098082331125,-3.14,1.0178132539625673
1431,0.8161165429402832,0.7524937517616866,0.30871189869797255,5.940594729102406,0.9267427791263863,2.108292877027951,5.807675900208832,1.0,-3.14,-0.37285495441413546,0.9243433339681673,1.270173076257289,-3.14,1.01731336458643
1432,0.8161449865138012,0.752467770241389,0.30884431466070067,5.940564516624763,0.9267729066650906,2.1082859843724124,5.807645715055952,1.0,-3.14,-0.3728856093532202,0.9243665166872548,1.2698363116930445,-3.14,1.016813528266581
1433,0.8161733015781512,0.7524416448049362,0.30897668944097095,5.940534286418675,0.9268031832297718,2.108279069871544,5.807615512387553,1.0,-3.14,-0.3729164003808909,0.9243897777339675,1.2694995146343506,-3.14,1.0163137452259339
1434,0.8162014882675382,0.7524153756665658,0.30910902286458924,5.9405040384787,0.9268336086108959,2.1082721335606864,5.807585292197859,1.0,-3.14,-0.3729473272882784,0.9244131169520128,1.2691626851752131,-3.14,1.0158140156866526
1435,0.8162295467165467,0.7523889630407559,0.30924131475809313,5.940473772799515,0.9268641825986754,2.1082651754752058,5.807555054481216,1.0,-3.14,-0.37297838986626847,0.9244365341849226,1.268825823409672,-3.14,1.0153143398701496
1436,0.8162574770601322,0.7523624071422143,0.3093735649487546,5.940443489375915,0.9268949049830802,2.108258195650481,5.807524799232084,1.0,-3.14,-0.3730095879055148,0.9244600292760662,1.268488929431799,-3.14,1.0148147179970872
1437,0.8162852794336237,0.7523357081858811,0.3095057732645732,5.940413188202814,0.9269257755538357,2.108251194121917,5.807494526445045,1.0,-3.14,-0.3730409211964346,0.9244836020686433,1.2681520033356974,-3.14,1.014315150287377
1438,0.816312953972719,0.7523088663869235,0.30963793953427926,5.940382869275242,0.9269567941004272,2.108244170924934,5.8074642361147975,1.0,-3.14,-0.3730723895292151,0.924507252405692,1.267815045215502,-3.14,1.0138156369601807
1439,0.816340500813482,0.7522818819607328,0.3097700635873368,5.940352532588354,0.9269879604121029,2.1082371260949726,5.80743392823616,1.0,-3.14,-0.3731039926938153,0.9245309801300876,1.2674780551653768,-3.14,1.013316178233909
1440,0.8163679200923425,0.7522547551229236,0.3099021452539361,5.940322178137416,0.9270192742778751,2.108230059667491,5.807403602804065,1.0,-3.14,-0.37313573047996834,0.9245547850845465,1.2671410332795157,-3.14,1.0128167743262226
1441,0.8163952119460892,0.7522274860893257,0.31003418436499997,5.940291805917814,0.9270507354865288,2.1082229716779652,5.8073732598135654,1.0,-3.14,-0.3731676026771885,0.9245786671116311,1.2668039796521395,-3.14,1.0123174254540321
1442,0.8164223765118703,0.7522000750759849,0.3101661807521777,5.940261415925056,0.9270823438266191,2.10821586216189,5.80734289925983,1.0,-3.14,-0.37319960907477034,0.924602626053748,1.2664668943774973,-3.14,1.0118181318334982
1443,0.8164494139271895,0.7521725222991578,0.3102981342478495,5.940231008154757,0.9271140990864792,2.1082087311547744,5.807312521138145,1.0,-3.14,-0.3732317494617949,0.924626661753154,1.2661297775498632,-3.14,1.011318893680032
1444,0.8164763243299025,0.7521448279753086,0.3104300446851232,5.940200582602659,0.9271460010542205,2.108201578692145,5.807282125443913,1.0,-3.14,-0.3732640236271317,0.9246507740519576,1.2657926292635373,-3.14,1.0108197112082944
1445,0.8165031078582186,0.75211699232111,0.3105619118978338,5.940170139264619,0.9271780495177341,2.108194404809545,5.807251712172653,1.0,-3.14,-0.37329643135943913,0.9246749627921182,1.2654554496128443,-3.14,1.0103205846321974
1446,0.8165297646506923,0.7520890155534341,0.3106937357205433,5.940139678136601,0.9272102442646991,2.1081872095425336,5.8072212813199995,1.0,-3.14,-0.37332897244717267,0.924699227815454,1.2651182386921316,-3.14,1.0098215141649038
1447,0.8165562948462253,0.7520608978893526,0.3108255159885443,5.9401091992147,0.927242585082582,2.1081799929266825,5.807190832881704,1.0,-3.14,-0.3733616466785842,0.9247235689636394,1.2647809965957701,-3.14,1.0093225000188268
1448,0.8165826985840597,0.7520326395461331,0.3109572525378513,5.940078702495116,0.9272750717586407,2.1081727549975806,5.807160366853633,1.0,-3.14,-0.37339445384172715,0.9247479860782117,1.264443723418152,-3.14,1.0088235424056313
1449,0.8166089760037821,0.7520042407412381,0.311088945205207,5.940048187974167,0.9273077040799265,2.1081654957908307,5.807129883231768,1.0,-3.14,-0.37342739372445755,0.9247724790005694,1.2641064192536902,-3.14,1.008324641536233
1450,0.81663512724531,0.7519757016923158,0.31122059382808026,5.94001765564829,0.9273404818332908,2.1081582153420477,5.807099382012208,1.0,-3.14,-0.37346046611444056,0.9247970475719784,1.2637690841968174,-3.14,1.0078257976207996
1451,0.8166611524489029,0.7519470226172057,0.31135219824466376,5.939987105514032,0.9273734048053829,2.1081509136868615,5.807068863191161,1.0,-3.14,-0.3734936707991493,0.924821691633572,1.2634317183419859,-3.14,1.0073270108687504
1452,0.8166870517551483,0.7519182037339275,0.31148375829387337,5.939956537568059,0.9274064727826581,2.108143590860914,5.807038326764957,1.0,-3.14,-0.3735270075658711,0.9248464110263528,1.2630943217836652,-3.14,1.0068282814887568
1453,0.8167128253049656,0.7518892452606849,0.3116152738153523,5.939925951807147,0.9274396855513758,2.1081362468998615,5.807007772730035,1.0,-3.14,-0.3735604762017083,0.9248712055911966,1.262756894616343,-3.14,1.0063296096887426
1454,0.8167384732395978,0.7518601474158542,0.3117467446494654,5.939895348228195,0.9274730428976097,2.1081288818393684,5.806977201082951,1.0,-3.14,-0.37359407649358556,0.9248960751688562,1.262419436934522,-3.14,1.0058309956758846
1455,0.8167639957006162,0.7518309104179896,0.31187817063729983,5.939864726828207,0.927506544607243,2.108121495715115,5.806946611820374,1.0,-3.14,-0.37362780822824726,0.9249210195999593,1.2620819488327215,-3.14,1.0053324396566123
1456,0.8167893928299116,0.7518015344858169,0.3120095516206641,5.939834087604304,0.927540190465976,2.1081140885627896,5.806916004939085,1.0,-3.14,-0.37366167119226407,0.924946038725015,1.2617444304054746,-3.14,1.0048339418366081
1457,0.8168146647696961,0.7517720198382281,0.3121408874420907,5.939803430553723,0.9275739802593288,2.108106660418094,5.806885380435981,1.0,-3.14,-0.3736956651720353,0.9249711323844135,1.2614068817473283,-3.14,1.0043355024208083
1458,0.8168398116624959,0.751742366694282,0.3122721779448318,5.93977275567381,0.9276079137726431,2.108099211316737,5.806854738308068,1.0,-3.14,-0.373729789953792,0.9249963004184307,1.2610693029528421,-3.14,1.0038371216134028
1459,0.8168648336511549,0.7517125752732003,0.31240342297286045,5.939742062962025,0.9276419907910851,2.1080917412944404,5.806824078552469,1.0,-3.14,-0.3737640453235993,0.9250215426672286,1.2607316941165874,-3.14,1.0033387996178362
1460,0.8168897308788251,0.7516826457943633,0.3125346223708682,5.939711352415945,0.9276762110996495,2.1080842503869346,5.806793401166418,1.0,-3.14,-0.3737984310673596,0.9250468589708575,1.2603940553331463,-3.14,1.0028405366368072
1461,0.8169145034889697,0.7516525784773075,0.3126657759842681,5.939680624033253,0.9277105744831632,2.108076738629957,5.806762706147259,1.0,-3.14,-0.37383294697081726,0.925072249169261,1.2600563866971115,-3.14,1.0023423328722694
1462,0.8169391516253579,0.7516223735417232,0.31279688365919,5.939649877811745,0.9277450807262861,2.1080692060592563,5.806731993492449,1.0,-3.14,-0.37386759281955856,0.925097713102275,1.2597186883030842,-3.14,1.0018441885254321
1463,0.8169636754320626,0.7515920312074512,0.31292794524248096,5.939619113749336,0.9277797296135156,2.108061652710589,5.80670126319956,1.0,-3.14,-0.3739023683990174,0.9251232506096319,1.259380960245674,-3.14,1.00134610379676
1464,0.8169880750534587,0.7515615516944796,0.31305896058170724,5.939588331844045,0.9278145209291891,2.108054078619718,5.806670515266271,1.0,-3.14,-0.3739372734944773,0.9251488615309629,1.2590432026194982,-3.14,1.0008480788859737
1465,0.8170123506342168,0.7515309352229385,0.313189929525149,5.939557532094005,0.9278494544574899,2.108046483822414,5.806639749690373,1.0,-3.14,-0.3739723078910751,0.9251745457057998,1.2587054155191801,-3.14,1.0003501139920508
1466,0.817036502319309,0.7515001820131054,0.3133208519218072,5.939526714497461,0.9278845299824411,2.1080388683544564,5.806608966469771,1.0,-3.14,-0.3740074713737996,0.9252003029735755,1.2583675990393492,-3.14,0.9998522093132247
1467,0.8170605302539977,0.7514692922853918,0.31345172762139045,5.939495879052765,0.9279197472879204,2.1080312322516295,5.806578165602474,1.0,-3.14,-0.37404276372750167,0.9252261331736296,1.258029753274639,-3.14,0.9993543650469872
1468,0.8170844345838357,0.7514382662603448,0.3135825564743269,5.939465025758382,0.9279551061576566,2.108023575549723,5.806547347086607,1.0,-3.14,-0.3740781847368936,0.9252520361452105,1.2576918783196869,-3.14,0.9988565813900873
1469,0.8171082154546683,0.7514071041586471,0.31371333833175846,5.939434154612888,0.9279906063752311,2.1080158982845356,5.806516510920401,1.0,-3.14,-0.3741137341865494,0.9252780117274736,1.2573539742691338,-3.14,0.9983588585385321
1470,0.8171318730126211,0.7513758062011072,0.3138440730455359,5.939403265614967,0.9280262477240869,2.108008200491867,5.8064856571022005,1.0,-3.14,-0.3741494118609138,0.9253040597594885,1.2570160412176221,-3.14,0.9978611966875879
1471,0.8171554074041089,0.7513443726086649,0.3139747604682276,5.939372358763411,0.9280620299875242,2.108000482207525,5.806454785630455,1.0,-3.14,-0.3741852175442981,0.9253301800802366,1.2566780792597958,-3.14,0.9973635960317792
1472,0.8171788187758258,0.7513128036023826,0.31410540045310903,5.939341434057127,0.9280979529487069,2.107992743467322,5.806423896503728,1.0,-3.14,-0.37422115102088804,0.925356372528617,1.256340088490299,-3.14,0.9968660567648904
1473,0.8172021072747424,0.751281099403442,0.31423599285416837,5.9393104914951245,0.9281340163906686,2.1079849843070715,5.806392989720686,1.0,-3.14,-0.3742572120747468,0.9253826369434482,1.2560020690037752,-3.14,0.9963685790799662
1474,0.8172252730481089,0.7512492602331454,0.3143665375261011,5.939279531076524,0.9281702200963097,2.1079772047625944,5.806362065280108,1.0,-3.14,-0.37429340048981424,0.9254089731634682,1.2556640208948666,-3.14,0.9958711631693117
1475,0.8172483162434453,0.7512172863129097,0.3144970343243158,5.939248552800557,0.9282065638484036,2.107969404869713,5.80633112318088,1.0,-3.14,-0.3743297160499135,0.9254353810273388,1.2553259442582128,-3.14,0.9953738092244928
1476,0.8172712370085439,0.7511851778642626,0.31462748310492644,5.939217556666559,0.928243047429601,2.107961584664252,5.806300163421995,1.0,-3.14,-0.37436615853875294,0.9254618603736477,1.2549878391884501,-3.14,0.9948765174363375
1477,0.8172940354914672,0.7511529351088447,0.31475788372475383,5.939186542673974,0.9282796706224277,2.10795374418204,5.806269186002555,1.0,-3.14,-0.37440272773992644,0.9254884110409082,1.2546497057802115,-3.14,0.9943792879949354
1478,0.8173167118405434,0.7511205582684026,0.3148882360413288,5.939155510822355,0.9283164332092905,2.1079458834589064,5.806238190921768,1.0,-3.14,-0.374439423436918,0.9255150328675634,1.2543115441281247,-3.14,0.9938821210896384
1479,0.817339266204364,0.7510880475647869,0.3150185399128829,5.939124461111357,0.9283533349724815,2.107938002530685,5.806207178178948,1.0,-3.14,-0.3744762454131067,0.9255417256919901,1.2539733543268115,-3.14,0.9933850169090622
1480,0.8173616987317792,0.7510554032199476,0.315148795198358,5.939093393540753,0.9283903756941795,2.1079301014332077,5.8061761477735185,1.0,-3.14,-0.37451319345176637,0.9255684893524969,1.2536351364708869,-3.14,0.9928879756410861
1481,0.817384009571901,0.7510226254559357,0.315279001757396,5.93906230811041,0.9284275551564516,2.10792218020231,5.806145099705008,1.0,-3.14,-0.3745502673360702,0.9255953236873304,1.2532968906549584,-3.14,0.9923909974728535
1482,0.8174061988740963,0.7509897144948966,0.3154091594503433,5.939031204820307,0.9284648731412581,2.1079142388738243,5.806114033973048,1.0,-3.14,-0.3745874668490934,0.9256222285346747,1.2529586169736258,-3.14,0.9918940825907727
1483,0.8174282667879845,0.7509566705590682,0.31553926813824956,5.939000083670532,0.9285023294304542,2.107906277483588,5.806082950577382,1.0,-3.14,-0.37462479177381436,0.9256492037326538,1.2526203155214786,-3.14,0.9913972311805175
1484,0.8174502134634399,0.7509234938707804,0.3156693276828632,5.9389689446612675,0.9285399238057923,2.107898296067436,5.806051849517852,1.0,-3.14,-0.3746622418931194,0.9256762491193347,1.2522819863930972,-3.14,0.9909004434270274
1485,0.8174720390505807,0.7508901846524485,0.31579933794663645,5.938937787792815,0.9285776560489258,2.1078902946612015,5.80602073079441,1.0,-3.14,-0.3746998169898049,0.9257033645327288,1.2519436296830504,-3.14,0.9904037195145091
1486,0.817493743699777,0.7508567431265734,0.31592929879271764,5.938906613065571,0.9286155259414117,2.1078822733007185,5.80598959440711,1.0,-3.14,-0.37473751684658,0.9257305498107954,1.2516052454858955,-3.14,0.9899070596264361
1487,0.8175153275616376,0.7508231695157379,0.3160592100849578,5.9388754204800405,0.9286535332647128,2.1078742320218193,5.805958440356111,1.0,-3.14,-0.37477534124606854,0.9257578047914407,1.251266833896177,-3.14,0.9894104639455498
1488,0.8175367907870156,0.7507894640426026,0.3161890716879025,5.938844210036831,0.9286916778002019,2.107866170860333,5.805927268641678,1.0,-3.14,-0.3748132899708147,0.9257851293125245,1.250928395008426,-3.14,0.9889139326538603
1489,0.8175581335270029,0.7507556269299074,0.3163188834667966,5.938812981736659,0.9287299593291606,2.10785808985209,5.805896079264179,1.0,-3.14,-0.3748513628032802,0.9258125232118573,1.2505899289171594,-3.14,0.9884174659326465
1490,0.8175793559329272,0.7507216584004625,0.3164486452875768,5.938781735580334,0.928768377632789,2.1078499890329145,5.805864872224082,1.0,-3.14,-0.3748895595258546,0.9258399863272064,1.2502514357168781,-3.14,0.9879210639624575
1491,0.8176004581563509,0.7506875586771504,0.31657835701687914,5.93875047156878,0.9288069324922018,2.10784186843863,5.805833647521962,1.0,-3.14,-0.3749278799208512,0.9258675184962956,1.2499129155020683,-3.14,0.9874247269231126
1492,0.8176214403490702,0.7506533279829247,0.3167080185220317,5.938719189703018,0.9288456236884322,2.1078337281050574,5.805802405158497,1.0,-3.14,-0.3749663237705118,0.9258951195568075,1.2495743683671983,-3.14,0.9869284549937019
1493,0.8176423026631058,0.7506189665407988,0.31683762967105766,5.938687889984172,0.9288844510024401,2.1078255680680105,5.805771145134465,1.0,-3.14,-0.37500489085701383,0.9259227893463887,1.2492357944067185,-3.14,0.986432248352588
1494,0.8176630452507114,0.7505844745738555,0.3169671903326666,5.938656572413471,0.9289234142151058,2.107817388363304,5.8057398674507485,1.0,-3.14,-0.37504358096246404,0.9259505277026452,1.248897193715062,-3.14,0.9859361071774052
1495,0.8176836682643608,0.7505498523052333,0.31709670037626514,5.938625236992242,0.9289625131072412,2.1078091890267454,5.80570857210833,1.0,-3.14,-0.37508239386891074,0.925978334463152,1.248558566386641,-3.14,0.9854400316450614
1496,0.8177041718567525,0.7505150999581295,0.3172261596719469,5.938593883721916,0.9290017474595875,2.107800970094138,5.805677259108294,1.0,-3.14,-0.3751213293583404,0.9260062094654505,1.2482199125158486,-3.14,0.9849440219317384
1497,0.8177245561808024,0.7504802177557968,0.31735556809049603,5.938562512604028,0.9290411170528191,2.1077927316012803,5.805645928451829,1.0,-3.14,-0.3751603872126819,0.9260341525470508,1.2478812321970563,-3.14,0.9844480782128922
1498,0.8177448213896465,0.7504452059215398,0.3174849255033828,5.938531123640206,0.929080621667547,2.1077844735839646,5.80561458014022,1.0,-3.14,-0.37519956721381076,0.926062163545437,1.2475425255246133,-3.14,0.9839522006632545
1499,0.8177649676366345,0.7504100646787141,0.3176142317827669,5.9384997168321885,0.929120261084319,2.1077761960779795,5.805583214174856,1.0,-3.14,-0.37523886914354754,0.9260902422980632,1.2472037925928472,-3.14,0.9834563894568327
1500,0.8177849950753293,0.7503747942507198,0.31774348680148956,5.938468292181807,0.9291600350836267,2.1077678991191053,5.805551830557223,1.0,-3.14,-0.3752782927836664,0.9261183886423632,1.2468650334960607,-3.14,0.9829606447669113
1501,0.8178049038595049,0.7503393948610054,0.3178726904330845,5.938436849690996,0.9291999434459022,2.1077595827431166,5.8055204292889115,1.0,-3.14,-0.37531783791589146,0.9261466024157446,1.2465262483285333,-3.14,0.9824649667660517
1502,0.8178246941431416,0.750303866733058,0.3180018425517593,5.9384053893617885,0.9292399859515269,2.107751246985783,5.805489010371607,1.0,-3.14,-0.375357504321905,0.926174883455597,1.2461874371845185,-3.14,0.9819693556260941
1503,0.8178443660804258,0.7502682100904039,0.31813094303241485,5.938373911196318,0.9292801623808317,2.107742891882862,5.8054575738070975,1.0,-3.14,-0.37539729178334813,0.9262032315992925,1.2458486001582438,-3.14,0.9814738115181579
1504,0.8178639198257479,0.7502324251566087,0.3182599917506243,5.938342415196819,0.9293204725140958,2.10773451747011,5.805426119597269,1.0,-3.14,-0.37543720008181924,0.9262316466841831,1.2455097373439104,-3.14,0.9809783346126417
1505,0.8178833555336996,0.7501965121552707,0.3183889885826482,5.938310901365618,0.9293609161315552,2.107726123783272,5.805394647744103,1.0,-3.14,-0.37547722899888364,0.9262601285476104,1.2451708488356912,-3.14,0.9804829250792249
1506,0.8179026733590706,0.7501604713100196,0.3185179334054239,5.938279369705146,0.9294014930134025,2.107717710858083,5.805363158249685,1.0,-3.14,-0.37551737831607135,0.926288677026901,1.2448319347277312,-3.14,0.9799875830868683
1507,0.8179218734568485,0.7501243028445166,0.31864682609656625,5.938247820217931,0.9294422029397872,2.1077092787302747,5.805331651116195,1.0,-3.14,-0.37555764781487927,0.9263172919593702,1.244492995114146,-3.14,0.9794923088038145
1508,0.8179409559822116,0.750088006982445,0.3187756665343687,5.938216252906595,0.9294830456908255,2.1077008274355653,5.8053001263459105,1.0,-3.14,-0.37559803727677965,0.9263459731823279,1.2441540300890201,-3.14,0.9789971023975899
1509,0.817959921090533,0.7500515839475159,0.31890445459780314,5.938184667773862,0.9295240210465938,2.1076923570096655,5.805268583941207,1.0,-3.14,-0.3756385464832145,0.9263747205330749,1.2438150397464085,-3.14,0.9785019640350038
1510,0.8179787689373744,0.750015033963461,0.3190331901665116,5.938153064822548,0.929565128787137,2.107683867488276,5.805237023904557,1.0,-3.14,-0.375679175215603,0.9264035338489078,1.2434760241803338,-3.14,0.9780068938821505
1511,0.8179974996784847,0.7499783572540311,0.31916187312081284,5.9381214440555725,0.9296063686924692,2.1076753589070893,5.8052054462385305,1.0,-3.14,-0.37571992325534354,0.9264324129671198,1.2431369834847859,-3.14,0.9775118921044095
1512,0.8180161134697955,0.7499415540429913,0.3192905033416998,5.938089805475948,0.9296477405425783,2.107666831301784,5.805173850945791,1.0,-3.14,-0.3757607903838168,0.9264613577250052,1.2427979177537216,-3.14,0.9770169588664469
1513,0.8180346104674255,0.7499046245541257,0.3194190807108341,5.938058149086775,0.9296892441174236,2.1076582847080325,5.805142238029099,1.0,-3.14,-0.3758017763823841,0.9264903679598563,1.2424588270810637,-3.14,0.9765220943322155
1514,0.8180529908276696,0.7498675690112251,0.3195476051105506,5.938026474891262,0.9297308791969441,2.107649719161493,5.805110607491312,1.0,-3.14,-0.375842881032396,0.9265194435089712,1.2421197115606997,-3.14,0.9760272986649563
1515,0.8180712547070019,0.7498303876380918,0.3196760764238521,5.937994782892707,0.9297726455610574,2.107641134697814,5.8050789593353835,1.0,-3.14,-0.3758841041151896,0.9265485842096501,1.2417805712864813,-3.14,0.9755325720271989
1516,0.818089402262074,0.7497930806585357,0.31980449453440946,5.937963073094503,0.929814542989662,2.1076325313526314,5.805047293564359,1.0,-3.14,-0.37592544541209366,0.9265777898992015,1.2414414063522243,-3.14,0.9750379145807627
1517,0.8181074336497102,0.7497556482963699,0.31993285932656335,5.93793134550014,0.9298565712626412,2.107623909161571,5.80501561018138,1.0,-3.14,-0.37596690470442956,0.9266070604149406,1.2411022168517072,-3.14,0.9745433264867572
1518,0.8181253490269035,0.749718090775408,0.3200611706853166,5.937899600113197,0.9298987301598677,2.1076152681602442,5.804983909189682,1.0,-3.14,-0.37600848177351714,0.926636395594195,1.2407630028786696,-3.14,0.9740488079055841
1519,0.8181431485508199,0.7496804083194661,0.3201894284963377,5.937867836937352,0.9299410194611994,2.107606608384252,5.804952190592594,1.0,-3.14,-0.3760501764006719,0.9266657952743029,1.2404237645268128,-3.14,0.9735543589969368
1520,0.8181608323787883,0.749642601152354,0.3203176326459598,5.937836055976372,0.9299834389464905,2.1075979298691796,5.80492045439354,1.0,-3.14,-0.37609198836721297,0.9266952592926185,1.240084501889798,-3.14,0.9730599799198022
1521,0.8181784006683056,0.7496046694978784,0.3204457830211773,5.937804257234124,0.9300259883955857,2.107589232650602,5.804888700596036,1.0,-3.14,-0.37613391745445995,0.9267247874865094,1.2397452150612462,-3.14,0.9725656708324611
1522,0.8181958535770286,0.7495666135798382,0.32057387950964644,5.937772440714561,0.9300686675883274,2.1075805167640795,5.804856929203692,1.0,-3.14,-0.37617596344373905,0.9267543796933619,1.2394059041347374,-3.14,0.9720714318924895
1523,0.8182131912627758,0.7495284336220213,0.3207019219996838,5.937740606421731,0.9301114763045576,2.107571782245157,5.804825140220208,1.0,-3.14,-0.3762181261163854,0.9267840357505825,1.2390665692038092,-3.14,0.9715772632567591
1524,0.8182304138835236,0.7494901298482046,0.3208299103802626,5.937708754359776,0.9301544143241178,2.1075630291293694,5.804793333649379,1.0,-3.14,-0.376260405253742,0.9268137554955972,1.2387272103619569,-3.14,0.9710831650814384
1525,0.8182475215974018,0.7494517024821471,0.32095784454101584,5.937676884532927,0.9301974814268573,2.1075542574522315,5.804761509495091,1.0,-3.14,-0.37630280063716914,0.9268435387658585,1.2383878277026312,-3.14,0.9705891375219944
1526,0.8182645145626967,0.7494131517475952,0.3210857243722301,5.937644996945508,0.9302406773926261,2.107545467249248,5.804729667761319,1.0,-3.14,-0.37634531204803606,0.9268733853988378,1.23804842131924,-3.14,0.9700951807331916
1527,0.8182813929378449,0.7493744778682722,0.32121354976485084,5.937613091601932,0.9302840020012867,2.1075366585559063,5.804697808452132,1.0,-3.14,-0.3763879392677342,0.926903295232038,1.237708991305145,-3.14,0.9696012948690949
1528,0.8182981568814317,0.7493356810678817,0.321341320610473,5.937581168506703,0.9303274550327104,2.1075278314076797,5.804665931571688,1.0,-3.14,-0.3764306820776725,0.9269332681029891,1.237369537753662,-3.14,0.9691074800830699
1529,0.8183148065521885,0.7492967615701006,0.32146903680134664,5.93754922766442,0.9303710362667834,2.107518985840023,5.804634037124239,1.0,-3.14,-0.37647354025928353,0.9269633038492516,1.2370300607580607,-3.14,0.9686137365277837
1530,0.8183313421089927,0.7492577195985817,0.32159669823037196,5.937517269079767,0.9304147454834065,2.10751012188838,5.804602125114122,1.0,-3.14,-0.37651651359402355,0.9269934023084171,1.236690560411563,-3.14,0.9681200643552057
1531,0.818347763710864,0.7492185553769483,0.32172430479109926,5.937485292757521,0.9304585824624978,2.1075012395881716,5.804570195545767,1.0,-3.14,-0.37655960186337534,0.9270235633181119,1.236351036807343,-3.14,0.9676264637166091
1532,0.8183640715169637,0.7491792691287936,0.32185185637772695,5.937453298702544,0.9305025469839954,2.107492338974807,5.804538248423692,1.0,-3.14,-0.3766028048488502,0.9270537867159966,1.2360114900385257,-3.14,0.9671329347625713
1533,0.8183802656865904,0.7491398610776773,0.3219793528851012,5.93742128691979,0.93054663882786,2.107483420083678,5.804506283752505,1.0,-3.14,-0.37664612233199135,0.9270840723397693,1.2356719201981865,-3.14,0.9666394776429754
1534,0.8183963463791776,0.7491003314471218,0.322106794208717,5.937389257414303,0.930590857774078,2.1074744829501566,5.804474301536902,1.0,-3.14,-0.3766895540943745,0.9271144200271657,1.2353323273793504,-3.14,0.9661460925070107
1535,0.8184123137542965,0.7490606804606157,0.3222341802447066,5.937357210191211,0.9306352036026603,2.1074655276096004,5.804442301781667,1.0,-3.14,-0.3767330999176121,0.927144829615964,1.234992711674991,-3.14,0.9656527795031741
1536,0.8184281679716471,0.7490209083416034,0.3223615108898559,5.937325145255733,0.9306796760936495,2.107456554097346,5.804410284491674,1.0,-3.14,-0.37677675958335505,0.9271753009439845,1.2346530731780303,-3.14,0.9651595387792711
1537,0.8184439091910592,0.748981015313489,0.32248878604158593,5.937293062613177,0.9307242750271191,2.1074475624487143,5.804378249671881,1.0,-3.14,-0.37682053287329303,0.9272058338490895,1.234313411981338,-3.14,0.9646663704824163
1538,0.8184595375724929,0.748941001599634,0.3226160055979586,5.937260962268934,0.930769000183174,2.107438552699008,5.8043461973273365,1.0,-3.14,-0.37686441956915884,0.9272364281691885,1.2339737281777294,-3.14,0.9641732747590352
1539,0.8184750532760295,0.7489008674233484,0.3227431694576797,5.937228844228484,0.9308138513419598,2.1074295248835084,5.804314127463175,1.0,-3.14,-0.37690841945273185,0.9272670837422392,1.2336340218599666,-3.14,0.9636802517548649
1540,0.8184904564618785,0.7488606130078982,0.3228702775200886,5.937196708497393,0.9308588282836557,2.10742047903748,5.804282040084616,1.0,-3.14,-0.37695253230583575,0.9272978004062467,1.233294293120756,-3.14,0.9631873016149548
1541,0.8185057472903685,0.7488202385764968,0.3229973296851645,5.937164555081316,0.9309039307884827,2.1074114151961676,5.804249935196968,1.0,-3.14,-0.37699675791034387,0.9273285779992664,1.2329545420527495,-3.14,0.9626944244836676
1542,0.8185209259219468,0.7487797443523041,0.32312432585352213,5.937132383985986,0.9309491586367052,2.1074023333947967,5.804217812805623,1.0,-3.14,-0.37704109604818137,0.9273594163594066,1.2326147687485416,-3.14,0.9622016205046812
1543,0.8185359925171786,0.7487391305584244,0.3232512659264085,5.9371001952172335,0.9309945116086314,2.1073932336685726,5.80418567291606,1.0,-3.14,-0.3770855465013262,0.9273903153248291,1.2322749733006704,-3.14,0.9617088898209886
1544,0.8185509472367462,0.7486983974179068,0.32337814980570634,5.937067988780961,0.931039989484616,2.1073841160526796,5.804153515533842,1.0,-3.14,-0.3771301090518121,0.9274212747337522,1.2319351558016163,-3.14,0.9612162325748997
1545,0.8185657902414425,0.7486575451537378,0.3235049773939261,5.937035764683165,0.931085592045064,2.107374980582282,5.804121340664616,1.0,-3.14,-0.3771747834817318,0.9274522944244514,1.2315953163438005,-3.14,0.9607236489080428
1546,0.8185805216921728,0.7486165739888452,0.32363174859421295,5.937003522929922,0.9311313190704299,2.1073658272925258,5.804089148314116,1.0,-3.14,-0.37721956957323444,0.9274833742352578,1.2312554550195858,-3.14,0.9602311389613639
1547,0.8185951417499502,0.7485754841460903,0.3237584633103363,5.9369712635273935,0.9311771703412236,2.107356656218532,5.804056938488158,1.0,-3.14,-0.37726446710853534,0.9275145140045675,1.2309155719212745,-3.14,0.9597387028751299
1548,0.8186096505758957,0.7485342758482695,0.3238851214466967,5.936938986481826,0.9312231456380098,2.107347467395404,5.804024711192644,1.0,-3.14,-0.3773094758699119,0.9275457135708359,1.2305756671411086,-3.14,0.959246340788928
1549,0.8186240483312339,0.7484929493181113,0.32401172290831837,5.936906691799546,0.9312692447414105,2.1073382608582203,5.803992466433557,1.0,-3.14,-0.3773545956397082,0.9275769727725828,1.2302357407712683,-3.14,0.9587540528416681
1550,0.8186383351772945,0.7484515047782737,0.32413826760085124,5.936874379486966,0.9313154674321078,2.1073290366420405,5.8039602042169625,1.0,-3.14,-0.377399826200336,0.9276082914483927,1.229895792903872,-3.14,0.958261839171583
1551,0.8186525112755056,0.748409942451343,0.3242647554305676,5.93684204955058,0.9313618134908455,2.1073197947819,5.803927924549011,1.0,-3.14,-0.37744516733427885,0.9276396694369176,1.2295558236309756,-3.14,0.9577696999162297
1552,0.8186665767873968,0.7483682625598321,0.32439118630436403,5.936809701996962,0.9314082826984303,2.1073105353128128,5.803895627435934,1.0,-3.14,-0.3774906188240902,0.9276711065768759,1.229215833044571,-3.14,0.9572776352124904
1553,0.8186805318745931,0.7483264653261766,0.3245175601297576,5.936777336832772,0.9314548748357361,2.107301258269771,5.8038633128840456,1.0,-3.14,-0.3775361804523996,0.9277026027070568,1.2288758212365862,-3.14,0.9567856451965739
1554,0.8186943766988162,0.7482845509727338,0.32464387681488005,5.936744954064749,0.9315015896837041,2.1072919636877434,5.803830980899741,1.0,-3.14,-0.37758185200191274,0.927734157666321,1.2285357882988845,-3.14,0.9562937300040164
1555,0.8187081114218755,0.7482425197217802,0.32477013626848356,5.936712553699713,0.9315484270233473,2.1072826516016745,5.803798631489495,1.0,-3.14,-0.37762763325541593,0.9277657712936033,1.2281957343232632,-3.14,0.9558018897696833
1556,0.8187217362056762,0.7482003717955109,0.3248963383999402,5.936680135744563,0.9315953866357491,2.107273322046485,5.803766264659866,1.0,-3.14,-0.3776735239957734,0.9277974434279114,1.2278556594014536,-3.14,0.9553101246277692
1557,0.818735251212213,0.7481581074160361,0.32502248311923215,5.936647700206283,0.9316424683020679,2.1072639750570756,5.803733880417492,1.0,-3.14,-0.37771952400593367,0.9278291739083291,1.2275155636251196,-3.14,0.9548184347118001
1558,0.8187486566035641,0.7481157268053809,0.3251485703369558,5.936615247091932,0.9316896718035372,2.107254610668319,5.803701478769091,1.0,-3.14,-0.37776563306892824,0.9278609625740174,1.2271754470858585,-3.14,0.9543268201546333
1559,0.8187619525418938,0.7480732301854786,0.32527459996432156,5.936582776408654,0.9317369969214716,2.1072452289150663,5.803669059721461,1.0,-3.14,-0.37781185096787806,0.9278928092642178,1.2268353098751978,-3.14,0.9538352810884604
1560,0.8187751391894496,0.7480306177781753,0.32540057191314864,5.936550288163666,0.931784443437264,2.107235829832141,5.803636623281477,1.0,-3.14,-0.37785817748599104,0.9279247138182513,1.226495152084597,-3.14,0.9533438176448065
1561,0.8187882167085611,0.7479878898052246,0.32552648609586815,5.93651778236427,0.9318320111323883,2.107226413454347,5.803604169456097,1.0,-3.14,-0.3779046124065642,0.927956676075519,1.226154973805446,-3.14,0.9528524299545321
1562,0.8188011852616363,0.7479450464882846,0.3256523424255163,5.93648525901784,0.9318796997884055,2.1072169798164575,5.803571698252355,1.0,-3.14,-0.3779511555129904,0.9279886958755095,1.2258147751290636,-3.14,0.9523611181478351
1563,0.8188140450111592,0.7479020880489173,0.32577814081573553,5.936452718131836,0.9319275091869613,2.107207528953224,5.803539209677366,1.0,-3.14,-0.3779978065887554,0.9280207730577936,1.2254745561466978,-3.14,0.9518698823542505
1564,0.8188267961196913,0.7478590147085872,0.3259038811807765,5.936420159713789,0.93197543910979,2.1071980608993734,5.803506703738319,1.0,-3.14,-0.37804456541744097,0.9280529074620277,1.2251343169495252,-3.14,0.9513787227026524
1565,0.8188394387498669,0.7478158266886589,0.32602956343548745,5.936387583771312,0.932023489338715,2.1071885756896034,5.803474180442484,1.0,-3.14,-0.3780914317827284,0.9280850989279589,1.2247940576286498,-3.14,0.9508876393212552
1566,0.8188519730643885,0.7477725242103931,0.32615518749532607,5.936354990312092,0.9320716596556547,2.1071790733585876,5.803441639797206,1.0,-3.14,-0.37813840546839916,0.9281173472954214,1.2244537782751024,-3.14,0.9503966323376143
1567,0.8188643992260345,0.747729107494951,0.3262807532763475,5.936322379343892,0.9321199498426167,2.1071695539409743,5.803409081809908,1.0,-3.14,-0.37818548625833437,0.9281496524043384,1.2241134789798405,-3.14,0.9499057018786273
1568,0.8188767173976461,0.7476855767633829,0.3264062606952011,5.936289750874557,0.9321683596817093,2.107160017471384,5.803376506488091,1.0,-3.14,-0.3782326739365237,0.9281820140947293,1.2237731598337465,-3.14,0.9494148480705362
1569,0.8188889277421317,0.7476419322366343,0.32653170966914163,5.936257104912002,0.9322168889551363,2.1071504639844107,5.8033439138393295,1.0,-3.14,-0.3782799682870602,0.9282144322067046,1.2234328209276286,-3.14,0.9489240710389272
1570,0.8189010304224619,0.7475981741355394,0.3266571001160156,5.936224441464221,0.9322655374452031,2.1071408935146216,5.803311303871275,1.0,-3.14,-0.37832736909414627,0.9282469065804715,1.2230924623522186,-3.14,0.9484333709087328
1571,0.8189130256016733,0.7475543026808238,0.326782431954266,5.936191760539281,0.9323143049343138,2.107131306096557,5.8032786765916535,1.0,-3.14,-0.37837487614209214,0.9282794370563306,1.2227520841981725,-3.14,0.9479427478042324
1572,0.8189249134428583,0.7475103180930965,0.3269077051029286,5.936159062145327,0.9323631912049791,2.1071217017647292,5.803246032008269,1.0,-3.14,-0.37842248921532173,0.9283120234746826,1.2224116865560688,-3.14,0.947452201849054
1573,0.818936694109171,0.7474662205928547,0.32703291948162977,5.936126346290575,0.9324121960398127,2.107112080553624,5.803213370128997,1.0,-3.14,-0.3784702080983708,0.928344665676026,1.2220712695164089,-3.14,0.946961733166175
1574,0.8189483677638203,0.7474220104004767,0.3271580750105876,5.936093612983318,0.9324613192215366,2.1071024424976974,5.80318069096179,1.0,-3.14,-0.37851803257589167,0.9283773635009616,1.2217308331696155,-3.14,0.9464713418779237
1575,0.8189599345700707,0.7473776877362219,0.32728317161060944,5.936060862231922,0.9325105605329829,2.1070927876313803,5.8031479945146724,1.0,-3.14,-0.3785659624326529,0.9284101167901889,1.2213903776060329,-3.14,0.9459810281059803
1576,0.8189713946912366,0.7473332528202294,0.3274082092030887,5.936028094044825,0.9325599197570938,2.10708311598907,5.803115280795743,1.0,-3.14,-0.3786139974535441,0.9284429253845152,1.2210499029159247,-3.14,0.9454907919713786
1577,0.8189827482906876,0.7472887058725176,0.3275331877100048,5.93599530843054,0.9326093966769232,2.107073427605142,5.803082549813174,1.0,-3.14,-0.37866213742357197,0.928475789124847,1.220709409189476,-3.14,0.945000633594506
1578,0.8189939955318387,0.7472440471129778,0.32765810705392334,5.935962505397651,0.9326589910756424,2.1070637225139377,5.80304980157521,1.0,-3.14,-0.3787103821278702,0.9285087078522015,1.2203688965167894,-3.14,0.9445105530951065
1579,0.8190051365781551,0.747199276761378,0.32778296715798905,5.935929684954816,0.9327087027365365,2.107054000749772,5.80301703609017,1.0,-3.14,-0.3787587313516936,0.9285416814077005,1.220028364987887,-3.14,0.9440205505922803
1580,0.8190161715931462,0.7471543950373566,0.32790776794593157,5.935896847110766,0.9327585314430106,2.1070442623469288,5.802984253366442,1.0,-3.14,-0.37880718488042475,0.9285747096325752,1.2196878146927086,-3.14,0.943530626204486
1581,0.8190271007403662,0.7471094021604257,0.32803250934206124,5.9358639918742995,0.9328084769785873,2.1070345073396646,5.80295145341249,1.0,-3.14,-0.378855742499572,0.9286077923681653,1.2193472457211116,-3.14,0.9430407800495412
1582,0.8190379241834089,0.747064298349962,0.32815719127126286,5.935831119254293,0.9328585391269137,2.107024735762205,5.802918636236847,1.0,-3.14,-0.378904403994776,0.9286409294559229,1.2190066581628696,-3.14,0.9425510122446242
1583,0.8190486420859096,0.7470190838252121,0.32828181365899883,5.935798229259685,0.9329087176717603,2.1070149476487456,5.802885801848117,1.0,-3.14,-0.37895316915180816,0.9286741207374138,1.2186660521076722,-3.14,0.9420613229062755
1584,0.8190592546115417,0.746973758805286,0.32840637643131115,5.935765321899492,0.9329590123970224,2.1070051430334518,5.802852950254974,1.0,-3.14,-0.37900203775657315,0.9287073660543161,1.2183254276451247,-3.14,0.9415717121503985
1585,0.8190697619240157,0.7469283235091597,0.3285308795148093,5.935732397182798,0.9330094230867212,2.1069953219504596,5.802820081466166,1.0,-3.14,-0.3790510095951092,0.9287406652484231,1.2179847848647476,-3.14,0.9410821800922605
1586,0.8190801641870782,0.7468827781556701,0.32865532283667953,5.935699455118757,0.9330599495250076,2.106985484433872,5.802787195490508,1.0,-3.14,-0.3791000844535924,0.9287740181616447,1.2176441238559748,-3.14,0.9405927268464948
1587,0.819090461564506,0.7468371229635133,0.32877970632468,5.935666495716592,0.933110591496164,2.1069756305177654,5.802754292336885,1.0,-3.14,-0.3791492621183364,0.9288074246360076,1.2173034447081545,-3.14,0.9401033525271011
1588,0.8191006542201091,0.746791358151246,0.32890402990713224,5.935633518985595,0.9331613487846034,2.1069657602361804,5.802721372014251,1.0,-3.14,-0.37919854237579514,0.9288408845136586,1.2169627475105476,-3.14,0.9396140572474474
1589,0.8191107423177268,0.74674548393728,0.3290282935129315,5.935600524935128,0.9332122211748738,2.10695587362313,5.802688434531632,1.0,-3.14,-0.37924792501256394,0.9288743976368636,1.2166220323523274,-3.14,0.9391248411202711
1590,0.8191207260212264,0.746699500539883,0.3291524970715369,5.935567513574621,0.9332632084516588,2.106945970712594,5.802655479898119,1.0,-3.14,-0.3792974098153828,0.9289079638480112,1.2162812993225791,-3.14,0.9386357042576801
1591,0.8191306054944998,0.7466534081771748,0.3292766405129719,5.935534484913572,0.9333143103997803,2.1069360515385203,5.802622508122874,1.0,-3.14,-0.3793469965711357,0.9289415829896119,1.215940548510299,-3.14,0.9381466467711543
1592,0.8191403809014659,0.746607207067131,0.3294007237678223,5.9355014389615475,0.9333655268041958,2.1069261161348263,5.802589519215125,1.0,-3.14,-0.37939668506685176,0.9289752549042988,1.2155997800043943,-3.14,0.9376576687715465
1593,0.819150052406066,0.7465608974275748,0.32952474676723886,5.935468375728176,0.9334168574500068,2.1069161645353964,5.802556513184168,1.0,-3.14,-0.37944647508971013,0.9290089794348313,1.215258993893682,-3.14,0.9371687703690839
1594,0.8191596201722613,0.7465144794761782,0.3296487094429313,5.935435295223163,0.9334683021224552,2.106906196774084,5.802523490039367,1.0,-3.14,-0.37949636642703866,0.9290427564240935,1.2149181902668889,-3.14,0.9366799516733694
1595,0.8191690843640315,0.7464679534304594,0.329772611727164,5.935402197456271,0.9335198606069297,2.1068962128847075,5.802490449790152,1.0,-3.14,-0.3795463588663198,0.9290765857151012,1.2145773692126498,-3.14,0.9361912127933834
1596,0.819178445145376,0.7464213195077839,0.3298964535527629,5.935369082437335,0.9335715326889612,2.1068862129010553,5.802457392446021,1.0,-3.14,-0.37959645219518556,0.9291104671509943,1.2142365308195089,-3.14,0.9357025538374838
1597,0.8191877026803085,0.7463745779253601,0.33002023485310833,5.935335950176251,0.93362331815423,2.1068761968568808,5.802424318016535,1.0,-3.14,-0.3796466462014242,0.9291444005750444,1.2138956751759176,-3.14,0.9352139749134086
1598,0.8191968571328595,0.7463277289002386,0.33014395556213305,5.935302800682983,0.9336752167885649,2.106866164785907,5.802391226511324,1.0,-3.14,-0.37969694067298015,0.929178385830654,1.213554802370234,-3.14,0.9347254761282764
1599,0.8192059086670685,0.7462807726493123,0.3302676156143239,5.935269633967564,0.9337272283779435,2.106856116721819,5.802358117940083,1.0,-3.14,-0.3797473353979555,0.9292124227613582,1.2132139124907237,-3.14,0.9342370575885879
1600,0.8192148574469909,0.7462337093893102,0.3303912149447186,5.935236450040086,0.9337793527084979,2.1068460526982746,5.80232499231257,1.0,-3.14,-0.379797830164612,0.9292465112108241,1.2128730056255579,-3.14,0.9337487194002273
1601,0.8192237036366845,0.7461865393368006,0.3305147534889023,5.935203248910705,0.9338315895665141,2.106835972748892,5.8022918496386096,1.0,-3.14,-0.3798484247613738,0.9292806510228557,1.2125320818628125,-3.14,0.9332604616684639
1602,0.819232447400222,0.7461392627081893,0.33063823118301044,5.9351700305896475,0.9338839387384296,2.1068258769072603,5.80225868992809,1.0,-3.14,-0.37989911897682416,0.9293148420413889,1.2121911412904696,-3.14,0.9327722844979522
1603,0.8192410889016789,0.7460918797197149,0.3307616479637216,5.935136795087197,0.9339364000108419,2.1068157652069317,5.8022255131909635,1.0,-3.14,-0.3799499125997129,0.929349084110499,1.2118501839964149,-3.14,0.9322841879927347
1604,0.819249628305134,0.7460443905874484,0.3308850037682622,5.935103542413706,0.9339889731705066,2.1068056376814255,5.802192319437247,1.0,-3.14,-0.38000080541895565,0.9293833770743997,1.2115092100684377,-3.14,0.9317961722562424
1605,0.819258065774673,0.7459967955272949,0.3310082985344005,5.935070272579584,0.934041658004337,2.106795494364227,5.802159108677018,1.0,-3.14,-0.3800517972236334,0.9294177207774413,1.2111682195942308,-3.14,0.9313082373912962
1606,0.8192664014743765,0.7459490947549858,0.33113153220044456,5.935036985595308,0.934094454299412,2.1067853352887838,5.80212588092042,1.0,-3.14,-0.38010288780299917,0.9294521150641182,1.2108272126613895,-3.14,0.9308203835001085
1607,0.8192746355683311,0.7459012884860838,0.33125470470524404,5.935003681471416,0.9341473618429694,2.106775160488513,5.802092636177659,1.0,-3.14,-0.3801540769464728,0.929486559779062,1.2104861893574115,-3.14,0.9303326106842841
1608,0.8192827682206175,0.745853376935978,0.3313778159881875,5.934970360218508,0.9342003804224129,2.1067649699967927,5.8020593744590006,1.0,-3.14,-0.3802053644436466,0.9295210547670484,1.2101451497696958,-3.14,0.9298449190448217
1609,0.819290799595315,0.7458053603198835,0.3315008659891998,5.934937021847245,0.9342535098253119,2.1067547638469697,5.8020260957747745,1.0,-3.14,-0.38025675008428556,0.9295555998729951,1.2098040939855426,-3.14,0.9293573086821151
1610,0.8192987298564975,0.7457572388528394,0.3316238546487402,5.934903666368349,0.9343067498394025,2.1067445420723536,5.801992800135371,1.0,-3.14,-0.38030823365832983,0.929590194941966,1.2094630220921525,-3.14,0.928869779695955
1611,0.8193065591682307,0.7457090127497055,0.3317467819078017,5.934870293792603,0.9343601002525931,2.106734304706218,5.801959487551241,1.0,-3.14,-0.38035981495589716,0.9296248398191714,1.2091219341766257,-3.14,0.9283823321855299
1612,0.8193142876945726,0.745660682225164,0.3318696477079115,5.9348369041308535,0.9344135608529591,2.1067240517818004,5.8019261580329,1.0,-3.14,-0.3804114937672809,0.9296595343499665,1.2087808303259626,-3.14,0.9278949662494276
1613,0.8193219155995736,0.7456122474937186,0.3319924519911242,5.934803497394002,0.9344671314287485,2.1067137833323057,5.801892811590918,1.0,-3.14,-0.3804632698829524,0.9296942783798531,1.208439710627062,-3.14,0.927407681985636
1614,0.8193294430472685,0.7455637087696884,0.3321151947000267,5.934770073593014,0.9345208117683838,2.106703499390898,5.801859448235929,1.0,-3.14,-0.38051514309356627,0.9297290717544852,1.2080985751667208,-3.14,0.9269204794915454
1615,0.8193368702016847,0.7455150662672129,0.3322378757777304,5.934736632738912,0.9345746016604596,2.10669319999071,5.8018260679786255,1.0,-3.14,-0.3805671131899552,0.9297639143196624,1.2077574240316347,-3.14,0.9264333588639491
1616,0.8193441972268289,0.7454663202002424,0.3323604951678736,5.934703174842778,0.9346285008937514,2.1066828851648336,5.801792670829761,1.0,-3.14,-0.38061917996314,0.929798805921341,1.207416257308395,-3.14,0.9259463201990454
1617,0.8193514242866966,0.745417470782545,0.33248305281461893,5.934669699915756,0.9346825092572082,2.106672554946327,5.801759256800147,1.0,-3.14,-0.3806713432043209,0.9298337464056224,1.207075075083492,-3.14,0.9254593635924379
1618,0.8193585515452652,0.7453685182277019,0.33260554866265324,5.934636207969044,0.9347366265399584,2.1066622093682117,5.801725825900653,1.0,-3.14,-0.38072360270488664,0.9298687356187654,1.2067338774433105,-3.14,0.9249724891391375
1619,0.8193655791664926,0.7453194627491041,0.33272798265718023,5.934602699013899,0.9347908525313121,2.106651848463471,5.801692378142208,1.0,-3.14,-0.3807759582564125,0.9299037734071806,1.206392664474132,-3.14,0.9244856969335641
1620,0.8193725073143134,0.7452703045599511,0.33285035474392777,5.934569173061642,0.9348451870207621,2.1066414722650513,5.8016589135358,1.0,-3.14,-0.38082840965066367,0.9299388596174347,1.206051436262133,-3.14,0.9239989870695473
1621,0.8193793361526442,0.7452210438732547,0.3329726648691405,5.934535630123638,0.9348996297979826,2.1066310808058626,5.801625432092471,1.0,-3.14,-0.38088095667959404,0.9299739940962495,1.2057101928933849,-3.14,0.923512359640328
1622,0.819386065845377,0.7451716809018312,0.3330949129795758,5.934502070211323,0.9349541806528333,2.106620674118777,5.801591933823323,1.0,-3.14,-0.3809335991353501,0.9300091766905049,1.205368934453853,-3.14,0.9230258147385599
1623,0.8193926965563775,0.7451222158583033,0.3332170990225098,5.934468493336181,0.9350088393753606,2.106610252236629,5.801558418739515,1.0,-3.14,-0.3809863368102699,0.9300444072472365,1.2050276610293966,-3.14,0.9225393524563107
1624,0.8193992284494872,0.7450726489551007,0.33333922294573204,5.934434899509756,0.9350636057557953,2.106599815192215,5.801524886852263,1.0,-3.14,-0.3810391694968848,0.9300796856136395,1.2046863727057686,-3.14,0.922052972885063
1625,0.8194056616885181,0.7450229804044539,0.33346128469754077,5.934401288743646,0.9351184795845602,2.106589363018296,5.801491338172838,1.0,-3.14,-0.3810920969879238,0.93011501163707,1.204345069568614,-3.14,0.9215666761157167
1626,0.8194119964372533,0.7449732104183957,0.33358328422674627,5.9343676610495075,0.9351734606522671,2.1065788957475915,5.801457772712567,1.0,-3.14,-0.3811451190763112,0.9301503851650436,1.2040037517034707,-3.14,0.9210804622385895
1627,0.8194182328594446,0.7449233392087604,0.3337052214826662,5.934334016439049,0.935228548749719,2.1065684134127842,5.801424190482834,1.0,-3.14,-0.38119823555517,0.9301858060452393,1.2036624191957679,-3.14,0.9205943313434188
1628,0.819424371118814,0.7448733669871824,0.33382709641512615,5.934300354924035,0.9352837436679103,2.1065579160465204,5.801390591495077,1.0,-3.14,-0.38125144621782064,0.9302212741254953,1.2033210721308265,-3.14,0.9201082835193624
1629,0.8194304113790439,0.744823293965091,0.3339489089744566,5.934266676516287,0.9353390451980335,2.1065474036814043,5.801356975760791,1.0,-3.14,-0.381304750857788,0.9302567892538187,1.2029797105938578,-3.14,0.9196223188550006
1630,0.8194363538037877,0.7447731203537161,0.3340706591114905,5.9342329812276775,0.9353944531314716,2.1065368763500034,5.801323343291521,1.0,-3.14,-0.38135814926879474,0.9302923512783758,1.2026383346699636,-3.14,0.9191364374383372
1631,0.8194421985566618,0.7447228463640826,0.3341923467775651,5.934199269070131,0.9354499672598067,2.106526334084847,5.8012896940988705,1.0,-3.14,-0.38141164124476806,0.9303279600475011,1.2022969444441358,-3.14,0.9186506393568006
1632,0.8194479458012409,0.7446724722070082,0.3343139719245149,5.934165540055637,0.9355055873748175,2.106515776918426,5.801256028194497,1.0,-3.14,-0.38146522657983933,0.9303636154096941,1.2019555400012558,-3.14,0.9181649246972456
1633,0.8194535957010621,0.7446219980931049,0.334435534504678,5.9341317941962215,0.9355613132684836,2.1065052048831894,5.801222345590108,1.0,-3.14,-0.38151890506834646,0.9303993172136233,1.2016141214260934,-3.14,0.9176792935459551
1634,0.8194591484196242,0.7445714242327756,0.33455703447088575,5.934098031503976,0.9356171447329845,2.106494618011548,5.801188646297466,1.0,-3.14,-0.38157267650483356,0.930435065308124,1.201272688803307,-3.14,0.9171937459886406
1635,0.8194646041203799,0.7445207508362164,0.33467847177646726,5.934064251991038,0.9356730815606993,2.1064840163358762,5.801154930328388,1.0,-3.14,-0.3816265406840512,0.9304708595421993,1.2009312422174436,-3.14,0.9167082821104435
1636,0.8194699629667413,0.7444699781134098,0.3347998463752443,5.934030455669601,0.9357291235442129,2.1064733998885043,5.801121197694742,1.0,-3.14,-0.3816804974009618,0.9305066997650253,1.200589781752937,-3.14,0.9162229019959383
1637,0.8194752251220747,0.7444191062741282,0.33492115822153307,5.933996642551909,0.9357852704763127,2.1064627687017263,5.801087448408448,1.0,-3.14,-0.38173454645073657,0.930542585825946,1.2002483074941082,-3.14,0.9157376057291313
1638,0.8194803907496986,0.7443681355279308,0.3350424072701385,5.9339628126502575,0.935841522149992,2.106452122807796,5.801053682481479,1.0,-3.14,-0.38178868762875895,0.9305785175744783,1.1999068195251652,-3.14,0.9152523933934641
1639,0.8194854600128865,0.7443170660841629,0.3351635934763568,5.933928965976991,0.9358978783584508,2.106441462238924,5.801019899925857,1.0,-3.14,-0.38184292073062587,0.9306144948603132,1.1995653179302015,-3.14,0.9147672650718142
1640,0.8194904330748601,0.7442658981519539,0.3352847167959711,5.9338951025445095,0.9359543388950967,2.1064307870272843,5.800986100753659,1.0,-3.14,-0.38189724555214677,0.9306505175333124,1.1992238027931972,-3.14,0.9142822208464959
1641,0.8194953100987941,0.7442146319402182,0.33540577718525183,5.933861222365257,0.936010903553546,2.106420097205011,5.800952284977008,1.0,-3.14,-0.3819516618893469,0.9306865854435117,1.198882274198017,-3.14,0.9137972607992625
1642,0.8195000912478083,0.7441632676576505,0.33552677460095165,5.933827325451735,0.9360675721276261,2.106409392804195,5.800918452608083,1.0,-3.14,-0.38200616953846844,0.9307226984411243,1.1985407322284105,-3.14,0.9133123850113074
1643,0.8195047766849725,0.7441118055127289,0.33564770900030816,5.93379341181649,0.9361243444113744,2.1063986738568885,5.800884603659108,1.0,-3.14,-0.3820607682959701,0.9307588563765377,1.198199176968012,-3.14,0.9128275935632654
1644,0.8195093665732999,0.7440602457137108,0.33576858034104085,5.933759481472119,0.9361812201990414,2.1063879403951034,5.800850738142361,1.0,-3.14,-0.38211545795852936,0.9307950591003155,1.1978576085003398,-3.14,0.9123428865352138
1645,0.8195138610757485,0.7440085884686316,0.33588938858134726,5.933725534431269,0.9362381992850926,2.1063771924508092,5.800816856070167,1.0,-3.14,-0.38217023832304364,0.9308313064631993,1.1975160269087954,-3.14,0.9118582640066745
1646,0.8195182603552204,0.7439568339853065,0.3360101336799038,5.933691570706635,0.9362952814642059,2.1063664300559375,5.800782957454901,1.0,-3.14,-0.382225109186631,0.9308675983161092,1.1971744322766633,-3.14,0.9113737260566148
1647,0.819522564574557,0.7439049824713253,0.3361308155958646,5.933657590310959,0.9363524665312782,2.106355653242375,5.800749042308986,1.0,-3.14,-0.38228007034663264,0.9309039345101455,1.196832824687111,-3.14,0.9108892727634492
1648,0.819526773896543,0.7438530341340552,0.33625143428885806,5.933623593257034,0.9364097542814214,2.10634486204197,5.800715110644894,1.0,-3.14,-0.38233512160061234,0.9309403148965879,1.1964912042231877,-3.14,0.9104049042050407
1649,0.8195308884839007,0.7438009891806372,0.33637198971898435,5.9335895795577,0.9364671445099658,2.1063340564865274,5.800681162475147,1.0,-3.14,-0.3823902627463566,0.9309767393268951,1.1961495709678251,-3.14,0.9099206204587014
1650,0.8195349084992903,0.7437488478179849,0.3364924818468183,5.933555549225843,0.936524637012463,2.106323236607813,5.800647197812311,1.0,-3.14,-0.3824454935818795,0.9310132076527095,1.1958079250038358,-3.14,0.9094364216011953
1651,0.8195388341053107,0.7436966102527881,0.33661291063340537,5.933521502274397,0.9365822315846807,2.106312402437551,5.800613216669003,1.0,-3.14,-0.3825008139054177,0.9310497197258519,1.1954662664139137,-3.14,0.9089523077087382
1652,0.8195426654644907,0.7436442766915022,0.3367332760402551,5.933487438716343,0.9366399280226144,2.1063015540074206,5.8005792190578855,1.0,-3.14,-0.38255622351544116,0.9310862753983328,1.1951245952806329,-3.14,0.9084682788570009
1653,0.8195464027392984,0.7435918473403569,0.3368535780293501,5.9334533585647105,0.9366977261224775,2.1062906913490633,5.800545204991668,1.0,-3.14,-0.3826117222106429,0.9311228745223402,1.194782911686448,-3.14,0.9079843351211084
1654,0.8195500460921346,0.7435393224053508,0.3369738165631346,5.933419261832569,0.9367556256807086,2.106279814494077,5.800511174483105,1.0,-3.14,-0.3826673097899477,0.9311595169502495,1.1944412157136928,-3.14,0.9075004765756433
1655,0.8195535956853292,0.7434867020922502,0.33709399160451853,5.933385148533038,0.9368136264939709,2.1062689234740164,5.800477127544999,1.0,-3.14,-0.3827229860525101,0.9311962025346198,1.1940995074445813,-3.14,0.9070167032946456
1656,0.8195570516811422,0.7434339866065867,0.33721410311687255,5.933351018679286,0.9368717283591552,2.106258018320397,5.800443064190201,1.0,-3.14,-0.3827787507977178,0.9312329311281979,1.1937577869612055,-3.14,0.9065330153516156
1657,0.8195604142417642,0.7433811761536608,0.33733415106403086,5.933316872284519,0.9369299310733772,2.106247099064689,5.800408984431602,1.0,-3.14,-0.38283460382518975,0.9312697025839172,1.1934160543455365,-3.14,0.906049412819514
1658,0.8195636835293132,0.7433282709385363,0.337454135410283,5.933282709361994,0.9369882344339822,2.1062361657383213,5.800374888282141,1.0,-3.14,-0.3828905449347796,0.9313065167548977,1.1930743096794232,-3.14,0.9055658957707643
1659,0.8195668597058341,0.7432752711660425,0.3375740561203791,5.9332485299250095,0.9370466382385425,2.10622521837268,5.800340775754802,1.0,-3.14,-0.3829465739265738,0.931343373494448,1.1927325530445925,-3.14,0.9050824642772531
1660,0.8195699429332992,0.7432221770407723,0.33769391315952496,5.933214333986908,0.9371051422848612,2.1062142569991122,5.800306646862613,1.0,-3.14,-0.3830026906008942,0.9313802726560629,1.192390784522649,-3.14,0.9045991184103322
1661,0.8195729333735996,0.7431689887670779,0.3378137064933819,5.933180121561077,0.9371637463709745,2.1062032816489165,5.800272501618647,1.0,-3.14,-0.38305889475830274,0.9314172140934321,1.192049004195073,-3.14,0.9041158582408206
1662,0.8195758311885548,0.7431157065490755,0.3379334360880592,5.933145892660946,0.9372224502951484,2.1061922923533527,5.800238340036019,1.0,-3.14,-0.3831151861995954,0.9314541976604318,1.191707212143223,-3.14,0.9036326838390045
1663,0.8195786365399019,0.7430623305906386,0.3380531019101234,5.933111647299992,0.9372812538558842,2.1061812891436347,5.80020416212789,1.0,-3.14,-0.38317156472580993,0.9314912232111314,1.1913654084483323,-3.14,0.9031495952746402
1664,0.8195813495893012,0.7430088610954028,0.338172703926586,5.933077385491727,0.9373401568519153,2.1061702720509365,5.800169967907462,1.0,-3.14,-0.38322803013822054,0.9315282905997898,1.1910235931915107,-3.14,0.902666592616954
1665,0.8195839704983324,0.7429552982667605,0.3382922421049094,5.9330431072497145,0.9373991590822107,2.1061592411063867,5.800135757387982,1.0,-3.14,-0.38328458223834305,0.9315653996808588,1.1906817664537432,-3.14,0.9021836759346447
1666,0.8195864994284962,0.7429016423078636,0.3384117164130032,5.933008812587553,0.9374582603459747,2.1061481963410715,5.8001015305827375,1.0,-3.14,-0.38334122082793437,0.931602550308984,1.1903399283158904,-3.14,0.9017008452958841
1667,0.8195889365412034,0.7428478934216163,0.3385311268192184,5.9329745015188875,0.9375174604426509,2.106137137786035,5.80006728750506,1.0,-3.14,-0.38339794570899366,0.9316397423390025,1.189998078858687,-3.14,0.9012181007683195
1668,0.8195912819977865,0.7427940518106816,0.3386504732923528,5.9329401740574,0.9375767591719196,2.1061260654722753,5.800033028168322,1.0,-3.14,-0.38345475668376533,0.9316769756259498,1.189656218162742,-3.14,0.9007354424190748
1669,0.8195935359594897,0.7427401176774747,0.33876975580164476,5.93290583021682,0.9376361563337008,2.1061149794307474,5.799998752585939,1.0,-3.14,-0.38351165355473626,0.9317142500250535,1.1893143463085385,-3.14,0.9002528703147509
1670,0.8195956985874734,0.7426860912241668,0.3388889743167718,5.932871470010912,0.9376956517281527,2.106103879692365,5.799964460771365,1.0,-3.14,-0.38356863612463815,0.9317515653917369,1.1889724633764334,-3.14,0.8997703845214283
1671,0.8195977700428093,0.742631972652681,0.33900812880785425,5.932837093453485,0.9377552451556754,2.1060927662879947,5.7999301527380975,1.0,-3.14,-0.383625704196449,0.9317889215816199,1.1886305694466566,-3.14,0.8992879851046679
1672,0.8195997504864816,0.7425777621646912,0.3391272192454428,5.932802700558385,0.9378149364169115,2.106081639248462,5.7998958284996736,1.0,-3.14,-0.383682857573394,0.931826318450519,1.188288664599311,-3.14,0.8988056721295125
1673,0.8196016400793843,0.7425234599616237,0.33924624560052935,5.932768291339502,0.9378747253127447,2.1060704986045473,5.799861488069672,1.0,-3.14,-0.3837400960589458,0.9318637558544487,1.187946748914372,-3.14,0.8983234456604883
1674,0.8196034389823184,0.7424690662446537,0.3393652078445366,5.932733865810761,0.9379346116443043,2.1060593443869866,5.799827131461709,1.0,-3.14,-0.3837974194568262,0.9319012336496213,1.1876048224716873,-3.14,0.8978413057616064
1675,0.8196051473559962,0.7424145812147064,0.3394841059493215,5.932699423986131,0.9379945952129617,2.1060481766264725,5.799792758689443,1.0,-3.14,-0.3838548275710059,0.931938751692448,1.1872628853509761,-3.14,0.8973592524963637
1676,0.8196067653610346,0.7423600050724534,0.3396029398871709,5.932664965879616,0.9380546758203372,2.106036995353653,5.799758369766571,1.0,-3.14,-0.38391232020570754,0.9319763098395397,1.1869209376318293,-3.14,0.8968772859277453
1677,0.8196082931579589,0.7423053380183173,0.3397217096307996,5.93263049150526,0.9381148532682936,2.1060258005991312,5.799723964706829,1.0,-3.14,-0.38396989716540325,0.9320139079477072,1.1865789793937087,-3.14,0.8963954061182248
1678,0.8196097309071959,0.7422505802524635,0.3398404151533544,5.932596000877151,0.9381751273589436,2.106014592393466,5.799689543523993,1.0,-3.14,-0.3840275582548176,0.9320515458739608,1.1862370107159472,-3.14,0.8959136131297661
1679,0.8196110787690806,0.7421957319748073,0.3399590564284016,5.932561494009403,0.9382354978946454,2.1060033707671733,5.7996551062318735,1.0,-3.14,-0.3840853032789277,0.9320892234755118,1.1858950316777483,-3.14,0.8954319070238251
1680,0.8196123369038485,0.742140793385006,0.3400776334299386,5.932526970916177,0.9382959646780082,2.1059921357507227,5.799620652844324,1.0,-3.14,-0.3841431320429651,0.9321269406097744,1.1855530423581855,-3.14,0.8949502878613507
1681,0.8196135054716329,0.7420857646824606,0.34019614613238147,5.932492431611672,0.9383565275118915,2.1059808873745385,5.799586183375236,1.0,-3.14,-0.3842010443524167,0.9321646971343652,1.1852110428362015,-3.14,0.8944687557027866
1682,0.8196145846324727,0.7420306460663174,0.34031459451057006,5.93245787611012,0.9384171861994031,2.105969625669002,5.799551697838533,1.0,-3.14,-0.3842590400130239,0.9322024929071032,1.1848690331906089,-3.14,0.8939873106080727
1683,0.8196155745463061,0.7419754377354644,0.34043297853976134,5.932423304425788,0.9384779405439042,2.105958350664449,5.799517196248179,1.0,-3.14,-0.3843171188307838,0.9322403277860102,1.1845270135000898,-3.14,0.8935059526366456
1684,0.8196164753729663,0.7419201398885308,0.34055129819563296,5.932388716572985,0.9385387903490074,2.1059470623911696,5.799482678618178,1.0,-3.14,-0.38437528061195136,0.9322782016293121,1.1841849838431946,-3.14,0.8930246818474413
1685,0.8196172872721869,0.7418647527238875,0.34066955345427985,5.932354112566054,0.9385997354185789,2.1059357608794085,5.799448144962565,1.0,-3.14,-0.38443352516303914,0.9323161142954405,1.1838429442983427,-3.14,0.8925434982988958
1686,0.8196180104035974,0.7418092764396461,0.34078774429221,5.932319492419374,0.9386607755567374,2.1059244461593685,5.799413595295417,1.0,-3.14,-0.38449185229081645,0.9323540656430286,1.1835008949438213,-3.14,0.8920624020489464
1687,0.8196186449267213,0.7417537112336564,0.3409058706863458,5.9322848561473585,0.938721910567858,2.1059131182612028,5.799379029630842,1.0,-3.14,-0.3845502618023149,0.9323920555309199,1.1831588358577854,-3.14,0.891581393155034
1688,0.8196191910009781,0.7416980573035064,0.3410239326140229,5.932250203764459,0.9387831402565711,2.1059017772150224,5.799344447982986,1.0,-3.14,-0.38460875350482415,0.9324300838181605,1.1828167671182577,-3.14,0.8911004716741034
1689,0.8196196487856794,0.7416423148465231,0.3411419300529837,5.932215535285158,0.9388444644277631,2.1058904230508917,5.799309850366031,1.0,-3.14,-0.38466732720589597,0.9324681503640049,1.1824746888031283,-3.14,0.8906196376626057
1690,0.819620018440029,0.7415864840597706,0.34125986298138555,5.9321808507239755,0.9389058828865772,2.1058790557988285,5.799275236794193,1.0,-3.14,-0.38472598271334274,0.9325062550279141,1.182132600990154,-3.14,0.8901388911764987
1691,0.8196203001231243,0.7415305651400493,0.34137773137778876,5.9321461500954635,0.9389673954384143,2.105867675488807,5.799240607281722,1.0,-3.14,-0.3847847198352394,0.9325443976695565,1.1817905037569585,-3.14,0.8896582322712492
1692,0.8196204939939501,0.7414745582838951,0.3414955352211604,5.932111433414213,0.9390290018889343,2.1058562821507567,5.7992059618429055,1.0,-3.14,-0.38484353837992286,0.9325825781488081,1.1814483971810317,-3.14,0.8891776610018335
1693,0.819620600211381,0.7414184636875765,0.34161327449087237,5.932076700694845,0.9390907020440584,2.105844875814557,5.799171300492063,1.0,-3.14,-0.3849024381559974,0.932620796325756,1.181106281339729,-3.14,0.8886971774227402
1694,0.8196206189341827,0.7413622815471015,0.3417309491666993,5.932041951952012,0.9391524957099636,2.1058334565100467,5.799136623243546,1.0,-3.14,-0.3849614189723266,0.9326590520606926,1.1807641563102727,-3.14,0.8882167815879698
1695,0.8196205503210048,0.7413060120582055,0.3418485592288173,5.932007187200402,0.9392143826930931,2.105822024267015,5.799101930111744,1.0,-3.14,-0.3850204806380446,0.9326973452141238,1.1804220221697495,-3.14,0.8877364735510376
1696,0.8196203945303846,0.741249655416361,0.34196610465780175,5.931972406454741,0.9392763628001469,2.105810579115206,5.799067221111079,1.0,-3.14,-0.3850796229625474,0.9327356756467632,1.1800798789951117,-3.14,0.8872562533649743
1697,0.8196201517207466,0.7411932118167711,0.34208358543462614,5.931937609729777,0.9393384358380903,2.1057991210843197,5.799032496256002,1.0,-3.14,-0.3851388457554989,0.9327740432195352,1.1797377268631766,-3.14,0.8867761210823276
1698,0.8196198220503966,0.7411366814543702,0.3422010015406606,5.931902797040302,0.9394006016141504,2.1057876502040083,5.798997755561001,1.0,-3.14,-0.3851981488268306,0.9328124477935755,1.1793955658506259,-3.14,0.8862960767551636
1699,0.8196194056775278,0.741080064523823,0.34231835295767116,5.931867968401129,0.9394628599358191,2.105776166503877,5.798962999040594,1.0,-3.14,-0.3852575319867419,0.9328508892302321,1.1790533960340055,-3.14,0.8858161204350683
1700,0.8196189027602127,0.7410233612195256,0.34243563966781665,5.931833123827108,0.9395252106108518,2.105764670013488,5.798928226709331,1.0,-3.14,-0.38531699504570005,0.9328893673910631,1.1787112174897256,-3.14,0.8853362521731486
1701,0.8196183134564066,0.7409665717356018,0.3425528616536491,5.931798263333122,0.9395876534472699,2.1057531607623545,5.798893438581797,1.0,-3.14,-0.38537653781444303,0.932927882137841,1.1783690302940601,-3.14,0.8848564720200345
1702,0.8196176379239449,0.7409096962659042,0.3426700188981093,5.931763386934082,0.9396501882533611,2.1057416387799437,5.798858634672605,1.0,-3.14,-0.385436160103978,0.9329664333325501,1.1780268345231462,-3.14,0.8843767800258797
1703,0.8196175398704174,0.7408526478270107,0.3427888101345368,5.931728070295231,0.9397129639496536,2.1057301962760713,5.798823814996401,1.0,-3.14,-0.38549586172558287,0.9330050208373889,1.177684630252984,-3.1399964681979506,0.8838971762403636
1704,0.8196230127122159,0.7407946577700274,0.34292224694362067,5.93168909280575,0.939777220137481,2.1057196995233807,5.798788867141372,1.0,-3.14,-0.38555552113717884,0.9330431421859288,1.1773418434324705,-3.139963531885239,0.8834164123414459
1705,0.8196340093699053,0.7407347438972296,0.34307225003244035,5.931646151961295,0.9398439897147526,2.105711469771747,5.798752813883909,1.0,-3.14,-0.3856143053821243,0.9330769402558917,1.1769936039359925,-3.1399068091019395,0.8829241877268232
1706,0.8196496656845188,0.7406717843040173,0.3432391610151448,5.931598679548405,0.9399144889380611,2.1057056332103974,5.798714550869207,1.0,-3.14,-0.3856729514088235,0.9331059147938743,1.1766352455774454,-3.139830768486962,0.8824129075282207
1707,0.8196689963318567,0.740604805695514,0.3434227323549767,5.9315461555843525,0.9399897786863872,2.1057018449139897,5.798673156945929,1.0,-3.14,-0.38573264843475863,0.9331309071735794,1.176262595906717,-3.1397387539554753,0.881876796083653
1708,0.8196911689729888,0.7405330441392827,0.34362262731903936,5.931488195646631,0.9400706893978772,2.105699638311821,5.7986279633432085,1.0,-3.14,-0.3857945632214054,0.9331531287426382,1.17587202063923,-3.139633134108877,0.8813112704513305
1709,0.8197155773447946,0.740455915742496,0.34383864784377843,5.931424541247057,0.9401578515951825,2.1056985773798766,5.798578521920602,1.0,-3.14,-0.385859679611915,0.933173737091336,1.1754603572285272,-3.1395154862622063,0.8807125028819198
1710,0.8197418280114097,0.7403729617665428,0.34407081812523715,5.931355018028602,0.9402517571991741,2.10569830974456,5.798524542332932,1.0,-3.14,-0.3859287796093111,0.933193686659172,1.1750248091980289,-3.139386771908097,0.880077118067053
1711,0.8197696975156383,0.7402837954402461,0.3443193968693877,5.931279491265218,0.9403528196780742,2.1056985735936817,5.798465829639892,1.0,-3.14,-0.38600247906867835,0.9332137069022133,1.1745628367677796,-3.139247486089915,0.8794019850028878
1712,0.8197990858824645,0.740188059684218,0.34458485836798664,5.931197829884233,0.9404614220195057,2.1056991858189615,5.798402234071238,1.0,-3.14,-0.3860812770079019,0.9332343322526381,1.1740720593334208,-3.1390977764149044,0.8786840743409293
1713,0.8198299767250451,0.7400853969028359,0.3448678634436759,5.931109881459857,0.9405779509588347,2.1057000248283537,5.798333615152456,1.0,-3.14,-0.3861656012547734,0.9332559469154802,1.1735501748238208,-3.138937533689176,0.8779203604744168
1714,0.8198624066616054,0.7399754289233688,0.3451692304638248,5.9310154569193765,0.9407028195639516,2.105701014024927,5.798259818401751,1.0,-3.14,-0.3862558447684731,0.9332788280987839,1.1729948958226988,-3.1387664586020767,0.877107753799483
1715,0.8198964434794723,0.7398577444090436,0.34548991069963847,5.930914322542617,0.940836481217324,2.1057021081604885,5.7981806615904,1.0,-3.14,-0.3863523922104139,0.9333031816783598,1.1724039001618325,-3.1385841093854796,0.8762430530703538
1716,0.8199321713412512,0.7397318912887968,0.34583096924142526,5.930806196838667,0.940979437824158,2.105703282969933,5.798095927610505,1.0,-3.14,-0.3864556383474736,0.9333291692146741,1.1717747930616518,-3.1383899349691244,0.8753229109538826
1717,0.819969681174223,0.7395973722742153,0.34619357122539013,5.930690750329995,0.9411322444812711,2.105704527732341,5.7980053615289115,1.0,-3.14,-0.38656600034746974,0.9333569272922276,1.171105078004883,-3.138183297410383,0.8743438081212342
1718,0.8200090646282906,0.7394536420816012,0.3465789725430691,5.930567606812623,0.9412955122120387,2.1057058401645903,5.797908670039111,1.0,-3.14,-0.3866839258542737,0.9333865807873811,1.170392133941432,-3.137963486581503,0.8733020327589652
1719,0.8200504103437567,0.7393001054341584,0.34698851406491427,5.9304363451408655,0.9414699098423482,2.105707223051204,5.797805522088355,1.0,-3.14,-0.3868098983437631,0.9334182516625021,1.1696331969113278,-3.137729729379534,0.8721936634382083
1720,0.8200938016112017,0.7391361152614564,0.3474236184754179,5.930296500958247,0.941656165693128,2.105708682105311,5.797695549900945,1.0,-3.14,-0.3869444408598887,0.9334520646291765,1.1688253446307575,-3.1374811951301185,0.8710145539962274
1721,0.8201393147855247,0.7389609707513141,0.34788578896040245,5.930147568061306,0.9418550694862791,2.1057102246691217,5.797578349939239,1.0,-3.14,-0.38708811888956923,0.9334881507122201,1.1679654829724035,-3.1372169983907456,0.8697603195651604
1722,0.8201870180270217,0.7387739150652668,0.3483766091432053,5.92998899925802,0.9420674746778868,2.105711858967347,5.7974534835608,1.0,-3.14,-0.3872415428749245,0.9335266494617772,1.1670503335770397,-3.136936200007739,0.8684263232033488
1723,0.8202369700919491,0.7385741326253861,0.34889774380640437,5.9298202066899455,0.9422943013194532,2.1057135937126734,5.797320477268063,1.0,-3.14,-0.38740537067545816,0.9335677103308314,1.1660764220655047,-3.136637807023824,0.8670076627975942
1724,0.8202892189961521,0.7383607459362795,0.34945094004912913,5.929640561647,0.9425365394826603,2.1057154379273864,5.797178822528686,1.0,-3.14,-0.38758031016674843,0.9336114935624306,1.1650400664912581,-3.136320771848993,0.8654991580460971
1725,0.820343800440707,0.7381328119359964,0.35003802861620237,5.929449393932778,0.9427952532488938,2.1057174008921384,5.79702797518899,1.0,-3.14,-0.38776712208046976,0.9336581708069843,1.1639373657971084,-3.1359839909784664,0.8638953374263013
1726,0.8204007359286248,0.73788931788342,0.3506609251972127,5.929245990848293,0.943071585249523,2.1057194921654605,5.79686735452329,1.0,-3.14,-0.38796662313991065,0.933707925604517,1.1627641881273487,-3.135626303453155,0.8621904251159861
1727,0.8204600305248669,0.7376291767944214,0.3513216315359223,5.929029595861203,0.9433667617385719,2.1057217216394353,5.796696341968118,1.0,-3.14,-0.38817968951522264,0.9337609538096179,1.1615161589083254,-3.135246489198669,0.8603783278807939
1728,0.8205216702240345,0.7373512224391009,0.3520222362173991,5.9287994070218355,0.9436820981805489,2.1057240996112765,5.796514279588995,1.0,-3.14,-0.38840726060577274,0.9338174639995255,1.1601886486541142,-3.134843267340003,0.8584526219742513
1729,0.8205856188953901,0.7370542039104697,0.35276491501595353,5.928554575179454,0.9440190053397427,2.105726636859503,5.796320468322355,1.0,-3.14,-0.3886503431481331,0.9338776778820561,1.1587767604852317,-3.134415294564285,0.856406540122042
1730,0.8206518147760931,0.7367367797727192,0.3535519306944428,5.928294202044613,0.9443789958610999,2.10572934471888,5.796114166029204,1.0,-3.14,-0.3889100156436846,0.933941830705042,1.1572753173714045,-3.133961163588859,0.8542329586838828
1731,0.8207201664826664,0.7363975117956328,0.35438563214718793,5.9280173381368115,0.9447636913359081,2.105732235151499,5.795894585391254,1.0,-3.14,-0.3891874330974107,0.9340101716594298,1.1556788491273307,-3.1334794017832786,0.8519243851057811
1732,0.8207905485087974,0.7360348582812188,0.3552684527766156,5.927722980651636,0.9451748298473217,2.1057353208130793,5.795660891675522,1.0,-3.14,-0.3894838320577019,0.9340829642618903,1.1539815792051755,-3.1329684699892946,0.8494729457938955
1733,0.8208627961755475,0.7356471669895743,0.35620290798892923,5.927410071278011,0.9456142739910092,2.1057386151144204,5.795412200389778,1.0,-3.14,-0.38980053594504716,0.9341604866982699,1.152177411340645,-3.1324267615810326,0.846870374559349
1734,0.8209366999982974,0.7352326676734041,0.35719159168801357,5.927077493994376,0.9460840193647526,2.10574213227826,5.795147574849078,1.0,-3.14,-0.39013896065476267,0.9342430321054265,1.1502599161217948,-3.131852601807179,0.8441080018014144
1735,0.82101199943364,0.7347894642345887,0.3582371716399533,5.9267240728718145,0.9465862035177234,2.1057458873917896,5.7948660236725695,1.0,-3.14,-0.3905006204152117,0.9343309087654714,1.1482223175618018,-3.131244247457314,0.8411767446146038
1736,0.8210883759692298,0.7343155265216792,0.3593423835738115,5.926348569912984,0.9471231153453531,2.1057498964549213,5.794566498230019,1.0,-3.14,-0.3908871338780273,0.9344244401826631,1.1460574797690712,-3.1305998868949696,0.838067098023094
1737,0.821165445520436,0.7338086817942934,0.36051002387837894,5.925949682957081,0.9476972049092599,2.105754176424203,5.7942478900586245,1.0,-3.14,-0.3913002304106335,0.9345239650090508,1.143757893820338,-3.129917640500018,0.8347691275633174
1738,0.8212427500996903,0.7332666058889143,0.36174294074986224,5.925526043683648,0.9483110936536693,2.1057587452519533,5.793909028272873,1.0,-3.14,-0.3917417565538638,0.9346298367803121,1.1413156649548166,-3.129195561562238,0.8312724634518764
1739,0.8213197487278668,0.7326868141306505,0.3630440236428469,5.925076215751072,0.9489675849801936,2.1057636219199747,5.793548676993047,1.0,-3.14,-0.39221368259865136,0.9347424234179648,1.1387225002197279,-3.1284316376659196,0.8275662965905387
1740,0.8213958075619056,0.7320666520468863,0.3644161908766471,5.924598693109303,0.9496696751318746,2.1057688264668717,5.793165532821669,1.0,-3.14,-0.3927181092257652,0.9348621064483467,1.135969696709366,-3.12762379260179,0.8236393766720784
1741,0.8214701892194035,0.7314032859513564,0.3658623752523791,5.924091898530404,0.9504205643251767,2.105774380007775,5.792758222401438,1.0,-3.14,-0.3932572741414343,0.9349892798823978,1.1330481305507871,-3.126769888836926,0.8194800126591215
1742,0.8215420412890186,0.7306936934807129,0.3673855075432261,5.923554182404905,0.9512236680554389,2.105780304745014,5.792325300093045,1.0,-3.14,-0.3938335586297007,0.9351243486934899,1.1299482467986015,-3.1258677305652522,0.8150760759117378
1743,0.8216103840253453,0.7299346541797921,0.3689884977323291,5.922983821856391,0.952082628487509,2.105786623968024,5.791865245816531,1.0,-3.14,-0.3944494939297273,0.9352677268234192,1.126660050408487,-3.124915067350233,0.8104150062369366
1744,0.8216740972383408,0.729122740246068,0.3706742138902194,5.922379020231263,0.9530013258293489,2.1057933620406097,5.791376463105528,1.0,-3.14,-0.3951077673334116,0.9354198346393168,1.1231730984630055,-3.1239095983569856,0.8054838211229244
1745,0.8217319064002462,0.7282543075574666,0.3724454586074622,5.921737907024713,0.9539838895730992,2.105800544373478,5.790857277429482,1.0,-3.14,-0.3958112278861426,0.9355810957569334,1.1194764938230353,-3.122848977152777,0.8002691284013342
1746,0.8217823680069327,0.7273254871200334,0.37430494292888883,5.921058538307789,0.9550347094761897,2.1058081973798384,5.790305934844857,1.0,-3.14,-0.39656289156194624,0.9357519331386506,1.1155588803723993,-3.1217308170322706,0.7947571425498644
1747,0.8218238542453334,0.7263321770818322,0.3762552577738728,5.920338897723244,0.9561584461457415,2.10581634841179,5.789720601041812,1.0,-3.14,-0.3973659457744946,0.9359327643680144,1.1114084400107058,-3.1205526967964996,0.7889337048040813
1748,0.8218545370332959,0.7252700354656025,0.3782988428729817,5.919576898119802,0.9573600410840066,2.1058250256752076,5.7890993608579215,1.0,-3.14,-0.398223753078471,0.936123995996854,1.1070128915284854,-3.1193121668820476,0.7827843071887965
1749,0.8218723715120336,0.7241344737736156,0.3804379533047705,5.918770383894746,0.9586447260525894,2.1058342581209297,5.788440218334535,1.0,-3.14,-0.3991398539127934,0.9363260168565115,1.1023594914677686,-3.1180067556989894,0.776294120504825
1750,0.8218750790831256,0.7229206516121928,0.3826746237771726,5.917917134113251,0.9600180316203679,2.1058440753102237,5.787741097394068,1.0,-3.14,-0.40011796823947854,0.9365391902216953,1.097435037028612,-3.116633975992739,0.7694480262147296
1751,0.821860130090245,0.7216234724684804,0.38501063086482484,5.91701486646894,0.9614857947765533,2.105854507252836,5.786999843217312,1.0,-3.14,-0.4011619959409564,0.936763844714284,1.0922258710259989,-3.115191330996056,0.762230652060463
1752,0.821824726248785,0.7202375807464096,0.38744745348494913,5.916061242143406,0.9630541655182375,2.1058655842163674,5.786214224398086,1.0,-3.14,-0.40227601585594713,0.937000263835372,1.086717888830367,-3.113676320083419,0.754626411116327
1753,0.8217657829221575,0.7187573601301421,0.38998623196792453,5.915053871612485,0.9647296123634389,2.1058773365063055,5.785381935947816,1.0,-3.14,-0.40346428336106277,0.937248674017014,1.0808965471372347,-3.112086443581238,0.7466195438328309
1754,0.8216799113294921,0.717176933289802,0.3926277261508606,5.91399032143341,0.9665189267982105,2.105889794216833,5.784500603214051,1.0,-3.14,-0.40473122644350706,0.937509231090481,1.0747468743057633,-3.1104192063247544,0.7381941624622641
1755,0.821563400743086,0.7154901628740197,0.39537227298935257,5.912868122029348,0.9684292267420375,2.105902986953376,5.78356778676415,1.0,-3.14,-0.4060814402608928,0.9377820050751664,1.0682534818816922,-3.108672119486952,0.7293342970776087
1756,0.8214122006925768,0.7136906536453776,0.3982197442390236,5.911684776466238,0.9704679592111893,2.105916943528931,5.782580988267844,1.0,-3.14,-0.4075196802479363,0.938066963200714,1.0614005767765322,-3.1068427001375536,0.720023942206505
1757,0.8212219031335284,0.7117717555072438,0.40116950479846486,5.910437770191231,0.9726429024763712,2.1059316916373327,5.781537657389747,1.0,-3.14,-0.4090508539071194,0.9383639510836471,1.054171973412311,-3.104928467922491,0.7102471029063286
1758,0.8209877244579357,0.7097265670433259,0.4042203723222333,5.909124581673006,0.9749621681497092,2.105947257507799,5.780435199675337,1.0,-3.14,-0.41068001151091943,0.9386726719869276,1.0465511049602891,-3.102926938187385,0.6999878389112082
1759,0.8207044871205119,0.7075479390450536,0.4073705786994455,5.907742693852629,0.9774342037968647,2.1059636655462866,5.779270985381588,1.0,-3.14,-0.41241233604584143,0.9389926640943734,1.0385210326042926,-3.100835610803484,0.6892303052942411
1760,0.8203666005244512,0.7052284773376905,0.4106177339428305,5.906289606280683,0.9800677968523746,2.1059809379702608,5.778042359167377,1.0,-3.14,-0.4142531328413823,0.9393232757286994,1.0300644515465096,-3.098651953891756,0.6779587879162502
1761,0.8199680406514884,0.7027605440358654,0.41395879293757304,5.904762847784306,0.9828720808187804,2.105999094444397,5.776746650520283,1.0,-3.14,-0.41620781944745,0.9396636384285054,1.0211636922480787,-3.096373381580052,0.6661577317845306
1762,0.8195023277305208,0.7001362561653136,0.4173900253519226,5.903159989478913,0.9858565449511438,2.106018151725313,5.7753811847576655,1.0,-3.14,-0.41828191644825924,0.9400126377713495,1.0118007151608746,-3.093997224867918,0.6538117603293712
1763,0.8189625010145738,0.6973474803828612,0.4209069888060755,5.901478657917156,0.9890310488660424,2.106038123323602,5.77394329440373,1.0,-3.14,-0.4204810400252188,0.9403688817818038,1.0019570969626264,-3.091520694610707,0.6409056835301058
1764,0.8183410894738506,0.6943858223132785,0.4245045051267198,5.8997165481561495,0.992405843766782,2.1060590191910853,5.7724303307144185,1.0,-3.14,-0.4228108972016386,0.9407306666890277,0.9916140060559885,-3.088940835563827,0.6274244927921093
1765,0.8176300769089333,0.6912426088010828,0.42817663917719434,5.897871436527902,0.9959916022437546,2.1060808454401476,5.7708396751027715,1.0,-3.14,-0.42527728481398736,0.9410959396907996,0.9807521648330462,-3.086254470341647,0.6133533404954886
1766,0.8168208596364345,0.6879088611472843,0.4319166793428443,5.8959411929230825,0.9997994588921748,2.106103604100243,5.769168750214394,1.0,-3.14,-0.4278860933544427,0.9414622582321186,0.9693517959371925,-3.0834581320329897,0.5986775022068908
1767,0.8159041944902872,0.6843752571622709,0.4357171182630914,5.893923792450941,1.0038410642933475,2.1061272929139285,5.7674150304218825,1.0,-3.14,-0.43064331691517466,0.941826745107018,0.9573925494684038,-3.080547984061939,0.5833823196668886
1768,0.814870134401232,0.6806320796094326,0.43956963182919323,5.89181732642658,1.008128655238828,2.1061519051711666,5.765576051555979,1.0,-3.14,-0.43355507053532805,0.9421860384310045,0.944853407765548,-3.0775197256703835,0.5674531228335515
1769,0.8137079482444218,0.6766691483275263,0.44346505379909573,5.889620012769627,1.0126751444535886,2.1061774295758657,5.763649419778168,1.0,-3.14,-0.4366276163083155,0.9425362351950046,0.931712564045213,-3.0743684811039196,0.5508751294733429
1770,0.8124060209504932,0.6724757329844943,0.44739334260093055,5.887330206087447,1.0174942335157198,2.1062038501326987,5.761632819634774,1.0,-3.14,-0.43986739965319865,0.9428728266826124,0.9179472707593201,-3.071088670176004,0.5336333210386884
1771,0.8109517290166364,0.6680404430048978,0.45134353597685284,5.884946407976035,1.0226005532059017,2.1062311460348995,5.759524021529279,1.0,-3.14,-0.4432810971954199,0.9431906234882339,0.9035336530250478,-3.067673857329911,0.515712293855286
1772,0.8093312854717145,0.6633510906912301,0.4553036880157071,5.882467278422769,1.0280098361896304,2.1062592915247675,5.757320889124552,1.0,-3.14,-0.4468756777465222,0.9434836671839347,0.8884464818439113,-3.0641165755679522,0.49709608496552693
1773,0.8075295469609086,0.6583945228783855,0.4592607817703848,5.879891649665667,1.0337391277908408,2.1062882556874345,5.7550213875637475,1.0,-3.14,-0.45065847792866426,0.9437451248057263,0.8726589010168145,-3.060408120614026,0.47776797235303337
1774,0.8055297738069104,0.6531564155589714,0.4632006089561611,5.8772185444939975,1.039807041723314,2.1063180021245036,5.752623593911437,1.0,-3.14,-0.45463729406606485,0.9439671612073446,0.8561421006233785,-3.0565383093435208,0.45771024974251134
1775,0.803313331519314,0.6476210247156388,0.46710760603700086,5.874447201825612,1.046234069089336,2.106348488436134,5.750125711915245,1.0,-3.14,-0.45882049206809167,0.9441407828800511,0.838864928601282,-3.052495194755731,0.4369039767953834
1776,0.8008593190449463,0.6417708849942818,0.4709646331226124,5.871577113555557,1.0530429508369832,2.106379665416401,5.747526094147153,1.0,-3.14,-0.46321713715725665,0.9442556449460361,0.8207934302590251,-3.0482647274484287,0.41532870642030184
1777,0.7981441047783806,0.6355864457194687,0.4747526782250442,5.868608078272481,1.0602591263151844,2.106411475834615,5.744823275915543,1.0,-3.14,-0.4678371454377095,0.9442998105396994,0.801890303399171,-3.0438303505089244,0.39296219228024126
1778,0.7951407455645843,0.6290456309256801,0.4784504641378401,5.865540279684921,1.067911273732524,2.106443852630791,5.742016027214922,1.0,-3.14,-0.47269145942203816,0.9442594484684006,0.7821142540315158,-3.0391725107286867,0.36978008171559
1779,0.7918182560353861,0.6221233063439122,0.4820339278964896,5.862374400793823,1.0760319623907868,2.106476716290892,5.739103431661837,1.0,-3.14,-0.47779224966461,0.9441184505724783,0.7614192343395367,-3.034268063767816,0.345755602716347
1780,0.7881406847982854,0.6147906313766425,0.48547553258124065,5.859111789455685,1.0846584417236862,2.1065099710781383,5.736085005254952,1.0,-3.14,-0.4831531444507043,0.9438579441327769,0.739753540590474,-3.029089543926384,0.3208592590710977
1781,0.7840659390652389,0.6070142676862657,0.4887433568640706,5.855754697716829,1.0938335986112726,2.106543499668181,5.732960873517555,1.0,-3.14,-0.488789488810239,0.9434556663694498,0.7170587441096118,-3.0236042599775796,0.29505855669449293
1782,0.7795442786097657,0.598755407727974,0.49179988733660346,5.852306627268002,1.1036071222670378,2.1065771555499904,5.729732034102912,1.0,-3.14,-0.4947186325102971,0.9428851566542529,0.6932684235525736,-3.0177731663916925,0.26831779849713483
1783,0.7745163711393608,0.5899685759761572,0.4946004096023571,5.848772828290426,1.1140369250743283,2.10661075228495,5.726400744792533,1.0,-3.14,-0.5009602433257224,0.9421147063018878,0.6683066622467574,-3.0115494434068006,0.240598008463225
1784,0.7689107610406126,0.5806001424281517,0.4970908524934261,5.84516102153481,1.1251908773614023,2.106644048328243,5.722971096406216,1.0,-3.14,-0.5075366353581431,0.9411059840815437,0.6420862720146464,-3.004876698931125,0.2118570835359311
1785,0.7626405476898124,0.5705864723406722,0.4992048800490191,5.841482447929292,1.1371489222082642,2.1066767255633345,5.719449860300792,1.0,-3.14,-0.5144730899173032,0.9398122258275383,0.6145067082007927,-2.9976866796495605,0.1820503339396211
1786,0.7555989927893265,0.5598516193270802,0.5008599404646082,5.83775340299539,1.150005638068867,2.106708358933958,5.715847746946026,1.0,-3.14,-0.5217981239335584,0.9381758364129721,0.5854516569099579,-2.9898963485921257,0.15113167449122772
1787,0.7476536730216689,0.5483044549709544,0.5019518603987476,5.833997495173336,1.1638733013082772,2.1067383735564595,5.7121812851255065,1.0,-3.14,-0.529543619877845,0.9361252001422078,0.5547863194615112,-2.981404155756114,0.11905589767093966
1788,0.7386386623958073,0.5358351274640658,0.5023474066965435,5.830248993370225,1.1788854440961092,2.106765984553929,5.708475645421106,1.0,-3.14,-0.5377446571595778,0.9335704326212174,0.522354520190608,-2.9720853093867627,0.08578273753965063
1789,0.7283440784775539,0.5223107792107485,0.501874021936889,5.826557821600994,1.1952007558201894,2.1067901140349448,5.704768908487285,1.0,-3.14,-0.546438752206572,0.9303977443426,0.48797598024997574,-2.9617858800140486,0.05128389311850403
1790,0.7165022072250549,0.5075705846079487,0.5003056984833657,5.822997043675315,1.2130068359075588,2.1068092806284735,5.701118546184628,1.0,-3.14,-0.5556639785483531,0.9264620608356522,0.45144454615222435,-2.950315713746552,0.01555493013542742
1791,0.7027694845085151,0.49142051534229625,0.4973437956149336,5.819674073802126,1.2325225669915745,2.106821463905512,5.697611265494402,1.0,-3.14,-0.5654550272412027,0.9215776598070495,0.41252905624925423,-2.937440570432339,-0.021364830493545865
1792,0.686704267768268,0.4736290533753678,0.4925918651266604,5.816747297961181,1.2539963455811949,2.106823969354452,5.694377835556709,1.0,-3.14,-0.5758355810796124,0.9155071028739812,0.3709802709257891,-2.922875017233768,-0.05935956951665986
1793,0.6677425822267724,0.453926839597851,0.4855251503108058,5.8144500046971705,1.2776943995130208,2.106813383618566,5.691614856425443,1.0,-3.14,-0.5868043298591529,0.9079502635692681,0.32655053631759323,-2.9062801732098333,-0.09818432128219709
1794,0.6451800901105632,0.43201678326915904,0.47546056201781345,5.813122513541752,1.3038680300793721,2.1067858622975164,5.689614813481464,1.0,-3.14,-0.5983107069933706,0.8985390422034252,0.279038368838968,-2.8872757792619765,-0.137384061068659
1795,0.6181824605740233,0.407607319366906,0.46154604518142167,5.813248476484118,1.33268071452654,2.1067382939312465,5.688801849534294,1.0,-3.14,-0.6102161233908904,0.8868514849980859,0.22837769313335957,-2.8654858488002826,-0.17618050392584406
1796,0.5858722663594484,0.3804892263661782,0.4428151418846584,5.81547694075808,1.3640704525730607,2.106671265487166,5.6897583135737975,1.0,-3.14,-0.6222410214370667,0.8724728148590121,0.17479545767207133,-2.840649960739581,-0.2133451918185843
1797,0.547570085907028,0.3506763642584045,0.4183890617502145,5.820582039852596,1.3975399482886397,2.1065944874472087,5.693199986789093,1.0,-3.14,-0.633916055656414,0.8551426728168333,0.11904069304517001,-2.812832523808207,-0.24713954197845467
1798,0.5032438144781791,0.31859588357412794,0.38790285183006673,5.829281227466558,1.4319499120477095,2.106532309329243,5.699825796445767,1.0,-3.14,-0.6445932702809639,0.8350015780044827,0.0626010370657504,-2.782702569198644,-0.27550127855599454
1799,0.4540240817707899,0.28521786310915354,0.3520556688037616,5.841878368192423,1.4655419482763463,2.1065203689316494,5.709998894328643,1.0,-3.14,-0.6535969038565645,0.8128251284765277,0.007670024872845745,-2.7516906538651944,-0.29665707649355727
1800,0.4023134235938942,0.2519365261483443,0.3128320810753019,5.857913783245178,1.4964203657259443,2.106585326703396,5.723406662897492,1.0,-3.14,-0.6605013211091046,0.789973852806928,-0.043372924130888946,-2.7217091628439545,-0.3099714241509533
1801,0.35110820837840334,0.22016954534468622,0.272947395460521,5.876188119746024,1.523280045216752,2.1067226965021146,5.739038611138854,1.0,-3.14,-0.665323332713748,0.7679265820619308,-0.08876379612526294,-2.6944446035180434,-0.31630828796216715
1802,0.30296404055910353,0.19095721632884044,0.23484993796027429,5.895228883842731,1.5457574626949748,2.1069004940556737,5.755582667584151,1.0,-3.14,-0.6684354497748823,0.7477456765017224,-0.12779798015801586,-2.6707919509395626,-0.3174890312946331
1803,0.2594232865163161,0.16483158831573308,0.20010035910964746,5.9137903719299505,1.564203091878356,2.107082953730413,5.77188808787934,1.0,-3.14,-0.6703197491009584,0.7298997320057967,-0.160662003146204,-2.650848650319913,-0.31542064448750284
1804,0.22107415816835535,0.1419141544824722,0.1693692544544603,5.931062726579379,1.5792648725603367,2.1072468981419257,5.787180176179814,1.0,-3.14,-0.6713914468874423,0.7144125083703234,-0.18800957892237347,-2.6342457469742593,-0.3115873369957645
1805,0.18787486700538902,0.12207251136780506,0.14272332222179981,5.946635631174593,1.5916076549602296,2.10738320655082,5.801045919714844,1.0,-3.14,-0.6719479718573617,0.7010804457954921,-0.21063103547456366,-2.6204562064496435,-0.30696957935938346
1806,0.15945193887434397,0.10504475178221925,0.11990534269663737,5.960378420744882,1.6018002697392604,2.107491699366472,5.813333117942188,1.0,-3.14,-0.6721845660104874,0.6896231161399641,-0.22928605850657638,-2.6089630189008974,-0.30215321284764124
1807,0.1352942966019271,0.090517987431623,0.10051934243412398,5.972328673401984,1.6102951123353746,2.1075761673802003,5.824050697079294,1.0,-3.14,-0.6722247912552811,0.6797592171193945,-0.24464297785441802,-2.5993220803307873,-0.29746242372554177
1808,0.1148608462916893,0.07817277904102919,0.08413337448209786,5.9826133821412535,1.6174420241500267,2.1076413868558874,5.833295999241664,1.0,-3.14,-0.6721460522346359,0.6712367652497463,-0.2572679498715353,-2.5911730527623362,-0.2930615179522902
1809,0.09763404663779333,0.06770631052159357,0.070330452491293,5.991399460584018,1.6235095790576377,2.1076917622805236,5.841208110836389,1.0,-3.14,-0.6719969434826435,0.6638409654325796,-0.26763297800285635,-2.5842305320045713,-0.289021603647505
1810,0.08314337492729022,0.05884318227589598,0.05873078623683346,5.998864795689668,1.6287044762679304,2.1077308898687344,5.84794001337464,1.0,-3.14,-0.6718081633686797,0.6573927789945185,-0.2761291635093042,-2.578270269512955,-0.28536141341320037
1811,0.07097299801426443,0.051339260387703936,0.04899917736148033,6.0051823436932565,1.633186905198886,2.107761539720932,5.853642934646871,1.0,-3.14,-0.6715992077963172,0.6517443354535084,-0.2830800107301101,-2.573116022985057,-0.282071477878977
1812,0.060761566483696454,0.04498177648649295,0.04084515173821234,6.010512106302254,1.6370821097056083,2.1077857865107985,5.858458194921793,1.0,-3.14,-0.6713824719697288,0.6467737975909233,-0.28875314121943674,-2.568628650333207,-0.27912816481446884
1813,0.0521983665366274,0.039587518849246564,0.03401979813416159,6.014997712615979,1.6404889369314293,2.1078051666293534,5.862513501794527,1.0,-3.14,-0.6711657916779131,0.6423806597533039,-0.2933701160295751,-2.5646975652298973,-0.2765016998857384
1814,0.04501804764554705,0.03500015574201658,0.028311338449965046,6.0187656058277765,1.6434861372876746,2.107820816302215,5.865921803070063,1.0,-3.14,-0.6709540429106833,0.6384817605952723,-0.2971145207267731,-2.561234203937417,-0.27416065326866756
1815,0.03899505949280782,0.031087264524822966,0.023540433713889607,6.021925636749,1.6461370248115672,2.107833579572883,5.868781550932477,1.0,-3.14,-0.6707501655673476,0.6350080151254506,-0.3001385833141916,-2.5581670741635816,-0.2720743635872411
1816,0.03393835047994357,0.02773737006667414,0.019555700345239006,6.024572357963907,1.6484929488346938,2.1078440882234064,5.871177693161805,1.0,-3.14,-0.6705558285041248,0.6319017767792446,-0.30256859159921307,-2.5554380060382336,-0.2702141651176155
1817,0.029686568209606152,0.02485714353753714,0.016229639076858485,6.026786609558176,1.6505959018589835,2.1078528194237096,5.873182990023277,1.0,-3.14,-0.6703718669298333,0.6291147204424701,-0.30450933821408177,-2.552999303488374,-0.26855392728557076
1818,0.026103835313236005,0.022368829543197615,0.013455041215270455,6.028637165546318,1.6524804958706627,2.107860136926919,5.8748594268574825,1.0,-3.14,-0.6701985727411585,0.6266061451235615,-0.30604777887704215,-2.5508115672788096,-0.26707020584615154
1819,0.023076086444953743,0.020207926394596804,0.011141869317575638,6.0301823162777755,1.6541754732431153,2.1078663205207464,5.87625959550957,1.0,-3.14,-0.6700358884215206,0.6243416108435925,-0.30725605209500484,-2.5488420198656496,-0.26574218179944703
1820,0.020507910038787006,0.01832112295060203,0.009214578282384246,6.0314713247818315,1.655704871729473,2.1078715872177116,5.877427979219772,1.0,-3.14,-0.6698835369340385,0.6222918406873855,-0.3081939782423953,-2.5470632069105896,-0.2645514912633407
1821,0.01831982332059027,0.016664485106605637,0.007609830647125598,6.032545731486196,1.6570889301237082,2.1078761066481913,5.878402111775516,1.0,-3.14,-0.6697411087423988,0.6204318332623562,-0.30891113217352406,-2.5454519833086047,-0.2634820063383483
1822,0.016445910434564236,0.015201879588857423,0.006274557258782836,6.0334405024475934,1.6583447978329313,2.1078800123640438,5.879213602553128,1.0,-3.14,-0.6696081199274115,0.6187401424948094,-0.30944856500151896,-2.543988715660553,-0.2625196013133708
1823,0.014831764058083065,0.013903619324211492,0.005164316520711178,6.034185027480454,1.6594870949511114,2.107883410229331,5.879889030629573,1.0,-3.14,-0.6694840507342631,0.6171982909480993,-0.30984023621445855,-2.542656650629635,-0.2616519232679242
1824,0.013432684860804357,0.012745312180041218,0.004241909525443472,6.034803980192475,1.6605283574487362,2.1078863847111786,5.880450717132279,1.0,-3.14,-0.6693683708425615,0.6157902900786193,-0.3101142059279304,-2.5414414113697945,-0.2608681770425837
1825,0.012212106381535665,0.011706893099180805,0.0034762132021374094,6.0353180542586875,1.6614793934096705,2.1078890036379727,5.880917387685339,1.0,-3.14,-0.6692605556268029,0.6145022464686386,-0.3102936280510665,-2.540330593539885,-0.2601589291942608
1826,0.01114022281380034,0.010771818677357941,0.0028411984563158042,6.035744590700731,1.662349569898154,2.107891321825602,5.881304737588439,1.0,-3.14,-0.669160096314521,0.6133220374467527,-0.31039757791799444,-2.5393134392812367,-0.2595159324445851
1827,0.010192803012805908,0.009926403119942084,0.0023151048245517135,6.036098110338628,1.6631470453593182,2.1078933838588716,5.881625912073692,1.0,-3.14,-0.6690665060282089,0.6122390429137453,-0.310441742100505,-2.5383805726241757,-0.2589319703766793
1828,0.009350176315752067,0.00915927522519336,0.0018797472654690224,6.036390764460921,1.663878958979328,2.1078952262367685,5.881891913135088,1.0,-3.14,-0.6689793230697291,0.6112439228566798,-0.3104389933678659,-2.5375237835890507,-0.25840072119840857
1829,0.008596375754273624,0.008460937416685268,0.0015199343266914453,6.036632715418931,1.6645515858270834,2.1078968790351205,5.882111943320018,1.0,-3.14,-0.6688981123768841,0.6103284321275543,-0.31039986986944545,-2.536735851107127,-0.25791663894054595
1830,0.007918423254209172,0.007823409675396584,0.0012229800712454705,6.036832457466909,1.6651704646343535,2.1078983672009395,5.882293695690358,1.0,-3.14,-0.668822465787447,0.6094852657145633,-0.31033297441318897,-2.536010397055144,-0.25747485029590594
1831,0.007305740468020253,0.007239943285761798,0.000978294855509472,6.036997086839114,1.6657405035775992,2.1078997115642313,5.882443598002467,1.0,-3.14,-0.6687520015436551,0.6087079290428768,-0.3102453070657819,-2.5353417653534054,-0.25707106530797547
1832,0.006749668522518713,0.006704791425582363,0.0007770423675545767,6.037132528826808,1.6662660682816044,2.1079009296322027,5.882567018074397,1.0,-3.14,-0.6686863633309346,0.6079906288831463,-0.31014254210524034,-2.534724921350778,-0.25670150021028654
1833,0.0062430803549986015,0.006213025661033716,0.0006118523101385304,6.037243728514203,1.666751055384268,2.107902036215191,5.882668436329372,1.0,-3.14,-0.668625219048825,0.6073281812776852,-0.3100292585321393,-2.5341553677055684,-0.2563628108555198
1834,0.005780070366025408,0.005760389267827301,0.0004765797846571342,6.037334810857093,1.6671989543190575,2.1079030439220756,5.882751590635068,1.0,-3.14,-0.6685682594461572,0.6067159335608994,-0.3099091318264136,-2.533629073738719,-0.25605203532906734
1835,0.005355707632374425,0.0053431799422347485,0.00036610384968168986,6.037409214937227,1.6676128994390806,2.107903963554093,5.8828195977968125,1.0,-3.14,-0.6685151967073145,0.6061496980866886,-0.30978509336987137,-2.5331424158366915,-0.2557665444996994
1836,0.004965840675888814,0.004958155876822257,0.0002761589449954459,6.0374698064897565,1.6679957141890063,2.107904804419314,5.88287505540271,1.0,-3.14,-0.6684657630454538,0.6056256957080604,-0.3096594628973107,-2.532692126954447,-0.2555039994112147
1837,0.0046069435847761395,0.004602460361706891,0.00020319384623439102,6.037518972169374,1.6683499487017388,2.1079055745849713,5.882920127150555,1.0,-3.14,-0.6684197093374654,0.6051405074041285,-0.3095340584561412,-2.5322752536431183,-0.25526231455889403
1838,0.004275994999648327,0.004273561051800661,0.0001442537401841376,6.037558698480827,1.6686779119357664,2.1079062810809117,5.88295661430021,1.0,-3.14,-0.6683768038212188,0.6046910327336037,-0.3094102876166529,-2.5318891193243176,-0.25503962622119847
1839,0.003970383026798039,0.003969200838638704,9.688172821796071e-05,6.03759063783996,1.6689816992613118,2.1079069300644795,5.882986015480784,1.0,-3.14,-0.6683368308660709,0.6042744540248127,-0.3092892230584725,-2.531531292770322,-0.25483426512998447
1840,0.0036881007292777182,0.003687563858433283,6.292674451875868e-05,6.037613559851226,1.6692630396140489,2.1079075269548553,5.883009576730062,1.0,-3.1399961091681674,-0.6682995898213315,0.6038882054006329,-0.30917166514332883,-2.5311995609395317,-0.25464473286193917
1841,0.0034270277827359113,0.0034267842056670697,4.085865249581797e-05,6.037628489740779,1.6695236834707203,2.107908076379275,5.883028713257172,1.0,-3.1399875316905517,-0.6682648859600996,0.603529858591914,-0.30905873178009474,-2.530891842304703,-0.25446957093849676
1842,0.0031851547109231376,0.0031850443086810423,2.6519487353414252e-05,6.037638213556334,1.6697653610802252,2.1079085824936814,5.883044682099989,1.0,-3.1399763620495333,-0.6682325370913825,0.6031971855042827,-0.30895138611647505,-2.530606229443716,-0.2543074493926966
1843,0.002960832005570683,0.0029607820089542812,1.7206396059594403e-05,6.03764454652183,1.6699895946879513,2.1079090491543804,5.883058325757117,1.0,-3.139963925974778,-0.6682023787126574,0.6028882029019689,-0.30885006855830754,-2.530341018105131,-0.25415723454255845
1844,0.002752644067736601,0.0027526214338017604,1.1162670605024747e-05,6.037648671154399,1.6701977419319878,2.107909479860449,5.8830702141683915,1.0,-3.1399510523636764,-0.6681742607030339,0.6026011253524817,-0.3087548935883672,-2.5300946699525895,-0.25401794067761785
1845,0.002559341071088561,0.002559330810928057,7.246929691745205e-06,6.037651357695246,1.6703910262559876,2.1079098777540968,5.883080737654108,1.0,-3.1399382498494,-0.6681480449840129,0.6023343317806297,-0.30866577655460836,-2.5298657858559386,-0.25388869699047883
1846,0.0023797999314035877,0.0023797952546331515,4.7179062491900076e-06,6.037653107786991,1.6705705587414172,2.1079102456469374,5.883090167772214,1.0,-3.1399258213738315,-0.6681236038333995,0.6020863410799563,-0.3085825150652093,-2.5296530861992137,-0.2537687245780962
1847,0.002213000364487617,0.002212998200311601,3.0948531593685985e-06,6.0376542481052855,1.6707373542145487,2.1079105860554233,5.883098697193019,1.0,-3.1399139384622754,-0.6681008186400157,0.6018557938112167,-0.30850484097952874,-2.529455395914113,-0.25365732012576964
1848,0.0020580090782075715,0.002058008041329225,2.0657330944366382e-06,6.037654991366241,1.670892343486921,2.107910901237152,5.883106465852533,1.0,-3.13990268931122,-0.6680795789564795,0.6016414380439196,-0.3084324533710714,-2.529271632745247,-0.2535538440554285
1849,0.0019139685596953342,0.0019139680273228207,1.4274036901985483e-06,6.037655476070647,1.6710363829445238,2.107911193224319,5.8831135781326145,1.0,-3.1398921098657953,-0.6680597817545044,0.6014421180637725,-0.30836503919504793,-2.5291007977681854,-0.2534577116830077
1850,0.0017800885999842745,0.0017800882934665922,1.0443577449283616e-06,6.037655792392315,1.671170262284585,2.1079114638530134,5.883120114171944,1.0,-3.139882203853682,-0.6680413308189762,0.6012567651026127,-0.30830228602784676,-2.528941967514258,-0.2533683864281283
1851,0.0016556395449854359,0.0016556393404771053,8.226736630107551e-07,6.037655999038813,1.6712947109287692,2.107911714788202,5.883126137336469,1.0,-3.1398729556543614,-0.6680241362384421,0.6010843895300555,-0.30824388971022554,-2.5287942872719573,-0.25328537444483856
1852,0.0015399467001070304,0.0015399465430585393,6.95103632789304e-07,6.037656134231348,1.671410403465968,2.1079119475447725,5.88313169917505,1.0,-3.139864338524713,-0.6680081139639148,0.6009240741306444,-0.3081895587292066,-2.5286569652752573,-0.25320822025495865
1853,0.0014323855500156066,0.001432385416680297,6.179941103854194e-07,6.037656222854214,1.6715179643632412,2.107912163505196,5.883136842726592,1.0,-3.1398563198188856,-0.6679931854173904,0.6007749682111384,-0.30813901652660486,-2.5285292675809155,-0.25313650310481234
1854,0.0013323775846479386,0.0013323774648274895,5.646734035461148e-07,6.037656281109623,1.6716179721083761,2.1079123639343864,5.883141604744852,1.0,-3.1398488642661886,-0.6679792771377722,0.600636282362003,-0.30809200250216967,-2.528410513497073,-0.25306983385740744
1855,0.0012393865967412808,0.00123938648610564,5.230286352272166e-07,6.037656319548101,1.6717109628981146,2.107912549992256,5.883146017211024,1.0,-3.139841935997435,-0.6679663204560475,0.600507283749631,-0.3080482722068541,-2.5283000714652912,-0.25300785229211437
1856,0.0011529153602783866,0.001152915256976172,4.874297152100887e-07,6.0376563450412055,1.671797433953272,2.1079127227444245,5.883150108376193,1.0,-3.139835499767551,-0.6679542511942692,0.6003872918506815,-0.30800759704501407,-2.528197355324717,-0.25295022472346496
1857,0.0010725026262299435,0.001072502529422751,4.5491270787936093e-07,6.037656362065616,1.671877846520081,2.1079128831714193,5.883153903492116,1.0,-3.139829521664578,-0.667943009384686,0.6002756745633028,-0.3079697636898114,-2.5281018209049626,-0.25289664187691724
1858,0.000997720389208208,0.0009977202984453467,4.246177330248092e-07,6.037656373538972,1.6719526286022373,2.107913032176656,5.8831574253341765,1.0,-3.1398239694928,-0.6679325390065038,0.6001718446458463,-0.3079345733419338,-2.5280129629065287,-0.25284681697693534
1859,0.0009281713898067448,0.0009281713047696895,3.9649411128908865e-07,6.037656381363888,1.6720221774579729,2.1079131705934215,5.883160694584683,1.0,-3.139818812951206,-0.6679227877384999,0.6000752564445514,-0.3079018409137894,-2.527930312036084,-0.2528004840145086
1860,0.000863486825006217,0.0008634867454142083,3.6983709472390795e-07,6.037656386782042,1.6720868618893852,2.1079132991910368,5.883163730121362,1.0,-3.1398140236853727,-0.6679137067261911,0.5999854028793041,-0.30787139419037657,-2.527853432369973,-0.2527573961692529
1861,0.0008033242442986666,0.0008033241698744887,3.449868232843364e-07,6.037656390604657,1.6721470243462002,2.1079134186803263,5.883166549240664,1.0,-3.1398095752628676,-0.6679052503625525,0.5999018126619977,-0.3078430729981061,-2.5277819189236914,-0.25271732436677125
1862,0.0007473656129350967,0.0007473655434016465,3.2167186058942965e-07,6.0376563933625125,1.6722029828624674,2.1079135297185103,5.883169167835494,1.0,-3.13980544310416,-0.6678973760814699,0.5998240477259961,-0.30781672840007995,-2.52771539540835,-0.25268005595583887
1863,0.000695315526533206,0.0006953154616119194,2.9950963321688554e-07,6.037656395403587,1.672255032841934,2.1079136329136046,5.883171600540473,1.0,-3.139801604389311,-0.6678900441632324,0.5997517008481923,-0.30779222192817807,-2.52765351215765,-0.2526453934927662
1864,0.0006468995633665497,0.000646899502783966,2.7957056521317034e-07,6.037656396956651,1.672303448705739,2.1079137288283882,5.88317386085352,1.0,-3.139798037953164,-0.6678832175514465,0.5996843934474567,-0.3077694248571527,-2.52759594421087,-0.2526131536223415
1865,0.0006018627623948367,0.0006018627058841481,2.606638622959845e-07,6.037656398172652,1.6723484854143804,2.107913817984,5.883175961239717,1.0,-3.139794724176883,-0.6678768616807952,0.5996217735451009,-0.3077482175227132,-2.5275423895389757,-0.2525831660462968
1866,0.0005599682163862411,0.0005599681636909268,2.4303058430999715e-07,6.037656399151681,1.672390379874586,2.1079139008632124,5.883177913221566,1.0,-3.1397916448805776,-0.6678709443151005,0.5995635138744825,-0.3077284886836005,-2.5274925674022732,-0.252555272571435
1867,0.0005209957706524747,0.0005209957215279724,2.2500259981366294e-07,6.037656399960542,1.6724293522405769,2.1079139779134155,5.883179727458513,1.0,-3.1397887832197613,-0.6678654353951783,0.5995093101281302,-0.3077101349264761,-2.5274462168291643,-0.252529326230502
1868,0.00048474081882992406,0.0004847407730431683,2.0754915888881898e-07,6.037656400644206,1.6724656071182842,2.107914049549338,5.883181413817754,1.0,-3.1397861235871356,-0.6678603068959834,0.5994588793318326,-0.30769306011178055,-2.5274030952065223,-0.2525051904696608
1869,0.00045101318797021275,0.00045101314530215524,1.9655981597711058e-07,6.037656401233279,1.6724993346802532,2.107914116155544,5.883182981437824,1.0,-3.13978365152041,-0.6678555326925593,0.5994119583360558,-0.30767717485836443,-2.527362976973053,-0.252482738397067
1870,0.00041963610591271196,0.00041963606615661613,1.8128044993574107e-07,6.037656401748885,1.6725307116982724,2.107914178088721,5.8831844387860714,1.0,-3.139781353616374,-0.6678510884343306,0.5993683024158855,-0.3076623960645549,-2.5273256524077494,-0.2524618520875872
1871,0.00039044524451171996,0.00039044520747305263,1.6858739404357632e-07,6.037656402205851,1.6725599025001419,2.107914235679777,5.883185793710854,1.0,-3.139779217451162,-0.6678469514272848,0.5993276839714015,-0.3076486464632939,-2.527290926506224,-0.25244242193917416
1872,0.0003632878328841878,0.0003632877983808698,1.576990670600291e-07,6.0376564026148,1.6725870598564236,2.107914289235772,5.8831870534891255,1.0,-3.139777231506471,-0.6678431005236026,0.5992898913210494,-0.3076358542090385,-2.527258617938281,-0.2524243460768212
1873,0.00033802183529690937,0.00033802180315851174,1.460009659995544e-07,6.037656402983523,1.6726123258025534,2.1079143390416952,5.88318822486995,1.0,-3.139775385101412,-0.6678395160183249,0.5992547275811669,-0.30762395249420976,-2.527228558080649,-0.25240752980037934
1874,0.0003145151887925733,0.00031451515885865786,1.3493575361575816e-07,6.037656403317881,1.6726358324012134,2.107914385362098,5.883189314114376,1.0,-3.1397736683296262,-0.6678361795526473,0.599222009625351,-0.30761287919309066,-2.527200590119266,-0.25239188507284327
1875,0.0002926450960346409,0.0002926450681569298,1.264405455326822e-07,6.0376564036223925,1.6726577024494824,2.107914428442605,5.883190327032043,1.0,-3.1397720720012945,-0.6678330740234546,0.5991915671178385,-0.3076025765312051,-2.5271745682159703,-0.2523773300460001
1876,0.0002722973692336516,0.00027229734327213095,1.1348386266624797e-07,6.0376564039006535,1.6726780501349139,2.1079144685112996,5.883191269014845,1.0,-3.1397705875896653,-0.6678301834987334,0.5991632416155281,-0.30759299077833546,-2.5271503567348312,-0.2523637886205932
1877,0.0002533658213244594,0.0002533657971489965,1.0950072449966577e-07,6.037656404155576,1.6726969816443518,2.1079145057800113,5.883192145067906,1.0,-3.1397692071817502,-0.6678274931384989,0.5991368857336608,-0.3075840719634676,-2.5271278295237476,-0.2523511900383885
1878,0.0002357517009015121,0.00023575167838940487,9.884312124119404e-08,6.03765640438959,1.6727145957289982,2.1079145404455013,5.8831929598381345,1.0,-3.139767923432851,-0.667824989120911,0.5991123623705703,-0.30757577361006766,-2.5271068692472625,-0.2523394685037419
1879,0.00021936316765403533,0.00021936314669284546,9.424321830774487e-08,6.037656404604748,1.6727309842289717,2.1079145726905546,5.883193717640543,1.0,-3.139766729524609,-0.6678226585732553,0.599089543987245,-0.30756805249021935,-2.5270873667668576,-0.2523285628324594
1880,0.00020411480533683217,0.00020411478582072905,8.688795409866128e-08,6.037656404802825,1.6727462325603422,2.107914602684994,5.883194422482549,1.0,-3.1397656191262886,-0.6678204895074895,0.5990683119377647,-0.30756086839624924,-2.52706922056528,-0.25231841612591743
1881,0.0001899271695103393,0.00018992715134007277,7.884953353001449e-08,6.037656404985366,1.6727604201673858,2.107914630586618,5.883195078086408,1.0,-3.1397645863590333,-0.667818470760066,0.5990485558469634,-0.30755418392857714,-2.5270523362117028,-0.2523089754685707
1882,0.0001767263675036717,0.0001767263505868312,7.300048299977716e-08,6.037656405153743,1.6727736209426212,2.107914656542064,5.883195687909944,1.0,-3.1397636257628534,-0.6678165919357645,0.5990301730319446,-0.3075479642986151,-2.5270366258647767,-0.25230019164712075
1883,0.0001644436682659007,0.00016444365251692958,6.989264130329237e-08,6.037656405309162,1.6727859036169572,2.1079146806876126,5.883196255165709,1.0,-3.139762732266118,-0.6678148433552766,0.5990130679643156,-0.30754217714563087,-2.5270220078108334,-0.2522920188897536
1884,0.0001530151399256467,0.00015301512526431517,6.322027276634106e-08,6.037656405452723,1.6727973321221346,2.107914703149932,5.8831967828387155,1.0,-3.1397619011573608,-0.6678132160063035,0.5989971517702425,-0.3075367923665692,-2.5270084060347178,-0.2522844146239755
1885,0.00014238131304648483,0.0001423812993980759,5.960464477539064e-08,6.037656405585398,1.6728079659274675,2.1079147240467604,5.883197273702826,1.0,-3.139761128059199,-0.6678117014979393,0.5989823417656345,-0.30753178195790076,-2.5269957498209057,-0.25227733925168927
1886,0.00013248686774306194,0.00013248685503783816,5.575503985246929e-08,6.037656405708082,1.6728178603527282,2.1079147434875485,5.883197730335938,1.0,-3.1397604089042144,-0.6678102920181255,0.5989685610239625,-0.30752711986863346,-2.5269839733827433,-0.2522707559402591
1887,0.00012328034290550843,0.00012328033107865654,4.712160915387242e-08,6.0376564058215765,1.672827066858921,2.1079147615740492,5.883198155134041,1.0,-3.139759739912627,-0.6678089802939796,0.5989557379743998,-0.3075227818636903,-2.5269730155177936,-0.2522646304284005
1888,0.00011471386598350447,0.00011471385497483679,4.2146848510894035e-08,6.037656405926612,1.672835633318498,2.107914778400862,5.883198550324229,1.0,-3.1397591175716273,-0.6678077595548055,0.5989438060281379,-0.30751874539690977,-2.526962819287435,-0.2522589308458272
1889,0.00010674290182224229,0.0001067428915752112,3.6500241499888574e-08,6.037656406023855,1.6728436042665236,2.1079147940559464,5.883198917976773,1.0,-3.1397585386162383,-0.6678066234976122,0.598932703230883,-0.30751498949298506,-2.5269533317189783,-0.2522536275456592
1890,9.932601920182461e-05,9.932600966297534e-05,2.9802322387695312e-08,6.037656406113919,1.6728510211341339,2.107914808621089,5.883199260016296,1.0,-3.139758000011585,-0.6678055662549738,0.598922371939688,-0.30751149463770383,-2.5269445035287084,-0.2522486929486771
