{
  "robot_name": "rb20_1900es",
  "urdf_path": "D:\\flame_robotics_drt\\urdf\\rb20_1900es_RT.urdf",
  "base_pose": [
    0.0,
    0.0,
    0.0,
    0,
    0,
    0
  ],
  "joint_names": [
    "rt_joint_linear_track",
    "rt_joint_carriage",
    "rt_base",
    "rt_shoulder",
    "rt_elbow",
    "rt_wrist1",
    "rt_wrist2",
    "rt_wrist3"
  ],
  "csv_path": "experiment\\inspection_ik\\session_20260715_200543\\inspection_ik_rb20_1900es_raw_fallback_20260715_200612.csv",
  "target_T": [
    [
      2.1684334676288947e-06,
      2.0612427856974807e-06,
      0.9999999999955246,
      4.436000812873817
    ],
    [
      -0.8191520442854068,
      -0.5735764363485358,
      2.958556999387833e-06,
      1.5942997485007793
    ],
    [
      0.5735764363520671,
      -0.8191520442881562,
      4.447089008511583e-07,
      1.2631910479460067
    ],
    [
      0.0,
      0.0,
      0.0,
      1.0
    ]
  ],
  "goal_q": [
    4.302964481112742,
    1.0,
    -3.14,
    -0.6636954961142908,
    2.683911132200044,
    -3.14,
    -3.14,
    3.14
  ],
  "ik_result": {
    "success": false,
    "fallback": true,
    "position_error": 0.7718832289585568,
    "orientation_error": 0.5121100587282964,
    "collision": false,
    "collision_pair_count": 0,
    "iterations": 1000,
    "elapsed": 0.04878699999972014,
    "max_iter": 1000,
    "solver": "dls",
    "normalize": false
  }
}