{
  "robot_name": "dda_rb10_1300e",
  "urdf_path": "D:\\flame_robotics_drt\\urdf\\rb10_1300e_DDA.urdf",
  "base_pose": [
    0.0,
    3.75,
    0.0,
    0,
    0,
    0
  ],
  "joint_names": [
    "dda_joint_linear_track",
    "dda_joint_carriage",
    "dda_joint_base",
    "dda_joint_shoulder",
    "dda_joint_elbow",
    "dda_joint_wrist1",
    "dda_joint_wrist2",
    "dda_joint_wrist3"
  ],
  "csv_path": "experiment\\inspection_ik\\session_20260715_200543\\inspection_ik_dda_rb10_1300e_raw_success_20260715_200612.csv",
  "target_T": [
    [
      -1.7775590373266395e-06,
      -2.4064723961143206e-06,
      0.9999999999955247,
      4.435999689290199
    ],
    [
      0.7071067811834529,
      0.7071067811834528,
      2.9585569992840664e-06,
      1.9069563129660245
    ],
    [
      -0.7071067811874079,
      0.7071067811855474,
      4.447089007756314e-07,
      1.7097108972833828
    ],
    [
      0.0,
      0.0,
      0.0,
      1.0
    ]
  ],
  "goal_q": [
    3.281907604897568,
    -1.0,
    -2.115493903049794,
    1.0719770017743213,
    0.41463418460243057,
    -0.3938865156182364,
    0.9213118735650647,
    0.7084187315697059
  ],
  "ik_result": {
    "success": true,
    "fallback": false,
    "position_error": 9.884682031131057e-05,
    "orientation_error": 5.16191365590357e-08,
    "collision": false,
    "collision_pair_count": 0,
    "iterations": 123,
    "elapsed": 0.0050568000006023794,
    "max_iter": 1000,
    "solver": "dls",
    "normalize": false
  }
}