iteration,err_norm,position_error,orientation_error,tcp_x,tcp_y,tcp_z,q0_dda_joint_linear_track,q1_dda_joint_carriage,q2_dda_joint_base,q3_dda_joint_shoulder,q4_dda_joint_elbow,q5_dda_joint_wrist1,q6_dda_joint_wrist2,q7_dda_joint_wrist3,dq0_dda_joint_linear_track,dq1_dda_joint_carriage,dq2_dda_joint_base,dq3_dda_joint_shoulder,dq4_dda_joint_elbow,dq5_dda_joint_wrist1,dq6_dda_joint_wrist2,dq7_dda_joint_wrist3
0,3.588916675767403,2.509874556183484,2.0943951023903686,3.05255,3.7499999999986655,2.697,2.58,0.0,0.0,0.0,0.0,0.0,0.0,0.0,0.0,0.0,0.0,0.0,0.0,0.0,0.0,0.0
1,2.8692853825503577,2.1469624953275996,1.610320027503202,4.0697577228635735,3.775196921289276,2.6903764373904773,3.5758482626458545,-0.05436932554663864,-0.21575706003446563,0.06369562755597462,0.0970077133154124,0.1280063842730482,-0.2072618529185653,0.13437575076026564,0.9958482626458545,-0.05436932554663864,-0.21575706003446563,0.06369562755597462,0.0970077133154124,0.1280063842730482,-0.2072618529185653,0.13437575076026564
2,1.8162588729472426,0.7661541319346931,1.6047051455719623,4.53556423697713,2.0948362829327065,0.9148766900988664,3.5055482371786173,-1.0,-2.0605165599396305,1.4517157863890775,1.173785151916748,-1.4446350042185814,1.2966387890276339,-0.4787611007291712,-0.07030002546723724,-0.9456306744533614,-1.8447594999051649,1.388020158833103,1.0767774386013356,-1.5726413884916295,1.503900641946199,-0.6131368514894369
3,1.219630141009757,0.5947061211575297,1.0488161597330674,4.335101142561802,2.027802359689426,1.076833584664833,3.327748339203117,-1.0,-2.0867270908629267,1.2623176264910558,1.2540220044514419,-1.298997867969344,0.8851419279647939,-0.09723310677663632,-0.17779989797550044,0.0,-0.026210530923296282,-0.18939815989802167,0.08023685253469393,0.14563713624923746,-0.41149686106284,0.3815279939525349
4,0.824359916307558,0.4281363136004911,0.6990128802621837,4.281242923860327,2.0185273520998903,1.2643043829170415,3.238738576307065,-1.0,-2.057789741684307,1.1049138651754733,1.2459681296483578,-1.240134458890193,0.601059766535823,0.17155592003974557,-0.089009762896052,0.0,0.028937349178619787,-0.15740376131558254,-0.00805387480308406,0.058863409079150886,-0.2840821614289708,0.2687890268163819
5,0.5740214873229448,0.3253056913129252,0.47093374219522793,4.289986742327197,2.0738513697078376,1.400311303380957,3.187031913397881,-1.0,-1.978480222125883,1.0137018132123918,1.2086379502148104,-1.2318831044022733,0.41399040869559556,0.3740480189459635,-0.0517066629091838,0.0,0.07930951955842391,-0.09121205196308146,-0.03733017943354744,0.008251354487919693,-0.1870693578402275,0.20249209890621794
6,0.44204612019642836,0.30678574163319333,0.31722968069931917,4.314025197637754,2.1571207407039292,1.4865633716155668,3.1533039230426323,-1.0,-1.8841639538736092,0.9655734480960921,1.1726260478624075,-1.2400502467179813,0.2852413723950138,0.5225083335898218,-0.03372799035524876,0.0,0.0943162682522738,-0.0481283651162997,-0.036011902352402814,-0.00816714231570792,-0.12874903630058177,0.14846031464385834
7,0.4049063135970687,0.3442314930890086,0.21244894270933623,4.338372128713152,2.240065276487062,1.5402611602533172,3.1342269765357442,-1.0,-1.7982600130924526,0.9397152495915928,1.144654724885081,-1.2483953589334877,0.19448070469787904,0.6275931825020079,-0.01907694650688807,0.0,0.0859039407811566,-0.02585819850449933,-0.02797132297732663,-0.00834511221550649,-0.09076066769713476,0.10508484891218606
8,0.4199424429276713,0.39523021682595527,0.14131378884821214,4.359541906305906,2.3093699749121157,1.5746894511644858,3.126528376908233,-1.0,-1.7297593297721074,0.9245813922089005,1.124325645049777,-1.252530608740332,0.13094686898955088,0.6997166683958456,-0.007698599627511182,0.0,0.0685006833203452,-0.01513385738269235,-0.020329079835303965,-0.004135249806844321,-0.06353383570832816,0.07212348589383766
9,0.44979067637664927,0.439859782347865,0.09349737334882749,4.376966725382359,2.3618082442392097,1.5977728976510228,3.125930994447857,-1.0,-1.6792858203604901,0.9146602471651969,1.1098775371526444,-1.2529935005511557,0.08733896229827305,0.7482946576657971,-0.0005973824603762168,0.0,0.05047350941161732,-0.009921145043703561,-0.014448107897132578,-0.00046289181082359576,-0.04360790669127783,0.048577989269951494
10,0.4776950273507867,0.4736481969125886,0.06166799595900344,4.390806699601594,2.3991946929861125,1.6138814765850638,3.1288117959224553,-1.0,-1.643851172032087,0.9075399682188804,1.0996476346067146,-1.2514428229820092,0.05795867427711639,0.7808282729329198,0.00288080147459846,0.0,0.03543464832840315,-0.007120278946316505,-0.010229902545929814,0.001550677569146508,-0.029380288021156664,0.03253361526712273
11,0.4993148814262593,0.49763571184061384,0.04063737342782139,4.401487061889563,2.424928879482289,1.625422633722287,3.1328632977207804,-1.0,-1.6196810611249317,0.9021823450770567,1.0923828174353865,-1.2491804206788184,0.0384148053111128,0.8026725254936616,0.004051501798325141,0.0,0.024170110907155262,-0.005357623141823642,-0.007264817171328097,0.002262402303190747,-0.01954386896600359,0.02184425256074185
12,0.514825426868195,0.5141164087454136,0.026812352610150084,4.409538217543342,2.4422811201273023,1.6337976352308976,3.136886979561604,-1.0,-1.6034711700480255,0.8980941115442921,1.0872058437042877,-1.246924746898155,0.025512693648315557,0.8174207028236906,0.004023681840823468,0.0,0.01620989107690618,-0.004088233532764662,-0.005176973731098711,0.002255673780663381,-0.012902111662797242,0.014748177330028978
13,0.5255387675098919,0.5252340529256745,0.017755105765344417,4.415494537808006,2.4538384789348093,1.639894177158028,3.140377458367786,-1.0,-1.592709450269979,0.8949866053423022,1.083509293171243,-1.2449823989530786,0.017032949099036944,0.8274341536824609,0.003490478806182029,0.0,0.010761719778046519,-0.0031075062019898514,-0.003696550533044851,0.001942347945076417,-0.008479744549278613,0.010013450858770256
14,0.5327847684496194,0.5326511258030289,0.011835595904060782,4.4198354566206834,2.4614777706430115,1.644321134353576,3.1431964583799283,-1.0,-1.5856098468797506,0.8926522573276541,1.080867339438881,-1.24343654741146,0.011475043443367295,0.8342670205644644,0.002819000012142414,0.0,0.007099603390228415,-0.0023343480146481577,-0.002641953732361868,0.0015458515416186813,-0.005557905655669649,0.006832866882003574
15,0.5376240412512768,0.5375638800141092,0.007974177146653008,4.422961100497166,2.466502485066532,1.6475188261298757,3.1453755170678295,-1.0,-1.5809455670442172,0.8909245457801761,1.0789772189360425,-1.2422679056723296,0.007838993842241791,0.8389516805627806,0.0021790586879011364,0.0,0.004664279835533414,-0.0017277115474779725,-0.0018901205028385437,0.0011686417391303383,-0.003636049601125504,0.004684659998316132
16,0.5408299255562377,0.5408018633972442,0.00546008211077225,4.425189672646096,2.4697966015893034,1.6498139053576313,3.147010747798378,-1.0,-1.577889906908981,0.889666164618059,1.0776218967351325,-1.2414191356172626,0.005463502947705244,0.8421804297044883,0.0016352307305487201,0.0,0.003055660135236282,-0.0012583811621170726,-0.0013553222009099475,0.0008487700550670052,-0.0023754908945365465,0.0032287491417076764
17,0.5429422696485949,0.542928522529312,0.0038271780909209844,4.426765806173589,2.4719512660526135,1.651450369722328,3.1482116283505137,-1.0,-1.575892072853098,0.8887650440409601,1.0766454834048145,-1.2408255260374166,0.003913202435089898,0.8444207893661428,0.0012008805521355193,0.0,0.00199783405588283,-0.0009011205770989017,-0.00097641333031806,0.0005936095798459995,-0.0015503005126153461,0.0022403596616545896
18,0.5443288838247663,0.5443216910014959,0.0027703486068290655,4.427872987924946,2.473358355423037,1.6526098902958537,3.1490787153664894,-1.0,-1.5745877409304918,0.8881316829142434,1.0759362592759232,-1.2404279700337075,0.0029023030024232614,0.8459898592020081,0.0008670870159757094,0.0,0.001304331922606261,-0.0006333611267167472,-0.0007092241288912948,0.0003975560037090542,-0.001010899432666637,0.0015690698358652444
19,0.5452366842986491,0.5452325934245126,0.0020897794555475753,4.428646306036012,2.474276167794464,1.6534266880296482,3.149695899392874,-1.0,-1.5737370896183296,0.8876962289648438,1.0754145206641117,-1.240177303672912,0.002243598322752698,0.847103182646213,0.000617184026384443,0.0,0.0008506513121622206,-0.00043545394939958904,-0.0005217386118114842,0.0002506663607955151,-0.0006587046796705633,0.0011133234442048945
20,0.5458298521691667,0.5458272888798092,0.0016542099230080103,4.429183794671836,2.47487429919408,1.6539990131527886,3.1501294742008423,-1.0,-1.5731827787475097,0.887405289852433,1.0750237149161488,-1.240034716294457,0.0018146547115758074,0.8479073699731555,0.00043357480796846204,0.0,0.0005543108708199185,-0.00029093911241073744,-0.0003908057479629079,0.0001425873784550724,-0.00042894361117689077,0.0008041873269425404
21,0.5462168566968724,0.5462150799480486,0.001377107100984436,4.429555791043829,2.475263808867635,1.6543981195406998,3.1504300469033986,-1.0,-1.572821823976842,0.8872187803803195,1.0747239412545209,-1.2399705715898237,0.0015354990715920522,0.8485021148470842,0.00030057270255623436,0.0,0.00036095477066777626,-0.00018650947211351632,-0.0002997736616279223,6.414470463322886e-05,-0.0002791556399837551,0.0005947448739286321
22,0.5464690433770979,0.5464676906478998,0.0012015094126005999,4.429812297341423,2.475517288655135,1.654675235131908,3.1506353373017424,-1.0,-1.5725869311260507,0.8871070591372486,1.0744871992014806,-1.2399627536508921,0.001353943509061519,0.8489551497508544,0.000205290398343827,0.0,0.0002348928507911463,-0.00011172124307090581,-0.00023674205304025087,7.817938931564683e-06,-0.00018155556253053313,0.00045303490377024414
23,0.5466331940998118,0.5466320800837788,0.0010903129684047342,4.42998859099618,2.4756821250119074,1.6548669016948947,3.150772972497615,-1.0,-1.5724341799122514,0.887048485855412,1.074293937089882,-1.2399950357807568,0.0012359571710473243,0.8493124386902934,0.0001376351958723987,0.0,0.0001527512137993181,-5.857328183667132e-05,-0.00019326211159853557,-3.228212986461365e-05,-0.0001179863380141948,0.0003572889394389822
24,0.5467399167224503,0.546738942235121,0.001019743610478776,4.4301094033376245,2.4757892222964832,1.6549990032267439,3.1508629192840605,-1.0,-1.572334929856432,0.8870274312360178,1.0741305643245576,-1.2400556665656972,0.0011593618320665544,0.8496051322426467,8.994678644569376e-05,0.0,9.925005581945534e-05,-2.1054619394167418e-05,-0.00016337276532452094,-6.063078494045193e-05,-7.659533898076993e-05,0.00029269355235328476
25,0.5468092054972565,0.5468083150510762,0.0009747904100773274,4.430191979141151,2.4758587223762043,1.655089761215793,3.1509194571383583,-1.0,-1.5722705160150006,0.8870327102227821,1.0739876722354391,-1.2401362236396771,0.001109710137077951,0.8498543128252792,5.653785429782232e-05,0.0,6.441384143140994e-05,5.278986764278848e-06,-0.00014289208911844042,-8.05570739799144e-05,-4.965169498860329e-05,0.0002491805826325688
26,0.5468541067006962,0.5468532680206537,0.0009460458551483035,4.430248287341243,2.47590374648371,1.6551519330507953,3.1509527115485256,-1.0,-1.572228779949223,0.8870563806708307,1.0738587709452552,-1.2402307217575919,0.001077594019598468,0.8500742294400083,3.325441016732711e-05,0.0,4.173606577762001e-05,2.367044804862939e-05,-0.00012890129018394703,-9.449811791473195e-05,-3.2116117479483175e-05,0.00021991661472908763
27,0.5468831260928751,0.5468823197992299,0.0009276130731745006,4.430286601714626,2.4759328393898965,1.6551944074734686,3.1509698119871343,-1.0,-1.5722018042056796,0.8870928409762918,1.0737393984800407,-1.2403349377232877,0.0010568886385963006,0.8502744998854463,1.7100438608697033e-05,0.0,2.6975743543378172e-05,3.646030546111678e-05,-0.00011937246521442901,-0.00010421596569587521,-2.07053810021673e-05,0.0002002704454380222
28,0.5469018058629305,0.5469010200319846,0.000915776992439245,4.430312621480947,2.4759515641832053,1.6552233512440673,3.150975748667075,-1.0,-1.572184434288004,0.8871381633195214,1.0736264960908257,-1.240445909594674,0.001043607463396825,0.850461607799141,5.9366799405324855e-06,0.0,1.7369917675535973e-05,4.5322343229625695e-05,-0.00011290238921501938,-0.0001109718713863117,-1.3281175199475557e-05,0.00018710791369469515
29,0.5469137556167009,0.5469129827806716,0.0009081810048170494,4.430330260140305,2.475963542027431,1.6552430263927702,3.150973996747793,-1.0,-1.572173315096278,0.8871896075322985,1.073517972496123,-1.2405615707934725,0.0010351562057472085,0.8506399187557326,-1.7519192816450868e-06,0.0,1.1119191726027822e-05,5.144421277702982e-05,-0.00010852359470270301,-0.00011566119879846681,-8.451257649616517e-06,0.00017831095659159857
30,0.5469213255124893,0.5469205609355001,0.0009033203392008167,4.430342197474193,2.475971129683911,1.655256368501564,3.1509669656911847,-1.0,-1.5721662630916724,0.8872452705339835,1.073412401292263,-1.2406804859689324,0.001029846850453791,0.850812368867113,-7.031056608486352e-06,0.0,7.05200460560107e-06,5.566300168502458e-05,-0.00010557120386001095,-0.00011891517545992158,-5.309355293417516e-06,0.00017245011138034005
31,0.5469260453262992,0.5469252859791403,0.0009002289240769954,4.43035026385809,2.4759758608194957,1.655265393341193,3.150956319650167,-1.0,-1.5721618573696263,0.8873038358410155,1.073308811680168,-1.2408016621623652,0.0010265812059334794,0.8509809307424774,-1.0646041017636776e-05,0.0,4.4057220460747e-06,5.856530703196583e-05,-0.00010358961209511186,-0.00012117619343277042,-3.2656445203115957e-06,0.0001685618753644036
32,0.5469289106385496,0.5469281545724355,0.0008982840003916657,4.430355706652895,2.475978733371303,1.6552714812562528,3.150943204109044,-1.0,-1.5721591733897478,0.8873643959661941,1.0732065442470546,-1.2409244148870546,0.001024644891730455,0.8511469283423795,-1.3115541122932228e-05,0.0,2.683979878570497e-06,6.056012517863252e-05,-0.0001022674331132567,-0.00012275272468942333,-1.936314203024401e-06,0.00016599759990210128
33,0.5469305692773754,0.5469298152337567,0.0008970829478307155,4.430359374149492,2.4759803966282306,1.6552755751043051,3.1509284051527904,-1.0,-1.572157609632616,0.8874263273298901,1.0731051518964556,-1.2410482737946225,0.0010235732482545938,0.8513112494408271,-1.4798956253780915e-05,0.0,1.563757131783916e-06,6.19313636960328e-05,-0.00010139235059902774,-0.0001238589075678309,-1.0716434758611948e-06,0.00016432109844766174
34,0.5469314427356697,0.546930689899681,0.0008963649501342286,4.430361842153366,2.4759812730053685,1.6552783174470589,3.1509124607662833,-1.0,-1.5721567747709588,0.887489202659326,1.0730043319869211,-1.24117291660946,0.0010230640737543643,0.8514744888105903,-1.5944386507094066e-05,0.0,8.348616571396406e-07,6.287532943582974e-05,-0.0001008199095344775,-0.00012464281483759443,-5.091745002294701e-07,0.00016323936976314624
35,0.5469318052188923,0.5469310530620287,0.0008959608243041648,4.430363500833549,2.475981637298555,1.6552801452824026,3.150895738236966,-1.0,-1.5721564142390827,0.8875527299457491,1.0729038799677635,-1.241298123091176,0.0010229208433047052,0.8516370446044854,-1.6722529317281243e-05,0.0,3.605318761312759e-07,6.352728642311511e-05,-0.00010045201915764856,-0.00012520648171587823,-1.4323044965911316e-07,0.00016255579389512498
36,0.546931835097557,0.5469310832766341,0.0008957607322368707,4.430364614148288,2.4759816682601663,1.6552813552400278,3.1508784877584533,-1.0,-1.572156362448332,0.8876167100933537,1.0728036577758608,-1.2414237430932689,0.001023015766570417,0.8517991831583671,-1.725047851275363e-05,0.0,5.179075079908557e-08,6.398014760466975e-05,-0.00010022219190264359,-0.0001256200020929299,9.492326571167511e-08,0.00016213855388169662
37,0.5469316483922393,0.5469308966842129,0.0008956933248714961,4.430365360407575,2.475981482159592,1.6552821483156475,3.1508608794156276,-1.0,-1.572156511694372,0.8876810076496278,1.07270357233971,-1.2415496744869918,0.0010232657554929935,0.8519610825156795,-1.760834282560353e-05,0.0,-1.4924604019306287e-07,6.429755627401779e-05,-0.00010008543615080967,-0.0001259313937229667,2.499889225765495e-07,0.00016189935731236726
38,0.5469313205625124,0.5469305688223101,0.0008957122364115817,4.430365859898978,2.475981154619359,1.655282660482789,3.1508430286198723,-1.0,-1.5721567919272206,0.8877455306458907,1.0726035609866091,-1.2416758479555265,0.001023616791956041,0.852122861631117,-1.7850795755336435e-05,0.0,-2.8023284848188723e-07,6.45229962629168e-05,-0.00010001135310089282,-0.00012617346853471822,3.510364630476392e-07,0.00016177911543746593
39,0.5469309006836083,0.5469301488167964,0.0008957873332512433,4.430366193664881,2.4759807348217957,1.6552829835893625,3.150825013550137,-1.0,-1.572157157589891,0.8878102167551062,1.0725035815537518,-1.2418022165522864,0.00102403376037243,0.8522845999468377,-1.801506973508893e-05,0.0,-3.656626703651966e-07,6.4686109215506e-05,-9.997943285733335e-05,-0.00012636859675985157,4.1696841638900854e-07,0.0001617383157207497
40,0.5469304206693769,0.5469296686144273,0.0008958990268779043,4.430366416241791,2.4759802547513035,1.655283179590592,3.1508068870809183,-1.0,-1.5721575790563647,0.8878750238136257,1.0724036056979405,-1.2419287485503594,0.0010244938353160336,0.8524463505033298,-1.812646921894867e-05,0.0,-4.214664737212104e-07,6.480705851952262e-05,-9.997585581134061e-05,-0.00012653199807299842,4.600749436034935e-07,0.0001617505564921462
41,0.5469299012720236,0.5469291489887917,0.0008960345837061523,4.430366564288647,2.4759797352066304,1.6552832902235308,3.1507886849204265,-1.0,-1.5721580370619752,0.8879399233473131,1.072303614376171,-1.2420554225578908,0.0010249821815587416,0.8526081487127795,-1.8202160491753716e-05,0.0,-4.580056105485397e-07,6.489953368737922e-05,-9.999132176941039e-05,-0.00012667400753141322,4.883462427079932e-07,0.0001617982094496151
42,0.5469293559847588,0.5469286034470021,0.0008961857262225025,4.430366662421611,2.475979189711725,1.6552833435708314,3.150770431151057,-1.0,-1.5721585190805853,0.8880048961597911,1.0722035947969717,-1.2421822241888725,0.001025489158089584,0.8527700182252179,-1.825376936936962e-05,0.0,-4.820186101373025e-07,6.497281247797027e-05,-0.00010001957919936189,-0.00012680163098166553,5.069765308424613e-07,0.0001618695124384617
43,0.5469287935801919,0.5469280407707036,0.0008963470734749,4.4303667271540705,2.475978627059503,1.6552833585063507,3.150752141993903,-1.0,-1.5721590169682218,0.8880699293322055,1.0721035383665576,-1.2423091437987186,0.0010260085002313005,0.8529319748478281,-1.82891571540722e-05,0.0,-4.97887636452532e-07,6.503317241446371e-05,-0.00010005643041410828,-0.00012691960984612116,5.193421417164744e-07,0.00016195662261020427
44,0.5469282197612603,0.5469274666687086,0.0008965151277390436,4.430366769553603,2.4759780529663233,1.6552833477013391,3.150733828361951,-1.0,-1.572159525430531,0.8881350141867888,1.072003439306868,-1.2424361749469812,0.0010265361377960489,0.8530940291616285,-1.8313631952260323e-05,0.0,-5.084623091455853e-07,6.508485458323054e-05,-0.00010009905968955124,-0.00012703114826262407,5.27637564748341e-07,0.00016205431380034163
45,0.5469276382349032,0.5469268848517741,0.0008966876149966285,4.430366797031486,2.475977471147994,1.655283319654296,3.150715497588841,-1.0,-1.5721600410260943,0.8882001449070286,1.071903293726751,-1.2425633133555212,0.0010270694268091705,0.8532561882672746,-1.8330773109642706e-05,0.0,-5.155955633551201e-07,6.513072023983657e-05,-0.00010014558011706143,-0.00012713840853995073,5.332890131216385e-07,0.00016215910564609803
46,0.5469270514102673,0.5469262977315303,0.0008968630586046422,4.430366814546526,2.4759768840195244,1.6552832800596982,3.1506971545976077,-1.0,-1.5721605615182763,0.8882653176042488,1.0718030989983742,-1.242690556203584,0.0010276066501223279,0.8534184569490625,-1.8342991233488704e-05,0.0,-5.204921820212149e-07,6.517269722017272e-05,-0.0001001947283767457,-0.00012724284806275854,5.372233131573523e-07,0.00016226868178792486
47,0.5469264608527392,0.5469257068749758,0.0008970404976493712,4.430366825414047,2.4759762931501754,1.6552832327297513,3.1506788026896864,-1.0,-1.5721610854537484,0.8883305296871238,1.0717028533389794,-1.2428179016515402,0.0010281466928349907,0.8535808384505355,-1.8351907921321242e-05,0.0,-5.239354721187084e-07,6.521208287502134e-05,-0.00010024565939481533,-0.0001273454479562286,5.400427126628794e-07,0.00016238150147296349
48,0.5469258675791541,0.5469251132999949,0.0008972193080377418,4.430366831848959,2.4759756995593407,1.6552831802143977,3.150660444076859,-1.0,-1.5721616118884327,0.8883957794364026,1.0716025555306268,-1.2429453485195618,0.001028688831351437,0.8537433349909839,-1.8358612827285015e-05,0.0,-5.264346842892564e-07,6.524974927879512e-05,-0.00010029780835263402,-0.0001274468680216856,5.421385164462202e-07,0.0001624965404484202
49,0.5469252722497445,0.546924517667502,0.0008973990856370667,4.430366835329976,2.4759751039089446,1.6552831242178907,3.1506420802394532,-1.0,-1.572162140209311,0.8884610657184249,1.071502204732571,-1.2430728960711064,0.001029232596301371,0.8539059481092031,-1.8363837405832584e-05,0.0,-5.283208783790627e-07,6.528628202229214e-05,-0.0001003507980557039,-0.0001275475515445379,5.437649499341092e-07,0.00016261311821919033
50,0.546924675292939,0.5469239204063667,0.0008975795656627043,4.430366836843664,2.4759745066285297,1.6552830658783886,3.150623712167257,-1.0,-1.5721626700185727,0.8885263877923673,1.0714018003557566,-1.2432005438672007,0.0010297776834673224,0.8540686788921557,-1.8368072196128793e-05,0.0,-5.298092615735328e-07,6.532207394238654e-05,-0.0001004043768144669,-0.0001276477960943101,5.450871659513391e-07,0.00016273078295259147
51,0.5469240769864856,0.5469233217946243,0.0008977605780215028,4.43036683704782,2.4759739079965812,1.6552830059554304,3.150605340521386,-1.0,-1.572163201058296,0.8885917451807004,1.071301341978933,-1.2433282916684827,0.0010303238959119272,0.8542315281269961,-1.8371645871262388e-05,0.0,-5.310397233060371e-07,6.535738833313154e-05,-0.00010045837682359782,-0.0001277478012819966,5.462124446047999e-07,0.00016284923484044533
52,0.5469234775101948,0.5469227220122727,0.0008979420121038945,4.430366836380776,2.475973308193397,1.6552829449555262,3.1505869657429235,-1.0,-1.5721637331614862,0.8886571375822211,1.0712008292926294,-1.2434561393694188,0.0010308711063789994,0.8543944964020919,-1.8374778462337815e-05,0.0,-5.321031901761586e-07,6.539240152070303e-05,-0.00010051268630362209,-0.0001278477009361012,5.472104670722032e-07,0.00016296827509576506
53,0.5469228769802236,0.5469221211755884,0.0008981237947209606,4.430366835134453,2.475972707335452,1.6552828832162108,3.1505685881257715,-1.0,-1.5721642662202464,0.8887225648137245,1.0711002620617636,-1.2435840869541703,0.0010314192328692818,0.8545575841741215,-1.837761715206554e-05,0.0,-5.330587602436765e-07,6.542723150337881e-05,-0.00010056723086582231,-0.0001279475847515421,5.481264902823958e-07,0.00016308777202966862
54,0.5469222754713595,0.546921519359438,0.0008983058806740711,4.430366833503157,2.475972105497747,1.6552828209622639,3.150550207865452,-1.0,-1.57216480016509,0.8887880267709221,1.0709996401007045,-1.2437121344670152,0.0010319682227752116,0.854720791812619,-1.838026031952822e-05,0.0,-5.339448436725291e-07,6.546195719758785e-05,-0.0001006219610590886,-0.00012804751284489768,5.489899059297511e-07,0.00016320763849742015
55,0.5469216730315015,0.5469209166117702,0.0008984882393816467,4.430366831616154,2.475971502728319,1.6552827583432685,3.1505318250917784,-1.0,-1.572165334951494,0.88885352340228,1.0708989632566501,-1.24384028199254,0.0010325180425761217,0.8548841196295334,-1.838277367349761e-05,0.0,-5.347864038274253e-07,6.549663135790862e-05,-0.00010067684405434818,-0.00012814752552481323,5.498198009101785e-07,0.0001633278169144159
56,0.5469210696910771,0.5469203129630449,0.0008986708511582339,4.430366829559397,2.4759708990576854,1.6552826954586959,3.150513439890706,-1.0,-1.5721658705511579,0.8889190546915184,1.070798231398556,-1.2439685296423864,0.0010330686711463445,0.8550475678988367,-1.8385201072224078e-05,0.0,-5.355996639533345e-07,6.553128923847407e-05,-0.00010073185809411633,-0.00012824764984631365,5.506285702227675e-07,0.00016344826930336787
57,0.5469204654691553,0.5469197084323527,0.0008988537042391396,4.430366827390016,2.475970294504978,1.6552826323746404,3.150495052318935,-1.0,-1.5721664069463257,0.8889846206459161,1.0706974444097639,-1.2440968775463908,0.0010336200954092958,0.8552111368695245,-1.838757177141659e-05,0.0,-5.363951678383216e-07,6.556595439766166e-05,-0.00010078698879212311,-0.0001283479040044,5.514242629512701e-07,0.00016356897068781073
58,0.5469198603774262,0.5469191030313958,0.0008990367903267696,4.430366825145961,2.475969689081923,1.6552825691349817,3.150476662413662,-1.0,-1.5721669441260946,0.8890502212884993,1.0705966021830977,-1.2442253258466662,0.0010341723075156402,0.8553748267742328,-1.8389905272808704e-05,0.0,-5.371797688891178e-07,6.560064258320786e-05,-0.0001008422266661757,-0.00012844830027547438,5.522121063444418e-07,0.00016368990470827516
59,0.546919254422783,0.5469184967670752,0.0008992201043401947,4.430366822852433,2.47596908279544,1.655282505768819,3.150458270199092,-1.0,-1.5721674820840157,0.8891158566528299,1.0704957046176025,-1.2443538746936513,0.0010347253030111854,0.8555386378349471,-1.8392214570006615e-05,0.0,-5.379579210984531e-07,6.563536433057404e-05,-0.00010089756549525042,-0.00012854884698509927,5.529954955451732e-07,0.00016381106071428064
60,0.5469186476089961,0.5469178896431679,0.0008994036431774913,4.4303668205261575,2.4759684756493168,1.6552824422954249,3.150439875690777,-1.0,-1.5721680208165363,0.8891815267795286,1.0703947516163754,-1.244482524243474,0.001035279079647366,0.8557025702667848,-1.8394508314756308e-05,0.0,-5.387325205941096e-07,6.567012669866923e-05,-0.00010095300122703321,-0.00012864954982272359,5.537766361806383e-07,0.0001639324318376545
61,0.546918039937813,0.5469172816614225,0.0008995874057137322,4.430366818178236,2.475967867645309,1.6552823787275417,3.150421478898513,-1.0,-1.5721685603219868,0.8892472317139593,1.0702937430851263,-1.2446112746561964,0.0010358336366092563,0.8558666242804986,-1.83967922642303e-05,0.0,-5.395054505363817e-07,6.570493443069925e-05,-0.00010100853124916931,-0.00012875041272231158,5.545569618902856e-07,0.00016405401371388795
62,0.5469174314096565,0.5469166728222644,0.0008997713903311841,4.4303668158160265,2.4759672587838484,1.6552823150735743,3.1504030798282634,-1.0,-1.5721691005999237,0.8893129715046856,1.0701926789312206,-1.2447401260946434,0.0010363889740142068,0.8560308000841351,-1.8399070249586202e-05,0.0,-5.402779368335331e-07,6.573979072632685e-05,-0.00010106415390565004,-0.00012885143844698632,5.553374049505067e-07,0.00016417580363647932
63,0.5469168220240921,0.5469160631252595,0.0008999555966469134,4.430366813444413,2.475966649064503,1.6552822513390462,3.1503846784834475,-1.0,-1.572169641650701,0.8893787462024448,1.0700915590630442,-1.2448690787236254,0.0010369450925867797,0.8561950978841314,-1.840134481589928e-05,0.0,-5.410507772918294e-07,6.57746977592577e-05,-0.0001011198681764025,-0.00012895262898204862,5.56118572572848e-07,0.00016429779999627137
64,0.5469162117801235,0.5469154525694107,0.000900140024278136,4.430366811066627,2.4759660384862787,1.6552821875275698,3.15036627486579,-1.0,-1.572170183475194,0.8894445558594641,1.0699903833895819,-1.2449981327094206,0.001037501993447692,0.8563595178860418,-1.8403617657369864e-05,0.0,-5.418244930499583e-07,6.580965701930008e-05,-0.00010117567346235035,-0.00012905398579521332,5.569008609124237e-07,0.00016442000191041473
65,0.5469156006763887,0.5469148411533566,0.0009003246733354729,4.430366808684813,2.475965427047815,1.6552821236414914,3.1503478689758926,-1.0,-1.5721707260746176,0.889510400529007,1.0698891518201372,-1.2451272882194298,0.0010380596779766295,0.8565240602950194,-1.840588989754366e-05,0.0,-5.425994236141207e-07,6.584466954284718e-05,-0.00010123156944463751,-0.00012915551000913794,5.576845289374278e-07,0.00016454240897756378
66,0.5469149887112846,0.5469142288754937,0.0009005095439292905,4.43036680630039,2.475964814747509,1.6552820596823141,3.15032946081361,-1.0,-1.5721712694504102,0.8895762802650721,1.069787864264147,-1.2452565454219502,0.0010386181477235132,0.8566887253161334,-1.8408162282490537e-05,0.0,-5.433757925832339e-07,6.587973606508868e-05,-0.00010128755599025929,-0.0001292572025204386,5.584697468836476e-07,0.00016466502111400771
67,0.5469143758830497,0.5469136157340587,0.0009006946371558055,4.430366803914299,2.475964201583598,1.6552819956509854,3.150311050378301,-1.0,-1.5721718136041571,0.8896421951221923,1.0696865206310575,-1.245385904486023,0.0010391774043509907,0.8568535131545811,-1.8410435309146322e-05,0.0,-5.441537469508262e-07,6.59148571202639e-05,-0.00010134363308944572,-0.00012935906407274267,5.592566274775345e-07,0.00016478783844775524
68,0.5469137621898172,0.546913001727185,0.0009008799526313177,4.430366801527162,2.475963587554217,1.6552819315480831,3.1502926376689944,-1.0,-1.5721723585375413,0.8897081451553032,1.0695851208302432,-1.245515365581335,0.0010397374495968027,0.8570184240158275,-1.841270930658112e-05,0.0,-5.449333841944792e-07,6.59500331108287e-05,-0.00010139980081436129,-0.00012946109531197791,5.600452458120152e-07,0.0001649108612463701
69,0.5469131476296503,0.5469123868529339,0.0009010654914508247,4.430366799139394,2.4759629726574257,1.6552818673739387,3.1502742226845024,-1.0,-1.5721729042523114,0.8897741304196544,1.0694836647709514,-1.2456449288781513,0.0010402982852496907,0.8571834581056987,-1.8414984491954556e-05,0.0,-5.457147700393961e-07,6.598526435119823e-05,-0.00010145605929179347,-0.00012956329681634848,5.608356528879598e-07,0.00016503408987122992
70,0.546912532200562,0.5469117711093183,0.0009012512532300147,4.430366796751265,2.4759623568912383,1.6552818031287235,3.1502558054234893,-1.0,-1.5721734507502607,0.8898401509707511,1.0693821523622666,-1.2457745945472738,0.0010408599131336983,0.857348615630444,-1.8417261013148334e-05,0.0,-5.464979493385869e-07,6.602055109672378e-05,-0.000101512408684723,-0.0001296656691225362,5.616278840076417e-07,0.0001651575247452186
71,0.5469119159005332,0.5469111544943176,0.0009014372383236957,4.430366794362957,2.4759617402536342,1.6552817388124996,3.1502373858845245,-1.0,-1.572173998033214,0.8899062068643167,1.0692805835130856,-1.245904362760012,0.0010414223350979908,0.8575138967967774,-1.8419538964753457e-05,0.0,-5.472829531782963e-07,6.605589356556418e-05,-0.00010156884918099962,-0.000129768212738135,5.624219642924588e-07,0.0001652811663334086
72,0.5469112987275202,0.5469105370058864,0.0009016234483175773,4.430366791974588,2.475961122742567,1.6552816744252596,3.150218964066113,-1.0,-1.572174546103018,0.8899722981562664,1.0691789581321014,-1.2460342336881656,0.0010419855530100937,0.8576793018119063,-1.842181841160695e-05,0.0,-5.480698042070742e-07,6.609129194978802e-05,-0.00010162538098423823,-0.00012987092815364143,5.632179121029413e-07,0.000165405015128961
73,0.5469106806794595,0.5469099186419621,0.000901809882579902,4.430366789586242,2.4759605043559754,1.655281609966948,3.1502005399667175,-1.0,-1.572175094961537,0.890038424902692,1.0690772761277916,-1.2461642075040134,0.0010425495687517935,0.8578448308835501,-1.8424099395453197e-05,0.0,-5.488585188562212e-07,6.612674642558769e-05,-0.0001016820043098221,-0.00012997381584778367,5.640157416998172e-07,0.0001655290716437996
74,0.5469100617542746,0.5469092994004654,0.000901996542202458,4.430366787197968,2.47595988509178,1.6552815454374772,3.150182113584772,-1.0,-1.572175644610648,0.89010458715985,1.0689755374084113,-1.246294284380305,0.0010431143842164561,0.8580104842199542,-1.842638194560209e-05,0.0,-5.496491111145474e-07,6.616225715794233e-05,-0.00010173871938023993,-0.00013007687629174036,5.648154646625825e-07,0.0001656533364040591
75,0.5469094419498775,0.5469086792793079,0.0009021834272914849,4.430366784809804,2.4759592649478908,1.6552814808367393,3.15016368491869,-1.0,-1.5721761950522393,0.8901707849841547,1.068873741881988,-1.2464244644902587,0.0010436800013070649,0.8581762620298988,-1.8428666082037637e-05,0.0,-5.504415911961047e-07,6.619782430472565e-05,-0.00010179552642330947,-0.00013018010995358154,5.65617090608761e-07,0.00016577780994464497
76,0.5469088212641681,0.5469080582763884,0.0009023705389372384,4.43036678242177,2.4759586439222083,1.6552814161646132,3.1501452539668726,-1.0,-1.5721767462882077,0.8902370184321741,1.068771889456317,-1.2465547480075572,0.001044246421935152,0.8583421645227067,-1.843095181719434e-05,0.0,-5.512359684267665e-07,6.623344801937048e-05,-0.00010185242567106734,-0.00013028351729849064,5.6642062808707e-07,0.00016590249280790115
77,0.5469081996950402,0.5469074363895995,0.0009025578769988139,4.430366780033886,2.475958022012624,1.6552813514209668,3.150126820727714,-1.0,-1.5721772983204587,0.8903032875606276,1.068669980038959,-1.2466851351063484,0.001044813648020118,0.8585081919082478,-1.8433239158621717e-05,0.0,-5.520322510221831e-07,6.626912845353328e-05,-0.00010190941735799264,-0.00013038709879120702,5.672260849659983e-07,0.00016602738554105656
78,0.5469075772403764,0.5469068136168228,0.0009027454420731517,4.43036677764616,2.4759573992170196,1.6552812866056632,3.1501083851996,-1.0,-1.5721778511509055,0.890369592426383,1.0685680135372377,-1.2468156259612448,0.0010453816814885717,0.8586743443969435,-1.8435528113869282e-05,0.0,-5.528304467539158e-07,6.630486575542882e-05,-0.00010196650172122901,-0.00013049085489647005,5.680334684537557e-07,0.00016615248869567
79,0.5469069538980527,0.5469061899559335,0.0009029332350024399,4.430366775258602,2.4759567755332705,1.6552812217185597,3.1500899473809127,-1.0,-1.5721784047814684,0.8904359330864569,1.0684659898582392,-1.246946220747324,0.0010459505242743302,0.8588406221997702,-1.8437818687377927e-05,0.0,-5.536305629494365e-07,6.6340660073827e-05,-0.00010202367899858622,-0.00013059478607924113,5.688427857585519e-07,0.00016627780282674198
80,0.546906329665938,0.5469055654047985,0.0009031212558904034,4.430366772871214,2.4759561509592434,1.6552811567595127,3.1500715072700314,-1.0,-1.5721789592140745,0.8905023095980131,1.0683639089088084,-1.2470769196401297,0.0010465201783180886,0.8590070255282626,-1.84401108813681e-05,0.0,-5.544326060480387e-07,6.637651155627644e-05,-0.00010208094943076063,-0.00013069889280559188,5.696540437583487e-07,0.0001664033284923816
81,0.5469057045418912,0.5469049399612774,0.0009033095053321325,4.430366770484002,2.4759555254927976,1.6552810917283742,3.1500530648653324,-1.0,-1.5721795144506583,0.890568722018364,1.0682617705955504,-1.247207722815673,0.0010470906455672833,0.8591735545945154,-1.8442404698948422e-05,0.0,-5.552365838212836e-07,6.641242035088091e-05,-0.00010213831325800449,-0.0001308031755433703,5.704672491947151e-07,0.0001665290662528074
82,0.5469050785237666,0.5469043136232218,0.0009034979839220488,4.430366768096967,2.4759548991317852,1.6552810266249953,3.150034620165191,-1.0,-1.5721800704931606,0.8906351704049693,1.0681595748248272,-1.247338630450434,0.0010476619279761123,0.8593402096111865,-1.8444700141451165e-05,0.0,-5.560425022643756e-07,6.644838660530006e-05,-0.0001021957707232346,-0.00013090763476086842,5.712824088289527e-07,0.00016665501667112448
83,0.54690445160941,0.5469036863884763,0.0009036866920081941,4.430366765710114,2.47595427187405,1.6552809614492272,3.150016173167982,-1.0,-1.5721806273435288,0.8907016548154368,1.0680573215027576,-1.2474696427213623,0.001048234027505418,0.8595069907914994,-1.8446997208876326e-05,0.0,-5.568503682606973e-07,6.648441046752662e-05,-0.00010225332206958981,-0.00013101227092837675,5.72099529305703e-07,0.00016678118031288047
84,0.5469038237966596,0.5469030582548788,0.0009038756309207785,4.430366763323446,2.475953643717431,1.6552808962009171,3.1499977238720778,-1.0,-1.5721811850037173,0.8907681753075231,1.0679550105352167,-1.2476007598058798,0.0010488069461228626,0.8596738983492447,-1.844929590433253e-05,0.0,-5.57660188471587e-07,6.652049208621946e-05,-0.0001023109675408751,-0.00013111708451751802,5.729186174445976e-07,0.00016690755774528832
85,0.5469031950833453,0.5469024292202586,0.000904064799532654,4.430366760936957,2.4759530146597557,1.6552808308799158,3.1499792722758477,-1.0,-1.5721817434756873,0.8908347319391327,1.067852641827834,-1.247731981881882,0.0010493806858026364,0.859840932498783,-1.8451596230040224e-05,0.0,-5.584719700024721e-07,6.655663160959335e-05,-0.00010236870738267179,-0.00013122207600213542,5.737396797738346e-07,0.0001670341495383365
86,0.5469025654672922,0.5469017992824378,0.0009042541996641067,4.430366758550658,2.4759523846988474,1.6552807654860695,3.149960818377664,-1.0,-1.5721823027614064,0.8909013247683203,1.067750215285993,-1.2478633091277387,0.0010499552485256328,0.8600080934550468,-1.845389818377896e-05,0.0,-5.592857190706013e-07,6.659282918763942e-05,-0.0001024265418410053,-0.00013132724585673827,5.745627229963857e-07,0.0001671609562637899
87,0.5469019349463152,0.546901168439232,0.0009044438311696888,4.430366756164544,2.475951753832521,1.655280700019226,3.1499423621758953,-1.0,-1.5721828628628487,0.89096795385329,1.0676477308148304,-1.2479947417222974,0.0010505306362796616,0.8601753814335423,-1.8456201768657365e-05,0.0,-5.60101442337313e-07,6.662908496968267e-05,-0.0001024844711625672,-0.00013143259455872247,5.7538775402881e-07,0.0001672879784955228
88,0.5469013035182239,0.5469005366884493,0.0009046336951311595,4.430366753778616,2.4759511220585853,1.6552806344792315,3.1499239036689106,-1.0,-1.5721834237819952,0.8910346192523961,1.0675451883192346,-1.2481262798448833,0.0010511068510591385,0.8603427966503522,-1.8458506984675438e-05,0.0,-5.609191464639451e-07,6.666539910615832e-05,-0.0001025424955958254,-0.000131538122585928,5.762147794769346e-07,0.00016741521680985194
89,0.5469006711808196,0.5468999040278889,0.0009048237916475872,4.430366751392879,2.4759504893748385,1.6552805688659318,3.1499054428550783,-1.0,-1.5721839855208342,0.8911013210241439,1.0674425877038454,-1.2482579236753022,0.0010516838948653182,0.8605103393221372,-1.8460813832277267e-05,0.0,-5.617388390000144e-07,6.670177174772363e-05,-0.0001026006153892478,-0.0001316438304188594,5.7704380617969e-07,0.0001675426717849815
90,0.5469000379318955,0.5468992704553436,0.0009050141215538266,4.430366749007331,2.475949855779074,1.6552805031791729,3.149886979732765,-1.0,-1.5721845480813599,0.8911680592271894,1.067339928873053,-1.2483896733938418,0.001052261769706178,0.8606780096661384,-1.846312231323921e-05,0.0,-5.625605257186805e-07,6.673820304559097e-05,-0.00010265883079241256,-0.0001317497185395755,5.778748408597802e-07,0.00016767034400122505
91,0.5468994037692374,0.5468986359685989,0.0009052046849479562,4.430366746621973,2.475949221269077,1.6552804374187993,3.149868514300337,-1.0,-1.5721851114655738,0.8912348339203412,1.0672372117309967,-1.2485215291812732,0.0010528404775966115,0.8608458079001795,-1.8465432428005357e-05,0.0,-5.633842139474154e-07,6.677469315174989e-05,-0.00010271714205623006,-0.00013185578743146742,5.787078904335476e-07,0.0001677982340411166
92,0.5468987686906255,0.5468980005654324,0.0009053954826635299,4.430366744236809,2.475948585842624,1.6552803715846562,3.1498500465561614,-1.0,-1.5721856756754842,0.8913016451625597,1.0671344361815642,-1.2486534912188532,0.0010534200205583322,0.8610137342426688,-1.8467744175687528e-05,0.0,-5.642099103475573e-07,6.681124221852297e-05,-0.00010277554943249889,-0.00013196203757992464,5.795429617206239e-07,0.0001679263424892996
93,0.5468981326938306,0.5468973642436142,0.0009055865147976349,4.430366741851837,2.475947949497487,1.6552803056765875,3.149831576498602,-1.0,-1.5721862407131062,0.8913684930129584,1.0670316021283912,-1.2487855596883257,0.0010540004006199504,0.8611817889126014,-1.847005755939435e-05,0.0,-5.650376220245334e-07,6.684785039867691e-05,-0.00010283405317301764,-0.00013206846947255713,5.803800616182696e-07,0.00016805466993263796
94,0.5468974957766156,0.5468967270009066,0.0009057777824276642,4.430366739467062,2.475947312231427,1.6552802396944357,3.1498131041260238,-1.0,-1.5721868065804616,0.8914353775308043,1.0669287094748596,-1.2489177347719238,0.0010545816198169937,0.8613499721295612,-1.847237257823764e-05,0.0,-5.658673554176374e-07,6.688451784586658e-05,-0.00010289265353158328,-0.00013217508359808505,5.812191970432611e-07,0.0001681832169597719
95,0.5468968579367368,0.5468960888350641,0.0009059692858946461,4.430366737082478,2.4759466740421985,1.6552801736380447,3.1497946294367893,-1.0,-1.5721873732795795,0.8915022987755179,1.0668257581240974,-1.2490500166523715,0.0010551636801920227,0.8615182841137232,-1.8474689234437847e-05,0.0,-5.666991178543412e-07,6.692124471363581e-05,-0.00010295135076221484,-0.00013228188044767109,5.820603750290344e-07,0.0001683119841620062
96,0.5468962191719428,0.5468954497438344,0.0009061610252940977,4.430366734698093,2.4759460349275493,1.655280107507257,3.1497761524292627,-1.0,-1.5721879408124955,0.8915692568066746,1.0667227479789771,-1.2491824055128848,0.0010557465837943397,0.8616867250858561,-1.8477007526662703e-05,0.0,-5.67532915995983e-07,6.69580311567497e-05,-0.00010301014512026363,-0.00013238886051336607,5.82903602316942e-07,0.00016844097213286613
97,0.5468955794799738,0.5468948097249573,0.0009063530014562319,4.430366732313906,2.4759453948852186,1.655280041301914,3.149757673101806,-1.0,-1.5721885091812524,0.8916362516840053,1.0666196789421152,-1.249314901537175,0.001056330332680494,0.8618552952673234,-1.8479327456688566e-05,0.0,-5.6836875694799e-07,6.699487733063947e-05,-0.00010306903686196911,-0.00013249602429010743,5.837488861542249e-07,0.00016857018146732017
98,0.5468949388585621,0.546894168776163,0.000906545215455308,4.430366729929915,2.4759447539129376,1.6552799750218583,3.1497391914527806,-1.0,-1.5721890783879005,0.8917032834673955,1.0665165509158712,-1.2494475049094487,0.001056914928913971,0.8620239948800869,-1.8481649025403613e-05,0.0,-5.692066480378344e-07,6.703178339018123e-05,-0.00010312802624401485,-0.00013260337227372077,5.845962334771748e-07,0.00016869961276344547
99,0.5468942973054338,0.5468935268951763,0.0009067376671400735,4.430366727546126,2.4759441120084302,1.6552799086669308,3.1497207074805478,-1.0,-1.572189648434496,0.8917703522168878,1.0664133638023463,-1.249580215814411,0.0010575003745654842,0.8621928241467077,-1.8483972232807844e-05,0.0,-5.700465954827649e-07,6.706874949236052e-05,-0.00010318711352486076,-0.00013271090496225213,5.854456515130835e-07,0.0001688292666208735
100,0.5468936548183059,0.5468928840797136,0.0009069303570937095,4.430366725162535,2.4759434691694127,1.6552798422369708,3.1497022211834667,-1.0,-1.5721902193231032,0.8918374579926813,1.0663101175033838,-1.2497130344372671,0.0010580866717124881,0.8623617832903492,-1.8486297081121705e-05,0.0,-5.708886072763875e-07,6.710577579349675e-05,-0.00010324629896252269,-0.00013281862285619006,5.862971470039537e-07,0.00016895914364145614
101,0.5468930113948874,0.5468922403274826,0.0009071232861434935,4.430366722779147,2.475942825393593,1.6552797757318198,3.1496837325598985,-1.0,-1.572190791055793,0.8919046008551321,1.0662068119205657,-1.2498459609637238,0.0010586738224399761,0.8625308725347791,-1.848862356812475e-05,0.0,-5.717326898579955e-07,6.714286245079748e-05,-0.00010330558281812507,-0.00013292652645668923,5.871507274880262e-07,0.0001690892444299319
102,0.54689236703288,0.5468915956361838,0.0009073164546263568,4.430366720395961,2.4759421806786714,1.6552797091513165,3.149665241608201,-1.0,-1.5721913636346438,0.8919717808647548,1.0661034469552142,-1.2499789955799916,0.0010592618288399358,0.8627000921043715,-1.8490951697369695e-05,0.0,-5.725788507771057e-07,6.718000962269155e-05,-0.00010336496535146011,-0.0001330346162677909,5.880063999597063e-07,0.0001692195695923715
103,0.5468917217299775,0.5468909500035097,0.0009075098626340804,4.430366718012979,2.4759415350223404,1.6552796424953,3.1496467483267336,-1.0,-1.5721919370617405,0.8920389980822219,1.0660000225083894,-1.250112138472786,0.0010598506930114078,0.8628694422241093,-1.849328146752427e-05,0.0,-5.734270966950561e-07,6.721721746705267e-05,-0.00010342444682476248,-0.00013314289279442448,5.888641714719457e-07,0.0001693501197378433
104,0.546891075483865,0.5468903034271451,0.0009077035117259116,4.430366715630201,2.4759408884222847,1.6552795757636094,3.1496282527138533,-1.0,-1.572192511339176,0.892106252568365,1.065896538480889,-1.2502453898293304,0.001060440417060893,0.8630389231195866,-1.849561288036483e-05,0.0,-5.742774353834079e-07,6.725448614308682e-05,-0.0001034840275004889,-0.000133251356544406,5.897240494851397e-07,0.00016948089547730305
105,0.5468904282922213,0.5468896559047657,0.0009078974012584448,4.430366713247631,2.47594024087618,1.6552795089560826,3.1496097547679174,-1.0,-1.5721930864690496,0.8921735443841754,1.0657929947732465,-1.2503787498373569,0.0010610310031020811,0.8632085350170106,-1.849794593589138e-05,0.0,-5.751298737255439e-07,6.729181581044408e-05,-0.00010354370764242837,-0.00013336000802643966,5.905860411881993e-07,0.0001696118974239269
106,0.5468897801527147,0.5468890074340402,0.0009080915330338114,4.430366710865267,2.4759395923816947,1.6552794420725567,3.1495912544872824,-1.0,-1.572193662453469,0.8922408735908048,1.0656893912857313,-1.2505122186851092,0.0010616224532559479,0.8633782781432037,-1.8500280634992095e-05,0.0,-5.759844192709807e-07,6.732920662944064e-05,-0.00010360348751525805,-0.00013346884775233825,5.91450153866746e-07,0.0001697431261931115
107,0.5468891310630084,0.54688835801263,0.0009082859066522191,4.4303667084831115,2.47593894293649,1.6552793751128692,3.1495727518703043,-1.0,-1.5721942392945478,0.8923082402495655,1.065585727918347,-1.2506457965613438,0.0010622147696507547,0.8635481527256067,-1.8502616978111064e-05,0.0,-5.768410789031009e-07,6.736665876061476e-05,-0.00010366336738432125,-0.00013357787623458073,5.923163948068355e-07,0.000169874582403029
108,0.5468884810207545,0.5468877076381866,0.0009084805229360905,4.430366706101164,2.475938292538218,1.6552793080768564,3.1495542469153377,-1.0,-1.572194816994408,0.892375644421931,1.0654820045708306,-1.250779483655332,0.0010628079544221462,0.8637181589922802,-1.8504954966580556e-05,0.0,-5.776998601714212e-07,6.740417236550389e-05,-0.00010372334751629353,-0.00013368709398831058,5.931847713914508e-07,0.00017000626667351693
109,0.5468878300235989,0.5468870563083543,0.0009086753824625888,4.430366703719427,2.4759376411845224,1.6552792409643542,3.1495357396207386,-1.0,-1.5721953955551784,0.8924430861695369,1.0653782211426517,-1.250913280156862,0.0010634020097132272,0.8638882971719074,-1.8507294599068302e-05,0.0,-5.785607704034135e-07,6.744174760597854e-05,-0.00010378342817896069,-0.00013379650153000355,5.94055291080987e-07,0.00017013817962718836
110,0.5468871780691794,0.5468864040207692,0.0009088704858081872,4.430366701337903,2.475936988873039,1.6552791737751982,3.149517229984861,-1.0,-1.5721959749789953,0.8925105655541813,1.0652743775330111,-1.251047186256241,0.0010639969376744277,0.8640585674937962,-1.850963587779475e-05,0.0,-5.794238169265498e-07,6.747938464435332e-05,-0.00010384360964055261,-0.00013390609937879994,5.949279612005309e-07,0.00017027032188876579
111,0.5468865251551243,0.5468857507730591,0.0009090658337929242,4.430366698956591,2.475936335601396,1.6552791065092236,3.149498718006057,-1.0,-1.5721965552680028,0.8925780826378252,1.0651704736408405,-1.251181202144296,0.0010645927404636577,0.8642289701878814,-1.8511978803648077e-05,0.0,-5.802890075123912e-07,6.751708364394204e-05,-0.00010390389217063145,-0.00013401588805517228,5.958027892299933e-07,0.00017040269408519215
112,0.5468858712790547,0.546885096562844,0.0009092614260149196,4.430366696575492,2.475935681367213,1.6552790391662646,3.149480203682681,-1.0,-1.5721971364243519,0.8926456374825937,1.0650665093648009,-1.2513153280123779,0.0010651894202463267,0.8643995054847272,-1.8514323376184194e-05,0.0,-5.811563490443206e-07,6.75548447685026e-05,-0.00010396427603964753,-0.0001341258680818136,5.966797826690174e-07,0.0001705352968458529
113,0.5468852164385835,0.5468844413877346,0.0009094572642697989,4.430366694194608,2.4759350261681004,1.655278971746155,3.1494616870130843,-1.0,-1.5721977184502014,0.892713230150776,1.064962484603282,-1.2514495640523613,0.0010657869791954214,0.8645701736155299,-1.851666959673537e-05,0.0,-5.820258495159436e-07,6.759266818223697e-05,-0.00010402476151893936,-0.00013423603998341527,5.975589490946585e-07,0.00017066813080268695
114,0.5468845606313147,0.5468837852453348,0.0009096533481545596,4.430366691813939,2.4759343700016627,1.6552789042487284,3.1494431679956194,-1.0,-1.5721983013477174,0.8927808607048258,1.0648583992544003,-1.2515839104566475,0.0010663854194914088,0.8647409748121199,-1.8519017464857512e-05,0.0,-5.828975160326877e-07,6.763055404979124e-05,-0.0001040853488816218,-0.00013434640428622302,5.98440295987478e-07,0.00017080119658996473
115,0.5468839038548439,0.5468831281332381,0.0009098496784865744,4.430366689433488,2.4759337128654932,1.6552788366738171,3.149424646628638,-1.0,-1.572198885119074,0.892848529207363,1.0647542532159997,-1.2517183674181664,0.0010669847433224886,0.8649119093069636,-1.8521366981438803e-05,0.0,-5.837713565881586e-07,6.766850253725476e-05,-0.00010414603840058767,-0.00013445696151892506,5.993238310797889e-07,0.00017093449484373302
116,0.5468832461067589,0.5468824700490316,0.0009100462560823111,4.430366687053257,2.475933054757178,1.6552787690212547,3.1494061229104906,-1.0,-1.5721994697664525,0.8929162357211731,1.0646500463856492,-1.2518529351303787,0.0010675849528841656,0.8650829773331669,-1.852371814736742e-05,0.0,-5.846473785098283e-07,6.770651381005077e-05,-0.00010420683035050615,-0.00013456771221220798,6.002095616769454e-07,0.00017106802620325823
117,0.5468825873846384,0.546881810990293,0.0009102430810255112,4.430366684673243,2.475932395674296,1.6552787012908725,3.149387596839526,-1.0,-1.5722000552920419,0.8929839803092084,1.0645457786606425,-1.2519876137872767,0.0010681860503799882,0.8652541791244764,-1.8526070964419716e-05,0.0,-5.855255893472133e-07,6.774458803537886e-05,-0.00010426772500671255,-0.00013467865689809067,6.010974958226434e-07,0.00017120179130958313
118,0.5468819276860536,0.5468811509545916,0.0009104401546190781,4.430366682293449,2.4759317356144153,1.6552786334825005,3.149369068414096,-1.0,-1.5722006416980387,0.893051763034589,1.0644414499379966,-1.2521224035833884,0.0010687880380210045,0.8654255149152829,-1.852842543037525e-05,0.0,-5.864059968718749e-07,6.778272538054964e-05,-0.00010432872264587445,-0.0001347897961117006,6.019876410163095e-07,0.00017133579080641503
119,0.546881267008567,0.5468804899394887,0.0009106374769454124,4.430366679913877,2.4759310745750978,1.6552785655959714,3.149350537632549,-1.0,-1.5722012289866476,0.8931195839606021,1.0643370601144508,-1.252257304713777,0.0010693909180259757,0.865596984940623,-1.8530781547010378e-05,0.0,-5.872886088553742e-07,6.782092601309575e-05,-0.00010438982354576964,-0.0001349011303886094,6.028800049711746e-07,0.0001714700253401258
120,0.5468806053497316,0.5468798279425364,0.0009108350485742031,4.430366677534528,2.475930412553895,1.6552784976311143,3.1493320044932336,-1.0,-1.5722018171600805,0.8931874431507041,1.064232609086466,-1.2523923173740452,0.0010699946926215123,0.8657685894361818,-1.8533139315213276e-05,0.0,-5.881734328472277e-07,6.785919010199315e-05,-0.00010445102798484207,-0.0001350126602681634,6.037745955366457e-07,0.0001716044955588636
121,0.5468799427070927,0.5468791649612788,0.0009110328698307116,4.430366675155403,2.4759297495483517,1.6552784295877587,3.149313468994498,-1.0,-1.572202406220557,0.8932553406685204,1.0641280967502238,-1.2525274417603358,0.0010705993640418802,0.8659403286382957,-1.8535498735428035e-05,0.0,-5.890604766189966e-07,6.78975178163288e-05,-0.0001045123362422018,-0.0001351243862905971,6.046714203678406e-07,0.00017173920211388527
122,0.5468792790781861,0.5468785009932504,0.0009112309415270632,4.430366672776504,2.4759290855560017,1.655278361465734,3.149294931134691,-1.0,-1.5722029961703055,0.893323276577846,1.0640235230016244,-1.2526626780693342,0.001071204934529427,0.8661122027839541,-1.8537859807210566e-05,0.0,-5.899497483863314e-07,6.793590932563376e-05,-0.00010457374859940138,-0.00013523630899836547,6.05570487546836e-07,0.00017187414565833503
123,0.5468786144605405,0.5468778360359782,0.000911429264474471,4.43036667039783,2.475928420574372,1.6552782932648697,3.149276390912158,-1.0,-1.5722035870115607,0.8933912509426465,1.063918887736287,-1.25279802649827,0.0010718114063341753,0.8662842121108025,-1.8540222532781314e-05,0.0,-5.908412552546594e-07,6.797436480043828e-05,-0.00010463526533732725,-0.00013534842893592192,6.064718047482653e-07,0.0001720093268484657
124,0.5468779488516742,0.5468771700869802,0.0009116278389960964,4.430366668019383,2.4759277546009804,1.6552782249849927,3.149257848325247,-1.0,-1.5722041787465666,0.8934592638270586,1.063814190849548,-1.2529334872449207,0.0010724187817140354,0.8664563568571448,-1.85425869112521e-05,0.0,-5.917350058837201e-07,6.80128844121608e-05,-0.00010469688673908628,-0.00013546074665060637,6.073753798601332e-07,0.00017214474634230648
125,0.5468772822490983,0.546876503143765,0.0009118266656581272,4.4303666656411655,2.4759270876333357,1.6552781566259303,3.1492393033723047,-1.0,-1.5722047713775742,0.8935273152953906,1.0637094322364593,-1.2530690605076114,0.0010730270629349422,0.8666286372619457,-1.854495294217884e-05,0.0,-5.926310076009855e-07,6.805146833199771e-05,-0.00010475861308867351,-0.00013557326269064696,6.082812209068367e-07,0.00017228040480088413
126,0.5468766146503139,0.5468758352038331,0.000912025745512975,4.430366663263178,2.475926419668938,1.6552780881875104,3.149220756051676,-1.0,-1.5722053649068428,0.893595405412123,1.063604611791789,-1.253204746485218,0.0010736362522708546,0.8668010535648333,-1.854732062867015e-05,0.0,-5.935292686221061e-07,6.809011673236665e-05,-0.00010482044467030605,-0.0001356859776067143,6.091893359123392e-07,0.00017241630288755694
127,0.5468759460528141,0.5468751662646766,0.0009122250781514632,4.4303666608854195,2.4759257507052794,1.6552780196695582,3.1492022063617067,-1.0,-1.5722059593366393,0.8936635342419096,1.0634997294100186,-1.2533405453771704,0.0010742463520036192,0.8669736060061012,-1.8549689969393768e-05,0.0,-5.944297964965983e-07,6.812882978657342e-05,-0.00010488238177042142,-0.0001357988919523656,6.100997327646452e-07,0.0001725524412679036
128,0.5468752764540825,0.5468744963237775,0.0009124246648680587,4.4303666585078965,2.4759250807398425,1.6552779510719007,3.1491836543007428,-1.0,-1.5722065546692392,0.8937317018495772,1.0633947849853427,-1.2534764573834523,0.0010748573644231462,0.867146294826712,-1.8552060963905603e-05,0.0,-5.953325998842018e-07,6.816760766759078e-05,-0.00010494442467590126,-0.0001359120062818242,6.110124195269663e-07,0.00017268882061083346
129,0.5468746058515951,0.5468738253786098,0.0009126245062259749,4.430366656130604,2.4759244097701,1.6552778823943624,3.149165099867127,-1.0,-1.5722071509069255,0.8937999083001271,1.0632897784116682,-1.253612482704605,0.001075469291827661,0.8673191202682989,-1.855443361575837e-05,0.0,-5.962376863344332e-07,6.820645054994579e-05,-0.00010500657367451538,-0.0001360253211526441,6.119274045146995e-07,0.00017282544158692126
130,0.5468739342428166,0.5468731534266386,0.0009128246020579686,4.430366653753547,2.4759237377935177,1.6552778136367685,3.1491465430592043,-1.0,-1.5722077480519898,0.8938681536587357,1.0631847095826126,-1.253748621541729,0.0010760821365231603,0.8674920825731686,-1.8556807922731622e-05,0.0,-5.971450642849874e-07,6.824535860860959e-05,-0.0001050688290555879,-0.00013613883712415564,6.128446954994059e-07,0.00017296230486962827
131,0.5468732616252049,0.5468724804653188,0.000913024954142304,4.430366651376726,2.4759230648075503,1.6552777447989424,3.149127983875319,-1.0,-1.5722083461067315,0.893936437990755,1.063079578391503,-1.2538848740964863,0.001076695900823996,0.8676651819843036,-1.8559183885269448e-05,0.0,-5.980547417294702e-07,6.828433201921946e-05,-0.00010513119110955316,-0.00013625255475724352,6.137643008357306e-07,0.00017309941113508032
132,0.5468725879962089,0.5468718064920988,0.0009132255625534672,4.430366649000142,2.4759223908096457,1.6552776758807086,3.149109422313814,-1.0,-1.572208945073458,0.8940047613617125,1.0629743847313757,-1.2540212405711022,0.0010773105870526798,0.8678384187453655,-1.8561561505148205e-05,0.0,-5.989667264394427e-07,6.832337095752372e-05,-0.00010519366012728959,-0.000136366474615901,6.146862286838129e-07,0.0001732367610618457
133,0.5468719133532667,0.5468711315044155,0.0009134264278518427,4.430366646623796,2.4759217157972415,1.6552776068818895,3.1490908583730324,-1.0,-1.572209544954485,0.8940731238373133,1.062869128494974,-1.2541577211683677,0.0010779261975400387,0.8680117931006965,-1.8563940781479715e-05,0.0,-5.998810270746446e-07,6.836247560082498e-05,-0.00010525623640167403,-0.0001364805972654537,6.156104873588329e-07,0.00017337435533104628
134,0.5468712376938086,0.5468704554996973,0.0009136275503540695,4.430366644247688,2.4759210397677656,1.6552775378023072,3.1490722920513163,-1.0,-1.5722101457521371,0.8941415254834394,1.0627638095747487,-1.2542943160916413,0.00107854273462506,0.8681853052953231,-1.8566321716040335e-05,0.0,-6.007976520727709e-07,6.840164612609279e-05,-0.00010531892022536127,-0.00013659492327366962,6.165370850213635e-07,0.0001735121946265794
135,0.5468705610152556,0.5468697784753648,0.0009138289303762908,4.4303666418718235,2.4759203627186377,1.6552774686417846,3.1490537233470084,-1.0,-1.5722107474687463,0.8942099663661512,1.062658427862855,-1.254431025544852,0.0010791602006550857,0.868358955574958,-1.8568704307941886e-05,0.0,-6.017166092053827e-07,6.8440882711851e-05,-0.00010538171189367063,-0.00013670945321075934,6.174660300256162e-07,0.000173650279634896
136,0.5468698833150194,0.5468691004288272,0.0009140305699346578,4.4303666394961985,2.4759196846472684,1.655277399400142,3.14903515225845,-1.0,-1.5722113501066532,0.8942784465516881,1.0625529832511529,-1.2545678497325008,0.0010797785979858117,0.8685327441860029,-1.8571088558516635e-05,0.0,-6.02637906910175e-07,6.848018553684554e-05,-0.00010544461170214348,-0.00013682418764870974,6.183973307260192e-07,0.0001737886110448894
137,0.5468692045905021,0.5468684213574866,0.0009142324683716925,4.430366637120816,2.4759190055510585,1.6552773300772003,3.149016578783984,-1.0,-1.5722119536682069,0.8943469661064686,1.0624474756312055,-1.2547047888596625,0.00108039792898125,0.8687066713755511,-1.8573474465988227e-05,0.0,-6.035615536248429e-07,6.851955478048843e-05,-0.00010550761994743141,-0.00013693912716172818,6.193309954384031e-07,0.0001739271895482286
138,0.5468685248390978,0.5468677412587345,0.0009144346267300303,4.430366634745679,2.4759183254274,1.6552772606727804,3.1489980029219504,-1.0,-1.5722125581557644,0.8944155250970915,1.0623419048942777,-1.254841843131989,0.0010810181960138833,0.8688807373913904,-1.8575862033465285e-05,0.0,-6.044875575650366e-07,6.855899062296889e-05,-0.00010557073692774033,-0.0001370542723264645,6.202670326332059e-07,0.00017406601583924708
139,0.5468678440581891,0.5468670601299536,0.0009146370450800911,4.430366632370789,2.4759176442736757,1.6552771911867006,3.1489794246706904,-1.0,-1.572213163571692,0.8944841235903367,1.0622362709313362,-1.2549790127557108,0.0010816394014647043,0.8690549424820053,-1.857825126005963e-05,0.0,-6.054159276125404e-07,6.859849324514222e-05,-0.00010563396294149818,-0.00013716962372178898,6.212054508209809e-07,0.00017420509061494283
140,0.5468671622451521,0.5468663779685171,0.0009148397251910111,4.430366629996145,2.475916962087258,1.6552771216187807,3.148960844028544,-1.0,-1.5722137699183636,0.8945527616531651,1.0621305736330466,-1.2551162979376393,0.0010822615477232348,0.8692292868965802,-1.8580642146215354e-05,0.0,-6.063466715389154e-07,6.863806282841889e-05,-0.00010569729828957541,-0.0001372851819285703,6.221462585304961e-07,0.00017434441457486738
141,0.546866479397351,0.5468656947717893,0.0009150426661608703,4.430366627621749,2.475916278865512,1.6552770519688387,3.1489422609938513,-1.0,-1.572214377198162,0.8946214393527201,1.0620248128897738,-1.2552536988851692,0.0010828846371874288,0.8694037708850015,-1.8583034692820632e-05,0.0,-6.072797984479905e-07,6.867769955498648e-05,-0.00010576074327284246,-0.00013740094752989762,6.230894641940255e-07,0.00017448398842134782
142,0.5468657955121423,0.5468650105371239,0.0009152458697569976,4.4303666252476,2.47591559460579,1.6552769822366924,3.1489236755649532,-1.0,-1.5722149854134786,0.894690156756328,1.0619189885915796,-1.2553912158062805,0.001083508672263867,0.869578394697861,-1.858542889809911e-05,0.0,-6.08215316555416e-07,6.871740360792078e-05,-0.00010582429819416816,-0.00013751692111130254,6.240350764381321e-07,0.0001746238128594868
143,0.5468651105868715,0.5468643252618663,0.000915449336047059,4.430366622873705,2.4759149093054384,1.6552769124221591,3.14890508774019,-1.0,-1.5722155945667133,0.8947589139314986,1.0618131006282225,-1.2555288489095409,0.0010841336553676978,0.8697531585864581,-1.8587824763383054e-05,0.0,-6.091532347429762e-07,6.875717517063062e-05,-0.0001058879633570875,-0.00013763310326031508,6.249831038308319e-07,0.0001747638885970515
144,0.546864424618876,0.5468636389433517,0.000915653066068429,4.43036662050006,2.475914222961792,1.6552768425250555,3.1488864975178985,-1.0,-1.5722162046602743,0.8948277109459257,1.0617071488891567,-1.255666598404108,0.0010847595889228517,0.8699280628028025,-1.8590222291337e-05,0.0,-6.100935610042768e-07,6.879701442707997e-05,-0.00010595173906580158,-0.00013774949456712982,6.259335551539458e-07,0.00017490421634447362
145,0.546863737605483,0.5468629515789063,0.0009158570598875533,4.430366618126667,2.475913535572177,1.6552767725451976,3.148867904896419,-1.0,-1.572216815696579,0.8948965478674883,1.06160113326353,-1.2558044644997317,0.0010853864753618857,0.8701031075996174,-1.8592621479296412e-05,0.0,-6.110363046651912e-07,6.883692156256505e-05,-0.00010601562562673195,-0.00013786609562371765,6.268864390340367e-07,0.0001750447968148494
146,0.5468630495440099,0.5468622631658459,0.0009160613180553717,4.430366615753532,2.475912847133909,1.6552767024823998,3.1488493098740915,-1.0,-1.5722174276780532,0.8949654247642511,1.0614950536401833,-1.2559424474067566,0.0010860143171260222,0.8702782932303416,-1.859502232770538e-05,0.0,-6.119814741634144e-07,6.887689676282616e-05,-0.00010607962334674426,-0.0001379829070249361,6.27841764136482e-07,0.0001751856307241617
147,0.546862360431765,0.5468615737014778,0.0009162658423337865,4.430366613380649,2.475912157644295,1.6552766323364785,3.1488307124492523,-1.0,-1.572218040607131,0.8950343417044647,1.0613889099076492,-1.256080547336124,0.0010866431166654594,0.8704536199491328,-1.8597424839228438e-05,0.0,-6.129290779366414e-07,6.891694021360362e-05,-0.00010614373253403642,-0.000138099929367419,6.287995394371748e-07,0.00017532671879127992
148,0.5468616702660454,0.5468608831830983,0.0009164706320600734,4.430366611008025,2.475911467100632,1.6552765621072465,3.148812112620242,-1.0,-1.5722186544862566,0.8951032987565676,1.0612827019541506,-1.2562187644993743,0.001087272876438925,0.8706290880108704,-1.8599829010312874e-05,0.0,-6.138791255327902e-07,6.895705210285819e-05,-0.0001062079534985827,-0.0001382171632502427,6.297597734655335e-07,0.00017546806173751595
149,0.5468609790441417,0.5468601916079949,0.0009166756880252381,4.43036660863566,2.475910775500206,1.655276491794518,3.1487935103853975,-1.0,-1.5722192693178818,0.8951722959891848,1.0611764296676005,-1.256357099108649,0.001087903598914317,0.8708046976711579,-1.86022348445114e-05,0.0,-6.148316251675112e-07,6.899723261721835e-05,-0.00010627228655013532,-0.00013833460927470398,6.307224753921738e-07,0.00017560966028751235
150,0.5468602867633313,0.5468594989734452,0.0009168810117458685,4.4303666062635525,2.4759100828402962,1.655276421398106,3.1487749057430565,-1.0,-1.5722198851044675,0.8952413334711308,1.0610700929355996,-1.2564955513766942,0.0010885352865682768,0.8709804491863258,-1.860464234093584e-05,0.0,-6.157865857225886e-07,6.903748194597714e-05,-0.000106336732000889,-0.00013845226804520827,6.316876539596682e-07,0.0001757515151679101
151,0.5468595934208825,0.5468588052767152,0.0009170866030421241,4.430366603891708,2.4759093891181667,1.6552763509178228,3.1487562986915574,-1.0,-1.5722205018484843,0.8953104112714086,1.0609636916454357,-1.2566341215168613,0.0010891679418864213,0.8711563428134348,-1.8607051499142102e-05,0.0,-6.167440167459404e-07,6.907780027787247e-05,-0.00010640129016392663,-0.00013857014016704916,6.326553181445604e-07,0.0001758936271090139
152,0.5468588990140556,0.5468581105150643,0.0009172924627023519,4.4303666015201255,2.4759086943310784,1.6552762803534797,3.148737689229237,-1.0,-1.57222111955241,0.8953795294592117,1.0608572256840825,-1.2567728097431106,0.0010898015673633248,0.871332378810278,-1.8609462320462455e-05,0.0,-6.177039257870831e-07,6.911818780308554e-05,-0.00010646596135321929,-0.000138688226249295,6.336254769034443e-07,0.0001760359968432379
153,0.5468582035400998,0.5468574146857399,0.0009174985915139566,4.4303665991488055,2.475907998476278,1.655276209704888,3.1487190773544333,-1.0,-1.5722217382187336,0.8954486881039239,1.0607506949381982,-1.2569116162700131,0.0010904361655025955,0.8715085574353846,-1.8611874803564632e-05,0.0,-6.186663235041578e-07,6.915864471213062e-05,-0.00010653074588429234,-0.00013880652690256845,6.3459813927076e-07,0.00017617862510654891
154,0.5468575069962534,0.5468567177859792,0.0009177049897794861,4.430366596777752,2.4759073015510022,1.6552761389718587,3.1487004630654827,-1.0,-1.5722223578499512,0.8955178872751199,1.0606440992941246,-1.2570505413127533,0.0010910717388169153,0.8716848789480218,-1.8614288950669078e-05,0.0,-6.196312176687258e-07,6.91991711960771e-05,-0.00010659564407355937,-0.0001389250427401567,6.355733143197616e-07,0.00017632151263724527
155,0.546856809379746,0.5468560198130105,0.0009179116585266851,4.430366594406962,2.4759066035524793,1.6552760681542011,3.1486818463607222,-1.0,-1.5722229784485693,0.8955871270425672,1.0605374386378856,-1.2571895850871309,0.0010917082898281364,0.8718613436081986,-1.8616704760443525e-05,0.0,-6.205986180507495e-07,6.92397674472156e-05,-0.00010666065623898824,-0.00013904377437756743,6.365510112210648e-07,0.0001764646601767339
156,0.5468561106877963,0.5468553207640507,0.0009181185982984395,4.430366592036442,2.4759059044779264,1.6552759972517246,3.1486632272384893,-1.0,-1.5722236000171028,0.8956564074762255,1.0604307128551862,-1.2573287478095636,0.0010923458210671257,0.8720379516766679,-1.8619122232887975e-05,0.0,-6.215685335320131e-07,6.928043365839187e-05,-0.000106725782699435,-0.00013916272243275074,6.375312389893771e-07,0.00017660806846930832
157,0.546855410917614,0.5468546206363081,0.0009183258096369061,4.430366589666189,2.475905204324552,1.6552759262642376,3.14864460569712,-1.0,-1.572224222558076,0.8957257286462486,1.060323921831411,-1.2574680296970902,0.0010929843350741932,0.8722147034149297,-1.8621541369334693e-05,0.0,-6.225409732163456e-07,6.932117002300675e-05,-0.00010679102377508798,-0.00013928188752654336,6.385140070674488e-07,0.00017675173826181556
158,0.5468547100663973,0.5468539194269799,0.000918533292841774,4.430366587296208,2.4759045030895526,1.6552758551915483,3.1486259817349516,-1.0,-1.5722248460740222,0.895795090622984,1.0602170654516234,-1.2576074309673717,0.0010936238343985855,0.8723915990852343,-1.8623962168451413e-05,0.0,-6.235159462075757e-07,6.93619767354603e-05,-0.0001068563797876898,-0.00013940127028155835,6.394993243923584e-07,0.00017689567030465536
159,0.5468540081313349,0.5468532171332526,0.0009187410494206379,4.430366584926498,2.475903800770115,1.6552757840334638,3.14860735535032,-1.0,-1.5722254705674845,0.8958644934769745,1.0601101436005638,-1.2577469518386946,0.0010942643215990895,0.8725686389505851,-1.8626384631570403e-05,0.0,-6.244934622756659e-07,6.940285399048562e-05,-0.00010692185105964924,-0.0001395208713228513,6.404872005040009e-07,0.00017703986535078098
160,0.5468533051096046,0.546852513752304,0.0009189490789464555,4.430366582557061,2.4759030973634166,1.655275712789791,3.1485887265415613,-1.0,-1.5722260960410144,0.8959339372789583,1.0600031561626486,-1.2578865925299731,0.0010949057992436036,0.8727458232747413,-1.8628808758691662e-05,0.0,-6.254735298583114e-07,6.944380198381506e-05,-0.00010698743791515142,-0.00013964069127858636,6.414776445140113e-07,0.00017718432415614327
161,0.5468526009983758,0.5468518092813007,0.0009191573829249203,4.430366580187899,2.4759023928666237,1.6552756414603358,3.1485700953070124,-1.0,-1.5722267224971735,0.8960034220998707,1.0598961030219691,-1.2580263532607519,0.0010955482699096049,0.8729231523222207,-1.863123454892701e-05,0.0,-6.264561591695639e-07,6.948482091240216e-05,-0.00010705314067949168,-0.0001397607307787041,6.424706660013157e-07,0.00017732904747946865
162,0.5468518957948066,0.546851103717399,0.0009193659618940393,4.4303665778190116,2.475901687276893,1.655275570044904,3.148551461645009,-1.0,-1.5722273499385322,0.8960729480108436,1.0597889840622905,-1.2581662342512077,0.0010961917361837993,0.8731006263583038,-1.863366200316463e-05,0.0,-6.274413586471184e-07,6.952591097286742e-05,-0.0001071189596786315,-0.0001398809904558096,6.434662741944264e-07,0.00017747403608303625
163,0.5468511894960423,0.5468503970577442,0.0009195748161496204,4.430366575450401,2.4759009805913696,1.6552754985432998,3.1485328255538874,-1.0,-1.572227978367671,0.8961425150832074,1.0596817991670497,-1.258306235722153,0.0010968362006624907,0.873278245649035,-1.8636091121848608e-05,0.0,-6.284291387270713e-07,6.956707236382975e-05,-0.00010718489524075281,-0.0001400014709453945,6.444644786913513e-07,0.00017761929073123461
164,0.5468504820992208,0.5468496892994722,0.0009197839464697749,4.430366573082069,2.4759002728071895,1.6552754269553283,3.1485141870319837,-1.0,-1.572228607787179,0.896212123388491,1.0595745482193548,-1.2584463578950378,0.0010974816659514248,0.8734560104612275,-1.8638521903646676e-05,0.0,-6.294195080691622e-07,6.960830528357498e-05,-0.00010725094769492571,-0.00014012217288472684,6.454652889341904e-07,0.0001777648121924491
165,0.5468497736014687,0.5468489804397076,0.0009199933541143681,4.430366570714018,2.4758995639214767,1.6552753552807913,3.1484955460776343,-1.0,-1.5722292381996559,0.8962817729984232,1.059467231101984,-1.2585866009919522,0.001098128134665888,0.8736339210624646,-1.8640954349447014e-05,0.0,-6.304124768874431e-07,6.964960993216529e-05,-0.00010731711737088645,-0.00014024309691440529,6.464687144630554e-07,0.0001779106012371745
166,0.5468490639999014,0.546848270475565,0.0009202030384114709,4.4303665683462485,2.4758988539313456,1.6552752835194926,3.1484769026891746,-1.0,-1.57222986960771,0.8963514639849324,1.0593598476973831,-1.258726965235629,0.001098775609430841,0.8738119777211043,-1.864338845969371e-05,0.0,-6.314080540636979e-07,6.969098650921879e-05,-0.00010738340460081375,-0.0001403642436768049,6.474747649531497e-07,0.00017805665863968034
167,0.5468483532916244,0.546847559404148,0.0009204130011019633,4.43036656597876,2.4758981428339,1.6552752116712344,3.1484582568649406,-1.0,-1.572230502013959,0.8964211964201485,1.059252397887666,-1.2588674508494464,0.0010994240928807076,0.8739901807062813,-1.8645824233942676e-05,0.0,-6.324062491458449e-07,6.973243521612993e-05,-0.00010744980971710838,-0.00014048561381740932,6.484834498665226e-07,0.00017820298517701172
168,0.5468476414737323,0.5468468472225502,0.0009206232424777478,4.430366563611558,2.475897430626234,1.655275139735818,3.1484396086032684,-1.0,-1.5722311354210314,0.8964909703764032,1.0591448815546118,-1.25900805805743,0.0011000735876598195,0.8741685302879103,-1.864826167219391e-05,0.0,-6.334070723479357e-07,6.977395625473726e-05,-0.00010751633305416952,-0.00014060720798370063,6.494947791119143e-07,0.00017834958162898928
169,0.5468469285433089,0.5468461339278531,0.0009208337630713425,4.4303665612446395,2.475896717305428,1.6552750677130448,3.148420957902494,-1.0,-1.5722317698315649,0.896560785926231,1.0590372985796646,-1.2591487870842566,0.0011007240964220483,0.8743470267366892,-1.8650700774447415e-05,0.0,-6.34410533439933e-07,6.98155498277675e-05,-0.00010758297494728453,-0.00014072902682649158,6.505087622287863e-07,0.00017849644877887538
170,0.5468462144974275,0.5468454195171292,0.0009210445643788414,4.430366558878009,2.475896002868555,1.655274995602714,3.148402304760953,-1.0,-1.5722324052482062,0.8966306431423695,1.0589296488439315,-1.2592896381552547,0.0011013756218311356,0.8745256703241022,-1.8653141541147278e-05,0.0,-6.354166413036211e-07,6.985721613850249e-05,-0.00010764973573307302,-0.0001408510709981492,6.515254090872814e-07,0.00017864358741304098
171,0.5468454993331506,0.5468447039874393,0.0009212556457254981,4.430366556511666,2.475895287312675,1.6552749234046253,3.148383649176982,-1.0,-1.5722330416736126,0.8967005420977607,1.0588219322281816,-1.2594306114964096,0.0011020281665606148,0.874704461322423,-1.865558397096123e-05,0.0,-6.364254063750963e-07,6.989895539122326e-05,-0.00010771661574993097,-0.0001409733411548153,6.525447294792631e-07,0.00017879099832074363
172,0.5468447830475291,0.5468439873358325,0.0009214670090875838,4.430366554145613,2.4758945706348374,1.6552748511185778,3.148364991148917,-1.0,-1.5722336791104512,0.8967704828655515,1.0587141486128446,-1.2595717073343635,0.0011026817332939478,0.8748834000047176,-1.8658028064777454e-05,0.0,-6.374368386463658e-07,6.994076779076597e-05,-0.00010778361533692049,-0.00014109583795396397,6.535667333329876e-07,0.00017893868229468257
173,0.546844065637604,0.5468432695593491,0.0009216786545119929,4.430366551779851,2.4758938528320833,1.6552747787443693,3.148346330675094,-1.0,-1.5722343175613984,0.8968404655190944,1.0586062978780097,-1.2597129258964201,0.0011033363247245245,0.8750624866448481,-1.8660473823040036e-05,0.0,-6.384509472212585e-07,6.998265354285493e-05,-0.00010785073483488006,-0.00014121856205662198,6.545914305767109e-07,0.00017908664013044362
174,0.5468433471004054,0.5468425506550165,0.0009218905820453177,4.430366549414384,2.4758931339014385,1.6552747062817978,3.148327667753849,-1.0,-1.5722349570291412,0.8969104901319486,1.0584983799034238,-1.2598542674105462,0.0011039919435555854,0.8752417215174748,-1.8662921244860797e-05,0.0,-6.394677427579154e-07,7.002461285421369e-05,-0.0001079179745859804,-0.00014134151412603657,6.556188310608436e-07,0.00017923487262672122
175,0.546842627432951,0.5468418306198524,0.0009221027936602687,4.430366547049208,2.4758924138399214,1.6552746337306599,3.1483090023835185,-1.0,-1.5722355975163758,0.8969805567778807,1.0583903945684905,-1.2599957321053747,0.001104648592500396,0.8754211048980604,-1.8665370330683828e-05,0.0,-6.404872345822099e-07,7.006664593212086e-05,-0.00010798533493328044,-0.0001414646948285636,6.566489448105693e-07,0.00017938338058554049
176,0.5468419066322497,0.5468411094508627,0.0009223152891607568,4.430366544684327,2.475891692644538,1.6552745610907509,3.1482903345624385,-1.0,-1.5722362390258093,0.8970506655308657,1.0582823417522687,-1.2601373202102073,0.001105306274282364,0.8756006370628724,-1.866782108006504e-05,0.0,-6.415094335743277e-07,7.010875298496533e-05,-0.00010805281622183749,-0.00014158810483255735,6.576817819681658e-07,0.00017953216481203516
177,0.5468411846952966,0.5468403871450421,0.0009225280695540681,4.430366542319745,2.475890970312282,1.6552744883618677,3.148271664288947,-1.0,-1.5722368815601582,0.8971208164650871,1.0581742213334708,-1.2602790319550166,0.001105964991634942,0.8757803182889874,-1.8670273491672162e-05,0.0,-6.425343488380975e-07,7.015093422146901e-05,-0.00010812041879781908,-0.00014171174480925863,6.587173525778988e-07,0.0001796812261150027
178,0.5468404616190787,0.5468396636993751,0.0009227411353650251,4.430366539955462,2.4758902468401383,1.6552744155438037,3.148252991561379,-1.0,-1.5722375251221494,0.8971910096549388,1.0580660331904628,-1.2604208675704496,0.0011066247473018017,0.875960148854293,-1.8672727567725644e-05,0.0,-6.435619912537049e-07,7.01931898516861e-05,-0.0001081881430080589,-0.00014183561543301693,6.597556668596748e-07,0.00017983056530557207
179,0.5468397374005681,0.546838939110833,0.0009229544875988616,4.430366537591477,2.4758895222250787,1.6552743426363532,3.1482343163780717,-1.0,-1.57223816971452,0.8972612451750248,1.0579577772012612,-1.2605628272878298,0.0011072855440367958,0.8761401290374918,-1.8675183307337306e-05,0.0,-6.445923705911127e-07,7.023552008600387e-05,-0.00010825598920161106,-0.0001419597173801801,6.607967349941523e-07,0.000179980183198869
180,0.5468390120367296,0.5468382133763785,0.0009231681265380423,4.430366535227796,2.475888796464065,1.6552742696393101,3.148215638737363,-1.0,-1.572238815340017,0.8973315231001607,1.057849453243532,-1.26070491133916,0.0011079473846039773,0.8763202591181052,-1.867764070873079e-05,0.0,-6.456254970643727e-07,7.02779251359198e-05,-0.00010832395772908399,-0.00014208405133020463,6.618405671815052e-07,0.0001801300806133499
181,0.5468382855245127,0.5468374864929607,0.0009233820531859103,4.430366532864416,2.4758880695540464,1.6552741965524664,3.148196958637589,-1.0,-1.572239462001398,0.8974018435053746,1.0577410611945903,-1.2608471199571254,0.0011086102717776964,0.8765005393764749,-1.8680099774126546e-05,0.0,-6.466613808875366e-07,7.032040521381955e-05,-0.00010839204894175225,-0.0001422086179654336,6.628871737190522e-07,0.00018028025836969164
182,0.5468375578608597,0.5468367584575186,0.0009235962678233715,4.43036653050134,2.475887341491961,1.655274123375614,3.148178276077087,-1.0,-1.5722401097014305,0.8974722064659074,1.057632600931398,-1.2609894533750958,0.0011092742083427364,0.876680970093768,-1.8682560501748213e-05,0.0,-6.477000324967008e-07,7.036296053286595e-05,-0.00010846026319222268,-0.00014233341797043053,6.639365650400707e-07,0.000180430717293123
183,0.5468368290426984,0.5468360292669794,0.0009238107714518738,4.430366528138571,2.4758866122747376,1.6552740501085443,3.148159591054196,-1.0,-1.572240758442893,0.8975426120572141,1.0575240723305626,-1.2611319118271287,0.0011099391970941978,0.8768615515519795,-1.8685022891151704e-05,0.0,-6.487414625500065e-07,7.04055913066659e-05,-0.00010852860083554461,-0.00014245845203286756,6.649887514613949e-07,0.00018058145821153726
184,0.5468360990669451,0.5468352989182581,0.0009240255648313636,4.43036652577611,2.4758858818992904,1.655273976751048,3.148140903567252,-1.0,-1.5722414082285738,0.8976130603549641,1.0574154752683358,-1.261274495547972,0.0011106052408377503,0.8770422840339358,-1.8687486944113374e-05,0.0,-6.497856808174163e-07,7.044829775004757e-05,-0.00010859706222676735,-0.0001425837208433034,6.660437435524781e-07,0.00018073248195626945
185,0.5468353679305078,0.5468345674082606,0.0009242406487208086,4.430366523413958,2.475885150362524,1.6552739033029147,3.148122213614593,-1.0,-1.5722420590612718,0.8976835514350431,1.0573068096206124,-1.2614172047730667,0.0011112723423894382,0.8772231678232978,-1.8689952658856868e-05,0.0,-6.508326979570711e-07,7.049108007894933e-05,-0.00010866564772338272,-0.00014270922509473927,6.671015516878341e-07,0.00018088378936198524
186,0.5468346356302785,0.5468338347338773,0.0009244560236380073,4.4303665210521155,2.47588441766133,1.6552738297639338,3.148103521194558,-1.0,-1.5722427109437964,0.8977540853735526,1.0571980752629284,-1.2615600397385498,0.0011119405045758562,0.8774042032045646,-1.8692420034938095e-05,0.0,-6.51882524627112e-07,7.05339385095316e-05,-0.00010873435768399276,-0.00014283496548306296,6.681621864180511e-07,0.00018103538126679197
187,0.5468339021631407,0.5468331008919904,0.0009246716901000012,4.430366518690584,2.475883683792591,1.655273756133893,3.1480848263054853,-1.0,-1.572243363878968,0.8978246622468121,1.0570892720704599,-1.261703000681257,0.0011126097302343624,0.8775853904630765,-1.8694889072801146e-05,0.0,-6.529351714856801e-07,7.057687325950912e-05,-0.00010880319246853176,-0.0001429609427072709,6.692256585062208e-07,0.00018118725851190565
188,0.5468331675259644,0.5468323658794683,0.000924887649583384,4.430366516329368,2.4758829487531733,1.6552736824125802,3.1480661289457137,-1.0,-1.5722440178696169,0.8978952821313588,1.0569803999180214,-1.2618460878387256,0.0011132800222127676,0.8777667298850189,-1.8697359771557842e-05,0.0,-6.539906489688718e-07,7.061988454670765e-05,-0.00010887215243848836,-0.00014308715746857992,6.702919784051364e-07,0.00018133942194242803
189,0.5468324317156094,0.546831629693169,0.0009251039018829441,4.430366513968466,2.4758822125399367,1.6552736085997823,3.148047429113582,-1.0,-1.5722446729185846,0.8979659451039489,1.056871458680065,-1.2619893014491974,0.001113951383369724,0.8779482217574254,-1.8699832131652272e-05,0.0,-6.550489677348281e-07,7.066297259006316e-05,-0.00010894123795646138,-0.00014321361047175962,6.713611569563859e-07,0.00018149187240645848
190,0.5468316947289227,0.5468308923299374,0.0009253204477532438,4.43036651160788,2.475881475149725,1.6552735346952858,3.1480287268074294,-1.0,-1.5722453290287233,0.8980366512415586,1.056762448230678,-1.2621326417516212,0.0011146238165745698,0.8781298663681809,-1.8702306152640347e-05,0.0,-6.561101386637347e-07,7.070613760973288e-05,-0.00010901044938682602,-0.00014334030242380003,6.72433204845866e-07,0.00018164461075553806
191,0.5468309565627387,0.546830153786608,0.0009255372889074962,4.430366509247614,2.4758807365793727,1.6552734606988753,3.1480100220255967,-1.0,-1.5722459862028952,0.898107400621385,1.0566533684435824,-1.262276108985656,0.0011152973247075038,0.8783116640060258,-1.870478183274571e-05,0.0,-6.571741719696433e-07,7.074937982642915e-05,-0.00010907978709573385,-0.00014346723403479977,6.735081329340298e-07,0.00018179763784487157
192,0.5468302172138817,0.5468294140600019,0.0009257544251382065,4.430366506887665,2.4758799968257006,1.6552733866103366,3.147991314766422,-1.0,-1.5722466444439747,0.8981781933208466,1.0565442191921324,-1.2624197033916738,0.0011159719106595856,0.878493614960559,-1.8707259174632895e-05,0.0,-6.582410794209181e-07,7.079269946153044e-05,-0.00010914925145000254,-0.0001435944060177441,6.745859520817642e-07,0.00018195095453321652
193,0.5468294766791627,0.546828673146929,0.0009259718576765708,4.43036650452804,2.475879255885519,1.6552733124294527,3.1479726050282477,-1.0,-1.5722473037548454,0.8982490294175847,1.056435000349314,-1.2625634252107625,0.001116647577332658,0.8786757195222412,-1.87097381743051e-05,0.0,-6.593108707875217e-07,7.083609673808056e-05,-0.00010921884281844818,-0.00014372181908872683,6.756666730723272e-07,0.000182104561682217
194,0.5468287349553818,0.5468279310441871,0.0009261895865536449,4.430366502168737,2.4758785137556254,1.655273238156008,3.1479538928094133,-1.0,-1.5722479641384033,0.8983199089894636,1.0563257117877427,-1.262707274684729,0.001117324327639735,0.878857977982399,-1.8712218834426864e-05,0.0,-6.603835578378181e-07,7.087957187890126e-05,-0.00010928856157121913,-0.00014384947396650638,6.767503070771209e-07,0.00018225846015773595
195,0.5468279920393238,0.546827187748561,0.0009264076132382725,4.430366499809758,2.4758777704328043,1.6552731637897837,3.14793517810826,-1.0,-1.5722486255975545,0.8983908321145723,1.056216353379663,-1.2628512520561015,0.0011180021645047307,0.8790403906332277,-1.8714701153221824e-05,0.0,-6.614591512299484e-07,7.092312510870169e-05,-0.00010935840807979602,-0.00014397737137250566,6.7783686499563e-07,0.00018241265082874492
196,0.5468272479277669,0.5468264432568254,0.000926625938239121,4.430366497451106,2.4758770259138307,1.655273089330562,3.14791646092313,-1.0,-1.5722492881352164,0.8984617988712247,1.0561069249969453,-1.2629953575681332,0.0011186810908626916,0.8792229577677956,-1.8717185130245895e-05,0.0,-6.625376618440981e-07,7.096675665241303e-05,-0.00010942838271765787,-0.0001441055120317003,6.789263579608761e-07,0.0001825671345678792
197,0.5468265026174716,0.5468256975657407,0.0009268445623036605,4.430366495092781,2.475876280195464,1.6552730147781243,3.147897741252364,-1.0,-1.5722499517543174,0.8985328093379609,1.0559974265110863,-1.2631395914648047,0.0011193611096596806,0.8794056796800469,-1.8719670765943164e-05,0.0,-6.636191010045422e-07,7.101046673618772e-05,-0.00010949848585894983,-0.00014423389667150843,6.800187969890036e-07,0.00018272191225132683
198,0.5468257561051888,0.5468249506720549,0.0009270634859388535,4.430366492734784,2.4758755332744533,1.6552729401322501,3.147879019094305,-1.0,-1.5722506164577972,0.8986038635935478,1.0558878577932063,-1.2632839539908274,0.0011200422238530682,0.8795885566648056,-1.8722158058981364e-05,0.0,-6.64703479813511e-07,7.105425558695533e-05,-0.00010956871788003752,-0.00014436252602267885,6.811141933875907e-07,0.0001828769847587175
199,0.5468250083876576,0.546824202572506,0.0009272827101298086,4.43036649037712,2.4758747851475356,1.65527286539272,3.1478602944472964,-1.0,-1.5722512822486066,0.8986749617169805,1.0557782187140472,-1.263428445391646,0.0011207244364113771,0.8797715890177791,-1.8724647008472317e-05,0.0,-6.657908093732345e-07,7.109812343264466e-05,-0.0001096390791590629,-0.00014449140081862488,6.822125583089578e-07,0.00018303235297345566
200,0.546824259461603,0.5468234532638174,0.0009275022351422091,4.4303664880197875,2.4758740358114344,1.6552727905593114,3.1478415673096816,-1.0,-1.5722519491297073,0.8987461037874827,1.0556685091439728,-1.2635730659134419,0.0011214077503145152,0.8799547770355615,-1.8727137614860112e-05,0.0,-6.668811007859432e-07,7.114207050218369e-05,-0.00010970957007438997,-0.00014462052179586848,6.833139031380952e-07,0.00018318801778238747
201,0.5468235093237378,0.5468227027427002,0.0009277220624379143,4.430366485662789,2.475873285262861,1.6552727156318026,3.147822837679803,-1.0,-1.5722526171040734,0.8988172898845075,1.055558728952966,-1.263717815803136,0.0011220921685536982,0.8801381210156376,-1.8729629878588838e-05,0.0,-6.679743660420456e-07,7.118609702483347e-05,-0.00010978019100682523,-0.00014474988969404023,6.844182391830145e-07,0.00018334398007613384
202,0.5468227579707637,0.5468219510058543,0.0009279421925199551,4.430366483306127,2.4758725334985145,1.6552726406099714,3.147804105556006,-1.0,-1.572253286174689,0.898888520087739,1.055448878010627,-1.2638626953083918,0.0011227776941314686,0.8803216212563866,-1.873212379699396e-05,0.0,-6.690706155776383e-07,7.12302032315204e-05,-0.00010985094233895154,-0.00014487950525587934,6.85525577770376e-07,0.00018350024074897942
203,0.5468220053993683,0.5468211980499659,0.0009281626258905892,4.430366480949801,2.4758717805150816,1.6552725654935934,3.1477853709366346,-1.0,-1.5722539563445501,0.8989597944770928,1.0553389561861726,-1.2640077046776186,0.0011234643300618906,0.8805052780570852,-1.8734619371407746e-05,0.0,-6.701698611610851e-07,7.127438935383701e-05,-0.00010992182445446197,-0.00014500936922678953,6.866359304219961e-07,0.00018365680069865054
204,0.5468212516062271,0.5468204438717078,0.0009283833635296473,4.430366478593814,2.475871026309235,1.655272490282445,3.147766633820035,-1.0,-1.5722546276166647,0.899031113132717,1.0552289633484342,-1.2641528441599743,0.0011241520793705882,0.8806890917179121,-1.873711659960975e-05,0.0,-6.712721145607503e-07,7.131865562415296e-05,-0.00010999283773838187,-0.00014513948235572727,6.877493086976383e-07,0.00018381366082687034
205,0.5468204965880027,0.5468196884677426,0.0009286044061766134,4.430366476238168,2.4758702708776363,1.6552724149763,3.1477478942045525,-1.0,-1.5722552999940516,0.899102476134993,1.0551188993658562,-1.2642981140053686,0.0011248409450947071,0.8808730625399508,-1.8739615482488148e-05,0.0,-6.723773868788641e-07,7.136300227594816e-05,-0.00011006398257795702,-0.00014526984539431353,6.888657241189023e-07,0.00018397082203869264
206,0.5468197403413455,0.5468189318347171,0.0009288257548090271,4.430366473882865,2.4758695142169334,1.6552723395749336,3.1477291520885338,-1.0,-1.5722559734797414,0.8991738835645362,1.0550087641064947,-1.264443514464466,0.0011255309302830112,0.8810571908251942,-1.8742116018710675e-05,0.0,-6.734856898837904e-07,7.140742954325763e-05,-0.00011013525936154345,-0.00014540045909727795,6.899851883040986e-07,0.0001841282852433901
207,0.5468189828628921,0.5468181739692679,0.0009290474094471848,4.430366471527904,2.475868756323762,1.6552722640781181,3.1477104074703255,-1.0,-1.5722566480767766,0.8992453355021978,1.0548985574380159,-1.264589045788689,0.0011262220379960385,0.8812414768765476,-1.874461820827733e-05,0.0,-6.745970351218489e-07,7.145193766155966e-05,-0.00011020666847882943,-0.00014553132422312487,6.911077130272291e-07,0.000184286051353455
208,0.546818224149267,0.546817414868017,0.000929269371066843,4.43036646917329,2.4758679971947446,1.655272188485627,3.1476916603482756,-1.0,-1.572257323788211,0.8993168320290649,1.054788279227694,-1.2647347082302214,0.001126914271305984,0.8814259209978332,-1.8747122049855847e-05,0.0,-6.757114343614035e-07,7.149652686710972e-05,-0.00011027821032194574,-0.00014566244153235708,6.922333099456356e-07,0.0001844441212855985
209,0.5468174641970814,0.5468166545275737,0.000929491641359187,4.430366466819024,2.4758672368264896,1.655272112797231,3.147672910720733,-1.0,-1.5722580006171103,0.8993883732264623,1.0546779293424102,-1.264880502042011,0.0011276076332967981,0.8816105234937931,-1.8749627542558045e-05,0.0,-6.768288993708182e-07,7.154119739738451e-05,-0.00011034988528368928,-0.0001457938117896962,6.933619908140211e-07,0.00018460249595986244
210,0.5468167030029341,0.5468158929445353,0.0009297142198639993,4.430366464465105,2.4758664752155948,1.6552720370127016,3.147654158586046,-1.0,-1.5722586785665524,0.8994599591759521,1.0545675076486514,-1.2650264274777736,0.0011283021270643593,0.8817952846700935,-1.8752134687272104e-05,0.0,-6.779494421405019e-07,7.158594948986075e-05,-0.00011042169375885535,-0.00014592543576252837,6.944937675612117e-07,0.00018476117630039646
211,0.5468159405634088,0.5468151301154838,0.0009299371085089344,4.4303664621115395,2.475865712358641,1.655271961131808,3.147635403942564,-1.0,-1.5722593576396267,0.8995315899593364,1.0544570140125071,-1.2651724847919947,0.001128997755716554,0.8819802048333287,-1.8754643481777578e-05,0.0,-6.790730742167739e-07,7.163078338423556e-05,-0.00011049363614423768,-0.00014605731422112633,6.956286521947463e-07,0.00018492016323523597
212,0.5468151768750789,0.5468143660369909,0.0009301603070710413,4.430366459758322,2.4758649482522017,1.6552718851543207,3.147616646788637,-1.0,-1.572260037839434,0.8996032656586562,1.0543464482996698,-1.2653186742399345,0.0011296945223730618,0.8821652842910249,-1.8757153926962644e-05,0.0,-6.801998073679982e-07,7.167569931987305e-05,-0.0001105657128372961,-0.00014618944793975963,6.96766656507709e-07,0.00018507945769619116
213,0.5468144119345022,0.5468136007056125,0.0009303838165205692,4.430366457405463,2.475864182892831,1.6552718090800076,3.1475978871226173,-1.0,-1.5722607191690883,0.8996749863561947,1.0542358103754317,-1.2654649960776292,0.0011303924301657635,0.8823505233516437,-1.875966601971868e-05,0.0,-6.813296542507175e-07,7.172069753846877e-05,-0.000110637924238155,-0.0001463218376946962,6.979077927017109e-07,0.00018523906061873596
214,0.5468136457382247,0.5468128341178923,0.0009306076380651258,4.4303664550529565,2.475863416277073,1.6552717329086364,3.147579124942855,-1.0,-1.5722614016317147,0.8997467521344764,1.0541251001046839,-1.265611450561896,0.0011310914822385857,0.8825359223245859,-1.876217976226613e-05,0.0,-6.82462626411251e-07,7.176577828171826e-05,-0.00011071027074782691,-0.0001464544842668669,6.990520728222382e-07,0.00018539897294223007
215,0.5468128782827772,0.546812066270361,0.0009308317721952113,4.4303664527008095,2.475862648401459,1.6552716566399737,3.147560360247704,-1.0,-1.5722620852304507,0.8998185630762693,1.0540143173519145,-1.2657580379503357,0.0011317916817475597,0.8827214815201961,-1.876469515105228e-05,0.0,-6.835987360620521e-07,7.18109417928714e-05,-0.00011078275276932281,-0.00014658738843964514,7.001995089739744e-07,0.00018555919561025203
216,0.5468121095646806,0.5468112971595357,0.000931056219877513,4.430366450349021,2.4758618792625047,1.655271580273786,3.1475415930355166,-1.0,-1.572262769968446,0.8998904192645848,1.0539034619812073,-1.265904758501335,0.001132493031860937,0.8829072012497662,-1.87672121874094e-05,0.0,-6.847379951935295e-07,7.18561883155111e-05,-0.00011085537070720797,-0.00014672055099929082,7.013501133773959e-07,0.00018571972957004412
217,0.546811339580438,0.546810526781919,0.000931280981362182,4.430366447997594,2.475861108856713,1.6552715038098378,3.1475228233046466,-1.0,-1.5722634558488624,0.8999623207826798,1.0537925338562397,-1.2660516124740713,0.0011331955357593848,0.8830930818255391,-1.876973087000522e-05,0.0,-6.858804164622256e-07,7.190151809499667e-05,-0.00011092812496760196,-0.00014685397273628276,7.025038984477018e-07,0.00018588057577295647
218,0.5468105683265416,0.5468097551340013,0.0009315060585674129,4.43036644564653,2.475860337180575,1.6552714272478937,3.1475040510534495,-1.0,-1.5722641428748745,0.9000342677140567,1.053681532840281,-1.266198600128515,0.0011338991966357904,0.8832791235607133,-1.8772251197063383e-05,0.0,-6.870260120805938e-07,7.194693137690944e-05,-0.00011100101595862277,-0.00014698765444376427,7.036608764055853e-07,0.00018604173517411393
219,0.5468097957994699,0.546808982212258,0.0009317314507877729,4.4303664432958305,2.4758595642305647,1.6552713505877181,3.14748527628028,-1.0,-1.5722648310496683,0.900106260142465,1.0535704587961914,-1.2663457217254332,0.0011346040176954371,0.8834653267694462,-1.877477316947207e-05,0.0,-6.88174793816998e-07,7.199242840827402e-05,-0.00011107404408972066,-0.00014712159691820936,7.048210596467298e-07,0.00018620320873297125
220,0.5468090219956863,0.5468082080131528,0.0009319571599390111,4.4303664409454955,2.4758587900031466,1.655271273829073,3.1474664989834946,-1.0,-1.5722655203764428,0.9001782981519024,1.0534593115864193,-1.2664929775263931,0.0011353100021560232,0.8836516917668585,-1.8777296785454922e-05,0.0,-6.893267745500253e-07,7.203800943744731e-05,-0.00011114720977212222,-0.0001472558009598668,7.059844605861176e-07,0.00018636499741231383
221,0.5468082469116422,0.5468074325331335,0.000932183186505508,4.430366438595531,2.4758580144947677,1.6552711969717198,3.1474477191614514,-1.0,-1.5722662108584098,0.9002503818266157,1.0533480910730004,-1.2666403677937648,0.0011360171532479924,0.8838382188690384,-1.8779822043235583e-05,0.0,-6.904819669362183e-07,7.20836747132303e-05,-0.00011122051341883044,-0.00014739026737164984,7.071510919691958e-07,0.00018652710217981205
222,0.5468074705437724,0.5468066557686342,0.000932409531447132,4.430366436245935,2.475857237701863,1.6552711200154198,3.1474289368125072,-1.0,-1.572266902498793,0.900322511251101,1.0532367971175562,-1.266787892790725,0.0011367254742142231,0.884024908393045,-1.878234894414632e-05,0.0,-6.916403831880302e-07,7.212942448531212e-05,-0.00011129395544418053,-0.00014752499696024657,7.083209662306789e-07,0.00018668952400668903
223,0.5468066928885018,0.5468058777160774,0.0009326361952463286,4.430366433896709,2.4758564596208537,1.6552710429599335,3.1474101519350226,-1.0,-1.572267595300829,0.900394686510106,1.0531254295812909,-1.2669355527812611,0.0011374349683102027,0.8842117606569131,-1.878487748463442e-05,0.0,-6.928020359620035e-07,7.217525900504729e-05,-0.00011136753626539431,-0.00014765999053611978,7.094940959796216e-07,0.00018685226386805365
224,0.5468059139422382,0.5468050983718687,0.0009328631786227726,4.430366431547857,2.4758556802481464,1.6552709658050206,3.147391364527356,-1.0,-1.5722682892677668,0.9004669076886304,1.0530139883249914,-1.2670833480301735,0.0011381456388042418,0.8843987759796569,-1.878740766647624e-05,0.0,-6.939669379146807e-07,7.22211785243454e-05,-0.00011144125629947155,-0.00014779524891239681,7.106704940390996e-07,0.00018701532274378874
225,0.5468051337013761,0.5468043177324019,0.0009330904827710448,4.430366429199382,2.475854899580134,1.6552708885504388,3.14737257458787,-1.0,-1.5722689844028688,0.9005391748719269,1.0529024732090242,-1.2672312788030795,0.0011388574889773576,0.8845859546812738,-1.8789939486119067e-05,0.0,-6.951351019246488e-07,7.226718329655935e-05,-0.00011151511596718677,-0.00014793077290597978,7.118501731157457e-07,0.00018717870161688577
226,0.5468043521622961,0.5468035357940552,0.000933318108646323,4.430366426851282,2.475854117613194,1.6552708111959455,3.1473537821149247,-1.0,-1.5722696807094094,0.9006114881455023,1.0527908840933349,-1.2673793453664164,0.0011395705221234874,0.8847732970827495,-1.8792472945339256e-05,0.0,-6.963065406484503e-07,7.231327357537509e-05,-0.00011158911568931451,-0.0001480665633368794,7.130331461297802e-07,0.0001873424014757763
227,0.5468035693213654,0.5468027525531933,0.0009335460562511188,4.430366424503562,2.475853334343692,1.6552707337412982,3.1473349871068845,-1.0,-1.5722703781906764,0.9006838475951187,1.052679220837445,-1.2675275479874457,0.0011402847415493526,0.8849608035060614,-1.8795008040140004e-05,0.0,-6.974812669646724e-07,7.235944961636598e-05,-0.00011166325588995996,-0.00014820262102932524,7.142194258652479e-07,0.0001875064233118895
228,0.5468027851749353,0.5468019680061664,0.0009337743270143642,4.430366422156222,2.4758525497679784,1.655270656186253,3.1473161895621122,-1.0,-1.5722710768499701,0.9007562533067941,1.0525674833004515,-1.267675886934256,0.00114100015057477,0.8851484742741829,-1.879754477229767e-05,0.0,-6.986592937519021e-07,7.240571167543841e-05,-0.00011173753699345035,-0.00014833894681021143,7.154090254173594e-07,0.00018767076812142847
229,0.5468019997193435,0.5468011821493105,0.0009340029218877911,4.430366419809265,2.475851763882388,1.655270578530563,3.1472973894789726,-1.0,-1.5722717766906043,0.9008287053668043,1.0524556713410247,-1.2678243624757664,0.0011417167525325737,0.8853363097110873,-1.8800083139591806e-05,0.0,-6.99840634110771e-07,7.245206001016413e-05,-0.00011181195942677746,-0.00014847554151042885,7.166019578036965e-07,0.00018783543690448212
230,0.5468012129509132,0.5468003949789468,0.0009342318411088348,4.430366417462692,2.475850976683242,1.6552705007739847,3.147278586855832,-1.0,-1.5722724777159054,0.9009012038616828,1.0523437848174058,-1.2679729748817303,0.0011424345507686149,0.8855243101417531,-1.8802623140690145e-05,0.0,-7.01025301141911e-07,7.249849487855897e-05,-0.00011188652361893148,-0.00014861240596397707,7.177982360411905e-07,0.0001880004306658023
231,0.5468004248659549,0.5467996064913829,0.0009344610863400675,4.430366415116505,2.4758501881668487,1.6552704229162698,3.1472597816910572,-1.0,-1.572273179929213,0.9009737488782231,1.052231823587406,-1.2681217244227392,0.001143153548642151,0.8857124758921671,-1.8805164774704508e-05,0.0,-7.022133075018644e-07,7.25450165403041e-05,-0.00011196122999979075,-0.0001487495410088524,7.18997873536218e-07,0.0001881657504139156
232,0.5467996354607613,0.546798816682911,0.0009346906578167332,4.430366412770707,2.4758493983294994,1.655270344957172,3.147240973983017,-1.0,-1.5722738833338799,0.9010463405034789,1.0521197875084038,-1.2682706113702253,0.001143873749525418,0.8859008072893291,-1.880770804030263e-05,0.0,-7.034046669573968e-07,7.25916252557468e-05,-0.0001120360790021202,-0.00014888694748615983,7.202008832668961e-07,0.00018833139716201153
233,0.5467988447316133,0.5467980255498094,0.0009349205562485059,4.430366410425297,2.475848607167473,1.6552702668964407,3.1472221637300795,-1.0,-1.5722745879332722,0.9011189788247654,1.0520076764373447,-1.2684196359964663,0.0011445951568040378,0.8860893046612562,-1.8810252937484506e-05,0.0,-7.045993923870952e-07,7.263832128656666e-05,-0.00011211107105912888,-0.0001490246262410011,7.214072786198688e-07,0.00018849737192716542
234,0.5467980526747748,0.54679723308834,0.0009351507828189043,4.43036640808028,2.47584781467703,1.6552701887338286,3.147203350930616,-1.0,-1.5722752937307698,0.9011916639296605,1.0518954902307371,-1.2685687985745877,0.0011453177738770391,0.8862779683369875,-1.8812799463585606e-05,0.0,-7.057974975577253e-07,7.268510489510938e-05,-0.0001121862066075785,-0.00014916257812136458,7.22617073001296e-07,0.00018866367573122655
235,0.5467972592864973,0.5467964392947529,0.0009353813384725534,4.430366405735657,2.4758470208544217,1.6552701104690846,3.147184535582997,-1.0,-1.572276000729765,0.9012643959060059,1.051783228744653,-1.2687180993785678,0.001146041604156856,0.8864667986465874,-1.8815347619050016e-05,0.0,-7.069989951258293e-07,7.273197634538597e-05,-0.00011226148608423081,-0.00014930080398012358,7.23830279816904e-07,0.00018883030959992997
236,0.546796464563015,0.5467956441652803,0.000935612223440824,4.430366403391429,2.4758462256958795,1.655270032101957,3.1471657176855943,-1.0,-1.5722767089336642,0.9013371748419081,1.0516708918347242,-1.2688675386832402,0.0011467666510695034,0.8866557959211511,-1.881789740254547e-05,0.0,-7.082038993022621e-07,7.277893590218465e-05,-0.00011233690992873413,-0.00014943930467237188,7.250469126474091e-07,0.00018899727456367366
237,0.5467956685005493,0.5467948476961408,0.0009358434393781121,4.430366401047598,2.475845429197622,1.655269953632194,3.1471468972367833,-1.0,-1.5722774183458874,0.9014100008257393,1.0515584793561412,-1.2690171167642974,0.0011474929180545384,0.8868449604928085,-1.882044881096334e-05,0.0,-7.094122231876554e-07,7.282598383118177e-05,-0.00011241247858295722,-0.00014957808105720005,7.262669850349301e-07,0.00018916457165740752
238,0.5467948710953043,0.5467940498835384,0.0009360749865135806,4.430366398704166,2.4758446313558524,1.6552698750595431,3.147128074234938,-1.0,-1.572278128969868,0.9014828739461389,1.0514459911636518,-1.2691668338982955,0.001148220408565118,0.8870342926947286,-1.882300184519181e-05,0.0,-7.106239805487746e-07,7.287312039960803e-05,-0.00011248819248943498,-0.00014971713399813957,7.274905105796991e-07,0.00018933220192007827
239,0.5467940723434734,0.546793250723662,0.0009363068657872623,4.430366396361134,2.4758438321667606,1.6552697963837493,3.147109248678436,-1.0,-1.5722788408090527,0.9015557942920148,1.0513334271115582,-1.2693166903626574,0.001148949126068136,0.8872237928611235,-1.8825556502122254e-05,0.0,-7.118391847082961e-07,7.292034587591534e-05,-0.00011256405209358888,-0.00014985646436183053,7.287175030179071e-07,0.00018950016639496248
240,0.5467932722412292,0.5467924502126844,0.000936539078374997,4.430366394018508,2.475843031626519,1.6552697176045588,3.1470904205656542,-1.0,-1.5722795538669023,0.9016287619525436,1.051220787053716,-1.2694666864356756,0.001149679074044358,0.8874134613272541,-1.882811278175467e-05,0.0,-7.130578496550299e-07,7.296766052877768e-05,-0.00011264005784217268,-0.0001499960730182437,7.299479762219209e-07,0.00018966846613055477
241,0.5467924707847328,0.5467916483467636,0.0009367716249770405,4.430366391676286,2.4758422297312848,1.6552696387217152,3.147071589894972,-1.0,-1.5722802681468915,0.9017017770171726,1.0511080708435323,-1.2696168223965174,0.0011504102559883633,0.8876032984294331,-1.88306706823127e-05,0.0,-7.142799891557416e-07,7.301506462897844e-05,-0.00011271621018371647,-0.0001501359608417907,7.311819440053435e-07,0.0001898371021790135
242,0.546791667970128,0.5467908451220425,0.0009370045062925961,4.430366389334471,2.4758414264772015,1.655269559734962,3.147052756664768,-1.0,-1.5722809836525091,0.9017748395756202,1.0509952783339633,-1.2697670985252278,0.001151142675408604,0.8877933045050307,-1.8833230203796347e-05,0.0,-7.155056176433305e-07,7.30625584476341e-05,-0.0001127925095689708,-0.00015027612871043594,7.324194202407586e-07,0.00019000607559760407
243,0.5467908637935444,0.5467900405346482,0.0009372377234936423,4.4303663869930645,2.475840621860396,1.6552694806440416,3.147033920873425,-1.0,-1.5722817003872571,0.9018479497178781,1.0508824093775124,-1.2699175151027335,0.0011518763358275596,0.8879834798924783,-1.8835791343096986e-05,0.0,-7.167347479963837e-07,7.31101422578595e-05,-0.00011286895645090667,-0.00015041657750569648,7.336604189555739e-07,0.00019017538744758866
244,0.5467900582510965,0.5467892345806926,0.0009374712772769213,4.4303663846520696,2.475839815876979,1.655269401448695,3.1470150825193257,-1.0,-1.5722824183546522,0.9019211075342113,1.050769463826229,-1.2700680724108464,0.001152611240781815,0.8881738249312736,-1.8838354099326438e-05,0.0,-7.179673950918897e-07,7.315781633321361e-05,-0.00011294555128338324,-0.00015055730811286416,7.349049542554765e-07,0.00019034503879533649
245,0.546789251338883,0.546788427256273,0.0009377051683381192,4.430366382311486,2.475839008523049,1.6552693221486634,3.146996241600854,-1.0,-1.5722831375582247,0.90199431311516,1.0506564415317057,-1.2702187707322674,0.0011533473938221577,0.8883643399619849,-1.8840918471596524e-05,0.0,-7.192035724745693e-07,7.320558094869867e-05,-0.00011302229452336832,-0.0001506983214210056,7.361530403426474e-07,0.00019051503071132458
246,0.5467884430529857,0.5467876185574689,0.0009379393980820748,4.430366379971319,2.475838199794685,1.6552692427436857,3.1469773981163964,-1.0,-1.5722838580015193,0.9020675665515404,1.0505433423450767,-1.2703696103505913,0.0011540847985134805,0.8885550253262557,-1.88434844576868e-05,0.0,-7.20443294577322e-07,7.325343638042714e-05,-0.00011309918662893992,-0.0001508396183238503,7.374046913227739e-07,0.00019068536427080396
247,0.546787633389471,0.5467868084803453,0.000938173966728471,4.430366377631569,2.4758373896879515,1.6552691632335008,3.1469585520643393,-1.0,-1.572284579688095,0.9021408679344458,1.0504301661170163,-1.2705205915503086,0.0011548234584349952,0.8887458813668097,-1.8846052057153173e-05,0.0,-7.216865758330471e-07,7.330138290539967e-05,-0.00011317622806039651,-0.00015098119971734825,7.38659921514697e-07,0.0001908560405539106
248,0.5467868223443915,0.5467859970209522,0.0009384088752062583,4.430366375292237,2.4758365781988982,1.6552690836178463,3.1469397034430715,-1.0,-1.572285302621525,0.9022142173552482,1.0503169126977363,-1.2706717146168116,0.0011555633771803302,0.8889369084274547,-1.88486212677752e-05,0.0,-7.2293343000851e-07,7.334942080239326e-05,-0.00011325341928003496,-0.00015112306650300056,7.399187453350532e-07,0.0001910270606449993
249,0.5467860099137818,0.5467851841753227,0.0009386441249162071,4.430366372953326,2.4758357653235588,1.6552690038964588,3.1469208522509833,-1.0,-1.572286026805397,0.9022876149055993,1.0502035819369844,-1.2708229798363968,0.0011563045583575103,0.8891281068530881,-1.8851192088220614e-05,0.0,-7.241838719806992e-07,7.339755035107309e-05,-0.0001133307607519285,-0.0001512652195851949,7.411811771800957e-07,0.00019119842563342093
250,0.5467851960936619,0.5467843699394739,0.0009388797167843134,4.430366370614838,2.4758349510579496,1.6552689240690743,3.1469019984864657,-1.0,-1.5722867522433128,0.9023610606774309,1.050090173684042,-1.2709743874962691,0.0011570470055889963,0.8893194769897013,-1.8853764517601235e-05,0.0,-7.25437915738425e-07,7.344577183165946e-05,-0.00011340825294237078,-0.00015140765987231575,7.424472314859765e-07,0.00019137013661318925
251,0.546784380880034,0.5467835543094066,0.0009391156510259504,4.430366368276775,2.4758341353980717,1.655268844135427,3.146883142147913,-1.0,-1.5722874789388892,0.9024345547629576,1.0499766877877226,-1.271125937884546,0.001157790722512112,0.8895110191843841,-1.8856338552808438e-05,0.0,-7.266955763807204e-07,7.349408552670411e-05,-0.00011348589631943184,-0.00015155038827696643,7.437169231155893e-07,0.00019154219468286993
252,0.5467835642688859,0.5467827372811068,0.000939351929037804,4.430366365939139,2.4758333183399106,1.6552687640952513,3.146864283233719,-1.0,-1.5722882068957573,0.9025080972546768,1.0498631240963692,-1.2712776312902618,0.0011585357127785582,0.88970273378533,-1.8858914193842224e-05,0.0,-7.279568681184401e-07,7.354249171920291e-05,-0.00011356369135340216,-0.00015169340571574708,7.449902664463225e-07,0.00019171460094591364
253,0.5467827462561887,0.5467819188505433,0.0009395885517421368,4.43036636360193,2.475832499879435,1.6552686839482793,3.14684542174228,-1.0,-1.572288936117563,0.90258168824537,1.0497494824578528,-1.2714294680033709,0.0011592819800548802,0.8898946211418407,-1.8861491438926237e-05,0.0,-7.29221805606528e-07,7.359099069315089e-05,-0.00011364163851634856,-0.00015183671310903257,7.46267276321988e-07,0.00019188735651065603
254,0.5467819268378968,0.5467810990136684,0.0009398255195873805,4.430366361265154,2.4758316800125977,1.6552686036942437,3.1468265576719947,-1.0,-1.5722896666079669,0.9026553278281046,1.04963576271957,-1.271581448314752,0.0011600295280224469,0.8900866816043307,-1.886407028539594e-05,0.0,-7.304904039440174e-07,7.363958273465254e-05,-0.00011371973828278037,-0.0001519803113811946,7.475479675666651e-07,0.00019206046248998465
255,0.5467811060099499,0.5467802777664189,0.000940062833729741,4.4303663589288105,2.4758308587353346,1.6552685233328748,3.1468076910212623,-1.0,-1.5722903983706444,0.9027290160962348,1.0495219647284417,-1.2717335725162124,0.0011607783603776265,0.8902789155243328,-1.8866650732363155e-05,0.0,-7.317626775638075e-07,7.36882681301454e-05,-0.00011379799112831712,-0.00015212420146037964,7.488323551796405e-07,0.00019223392000211614
256,0.5467802837682678,0.5467794551047142,0.000940300495323875,4.430366356592902,2.4758300360435657,1.655268442863902,3.1467888217884843,-1.0,-1.572291131409286,0.9028027531434026,1.04940808833091,-1.271885840900492,0.0011615284808315144,0.8904713232545022,-1.8869232778051526e-05,0.0,-7.330386415649315e-07,7.373704716784335e-05,-0.00011387639753168699,-0.00015226838427961908,7.501204538878491e-07,0.00019240773016937496
257,0.5467794601087568,0.5467786310244577,0.0009405385050507231,4.4303663542574325,2.475829211933193,1.6552683622870548,3.146769949972064,-1.0,-1.572291865727597,0.9028765390635393,1.0492941333729369,-1.272038253761267,0.001162279893110574,0.8906639051486219,-1.8871816420240606e-05,0.0,-7.343183110464224e-07,7.378592013662644e-05,-0.00011395495797317245,-0.00015241286077483096,7.514122790596399e-07,0.0001925818941197477
258,0.5467786350273061,0.5467778055215359,0.0009407768642982187,4.430366351922401,2.475828386400104,1.6552682816020612,3.1467510755704047,-1.0,-1.5722926013292982,0.9029503739508663,1.049180099700002,-1.2721908113931542,0.0011630326009560933,0.8908566615616076,-1.8874401659374485e-05,0.0,-7.356017011073135e-07,7.383488732704002e-05,-0.00011403367293483235,-0.00015255763188726235,7.527078455193091e-07,0.00019275641298566182
259,0.5467778085197871,0.5467769785918187,0.000941015572800761,4.4303663495878105,2.4758275594401677,1.6552682008086477,3.146732198581914,-1.0,-1.5722933382181248,0.9030242578998976,1.0490659871571006,-1.2723435140917156,0.0011637866081247285,0.8910495928495121,-1.887698849056818e-05,0.0,-7.368888266245932e-07,7.38839490312948e-05,-0.00011411254290139006,-0.000152702698561491,7.540071686352057e-07,0.00019293128790454084
260,0.5467769805820553,0.5467761502311597,0.0009412546326516583,4.430366347253663,2.475826731049238,1.6552681199065395,3.146713319005,-1.0,-1.5722940763978277,0.9030981910054392,1.0489517955887413,-1.2724963621534617,0.001164541918388465,0.891242699369531,-1.8879576914265783e-05,0.0,-7.381797029193393e-07,7.393310554160148e-05,-0.0001141915683593453,-0.00015284806174609145,7.553102637364306e-07,0.00019310652001891526
261,0.5467761512099492,0.5467753204353947,0.0009414940445266438,4.430366344919961,2.4758259012231507,1.6552680388954624,3.146694436838073,-1.0,-1.572294815872173,0.9031721733625916,1.0488375248389437,-1.272649355875856,0.0011652985355345203,0.8914359814800075,-1.888216692691458e-05,0.0,-7.394743453126296e-07,7.398235715239121e-05,-0.00011427074979764029,-0.0001529937223943012,7.566171460553738e-07,0.00019328211047642263
262,0.5467753203992887,0.5467744892003423,0.0009417338088645865,4.430366342586709,2.475825069957724,1.6552679577751404,3.146675552079545,-1.0,-1.5722955566449426,0.9032462050667508,1.0487231747512373,-1.2728024955573192,0.0011660564633657333,0.891629439540437,-1.8884758528070478e-05,0.0,-7.407727695696309e-07,7.403170415920535e-05,-0.00011435008770632749,-0.0001531396814631325,7.579278312130032e-07,0.00019345806042958547
263,0.5467744881458799,0.5467736565218058,0.0009419739270464039,4.430366340253905,2.475824237248761,1.6552678765452953,3.146656664727829,-1.0,-1.572296298719933,0.9033202862136096,1.0486087451686585,-1.2729557814972337,0.001166815705700311,0.8918230739114725,-1.8887351715957124e-05,0.0,-7.420749903452872e-07,7.408114685880651e-05,-0.00011442958257878999,-0.00015328593991448258,7.592423345776679e-07,0.0001936343710354782
264,0.546773654445509,0.5467728223955695,0.0009422143997442208,4.430366337921553,2.4758234030920456,1.6552677952056494,3.1466377747813414,-1.0,-1.572297042100957,0.9033944168991587,1.0484942359337486,-1.2731092139959472,0.0011675762663720807,0.8920168849549298,-1.8889946487465892e-05,0.0,-7.433810240708993e-07,7.413068554906754e-05,-0.00011450923490996523,-0.00015343249871357934,7.605606717696854e-07,0.0001938110434572815
265,0.5467728192939466,0.5467719868174011,0.0009424552281002812,4.430366335589656,2.475822567483346,1.655267713755923,3.1466188822384997,-1.0,-1.5722977867918426,0.9034685972196879,1.048379646888552,-1.2732627933547775,0.0011683381492307633,0.8922108730337924,-1.8892542841708604e-05,0.0,-7.446908856234558e-07,7.418032052919354e-05,-0.00011458904519656699,-0.0001535793588303136,7.618828586825922e-07,0.00019398807886261693
266,0.5467719826869437,0.5467711497830512,0.0009426964132552598,4.430366333258214,2.4758217304184122,1.6552676321958366,3.1465999870977237,-1.0,-1.5722985327964338,0.9035428272717876,1.0482649778746134,-1.2734165198760163,0.001169101358141661,0.8924050385122168,-1.8895140776020725e-05,0.0,-7.460045912122126e-07,7.423005209972189e-05,-0.00011466901393863971,-0.00015372652123879504,7.632089108976746e-07,0.00019416547842432408
267,0.5467711446202369,0.5467703112882523,0.0009429379556418152,4.430366330927232,2.475820891892977,1.6552675505251075,3.146581089357435,-1.0,-1.5722992801185902,0.9036171071523503,1.0481502287329763,-1.2735703938629341,0.00116986589698595,0.8925993817555372,-1.8897740288625897e-05,0.0,-7.473221563802923e-07,7.427988056274426e-05,-0.00011474914163711603,-0.0001538739869177963,7.645388442889534e-07,0.0001943432433204606
268,0.5467703050895426,0.5467694713287198,0.0009431798563980211,4.43036632859671,2.4758200519027547,1.6552674687434543,3.1465621890160573,-1.0,-1.5723000287621878,0.9036914369585713,1.0480353993041804,-1.2737244156197838,0.0011706317696608542,0.8927939031302716,-1.8900341377747765e-05,0.0,-7.486435975589956e-07,7.432980622101848e-05,-0.00011482942879581515,-0.0001540217568496427,7.658726749043554e-07,0.00019452137473441322
269,0.5467694640905622,0.5467686299001521,0.0009434221166603766,4.430366326266651,2.4758192104434444,1.6552673868505936,3.1465432860720157,-1.0,-1.5723007787311176,0.9037658167879506,1.0479204894282599,-1.2738785854518058,0.0011713989800795105,0.8929886030041262,-1.890294404160997e-05,0.0,-7.499689298473555e-07,7.437982937930077e-05,-0.00011490987592055468,-0.00015416983202198864,7.672104186562823e-07,0.00019469987385456466
270,0.5467686216189764,0.5467677869982285,0.0009436647373285031,4.430366323937057,2.4758183675107253,1.6552673048462403,3.1465243805237386,-1.0,-1.5723015300292875,0.9038402467382939,1.0478054989447405,-1.2740329036652316,0.00117216753217122,0.8931834817460009,-1.890554827710389e-05,0.0,-7.512981698987176e-07,7.442995034323552e-05,-0.00011499048351937269,-0.0001543182134258192,7.68552091709538e-07,0.00019487874187473775
271,0.5467677776704498,0.5467669426186114,0.0009439077190654454,4.430366321607931,2.475817523100259,1.6552672227301088,3.1465054723696553,-1.0,-1.5723022826606212,0.9039147269077137,1.047690427692638,-1.2741873705672886,0.0011729374298816238,0.893378539725995,-1.8908154083341344e-05,0.0,-7.526313337002932e-07,7.44801694197994e-05,-0.00011507125210252767,-0.00015446690205700442,7.698977104036997e-07,0.00019505797999408436
272,0.5467669322406301,0.5467660967569454,0.0009441510637090474,4.430366319279273,2.47581667720769,1.6552671405019126,3.146486561608198,-1.0,-1.5723030366290585,0.9039892573946313,1.0475752755104557,-1.274341986466205,0.0011737086771724304,0.8935737773154119,-1.891076145721371e-05,0.0,-7.539684372392941e-07,7.453048691763442e-05,-0.00011515218218227652,-0.00015461589891629934,7.712472908066436e-07,0.00019523758941686342
273,0.5467660853251453,0.5467652494088568,0.0009443947707436577,4.430366316951089,2.4758158298286452,1.6552670581613644,3.1464676482378016,-1.0,-1.5723037919385554,0.9040638382977777,1.0474600422361817,-1.274496751671213,0.0011744812780217662,0.8937691948867645,-1.891337039650054e-05,0.0,-7.553094969470209e-07,7.458090314638177e-05,-0.00011523327427398478,-0.00015476520500801172,7.726008493357927e-07,0.0001954175713526629
274,0.5467652369196049,0.5467644005699537,0.0009446388427094891,4.430366314623377,2.4758149809587318,1.6552669757081744,3.1464487322569012,-1.0,-1.572304548593085,0.9041384697161948,1.0473447277072878,-1.2746516664925547,0.0011752552364243302,0.893964792813781,-1.8915980900313656e-05,0.0,-7.566545296988636e-07,7.463141841712595e-05,-0.00011531452889390614,-0.00015491482134177836,7.739584025640445e-07,0.0001955979270165109
275,0.5467643870196021,0.5467635502358256,0.0009448832797937408,4.430366312296141,2.4758141305935393,1.6552668931420533,3.1464298136639357,-1.0,-1.5723053065966364,0.9042131517492371,1.047229331760726,-1.2748067312414855,0.0011760305563912,0.8941605714714105,-1.8918592965544434e-05,0.0,-7.580035512599892e-07,7.468203304228371e-05,-0.00011539594656184704,-0.0001550647489307888,7.753199668697908e-07,0.0001957786576294307
276,0.546763535620711,0.5467626984020448,0.0009451280824179304,4.4303663099693855,2.4758132787286407,1.6552668104627102,3.1464108924573466,-1.0,-1.5723060659532153,0.9042878844965728,1.047113854232927,-1.2749619462302788,0.001176807241950337,0.8943565312358273,-1.892120658908425e-05,0.0,-7.593565789498768e-07,7.473274733571511e-05,-0.00011547752779894616,-0.00015521498879333961,7.766855591368783e-07,0.00019595976441677543
277,0.5467626827184867,0.5467618450641645,0.0009453732528817168,4.430366307643109,2.4758124253595875,1.655266727669852,3.1463919686355766,-1.0,-1.5723068266668438,0.9043626680581853,1.0469982949597978,-1.2751173117722312,0.0011775852971461582,0.8945526724844376,-1.8923821770044924e-05,0.0,-7.607136285336935e-07,7.478356161250144e-05,-0.00011555927312922876,-0.00015536554195239027,7.780551958213276e-07,0.00019614124861033755
278,0.546761828308466,0.5467609902177194,0.0009456187911338049,4.430366305317315,2.4758115704819152,1.6552666447631867,3.146373042197072,-1.0,-1.5723075887415612,0.9044375025343747,1.0468826537767189,-1.2752728281816663,0.0011783647260400433,0.8947489955958843,-1.8926438504429655e-05,0.0,-7.620747173309184e-07,7.483447618938932e-05,-0.00011564118307894056,-0.00015551640943511913,7.79428893885048e-07,0.00019632311144668346
279,0.5467609723861687,0.5467601338582262,0.0009458646985310423,4.430366302992009,2.47581071409114,1.6552665617424194,3.1463541131402812,-1.0,-1.5723083521814234,0.9045123880257588,1.0467669305185427,-1.2754284957739397,0.0011791455327102352,0.8949455009500528,-1.8929056790906174e-05,0.0,-7.634398622169414e-07,7.488549138412459e-05,-0.00011572325817610363,-0.00015566759227336746,7.808066701919369e-07,0.0001965053541684858
280,0.5467601149470931,0.5467592759811819,0.000946110976428435,4.430366300667189,2.4758098561827593,1.6552664786072548,3.1463351814636527,-1.0,-1.5723091169905032,0.9045873246332748,1.0466511250195911,-1.2755843148654438,0.0011799277212519194,0.8951421889280763,-1.8931676628586303e-05,0.0,-7.648090798451079e-07,7.493660751600739e-05,-0.00011580549895162662,-0.00015581909150408357,7.821885416841711e-07,0.00019668797802352422
281,0.5467592559867211,0.5467584165820653,0.0009463576252406211,4.43036629834286,2.475808996752251,1.6552663953573956,3.14631624716564,-1.0,-1.5723098831728906,0.9046623124581807,1.0465352371136523,-1.2757402857736118,0.001180711295777534,0.8953390599123418,-1.893429801258506e-05,0.0,-7.661823873128526e-07,7.498782490589218e-05,-0.00011588790593886067,-0.00015597090816799053,7.835745256146599e-07,0.00019687098426546257
282,0.5467583955005156,0.5467575556563372,0.0009466046463196494,4.430366296019021,2.4758081357950767,1.6552663119925457,3.1462973102446985,-1.0,-1.5723106507326925,0.9047373516020564,1.0464192666339789,-1.275896408816923,0.0011814962604165759,0.8955361142864954,-1.893692094157018e-05,0.0,-7.675598019396546e-07,7.50391438756326e-05,-0.00011597047967337737,-0.00015612304331114046,7.849646390418064e-07,0.0001970543741536268
283,0.5467575334839183,0.5467566931994373,0.0009468520400776863,4.43036629369568,2.4758072733066747,1.6552662285124051,3.146278370699286,-1.0,-1.5723114196740333,0.9048124421668056,1.0463032134132864,-1.276052684314907,0.001182282619315736,0.8957333524354483,-1.8939545412433034e-05,0.0,-7.689413408229484e-07,7.509056474919173e-05,-0.00011605322069252466,-0.0001562754979840264,7.863588991601899e-07,0.00019723814895289404
284,0.5467566699323544,0.546755829206788,0.0009470998083327095,4.430366291372834,2.4758064092824683,1.6552661449166735,3.1462594285278622,-1.0,-1.5723121900010544,0.9048875842546569,1.0461870772837496,-1.2762091125881492,0.0011830703766392116,0.8959307747453817,-1.894217142384136e-05,0.0,-7.703270210601687e-07,7.514208785130982e-05,-0.00011613612953675911,-0.0001564282732422484,7.877573234755554e-07,0.00019742230993347043
285,0.5467558048412282,0.5467549636737915,0.0009473479519628105,4.430366289050486,2.475805543717859,1.6552660612050512,3.1462404837288904,-1.0,-1.5723129617179146,0.904962777968165,1.0460708580770008,-1.2763656939582944,0.001183859536568588,0.8961283816037537,-1.894479897179835e-05,0.0,-7.717168601928392e-07,7.519371350817039e-05,-0.00011621920674875774,-0.00015658137014518125,7.891599293763374e-07,0.00019760685837200143
286,0.5467549382059264,0.5467540965958322,0.0009475964713760671,4.430366286728642,2.475804676608231,1.655265977377234,3.1462215363008363,-1.0,-1.57231373482879,0.9050380234102131,1.0459545556241272,-1.2765224287480526,0.0011846501033030146,0.8963261733993041,-1.894742805408356e-05,0.0,-7.731108755404392e-07,7.524544204806638e-05,-0.00011630245287364005,-0.000156734789758195,7.90566734426611e-07,0.00019779179555035054
287,0.5467540700218141,0.5467532279682727,0.000947845368150995,4.4303662844073015,2.475803807948947,1.6552658934329207,3.1462025862421674,-1.0,-1.5723145093378754,0.9051133206840126,1.0458381697556687,-1.2766793172812032,0.0011854420810592434,0.8965241505220606,-1.8950058668920633e-05,0.0,-7.745090853106262e-07,7.529727379951279e-05,-0.00011638586845852394,-0.00015688853315065643,7.919777562288323e-07,0.0001979771227564875
288,0.5467532002842382,0.546752357786458,0.0009480946433956017,4.430366282086468,2.4758029377353514,1.6552658093718051,3.146183633551355,-1.0,-1.5723152852493816,0.9051886698931068,1.045721700301615,-1.2768363598826005,0.0011862354740718231,0.8967223133633443,-1.8952690812312767e-05,0.0,-7.759115061567456e-07,7.534920909413323e-05,-0.00011646945405363596,-0.00015704260139726145,7.933930125797461e-07,0.0001981628412837111
289,0.546752328988527,0.5467514860457133,0.0009483442977479983,4.430366279766143,2.4758020659627697,1.655265725193582,3.1461646782268717,-1.0,-1.5723160625675383,0.90526407114137,1.045605147091404,-1.2769935568781778,0.0011870302865932161,0.896920662315776,-1.8955324483371783e-05,0.0,-7.773181567305443e-07,7.540124826321826e-05,-0.00011655321021097897,-0.00015719699557736888,7.948125213929746e-07,0.00019834895243175943
290,0.5467514561299869,0.546750612741343,0.0009485943323133256,4.430366277446329,2.475801192626506,1.655265640897945,3.146145720267195,-1.0,-1.5723168412965927,0.9053395245330111,1.0454885099539184,-1.2771509085949524,0.001187826522893565,0.8971191977732821,-1.895795967676861e-05,0.0,-7.787290543515013e-07,7.545339164116704e-05,-0.00011663713748566451,-0.0001573517167745564,7.962363003488192e-07,0.00019853545750603274
291,0.5467505817039061,0.5467497378686327,0.0009488447486631346,4.43036627512703,2.4758003177218457,1.6552655564845848,3.1461267596708034,-1.0,-1.57231762144081,0.9054150301725739,1.0453717887174836,-1.2773084153610312,0.0011886241872613725,0.8973179201310998,-1.896059639161507e-05,0.0,-7.801442174493189e-07,7.550563956271183e-05,-0.00011672123643480248,-0.00015750676607884095,7.976643678075934e-07,0.00019872235781770442
292,0.5467497057055517,0.5467488614228474,0.0009490955469631351,4.430366272808248,2.4757994412440536,1.6552654719531932,3.1461077964361777,-1.0,-1.5723184030044737,0.9054905881649383,1.0452549832098654,-1.2774660775056148,0.0011894232840029193,0.8975168297857838,-1.8963234625690717e-05,0.0,-7.81563663565521e-07,7.555799236447225e-05,-0.00011680550761816733,-0.0001576621445835702,7.990967415467433e-07,0.00019890965468405408
293,0.5467488281301718,0.5467479833992326,0.0009493467283139686,4.430366270489982,2.475798563188375,1.655265387303459,3.1460888305618027,-1.0,-1.5723191859918848,0.905566198615323,1.0451380932582672,-1.2776238953590033,0.0011902238174430011,0.8977159271352122,-1.8965874374998748e-05,0.0,-7.829874111298096e-07,7.561045038462222e-05,-0.00011688995159819804,-0.00015781785338853105,8.005334400818399e-07,0.00019909734942835655
294,0.5467479489729944,0.5467471037930137,0.0009495982949837999,4.4303662681722376,2.4757976835500353,1.6552653025350716,3.1460698620461676,-1.0,-1.5723199704073632,0.9056418616292857,1.0450211186893277,-1.2777818692526002,0.001191025791924619,0.8979152125785921,-1.896851563509827e-05,0.0,-7.844154783498425e-07,7.566301396277897e-05,-0.00011697456893955405,-0.0001579738935968411,8.019744816179387e-07,0.00019928544337988185
295,0.5467470682292255,0.5467462225993949,0.0009498502469002434,4.430366265855017,2.475796802324238,1.655265217647717,3.146050890887762,-1.0,-1.572320756255247,0.9057175773127258,1.044904059329118,-1.2779399995189187,0.0011918292118091925,0.8981146865164659,-1.8971158405545197e-05,0.0,-7.858478838773664e-07,7.571568344011403e-05,-0.00011705936020978136,-0.00015813026631850136,8.034198845734662e-07,0.0001994739378737842
296,0.546746185894053,0.5467453398135613,0.0009501025856264634,4.430366263538323,2.475795919506169,1.655265132641082,3.1460319170850792,-1.0,-1.5723215435398927,0.905793345771885,1.0447869150031395,-1.278098286491586,0.001192634081476696,0.8983143493507175,-1.897380268278681e-05,0.0,-7.872846456979943e-07,7.576845915913122e-05,-0.00011714432597842439,-0.00015828697266728753,8.048696675034585e-07,0.0001996628342516571
297,0.5467453019626434,0.5467444554306766,0.0009503553117889173,4.430366261222161,2.475795035090991,1.6552650475148507,3.1460129406366164,-1.0,-1.5723223322656754,0.9058691671133491,1.0446696855363213,-1.2782567305053485,0.0011934404053257357,0.8985142014845785,-1.8976448462826312e-05,0.0,-7.887257826855176e-07,7.582134146411068e-05,-0.00011722946681813617,-0.00015844401376252648,8.06323849039713e-07,0.00019985213386097822
298,0.5467444164301422,0.546743569445884,0.000950608426480087,4.430366258906526,2.4757941490738475,1.6552649622687072,3.1459939615408716,-1.0,-1.5723231224369887,0.9059450414440496,1.0445523707530178,-1.278415331896077,0.0011942481877736282,0.8987142433226339,-1.897909574477552e-05,0.0,-7.901713132696386e-07,7.587433070055383e-05,-0.00011731478330356815,-0.00015860139072843005,8.077824478925234e-07,0.0002000418380554425
299,0.5467435292916751,0.5467426818543066,0.000950861931491373,4.430366256591425,2.4757932614498612,1.6552648769023335,3.1459749797963483,-1.0,-1.572323914058245,0.9060209688712657,1.0444349704770046,-1.2785740910007717,0.0011950574332565942,0.8989144752708288,-1.8981744523305366e-05,0.0,-7.916212563241487e-07,7.592742721607149e-05,-0.00011740027601314651,-0.00015875910469476118,8.092454829660388e-07,0.00020023194819485113
300,0.5467426405423454,0.5467417926510459,0.0009511158269775884,4.430366254276859,2.4757923722141335,1.65526479141541,3.145955995401552,-1.0,-1.572324707133876,0.9060969495026249,1.0443174845314782,-1.2787330081575676,0.001195868146229662,0.8991148977364745,-1.8984394796195403e-05,0.0,-7.930756309448839e-07,7.598063135916266e-05,-0.00011748594552640768,-0.00015891715679594576,8.107129730676975e-07,0.00020042246564566657
301,0.5467417501772381,0.5467409018311831,0.0009513701147266624,4.430366251962833,2.475791481361745,1.6552647058076175,3.145937008354993,-1.0,-1.5723255016683315,0.9061729834461052,1.0441999127390516,-1.2788920837057398,0.001196680331166958,0.8993155111282544,-1.898704655900474e-05,0.0,-7.945344555615463e-07,7.603394348032477e-05,-0.00011757179242666282,-0.00015907554817218283,8.121849372961544e-07,0.00020061339177990245
302,0.5467408581914137,0.5467400093897778,0.0009516247951241369,4.43036624964935,2.475790588887756,1.655264620078634,3.1459180186551827,-1.0,-1.5723262976660812,0.9062490708100367,1.0440822549217523,-1.2790513179857081,0.0011974939925618632,0.8995163158562309,-1.8989699810401106e-05,0.0,-7.959977497140613e-07,7.608736393149851e-05,-0.00011765781729922153,-0.0001592342799683344,8.136613949051054e-07,0.0002008047279765668
303,0.5467399645799149,0.5467391153218694,0.0009518798704208119,4.430366247336409,2.4757896947872045,1.6552645342281371,3.1458990263006354,-1.0,-1.5723270951316137,0.9063252117031029,1.0439645109010203,-1.2792107113390434,0.001198309134926798,0.8997173123318515,-1.899235454727588e-05,0.0,-7.974655324982649e-07,7.614089306617888e-05,-0.00011774402073205792,-0.00015939335333525761,8.151423649348753e-07,0.00020099647562055178
304,0.5467390693377616,0.5467382196224747,0.0009521353405325166,4.4303662450240155,2.4757887990551084,1.6552644482558032,3.1458800312898703,-1.0,-1.5723278940694367,0.9064014062343422,1.043846680497704,-1.2793702641084719,0.001199125762793846,0.8999185009679548,-1.899501076518817e-05,0.0,-7.989378230099931e-07,7.61945312393042e-05,-0.00011783040331625472,-0.00015955276942847263,8.166278670479043e-07,0.00020118863610329996
305,0.546738172459951,0.5467373222865889,0.0009523912070066894,4.43036624271217,2.475787901686462,1.6552643621613063,3.14586103362141,-1.0,-1.5723286944840777,0.9064776545131503,1.043728763532059,-1.2795299766378807,0.001199943880714247,0.9001198821787776,-1.899766846014117e-05,0.0,-8.004146410112156e-07,7.624827880814422e-05,-0.00011791696564511511,-0.00015971252940882863,8.181179204009605e-07,0.00020138121082280414
306,0.5467372739414613,0.5467364233091885,0.0009526474706893681,4.4303662404008755,2.475787002676242,1.6552642759443206,3.1458420332937798,-1.0,-1.5723294963800831,0.9065539566492807,1.0436107598237436,-1.2796898492723239,0.001200763493258922,0.900321456379961,-1.9000327630358527e-05,0.0,-8.01896005375724e-07,7.630213613041281e-05,-0.00011800370831527296,-0.00015987263444317001,8.196125446751322e-07,0.00020157420118338543
307,0.5467363737772485,0.5467355226852253,0.0009529041331242409,4.430366238090137,2.4757861020193994,1.6552641896045177,3.1458230303055084,-1.0,-1.5723302997620192,0.9066303127528471,1.0434926691918185,-1.2798498823580267,0.0012015846050184552,0.9005232239885567,-1.9002988271399346e-05,0.0,-8.033819360875327e-07,7.635610356637734e-05,-0.00011809063192513847,-0.00016003308570278207,8.211117595330764e-07,0.0002017676085956932
308,0.5467354719622449,0.54673462040963,0.000953161195386922,4.430366235779954,2.4757851997108653,1.655264103141569,3.1458040246551278,-1.0,-1.5723311046344726,0.9067067229343245,1.043374491454742,-1.2800100762423923,0.0012024072206033246,0.9007251854230339,-1.9005650380599093e-05,0.0,-8.048724533527007e-07,7.64101814774154e-05,-0.00011817773707645252,-0.00016019388436561144,8.226155848694693e-07,0.00020196143447726023
309,0.5467345684913633,0.5467337164773127,0.0009534186583184705,4.430366233470331,2.47578429574555,1.655264016555144,3.145785016341174,-1.0,-1.5723319110020486,0.9067831873045514,1.0432562264303682,-1.280170431274006,0.0012032313446437878,0.9009273411032859,-1.9008313953960965e-05,0.0,-8.063675760450195e-07,7.6464370226903e-05,-0.00011826502437384256,-0.00016035503161382358,8.241240404631943e-07,0.00020215568025194752
310,0.5467336633594927,0.5467328108831593,0.0009536765229913632,4.430366231161272,2.4757833901183375,1.6552639298449114,3.145766005362186,-1.0,-1.5723327188693734,0.906859705974731,1.0431378739359436,-1.280330947802642,0.0012040569817901529,0.901129691450636,-1.9010978987932248e-05,0.0,-8.078673248146373e-07,7.651867017954839e-05,-0.00011835249442460061,-0.00016051652863580124,8.256371463650526e-07,0.00020235034735016644
311,0.5467327565615012,0.5467319036220364,0.0009539347911747115,4.430366228852776,2.475782482824096,1.6552638430105375,3.1457469917167065,-1.0,-1.5723335282410926,0.9069362790564333,1.0430194337881054,-1.2804916261792674,0.0012048841367129335,0.9013322368878451,-1.9013645479404317e-05,0.0,-8.093717192014793e-07,7.657308170228028e-05,-0.00011844014783823908,-0.00016067837662547824,8.271549227806697e-07,0.00020254543720910068
312,0.5467318480922343,0.5467309946887858,0.0009541934627735695,4.430366226544846,2.4757815738576667,1.6552637560516887,3.145727975403282,-1.0,-1.5723343391218727,0.9070129066615957,1.0429009058028778,-1.2806524667560493,0.0012057128141027527,0.901534977839118,-1.901631342438037e-05,0.0,-8.108807800777385e-07,7.662760516247147e-05,-0.00011852798522760111,-0.00016084057678189545,8.286773898191768e-07,0.00020274095127281733
313,0.546730937946515,0.5467300840782282,0.0009544525402516314,4.43036622423749,2.47578066321387,1.6552636689680296,3.145708956420464,-1.0,-1.5723351515163995,0.9070895889025264,1.0427822897956691,-1.2808134698863594,0.0012065430186706143,0.9017379147301098,-1.9018982817975427e-05,0.0,-8.123945267612953e-07,7.668224093071441e-05,-0.00011861600720863841,-0.00016100313031008895,8.302045678616234e-07,0.00020293689099182277
314,0.5467300261191443,0.5467291717851618,0.0009547120239762033,4.430366221930703,2.4757797508875035,1.6552635817592232,3.1456899347668044,-1.0,-1.5723359654293796,0.9071663258919045,1.0426635855812698,-1.2809746359247798,0.0012073747551479613,0.9019410479879332,-1.9021653659745397e-05,0.0,-8.139129801243428e-07,7.673698937804563e-05,-0.00011870421439930112,-0.00016116603842042387,8.31736477346955e-07,0.00020313325782339575
315,0.5467291126049,0.546728257804362,0.0009549719152437314,4.430366219624493,2.475778836873342,1.6552634944249307,3.1456709104408622,-1.0,-1.5723367808655404,0.9072431177427825,1.0425447929738487,-1.281135965227109,0.0012082080282868894,0.902144378041165,-1.9024325942140763e-05,0.0,-8.154361608170291e-07,7.679185087805518e-05,-0.0001187926074210921,-0.00016132930232926057,8.332731389281388e-07,0.00020333005323180942
316,0.5467281973985371,0.5467273421305809,0.000955232215116279,4.4303662173188645,2.4757779211661397,1.6552634069648133,3.145651883441199,-1.0,-1.5723375978296297,0.9073199645685882,1.0424259117869508,-1.2812974581503673,0.0012090428428601866,0.902347905319853,-1.902699966338517e-05,0.0,-8.169640892674579e-07,7.684682580566538e-05,-0.00011888118689795668,-0.00016149292325828846,8.348145732971733e-07,0.00020352727868799825
317,0.5467272804947879,0.5467264247585489,0.0009554929251190045,4.430366215013813,2.475777003760624,1.6552633193785296,3.1456328537663785,-1.0,-1.572338416326416,0.9073968664831253,1.042306941833494,-1.2814591150528023,0.0012098792036612936,0.9025516302555229,-1.902967482036999e-05,0.0,-8.184967863478221e-07,7.69019145371308e-05,-0.00011896995345672678,-0.0001616569024349701,8.363608011070257e-07,0.00020372493566989114
318,0.5467263618883623,0.5467255056829723,0.0009557540460779027,4.4303662127093455,2.475776084651503,1.6552632316657374,3.145613821414971,-1.0,-1.572339236360689,0.9074738236005764,1.0421878829257665,-1.2816209362938953,0.0012107171155047508,0.9027555532811852,-1.9032351407322068e-05,0.0,-8.200342729303145e-07,7.69571174510375e-05,-0.000119058907727565,-0.00016182124109298535,8.379118434571377e-07,0.00020392302566230036
319,0.5467254415739459,0.5467245848985344,0.0009560155797465792,4.430366210405466,2.4757751638334584,1.6552631438260939,3.1455947863855505,-1.0,-1.5723400579372584,0.9075508360355041,1.0420687348754232,-1.2817829222343664,0.0012115565832260815,0.9029596748313422,-1.9035029420688687e-05,0.0,-8.215765694430388e-07,7.70124349277479e-05,-0.00011914805034329845,-0.00016198594047112103,8.394677213307243e-07,0.0002041215501570326
320,0.5467245195462027,0.5467236623998959,0.0009562775260186133,4.4303662081021775,2.475774241301152,1.6552630558592525,3.145575748676693,-1.0,-1.572340881060956,0.9076279039028532,1.041949497493484,-1.281945073236181,0.00121239761168189,0.903163995341995,-1.9037708857361224e-05,0.0,-8.231236976463663e-07,7.706786734906768e-05,-0.00011923738193919675,-0.0001621510018146033,8.41028455808579e-07,0.0002043205106527779
321,0.5467235957997711,0.5467227381816933,0.0009565398871084983,4.430366205799479,2.475773317049219,1.6552629677648685,3.1455567082869798,-1.0,-1.5723417057366345,0.907705027317951,1.0418301705903295,-1.282107389662555,0.0012132402057501717,0.9033685152506509,-1.9040389713342876e-05,0.0,-8.246756784124898e-07,7.712341509780174e-05,-0.00011932690315452632,-0.00016231642637398735,8.425940682815769e-07,0.00020451990865588687
322,0.5467226703292684,0.5467218122385407,0.0009568026638353449,4.4303662034973765,2.475772391072274,1.6552628795425934,3.1455376652149964,-1.0,-1.5723425319691673,0.9077822063965115,1.0417107539756991,-1.2822698718779615,0.0012140843703302155,0.9035732349963295,-1.904307198330457e-05,0.0,-8.262325328356468e-07,7.717907856052975e-05,-0.00011941661463032993,-0.00016248221540648977,8.441645800438824e-07,0.0002047197456785943
323,0.5467217431292859,0.5467208845650272,0.0009570658574808344,4.430366201195872,2.4757714633649064,1.655262791192078,3.1455186194593323,-1.0,-1.5723433597634504,0.9078594412546351,1.0415912474586875,-1.2824325202481355,0.0012149301103429354,0.903778155019571,-1.9045755664137687e-05,0.0,-8.277942831202978e-07,7.723485812360931e-05,-0.00011950651701164716,-0.00016264837017399003,8.457400127199078e-07,0.00020492002324157266
324,0.5467208141943933,0.5467199551557188,0.0009573294695566367,4.430366198894968,2.475770533921681,1.655262702712972,3.1454995710185805,-1.0,-1.5723441891244003,0.9079367320088113,1.0414716508477417,-1.282595335140081,0.0012157774307308305,0.9039832757624428,-1.904844075184542e-05,0.0,-8.29360949916591e-07,7.729075417617359e-05,-0.00011959661094573804,-0.00016281489194547305,8.473203878950342e-07,0.00020512074287171167
325,0.546719883519135,0.5467190240051578,0.0009575935001809435,4.430366196594667,2.47576960273714,1.655262614104924,3.145480519891339,-1.0,-1.5723450200569558,0.9080140787759202,1.0413519639506583,-1.2827583169220766,0.0012166263364581213,0.9041885976685466,-1.9051127241542787e-05,0.0,-8.30932555428987e-07,7.734676710891009e-05,-0.00011968689708341529,-0.0001629817819956969,8.489057272908183e-07,0.00020532190610389467
326,0.5467189510980318,0.546718091107862,0.0009578579517894051,4.430366194294973,2.4757686698058006,1.6552625253675795,3.14546146607621,-1.0,-1.572345852566077,0.908091481673235,1.0412321865745797,-1.2829214659636818,0.001217476832511061,0.9043941211830261,-1.9053815128788898e-05,0.0,-8.325091211958124e-07,7.740289731472672e-05,-0.00011977737607860028,-0.00016314904160519283,8.504960529397664e-07,0.00020552351447944428
327,0.5467180169255802,0.5467171564583251,0.0009581228254239317,4.430366191995888,2.4757677351221576,1.6552624365005848,3.1454424095718,-1.0,-1.5723466866567464,0.9081689408184221,1.0411123185259923,-1.2830847826357423,0.0012183289238977605,0.9045998467525741,-1.905650441003104e-05,0.0,-8.340906694215278e-07,7.745914518719754e-05,-0.00011986804858743483,-0.00016331667206048728,8.52091386699394e-07,0.0002057255695480098
328,0.5467170809962525,0.5467162200510165,0.0009583881211979834,4.430366189697415,2.4757667986806795,1.655262347503583,3.1454233503767197,-1.0,-1.5723475223339687,0.9082464563295455,1.0409923596107222,-1.283248267310397,0.0012191826156484789,0.9048057748254396,-1.9059195080384228e-05,0.0,-8.356772223105935e-07,7.751551112333832e-05,-0.00011995891527005753,-0.00016348467465476801,8.536917507184338e-07,0.00020592807286545778
329,0.5467161433044955,0.5467152818803807,0.0009586538413089285,4.430366187399558,2.4757658604758106,1.6552622583762173,3.1454042884895848,-1.0,-1.5723483596027705,0.9083240283250661,1.040872309633933,-1.2834119203610836,0.0012200379128157997,0.9050119058514354,-1.9061887134963484e-05,0.0,-8.372688018454255e-07,7.75719955206089e-05,-0.00012004997678927154,-0.0001636530506865519,8.552971673208253e-07,0.0002061310259958704
330,0.5467152038447335,0.5467143419408386,0.0009589199870249105,4.430366185102318,2.4757649205019714,1.655262169118128,3.1453852239090145,-1.0,-1.5723491984682003,0.9084016569238452,1.0407521684001217,-1.283575742162545,0.0012208948204747469,0.905218240281946,-1.9064580570216094e-05,0.0,-8.388654297863951e-07,7.762859877913364e-05,-0.00012014123381121067,-0.0001638218014614612,8.569076589471682e-07,0.00020633443051054634
331,0.5467142626113644,0.546713400226785,0.0009591865586861293,4.4303661828057,2.475763978753557,1.655262079728955,3.145366156633633,-1.0,-1.5723500389353295,0.9084793422451457,1.040631935713117,-1.2837397330908358,0.0012217533437226872,0.9054247785699342,-1.9067275381701165e-05,0.0,-8.404671292261412e-07,7.768532130048023e-05,-0.00012023268700467327,-0.0001639909282906693,8.585232479402672e-07,0.0002065382879882227
332,0.5467133195987615,0.5467124567325915,0.0009594535587146936,4.430366180509705,2.4757630352249387,1.6552619902083368,3.1453470866620687,-1.0,-1.5723508810092521,0.9085570844086341,1.040511611376075,-1.2839038935233276,0.0012226134876797193,0.9056315211699494,-1.9069971564089627e-05,0.0,-8.420739225911689e-07,7.774216348843677e-05,-0.0001203243370420104,-0.0001641604324917889,8.601439570321556e-07,0.00020674260001518618
333,0.5467123748012737,0.5467115114526029,0.0009597209876785358,4.430366178214337,2.475762089910461,1.6552619005559084,3.1453280139929563,-1.0,-1.5723517246950847,0.9086348835343828,1.0403911951914764,-1.2840682238387164,0.00122347525748881,0.9058384685381344,-1.90726691124965e-05,0.0,-8.436858325300278e-07,7.779912574867875e-05,-0.00012041618459868175,-0.000164330315388872,8.617698090906088e-07,0.00020694736818505088
334,0.5467114282132238,0.5467105643811395,0.000959988846606979,4.4303661759196,2.4757611428044433,1.655261810771306,3.1453089386249333,-1.0,-1.5723525699979668,0.9087127397428707,1.040270686961123,-1.2842327244170284,0.0012243386583157742,0.9060456211322342,-1.9075368022924977e-05,0.0,-8.45302882135357e-07,7.785620848788088e-05,-0.00012050823035347769,-0.00016450057831196574,8.634008269643202e-07,0.00020715259409975761
335,0.5467104798289097,0.5467096155124967,0.0009602571369900904,4.430366173625496,2.475760193901182,1.655261720854164,3.1452898605566424,-1.0,-1.5723534169230604,0.9087906531549865,1.0401500864861348,-1.2843973956396264,0.0012252036953492949,0.9062529794116025,-1.907806829093417e-05,0.0,-8.469250936116168e-07,7.791341211582647e-05,-0.00012060047498807513,-0.0001646712225980007,8.650370335206315e-07,0.0002073582793683526
336,0.5467095296426048,0.5467086648409445,0.0009605258600845225,4.430366171332026,2.475759243194946,1.6552616308041133,3.145270779786731,-1.0,-1.5723542654755511,0.9088686238920304,1.0400293935669476,-1.2845622378892163,0.001226070373801486,0.9064605438372101,-1.9080769911195006e-05,0.0,-8.485524907175801e-07,7.797073704385316e-05,-0.00012069291918725966,-0.00016484224958990268,8.666784521911032e-07,0.00020756442560754262
337,0.5467085776485555,0.5467077123607267,0.0009607950173760435,4.430366169039197,2.4757582906799795,1.6552615406207851,3.1452516963138533,-1.0,-1.5723551156606477,0.9089466520757153,1.0399086080033078,-1.2847272515498536,0.0012269386989076207,0.906668314871652,-1.9083472877934327e-05,0.0,-8.501850965458857e-07,7.802818368496389e-05,-0.00012078556363981363,-0.00016501366063725875,8.683251061347274e-07,0.00020777103444191702
338,0.5467076238409829,0.5467067580660608,0.0009610646098860893,4.430366166747009,2.475757336350499,1.6552614503038088,3.1452326101366648,-1.0,-1.5723559674835819,0.9090247378281692,1.0397877295942712,-1.2848924370069497,0.001227808675926462,0.9068762929791563,-1.9086177188487596e-05,0.0,-8.518229341891725e-07,7.808575245382698e-05,-0.00012087840903651781,-0.00016518545709609533,8.699770188413947e-07,0.0002079781075042808
339,0.546706668214082,0.5467058019511398,0.0009613346386343601,4.430366164455466,2.475756380200698,1.6552613598528116,3.145213521253828,-1.0,-1.5723568209496093,0.9091028812719372,1.0396667581381984,-1.2850577946472783,0.0012286803101402431,0.907084478625591,-1.9088882836637566e-05,0.0,-8.534660274062134e-07,7.814344376799731e-05,-0.0001209714560728159,-0.00016535764032865607,8.716342137810463e-07,0.00020818564643476645
340,0.5467057107620217,0.5467048440101293,0.0009616051048697283,4.430366162164572,2.475755422224742,1.6552612692674202,3.1451944296640115,-1.0,-1.572357676064009,0.9091810825299834,1.0395456934327518,-1.2852233248589828,0.001229553606855036,0.9072928722784726,-1.9091589816611076e-05,0.0,-8.551143997337363e-07,7.8201258046251e-05,-0.00012106470544659409,-0.0001655302117045121,8.732967147929028e-07,0.00020839365288150002
341,0.5467047514789461,0.5467038842371699,0.0009618760109932925,4.430366159874327,2.475754462416771,1.6552611785472584,3.1451753353658867,-1.0,-1.5723585328320842,0.9092593417256932,1.0394245352748928,-1.285389028031582,0.0012304285714006746,0.9075014744069732,-1.9094298124855413e-05,0.0,-8.567680751525586e-07,7.825919570980666e-05,-0.00012115815785906925,-0.00016570317259922973,8.749645456385558e-07,0.00020860212850060122
342,0.546703790358971,0.5467029226263752,0.0009621473568642631,4.430366157584738,2.4757535007708986,1.65526108769195,3.145156238358132,-1.0,-1.5723593912591611,0.9093376589828742,1.0393032834608773,-1.2855549045559767,0.0012313052091310456,0.9077102854819299,-1.909700775470924e-05,0.0,-8.584270769773639e-07,7.831725718099314e-05,-0.00012125181401545504,-0.00016587652439459255,8.766377303710306e-07,0.00020881107495673845
343,0.5467028273961865,0.5467019591718317,0.0009624191441871271,4.430366155295806,2.4757525372812106,1.6552609967011165,3.1451371386394302,-1.0,-1.572360251350591,0.9094160344257596,1.0391819377862537,-1.2857209548244573,0.0012321835254240304,0.9079193059758515,-1.909971870173166e-05,0.0,-8.600914298551032e-07,7.837544288535891e-05,-0.00012134567462362966,-0.00016605026848059978,8.783162929848053e-07,0.0002090204939215745
344,0.5467018625846556,0.5467009938675996,0.000962691374663841,4.430366153007535,2.4757515719417675,1.6552609055743779,3.145118036208469,-1.0,-1.5723611131117488,0.9094944681790091,1.0390604980458584,-1.2858871792307098,0.001233063525681894,0.9081285363629273,-1.9102430961037697e-05,0.0,-8.61761157766594e-07,7.84337532495627e-05,-0.00012143974039524608,-0.00016622440625257973,8.80000257863587e-07,0.00020923038707587605
345,0.5467008959184159,0.5467000267077138,0.0009629640488409036,4.430366150719927,2.475750604746604,1.6552608143113519,3.1450989310639423,-1.0,-1.5723619765480337,0.9095729603677121,1.0389389640338136,-1.2860535781698228,0.001233945215331226,0.9083379771190351,-1.910514452685419e-05,0.0,-8.634362849146981e-07,7.849218870292773e-05,-0.00012153401204484382,-0.0001663989391129661,8.816896493318849e-07,0.00020944075610773716
346,0.5466999273914768,0.5466990576861799,0.0009632371688772166,4.430366148432986,2.4757496356897253,1.655260722911656,3.145079823204548,-1.0,-1.5723628416648692,0.9096515111173881,1.0388173355435226,-1.286220152038294,0.0012348285998231934,0.9085476287217493,-1.9107859394296156e-05,0.0,-8.651168355022776e-07,7.855074967599851e-05,-0.00012162849029095923,-0.00016657386847129807,8.833844919674781e-07,0.00020965160271424477
347,0.5466989569978203,0.5466980867969775,0.0009635107360068018,4.4303661461467145,2.475748664765111,1.6552606313749059,3.145060712628991,-1.0,-1.572363708467704,0.9097301205539902,1.0386956123676672,-1.286386901234038,0.0012357136846337163,0.9087574916503494,-1.9110575557146348e-05,0.0,-8.668028348424173e-07,7.860943660209507e-05,-0.00012172317585545933,-0.00016674919574399816,8.850848105229191e-07,0.0002098629286000353
348,0.5466979847314027,0.5466971140340589,0.0009637847507704944,4.430366143861118,2.4757476919667125,1.655260539700714,3.1450415993359804,-1.0,-1.572364576962011,0.9098087888039066,1.0385737942982036,-1.2865538261563922,0.0012366004752634668,0.9089675663858278,-1.9113293010519783e-05,0.0,-8.684943069159345e-07,7.866824991642485e-05,-0.00012181806946354179,-0.00016692492235415024,8.867906297505435e-07,0.00021007473547840494
349,0.5466970105861505,0.5466961393913488,0.0009640592148595044,4.4303661415761955,2.4757467172884553,1.6552604478886934,3.145022483324231,-1.0,-1.5723654471532882,0.9098875159939624,1.0384518811263599,-1.2867209272061237,0.0012374889772380443,0.9091778534108991,-1.911601174953148e-05,0.0,-8.70191277257959e-07,7.87271900558606e-05,-0.00012191317184373496,-0.00016710104973149953,8.885019745774603e-07,0.00021028702507130959
350,0.546696034555964,0.5466951628627438,0.0009643341297322335,4.430366139291956,2.4757457407242347,1.655260355938455,3.1450033645924647,-1.0,-1.5723663190470587,0.9099663022514225,1.038329872642631,-1.286888204785437,0.001238379196108325,0.9093883532100074,-1.9118731766187835e-05,0.0,-8.718937705154417e-07,7.878625746005063e-05,-0.00012200848372878603,-0.00016727757931334075,8.902188702807588e-07,0.0002104997991083657
351,0.5466950566347162,0.5466941844421139,0.0009646094968447898,4.430366137008395,2.4757447622679214,1.655260263849607,3.144984243139406,-1.0,-1.5723671926488705,0.9100451477039927,1.0382077686367774,-1.287055659297981,0.001239271137450249,0.9095990662693355,-1.912145305871249e-05,0.0,-8.736018117794231e-07,7.88454525701976e-05,-0.00012210400585366266,-0.00016745451254385202,8.919413419239408e-07,0.0002107130593280715
352,0.5466940768162516,0.5466932041233,0.0009648853171907338,4.4303661347255225,2.475743781913356,1.655260171621757,3.1449651189637895,-1.0,-1.5723680679642973,0.9101240524798226,1.038085568897819,-1.287223291148855,0.0012401648068654212,0.9098099930768131,-1.9124175616447303e-05,0.0,-8.753154268070773e-07,7.89047758299466e-05,-0.0001221997389584395,-0.00016763185087409482,8.9366941517224e-07,0.00021092680747758497
353,0.5466930950943862,0.5466922219001155,0.0009651615924520316,4.43036613244334,2.4757427996543506,1.6552600792545098,3.144945992064351,-1.0,-1.572368944998938,0.9102030167075075,1.0379632732140336,-1.2873911007446177,0.0012410602099807437,0.9100211341221254,-1.9126899438504097e-05,0.0,-8.770346406894447e-07,7.896422768483013e-05,-0.00012229568378541167,-0.00016780959576268017,8.954031153224785e-07,0.00021114104531227973
354,0.5466921114629082,0.5466912377663451,0.0009654383233881078,4.430366130161849,2.475741815484691,1.6552599867474704,3.1449268624398345,-1.0,-1.5723698237584172,0.9102820405160897,1.0378408813729525,-1.2875590884932921,0.0012419573524490362,0.9102324898967219,-1.9129624516445176e-05,0.0,-8.787594791836995e-07,7.90238085822681e-05,-0.00012239184108109313,-0.00016798774867443633,8.97142468292509e-07,0.00021135577459652222
355,0.5466911259155772,0.5466902517157451,0.0009657155121364382,4.430366127881055,2.475740829398133,1.6552598941002408,3.144907730088991,-1.0,-1.5723707042483854,0.9103611240350624,1.0377183931613563,-1.2877272548043746,0.0012428562399489783,0.910444060893825,-1.9132350843609203e-05,0.0,-8.804899682690603e-07,7.908351897267796e-05,-0.0001224882115962167,-0.0001681663110824072,8.988874999420714e-07,0.00021157099710311655
356,0.5466901384461247,0.5466892637420444,0.0009659931594522267,4.430366125600958,2.4757398413884046,1.6552598013124218,3.144888595010575,-1.0,-1.5723715864745187,0.9104402673943703,1.0375958083652728,-1.287895600088841,0.0012437568781850515,0.9106558476084383,-1.9135078415999374e-05,0.0,-8.822261332586123e-07,7.914335930792049e-05,-0.00012258479608351358,-0.00016834528446652008,9.006382360732257e-07,0.00021178671461330456
357,0.5466891490482517,0.546688273838941,0.0009662712670083388,4.430366123321566,2.4757388514492042,1.655259708383612,3.144869457203349,-1.0,-1.5723724704425197,0.9105194707244125,1.0374731267699715,-1.2880641247591549,0.0012446592728881604,0.9108678505373562,-1.9137807226066172e-05,0.0,-8.839680010197526e-07,7.920333004218794e-05,-0.0001226815953012661,-0.0001685246703138077,9.023947031088463e-07,0.00021200292891787598
358,0.5466881577156336,0.5466872820001056,0.0009665498362453299,4.43036612104288,2.475737859574202,1.6552596153134098,3.1448503166660804,-1.0,-1.572373356158117,0.9105987341560444,1.0373503481599613,-1.288232829229274,0.0012455634298155164,0.9110800701791718,-1.914053726848053e-05,0.0,-8.857155973096553e-07,7.926343163189298e-05,-0.00012277861001019907,-0.0001687044701190743,9.041569273560146e-07,0.00021221964181561415
359,0.5466871644419128,0.5466862882191789,0.0009668288681421089,4.430366118764902,2.475736865757039,1.65525952210141,3.144831173397543,-1.0,-1.5723742436270656,0.9106780578205802,1.0372274723189867,-1.288401713914658,0.0012464693547506764,0.9112925070342867,-1.9143268537469282e-05,0.0,-8.874689485516285e-07,7.932366453577977e-05,-0.00012287584097459003,-0.00016888468538400758,9.059249351599762e-07,0.00021243685511485033
360,0.546686169220705,0.5466852924897727,0.0009671083641349852,4.430366116487638,2.4757358699913254,1.6552594287472067,3.144812027396517,-1.0,-1.5723751328551472,0.9107574418497948,1.037104499030023,-1.288570779232276,0.0012473770535038928,0.911505161604919,-1.9146001025927006e-05,0.0,-8.892280816130693e-07,7.938402921459087e-05,-0.0001229732889636015,-0.00016906531761806676,9.076987532163905e-07,0.0002126545706323535
361,0.5466851720455966,0.5466842948054695,0.0009673883258874718,4.43036611421109,2.475734872270645,1.6552593352503926,3.144792878661789,-1.0,-1.5723760238481699,0.9108368863759263,1.0369814280752738,-1.288740025600614,0.001248286531912249,0.9117180343951133,-1.914873472808054e-05,0.0,-8.909930226952412e-07,7.944452613151132e-05,-0.00012307095474928254,-0.00016924636833803852,9.094784083562256e-07,0.00021287279019432948
362,0.546684172910142,0.5466832951598223,0.0009676687546015584,4.43036611193526,2.4757338725885503,1.6552592416105583,3.144773727192151,-1.0,-1.5723769166119688,0.910916391531678,1.0368582592361664,-1.2889094534396823,0.0012491977958398156,0.9119311259107492,-1.9151469637712637e-05,0.0,-8.927637988875858e-07,7.950515575172457e-05,-0.00012316883910745702,-0.0001694278390682591,9.112639275665746e-07,0.00021309151563586592
363,0.546683171807868,0.5466822935463527,0.000967949651935961,4.430366109660156,2.475732870938562,1.6552591478272918,3.144754572986404,-1.0,-1.5723778111524063,0.9109959574502211,1.0367349922933482,-1.2890790631710232,0.001250110851177669,0.91214443665955,-1.9154205747273778e-05,0.0,-8.945404375015897e-07,7.95659185430786e-05,-0.00012326694281816764,-0.00016960973134083623,9.130553378533957e-07,0.00021331074880082124
364,0.5466821687322709,0.5466812899585546,0.0009682310188588012,4.430366107385777,2.475731867314174,1.6552590539001817,3.1447354160433525,-1.0,-1.5723787074753715,0.9110755842651961,1.0366116270266834,-1.2892488552177184,0.0012510257038442997,0.912357967151093,-1.9156943051434894e-05,0.0,-8.963229651826055e-07,7.96268149749757e-05,-0.00012336526666478775,-0.0001697920466952052,9.148526666307409e-07,0.0002135304915429348
365,0.5466811636768162,0.54668028438989,0.0009685128574827111,4.430366105112127,2.4757308617088487,1.6552589598288119,3.144716256361809,-1.0,-1.5723796055867814,0.9111552721107161,1.0364881632152483,-1.2894188300043972,0.001251942359785574,0.9125717178968175,-1.9159681543534646e-05,0.0,-8.981114099082532e-07,7.968784552003783e-05,-0.00012346381143513163,-0.00016997478667879484,9.166559412742813e-07,0.0002137507457244947
366,0.5466801566349403,0.5466792768337919,0.0009687951683128003,4.430366102839211,2.4757298541160178,1.6552588656127667,3.1446970939405925,-1.0,-1.57238050549258,0.9112350211213684,1.036364600637328,-1.2895889879572433,0.001252860824974908,0.9127856894100351,-1.9162421216467607e-05,0.0,-8.999057985459302e-07,7.97490106523302e-05,-0.0001235625779203442,-0.00017015795284613944,9.184651893340279e-07,0.00021397151321767005
367,0.546679147600047,0.546678267283661,0.0009690779532276792,4.430366100567034,2.4757288445290824,1.6552587712516285,3.1446779287785303,-1.0,-1.5723814071987392,0.9113148314322173,1.0362409390704121,-1.2897593295040035,0.0012537811054136373,0.9129998822059384,-1.916516206224017e-05,0.0,-9.017061592953013e-07,7.981031084880463e-05,-0.00012366156691578922,-0.00017034154676021096,9.202804387292707e-07,0.00021419279590328966
368,0.5466781365655112,0.5466772557328686,0.0009693612138740095,4.430366098295595,2.4757278329414136,1.6552586767449768,3.144658760874453,-1.0,-1.572382310711259,0.9113947031788058,1.0361171782911918,-1.2899298550739953,0.0012547032071308418,0.9132142968016107,-1.9167904077299625e-05,0.0,-9.035125196898974e-07,7.987174658852236e-05,-0.0001237607792203832,-0.00017052556999175295,9.221017172045265e-07,0.00021441459567228538
369,0.5466771235246776,0.5466762421747557,0.0009696449514378381,4.430366096024902,2.475726819346352,1.6552585820923895,3.1446395902272006,-1.0,-1.5723832160361666,0.9114746364971588,1.035993318075554,-1.290100565098114,0.0012556271361838706,0.9134289337160352,-1.9170647252320094e-05,0.0,-9.053249077073389e-07,7.993331835298711e-05,-0.00012386021563770555,-0.0001707100241188364,9.239290530288491e-07,0.00021463691442447086
370,0.5466761084708569,0.5466752266026306,0.0009699291668741933,4.430366093754954,2.4757258037372054,1.6552584872934446,3.1446204168356187,-1.0,-1.5723841231795184,0.9115546315237844,1.0358693581985798,-1.290271460008842,0.0012565528986582643,0.9136437934701049,-1.917339158197251e-05,0.0,-9.07143351769335e-07,7.999502662559e-05,-0.00012395987697422228,-0.00017089491072797003,9.257624743936634e-07,0.00021485975406976277
371,0.5466750913973313,0.546674209009771,0.00097021386273831,4.43036609148576,2.475724786107252,1.6552583923477153,3.1446012406985617,-1.0,-1.5723850321473984,0.9116346883956774,1.0357452984345383,-1.2904425402402555,0.0012574805006680652,0.913858876586632,-1.9176137056930997e-05,0.0,-9.089678800755507e-07,8.005687189305277e-05,-0.00012405976404150643,-0.0001710802314134341,9.276020098009097e-07,0.00021508311652707057
372,0.5466740722973501,0.5466731893894236,0.0009704990395225651,4.430366089217319,2.475723766449738,1.655258297254776,3.144582061814889,-1.0,-1.5723859429459195,0.9117148072503205,1.035621138556884,-1.2906138062280328,0.001258409948355896,0.9140741835903576,-1.9178883672754665e-05,0.0,-9.107985210476954e-07,8.011885464309643e-05,-0.00012415987765423964,-0.00017126598777728042,9.294476878308078e-07,0.00021530700372562883
373,0.5466730511641318,0.5466721677348023,0.0009707846990904044,4.430366086949636,2.4757227447578765,1.6552582020141964,3.144562880183469,-1.0,-1.5723868555812233,0.9117949882256883,1.0354968783382523,-1.290785258409463,0.0012593412478931923,0.9142897150079611,-1.918163142011764e-05,0.0,-9.126353037736123e-07,8.01809753677718e-05,-0.0001242602186317665,-0.00017145218143022056,9.312995372962474e-07,0.00021553141760344285
374,0.5466720279908623,0.5466711440390909,0.0009710708435310226,4.430366084682717,2.4757217210248514,1.6552581066255472,3.1445436958031765,-1.0,-1.5723877700594797,0.9118752314602477,1.035372517550455,-1.2909568972234533,0.0012602744054802414,0.9145054713680704,-1.9184380292358583e-05,0.0,-9.144782564529663e-07,8.02432345594628e-05,-0.00012436078779742843,-0.00017163881399029357,9.331575870491493e-07,0.00021575636010928712
375,0.5466710027706956,0.5466701182954393,0.0009713574726445074,4.430366082416563,2.4757206952438127,1.655258011088395,3.1445245086728932,-1.0,-1.5723886863868886,0.9119555370929623,1.0352480559644766,-1.291128723110538,0.0012612094273466686,0.9147214532012714,-1.9187130283260245e-05,0.0,-9.163274088397344e-07,8.030563271455016e-05,-0.00012446158597834156,-0.0001718258870846423,9.350218664271569e-07,0.00021598183320103992
376,0.5466699754967547,0.5466690904969667,0.0009716445892012763,4.430366080151178,2.475719667407879,1.6552579154023055,3.1445053187915084,-1.0,-1.5723896045696781,0.9120359052632934,1.035123493350471,-1.291300736512886,0.0012621463197512424,0.9149376610401183,-1.9189881384829022e-05,0.0,-9.181827895776706e-07,8.03681703310799e-05,-0.00012456261400561885,-0.00017201340234795914,9.368924045738414e-07,0.00021620783884690464
377,0.5466689461621271,0.5466680606367579,0.0009719321948254579,4.430366077886565,2.4757186375101345,1.6552578195668426,3.1444861261579184,-1.0,-1.5723905246141066,0.912116336111203,1.0349988294777557,-1.2914729378743093,0.0012630850889822633,0.9151540954191429,-1.9192633589959485e-05,0.0,-9.200444284207521e-07,8.04308479096516e-05,-0.00012466387271525825,-0.00017220136142337417,9.387692310209184e-07,0.00021643437902463258
378,0.5466679147598722,0.546667028707868,0.0009722202899965761,4.4303660756227305,2.4757176055436347,1.6552577235815682,3.144466930771029,-1.0,-1.5723914465264612,0.9121968297771567,1.0348740641148086,-1.2916453276402717,0.0012640257413577384,0.9153707568748656,-1.919538688932576e-05,0.0,-9.219123546788666e-07,8.049366595364038e-05,-0.00012476536294703244,-0.00017238976596245514,9.406523754750939e-07,0.00021666145572263318
379,0.5466668812830122,0.546665994703316,0.0009725088774760628,4.430366073359676,2.4757165715013985,1.6552576274460429,3.1444477326297515,-1.0,-1.5723923703130598,0.9122773864021251,1.0347491970292642,-1.2918179062578965,0.0012649682832255372,0.9155876459458044,-1.919814127759878e-05,0.0,-9.237865985500804e-07,8.055662496841975e-05,-0.0001248670855444889,-0.00017257861762476345,9.42541867798765e-07,0.00021688907093886378
380,0.5466658457245399,0.546664958616091,0.0009727979575105384,4.430366071097404,2.4757155353764135,1.6552575311598232,3.1444285317330056,-1.0,-1.5723932959802491,0.9123580061275877,1.0346242279879083,-1.2919906741759757,0.001265912720963508,0.9158047631724859,-1.9200896745896756e-05,0.0,-9.256671893442814e-07,8.061972546258289e-05,-0.00012496904135583797,-0.00017276791807918634,9.444377379707724e-07,0.0002171172266814958
381,0.5466648080774127,0.5466639204391467,0.0009730875323992539,4.430366068835924,2.4757144971616345,1.6552574347224671,3.1444093280797194,-1.0,-1.5723942235344064,0.9124386890955342,1.0344991567566746,-1.2921636318449776,0.0012668590609796139,0.9160221090974552,-1.9203653286226086e-05,0.0,-9.275541572595358e-07,8.068296794649932e-05,-0.00012507123123373098,-0.00017295766900193854,9.463400161059156e-07,0.00021734592496924776
382,0.5466637683345547,0.5466628801654041,0.0009733776032973833,4.430366066575233,2.475713456849982,1.6552573381335274,3.1443901216688275,-1.0,-1.5723951529819395,0.9125194354484678,1.0343739831006402,-1.2923367797170564,0.0012678073097125155,0.9162396842652857,-1.920641089192543e-05,0.0,-9.294475331600438e-07,8.074635293364718e-05,-0.00012517365603437192,-0.00017314787207878268,9.482487329016444e-07,0.00021757516783049713
383,0.5466627264888573,0.5466618377877506,0.0009736681722701657,4.430366064315337,2.4757124144343425,1.655257241392558,3.1443709124992734,-1.0,-1.5723960843292866,0.9126002453294073,1.0342487067840207,-1.2925101182460597,0.0012687574736311438,0.9164574892225905,-1.9209169554113004e-05,0.0,-9.31347347021827e-07,8.080988093950303e-05,-0.00012527631661951588,-0.00017333852900325297,9.501639186282329e-07,0.00021780495730483462
384,0.5466616825331776,0.5466607932990395,0.0009739592397837434,4.430366062056243,2.47571136990757,1.6552571444991082,3.144351700570008,-1.0,-1.5723970175829163,0.9126811188818902,1.034123327570167,-1.2926836478875379,0.0012697095592354576,0.9166755245180319,-1.921192926523929e-05,0.0,-9.332536297090854e-07,8.087355248287409e-05,-0.00012537921385380457,-0.00017352964147820948,9.520856043138126e-07,0.00021803529544139888
385,0.5466606364603386,0.5466597466920907,0.0009742508088099822,4.430366059797952,2.475710323262483,1.655257047452727,3.1443324858799917,-1.0,-1.5723979527493284,0.9127620562499748,1.0339978452215597,-1.292857369098753,0.0012706635730561913,0.9168937907023322,-1.921469001642251e-05,0.0,-9.351664120860192e-07,8.093736808456597e-05,-0.00012548234860720875,-0.00017372121121517203,9.54013820733679e-07,0.00021826618430031974
386,0.5466595882631289,0.5466586979596886,0.000974542879582281,4.430366057540467,2.4757092744918667,1.6552569502529608,3.1443132684281903,-1.0,-1.5723988898350534,0.9128430575782427,1.0338722594998062,-1.293031282338687,0.001271619521655243,0.9171122883282846,-1.9217451801445407e-05,0.0,-9.370857250168285e-07,8.100132826793782e-05,-0.00012558572175347393,-0.00017391323993387608,9.559485990517057e-07,0.0002184976259523852
387,0.5466585379343035,0.546657647094585,0.0009748354543829738,4.430366055283793,2.4757082235884718,1.6552568528993543,3.1442940482135806,-1.0,-1.5723998288466532,0.9129241230118023,1.0337465701656345,-1.2932053880680503,0.0012725774116259666,0.9173310179507632,-1.9220214609649844e-05,0.0,-9.390115998098025e-07,8.106543355956841e-05,-0.00012568933417167472,-0.00017410572936338298,9.578899707236334e-07,0.00021872962247859729
388,0.5466574854665813,0.5466565940894949,0.0009751285345800433,4.430366053027934,2.4757071705450135,1.6552567553914503,3.144274825235147,-1.0,-1.5724007697907212,0.9130052526962902,1.0336207769788903,-1.2933796867492917,0.0012735372495931514,0.917549980126734,-1.9222978433486304e-05,0.0,-9.409440679952752e-07,8.11296844879239e-05,-0.00012579318674421636,-0.0001742986812414138,9.5983796718482e-07,0.00021896217597083822
389,0.5466564308526487,0.5466555389371006,0.000975422121766684,4.430366050772893,2.475706115354174,1.6552566577287888,3.1442555994918817,-1.0,-1.5724017126738823,0.9130864467778751,1.0334948796985315,-1.2935541788466065,0.0012744990422133729,0.9177691754152657,-1.922574326540527e-05,0.0,-9.428831611035804e-07,8.119408158491215e-05,-0.00012589728035883319,-0.00017449209731479343,9.61792620221471e-07,0.00021919528853164838
390,0.5466553740851549,0.5466544816300475,0.0009757162175333837,4.430366048518677,2.475705058008598,1.655256559910909,3.1442363709827865,-1.0,-1.5724026575027934,0.9131677054032595,1.033368878082624,-1.2937288648259455,0.0012754627961751087,0.9179886043775406,-1.9228509095192692e-05,0.0,-9.448289111091412e-07,8.12586253844394e-05,-0.00012600161590747838,-0.00017468597933900654,9.637539617358016e-07,0.0002194289622748924
391,0.5466543151567128,0.5466534221609459,0.0009760108234679203,4.430366046265288,2.4757039985008955,1.6552564619373475,3.1442171397068703,-1.0,-1.5724036042841434,0.9132490287196828,1.033242771888338,-1.2939037451550248,0.0012764285181989328,0.9182082675768651,-1.923127591618723e-05,0.0,-9.467813499863809e-07,8.132331642329849e-05,-0.00012610619428610192,-0.00017488032907930773,9.657220238240994e-07,0.00021966319932453793
392,0.5466532540599038,0.5466523605223724,0.00097630594070049,4.430366044012727,2.4757029368236436,1.6552563638076385,3.1441979056631513,-1.0,-1.5724045530246529,0.9133304168749242,1.0331165608719417,-1.2940788203033342,0.0012773962150377295,0.9184281655786811,-1.923404371906301e-05,0.0,-9.487405094876777e-07,8.138815524139087e-05,-0.0001262110163962049,-0.0001750751483093893,9.676968387966733e-07,0.00021989800181598795
393,0.5466521907872698,0.5466512967068652,0.0009766015717233084,4.430366041761003,2.4757018729693794,1.6552562655213148,3.144178668850657,-1.0,-1.5724055037310758,0.913411870017305,1.0329902447887984,-1.2942540907421463,0.0012783658934770433,0.918648298950577,-1.923681249405007e-05,0.0,-9.507064229197226e-07,8.145314238072743e-05,-0.00012631608314328524,-0.0001752704388120474,9.696784393138126e-07,0.0002201333718958587
394,0.5466511253313177,0.5466502307069279,0.0009768977174336969,4.430366039510116,2.4757008069306066,1.6552561670779067,3.144159429268424,-1.0,-1.5724064564101978,0.9134933882956914,1.032863823393361,-1.294429556944526,0.0012793375603348646,0.9188686682622984,-1.9239582233154806e-05,0.0,-9.52679122034894e-07,8.151827838642767e-05,-0.00012642139543750375,-0.0001754662023798481,9.716668578213516e-07,0.0002203693117214245
395,0.5466500576845197,0.5466491625150282,0.0009771943796359833,4.4303660372600735,2.4756997386997925,1.6552560684769433,3.1441401869154966,-1.0,-1.5724074110688377,0.9135749718594977,1.0327372964391672,-1.2946052193853406,0.0012803112224624466,0.91908927408576,-1.9242352927495432e-05,0.0,-9.54658639917838e-07,8.158356380627563e-05,-0.0001265269541936842,-0.00017566244081446136,9.736621275819625e-07,0.00022060582346161706
396,0.5466489878393103,0.5466480921235969,0.000977491560131488,4.430366035010877,2.475698668269368,1.6552559697179496,3.1441209417909293,-1.0,-1.5724083677138474,0.9136566208586889,1.0326106636788357,-1.2947810785412677,0.0012812868867438766,0.9193101169950559,-1.9245124567301986e-05,0.0,-9.566450096532009e-07,8.1648999191275e-05,-0.00012663276033153537,-0.000175859155927105,9.756642814300574e-07,0.0002208429092959152
397,0.5466479157880868,0.5466470195250285,0.0009777892600372545,4.430366032762532,2.4756975956317264,1.6552558708004508,3.144101693893785,-1.0,-1.572409326352112,0.9137383354437829,1.0324839248640605,-1.294957134890805,0.001282264560096777,0.9195311975664722,-1.9247897144136772e-05,0.0,-9.586382645476732e-07,8.171458509398377e-05,-0.00012673881477520688,-0.00017605634953743454,9.776733529004433e-07,0.00022108057141623227
398,0.546646841523212,0.5466459447116802,0.0009780874816032353,4.430366030515042,2.475696520779226,1.6552557717239695,3.1440824432231365,-1.0,-1.57241028699055,0.9138201157658541,1.0323570797456068,-1.295133388914281,0.001283244249472207,0.9197525163784971,-1.9250670648673918e-05,0.0,-9.606384381299904e-07,8.17803220711788e-05,-0.00012684511845373336,-0.00017625402347598573,9.796893754299152e-07,0.00022131881202491765
399,0.5466457650370077,0.5466448676758714,0.0009783862261680085,4.430366028268413,2.4756954437041845,1.6552556724880252,3.144063189778065,-1.0,-1.5724112496361138,0.9139019619765361,1.032230128073306,-1.2953098410938633,0.0012842259618550125,0.9199740740118331,-1.925344507158755e-05,0.0,-9.626455637068432e-07,8.18462106819684e-05,-0.0001269516723008124,-0.00017645217958217607,9.817123828054653e-07,0.0002215576333359781
400,0.5466446863217629,0.5466437884098856,0.0009786854952945614,4.430366026022646,2.4756943643988865,1.655255573092136,3.144043933557661,-1.0,-1.572412214295789,0.9139838742280239,1.0321030695960507,-1.2954864919135682,0.0012852097042639428,0.9201958710494086,-1.9256220403995883e-05,0.0,-9.646596752510561e-07,8.191225148779235e-05,-0.00012705847725524855,-0.00017665081970497098,9.837424089303125e-07,0.00022179703757552183
401,0.5466436053697254,0.546642706905968,0.000978985290769939,4.430366023777746,2.475693282855576,1.6552554735358174,3.1440246745610265,-1.0,-1.572413180976596,0.9140658526730777,1.0319759040617904,-1.295663341859271,0.0012861954837521561,0.9204179080763895,-1.92589966343526e-05,0.0,-9.666808069574984e-07,8.19784450538652e-05,-0.00012716553426028732,-0.00017684994570266177,9.857794882133473e-07,0.00022203702698087024
402,0.5466425221731068,0.5466416231563261,0.0009792856141514106,4.430366021533717,2.47569219906646,1.6552553738185833,3.1440054127872714,-1.0,-1.572414149685589,0.9141478974650252,1.0318486312175261,-1.295840391418715,0.0012871833074068696,0.9206401856801903,-1.926177375510818e-05,0.0,-9.68708993021039e-07,8.204479194751091e-05,-0.0001272728442642812,-0.00017704955944419787,9.878236547134801e-07,0.00022227760380089112
403,0.5466414367240808,0.5466405371531292,0.000979586467220155,4.430366019290567,2.4756911130237085,1.6552552739399455,3.1439861482355163,-1.0,-1.5724151204298569,0.9142300087577646,1.0317212508093052,-1.2960176410815227,0.0012881731823501553,0.9208627044504871,-1.9264551755160397e-05,0.0,-9.70744267858592e-07,8.211129273938411e-05,-0.0001273804082209118,-0.00017724966280763255,9.898749432856423e-07,0.0002225187702967757
404,0.5466403490147832,0.5466394488885088,0.000979887851527705,4.430366017048295,2.475690024719452,1.6552551738994132,3.1439668809048897,-1.0,-1.5724160932165232,0.9143121867057674,1.031593762582218,-1.296195091339204,0.0012891651157387856,0.9210854649792284,-1.9267330626515644e-05,0.0,-9.727866663311602e-07,8.217794800280398e-05,-0.00012748822708719132,-0.00017745025768123313,9.919333886303748e-07,0.0002227605287412615
405,0.5466392590373084,0.5466383583545565,0.0009801897688493544,4.430366014806908,2.475688934145782,1.6552550736964942,3.143947610794533,-1.0,-1.5724170680527465,0.9143944314640822,1.0314661662803908,-1.2963727426851668,0.0012901591147646025,0.9213084678606471,-1.9270110356739423e-05,0.0,-9.748362232997465e-07,8.224475831475342e-05,-0.00012759630182723747,-0.00017765134596281484,9.939990258168475e-07,0.00022300288141874347
406,0.5466381667837167,0.5466372655433273,0.0009804922211838066,4.4303660125664095,2.4756878412947536,1.6552549733306916,3.143928337903595,-1.0,-1.5724180449457204,0.9144767431883364,1.031338461646982,-1.2965505956147276,0.00129115518665473,0.9215317136912734,-1.9272890937838127e-05,0.0,-9.768929738473986e-07,8.231172425421374e-05,-0.00012770463340872062,-0.00017785292956085108,9.960718901276013e-07,0.000223245830626273
407,0.5466370722460254,0.546636170446835,0.0009807952093944636,4.430366010326805,2.4756867461583796,1.6552548728015104,3.143909062231236,-1.0,-1.5724190239026736,0.9145591220347395,1.0312106484241772,-1.2967286506251203,0.0012921533386717116,0.9217552030699462,-1.9275672359153617e-05,0.0,-9.789569532792086e-07,8.237884640316384e-05,-0.0001278132228048623,-0.000178055010392697,9.981520169815693e-07,0.00022348937867278096
408,0.5466359754162149,0.5466350730570557,0.0009810987359270401,4.430366008088099,2.4756856487286365,1.6552547721084498,3.143889783776625,-1.0,-1.5724200049308712,0.9146415681600873,1.0310827263531837,-1.2969069082155078,0.0012931535781139953,0.9219789365978251,-1.927845461091593e-05,0.0,-9.810281975664026e-07,8.244612534780149e-05,-0.0001279220709935469,-0.00017825759038747613,1.0002394422836246e-06,0.0002237335278789665
409,0.546634876286225,0.5466339733659253,0.0009814028025445858,4.430366005850293,2.4756845489974593,1.6552546712510083,3.143870502538943,-1.0,-1.5724209880376134,0.9147240817217634,1.030954695174225,-1.2970853688869908,0.0012941559123157587,0.9222029148784036,-1.9281237682022834e-05,0.0,-9.831067422361173e-07,8.25135616761008e-05,-0.00012803117895865412,-0.00017846067148297173,1.002334201763433e-06,0.0002239782805784074
410,0.5466337748479562,0.5466328713653402,0.000981707410102348,4.430366003613393,2.475683446956744,1.6552545702286827,3.143851218517381,-1.0,-1.5724219732302365,0.9148066628777428,1.030826554626537,-1.297264033142619,0.0012951603486474534,0.9224271385175205,-1.928402156226028e-05,0.0,-9.85192623037534e-07,8.258115597936655e-05,-0.00012814054768806038,-0.00017866425562829136,1.0044363316947125e-06,0.00022422363911689391
411,0.5466326710932679,0.5466317670471558,0.0009820125614886258,4.430366001377405,2.475682342598347,1.655254469040966,3.1438319317111407,-1.0,-1.5724229605161135,0.9148893117865953,1.030698304448361,-1.2974429014874012,0.001296166894515863,0.9226516081233729,-1.9286806240081944e-05,0.0,-9.87285877052102e-07,8.264890885245624e-05,-0.00012825017817585938,-0.00017886834478209046,1.006545868409512e-06,0.0002244696058524287
412,0.5466315650139815,0.5466306604031889,0.0009823182573268157,4.430365999142332,2.475681235914083,1.6552543676873501,3.1438126421194337,-1.0,-1.5724239499026536,0.914972028607488,1.0305699443769407,-1.2976219744283157,0.0012971755573645107,0.9228763243065283,-1.9289591707050135e-05,0.0,-9.893865400290025e-07,8.271682089278087e-05,-0.00012836007142036365,-0.00017907294091457082,1.0086628486477567e-06,0.00022471618315544895
413,0.5466304566018757,0.5466295514252143,0.0009826245000464015,4.430365996908178,2.4756801268957283,1.6552542661673246,3.1437933497414825,-1.0,-1.5724249413973028,0.9150548135001892,1.0304414741485148,-1.2978012524743205,0.001298186344673641,0.9231012876799378,-1.9292377951174444e-05,0.0,-9.914946492717291e-07,8.278489270119316e-05,-0.00012847022842588096,-0.000179278046004816,1.01078730913029e-06,0.00022496337340949246
414,0.5466293458486899,0.5466284401049673,0.0009829312913952279,4.430365994674948,2.4756790155350163,1.6552541644803755,3.1437740545765203,-1.0,-1.572425935007544,0.9151376666250705,1.0303128934983137,-1.2979807361363644,0.0012991992639606266,0.9233264988589482,-1.929516496224082e-05,0.0,-9.936102411955972e-07,8.285312488121033e-05,-0.00012858065020115994,-0.00017948366204389998,1.012919286985615e-06,0.00022521117901042054
415,0.5466282327461219,0.5466273264341409,0.0009832386328922117,4.430365992442647,2.475677901823641,1.6552540626259884,3.1437547566237916,-1.0,-1.5724269307408973,0.9152205881431105,1.030184202160552,-1.2981604259273969,0.0013002143227802412,0.9235519584613152,-1.929795272870294e-05,0.0,-9.957333533261448e-07,8.292151804001335e-05,-0.00012869133776161057,-0.00017968979103244465,1.0150588196145872e-06,0.00022545960236697304
416,0.5466271172858279,0.5466262104043877,0.0009835465267307275,4.430365990211278,2.4756767857532536,1.655253960603645,3.143735455882552,-1.0,-1.5724279286049205,0.9153035782158985,1.0300553998684254,-1.2983403223623797,0.0013012315287247945,0.9237776671072158,-1.9300741239458574e-05,0.0,-9.978640231889102e-07,8.299007278800286e-05,-0.00012880229212663963,-0.00017989643498284025,1.0172059445533697e-06,0.0002257086459005464
417,0.5466259994594227,0.5466250920073181,0.0009838549739720345,4.430365987980848,2.475675667315465,1.6552538584128258,3.1437161523520687,-1.0,-1.572428928607209,0.9153866370056364,1.0299264863541036,-1.2985204259582968,0.0013022508894244252,0.9240036254192617,-1.9303530483405495e-05,0.0,-1.0000022885314763e-06,8.305878973791092e-05,-0.00012891351432187115,-0.00018010359591702496,1.0193606996306438e-06,0.00022595831204597072
418,0.5466248792584799,0.5466239712345011,0.0009841639770288338,4.430365985751359,2.475674546501844,1.655253756053008,3.143696846031619,-1.0,-1.5724299307553957,0.9154697646751432,1.029797461348726,-1.298700737234166,0.0013032724125472547,0.9242298340225124,-1.930632044988556e-05,0.0,-1.0021481866573367e-06,8.31276695067995e-05,-0.0001290250053775921,-0.0001803112758691494,1.0215231228294808e-06,0.00022620860325062164
419,0.5466237566745298,0.5466228480774636,0.0009844735371821265,4.430365983522817,2.4756734233039164,1.655253653523667,3.143677536920493,-1.0,-1.5724309350571524,0.9155529613878575,1.0296683245823954,-1.2988812567110486,0.0013042961057997962,0.9244562935444877,-1.9309111126020184e-05,0.0,-1.004301756646342e-06,8.319671271428408e-05,-0.00012913676633052873,-0.0001805194768826901,1.02369325254148e-06,0.0002264595219753085
420,0.5466226316990614,0.5466217225276894,0.000984783656837736,4.4303659812952265,2.4756722977131664,1.6552535508242756,3.1436582250179903,-1.0,-1.5724319415201888,0.9156362273078407,1.0295390757841736,-1.299061984912062,0.001305321976927032,0.9246830046151816,-1.931190250248349e-05,0.0,-1.0064630364681193e-06,8.326591998319977e-05,-0.0001292487982218482,-0.00018072820101333598,1.0258711272358688e-06,0.00022671107069394125
421,0.5466215043235213,0.5466205945766207,0.0009850943372704838,4.430365979068592,2.4756711697210356,1.6552534479543044,3.143638910323425,-1.0,-1.5724329501522536,0.9157195625997809,1.0294097146820747,-1.2992429223623894,0.0013063500337128222,0.9249099678670752,-1.9314694565508717e-05,0.0,-1.0086320647584301e-06,8.333529194026745e-05,-0.00012936110209893492,-0.00018093745032743414,1.0280567857901858e-06,0.00022696325189364153
422,0.5466203745393121,0.5466194642156559,0.0009854055806539606,4.430365976842918,2.4756700393189215,1.6552533449132214,3.1436195928361195,-1.0,-1.572433960961134,0.9158029674289956,1.0292802410030601,-1.2994240695892918,0.0013073802839800005,0.9251371839351502,-1.9317487305325898e-05,0.0,-1.0108088803750803e-06,8.340482921465053e-05,-0.00012947367901450235,-0.0001811472269024339,1.0302502671782465e-06,0.00022721606807496464
423,0.5466192423377934,0.5466183314361506,0.0009857173882570022,4.430365974618209,2.4756689064981807,1.6552532417004922,3.1436002725554113,-1.0,-1.5724349739546568,0.9158864419614352,1.029150654473033,-1.2996054271221191,0.0013084127355907057,0.9253646534569024,-1.932028070816827e-05,0.0,-1.0129935228420095e-06,8.347453243962022e-05,-0.00012958653002703713,-0.00018135753282733091,1.0324516107051984e-06,0.00022746952175223267
424,0.5466181077102826,0.5466171962294174,0.0009860297626970152,4.430365972394471,2.4756677712501247,1.65525313831558,3.1435809494806475,-1.0,-1.5724359891406878,0.9159699863636863,1.029020954816833,-1.2997869954923207,0.0013094473964466143,0.9255923770723555,-1.932307476382178e-05,0.0,-1.0151860310170235e-06,8.354440225111226e-05,-0.0001296996562001329,-0.00018156837020155692,1.0346608559086423e-06,0.0002277236154530904
425,0.5466169706480523,0.5466160585867244,0.0009863427052364023,4.4303659701717075,2.4756666335660213,1.6552530347579455,3.1435616236111885,-1.0,-1.572437006527133,0.9160536008029752,1.0288911417582292,-1.2999687752334572,0.0013104842744892321,0.9258203554240745,-1.932586945896375e-05,0.0,-1.017386445090196e-06,8.361443928883716e-05,-0.00012981305860382264,-0.00018177974113653406,1.0368780426178292e-06,0.0002279783517189493
426,0.5466158311423296,0.546614918499295,0.0009866562180351744,4.430365967949923,2.475665493437094,1.6552529310270474,3.1435422949464065,-1.0,-1.5724380261219377,0.916137285447171,1.028761215019916,-1.3001507668812127,0.0013115233777001858,0.9260485891571792,-1.9328664782047866e-05,0.0,-1.019594804807511e-06,8.36846441958361e-05,-0.0001299267383132463,-0.00018199164775545285,1.0391032109536603e-06,0.0002282337331047657
427,0.5466146891843006,0.5466137759583095,0.0009869703027996603,4.430365965729123,2.4756643508545224,1.6552528271223406,3.143522963485686,-1.0,-1.5724390479330883,0.9162210404647898,1.0286311743235064,-1.3003329709734053,0.0013125647141013388,0.9262770789193587,-1.9331460720639626e-05,0.0,-1.0218111505810867e-06,8.375501761881399e-05,-0.00013004069640953908,-0.00018220409219260603,1.0413364011530469e-06,0.00022848976217948458
428,0.5466135447651047,0.546612630954904,0.0009872849619077383,4.430365963509312,2.475663205809442,1.655252723043279,3.143503629228424,-1.0,-1.5724400719686107,0.9163048660249968,1.0285010193895268,-1.3005153880499987,0.001313608291755239,0.9265058253608852,-1.9334257261860444e-05,0.0,-1.0240355223789521e-06,8.382556020702925e-05,-0.0001301549339796093,-0.00018241707659338857,1.0435776539002416e-06,0.00022874644152648393
429,0.5466123978758368,0.5466114834801681,0.0009876001963842617,4.430365961290495,2.4756620582929427,1.6552526187893133,3.1434842921740302,-1.0,-1.572441098236572,0.916388762297611,1.0283707499374106,-1.3006980186531143,0.0013146541187651186,0.9267348291346277,-1.933705439371991e-05,0.0,-1.026267961279359e-06,8.38962726141812e-05,-0.0001302694521161385,-0.00018263060311562995,1.0458270098794974e-06,0.0002290037737424644
430,0.5466112485075451,0.5466103335251462,0.0009879160086003354,4.4303659590726765,2.475660908296068,1.6552525143598922,3.143464952321927,-1.0,-1.5724421267450803,0.9164727294531079,1.0282403656854928,-1.3008808633270434,0.001315702203275457,0.9269640908960662,-1.933985210333944e-05,0.0,-1.0285085083605594e-06,8.396715549685574e-05,-0.00013038425191780334,-0.00018284467392915005,1.0480845103384186e-06,0.00022926176143855947
431,0.5466100966512366,0.5466091810808398,0.000988232400473646,4.430365956855863,2.47565975580982,1.6552524097544603,3.14344560967155,-1.0,-1.5724431575022848,0.9165567676626237,1.0281098663510038,-1.3010639226182579,0.0013167525534721562,0.9271936113033064,-1.9342650376952264e-05,0.0,-1.0307572044787605e-06,8.403820951585761e-05,-0.0001304993344890537,-0.00018305929121442688,1.0503501966991659e-06,0.00022952040724011358
432,0.5466089422978678,0.5466080261382014,0.0009885493734691734,4.43036595464006,2.4756586008251498,1.6552523049724615,3.143426264222347,-1.0,-1.5724441905163764,0.9166408770979579,1.0279792516500634,-1.301247197075423,0.0013178051775825986,0.9274233910170934,-1.9345449203012066e-05,0.0,-1.0330140916003927e-06,8.4109435334212e-05,-0.00013061470094033467,-0.0001832744571650391,1.0526241104424471e-06,0.000229779713787015
433,0.5466077854383514,0.5466068686881391,0.0009888669301717197,4.430365952425268,2.475657443332966,1.6552522000133363,3.1434069159737774,-1.0,-1.5724452257955874,0.9167250579315774,1.0278485212976756,-1.3014306872494086,0.0013188600838763473,0.927653430700827,-1.9348248569528437e-05,0.0,-1.0352792110257525e-06,8.418083361949602e-05,-0.00013073035238786446,-0.00018349017398566758,1.0549062937487141e-06,0.00023003968373358497
434,0.5466066260635533,0.5466057087215141,0.0009891850718149035,4.430365950211496,2.475656283324129,1.6552520948765224,3.143387564925318,-1.0,-1.572446263348193,0.9168093103366205,1.027717675007721,-1.3016143936933027,0.001319917280664912,0.9278837310205752,-1.9351048459625986e-05,0.0,-1.0375526056094486e-06,8.425240504306153e-05,-0.00013084628995452263,-0.00018370644389409385,1.0571967885646648e-06,0.0002303003197482445
435,0.5466054641642926,0.5466045462291407,0.000989503801200521,4.430365947998745,2.475655120789453,1.655251989561455,3.1433682110764543,-1.0,-1.57244730318251,0.9168936344868995,1.0275867124929527,-1.301798316962422,0.001320976776302624,0.9281142926450898,-1.935384886353475e-05,0.0,-1.0398343168738222e-06,8.432415027903595e-05,-0.0001309625147682958,-0.0001839232691194237,1.059495637711948e-06,0.0002305616245146247
436,0.5466042997313428,0.5466033812017874,0.0009898231197797498,4.430365945787026,2.475653955719706,1.6552518840675676,3.1433488544266894,-1.0,-1.5724483453068978,0.9169780305569052,1.027455633464988,-1.3019824576143253,0.0013220385791861303,0.9283451162458207,-1.935664976482343e-05,0.0,-1.0421243878955266e-06,8.439607000565452e-05,-0.00013107902796472004,-0.0001841406519031974,1.0618028835063242e-06,0.00023082360073090058
437,0.546603132755427,0.546602213630173,0.000990143029225102,4.43036594357634,2.4756527881056067,1.6552517783942895,3.1433294949755366,-1.0,-1.5724493897297596,0.9170624987218101,1.0273244376343045,-1.3021668162088247,0.0013231026977554435,0.9285762024969306,-1.9359451152833884e-05,0.0,-1.0444228617512152e-06,8.446816490492726e-05,-0.00013119583068355034,-0.00018435859449938974,1.0641185693132781e-06,0.0002310862511099021
438,0.5466019632272239,0.5466010435049717,0.000990463531878419,4.430365941366693,2.4756516179378285,1.6552516725410484,3.143310132722525,-1.0,-1.5724504364595404,0.9171470391574721,1.027193124710232,-1.3023513933079995,0.0013241691404938056,0.9288075520753103,-1.93622530115789e-05,0.0,-1.0467297808514076e-06,8.454043566197278e-05,-0.00013131292407253525,-0.0001845770991748541,1.0664427383621188e-06,0.0002313495783796693
439,0.5466007911373622,0.546599870816807,0.0009907846294051213,4.43036593915809,2.475650445206995,1.6552515665072693,3.1432907676671964,-1.0,-1.57245148550473,0.9172316520404382,1.0270616944009472,-1.3025361894762075,0.0013252379159280766,0.9290391656605934,-1.936505532862398e-05,0.0,-1.0490451896050246e-06,8.461288296612857e-05,-0.0001314303092847524,-0.00018479616820799016,1.06877543427095e-06,0.00023161358528311915
440,0.5465996164764233,0.546598695556256,0.000991106324139513,4.430365936950535,2.475649269903683,1.6552514602923738,3.1432713998091066,-1.0,-1.572452536873861,0.9173163375479485,1.0269301464134677,-1.302721205280098,0.0013263090326290446,0.929271043935172,-1.9367858089758272e-05,0.0,-1.0513691310887197e-06,8.468550751028481e-05,-0.0001315479874794967,-0.0001850158038905203,1.0711167009679577e-06,0.00023187827457860077
441,0.5465984392349401,0.5465975177138462,0.000991428617963863,4.430365934744035,2.4756480920184196,1.655251353895782,3.1432520291478268,-1.0,-1.572453590575511,0.9174010958579395,1.026798480453645,-1.3029064412886247,0.0013273824992117184,0.9295031875842115,-1.937066127988274e-05,0.0,-1.0537016499334584e-06,8.475830999099543e-05,-0.00013166595982272433,-0.00018523600852660138,1.0734665826738453e-06,0.00023214364903945128
442,0.5465972594033963,0.5465963372800566,0.0009917515127569106,4.430365932538594,2.4756469115416833,1.6552512473169094,3.1432326556829415,-1.0,-1.572454646618301,0.9174859271490486,1.026666696226158,-1.3030918980730584,0.0013284583243355602,0.9297355972956658,-1.9373464885230618e-05,0.0,-1.056042789882028e-06,8.483129110914422e-05,-0.00013178422748705287,-0.00018545678443371294,1.0758251238417692e-06,0.00023240971145432887
443,0.5465960769722255,0.5465951542453165,0.0009920750106176771,4.4303659303342195,2.475645728463903,1.6552511405551706,3.1432132794140504,-1.0,-1.572455705010897,0.9175708316006169,1.0265347934345073,-1.3032775762069992,0.0013295365167047574,0.9299682737602938,-1.9376268891146964e-05,0.0,-1.058392596009483e-06,8.490445156827953e-05,-0.000131902791650651,-0.00018567813394088084,1.0781923691972374e-06,0.00023267646462798997
444,0.5465948919318137,0.5465939686000061,0.0009923991134176055,4.430365928130914,2.475644542775459,1.6552510336099773,3.143193900340766,-1.0,-1.5724567657620103,0.9176558093926938,1.0264027717810085,-1.303463476266391,0.00133061708506865,0.9302012176716739,-1.93790732843091e-05,0.0,-1.0607511133908787e-06,8.497779207683465e-05,-0.0001320216534987928,-0.0001859000593917859,1.0805683638925e-06,0.00023294391138006798
445,0.5465937042724953,0.5465927803344557,0.0009927238234719348,4.430365925928683,2.4756433544666807,1.6552509264807371,3.143174518462717,-1.0,-1.5724578288803972,0.9177408607060403,1.0262706309667853,-1.303649598829533,0.001331700038222003,0.9304344297262199,-1.9381878049173906e-05,0.0,-1.0631183868792249e-06,8.505131334657356e-05,-0.00013214081422319168,-0.00018612256314187725,1.0829531533530258e-06,0.00023321205454607252
446,0.5465925139845557,0.5465915894389449,0.0009930491426445671,4.430365923727535,2.475642163527848,1.6552508191668553,3.1431551337795467,-1.0,-1.5724588943748592,0.9178259857221338,1.0261383706917635,-1.3038359444770933,0.0013327853850052002,0.9306679106231974,-1.9384683170198258e-05,0.0,-1.0654944619936657e-06,8.512501609347911e-05,-0.00013226027502177828,-0.00018634564756037086,1.0853467831972718e-06,0.0002334808969775004
447,0.5465913210582287,0.5465903959037037,0.0009933750732428958,4.4303659215274696,2.4756409699491897,1.6552507116677355,3.1431357462909126,-1.0,-1.5724599622542441,0.9179111846231707,1.0260059906546641,-1.3040225137921226,0.0013338731343045557,0.9309016610647395,-1.938748863405948e-05,0.0,-1.067879384919479e-06,8.519890103686478e-05,-0.00013238003709936663,-0.00018656931502936125,1.0877492993555116e-06,0.0002337504415420577
448,0.546590125483698,0.5465891997189096,0.0009937016166763533,4.430365919328497,2.475639773720884,1.655250603982777,3.1431163559964888,-1.0,-1.5724610325274457,0.9179964575920714,1.0258734905529965,-1.3042093073600676,0.0013349632950528185,0.931135681755862,-1.9390294423882182e-05,0.0,-1.070273201619898e-06,8.527296890070701e-05,-0.00013250010166765414,-0.00018679356794493174,1.090160748262823e-06,0.00023402069112254953
449,0.5465889272510952,0.5465880008746903,0.0009940287752449011,4.430365917130621,2.4756385748330567,1.6552504961113772,3.1430969628959637,-1.0,-1.5724621052034045,0.9180818048124839,1.0257408700830517,-1.3043963257687832,0.001336055876229289,0.931369973404481,-1.939310052501142e-05,0.0,-1.0726759587242896e-06,8.534722041253495e-05,-0.0001326204699447775,-0.00018701840871560016,1.0925811764705105e-06,0.00023429164861898943
450,0.5465877263505012,0.5465867993611213,0.0009943565519142513,4.430365914933849,2.475637373275785,1.6552503880529303,3.143077566989041,-1.0,-1.5724631802911073,0.9181672264687877,1.0256081289398968,-1.3045835696085473,0.0013371508868602472,0.9316045367214283,-1.939590692279225e-05,0.0,-1.075087702862021e-06,8.542165630376353e-05,-0.00013274114315486862,-0.0001872438397640952,1.0950106309581386e-06,0.00023456331694726718
451,0.5465865227719456,0.5465855951682262,0.0009946849476359767,4.430365912738183,2.4756361690390905,1.6552502798068278,3.1430581682754397,-1.0,-1.5724642577995884,0.9182527227460976,1.0254752668173666,-1.304771039472074,0.0013382483360191073,0.9318393724204675,-1.939871360123746e-05,0.0,-1.0775084811065483e-06,8.549627730991549e-05,-0.00013286212253027507,-0.00018746986352669026,1.0974491588600956e-06,0.00023483569903925972
452,0.5465853165054039,0.5465843882859766,0.0009950139651444987,4.43036591054363,2.475634962112945,1.6552501713724581,3.143038766754896,-1.0,-1.5724653377379294,0.9183382938302685,1.0253422834080572,-1.3049587359545272,0.0013393482328268843,0.9320744812183115,-1.940152054391575e-05,0.0,-1.079938340975417e-06,8.557108417095449e-05,-0.0001329834093093396,-0.00018769648245320347,1.0998968077769768e-06,0.00023510879784394145
453,0.5465841075407997,0.5465831787042906,0.000995343605830961,4.430365908350196,2.4756337524872665,1.655250062749207,3.14301936242716,-1.0,-1.5724664201152596,0.918423939907899,1.0252091784033202,-1.3051466596535346,0.0013404505864525048,0.932309863834638,-1.940432773572809e-05,0.0,-1.0823773302082174e-06,8.564607763039689e-05,-0.00013310500473706632,-0.00018792369900744177,1.1023536256205436e-06,0.00023538261632649604
454,0.5465828958680049,0.5465819664130349,0.000995673872644562,4.430365906157886,2.475632540151921,1.6552499539364565,3.142999955292,-1.0,-1.5724675049407562,0.9185096611663351,1.0250759514932541,-1.3053348111692018,0.001341555406113118,0.932545520992107,-1.9407135160243172e-05,0.0,-1.0848254965445392e-06,8.572125843619993e-05,-0.00013322691006600884,-0.0001881515156672009,1.1048196606132897e-06,0.00023565715746898253
455,0.5465816814768368,0.5465807514020214,0.0009960047674147353,4.430365903966707,2.47563132509672,1.6552498449335864,3.142980545349199,-1.0,-1.572468592223645,0.9185954577936752,1.0249426023666988,-1.3055231911041256,0.0013426627010743682,0.9327814534163775,-1.94099428010297e-05,0.0,-1.0872828888341957e-06,8.579662734009563e-05,-0.00013334912655538211,-0.00018837993492382132,1.1072949612500604e-06,0.00023593242427055738
456,0.5465804643570582,0.5465795336610081,0.0009963362924130207,4.430365901776663,2.4756301073114217,1.6552497357399736,3.1429611325985563,-1.0,-1.5724696819732005,0.9186813299787736,1.0248091307112275,-1.3057118000634087,0.0013437724806506846,0.9330176618361246,-1.9412750642544552e-05,0.0,-1.0897495554829106e-06,8.587218509836791e-05,-0.00013347165547128448,-0.00018860895928307642,1.109779576316484e-06,0.00023620841974703044
457,0.5465792444983799,0.5465783131797004,0.0009966684494611701,4.430365899587759,2.4756288867857306,1.655249626354992,3.1429417170398883,-1.0,-1.572470774198746,0.9187672779112447,1.0246755362131403,-1.3059006386546737,0.0013448847542057692,0.933254146983056,-1.9415558667912336e-05,0.0,-1.0922255455625418e-06,8.594793247107546e-05,-0.00013359449808714174,-0.0001888385912649504,1.112273555084562e-06,0.00023648514693141998
458,0.5465780218904572,0.5465770899477483,0.0009970012406000197,4.430365897400004,2.4756276635092958,1.6552495167780121,3.142922298673028,-1.0,-1.5724718689096548,0.9188533017814677,1.0245418185574566,-1.3060897074880777,0.0013459995311528475,0.9334909095919299,-1.9418366860257663e-05,0.0,-1.0947109088110807e-06,8.602387022305091e-05,-0.0001337176556837072,-0.00018906883340408243,1.1147769470782644e-06,0.00023676260887395273
459,0.5465767965228898,0.5465758639547459,0.0009973346689796654,4.4303658952133995,2.4756264374717123,1.655249407008402,3.142902877497825,-1.0,-1.5724729661153496,0.9189394017805905,1.0244079774279085,-1.3062790071763266,0.0013471168209550385,0.9337279504005721,-1.9421175203149232e-05,0.0,-1.0972056947444742e-06,8.609999912279065e-05,-0.0001338411295481734,-0.00018929968824887844,1.1172898021910571e-06,0.00023704080864217492
460,0.5465755683852229,0.5465746351902341,0.00099766873551914,4.430365893027957,2.47562520866252,1.6552492970455257,3.1428834535141466,-1.0,-1.5724740658253027,0.9190255781005343,1.0242740125069325,-1.306468538334689,0.001348236633125627,0.9339652701498933,-1.9423983678379386e-05,0.0,-1.0997099531007137e-06,8.617631994378705e-05,-0.0001339649209759486,-0.0001895311583623993,1.119812170588541e-06,0.00023731974932117428
461,0.546574337466948,0.5465734036436981,0.0009980034429149336,4.430365890843674,2.475623977071203,1.655249186888745,3.142864026721875,-1.0,-1.572475168049037,0.919111830933997,1.024139923475664,-1.306658301581012,0.0013493589772284517,0.9342028695839072,-1.942679227173727e-05,0.0,-1.1022237342839247e-06,8.625283346264112e-05,-0.0001340890312684362,-0.000189763246323027,1.1223441028246784e-06,0.00023759943401391315
462,0.5465731037574977,0.5465721693045656,0.0009983387938586894,4.430365888660562,2.4756227426871904,1.6552490765374182,3.1428445971209125,-1.0,-1.5724762727961266,0.9191981604744589,1.0240057100139281,-1.306848297535735,0.0013504838628781383,0.9344407494497474,-1.942960096235069e-05,0.0,-1.1047470895864109e-06,8.632954046194907e-05,-0.0001342134617359214,-0.0001899959547229102,1.1248856496865346e-06,0.00023787986584022924
463,0.5465718672462497,0.5465709321622085,0.0009986747899254978,4.430365886478627,2.475621505499852,1.6552489659909007,3.142825164711178,-1.0,-1.5724773800761962,0.9192845669161859,1.023871371800233,-1.3070385268219045,0.0013516112997407795,0.9346789104976865,-1.9432409734676526e-05,0.0,-1.1072800696343421e-06,8.640644172697165e-05,-0.00013433821369512877,-0.00019022928616951873,1.1274368626411867e-06,0.00023816104793905613
464,0.546570627922525,0.5465696922059426,0.0009990114337984054,4.430365884297872,2.4756202654985042,1.6552488552485451,3.1428057294926073,-1.0,-1.5724784898989221,0.9193710504542346,1.023736908511763,-1.3072289900651899,0.0013527412975337801,0.9349173534811525,-1.9435218570507118e-05,0.0,-1.1098227259420668e-06,8.648353804874276e-05,-0.00013446328847011024,-0.0001904632432854214,1.129997793000671e-06,0.0002384429834659807
465,0.5465693857755872,0.5465684494250266,0.0009993487268224496,4.430365882118306,2.4756190226724053,1.6552487443097008,3.142786291465155,-1.0,-1.5724796022740326,0.9194576112844565,1.02360231982437,-1.307419687893898,0.0013538738660267894,0.9351560791567483,-1.94380274520789e-05,0.0,-1.1123751104680224e-06,8.656083022184902e-05,-0.0001345886873929114,-0.00019069782870806407,1.1325684930092207e-06,0.00023872567559579672
466,0.5465681407946436,0.5465672038086608,0.000999686672560733,4.430365879939933,2.475617777010754,1.6552486331737128,3.1427668506287936,-1.0,-1.5724807172113078,0.9195442496035025,1.023467605412567,-1.3076106209389877,0.0013550090150415254,0.9353950882842691,-1.94408363616283e-05,0.0,-1.1149372751706466e-06,8.663831904598407e-05,-0.00013471441180290533,-0.0001909330450897695,1.135149014736079e-06,0.00023900912752083947
467,0.5465668929688409,0.5465659553459883,0.0010000252723498782,4.4303658777627595,2.475616528502695,1.6552485218399244,3.1427474069835126,-1.0,-1.5724818347205805,0.9196309656088271,1.0233327649495203,-1.3078017898340866,0.001356146754452495,0.9356343816267215,-1.9443645280947663e-05,0.0,-1.1175092726745106e-06,8.671600532461632e-05,-0.00013484046304679254,-0.0001911688950988477,1.1377394109695314e-06,0.00023929334245242906
468,0.5465656422872704,0.5465647040260937,0.0010003645290771626,4.430365875586791,2.4756152771373108,1.655248410307676,3.1427279605293212,-1.0,-1.572482954811736,0.9197177594986934,1.0231977981070408,-1.3079931952155048,0.0013572870941871876,0.9358739599503414,-1.9446454191385243e-05,0.0,-1.120091155604186e-06,8.67938898663212e-05,-0.0001349668424794892,-0.0001914053814182637,1.140339734692587e-06,0.0002395783236198712
469,0.5465643887389634,0.5465634498380025,0.0010007044442933283,4.430365873412036,2.4756140229036276,1.6552482985763022,3.1427085112662465,-1.0,-1.572484077494714,0.9198046314721778,1.0230627045555776,-1.3081848377222518,0.001358430044226522,0.9361138240246124,-1.944926307473338e-05,0.0,-1.1226829779165115e-06,8.687197348444808e-05,-0.00013509355146323898,-0.0001916425067469696,1.1429500393345116e-06,0.0002398640742710123
470,0.5465631323128917,0.5465621927706821,0.0010010450208765911,4.430365871238496,2.4756127657906117,1.6552481866451374,3.142689059194334,-1.0,-1.5724852027795062,0.9198915817291737,1.0229274839642095,-1.3083767179960508,0.0013595756146051188,0.9363539746222858,-1.945207191234033e-05,0.0,-1.1252847922360587e-06,8.695025699589909e-05,-0.00013522059136805709,-0.00019188027379901662,1.1455703785967063e-06,0.00024015059767334979
471,0.5465618729979692,0.5465609328130397,0.001001386260812995,4.430365869066181,2.47561150578717,1.6552480745135107,3.1426696043136504,-1.0,-1.5724863306761594,0.9199786104703972,1.0227921360006373,-1.308568836681356,0.0013607238154118048,0.936594412519398,-1.9454880683777986e-05,0.0,-1.1278966531858003e-06,8.702874122346049e-05,-0.00013534796357217438,-0.00019211868530510934,1.1482008066860273e-06,0.0002404378971122556
472,0.5465606107830489,0.5465596699539226,0.0010017281665278867,4.430365866895093,2.4756102428821505,1.6552479621807488,3.1426501466242773,-1.0,-1.5724874611947741,0.9200657178973906,1.0226566603311764,-1.3087611944253668,0.0013618746567898468,0.9368351384952911,-1.945768937305914e-05,0.0,-1.1305186147225754e-06,8.710742699336027e-05,-0.00013547566946092715,-0.00019235774401082928,1.1508413780420002e-06,0.00024072597589308575
473,0.546559345656922,0.546558404182117,0.0010020707404419778,4.430365864725244,2.4756089770643372,1.655247849646176,3.1426306861263202,-1.0,-1.5724885943455063,0.9201529042125283,1.0225210566207474,-1.3089537918780447,0.0013630281489374566,0.9370761533326308,-1.946049795709115e-05,0.0,-1.1331507321354906e-06,8.718631513771058e-05,-0.00013560371042897756,-0.00019259745267796724,1.1534921476098227e-06,0.00024101483733973694
474,0.546558077608322,0.5465571354863503,0.0010024139845283186,4.430365862556638,2.4756077083224586,1.6552477369091103,3.1426112228199004,-1.0,-1.572489730138566,0.920240169619021,1.0223853245328707,-1.3091466296921297,0.0013641843021081988,0.9373174578174263,-1.9463306419886806e-05,0.0,-1.135793059825474e-06,8.72654064927314e-05,-0.00013573208787676094,-0.00019283781408496736,1.1561531707421357e-06,0.00024130448479542377
475,0.5465568066259193,0.5465558638552871,0.0010027579016416528,4.430365860389279,2.4756064366451778,1.6552476239688698,3.14259175670516,-1.0,-1.57249086858422,0.92032751432092,1.0222494637296555,-1.3093397085231553,0.0013653431266111853,0.93755905273905,-1.9466114740129825e-05,0.0,-1.1384456539698107e-06,8.734470189897259e-05,-0.0001358608032151487,-0.00019307883102559487,1.1588245029865198e-06,0.00024159492162378893
476,0.5465555326983221,0.54655458927753,0.0010031024941887423,4.4303658582231735,2.4756051620210977,1.6552475108247666,3.142572287782263,-1.0,-1.5724920096927901,0.9204149385231227,1.022113473871794,-1.309533029029466,0.001366504632811561,0.9378009388902568,-1.9468922897392105e-05,0.0,-1.141108570079652e-06,8.742420220275715e-05,-0.00013598985786145157,-0.0001933205063107124,1.1615062003756272e-06,0.0002418861512067938
477,0.5465542558140775,0.5465533117416204,0.0010034477639078367,4.430365856058331,2.475603884438759,1.655247397476112,3.1425528160513903,-1.0,-1.572493153474655,0.9205024424313772,1.0219773546185518,-1.309726591872233,0.001367668831131028,0.9380431170672041,-1.9471730872577808e-05,0.0,-1.143781864776372e-06,8.750390825451593e-05,-0.00013611925324230612,-0.0001935628427669478,1.1641983194670812e-06,0.00024217817694727195
478,0.5465529759616715,0.5465520312360381,0.0010037937136394535,4.430365853894757,2.4756026038866414,1.6552472839222108,3.1425333415127445,-1.0,-1.572494299940249,0.9205900262522876,1.0218411056277603,-1.3099203977154714,0.0013688357320479827,0.938285588069471,-1.947453864570292e-05,0.0,-1.1464655940152113e-06,8.758382091034189e-05,-0.00013624899079145436,-0.0001938058432384704,1.1669009169546808e-06,0.00024247100226693075
479,0.5465516931295253,0.5465507477491984,0.001004140345555431,4.430365851732456,2.4756013203531593,1.655247170162366,3.142513864166548,-1.0,-1.5724954491000644,0.9206776901933174,1.0217047265558086,-1.3101144472260562,0.0013700053460982719,0.9385283527000798,-1.947734619633934e-05,0.0,-1.1491598155277671e-06,8.766394102976971e-05,-0.00013637907195174215,-0.0001940495105847706,1.1696140502892149e-06,0.00024276463060879383
480,0.5465504073059962,0.5465494612694531,0.0010044876622653275,4.430365849571434,2.475600033826665,1.6552470561958785,3.142494384013045,-1.0,-1.572496600964651,0.920765434462796,1.0215682170576343,-1.310308741073739,0.001371177683875175,0.9387714117655152,-1.9480153503170783e-05,0.0,-1.1518645866015476e-06,8.774426947866232e-05,-0.00013650949817423097,-0.00019429384768288038,1.1723377769030409e-06,0.00024305906543531375
481,0.5465491184793807,0.546548171785092,0.0010048356663736973,4.430365847411701,2.4755987442954464,1.655246942022043,3.1424749010525,-1.0,-1.572497755544616,0.9208532592699238,1.021431576786716,-1.3105032799311664,0.0013723527560301214,0.9390147660757441,-1.9482960544880967e-05,0.0,-1.1545799649681499e-06,8.782480712776763e-05,-0.00013664027091842001,-0.0001945388574273732,1.175072154946475e-06,0.00024335431022892706
482,0.5465478266379072,0.5465468792843388,0.0010051843598173822,4.43036584525326,2.475597451747728,1.6552468276401524,3.142455415285198,-1.0,-1.5724989128506253,0.9209411648247756,1.0212948053950643,-1.3106980644738953,0.0013735305732729636,0.9392584164442378,-1.9485767302374057e-05,0.0,-1.1573060092473497e-06,8.790555485183038e-05,-0.00013677139165158003,-0.00019478454272880974,1.177817242842185e-06,0.00024365036849371968
483,0.5465465317697429,0.5465455837553532,0.0010055337456332362,4.43036584309612,2.475596156171669,1.6552467130494959,3.1424359267114443,-1.0,-1.572500072893403,0.9210291513383071,1.0211579025332136,-1.3108930953804108,0.0013747111463724626,0.9395023636879913,-1.9488573753445593e-05,0.0,-1.1600427778368783e-06,8.798651353147946e-05,-0.00013690286185075173,-0.00019503090651551425,1.1805730994989948e-06,0.0002439472437535395
484,0.546545233862987,0.5465442851862296,0.001005883825527994,4.430365840940284,2.475594857555363,1.655246598249358,3.1424164353315684,-1.0,-1.5725012356837331,0.9211172190223597,1.021020867850213,-1.3110883733321435,0.0013758944861565986,0.9397466086275448,-1.9491379875891113e-05,0.0,-1.162790330022645e-06,8.806768405256182e-05,-0.00013703468300052535,-0.00019527795173268636,1.1833397841360272e-06,0.0002442449395534396
485,0.5465439329056763,0.5465429835649976,0.0010062346027492621,4.4303658387857645,2.4755935558868387,1.6552464832390212,3.1423969411459205,-1.0,-1.5725024012324582,0.921205368089665,1.0208837009936178,-1.3112838990134872,0.0013770806035132315,0.9399911520870043,-1.9494185647950246e-05,0.0,-1.1655487250905594e-06,8.814906730536531e-05,-0.00013716685659526107,-0.00019552568134373338,1.1861173566329007e-06,0.00024454345945956746
486,0.5465426288857774,0.5465416788796185,0.0010065860792151252,4.4303658366325624,2.4755922511540582,1.655246368017764,3.142377444154871,-1.0,-1.5725035695504817,0.9212935987538505,1.0207464016094814,-1.311479673111816,0.0013782695093901597,0.9402359948940633,-1.949699104963898e-05,0.0,-1.168318023436754e-06,8.823066418550685e-05,-0.0001372993841364245,-0.00019577409832871595,1.1889058769282146e-06,0.00024484280705894257
487,0.5465413217911933,0.5465403711179891,0.001006938258162624,4.430365834480688,2.4755909433449172,1.6552462525848601,3.1423579443588134,-1.0,-1.5725047406487669,0.921381911229445,1.0206089693423457,-1.3116756963175022,0.0013794612147957606,0.9404811378800231,-1.9499796057420582e-05,0.0,-1.1710982852353169e-06,8.831247559448752e-05,-0.00013743226713569534,-0.00019602320568634646,1.1917054056008979e-06,0.0002451429859597898
488,0.54654001160976,0.5465390602679391,0.0010072911406184323,4.430365832330146,2.4755896324472446,1.6552461369395814,3.1423384417581635,-1.0,-1.5725059145383378,0.9214703057318833,1.0204714038352325,-1.3118719693239347,0.0013806557307994964,0.9407265818798154,-1.9502600649978774e-05,0.0,-1.1738895708823804e-06,8.839450243824931e-05,-0.00013756550711319093,-0.00019627300643243473,1.1945160037357683e-06,0.00024544399979231635
489,0.5465386983292444,0.5465377463172292,0.0010076447306913547,4.4303658301809445,2.4755883184488012,1.6552460210811946,3.14231893635336,-1.0,-1.57250709123028,0.9215587824775118,1.0203337047296346,-1.312068492827536,0.0013818530685322436,0.9409723277320232,-1.9505404803332738e-05,0.0,-1.1766919423283895e-06,8.847674562850738e-05,-0.00013769910559791043,-0.00019652350360122028,1.197337732747241e-06,0.00024574585220782375
490,0.5465373819373459,0.5465364292535525,0.0010079990305004026,4.430365828033089,2.4755870013372796,1.6552459050089638,3.142299428144864,-1.0,-1.572508270735741,0.9216473416835937,1.020195871665507,-1.3122652675277804,0.0013830532391866633,0.941218376278903,-1.950820849616619e-05,0.0,-1.179505460857655e-06,8.855920608197287e-05,-0.00013783306412751273,-0.00019677470024448418,1.2001706544196612e-06,0.0002460485468798179
491,0.5465360624216974,0.5465351090645354,0.0010083540421601137,4.4303658258865894,2.4755856811003056,1.6552457887221477,3.1422799171331595,-1.0,-1.5725094530659296,0.9217359835683147,1.0200579042812576,-1.3124622941272135,0.0013842562540177243,0.9414647283664063,-1.9511011704498316e-05,0.0,-1.1823301886426663e-06,8.864188472090806e-05,-0.00013796738424942667,-0.0001970265994331033,1.2030148310610434e-06,0.0002463520875032321
492,0.54653473976986,0.5465337857377329,0.001008709768661054,4.43036582374145,2.4755843577254337,1.6552456722200035,3.142260403318753,-1.0,-1.5725106382321181,0.9218247083507872,1.019919802213738,-1.312659573331469,0.001385462124343326,0.9417113848442022,-1.951381440656874e-05,0.0,-1.1851661885220466e-06,8.87247824725712e-05,-0.00013810206751974086,-0.00019727920425549605,1.2058703256017343e-06,0.0002466564777959812
493,0.5465334139693261,0.5465324592606313,0.0010090662121078596,4.430365821597676,2.4755830312001503,1.6552455555017838,3.1422408867021745,-1.0,-1.5725118262456412,0.9219135162510576,1.0197815650982343,-1.3128571058492882,0.0013866708615444148,0.9419583465656997,-1.951661657839665e-05,0.0,-1.1880135231123745e-06,8.880790027032681e-05,-0.0001382371155036477,-0.0001975325178191767,1.2087372010887408e-06,0.00024696172149740736
494,0.5465320850075188,0.5465311296206471,0.0010094233754805557,4.430365819455278,2.475581701511871,1.655245438566736,3.1422213672839794,-1.0,-1.5725130171178974,0.9220024074901105,1.0196431925684584,-1.3130548923925383,0.001387882477065547,0.9422056143880692,-1.9519418195113047e-05,0.0,-1.1908722561404517e-06,8.889123905297946e-05,-0.00013837252977588754,-0.00019778654325008915,1.2116155211322043e-06,0.0002472678223695013
495,0.546530752871792,0.5465297968051271,0.001009781261313628,4.430365817314262,2.475580368647942,1.6552453214141052,3.1422018450647453,-1.0,-1.5725142108603487,0.9220913822898744,1.0195046842565376,-1.3132529336762313,0.00138909698241555,0.9424531891722666,-1.9522219234069382e-05,0.0,-1.1937424513330797e-06,8.897479976388567e-05,-0.00013850831192074864,-0.00019804128369305118,1.2145053500029791e-06,0.0002475747841974574
496,0.5465294175494251,0.5465284608013458,0.0010101398721364245,4.430365815174634,2.4755790325956375,1.6552452040431331,3.142182320045074,-1.0,-1.5725154074845222,0.9221804408732274,1.0193660397930062,-1.313451230418543,0.0013903143891677158,0.9427010717830551,-1.9525019671284838e-05,0.0,-1.1966241735272831e-06,8.905858335295225e-05,-0.00013864446353140103,-0.00019829674231175431,1.2174067521657748e-06,0.0002478826107884524
497,0.5465280790276293,0.546527121596506,0.0010104992104731454,4.430365813036402,2.47557769334216,1.6552450864530561,3.1421627922255917,-1.0,-1.5725166070020096,0.9222695834640029,1.0192272588067959,-1.3136497833408325,0.0013915347089605015,0.9429492630890283,-1.9527819482334507e-05,0.0,-1.199517487338042e-06,8.914259077552611e-05,-0.00013878098621034063,-0.00019855292228943,1.2203197927856957e-06,0.00024819130597319994
498,0.5465267372935421,0.5465257791777404,0.0010108592795018128,4.430365810899573,2.4755763508746416,1.655244968643107,3.142143261606949,-1.0,-1.5725178094244674,0.9223588102869951,1.0190883409252254,-1.3138485931676602,0.0013927579534977615,0.9431977639626336,-1.9530618642793485e-05,0.0,-1.2024224578244258e-06,8.922682299217222e-05,-0.00013891788157049945,-0.0001988098268277394,1.223244537260082e-06,0.00024850087360528406
499,0.5465253923342293,0.5465244335321073,0.001011220081516019,4.4303658087641535,2.4755750051801404,1.6552448506125148,3.142123728189821,-1.0,-1.5725190147636183,0.9224481215679645,1.0189492857739917,-1.3140476606268086,0.0013939841345493506,0.9434465752801955,-1.9533417127792774e-05,0.0,-1.205339150933682e-06,8.931128096945073e-05,-0.00013905515123369128,-0.00019906745914832769,1.2261810515890904e-06,0.00024881131756193664
500,0.5465240441366822,0.5465230846465922,0.0010115816188044939,4.430365806630152,2.4755736562456407,1.655244732360506,3.1421041919749095,-1.0,-1.5725202230312516,0.9225375175336442,1.0188100929771595,-1.3142469864493005,0.001395213263951706,0.9436956979219392,-1.95362149115752e-05,0.0,-1.208267633279192e-06,8.939596567969499e-05,-0.000139192796832166,-0.00019932582249193587,1.2291294023553112e-06,0.00024912264174370424
501,0.5465226926878209,0.5465217325081069,0.0010119438947482173,4.430365804497575,2.475572304058055,1.6552446138863006,3.14208465296294,-1.0,-1.5725214342392233,0.9226269984117451,1.018670762157153,-1.3144465713694202,0.0013964453536081782,0.9439451327720136,-1.9539011969715858e-05,0.0,-1.211207971696382e-06,8.948087810090044e-05,-0.00013933082000661123,-0.00019958492011973306,1.232089656472233e-06,0.0002494348500744481
502,0.5465213379744895,0.5465203771034906,0.0010123069118443356,4.4303658023664285,2.475570948604221,1.6552444951891168,3.1420651111546634,-1.0,-1.5725226483994559,0.922716564430962,1.0185312929347439,-1.3146464161247324,0.0013976804154894387,0.9441948807185162,-1.9541808276457573e-05,0.0,-1.2141602325765888e-06,8.956601921683571e-05,-0.0001394692224090388,-0.00019984475531220625,1.2350618812605706e-06,0.0002497479465025654
503,0.546519979983458,0.5465190184195053,0.0010126706725847913,4.430365800236725,2.475569589870901,1.655244376268167,3.1420455665508578,-1.0,-1.5725238655239406,0.9228062158209793,1.0183916849290435,-1.314846521456102,0.0013989184616343357,0.9444449426535164,-1.954460380559908e-05,0.0,-1.21712448475364e-06,8.965139001737565e-05,-0.00013960800570034237,-0.0002001053313696044,1.2380461448969083e-06,0.000250061935000212
504,0.5465186187014214,0.5465176564428404,0.0010130351798946886,4.430365798108464,2.4755682278447835,1.6552442571226609,3.142026019152324,-1.0,-1.5725250856247364,0.922895952812477,1.0182519377574917,-1.315046888107715,0.0014001595041499895,0.94469531947308,-1.9547398533603655e-05,0.0,-1.2201007957290955e-06,8.973699149772418e-05,-0.00013974717155185168,-0.00020036665161304867,1.2410425156538906e-06,0.0002503768195636358
505,0.5465172541149986,0.5465162911601069,0.0010134004362550603,4.43036579598166,2.475566862512479,1.655244137751803,3.142006468959894,-1.0,-1.5725263087139707,0.922985775637137,1.0181120510358463,-1.3152475168270983,0.0014014035552123386,0.9449460120772938,-1.9550192430273228e-05,0.0,-1.2230892343367827e-06,8.98228246599686e-05,-0.00013988672164533256,-0.00020062871938320015,1.244051062349082e-06,0.0002506926042137314
506,0.5465158862107325,0.5465149225578414,0.0010137664447987954,4.430365793856318,2.4755654938605236,1.6552440181547947,3.1419869159744223,-1.0,-1.572527534803841,0.9230756845276482,1.0179720243781747,-1.31544840836514,0.0014026506270670316,0.9451970213702896,-1.9552985471626982e-05,0.0,-1.2260898702987078e-06,8.990889051119222e-05,-0.00014002665767165468,-0.00020089153804181414,1.2470718546929958e-06,0.00025100929299581853
507,0.5465145149750887,0.546513550622503,0.00101413320777679,4.430365791732443,2.475564121875376,1.6552438983308335,3.1419673601967917,-1.0,-1.572528763906614,0.9231656797177132,1.0178318573968415,-1.315649563476111,0.0014039007320295258,0.94544834826027,-1.9555777630575477e-05,0.0,-1.2291027728927872e-06,8.999519006502865e-05,-0.00014016698133323402,-0.00020115511097085204,1.2501049624941574e-06,0.00025132688998041885
508,0.5465131403944561,0.546512175340473,0.0010145007289671022,4.430365789610046,2.4755627465434173,1.6552437782791105,3.1419478016279117,-1.0,-1.5725299960346264,0.9232557614420548,1.0176915497025,-1.3158509829176843,0.0014051538824857272,0.9456999936595326,-1.955856888002927e-05,0.0,-1.232128012507161e-06,9.008172434155082e-05,-0.00014030769434136836,-0.00020141944157336944,1.2531504562014219e-06,0.00025164539926259
509,0.5465117624551444,0.5465107966980548,0.0010148690101714998,4.4303657874891345,2.47556136785095,1.6552436579988157,3.1419282402687196,-1.0,-1.5725312312002864,0.9233459299364208,1.017551100904081,-1.316052667450957,0.0014064100908925351,0.9459519584844954,-1.956135919201074e-05,0.0,-1.235165659974058e-06,9.016849436604968e-05,-0.00014044879841912383,-0.00020168453327262803,1.2562084068079137e-06,0.0002519648249628137
510,0.5465103811433865,0.5465094146814734,0.001015238054499704,4.4303657853697125,2.475559985784199,1.6552435374891319,3.1419086761201793,-1.0,-1.5725324694160732,0.9234361854375917,1.017410510608782,-1.3162546178404713,0.0014076693697784057,0.9462042436557223,-1.9564148540318627e-05,0.0,-1.2382157867918409e-06,9.02555011708106e-05,-0.00014059029529889244,-0.000201950389514316,1.2592788858705427e-06,0.00025228517122688476
511,0.5465089964453341,0.5465080292768743,0.001015607864836568,4.430365783251792,2.475558600329309,1.6552434167492402,3.1418891091832837,-1.0,-1.5725337106945376,0.9235265281833857,1.0172697784220577,-1.3164568348542356,0.001408931731743779,0.9464568500979486,-1.956693689564304e-05,0.0,-1.2412784644588726e-06,9.034274579400314e-05,-0.00014073218672439047,-0.00020221701376432755,1.2623619653733941e-06,0.0002526064422262442
512,0.5465076083470609,0.5465066404703237,0.0010159784442795694,4.430365781135378,2.4755572114723456,1.6552432957783154,3.141869539459053,-1.0,-1.572534955048303,0.9236169584126658,1.017128903947608,-1.3166593192637457,0.0014101971894617206,0.9467097787401066,-1.9569724230894536e-05,0.0,-1.2443537653616943e-06,9.043022928012512e-05,-0.0001408744744497703,-0.00020248440951009528,1.2654577179415337e-06,0.0002529286421580901
513,0.5465062168345584,0.5465052482478066,0.0010163497952645085,4.430365779020481,2.4755558191992937,1.6552431745755294,3.1418499669485365,-1.0,-1.5725362024900658,0.9237074763653457,1.016987886787368,-1.316862071844007,0.0014114657556782901,0.9469630305153526,-1.957251051631914e-05,0.0,-1.2474417627750256e-06,9.05179526798916e-05,-0.00014101716023984245,-0.0002027525802612562,1.2685662165695232e-06,0.0002532517752459329
514,0.5465048218937395,0.5465038525952277,0.0010167219208770525,4.430365776907107,2.4755544234960576,1.6552430531400495,3.1418303916528108,-1.0,-1.5725374530325957,0.923798082282396,1.0168467265414984,-1.3170650933735553,0.0014127374432134161,0.9472166063610915,-1.957529572571559e-05,0.0,-1.2505425299735862e-06,9.060591705034593e-05,-0.0001411602458696315,-0.00020302152954831953,1.2716875351260083e-06,0.0002535758457389292
515,0.5465034235104341,0.5465024534984102,0.0010170948239782744,4.430365774795264,2.475553024348459,1.6552429314710375,3.1418108135729823,-1.0,-1.5725387066887362,0.9238887764058515,1.0167054228083723,-1.3172683846344801,0.0014140122649608955,0.9474705072190043,-1.957807982844173e-05,0.0,-1.2536561404541402e-06,9.069412345552585e-05,-0.0001413037331261524,-0.00020329126092488714,1.2748217474794175e-06,0.00025390085791276995
516,0.5465020216703894,0.5465010509430944,0.0010174685074232756,4.43036577268496,2.4755516217422393,1.6552428095676526,3.141791232710187,-1.0,-1.572539963471406,0.9239795589788167,1.0165639751845656,-1.3174719464124458,0.0014152902338896184,0.9477247340350745,-1.958086279518767e-05,0.0,-1.2567826697118534e-06,9.078257296513126e-05,-0.00014144762380663423,-0.0002035617779656551,1.2779689287228946e-06,0.00025422681607023545
517,0.5465006163592708,0.5464996449149389,0.0010178429744974785,4.430365770576202,2.4755502156630547,1.6552426874290482,3.1417716490655896,-1.0,-1.5725412233935978,0.9240704302454725,1.016422383264846,-1.3176757794967142,0.0014165713630435674,0.9479792877596148,-1.9583644597531702e-05,0.0,-1.2599221919096237e-06,9.087126665585643e-05,-0.00014159191971963025,-0.00020383308426841218,1.2811291539489324e-06,0.00025455372454030734
518,0.5464992075626616,0.5464982353995177,0.0010182182280435242,4.4303657684690005,2.4755488060964805,1.655242565054373,3.1417520626403856,-1.0,-1.5725424864683812,0.9241613904510837,1.0162806466421617,-1.3178798846801667,0.0014178556655427305,0.9482341693472942,-1.958642520394349e-05,0.0,-1.2630747834307954e-06,9.096020561116802e-05,-0.00014173662268435194,-0.0002041051834524854,1.284302499163139e-06,0.00025488158767938973
519,0.5464977952660581,0.5464968223823216,0.0010185942702440741,4.430365766363364,2.475547393028006,1.6552424424427727,3.141732473435799,-1.0,-1.5725437527089015,0.924252439842004,1.0161387649076294,-1.3180842627593274,0.001419143154583394,0.9484893797571653,-1.958920458644542e-05,0.0,-1.2662405202146232e-06,9.104939092030584e-05,-0.0001418817345322232,-0.00020437807916073858,1.2874890406634233e-06,0.00025521040987108723
520,0.5464963794548734,0.5464954058487556,0.0010189711050200248,4.430365764259297,2.4755459764430356,1.655242319593388,3.1417128814530852,-1.0,-1.5725450221283805,0.9243435786656841,1.0159967376505246,-1.318288914534386,0.0014204338434389758,0.9487449199526917,-1.959198271395124e-05,0.0,-1.2694194790885405e-06,9.113882368005921e-05,-0.00014202725710488195,-0.000204651775058462,1.2906888555818796e-06,0.00025554019552642693
521,0.5464949601144361,0.5464939857841411,0.0010193487347598233,4.43036576215681,2.4755445563268905,1.6552421965053532,3.1416932866935303,-1.0,-1.5725462947401179,0.9244348071706779,1.0158545644582686,-1.31849384080922,0.0014217277454604549,0.9490007909017755,-1.959475955493062e-05,0.0,-1.2726117373240697e-06,9.12285049938788e-05,-0.0001421731922559566,-0.00020492627483403858,1.2939020214790785e-06,0.0002558709490837474
522,0.5464935372299876,0.5464925621737119,0.0010197271629352677,4.430365760055911,2.4755431326648045,1.6552420731778001,3.141673689158451,-1.0,-1.5725475705574912,0.9245261256066493,1.015712244916418,-1.3186990423914189,0.0014230248740769724,0.9492569935767855,-1.959753507918549e-05,0.0,-1.2758173733029565e-06,9.13184359713215e-05,-0.0001423195418506218,-0.0002052015821989439,1.29712861651754e-06,0.000256202675010031
523,0.5464921107866844,0.5464911350026168,0.0010201063923581315,4.430365757956609,2.4755417054419246,1.6552419496098563,3.141654088849196,-1.0,-1.5725488495939561,0.9246175342243785,1.0155697786086526,-1.318904520092307,0.001424325242796512,0.9495135289545854,-1.9600309255185522e-05,0.0,-1.2790364649628572e-06,9.140861772927167e-05,-0.0001424663077653765,-0.00020547770088819028,1.3003687195395786e-06,0.00025653537779990465
524,0.5464906807695934,0.546489704255915,0.0010204864260517118,4.430365755858911,2.4755402746433104,1.655241825800642,3.141634485767144,-1.0,-1.5725501318630482,0.9247090332757703,1.0154271651167641,-1.3191102747269674,0.0014256288652062688,0.9497703980165616,-1.9603082051844467e-05,0.0,-1.2822690920177848e-06,9.14990513917191e-05,-0.00014261349188848804,-0.00020575463466032673,1.3036224097567883e-06,0.00025686906197619486
525,0.5464892471636958,0.5464882699185807,0.0010208672670329085,4.4303657537628265,2.4755388402539356,1.6552417017492758,3.1416148799137074,-1.0,-1.5725514173783819,0.9248006230138591,1.015284404020644,-1.3193163071142648,0.0014269357549735824,0.9500276017486526,-1.9605853436743814e-05,0.0,-1.2855153337376635e-06,9.158973808887083e-05,-0.00014276109612021415,-0.000206032387297439,1.3068897673136105e-06,0.0002572037320910381
526,0.5464878099538835,0.5464868319754976,0.001021248918529636,4.430365751668362,2.475537402258683,1.6552415774548688,3.1415952712903294,-1.0,-1.5725527061536528,0.924892303692818,1.015141494898272,-1.3195226180768709,0.0014282459258462472,0.950285141141377,-1.960862337790914e-05,0.0,-1.2887752709467293e-06,9.168067895892751e-05,-0.00014290912237191478,-0.00020631096260603776,1.3101708726647853e-06,0.00025753939272432635
527,0.5464863691249583,0.5464853904114603,0.001021631383763061,4.430365749575529,2.475535960642347,1.6552414529165298,3.141575659898487,-1.0,-1.572553998202637,0.9249840755679639,1.014998437325704,-1.319729208441287,0.0014295593916532512,0.950543017189863,-1.9611391842477843e-05,0.0,-1.2920489842471738e-06,9.177187514586294e-05,-0.00014305757256805052,-0.0002065903644161704,1.313465807004045e-06,0.00025787604848603873
528,0.5464849246616342,0.5464839452111739,0.0010220146648612818,4.430365747484335,2.475534515389631,1.6552413281333616,3.1415560457396885,-1.0,-1.5725552935391924,0.925075938895766,1.0148552308770598,-1.3199360790378696,0.0014308761663053976,0.9508012308938778,-1.96141587984755e-05,0.0,-1.2953365553514118e-06,9.186332780208861e-05,-0.0001432064486441842,-0.00020687059658253126,1.3167746521463696e-06,0.00025821370401479804
529,0.5464834765485319,0.5464824963592527,0.0010223987661190559,4.430365745394789,2.4755330664851507,1.6552412031044625,3.1415364288154763,-1.0,-1.572556592177259,0.9251678939338522,1.0147118751245117,-1.320143230700854,0.0014321962637959458,0.9510597832578565,-1.9616924212151332e-05,0.0,-1.2986380666379915e-06,9.195503808623329e-05,-0.00014335575254809108,-0.00020715166298446164,1.3200974905481534e-06,0.000258552363978648
530,0.546482024770184,0.5464810438402203,0.001022783690520134,4.430365743306897,2.475531613913428,1.6552410778289242,3.1415168091274257,-1.0,-1.5725578941308596,0.9252599409410172,1.0145683696382712,-1.32035066426838,0.0014335196982010968,0.9513186752909321,-1.9619688050642736e-05,0.0,-1.3019536004854615e-06,9.204700716491931e-05,-0.00014350548624042503,-0.00020743356752594977,1.3234344051510794e-06,0.0002588920330756084
531,0.5464805693110276,0.5464795876385068,0.0010231694406077608,4.430365741220668,2.475530157658892,1.6552409523058371,3.1414971866771464,-1.0,-1.5725591994141006,0.9253520801772278,1.0144247139865774,-1.3205583805825154,0.0014348464836809072,0.9515779080069663,-1.9622450279310755e-05,0.0,-1.305283241048727e-06,9.213923621065323e-05,-0.00014365565169383032,-0.0002077163141354088,1.3267854798103794e-06,0.00025923271603423004
532,0.5464791101554095,0.5464781277384508,0.001023556020220961,4.430365739136115,2.475528697705882,1.655240826534284,3.141477561466283,-1.0,-1.5725605080411724,0.9254443119036332,1.014280907735684,-1.3207663804892826,0.001436176634479619,0.9518374824245782,-1.962521086351643e-05,0.0,-1.3086270718165594e-06,9.223172640537847e-05,-0.00014380625089338572,-0.00020799990676723112,1.33015079871175e-06,0.0002595744176119297
533,0.5464776472875835,0.5464766641242974,0.0010239434318898373,4.430365737053245,2.4755272340386414,1.655240700513343,3.1414579334965125,-1.0,-1.57256182002635,0.9255366363825698,1.0141369504498479,-1.3209746648386833,0.0014375101649265142,0.9520973995671761,-1.9627969770397158e-05,0.0,-1.3119851776099978e-06,9.232447893658957e-05,-0.0001439572858361604,-0.00020828434940067808,1.333530446895239e-06,0.00025991714259787635
534,0.5464761806917072,0.5464751967801974,0.0010243316794392619,4.430365734972065,2.4755257666413213,1.655240574242087,3.1414383027695476,-1.0,-1.5725631353839944,0.9256290538775699,1.013992841691315,-1.3211832344847239,0.001438847089436518,0.9523576604629874,-1.9630726964869893e-05,0.0,-1.3153576443603043e-06,9.241749500010776e-05,-0.00014410875853276828,-0.00020856964604054617,1.3369245100037109e-06,0.00026026089581132617
535,0.5464747103518452,0.5464737256902062,0.0010247207656028322,4.430365732892584,2.4755242954979764,1.6552404477195857,3.141418669287137,-1.0,-1.5725644541285517,0.9257215646533689,1.013848581020309,-1.321392090285441,0.0014401874225107025,0.9526182661450904,-1.963348241051932e-05,0.0,-1.3187445573326073e-06,9.251077579897071e-05,-0.00014426067100603568,-0.00020885580071716703,1.3403330741846176e-06,0.00026060568210295454
536,0.5464732362519645,0.5464722508382838,0.001025110693974363,4.430365730814813,2.4755228205925652,1.6552403209449023,3.141399033051064,-1.0,-1.5725657762745557,0.9258141689759128,1.013704167995017,-1.3216012331029285,0.0014415311787372986,0.9528792176514443,-1.963623607315057e-05,0.0,-1.322146004012481e-06,9.260432254398765e-05,-0.00014441302529211164,-0.00020914281748751762,1.3437562265961045e-06,0.000260951506353968
537,0.5464717583759401,0.5464707722082953,0.0010255014677070893,4.430365728738762,2.4755213419089532,1.6552401939170942,3.1413793940631476,-1.0,-1.572567101836627,0.9259068671123665,1.0135596021715778,-1.3218106638033627,0.0014428783727920252,0.953140516024922,-1.9638987916348327e-05,0.0,-1.325562071219366e-06,9.269813645362834e-05,-0.0001445658234391356,-0.00020943070043411005,1.3471940547265648e-06,0.0002612983734776586
538,0.5464702767075443,0.5464692897840066,0.0010258930899473555,4.430365726664436,2.475519859430906,1.6552400666352154,3.141359752325243,-1.0,-1.5725684308294743,0.9259996593311203,1.0134148831040686,-1.3220203832570285,0.001444229019438925,0.9534021623133409,-1.9641737904585455e-05,0.0,-1.3289928473270152e-06,9.279221875380106e-05,-0.0001447190675092358,-0.00020971945366587974,1.350646646899878e-06,0.0002616462884188486
539,0.5464687912304558,0.546467803549087,0.0010262855642673204,4.430365724591847,2.475518373142091,1.6552399390983135,3.141340107839243,-1.0,-1.5725697632678952,0.9260925459017987,1.0132700103444914,-1.3222303923383472,0.001445583133531006,0.9536641575694951,-1.964448600011437e-05,0.0,-1.3324384209312257e-06,9.288657067840767e-05,-0.00014487275957719703,-0.0002100090813186295,1.3541140920809037e-06,0.0002619952561542238
540,0.5464673019282525,0.5464663134871063,0.0010266788935827408,4.430365722521003,2.4755168830260788,1.6552398113054312,3.1413204606070755,-1.0,-1.5725710991667772,0.9261855270952677,1.0131249834427598,-1.3224406919259022,0.0014469407300110372,0.9539265028511879,-1.9647232167407935e-05,0.0,-1.3358988819600626e-06,9.298119346901057e-05,-0.00014502690173157085,-0.00021029958755502953,1.3575964800311736e-06,0.0002623452816927774
541,0.5464658087844145,0.5464648195815364,0.0010270730820999261,4.430365720451915,2.4755153890663397,1.6552396832556056,3.1413008106307077,-1.0,-1.5725724385410969,0.9262786031836429,1.0129798019466862,-1.3226512829024666,0.0014483018239121904,0.9541891992212642,-1.964997636783039e-05,0.0,-1.339374319675457e-06,9.307608837516579e-05,-0.00014518149607356534,-0.0002105909765643954,1.3610939011531997e-06,0.00026269637007636515
542,0.5464643117823205,0.5464633218157475,0.0010274681318554976,4.430365718384589,2.475513891246244,1.6552395549478702,3.141281157912143,-1.0,-1.5725737814059226,0.926371774440297,1.0128344654019679,-1.32286216615503,0.0014496664303584872,0.9544522477476436,-1.965271856452233e-05,0.0,-1.342864825781831e-06,9.317125665408987e-05,-0.00014533654471837743,-0.00021088325256335416,1.3646064462968354e-06,0.0002630485263793725
543,0.5464628109052495,0.5464618201730104,0.0010278640474730867,4.430365716319039,2.4755123895490616,1.6552394263812507,3.141261502453424,-1.0,-1.5725751277764137,0.9264650411398687,1.0126889733521731,-1.3230733425748264,0.001451034564565906,0.9547156495033524,-1.9655458719292085e-05,0.0,-1.3463704910954277e-06,9.326669957177014e-05,-0.00014549204979474872,-0.00021117641979651047,1.368134207418905e-06,0.0002634017557088253
544,0.5464613061363783,0.5464603146364927,0.0010282608318394901,4.430365714255271,2.47551088395796,1.655239297554769,3.1412418442566294,-1.0,-1.572576477667822,0.92655840355827,1.0125433253387284,-1.323284813057362,0.0014524062418429266,0.9549794055665584,-1.965819679439207e-05,0.0,-1.3498914082088476e-06,9.336241840129933e-05,-0.00014564801344474354,-0.00021147048253555845,1.371677277020502e-06,0.00026375606320594436
545,0.5464597974587814,0.5464588051892608,0.0010286584880507112,4.430365712193296,2.4755093744560037,1.6552391684674415,3.14122218332388,-1.0,-1.5725778310954923,0.9266518619726946,1.0123975209009037,-1.3234965785024426,0.0014537814775911898,0.9552435170206032,-1.9660932749410165e-05,0.0,-1.3534276703808246e-06,9.345841442454095e-05,-0.00014580443782463703,-0.0002117654450806139,1.375235748263216e-06,0.00026411145404481307
546,0.5464582848554296,0.5464572918142766,0.0010290570200588577,4.430365710133124,2.4755078610261556,1.655239039118278,3.141202519657333,-1.0,-1.5725791880748632,0.926745416661626,1.012251559575799,-1.3237086398142024,0.0014551602873063728,0.9555079849540369,-1.966366654704288e-05,0.0,-1.3569793708700928e-06,9.355468893146313e-05,-0.00014596132510469317,-0.00021206131175977028,1.3788097151829371e-06,0.00026446793343370967
547,0.5464567683091895,0.5464557744943983,0.0010294564309449234,4.430365708074763,2.475506343651272,1.6552389095062845,3.1411828532591852,-1.0,-1.5725805486214681,0.9268390679048459,1.0121054408983305,-1.3239209979011317,0.0014565426865788876,0.9557728104606521,-1.9666398147766273e-05,0.0,-1.3605466049337878e-06,9.365124321991658e-05,-0.0001461186774684986,-0.00021235808692932068,1.382399272514866e-06,0.0002648255066152183
548,0.5464552478028238,0.5464542532123794,0.0010298567244297003,4.430365706018224,2.475504822314107,1.6552387796304604,3.141163184131676,-1.0,-1.5725819127509346,0.9269328159834427,1.0119591644012154,-1.3241336536761064,0.0014579286910944454,0.9560379946395182,-1.966912750939187e-05,0.0,-1.3641294664967774e-06,9.374807859674483e-05,-0.0001462764971151831,-0.00021265577497464605,1.3860045155577715e-06,0.000265184178866118
549,0.5464537233189894,0.5464527279508681,0.0010302579037948889,4.430365703963517,2.4755032969973074,1.6552386494898,3.1411435122770817,-1.0,-1.5725832804789872,0.9270266611798195,1.011812729614959,-1.3243466080564157,0.0014593183166349691,0.9563035385950163,-1.967185459417209e-05,0.0,-1.367728052592554e-06,9.384519637678501e-05,-0.0001464347862563109,-0.000212954380309327,1.3896255405237545e-06,0.00026554395549804877
550,0.5464521948402356,0.5464511986924055,0.0010306599727456798,4.430365701910651,2.4755017676834132,1.6552385190832914,3.141123837697721,-1.0,-1.5725846518214466,0.9271206037777028,1.0116661360678396,-1.3245598619637926,0.0014607115790795458,0.9565694434368739,-1.9674579360806632e-05,0.0,-1.3713424593664314e-06,9.394259788331194e-05,-0.0001465935471194335,-0.00021325390737692018,1.3932624445766283e-06,0.00026590484185762264
551,0.5464506623490049,0.5464496654194246,0.001031062934763833,4.430365699859635,2.475500234354858,1.655238388409917,3.141104160395954,-1.0,-1.572586026794231,0.9272146440621514,1.0115193832858937,-1.3247734163244425,0.0014621084944047371,0.9568357102802006,-1.9677301766662936e-05,0.0,-1.374972784518036e-06,9.404028444859325e-05,-0.00014675278194586916,-0.000213554360649848,1.3969153251913724e-06,0.00026626684332675676
552,0.5464491258276308,0.5464481281142501,0.0010314667933233543,4.430365697810481,2.475498696993965,1.6552382574686553,3.1410844803741824,-1.0,-1.5725874054133575,0.927308782319564,1.011372470792902,-1.3249872720690723,0.0014635090786857842,0.957102340245524,-1.968002177177297e-05,0.0,-1.3786191264131276e-06,9.413825741266812e-05,-0.00014691249299181308,-0.0002138557446298428,1.4005842810470813e-06,0.0002666299653233395
553,0.5464475852583407,0.5464465867591,0.0010318715521056658,4.430365695763197,2.475497155582952,1.6552381262584765,3.1410647976348485,-1.0,-1.5725887876949411,0.9274030188376893,1.0112253981103743,-1.3252014301329216,0.0014649133480970546,0.9573693344588244,-1.9682739333948263e-05,0.0,-1.3822815836395108e-06,9.42365181252347e-05,-0.00014707268252767136,-0.00021415806384927905,1.404269411270408e-06,0.00026699421330045325
554,0.5464460406232479,0.5464450413360793,0.001032277214784067,4.430365693717794,2.4754956101039234,1.6552379947783469,3.141045112180438,-1.0,-1.5725901736551977,0.9274973539056336,1.0110781647575346,-1.3254158914557916,0.0014663213189131104,0.9576366940515725,-1.9685454410556247e-05,0.0,-1.3859602565613471e-06,9.433506794431779e-05,-0.00014723335283961525,-0.00021446132287006314,1.407970816055728e-06,0.0002673595927480399
555,0.5464444919043573,0.546443491827183,0.001032683784593684,4.430365691674284,2.475494060538873,1.6552378630272264,3.1410254240134794,-1.0,-1.572591563310443,0.92759178781387,1.0109307702513068,-1.325630656982076,0.0014677330075093498,0.957904420160765,-1.968816695852027e-05,0.0,-1.3896552453207534e-06,9.443390823637987e-05,-0.0001473945062278048,-0.00021476552628429957,1.4116885962394809e-06,0.00026772610919256756
556,0.5464429390835615,0.5464419382142952,0.0010330912656218963,4.430365689632674,2.475492506869685,1.655237731004068,3.1410057331365437,-1.0,-1.5725929566770949,0.9276863208542477,1.0107832141062982,-1.3258457276607918,0.0014691484303627845,0.9581725139289616,-1.9690876935651858e-05,0.0,-1.3933666518362031e-06,9.453304037776444e-05,-0.00014755614500860936,-0.00021507067871584518,1.4154228534346124e-06,0.0002680937681965867
557,0.5464413821426409,0.5464403804791862,0.0010334996613026912,4.430365687592975,2.4754909490781287,1.6552375987078212,3.1409860395522466,-1.0,-1.572594353771673,0.9277809533200004,1.0106354958347854,-1.3260611044456092,0.0014705676040530102,0.9584409765043225,-1.9693584297098e-05,0.0,-1.39709457802617e-06,9.463246575269757e-05,-0.00014771827151283112,-0.00021537678481742262,1.41917369022573e-06,0.0002684625753608394
558,0.5464398210632613,0.5464388186035136,0.0010339089750622096,4.430365685555199,2.4754893871458608,1.6552374661374267,3.1409663432632473,-1.0,-1.5725957546107994,0.9278756855057559,1.0104876149466986,-1.3262767882948847,0.0014719905452628879,0.958709809040645,-1.9696288999337952e-05,0.0,-1.4008391264752618e-06,9.473218575550835e-05,-0.00014788088808681543,-0.00021568384927550532,1.4229412098776695e-06,0.00026883253632248305
559,0.5464382558269756,0.5464372525688199,0.0010343192111774383,4.430365683519357,2.4754878210544238,1.655237333291822,3.140946644272249,-1.0,-1.5725971592112014,0.9279705177075445,1.010339570949606,-1.3264927801716901,0.0014734172707793003,0.9589790126974025,-1.9698990998406885e-05,0.0,-1.4046004019885316e-06,9.483220178851948e-05,-0.0001480439970926728,-0.00021599187680543253,1.4267255164124738e-06,0.0002692036567575329
560,0.5464366864152198,0.546435682356532,0.0010347303732723473,4.430365681485457,2.4754862507852433,1.6552372001699365,3.1409269425820003,-1.0,-1.57259856758971,0.9280654502228088,1.010191363348698,-1.326709081043846,0.0014748477974943187,0.9592485886397817,-1.9701690248563608e-05,0.0,-1.4083785087048994e-06,9.493251526437874e-05,-0.0001482076009078348,-0.00021630087215585014,1.4305267150183532e-06,0.0002695759423791966
561,0.5464351128093147,0.5464341079479619,0.001035142464748164,4.43036567945351,2.475484676319631,1.6552370667706937,3.140907238195295,-1.0,-1.5725999797632626,0.9281604833504132,1.0100429916467724,-1.3269256918839527,0.0014762821424056489,0.9595185380387212,-1.97043867053992e-05,0.0,-1.4121735525396417e-06,9.503312760439364e-05,-0.00014837170192572025,-0.0002166108401067124,1.4343449113302098e-06,0.0002699493989395396
562,0.5464335349904627,0.5464325293243019,0.001035555489212626,4.430365677423526,2.4754830976387785,1.6552369330930126,3.140887531114973,-1.0,-1.5726013957489022,0.9282556173906524,1.0098944553442166,-1.3271426136694227,0.0014777203226177588,0.9597888620709505,-1.970708032184021e-05,0.0,-1.4159856396300796e-06,9.513404023919758e-05,-0.00014853630255573513,-0.0002169217854699479,1.438180212109865e-06,0.00027032403222926327
563,0.5464319529397498,0.5464309464666279,0.0010359694509082095,4.430365675395518,2.4754815147237608,1.6552367991358046,3.140867821343921,-1.0,-1.5726028155637792,0.9283508526452617,1.0097457539389936,-1.3273598473825137,0.0014791623553426748,0.9600595619190287,-1.970977105214544e-05,0.0,-1.4198148770017127e-06,9.523525460930493e-05,-0.00014870140522305064,-0.00021723371309101402,1.4420327249160293e-06,0.00027069984807825964
564,0.5464303666381417,0.5464293593558969,0.0010363843534253285,4.430365673369498,2.4754799275555346,1.6552366648979746,3.1408481088850713,-1.0,-1.5726042392251527,0.9284461894174262,1.0095968869266247,-1.3275773940103606,0.0014806082579007392,0.9603306387713842,-1.9712458849685532e-05,0.0,-1.4236613734563974e-06,9.533677216444492e-05,-0.00014886701236882516,-0.0002175466278468985,1.4459025580644026e-06,0.0002710768523555007
565,0.5464287760664841,0.5464277679729442,0.0010368002007744223,4.430365671345471,2.4754783361149344,1.6552365303784224,3.140828393741403,-1.0,-1.5726056667503898,0.9285416280117899,1.0094478538001739,-1.3277952545450091,0.00148205804772164,0.9606020938223545,-1.9715143668275203e-05,0.0,-1.4275252371298564e-06,9.543859436367264e-05,-0.0001490331264508704,-0.0002178605346485618,1.449789820900894e-06,0.00027145505097025957
566,0.5464271812055019,0.5464261722984852,0.0010372169965287698,4.430365669323452,2.4754767403826747,1.655236395576041,3.140808675915946,-1.0,-1.5726070981569689,0.9286371687344664,1.0092986540502298,-1.328013429983449,0.0014835117423452667,0.9608739282722258,-1.9717825456844196e-05,0.0,-1.431406579044392e-06,9.55407226765903e-05,-0.00014919974994409557,-0.00021817543843982712,1.4536946236266314e-06,0.0002718344498713332
567,0.5464255820357975,0.5464245723131126,0.001037634744895287,4.430365667303453,2.4754751403393476,1.6552362604897166,3.140788955411775,-1.0,-1.572608533462478,0.9287328118930479,1.009149287164891,-1.3282319213276468,0.0014849693594225246,0.9611461433272742,-1.9720504170983588e-05,0.0,-1.4353055091120837e-06,9.564315858145989e-05,-0.00014936688533873088,-0.00021849134419782423,1.4576170772578455e-06,0.00027221505504837484
568,0.5464239785378509,0.5464229679972961,0.001038053449643694,4.430365665285481,2.4754735359654223,1.6552361251183298,3.1407692322320147,-1.0,-1.5726099726846172,0.9288285577966151,1.008999752629749,-1.3284507295845813,0.0014864309167163076,0.9614187401998059,-1.97231797605113e-05,0.0,-1.4392221392434124e-06,9.574590356720147e-05,-0.00014953453514210402,-0.00021880825693454398,1.46155729378308e-06,0.00027259687253167186
569,0.5464223706920175,0.5464213593313815,0.0010384731145349957,4.4303656632695505,2.475471927241244,1.655235989460754,3.1407495063798385,-1.0,-1.5726114158411995,0.9289244067557477,1.0088500499278699,-1.3286698557662764,0.0014878964321023726,0.9616917201081984,-1.972585217613343e-05,0.0,-1.4431565822370374e-06,9.584895913261615e-05,-0.0001497027018790842,-0.00021912618169506182,1.4655153860649618e-06,0.0002729799083924789
570,0.5464207584785279,0.546419746295589,0.0010388937435351967,4.430365661255672,2.475470314147032,1.6552358535158567,3.1407297778584704,-1.0,-1.572612862950151,0.9290203590825338,1.0087001785397791,-1.3288893008898366,0.0014893659235704067,0.9619650842769423,-1.9728521368111984e-05,0.0,-1.4471089515577518e-06,9.595232678605292e-05,-0.00014987138809074985,-0.0002194451235602024,1.4694914680340575e-06,0.0002733641687439059
571,0.5464191418774861,0.5464181288700131,0.0010393153410284952,4.430365659243855,2.4754686966628796,1.6552357172824985,3.1407100466711833,-1.0,-1.5726143140295126,0.92911641509058,1.0085501379434434,-1.3291090659774807,0.0014908394092247668,0.962238833936683,-1.9731187287153062e-05,0.0,-1.4510793615585271e-06,9.605600804618586e-05,-0.00015004059633572098,-0.00021976508764409708,1.4734856543601425e-06,0.0002737496597406963
572,0.5464175208688695,0.5464165070346204,0.001039737910535048,4.4303656572341135,2.475467074768754,1.6552355807595334,3.1406903128213024,-1.0,-1.5726157690974403,0.9292125750950222,1.0083999276142532,-1.329329152056578,0.001492316907285412,0.9625129703242628,-1.9733849880854137e-05,0.0,-1.455067927702558e-06,9.616000444223616e-05,-0.0001502103291901591,-0.0002200860790972925,1.4774980606451892e-06,0.000274136387579782
573,0.546415895432527,0.5464148807692506,0.0010401614559935146,4.430365655226456,2.475465448444493,1.6552354439458088,3.140670576312201,-1.0,-1.5726172281722068,0.9293088394125353,1.0082495470250061,-1.3295495601596832,0.0014937984360891077,0.9627874946827634,-1.9736509101253574e-05,0.0,-1.459074766563262e-06,9.626431751308395e-05,-0.00015038058924710107,-0.00022040810310519632,1.4815288036957187e-06,0.0002745243585006163
574,0.5464142655481796,0.5464132500536132,0.001040585981760173,4.430365653220895,2.4754638176698056,1.655235306840165,3.1406508371473083,-1.0,-1.572618691272202,0.9294052083613438,1.0080989956458886,-1.329770291324572,0.0014952840140901253,0.9630624082615493,-1.9739164892840222e-05,0.0,-1.4630999951581458e-06,9.636894880848956e-05,-0.00015055137911756944,-0.00022073116488874334,1.4855780010175623e-06,0.00027491357878595135
575,0.5464126311954163,0.546411614867287,0.0010410114919681365,4.430365651217445,2.47546218242427,1.6552351694414371,3.140631095330103,-1.0,-1.572620158415934,0.9295016822612321,1.007948272944458,-1.329991346594277,0.0014967736598612525,0.9633377123163108,-1.9741817205432e-05,0.0,-1.4671437320590286e-06,9.647389988831634e-05,-0.00015072270143057231,-0.00022105526970506162,1.489645771127245e-06,0.0002753040547615049
576,0.5464109923536954,0.5464099751897202,0.0010414379905277697,4.430365649216114,2.475460542687334,1.6552350317484517,3.1406113508641162,-1.0,-1.5726216296220306,0.9295982614335554,1.0077973783856258,-1.330212727017125,0.0014982673920950563,0.9636134081091078,-1.974446598662638e-05,0.0,-1.4712060965038631e-06,9.657917232330782e-05,-0.00015089455883221525,-0.0002213804228479166,1.4937322338037361e-06,0.00027569579279695944
577,0.5464093490023418,0.5464083310002275,0.0010418654815533513,4.430365647216916,2.4754588984383115,1.6552348937600285,3.1405916037529336,-1.0,-1.5726231049092387,0.9296949462012498,1.0076463114316383,-1.330434433646772,0.0014997652296044463,0.9638894969084135,-1.974711118268857e-05,0.0,-1.4752872081746915e-06,9.668476769442158e-05,-0.0001510669539874776,-0.0002217066296470449,1.4978375093900077e-06,0.0002760887993057404
578,0.546407701120548,0.5464066822779908,0.0010422939691495834,4.430365645219861,2.475457249656383,1.6552347554749816,3.1405718540001932,-1.0,-1.5726245842964277,0.9297917368888435,1.0074950715420592,-1.3306564675422419,0.0015012671913240151,0.9641659799891596,-1.9749752740327864e-05,0.0,-1.4793871889740018e-06,9.679068759371745e-05,-0.00015123988957910228,-0.0002220338954699308,1.5019617195688884e-06,0.00027648308074612604
579,0.5464060486873723,0.5464050290020573,0.0010427234576245177,4.4303656432249605,2.4754555963205958,1.6552346168921166,3.1405521016095883,-1.0,-1.572626067802589,0.9298886338224673,1.0073436581737505,-1.3308788297679628,0.0015027732963107771,0.9644428586327809,-1.9752390604921288e-05,0.0,-1.4835061612483713e-06,9.689693362380236e-05,-0.000151413368308706,-0.0002223622257209179,1.5061049867619823e-06,0.0002768786436212478
580,0.5464043916817354,0.5464033711513376,0.0010431539510633795,4.430365641232229,2.4754539384098595,1.6552344780102342,3.140532346584868,-1.0,-1.5726275554468367,0.9299856373298656,1.0071920707808544,-1.3311015213938047,0.0015042835637454506,0.9647201341272601,-1.9755024720513603e-05,0.0,-1.4876442477884666e-06,9.700350739827446e-05,-0.00015158739289611312,-0.0002226916258418754,1.5102674346735047e-06,0.0002772754944792011
581,0.5464027300824227,0.5464017087046057,0.001043585453754529,4.430365639241675,2.4754522759029474,1.6552343388281257,3.140512588929834,-1.0,-1.5726290472484101,0.9300827477404074,1.0070403088147748,-1.3313245434951178,0.0015057980129334289,0.9649978077671743,-1.9757655033814103e-05,0.0,-1.4918015733833556e-06,9.711041054183411e-05,-0.0001517619660795777,-0.0002230221013130862,1.5144491879782486e-06,0.0002776736399141555
582,0.5464010638680806,0.5464000416404976,0.0010440179697636354,4.430365637253314,2.4754506087784938,1.6552341993445774,3.140492828648348,-1.0,-1.572630543226673,0.930179965385098,1.0068883717241577,-1.3315478971527703,0.0015073166633055382,0.9652758808537399,-1.9760281486203013e-05,0.0,-1.4959782628221063e-06,9.721764469050598e-05,-0.0001519370906171158,-0.00022335365765258075,1.518650372109298e-06,0.00027807308656568885
583,0.5463993930172167,0.5463983699375095,0.001044451503359286,4.430365635267158,2.4754489370149955,1.6552340595583657,3.1404730657443243,-1.0,-1.572632043401116,0.9302772905965889,1.0067362589548734,-1.331771583453188,0.001508839534419495,0.9655543546948606,-1.976290402350145e-05,0.0,-1.5001744431142328e-06,9.732521149097284e-05,-0.00015211276928428497,-0.00022368630041769144,1.522871113956905e-06,0.0002784738411206744
584,0.5463977175081977,0.546396693573998,0.0010448860588000192,4.430365633283215,2.475447260590808,1.655233919468262,3.140453300221736,-1.0,-1.5726335477913576,0.9303747237091902,1.006583969949996,-1.3319956034883922,0.0015103666459607807,0.965833230605173,-1.9765522588421902e-05,0.0,-1.5043902414912935e-06,9.743311260124177e-05,-0.0001522890048772929,-0.00022402003520416436,1.5271115412856216e-06,0.0002788759103123928
585,0.5463960373192488,0.5463950125281769,0.001045321641183974,4.430365631301503,2.475445579484144,1.65523377907303,3.140433532084615,-1.0,-1.572635056417144,0.9304722650588815,1.0064315041497844,-1.3322199583560392,0.0015118980177436898,0.9661125099060945,-1.976813712101233e-05,0.0,-1.5086257865171149e-06,9.754134969131023e-05,-0.00015246580021166523,-0.00022435486764704748,1.5313717829090745e-06,0.0002792793009215311
586,0.5463943524284532,0.5463933267781176,0.0010457582536868206,4.430365629322032,2.475443893673074,1.6552336383714266,3.14041376133705,-1.0,-1.572636569298352,0.9305699149833235,1.006278860991663,-1.3324446491594606,0.0015134336697124186,0.9663921939258711,-1.9770747564873403e-05,0.0,-1.512881207865746e-06,9.764992444205589e-05,-0.0001526431581213572,-0.00022469080342135683,1.5356519687287785e-06,0.000279684019776516
587,0.5463926628137497,0.5463916363017485,0.0010461959013860506,4.430365627344813,2.4754422031355263,1.6552334973621996,3.1403939879831886,-1.0,-1.572638086454988,0.93066767382187,1.0061260399102026,-1.3326696770077031,0.0015149736219422305,0.9666722839996248,-1.9773353861385345e-05,0.0,-1.5171566360994149e-06,9.775883854645784e-05,-0.0001528210814605302,-0.00022502784824252053,1.5399522298119826e-06,0.00028009007375373596
588,0.5463909684529314,0.546389941076851,0.0010466345882868475,4.430365625369861,2.4754405078492807,1.6552333560440904,3.140374212027239,-1.0,-1.5726396079071914,0.930765541915579,1.0059730403370986,-1.3328950430155686,0.0015165178946407005,0.9669527814694033,-1.9775955949707935e-05,0.0,-1.5214522033346611e-06,9.786809370904148e-05,-0.0001529995731039957,-0.00022536600786549066,1.5442726984699496e-06,0.00028049746977854007
589,0.5463892693236436,0.5463882410810601,0.001047074319232843,4.430365623397187,2.475438807791972,1.6552332144158328,3.1403544334734677,-1.0,-1.572641133675234,0.9308635196072245,1.005819861701153,-1.3331207483036551,0.0015180665081484324,0.9672336876842283,-1.9778553771221397e-05,0.0,-1.5257680425762032e-06,9.797769164543446e-05,-0.00015317863594566106,-0.00022570528808651957,1.5486135077319007e-06,0.0002809062148250163
590,0.546387565403389,0.5463865362918655,0.0010475150986324787,4.4303656214268035,2.475437102941089,1.6552330724761528,3.140334652326203,-1.0,-1.572642663779521,0.9309616072413088,1.0056665034282528,-1.3333467939983978,0.0015196194829404396,0.9675150040001451,-1.978114726464142e-05,0.0,-1.5301042870508041e-06,9.808763408436505e-05,-0.00015335827290008375,-0.00022604569474271585,1.5529747920072466e-06,0.00028131631591676864
591,0.5463858566695153,0.5463848266866049,0.0010479569300361079,4.430365619458725,2.475435393273968,1.6552329302237692,3.1403148685898357,-1.0,-1.572644198240594,0.9310598051640745,1.0055129649413506,-1.3335731812321108,0.0015211768396274465,0.9677967317802726,-1.9783736367351423e-05,0.0,-1.5344610730938513e-06,9.819792276566375e-05,-0.00015353848690224936,-0.00022638723371293246,1.5573566870068743e-06,0.000281727780127472
592,0.5463841430992238,0.5463831122424665,0.0010483998193146714,4.430365617492965,2.4754336787677977,1.6552327876573927,3.1402950822688167,-1.0,-1.5726457370791307,0.9311581137235163,1.0053592456604428,-1.3337999111430288,0.0015227385989568208,0.9680788723948534,-1.9786321018955277e-05,0.0,-1.5388385365966428e-06,9.83085594418176e-05,-0.00015371928090779363,-0.00022672991091798878,1.5617593293743015e-06,0.00028214061458076145
593,0.5463824246695625,0.5463813929364884,0.0010488437704206668,4.430365615529533,2.4754319593996144,1.6552326447757262,3.140275293367659,-1.0,-1.572647280315946,0.9312565332693933,1.00520534500255,-1.3340269848753492,0.0015243047818137394,0.968361427221305,-1.978890115772458e-05,0.0,-1.5432368152268339e-06,9.841954587697099e-05,-0.0001539006578927804,-0.00022707373232044858,1.5661828569185632e-06,0.0002825548264516753
594,0.5463807013574286,0.5463796687455539,0.0010492887872966866,4.430365613568445,2.475430235146301,1.6552325015774643,3.1402555018909415,-1.0,-1.5726488279719932,0.9313550641532417,1.005051262381695,-1.334254403579275,0.0015258754092223928,0.9686443976442709,-1.9791476717490042e-05,0.0,-1.5476560473182133e-06,9.853088384836894e-05,-0.00015408262085503388,-0.00022741870392573027,1.5706274086534598e-06,0.00028297042296587804
595,0.546378973139562,0.5463779396463933,0.0010497348755675962,4.430365611609713,2.475428505984586,1.6552323580612958,3.1402357078433045,-1.0,-1.5726503800683667,0.9314537067283865,1.0048969972088824,-1.3344821684110573,0.0015274505023472682,0.9689277850556722,-1.979404763696735e-05,0.0,-1.552096373425016e-06,9.864257514480279e-05,-0.00015426517281258434,-0.00022776483178232887,1.575093124875403e-06,0.00028338741140132573
596,0.5463772399925503,0.5463762056155812,0.0010501820391539602,4.430365609653354,2.475426771891045,1.655232214225899,3.1402159112294545,-1.0,-1.572651936626301,0.9315524613499551,1.0047425488920767,-1.3347102805330393,0.001529030082494353,0.9692115908547599,-1.979661384998721e-05,0.0,-1.5565579343235214e-06,9.875462156860859e-05,-0.0001544483168056665,-0.00022811212198203812,1.5795801470847026e-06,0.00028380579908771075
597,0.5463755018928224,0.5463744666295348,0.0010506302832344401,4.430365607699375,2.475425032842093,1.6552320700699452,3.140196112054161,-1.0,-1.572653497667173,0.9316513283748887,1.0045879168361815,-1.3349387411137004,0.0015306141711122039,0.9694958164481676,-1.9799175293488958e-05,0.0,-1.5610408721222768e-06,9.886702493366872e-05,-0.00015463205589516527,-0.00022846058066106067,1.5840886178509084e-06,0.00028422559340768316
598,0.5463737588166502,0.5463727226645141,0.0010510796117080194,4.430365605747796,2.475423288813989,1.655231925592099,3.140176310322262,-1.0,-1.572655063212504,0.9317503081619565,1.0044331004430167,-1.3351675513276988,0.0015322027897932875,0.9697804632499647,-1.9801731899082853e-05,0.0,-1.5655453309282308e-06,9.897978706774335e-05,-0.00015481639316483609,-0.0002288102139984538,1.5886186810836443e-06,0.0002846468017970727
599,0.5463720107401451,0.5463709736966182,0.0010515300301529766,4.4303656037986245,2.4754215397828325,1.6552317807910135,3.1401565060386596,-1.0,-1.572656633283959,0.9318494010717675,1.0042780991112976,-1.3353967123559185,0.0015337959602752436,0.9700655326817097,-1.980428360237596e-05,0.0,-1.5700714550703765e-06,9.909290981102714e-05,-0.0001550013317190846,-0.0002291610282196821,1.5931704819560633e-06,0.00028506943174499977
600,0.5463702576392595,0.5463692197017872,0.001051981543079297,4.430365601851878,2.4754197857245615,1.6552316356653367,3.1401366992083237,-1.0,-1.5726582079033498,0.9319486074667837,1.0041229122366118,-1.3356262253855116,0.0015353937044420693,0.9703510261725051,-1.980683033586672e-05,0.0,-1.574619390654064e-06,9.920639501614925e-05,-0.00015518687468585313,-0.00022951302959306474,1.5977441668257007e-06,0.00028549349079542985
601,0.5463684994897811,0.5463674606557967,0.001052434154774839,4.430365599907569,2.4754180266149515,1.6552314902137075,3.140116889836294,-1.0,-1.5726597870926353,0.9320479277113335,1.0039675392113976,-1.3358560916099458,0.00153699604432548,0.9706369451590513,-1.9809372029833128e-05,0.0,-1.5791892855610001e-06,9.932024454983868e-05,-0.00015537302521417828,-0.00022986622443421645,1.602339883410766e-06,0.0002859189865461742
602,0.546366736267335,0.5463656965342596,0.0010528878701493306,4.430365597965711,2.4754162624296145,1.6552313444347557,3.1400970779276767,-1.0,-1.5726613708739232,0.9321473621716252,1.003811979424921,-1.3360863122290494,0.0015386030021060167,0.9709232910857017,-1.981190861721771e-05,0.0,-1.5837812878949364e-06,9.9434460291703e-05,-0.00015555978647663338,-0.00023022061910360492,1.6069577805366553e-06,0.0002863459266504442
603,0.5463649679473817,0.5463639273126234,0.0010533426943113804,4.430365596026319,2.475414493143997,1.6552311983271033,3.1400772634876484,-1.0,-1.5726629592694705,0.9322469112157595,1.0036562322632532,-1.3363168884490577,0.0015402146001145802,0.9712100654045192,-1.9814440028298463e-05,0.0,-1.5883955473139366e-06,9.95490441343394e-05,-0.00015574716166777414,-0.00023057622000832723,1.6115980085635619e-06,0.00028677431881740656
604,0.5463631945052148,0.5463621529661701,0.0010537986323572897,4.430365594089407,2.47541271873338,1.6552310518893638,3.140057446521455,-1.0,-1.5726645523016862,0.9323465752137436,1.003500297109248,-1.3365478214826596,0.0015418308608335586,0.9714972695753313,-1.981696619335338e-05,0.0,-1.5930322156965104e-06,9.966399798411185e-05,-0.00015593515400524893,-0.00023093303360188777,1.6162607189783816e-06,0.0002872041708121831
605,0.5463614159159604,0.546360373470012,0.0010542556883179352,4.430365592154989,2.4754109391728747,1.6552309051201421,3.1400376270344137,-1.0,-1.5726661499931314,0.9324463545375052,1.0033441733425175,-1.336779112549045,0.0015434518068982652,0.9717849050657875,-1.9819487041328188e-05,0.0,-1.5976914451432123e-06,9.977932376159515e-05,-0.0001561237667304649,-0.0002312910663853085,1.62094606470653e-06,0.000287635490456184
606,0.5463596321545733,0.5463585887990926,0.0010547138681083954,4.4303655902230785,2.4754091544374246,1.6552307580180345,3.1400178050319125,-1.0,-1.572667752366521,0.9325462495609051,1.00318786033941,-1.3370107628739516,0.0015450774610981618,0.9720729733514161,-1.9822002501168612e-05,0.0,-1.6023733895309533e-06,9.989502339990963e-05,-0.00015631300310747775,-0.0002316503249066848,1.625654199896619e-06,0.000288068285628551
607,0.5463578431958397,0.5463567989281842,0.0010551731757359863,4.430365588293692,2.4754073645018004,1.655230610581628,3.139997980519413,-1.0,-1.5726693594447252,0.9326462606597523,1.0030313574729857,-1.337242773689714,0.001546707846378336,0.972361475915682,-1.9824512499599933e-05,0.0,-1.607078204290957e-06,0.00010001109884716364,-0.00015650286642432398,-0.00023201081576229576,1.6303852801741615e-06,0.00028850256426593557
608,0.5463560490143723,0.5463550038318865,0.0010556336168801846,4.43036558636684,2.4754055693406007,1.6552304628095025,3.1399781535024474,-1.0,-1.5726709712507712,0.9327463882118167,1.0028746641129929,-1.337475146235311,0.0015483429858408411,0.9726504142500454,-1.982701696556788e-05,0.0,-1.61180604596467e-06,0.0001001275520643441,-0.00015669335999279888,-0.00023237254559704823,1.6351394625051772e-06,0.0002889383343633867
609,0.5463542495846093,0.5463532034846262,0.0010560951961556713,4.43036558444254,2.4754037689282526,1.6552303147002267,3.1399583239866233,-1.0,-1.5726725878078434,0.9328466325968444,1.0027177796258442,-1.3377078817564156,0.0015499829027459601,0.9729397898540197,-1.982951582402137e-05,0.0,-1.6165570722037614e-06,0.00010024438502775901,-0.00015688448714867853,-0.00023273552110469886,1.6399169051189988e-06,0.00028937560397435114
610,0.5463524448808141,0.5463513978606523,0.001056557919006029,4.430365582520805,2.4754019632390025,1.6552301662523623,3.139938491977623,-1.0,-1.5726742091392862,0.9329469941965716,1.002560703374592,-1.3379409815054435,0.00155162762051372,0.9732296042352317,-1.9832009000353423e-05,0.0,-1.6213314428803471e-06,0.00010036159972715009,-0.00015707625125216396,-0.00023309974902785413,1.6447177677598058e-06,0.00028981438121200576
611,0.5463506348770732,0.5463495869340386,0.0010570217898112774,4.430365580601652,2.475400152246924,1.6552300174644614,3.139918657481204,-1.0,-1.5726758352686048,0.9330474733947384,1.0024034347189044,-1.338174446741603,0.001553277162725388,0.9735198589094812,-1.983449641906887e-05,0.0,-1.6261293185326764e-06,0.00010047919816680295,-0.00015726865568765902,-0.00023346523615952464,1.649542211667977e-06,0.00029025467424947937
612,0.5463488195472943,0.5463477706786793,0.001057486814409839,4.4303655786850955,2.4753983359259113,1.6552298683350672,3.139898820503199,-1.0,-1.572677466219466,0.9331480705771037,1.0022459730150401,-1.338408278730946,0.001554931553124638,0.9738105554008014,-1.9836978005116634e-05,0.0,-1.6309508612533108e-06,0.00010059718236532511,-0.00015746170386421454,-0.00023383198934290306,1.6543903992500587e-06,0.00029069649132018593
613,0.5463469988652044,0.5463459490682884,0.0010579529973668213,4.430365576771148,2.4753965142496757,1.6552297188627134,3.1398789810495167,-1.0,-1.572679102015701,0.9332487861314603,1.002088317615824,-1.3386424787464177,0.0015565908156192402,0.9741016952415199,-1.9839453682113373e-05,0.0,-1.6357962349111688e-06,0.00010071555435664514,-0.00015765539921619443,-0.00023420001547180824,1.6592624946022184e-06,0.00029113984071849064
614,0.5463451728043492,0.5463441220763979,0.0010584203444942274,4.4303655748598265,2.47539468719175,1.6552295690459249,3.139859139126146,-1.0,-1.572680742681305,0.933349620447649,1.0019304678706211,-1.3388770480679084,0.0015582549742824017,0.9743932799723206,-1.9841923370567116e-05,0.0,-1.6406656040413026e-06,0.00010083431618868044,-0.00015784974520283157,-0.0002345693214906852,1.6641586631615645e-06,0.0002915847308007091
615,0.546343341338091,0.5463422896763572,0.0010588888601221014,4.430365572951147,2.4753928547254813,1.6552294188832175,3.1398392947391534,-1.0,-1.572682388240441,0.9334505739175739,1.001772423125312,-1.3391119879823057,0.0015599240533543215,0.9746853111423054,-1.9844386992762253e-05,0.0,-1.6455591360653443e-06,0.00010095346992489151,-0.00015804474530911605,-0.0002349399143972697,1.6690790719197345e-06,0.0002920311699847744
616,0.5463415044396057,0.5463404518413284,0.0010593585502457939,4.430365571045123,2.4753910168240316,1.6552292683730965,3.139819447894683,-1.0,-1.5726840387174397,0.9335516469352172,1.001614182722267,-1.3393472997835454,0.0015615980772434525,0.9749777903090575,-1.9846844470539082e-05,0.0,-1.6504769986269707e-06,0.0001010730176432828,-0.00015824040304490694,-0.00023531180123970152,1.6740238891310277e-06,0.00029247916675212426
617,0.5463396620818854,0.5463386085442894,0.0010598294200080969,4.430365569141771,2.4753891734603775,1.6552291175140588,3.1397995985989597,-1.0,-1.5726856941368008,0.9336528398966544,1.0014557460003202,-1.3395829847726655,0.001563277070528348,0.9752707190387047,-1.9849295723073368e-05,0.0,-1.6554193611462154e-06,0.00010119296143717982,-0.0001584367219469307,-0.0002356849891200774,1.6789932848954893e-06,0.0002929287296471461
618,0.5463378142377312,0.5463367597580282,0.001060301474538741,4.430365567241106,2.475387324607306,1.6552289663045927,3.139779746858291,-1.0,-1.5726873545231956,0.9337541532000696,1.001297112294743,-1.3398190442578581,0.001564961057958982,0.975564098905983,-1.9851740668652695e-05,0.0,-1.6603863948194686e-06,0.00010131330341522915,-0.0001586337055772269,-0.0002360594851926745,1.6839874306339396e-06,0.00029337986727828724
619,0.5463359608797543,0.5463349054551415,0.0010607747187450444,4.430365565343142,2.4753854702374136,1.6552288147431744,3.1397598926790646,-1.0,-1.572689019901468,0.933855587245772,1.0011382809372185,-1.340055479554525,0.0015666500644583043,0.9758579314943009,-1.9854179226452828e-05,0.0,-1.665378272397433e-06,0.00010143404570239767,-0.0001588313575244804,-0.00023643529666683705,1.6890064993223784e-06,0.0002938325883179438
620,0.5463341019803754,0.5463330456080366,0.001061249159195418,4.430365563447898,2.4753836103231057,1.6552286628282729,3.139740036067751,-1.0,-1.572690690296636,0.9339571424362098,1.0009792512558142,-1.3402922919853293,0.001568344115123892,0.976152218395806,-1.9856611313429084e-05,0.0,-1.670395167963079e-06,0.00010155519043775207,-0.00015902968140424356,-0.0002368124308043118,1.6940506655876118e-06,0.00029428690150512526
621,0.5463322375118214,0.5463311801889256,0.00106172480014201,4.430365561555386,2.4753817448365933,1.655228510558345,3.1397201770309042,-1.0,-1.5726923657338934,0.934058819175987,1.0008200225749555,-1.3405294828802523,0.0015700432352293474,0.9764469612114495,-1.985903684698087e-05,0.0,-1.6754372573757337e-06,0.00010167673977723446,-0.000159228680858714,-0.0002371908949230228,1.6991201054555004e-06,0.00029474281564345617
622,0.5463303674461227,0.5463293091698255,0.0010622016474976265,4.430365559665626,2.475379873749893,1.655228357931841,3.1397003155751637,-1.0,-1.5726940462386112,0.9341606178718791,1.0006605942153983,-1.3407670535766478,0.001571747450226048,0.9767421615510529,-1.986145574051079e-05,0.0,-1.6805047178269916e-06,0.00010179869589210799,-0.00015942835955717882,-0.0002375706963955171,1.7042149967005059e-06,0.0002952003396033964
623,0.5463284917551131,0.5463274325225553,0.0010626797067424703,4.430365557778634,2.4753779970348235,1.6552282049471982,3.139680451707253,-1.0,-1.5726957318363395,0.9342625389328495,1.000500965494202,-1.3410050054192981,0.0015734567857447577,0.9770378210333753,-1.9863867910530075e-05,0.0,-1.6855977282848045e-06,0.00010192106097040021,-0.0001596287211962366,-0.0002379518426502969,1.7093355187097325e-06,0.0002956594823224634
624,0.5463266104104286,0.546325550218737,0.0010631589833427547,4.430365555894423,2.4753761146630042,1.655228051602845,3.1396605854339814,-1.0,-1.572697422552809,0.934364582770065,1.000341135724702,-1.3412433397604704,0.001575171267597221,0.9773339412861812,-1.9866273271773593e-05,0.0,-1.6907164694934806e-06,0.00010204383721545973,-0.00015982976950001948,-0.00023833434117226382,1.714481852463411e-06,0.00029612025280589815
625,0.546324723383504,0.5463236622297903,0.0010636394829594334,4.430365554013009,2.475374226605855,1.655227897897201,3.1396407167622455,-1.0,-1.5726991184139325,0.9344667497969127,1.0001811042164812,-1.341482057959973,0.0015768909217776005,0.9776305239463086,-1.9868671735867593e-05,0.0,-1.6958611235295962e-06,0.0001021670268477326,-0.0001600315082208592,-0.00023871819950271878,1.7196541803794242e-06,0.00029658266012733137
626,0.5463228306455712,0.5463217685269335,0.0010641212108217016,4.430365552134409,2.4753723328345925,1.6552277438286724,3.139620845699032,-1.0,-1.5727008194458065,0.9345690404290169,1.0000208702753417,-1.3417211613852138,0.0015786157744645357,0.9779275706597378,-1.9871063213550144e-05,0.0,-1.7010318740240393e-06,0.00010229063210420719,-0.00016023394113950928,-0.00023910342524069428,1.7248526869352056e-06,0.0002970467134292276
627,0.5463209321676575,0.5463198690811786,0.0010646041731879007,4.430365550258645,2.475370433320228,1.6552275893956592,3.1396009722514147,-1.0,-1.5727025256747136,0.9346714550842546,0.999860433203277,-1.341960651411257,0.001580345852022465,0.9782250830816621,-1.987344761733567e-05,0.0,-1.706228907050189e-06,0.00010241465523774806,-0.00016043707206470081,-0.00023949002604317648,1.7300775579293971e-06,0.0002975124219243286
628,0.546319027920585,0.5463179638633333,0.0010650883754668426,4.430365548385727,2.4753685280335684,1.655227434596548,3.1395810964265563,-1.0,-1.5727042371271232,0.9347739941827734,0.9996997922984435,-1.3422005294208825,0.001582081181003588,0.9785230628765572,-1.9875824858406332e-05,0.0,-1.7114524095696027e-06,0.00010253909851876131,-0.0001606409048334756,-0.00023987800962554928,1.73532898112283e-06,0.00029797979489509796
629,0.5463171178749675,0.5463160528439958,0.001065573822844811,4.430365546515674,2.47536661694521,1.6552272794297165,3.1395612182317123,-1.0,-1.572705953829694,0.9348766581470079,0.9995389468551308,-1.3424407968046448,0.001583821788149516,0.9788215117182525,-1.9878194843947483e-05,0.0,-1.7167025707642836e-06,0.00010266396423452839,-0.00016084544331274042,-0.00024026738376226042,1.7406071459280092e-06,0.00029844884169527575
630,0.5463152020012081,0.5463141359935547,0.0010660605215357187,4.430365544648502,2.4753647000255414,1.6552271238935312,3.139541337674229,-1.0,-1.5727076758092748,0.9349794474016975,0.9993778961637327,-1.3426814549609323,0.0015855677003929053,0.9791204312900029,-1.9880557483364925e-05,0.0,-1.7219795809264582e-06,0.00010278925468953926,-0.00016105069139804584,-0.00024065815628748766,1.7459122433893803e-06,0.0002989195717504334
631,0.5463132802694989,0.5463122132821867,0.0010665484775295565,4.43036554278423,2.4753627772447384,1.655226967986349,3.139521454761546,-1.0,-1.5727094030929076,0.9350823623739029,0.9992166395107177,-1.342922505296028,0.001587318944859283,0.9794198232845615,-1.9882912682955833e-05,0.0,-1.7272836327908436e-06,0.00010291497220538126,-0.00016125665301502945,-0.00024105033509580487,1.7512444663776196e-06,0.00029939199455852883
632,0.5463113526498167,0.5463102846798543,0.001067037696176645,4.430365540922875,2.475360848572761,1.6552268117065139,3.139501569501196,-1.0,-1.5727111357078285,0.9351854034930245,0.9990551761785992,-1.3431639492241705,0.0015890755488688335,0.979719689404252,-1.9885260349905565e-05,0.0,-1.7326149208685138e-06,0.00010304111912162739,-0.0001614633321185277,-0.00024144392814240412,1.7566040095506018e-06,0.00029986611969057275
633,0.5463094191119243,0.546308350156304,0.0010675281836450244,4.430365539064451,2.475358913979356,1.6552266550523618,3.139481681900807,-1.0,-1.5727128736814695,0.9352885711908191,0.9988935054459054,-1.343405788167614,0.0015908375399382268,0.9800200313610435,-1.9887600389179028e-05,0.0,-1.7379736410028102e-06,0.00010316769779461499,-0.00016167073269379717,-0.00024183894344353973,1.7619910693932993e-06,0.00030034195679151665
634,0.5463074796253653,0.5463064096810639,0.0010680199454631875,4.43036553720898,2.47535697343405,1.6552264980222162,3.139461791968102,-1.0,-1.5727146170414603,0.9353918659014185,0.9987316265871489,-1.343648023556692,0.0015926049457825014,0.9803208508766247,-1.9889932704852953e-05,0.0,-1.7433599908134312e-06,0.00010329471059944417,-0.00016187885875651453,-0.00024223538907808262,1.7674058442745944e-06,0.00030081951558114106
635,0.5463055341594634,0.546304463223443,0.0010685129881839392,4.430365535356476,2.4753550269061506,1.6552263406143897,3.1394418997109015,-1.0,-1.5727163658156305,0.9354952880613473,0.9985695388727958,-1.3438906568298796,0.0015943777943165805,0.9806221496824787,-1.9892257200559982e-05,0.0,-1.7487741701405213e-06,0.00010342215992875659,-0.00016208771435310965,-0.00024263327318752026,1.7728485340790835e-06,0.00030129880585405555
636,0.5463035826833212,0.5463025107525276,0.0010690073173048509,4.430365533506958,2.475353074364744,1.6552261828271848,3.1394220051371238,-1.0,-1.5727181200320115,0.9355988381095406,0.9984072415692349,-1.3441336894338554,0.0015961561136575643,0.9809239295199601,-1.989457377771231e-05,0.0,-1.754216381044671e-06,0.0001035500481932905,-0.00016229730356087657,-0.00024303260397573467,1.7783193409838007e-06,0.00030177983748136405
637,0.5463016251658172,0.5463005522371804,0.001069502938516317,4.430365531660443,2.4753511157786905,1.6552260246588915,3.139402108254785,-1.0,-1.5727198797188373,0.9357025164873632,0.9982447339387465,-1.344377122823567,0.0015979399321263234,0.9812261921403705,-1.989688233861031e-05,0.0,-1.7596868258085152e-06,0.00010367837782265799,-0.00016250763048841765,-0.00024343338971166695,1.783818468759123e-06,0.00030226262041044283
638,0.5462996615756024,0.5462985876460373,0.0010699998583235944,4.430365529816952,2.4753491511166255,1.6552258661077897,3.139382209072004,-1.0,-1.5727216449045485,0.9358063236386278,0.9980820152394702,-1.3446209584622948,0.001599729278249539,0.9815289393050375,-1.9899182781113467e-05,0.0,-1.7651857111555813e-06,0.00010380715126456774,-0.00016271869927630966,-0.00024383563872776293,1.7893461232154628e-06,0.00030274716466693885
639,0.5462976918811017,0.5462966169475061,0.0010704980828003079,4.430365527976498,2.4753471803469558,1.6552257071721468,3.139362307596996,-1.0,-1.5727234156177918,0.9359102600096132,0.9979190847253742,-1.344865197821717,0.0016015241807616255,0.9818321727853917,-1.990147500796624e-05,0.0,-1.7707132433653072e-06,0.00010393637098538022,-0.00016293051409599357,-0.00024423935942219366,1.7949025120866068e-06,0.0003032334803542147
640,0.5462957160505082,0.5462946401097647,0.0010709976184186771,4.430365526139103,2.4753452034378585,1.6552255478502198,3.139342403838083,-1.0,-1.5727251918874239,0.9360143260490837,0.9977559416462215,-1.3451098423819754,0.0016033246686064223,0.9821358943630469,-1.990375891303131e-05,0.0,-1.7762696320478e-06,0.00010406603947055171,-0.00016314307915266113,-0.0002446445602584113,1.8004878447968296e-06,0.000303721577655236
641,0.5462937340517823,0.5462926571007571,0.001071498471012371,4.430365524304783,2.4753432203572756,1.6552253881402537,3.1393224978036876,-1.0,-1.5727269737425122,0.9361185222083084,0.9975925852475386,-1.345354893631742,0.0016051307709396602,0.9824401058298793,-1.9906034395500427e-05,0.0,-1.7818550883674789e-06,0.00010419615922463432,-0.0001633563986829234,-0.00024505124976670345,1.8061023332378336e-06,0.00030421146683234923
642,0.5462917458526513,0.5462906678881939,0.0010720006463993163,4.430365522473559,2.4753412310729175,1.6552252280404822,3.139302589502337,-1.0,-1.5727287612123375,0.9362228489410798,0.997429014770582,-1.3456003530682865,0.001606942517130457,0.9827448089881081,-1.9908301350568536e-05,0.0,-1.78746982526512e-06,0.00010432673277138704,-0.0001635704769565871,-0.00024545943654441515,1.8117461907968691e-06,0.0003047031582288362
643,0.546289751420605,0.5462886724395479,0.001072504151623866,4.430365520645449,2.475339235552255,1.6552250675491262,3.1392826789426636,-1.0,-1.5727305543263956,0.9363273067037338,0.9972652294523054,-1.345846222197543,0.0016087599367636503,0.9830500056503778,-1.9910559673430583e-05,0.0,-1.7931140581239902e-06,0.00010445776265399775,-0.00016378531827654363,-0.00024586912925639304,1.8174196331933058e-06,0.0003051966622696911
644,0.5462877507228924,0.5462866707220532,0.0010730089922636695,4.430365518820468,2.475337233762522,1.6552249066643963,3.1392627661334065,-1.0,-1.5727323531143997,0.936431895955169,0.9971012285253259,-1.3460925025341792,0.0016105830596417783,0.9833556976398397,-1.991280925706107e-05,0.0,-1.798788004103713e-06,0.00010458925143519426,-0.00016400092697954616,-0.00024628033663631754,1.8231228781280008e-06,0.0003056919894618426
645,0.5462857437265219,0.5462846627027004,0.0010735151749151086,4.43036551699864,2.475335225670707,1.65522474538449,3.139242851083414,-1.0,-1.5727341576062823,0.936536617156867,0.9969370112178898,-1.3463391956016655,0.0016124119157868674,0.9836618867902353,-1.991504999265814e-05,0.0,-1.8044918825843581e-06,0.00010472120169802146,-0.00016421730743609864,-0.00024669306748625885,1.8288561450890105e-06,0.00030618915039559713
646,0.5462837303982602,0.5462826483482393,0.0010740227065705974,4.43036551517998,2.475333211243559,1.655224583707593,3.139222933801641,-1.0,-1.572735967832197,0.9366414707729119,0.9967725767538392,-1.3465863029323444,0.0016142465354429972,0.9839685749459803,-1.9917281772752204e-05,0.0,-1.810225914722352e-06,0.00010485361604495314,-0.00016443446405056683,-0.00024710733067889734,1.8346196561298302e-06,0.0003066881557450829
647,0.546281710704625,0.5462806276251706,0.0010745315929644168,4.430365513364509,2.4753311904475783,1.655224421631879,3.139203014297154,-1.0,-1.5727377838225212,0.936746457270011,0.9966079243525773,-1.3468338260675015,0.001616086949078165,0.9842757639622496,-1.991950448720914e-05,0.0,-1.815990324116612e-06,0.00010498649709911323,-0.00016465240126195546,-0.00024752313515707947,1.8404136351679156e-06,0.0003071890162692492
648,0.5462796846118881,0.5462786004997494,0.001075041840641064,4.430365511552248,2.4753291632490173,1.65522425915551,3.1391830925791298,-1.0,-1.5727396056078575,0.9368515771175148,0.9964430532290328,-1.3470817665574364,0.0016179331873862686,0.9845834557050623,-1.9921718024118462e-05,0.0,-1.8217853363644565e-06,0.00010511984750372072,-0.00016487112354446332,-0.000247940489934928,1.8462383081035115e-06,0.0003076917428127546
649,0.5462776520860685,0.5462765669379775,0.001075553456333911,4.430365509743212,2.475327129613878,1.6552240962766338,3.1391631686568577,-1.0,-1.5727414332190368,0.9369568307874379,0.9962779625936257,-1.3473301259615347,0.0016197852812895144,0.9848916520513691,-1.9923922272013783e-05,0.0,-1.8276111792836502e-06,0.00010525366992308882,-0.0001650906354071502,-0.00024835940409828616,1.852093903245743e-06,0.00030819634630674386
650,0.5462756130929335,0.5462745269056045,0.0010760664463456274,4.430365507937426,2.4753250895079084,1.6552239329933878,3.1391432425397423,-1.0,-1.5727432666871195,0.9370622187544798,0.9961126516522307,-1.3475789058483405,0.0016216432619405353,0.985200354889139,-1.9926117115431907e-05,0.0,-1.8334680826903593e-06,0.00010538796704195885,-0.00016531094139493607,-0.00024877988680582774,1.857980651020965e-06,0.00030870283776995855
651,0.546273567597994,0.546272480368124,0.0010765808175803725,4.430365506134904,2.4753230428966004,1.6552237693038956,3.1391233142373003,-1.0,-1.5727451060433981,0.937167741496046,0.9959471196061424,-1.3478281077956304,0.0016235071607244125,0.9855095661174481,-1.9928302442018264e-05,0.0,-1.8393562786211959e-06,0.00010552274156616637,-0.00016553204608837913,-0.0002492019472899454,1.863898783877136e-06,0.0003092112283090698
652,0.546271515566503,0.5462704272907717,0.0010770965767176698,4.430365504335669,2.475320989745189,1.6552236052062685,3.1391033837591666,-1.0,-1.5727469513194001,0.9372733994922693,0.9957813656520377,-1.348077733390487,0.0016253770092611993,0.9858192876465682,-1.9930478133645124e-05,0.0,-1.845276001999352e-06,0.0001056579962233073,-0.00016575395410467486,-0.00024962559485652847,1.8698485367868879e-06,0.00030972152912012163
653,0.5462694569634535,0.5462683676385225,0.0010776137302128577,4.430365502539743,2.4753189300186476,1.6552234406986048,3.139083451115093,-1.0,-1.5727488025468888,0.9373791932260311,0.9956153889819405,-1.3483277842293742,0.0016272528394081767,0.9861295213980575,-1.9932644073517025e-05,0.0,-1.851227488636198e-06,0.00010579373376184975,-0.00016597667009721206,-0.0002500508388871836,1.875830146977342e-06,0.0003102337514893083
654,0.5462673917535745,0.5462663013760874,0.0010781322849154015,4.430365500747143,2.4753168636816856,1.65522327577899,3.1390635163149496,-1.0,-1.5727506597578669,0.9374851231829834,0.9954491887831836,-1.3485782619182127,0.0016291346832617562,0.9864402693048513,-1.9934800143506237e-05,0.0,-1.8572109781178625e-06,0.00010592995695224428,-0.00016620019875690506,-0.00025047768883856847,1.881843853579479e-06,0.0003107479067937513
655,0.5462653199013306,0.5462642284679137,0.0010786522474502984,4.430365498957889,2.47531479069875,1.6552231104454955,3.1390435793687272,-1.0,-1.5727525229845782,0.9375911898515702,0.9952827642383717,-1.3488291680724567,0.001631022573160317,0.9867515333113539,-1.9936946222376406e-05,0.0,-1.863226711362742e-06,0.0001060666685868128,-0.00016642454481186064,-0.00025090615424394613,1.8878898985607694e-06,0.00031126400650260955
656,0.5462632413709169,0.5462621488781778,0.0010791736252473028,4.430365497172004,2.475312711034016,1.6552229446961817,3.1390236402865375,-1.0,-1.5727543922595106,0.93769739372305,0.9951161145253439,-1.3490805043171705,0.0016329165416861682,0.9870633153735318,-1.9939082189779356e-05,0.0,-1.8692749323978575e-06,0.00010620387147985966,-0.00016664971302782217,-0.0002513362447138512,1.8939685258513063e-06,0.00031178206217785664
657,0.5462611561262585,0.5462600625707869,0.0010796964244823432,4.430365495389507,2.4753106246513883,1.6552227785290938,3.139003699078615,-1.0,-1.5727562676153974,0.9378037352915183,0.9949492388171348,-1.3493322722871073,0.0016348166216681133,0.987375617459007,-1.9941207922258286e-05,0.0,-1.8753558868045417e-06,0.00010634156846822673,-0.00016687570820905773,-0.0002517679699367559,1.900079981945104e-06,0.00031230208547528004
658,0.5462590641310079,0.5462579695093746,0.0010802206529582368,4.430365493610419,2.4753085315145,1.6552226119422648,3.1389837557553184,-1.0,-1.57275814908522,0.9379102150539295,0.9947821362819367,-1.3495844736267875,0.001636722846183782,0.9876884415471527,-1.9943323296800486e-05,0.0,-1.8814698226066184e-06,0.0001064797624111824,-0.0001671025351981381,-0.0002522013396801803,1.9062245156687297e-06,0.0003128240881457023
659,0.5462569653485394,0.5462558696572969,0.0010807463168133716,4.4303654918347615,2.4753064315867066,1.6552224449337134,3.1389638103271307,-1.0,-1.5727600367022114,0.9380168335101206,0.9946148060830603,-1.3498371099905786,0.0016386352485620779,0.988001789629188,-1.994542818772871e-05,0.0,-1.8876169913806251e-06,0.00010661845619108767,-0.0001673301988763809,-0.00025263636379113663,1.9124023782957945e-06,0.00031334808203531406
660,0.5462548597419508,0.5462537629776328,0.0010812734234006281,4.430365490062556,2.475304324831084,1.6552222775014445,3.138943862804664,-1.0,-1.5727619304998572,0.938123591162834,0.9944472473788951,-1.3500901830427758,0.0016405538623855485,0.9883156637082753,-1.9947522466701173e-05,0.0,-1.893797645813322e-06,0.00010675765271339621,-0.0001675587041651827,-0.0002530730521972391,1.9186138234706263e-06,0.00031387407908722853
661,0.5462527472740559,0.546251649433178,0.0010818019798475487,4.4303654882938215,2.4753022112104284,1.65522210964345,3.138923913198655,-1.0,-1.572763830511899,0.9382304885177398,0.9942794593228705,-1.3503436944576828,0.0016424787214930673,0.9886300657996179,-1.994960600892881e-05,0.0,-1.9000120417000943e-06,0.00010689735490587715,-0.00016778805602457592,-0.0002535114149069262,1.924859107518785e-06,0.00031440209134259156
662,0.546250627907387,0.5462495289864447,0.001082331993261945,4.430365486528583,2.4753000906872495,1.6552219413577076,3.138903961519974,-1.0,-1.5727657367723364,0.9383375260834611,0.9941114410634144,-1.3505976459196942,0.0016444098599822812,0.988944997930559,-1.995167868118486e-05,0.0,-1.9062604375008618e-06,0.00010703756572127965,-0.00016801825945611526,-0.00025395146201145913,1.931138489213958e-06,0.0003149321309411368
663,0.5462485016041868,0.5462474015996575,0.0010828634707318518,4.430365484766858,2.4752979632237713,1.6552217726421803,3.1388840077796183,-1.0,-1.5727676493154303,0.9384447043715962,0.9939431917439139,-1.3508520391233791,0.0016463473122120395,0.9892604621406814,-1.9953740355571625e-05,0.0,-1.912543093895991e-06,0.00010717828813511243,-0.00016824931950054633,-0.0002543932036849217,1.9374522297582308e-06,0.000315464210122407
664,0.5462463683264104,0.5462452672347516,0.0010833964197353827,4.430365483008672,2.4752958287819267,1.6552216034948177,3.138864051988721,-1.0,-1.5727695681757043,0.9385520238967432,0.993774710502673,-1.3511068757735638,0.001648291112805094,0.9895764604819085,-1.995579089708599e-05,0.0,-1.9188602740083383e-06,0.00010731952514697607,-0.00016848124124091424,-0.0002548366501846644,1.9438005930544344e-06,0.00031599834122708614
665,0.5462442280357183,0.5462431258533681,0.00108393084752512,4.430365481254045,2.4752936873233566,1.6552214339135554,3.138844094158547,-1.0,-1.5727714933879484,0.9386594851765243,0.9936059964728724,-1.3513621575854173,0.0016502412966505084,0.9898929950186056,-1.9957830174277547e-05,0.0,-1.9252122440693853e-06,0.00010746127978111808,-0.00016871402980056516,-0.00025528181185352494,1.9501838454144983e-06,0.0003165345366971106
666,0.5462420806934747,0.5462409774168523,0.0010844667615380705,4.4303654795029965,2.4752915388094046,1.6552212638963135,3.1388241343004974,-1.0,-1.572773424987221,0.9387670887316103,0.9934370487825268,-1.351617886284537,0.0016521978989067286,0.9902100678276837,-1.995985804947864e-05,0.0,-1.9315992725310593e-06,0.00010760355508598884,-0.00016894769034558887,-0.00025572869911960616,1.9566022562201614e-06,0.00031707280907811164
667,0.5462399262607486,0.5462388218862531,0.001085004168576514,4.430365477755556,2.475289383201118,1.6552210934409985,3.138804172426111,-1.0,-1.572775363008852,0.9388748350857452,0.9932678665544431,-1.3518740636070345,0.0016541609550038742,0.9905276809987033,-1.9961874386353884e-05,0.0,-1.9380216309539122e-06,0.00010774635413490774,-0.00016918222808370853,-0.0002561773224976083,1.9630560971456e-06,0.00031761317101952624
668,0.5462377646983039,0.5462366592223139,0.0010855430768549482,4.430365476011739,2.4752872204592387,1.655220922545502,3.1387842085470634,-1.0,-1.572777307488445,0.9389827247657712,0.9930984489061775,-1.3521306912996245,0.001656130500646518,0.9908458366339791,-1.996387904767971e-05,0.0,-1.944479593118942e-06,0.00010788968002595212,-0.0001694176482656129,-0.0002566276925899391,1.9695456426438007e-06,0.0003181556352758186
669,0.5462355959666012,0.5462344893854759,0.0010860834937475828,4.4303654742715715,2.475285050544207,1.6552207512076995,3.1387642426751716,-1.0,-1.5727792584618807,0.9390907583016542,0.9929287949499921,-1.3523877711197112,0.001658106571816522,0.991164536848687,-1.9965871891791664e-05,0.0,-1.950973435693726e-06,0.00010803353588306752,-0.00016965395618540047,-0.00025707982008671415,1.9760711700040224e-06,0.0003187002147079232
670,0.546233420025794,0.5462323123358725,0.0010866254264033518,4.430365472535076,2.4752828734161545,1.655220579425454,3.1387442748223933,-1.0,-1.5727812159653187,0.9391989362265091,0.9927589037928116,-1.352645304835479,0.0016600892047757573,0.9914837837709709,-1.9967852778357553e-05,0.0,-1.9575034380103773e-06,0.00010817792485484645,-0.00016989115718046843,-0.00025753371576775486,1.982632959235354e-06,0.00031924692228391116
671,0.5462312368357237,0.546230128033325,0.0010871688829718201,4.430365470802276,2.4752806890349017,1.6552204071966117,3.1387243050008293,-1.0,-1.5727831800352015,0.9393072590766256,0.9925887745361793,-1.3529032942259827,0.0016620784360689026,0.9918035795420517,-1.9969821563936563e-05,0.0,-1.9640698827316783e-06,0.00010832285011652676,-0.00017012925663228984,-0.00025798939050369896,1.9892312931452105e-06,0.0003197957710807664
672,0.5462290463559191,0.5462279364373411,0.0010877138703550505,4.430365469073192,2.4752784973599544,1.6552202345190035,3.138704333222725,-1.0,-1.5727851507082564,0.9394157273914945,0.9924184062762125,-1.3531617410812378,0.0016640743025262408,0.9921239263163364,-1.99717781041997e-05,0.0,-1.9706730549629015e-06,0.00010846831486888142,-0.00017036825996685767,-0.00025844685525511224,1.9958664573382478e-06,0.0003203467742847188
673,0.546226848545591,0.5462257375071116,0.0010882603970671298,4.430365467347851,2.4752762983505017,1.6552200613904458,3.1386843595004743,-1.0,-1.5727871280214987,0.9395243417138336,0.9922477981035566,-1.3534206472023136,0.0016660768412667302,0.9924448262615296,-1.997372225082117e-05,0.0,-1.9773132422518103e-06,0.00010861432233910673,-0.0001706081726559061,-0.00025890612107581923,2.002538740489366e-06,0.0003208999451932426
674,0.546224643363632,0.5462235312015072,0.0010888084703749433,4.430365465626274,2.4752740919654137,1.6552198878087387,3.138664383846616,-1.0,-1.5727891120122344,0.939633102589615,0.9920769491033411,-1.3536800144014258,0.0016680860897006842,0.9927662815587451,-1.9975653858139708e-05,0.0,-1.9839907356988817e-06,0.00010876087578137739,-0.00017084900021546723,-0.00025936719911223705,2.0092484339540462e-06,0.0003214552972155005
675,0.5462224307686075,0.5462213174790733,0.0010893580987471705,4.430365463908485,2.4752718781632335,1.6552197137716673,3.1386444062738406,-1.0,-1.572791102718064,0.9397420105680909,0.9919058583551327,-1.3539398445020308,0.0016701020855328034,0.9930882944026194,-1.9977572775609076e-05,0.0,-1.990705829735262e-06,0.00010890797847595834,-0.00017109074820842451,-0.0002598301006049297,2.0159958321191995e-06,0.0003220128438742309
676,0.5462202107187593,0.5462190962980311,0.001089909289202682,4.4303654621945086,2.4752696569021815,1.655219539277,3.138624426794989,-1.0,-1.5727931001768845,0.9398510662018223,0.9917345249328888,-1.3542001393389211,0.0016721248667652254,0.9934108670014257,-1.9979478851350763e-05,0.0,-1.9974588203464094e-06,0.00010905563373142524,-0.00017133342224384673,-0.0002602948368903846,2.022781232422031e-06,0.0003225725988063033
677,0.5462179831719982,0.5462168676162686,0.0010904620505720838,4.430365460484368,2.4752674281401434,1.6552193643224904,3.138604445423056,-1.0,-1.5727951044268926,0.9399602700467049,0.9915629479049111,-1.354460900758321,0.0016741544717004974,0.9937340015771902,-1.998137193304217e-05,0.0,-2.004250008180719e-06,0.00010920384488255497,-0.00017157702797776508,-0.00026076141939990194,2.029604935271977e-06,0.00032313457576449434
678,0.5462157480859017,0.5462146313913431,0.001091016390033158,4.43036545877809,2.4752651918346764,1.655219188905875,3.138584462171191,-1.0,-1.5727971155065876,0.9400696226619981,0.9913911263337974,-1.3547221306179842,0.00167619093894451,0.9940577003658082,-1.9983251865252072e-05,0.0,-2.011079694996809e-06,0.00010935261529321227,-0.0001718215711136173,-0.00026122985966314793,2.036467244012543e-06,0.00032369878861804313
679,0.5462135054177114,0.5462123875804733,0.0010915723163696215,4.430365457075696,2.4752629479429964,1.6552190130248745,3.138564477052699,-1.0,-1.5727991334547757,0.940179124610352,0.9912190592763948,-1.3549838307872921,0.0016782343074098003,0.9943819656171634,-1.998511849210516e-05,0.0,-2.0179481881044126e-06,0.00010950194835390725,-0.00017206705740269168,-0.0002617001693079324,2.043368465290364e-06,0.0003242652513552047
680,0.5462112551243249,0.546210136140536,0.00109212983752716,4.430365455377213,2.475260696421979,1.655218836677193,3.1385444900810446,-1.0,-1.5728011583105717,0.9402887764578368,0.9910467457837496,-1.3552460031473526,0.0016802846163186023,0.9947067995952462,-1.9986971654173402e-05,0.0,-2.024855795923486e-06,0.00010965184748479295,-0.0001723134926451264,-0.0002621723600604309,2.0503089088019354e-06,0.0003248339780828058
681,0.5462089971623006,0.5462078770280677,0.0010926889614282834,4.430365453682664,2.47525843722816,1.655218659860518,3.1385245012698517,-1.0,-1.5728031901134025,0.9403985787739705,0.99087418490106,-1.3555086495911013,0.0016823419052061687,0.9950322045782751,-1.9988811192916955e-05,0.0,-2.031802830870788e-06,0.00010980231613366698,-0.00017256088268957637,-0.00026264644374873747,2.0572888875663997e-06,0.00032540498302890963
682,0.5462067314878468,0.5462056101992542,0.0010932496963784782,4.430365451992075,2.475256170317723,1.6552184825725207,3.1385045106329064,-1.0,-1.5728052289030112,0.9405085321317483,0.9907013756676253,-1.3557717720234022,0.0016844062139235885,0.9953581828588188,-1.9990636945355078e-05,0.0,-2.0387896086937474e-06,0.00010995335777785886,-0.0001728092334347675,-0.0002631224323008663,2.0643087174198726e-06,0.0003259782805437039
683,0.5462044580568229,0.5462033356099321,0.0010938120510651079,4.430365450305471,2.475253895646503,1.6552183048108546,3.138484518184159,-1.0,-1.5728072747194586,0.9406186371076722,0.9905283171167963,-1.356035372361151,0.0016864775826413623,0.995684736743919,-1.9992448747174763e-05,0.0,-2.045816447360238e-06,0.00011010497592389701,-0.00017305855082894173,-0.00026360033774874836,2.071368717773735e-06,0.00032655388510016703
684,0.5462021768247323,0.5462010532155829,0.0010943760337447205,4.4303654486228785,2.4752516131699798,1.6552181265731578,3.138464523937725,-1.0,-1.5728093276031287,0.9407288942817799,0.9903550082759252,-1.3562994525333778,0.0016885560518527624,0.9960118685552157,-1.9994246434063e-05,0.0,-2.052883670167205e-06,0.0001102571741076197,-0.00017330884087118914,-0.0002640801722268993,2.078469211400178e-06,0.0003271318112967325
685,0.5461998877467202,0.5461987629713295,0.001094941652446825,4.430365446944322,2.4752493228432755,1.655217947857048,3.1384445279078883,-1.0,-1.57281138759473,0.9408393042376753,0.9901814481663134,-1.3565640144813536,0.001690641662376962,0.9963395806290732,-1.9996029836821805e-05,0.0,-2.059991601299771e-06,0.00011040995589539637,-0.00017356010961178114,-0.00026456194797574994,2.0856105241995326e-06,0.0003277120738575112
686,0.5461975907775709,0.5461964648319318,0.0010955089159877867,4.430365445269828,2.4752470246211478,1.655217768660129,3.138424530109101,-1.0,-1.5728134547353005,0.9409498675625577,0.9900076358031606,-1.3568290601586945,0.001692734455362415,0.9966678753167075,-1.9997798787141363e-05,0.0,-2.0671405704941748e-06,0.00011056332488246223,-0.00017381236315272552,-0.0002650456773409804,2.092792985453106e-06,0.0003282946876342896
687,0.5461952858717023,0.5461941587517863,0.0010960778331583411,4.430365443599423,2.4752447184579918,1.6552175889799856,3.1384045305559876,-1.0,-1.57281552906621,0.9410605848472541,0.9898335701955128,-1.3570945915314703,0.0016948344722904512,0.9969967549843148,-1.999955311360324e-05,0.0,-2.074330909485056e-06,0.00011071728469636,-0.00017406560764787748,-0.00026553137277574024,2.100016928036118e-06,0.0003288796676073069
688,0.5461929729831635,0.5461918446849182,0.0010966484123185766,4.430365441933133,2.475242404307831,1.655217408814184,3.138384529263345,-1.0,-1.5728176106291638,0.9411714566862485,0.9896592503462084,-1.3573606105783118,0.0016969417549786753,0.9973262220132026,-2.0001292642568558e-05,0.0,-2.0815629537818126e-06,0.00011087183899438635,-0.00017431984930438293,-0.0002660190468415369,2.107282688224065e-06,0.00032946702888780877
689,0.5461906520656297,0.5461895225849789,0.001097220662006035,4.430365440270982,2.4752400821243152,1.655217228160274,3.1383645262461464,-1.0,-1.5728196994662067,0.9412824836777136,0.9894846752518256,-1.357627119290521,0.001699056345584387,0.9976562787999207,-2.0003017198622075e-05,0.0,-2.0888370428906455e-06,0.00011102699146514627,-0.0001745750943827895,-0.00026650871220912364,2.114590605711798e-06,0.00033005678671804706
690,0.5461883230723991,0.5461871924052439,0.0010977945911373845,4.430365438613001,2.4752377518607185,1.6552170470157863,3.138344521519543,-1.0,-1.572821795619726,0.9413936664235426,0.9893098439026282,-1.3578941196721812,0.001701178286608273,0.9979869277563947,-2.000472660323993e-05,0.0,-2.0961535192043357e-06,0.00011118274582899712,-0.00017483134919737964,-0.0002670003816602762,2.121941023885878e-06,0.00033064895647405557
691,0.5461859859563888,0.5461848540986054,0.0010983702086029804,4.430365436959216,2.4752354134699313,1.6552168653782344,3.138324515098865,-1.0,-1.5728238991324555,0.941505005529381,0.9891347552825112,-1.35816161374027,0.0017033076208978642,0.9983181713100608,-2.000642067834235e-05,0.0,-2.103512729556556e-06,0.00011133910583838169,-0.00017508862011705872,-0.0002674940680886806,2.129334289591254e-06,0.00033124355366609404
692,0.5461836406701306,0.546182507617572,0.0010989475234688484,4.4303654353096515,2.4752330669044604,1.6552166832451118,3.138304506999622,-1.0,-1.5728260100474787,0.9416165016046586,0.9889594083689452,-1.3584296035247714,0.0017054443916512667,0.9986500119040017,-2.000809924274094e-05,0.0,-2.1109150232234697e-06,0.00011149607527760619,-0.00017534691356591026,-0.0002679897845014878,2.1367707534025292e-06,0.0003318405939408686
693,0.5461812871657677,0.5461801529142623,0.00109952654437025,4.430365433664336,2.475230712116423,1.6552165006138957,3.1382844972375104,-1.0,-1.572828128408233,0.9417281552626222,0.988783802132921,-1.3586980910687911,0.00170758864242097,0.9989824519970844,-2.0009762111694585e-05,0.0,-2.118360754366222e-06,0.00011165365796361737,-0.000175606236024195,-0.0002684875440197576,2.1442507697033274e-06,0.0003324400930826421
694,0.5461789253950485,0.5461777899404002,0.0011001072807237118,4.4303654320233,2.4752283490575415,1.6552163174820418,3.138264485828411,-1.0,-1.572830254258513,0.9418399671203691,0.988607935538893,-1.3589670784286718,0.0017097404171174217,0.999315494064099,-2.0011409099129907e-05,0.0,-2.1258502800325374e-06,0.00011181185774689073,-0.00017586659402801796,-0.0002689873598806791,2.1517746964516693e-06,0.0003330420670146772
695,0.546176555309326,0.5461754186473143,0.0011006897411109668,4.430365430386567,2.475225977679142,1.6552161338469888,3.1382444727883927,-1.0,-1.5728323876424748,0.9419519377988793,0.9884318075447223,-1.3592365676741107,0.0017118997600127576,0.9996491405959005,-2.0013040018529438e-05,0.0,-2.133383961711033e-06,0.00011197067851020925,-0.00017612799417077163,-0.00026948924543890307,2.1593428953358817e-06,0.000333646531801457
696,0.5461741768595484,0.5461730389859284,0.0011012739346923988,4.430365428754169,2.4752235979321475,1.6552159497061565,3.138224458133715,-1.0,-1.572834528604639,0.9420640679230502,0.9882554171016185,-1.359506560888277,0.0017140667157450377,0.9999833940995501,-2.001465467760255e-05,0.0,-2.140962164220994e-06,0.00011213012417088386,-0.00017639044310380214,-0.0002699932141663197,2.1669557322800525e-06,0.00033425350364957307
697,0.546171789996261,0.5461706509067622,0.0011018598712053687,4.430365427126135,2.4752212097670756,1.6552157650569432,3.1382044418808284,-1.0,-1.5728366771898956,0.9421763581217304,0.9880787631540825,-1.3597770601679329,0.001716241329321471,1.0003182570984595,-2.001625288672315e-05,0.0,-2.1485852566005548e-06,0.0001122901986801983,-0.0001766539475359652,-0.00027049927965583365,2.1746135764333374e-06,0.000334862998909391
698,0.5461693946695985,0.546168254359925,0.001102447559754068,4.430365425502488,2.475218813134034,1.6552155798967298,3.138184424046378,-1.0,-1.5728388334435068,0.9422888090277538,0.9879018446398466,-1.3600480676235533,0.001718423646123001,1.0006537321325366,-2.001783445049199e-05,0.0,-2.156253611218517e-06,0.00011245090602340913,-0.00017691851423584648,-0.00027100745562047557,2.182316801529983e-06,0.0003354750340771595
699,0.5461669908292778,0.5461658492951091,0.0011030370098175726,4.430365423883259,2.475216407982713,1.6552153942228767,3.138164404647208,-1.0,-1.5728409974111124,0.9424014212779748,0.987724660489815,-1.3603195853794492,0.001720613711907997,1.0009898217583326,-2.0019399169957097e-05,0.0,-2.1639676055507095e-06,0.00011261225022096699,-0.00017718415003165067,-0.0002715177558958448,2.1900657849959447e-06,0.00033608962579601
700,0.5461645784246013,0.5461634356615903,0.001103628230846302,4.43036542226848,2.4752139942623863,1.6552152080327236,3.1381443837003595,-1.0,-1.5728431691387323,0.9425141955133032,0.9875472096280039,-1.360591615573891,0.0017228115728162565,1.001326528549191,-2.0020946848386956e-05,0.0,-2.1717276199595403e-06,0.00011277423532840558,-0.00017745086181109038,-0.0002720301944418857,2.197860908259618e-06,0.0003367067908583987
701,0.5461621574044424,0.5461610134082172,0.001104221232060859,4.430365420658178,2.4752115719219017,1.655215021323592,3.1381243612230767,-1.0,-1.5728453486727723,0.9426271323787399,0.9873694909714799,-1.360864160359234,0.0017250172753733575,1.0016638550953982,-2.0022477282832796e-05,0.0,-2.1795340399144436e-06,0.0001129368654366747,-0.00017771865652405072,-0.0002725447853428875,2.2057025571009525e-06,0.00033732654620721725
702,0.5461597277172504,0.5461585824834122,0.0011048160236583682,4.430365419052382,2.4752091409096795,1.655214834092782,3.138104337232807,-1.0,-1.5728475360600263,0.9427402325234133,0.9871915034302992,-1.3611372219020446,0.0017272308664945048,1.0020018040043355,-2.002399026990176e-05,0.0,-2.187387253993478e-06,0.00011310014467347251,-0.00017798754118070192,-0.00027306154281059314,2.213591121147298e-06,0.0003379489089372356
703,0.5461572893110406,0.5461561428351644,0.0011054126143992477,4.430365417451124,2.4752067011737067,1.655214646337572,3.1380843117472033,-1.0,-1.5728497313476821,0.9428534966006153,0.9870132459074445,-1.361410802383229,0.0017294523934889606,1.002340377900633,-2.0025485603536453e-05,0.0,-2.195287655881728e-06,0.00011326407720202436,-0.00017825752285460794,-0.00027358048118442113,2.221526994455837e-06,0.00033857389629754486
704,0.5461548421333902,0.5461536944110249,0.0011060110148231183,4.4303654158544346,2.4752042526615323,1.655214458055222,3.1380642847841282,-1.0,-1.572851934583325,0.9429669252678378,0.9868347172987627,-1.361684903998162,0.0017316819040641242,1.0026795794263264,-2.0026963075014947e-05,0.0,-2.203235642816992e-06,0.00011342866722241496,-0.00017852860868183829,-0.00027410161493302,2.2295105751636048e-06,0.0003392015256933334
705,0.5461523861314352,0.5461512371581025,0.0011066112344346951,4.430365414262339,2.475201795320264,1.6552142692429694,3.138044256361655,-1.0,-1.5728541458149419,0.9430805191868106,0.9866559164929001,-1.361959528956819,0.0017339194463299615,1.003019411241013,-2.002842247339487e-05,0.0,-2.211231616922049e-06,0.00011359391897280968,-0.00017880080586263336,-0.0002746249586569327,2.2375422658372536e-06,0.0003398318146865531
706,0.5461499212518625,0.5461487710230577,0.001107213283110235,4.430365412674873,2.4751993290965606,1.6552140798980313,3.1380242264980707,-1.0,-1.572856365090926,0.9431942790235389,0.9864768423712388,-1.3622346794839075,0.0017361650688034738,1.0033598760220122,-2.002986358418113e-05,0.0,-2.2192759840944376e-06,0.00011375983672834433,-0.00017907412166129344,-0.0002751505270885968,2.2456224735122998e-06,0.00034046478099925004
707,0.5461474474409097,0.5461462959521004,0.001107817171296802,4.4303654110920645,2.475196853936629,1.6552138900176032,3.1380041952118796,-1.0,-1.5728585924600815,0.9433082054483412,0.9862974938078309,-1.3625103578190016,0.0017384188204129338,1.0037009764645266,-2.0031286191102282e-05,0.0,-2.2273691555607655e-06,0.00011392642480223536,-0.000179348563407844,-0.00027567833509412054,2.2537516094600207e-06,0.0003411004425144526
708,0.5461449646443552,0.5461438118909819,0.0011084229086082695,4.430365409513946,2.4751943697862195,1.6552136995988587,3.1379841625218035,-1.0,-1.5728608279716279,0.9434222991358876,0.9861178696693332,-1.362786566216678,0.001740680750502548,1.0040427152818048,-2.0032690076110526e-05,0.0,-2.2355115463223996e-06,0.000114093687546446,-0.00017962413849770265,-0.0002762083976763918,2.261930089614197e-06,0.0003417388172781699
709,0.5461424728075166,0.5461413187849923,0.00110903050502872,4.430365407940548,2.47519187659062,1.6552135086389501,3.1379641284467854,-1.0,-1.5728630716752037,0.9435365607652392,0.9859379688149398,-1.3630633069466525,0.0017429509088368478,1.0043850952053062,-2.0034075018049435e-05,0.0,-2.2437035758215984e-06,0.00011426162935157524,-0.0001799008543934555,-0.0002767407299744118,2.2701583342998443e-06,0.00034237992350139024
710,0.5461399718752454,0.5461388165789542,0.0011096399709112676,4.430365406371903,2.475189374294651,1.6552133171350076,3.137944093005993,-1.0,-1.572865323620872,0.943650991019887,0.9857577900963147,-1.3633405822939189,0.0017452293456054302,1.0047281189848685,-2.003544079220987e-05,0.0,-2.251945668385602e-06,0.00011443025464785705,-0.00018017871862507917,-0.00027727534726640357,2.278436768582328e-06,0.00034302377956230146
711,0.5461374617919186,0.546136305217218,0.001110251316976875,4.430365404808041,2.4751868628426617,1.6552131250841386,3.137924056218821,-1.0,-1.5728675838591255,0.9437655905877925,0.985577332357524,-1.3636183945588896,0.0017475161114276206,1.0050717893888756,-2.003678717210633e-05,0.0,-2.2602382534486765e-06,0.00011459956790549342,-0.00018045773879071803,-0.00027781226497070044,2.286765822190383e-06,0.0003436704040071792
712,0.5461349425014385,0.5461337846436563,0.0011108645533137395,4.430365403248995,2.475184342178522,1.6552129324834297,3.1379040181048934,-1.0,-1.5728698524408897,0.9438803601614273,0.9853965944349661,-1.3638967460575377,0.0017498112573572523,1.0054161092044296,-2.0038113927700607e-05,0.0,-2.268581764219846e-06,0.00011476957363476537,-0.00018073792255790533,-0.0002783514986481883,2.2951459296316912e-06,0.00034431981555393953
713,0.5461324139472222,0.5461312548016588,0.0011114796907772805,4.430365401694801,2.47518181224562,1.655212739329942,3.1378839786840658,-1.0,-1.5728721294175294,0.9439953004378141,0.9852155751573025,-1.3641756391215407,0.0017521148348872517,1.005761081237522,-2.0039420827622223e-05,0.0,-2.276976639681294e-06,0.00011494027638681015,-0.0001810192776635633,-0.00027889306400297187,2.3035775299994586e-06,0.00034497203309236113
714,0.546129876072202,0.546128715634128,0.0011120967389912082,4.430365400145486,2.4751792729868565,1.6552125456207174,3.1378639379764275,-1.0,-1.5728744148408522,0.9441104121185676,0.9850342733453871,-1.364455076098425,0.0017544268959547294,1.0061067083132098,-2.0040707638280253e-05,0.0,-2.285423322812008e-06,0.00011511168075351019,-0.00018130181191544636,-0.00027943697688437297,2.3120610674776543e-06,0.0003456270756878599
715,0.5461273288188133,0.5461261670834712,0.0011127157093440434,4.430365398601085,2.475176724344636,1.6552123513527712,3.137843896002309,-1.0,-1.5728767087631146,0.9442256959099372,0.9848526878121939,-1.3647350593517142,0.0017567474929459526,1.006452993275792,-2.0041974118534256e-05,0.0,-2.2939222623641342e-06,0.00011528379136960254,-0.00018158553319314041,-0.0002799832532891511,2.320596991223266e-06,0.00034628496258215513
716,0.5461247721289961,0.546123609091598,0.00111333661199242,4.430365397061634,2.475174166260867,1.6552121565230968,3.137823852782279,-1.0,-1.572879011237026,0.9443411525228482,0.9846708173627458,-1.3650155912610769,0.0017590766787011648,1.006799938988988,-2.0043220029908326e-05,0.0,-2.3024739113086667e-06,0.0001154566129110135,-0.00018187044944817377,-0.0002805319093626135,2.3291857552121265e-06,0.00034694571319593415
717,0.5461222059441837,0.5461210415999121,0.0011139594586549407,4.430365395527162,2.4751715986769502,1.6552119611286649,3.1378038083371496,-1.0,-1.5728813223157543,0.9444567826729446,0.9844886607940405,-1.365296674222478,0.0017614145065196752,1.0071475483361194,-2.0044445129485666e-05,0.0,-2.3110787283897594e-06,0.00011563015009641298,-0.00018215656870523844,-0.00028108296140105793,2.3378278185103973e-06,0.0003476093471315167
718,0.5461196302052996,0.5461184645493079,0.0011145842592209258,4.430365393997707,2.475169021533779,1.6552117651664202,3.1377837626879805,-1.0,-1.5728836420529313,0.944572587080633,0.9843062168949771,-1.3655783106483301,0.001763761030165183,1.0074958242202927,-2.0045649169020407e-05,0.0,-2.3197371770145025e-06,0.00011580440768832467,-0.0001824438990634114,-0.0002816364258522164,2.34652364550789e-06,0.00034827588417329913
719,0.5461170448527526,0.5461158778801636,0.0011152110253392473,4.430365392473299,2.4751664347717286,1.6552115686332853,3.1377637158560807,-1.0,-1.5728859705026568,0.9446885664711252,0.9841234844462807,-1.3658605029676492,0.0017661163038708674,1.007844769564585,-2.0046831899822593e-05,0.0,-2.328449725474968e-06,0.00011597939049223793,-0.00018273244869637661,-0.0002821923193190301,2.355273705684311e-06,0.00034894534429219526
720,0.5461144498264285,0.5461132815323347,0.001115839768025279,4.430365390953978,2.475163838330653,1.655211371526157,3.137743667863011,-1.0,-1.5728883077195048,0.9448047215744835,0.9839404622204272,-1.3661432536262086,0.0017684803823444387,1.0081943873122305,-2.004799306964955e-05,0.0,-2.337216848058432e-06,0.00011615510335827306,-0.00018302222585353523,-0.0002827506585594275,2.364078473571316e-06,0.00034961774764563636
721,0.5461118450656864,0.5461106754451499,0.0011164704982591222,4.430365389439773,2.475161232149879,1.655211173841908,3.137723618730588,-1.0,-1.5728906537585294,0.9449210531256644,0.9837571489815661,-1.3664265650866987,0.0017708533207740843,1.0085446804268121,-2.0049132423149985e-05,0.0,-2.346039024603286e-06,0.00011633155118095928,-0.00018331323886111583,-0.0002833114604900988,2.3729384296456747e-06,0.000350293114581568
722,0.5461092305093523,0.5461080595574043,0.0011171032271842787,4.430365387930722,2.4751586161681987,1.655210975577387,3.137703568480887,-1.0,-1.5728930086752686,0.9450375618645647,0.9835735434854431,-1.366710439828885,0.0017732351748331703,1.0088956518924521,-2.0050249700975797e-05,0.0,-2.354916739166768e-06,0.00011650873890023394,-0.00018360549612295163,-0.0002838747421862742,2.3818540590859073e-06,0.00035097146564000425
723,0.5461066060957115,0.5461054338073519,0.0011177379665043023,4.4303653864268595,2.4751559903238647,1.6552107767294153,3.137683517136245,-1.0,-1.572895372525751,0.9451542485360667,0.9833896444793218,-1.3669948803497711,0.0017756260006865359,1.0092473047140067,-2.0051344642002533e-05,0.0,-2.3638504824674555e-06,0.00011668667150199763,-0.00018389900612136856,-0.00028444052088616445,2.390825853365629e-06,0.0003516528215545822
724,0.5461039717625058,0.546102798132702,0.0011183747272897498,4.430365384928223,2.4751533545545845,1.6552105772947918,3.137663464719265,-1.0,-1.5728977453665014,0.9452711138900846,0.9832054507019036,-1.3672798891637614,0.0017780258549952737,1.0095996419172633,-2.0052416979776666e-05,0.0,-2.372840750330951e-06,0.00011686535401789211,-0.00018419377741818455,-0.0002850088139902951,2.3998543087378355e-06,0.0003523372032565586
725,0.5461013274469223,0.5461001524706117,0.001119013521368781,4.430365383434844,2.4751507087975115,1.6552103772702875,3.1376434112528173,-1.0,-1.5729001272545455,0.9453881586816119,0.9830209608832484,-1.3675654688028271,0.0017804347949230241,1.0099526665491385,-2.005346644784467e-05,0.0,-2.381888044133973e-06,0.00011704479152729874,-0.00018448981865515357,-0.00028557963906572503,2.4089399277503996e-06,0.0003530246318752539
726,0.5460986730855921,0.5460974967576792,0.0011196543601348966,4.430365381946764,2.475148052989243,1.655210176652648,3.1376233567600442,-1.0,-1.5729025182474166,0.945505383670768,0.9828361737446921,-1.3678516218166736,0.0017828528781413382,1.010306381677881,-2.005449277309168e-05,0.0,-2.3909928710263983e-06,0.00011722498915611723,-0.00018478713855629714,-0.0002861530138464907,2.418083218314092e-06,0.00035371512874249333
727,0.546096008614581,0.5460948309299384,0.0011202972555389792,4.430365380464017,2.475145387065811,1.655209975438593,3.1376033012643627,-1.0,-1.5729049184031607,0.9456227896228466,0.9826510879987654,-1.3681383507729097,0.0017852801628356224,1.010660790393274,-2.0055495681514657e-05,0.0,-2.4001557441533095e-06,0.00011740595207865301,-0.00018508574592668303,-0.00028672895623604866,2.4272846942841476e-06,0.00035440871539305085
728,0.5460933339693846,0.5460921549228515,0.0011209422190970426,4.4303653789866395,2.4751427109626745,1.6552097736248153,3.137583244789468,-1.0,-1.5729073277803434,0.9457403773083646,0.9824657023491096,-1.3684256582572196,0.001787716707711006,1.0110158958068427,-2.0056474894669662e-05,0.0,-2.4093771826549926e-06,0.00011758768551795029,-0.000185385649655867,-0.0002873074843099399,2.436544875383719e-06,0.000355105413568646
729,0.5460906490849186,0.5460894686713023,0.0011215892630791066,4.43036537751467,2.4751400246147153,1.6552095712079813,3.1375631873593366,-1.0,-1.5729097464380546,0.9458581475031103,0.9822800154903926,-1.3687135468735367,0.0017901625719984042,1.0113717010520624,-2.005743013144823e-05,0.0,-2.418657711222849e-06,0.00011777019474568107,-0.00018568685871700463,-0.00028788861631712237,2.4458642873981685e-06,0.00035580524521972023
730,0.546087953895518,0.5460867721095917,0.0011222383993196505,4.430365376048146,2.475137327956232,1.65520936818473,3.137543128998231,-1.0,-1.5729121744359154,0.945976100988194,0.9820940261082237,-1.3690020192442194,0.0017926178154605004,1.0117282092845705,-2.0058361105412814e-05,0.0,-2.4279978607655295e-06,0.0001179534850836994,-0.00018598938216884964,-0.0002884723706826353,2.455243462096135e-06,0.0003565082325081015
731,0.5460852483349242,0.5460840651714284,0.001122889640009625,4.4303653745871046,2.4751346209209313,1.6552091645516738,3.137523069730703,-1.0,-1.572914611834084,0.9460942385500978,0.981907732879067,-1.3692910780102283,0.0017950824983980422,1.0120854236823804,-2.0059267528349523e-05,0.0,-2.4373981686309776e-06,0.00011813756190381941,-0.00018629322915675317,-0.00028905876600893166,2.4646829375417866e-06,0.0003572143978098907
732,0.5460825323362816,0.5460813477899222,0.001123542997299935,4.430365373131583,2.4751319034419206,1.6552089603053963,3.137503009581594,-1.0,-1.5729170586932621,0.946212560980727,0.9817211344701544,-1.3695807258313075,0.0017975566816558256,1.0124433474460972,-2.0060149108935832e-05,0.0,-2.4468591781623417e-06,0.00011832243062925851,-0.00018659840891255275,-0.0002896478210792086,2.4741832577834365e-06,0.00035792376371679424
733,0.5460798058321291,0.5460786198975793,0.001124198483498844,4.430365371681623,2.4751291754517033,1.6552087554424542,3.1374829485760456,-1.0,-1.5729195150747008,0.9463310690774613,0.9815342295393964,-1.3698709653861658,0.0018000404266291063,1.0128019837991389,-2.0061005548299704e-05,0.0,-2.4563814386979743e-06,0.0001185080967343044,-0.00018690493075801395,-0.0002902395548582959,2.4837449732807194e-06,0.00035863635304167474
734,0.5460770687543947,0.5460758814262916,0.0011248561108738835,4.430365370237262,2.4751264368821695,1.6552085499593758,3.137462886739496,-1.0,-1.5729219810402078,0.9464497636432071,0.9813470167352935,-1.3701617993726627,0.0018025337952702828,1.013161335987956,-2.0061836549789547e-05,0.0,-2.4659655069037e-06,0.00011869456574575832,-0.00018721280410294305,-0.00029083398649687453,2.4933686411765087e-06,0.0003593521888172191
735,0.5460743210343867,0.5460731323073339,0.0011255158924408709,4.4303653687985385,2.475123687664592,1.6552083438526597,3.1374428240976866,-1.0,-1.572924456652153,0.94656864548645,0.9811594946968447,-1.370453230507994,0.0018050368500949591,1.0135214072822585,-2.006264180920425e-05,0.0,-2.4756119452185033e-06,0.00011888184324293505,-0.00018752203844873971,-0.00029143113533125486,2.5030548246763196e-06,0.0003600712943023776
736,0.5460715626027877,0.5460703724713534,0.001126177840778477,4.430365367365492,2.4751209277296145,1.6552081371187775,3.1374227606766683,-1.0,-1.5729269419734753,0.9466877154213088,0.9809716620534562,-1.370745261528881,0.0018075496541890162,1.0138822009752415,-2.0063421018345906e-05,0.0,-2.485321322298617e-06,0.00011906993485877315,-0.00018783264338850802,-0.00029203102088715127,2.5128040940570508e-06,0.0003607936929830302
737,0.546068793389646,0.5460676018483631,0.0011268419676351627,4.430365365938165,2.4751181570072482,1.6552079297541697,3.137402696502801,-1.0,-1.5729294370676898,0.9468069742675893,0.9807835174248486,-1.371037895191764,0.001810072271214907,1.014243720383817,-2.0064173867240243e-05,0.0,-2.4950942145718358e-06,0.0001192588462805011,-0.0001881446286076116,-0.0002926336628827908,2.5226170258906954e-06,0.0003615194085755391
738,0.5460660133243695,0.5460648203677358,0.0011275082870823335,4.430365364516595,2.4751153754268636,1.6552077217552492,3.13738263160276,-1.0,-1.5729319419988945,0.9469264228508388,0.9805950594209625,-1.3713311342729928,0.0018126047654188453,1.0146059688488465,-2.006490004102801e-05,0.0,-2.504931204683203e-06,0.00011944858324952623,-0.0001884580038861161,-0.0002932390812289132,2.5324942039383746e-06,0.0003622484650294133
739,0.5460632223357175,0.5460620279581938,0.0011281768115708852,4.430365363100824,2.4751125829171805,1.655207513118398,3.13736256600354,-1.0,-1.5729344568317765,0.9470460620024022,0.9804062866418634,-1.3716249815690267,0.0018151472016372176,1.0149689497353764,-2.006559921996498e-05,0.0,-2.5148328819390997e-06,0.00011963915156332217,-0.00018877277909912227,-0.0002938472960338778,2.5424362183723136e-06,0.0003629808865299733
740,0.5460604203517925,0.5460592245478033,0.0011288475542961462,4.430365361690894,2.475109779406262,1.655207303839968,3.1373424997324584,-1.0,-1.5729369816316197,0.9471658925594773,0.9802171976776456,-1.3719194398966308,0.0018176996453040043,1.0153326664328786,-2.0066271081642384e-05,0.0,-2.5247998431954244e-06,0.00011983055707509571,-0.0001890889642177651,-0.00029445832760410795,2.5524436667867523e-06,0.00036371669750212554
741,0.546057607300032,0.5460564100639665,0.0011295205286056679,4.430365360286845,2.475106964821509,1.655207093916281,3.137322432817159,-1.0,-1.5729395164643114,0.9472859153651723,0.9800277911083345,-1.3722145120930782,0.0018202621624577356,1.0156971223554911,-2.0066915299210564e-05,0.0,-2.5348326917473685e-06,0.00012002280569500812,-0.00018940656931110134,-0.0002950721964474212,2.562517153731304e-06,0.0003644559226125832
742,0.5460547831072029,0.5460535844334121,0.001130195747409113,4.430365358888719,2.4751041390896464,1.655206883343628,3.1373023652856182,-1.0,-1.57294206139635,0.9474061312685631,0.9798380655037876,-1.372510201016354,0.0018228348197484858,1.0160623209422641,-2.006753154093488e-05,0.0,-2.5449320386616847e-06,0.0001202159033908412,-0.00018972560454688647,-0.0002956889232756943,2.572657290750204e-06,0.00036519858677297456
743,0.5460519476993925,0.5460507475821904,0.0011308732243573906,4.430365357496559,2.4751013021367227,1.6552066721182683,3.1372822971661463,-1.0,-1.572944616494852,0.9475265411247515,0.9796480194235947,-1.3728065095453608,0.0018254176844455287,1.0164282656574077,-2.0068119471972068e-05,0.0,-2.5550985018885086e-06,0.00012040985618844147,-0.00019004608019290714,-0.0002963085290068612,2.582864697042806e-06,0.0003659447151436179
744,0.5460491010019984,0.5460478994356616,0.0011315529726627928,4.430365356110407,2.475098453888095,1.6552064602364305,3.1372622284873937,-1.0,-1.572947181827559,0.947647145794924,0.9794576514169766,-1.3731034405801292,0.0018280108244444085,1.016794959990543,-2.0068678752593883e-05,0.0,-2.565332707149537e-06,0.00012060467017249721,-0.00019036800661809128,-0.00029693103476846616,2.5931399988798464e-06,0.00036669433313529787
745,0.5460462429397229,0.5460450399184892,0.0011322350062767138,4.430365354730306,2.475095594268425,1.6552062476943112,3.1372421592783546,-1.0,-1.5729497574628464,0.9477679461464117,0.9792669600226827,-1.3734009970420282,0.0018306143082747908,1.0171624074569574,-2.0069209039075275e-05,0.0,-2.5756352872718935e-06,0.00012080035148764878,-0.00019069139429395143,-0.00029755646189899565,2.603483830382336e-06,0.0003674474664143723
746,0.5460433734365613,0.5460421689546312,0.001132919339103179,4.430365353356301,2.475092723201668,1.6552060344880744,3.1372220895683727,-1.0,-1.5729523434697297,0.9478889430527507,0.9790759437688865,-1.37369918187398,0.0018332282051077666,1.0175306115978613,-2.0069709981918038e-05,0.0,-2.586006883298353e-06,0.0001209969063390437,-0.00019101625379613907,-0.0002981848319518754,2.6138968329757727e-06,0.00036820414090388276
747,0.5460404924157993,0.5460392864673337,0.0011336059846069558,4.430365351988434,2.4750898406110666,1.6552058206138518,3.137202019387142,-1.0,-1.5729549399178726,0.9480101373937433,0.9788846011730817,-1.3739979980406771,0.0018358525847639352,1.0178995759806502,-2.0070181230735784e-05,0.0,-2.5964481429330277e-06,0.00012119434099255866,-0.00019134259580477764,-0.0002988161666970246,2.6243796561685982e-06,0.00036896438278888333
748,0.5460375997999967,0.546036392379118,0.0011342949569891404,4.43036535062675,2.47508694641914,1.655205606067742,3.1371819487647166,-1.0,-1.5729575468775956,0.94813153005552,0.9786929307419744,-1.374297448528802,0.0018384875177207484,1.0182693041991684,-2.0070622425372164e-05,0.0,-2.6069597229838593e-06,0.00012139266177668695,-0.00019167043110734916,-0.00029945048812485275,2.6349329568132063e-06,0.00036972821851821713
749,0.5460346955109862,0.5460334866117768,0.0011349862705977293,4.430365349271293,2.475084040547678,1.6552053908458109,3.13716187773151,-1.0,-1.5729601644198832,0.9482531219306017,0.9785009309713761,-1.37459753634725,0.0018411330751211365,1.018639799873977,-2.0071033206559008e-05,0.0,-2.617542287586261e-06,0.00012159187508176128,-0.00019199977059825013,-0.000300087818448036,2.64555740038812e-06,0.0003704956748085131
750,0.546031779469858,0.5460305690863608,0.00113567993934033,4.430365347922107,2.4750811229177287,1.6552051749440908,3.1371418063183047,-1.0,-1.5729627926163916,0.9483749139179644,0.9783086003460942,-1.3748982645273546,0.0018437893287809694,1.0190110666526249,-2.0071413205258182e-05,0.0,-2.6281965084251624e-06,0.00012179198736261831,-0.00019233062528190015,-0.00030072818010462576,2.656253659832908e-06,0.00037126677864796065
751,0.5460288515969552,0.5460276397231729,0.0011363759780529915,4.430365346579244,2.4750781934495927,1.6552049583585793,3.137121734556253,-1.0,-1.5729654315394586,0.9484969069231025,0.9781159373398215,-1.3751996361231165,0.0018464563511978772,1.0193831082099236,-2.0071762051543374e-05,0.0,-2.6389230669554564e-06,0.00012199300513815459,-0.0001926630062727419,-0.0003013715957618235,2.6670224169077737e-06,0.0003720415572987523
752,0.5460259118118627,0.5460246984417574,0.0011370744003490164,4.430365345242742,2.475075252062811,1.6552047410852395,3.137101662476883,-1.0,-1.5729680812621099,0.9486191018580944,0.9779229404150244,-1.3755016542114342,0.0018491342155589053,1.0197559282482254,-2.00720793701592e-05,0.0,-2.6497226512933736e-06,0.0001221949349918816,-0.0001929969247971286,-0.000302018088317757,2.6778643610280393e-06,0.0003728200383017466
753,0.546022960033398,0.5460217451608907,0.0011377752219400834,4.43036534391265,2.4750722986761566,1.6552045231200008,3.137081590112104,-1.0,-1.5729707418580687,0.9487414996416683,0.9777296080228289,-1.3758043218923386,0.0018518229957496068,1.0201295304977054,-2.0072364779188945e-05,0.0,-2.660595958881018e-06,0.00012239778357392428,-0.0001933323921954333,-0.00030266768090436713,2.6887801907015795e-06,0.00037360224948002063
754,0.5460199961796037,0.5460187797985738,0.0011384784565337178,4.430365342589017,2.475069333207629,1.6552043044587565,3.1370615174942116,-1.0,-1.572973413401764,0.9488641011992694,0.9775359386029061,-1.3761076422892309,0.0018545227663623975,1.0205039187166467,-2.007261789227499e-05,0.0,-2.671543695376144e-06,0.0001226015576011319,-0.00019366941992282616,-0.0003033203968922926,2.6997706127906973e-06,0.0003743882189413128
755,0.5460170201677338,0.5460158022720195,0.0011391841201273075,4.430365341271886,2.4750663555744374,1.655204085097364,3.137041444655892,-1.0,-1.5729760959683399,0.9489869074631272,0.977341930583356,-1.3764116185491224,0.001857233602704793,1.0208790966917298,-2.0072838319507014e-05,0.0,-2.6825665757623796e-06,0.0001228062638577443,-0.00019400801955016256,-0.0003039762598915363,2.710836342395464e-06,0.00037517797508312967
756,0.5460140319142489,0.5460128124976462,0.0011398922267152234,4.43036533996131,2.4750633656929977,1.655203865031647,3.1370213716302286,-1.0,-1.5729787896336627,0.949109919372324,0.9771475823805887,-1.376716253842879,0.0018599555808091238,1.0212550682383257,-2.007302566342517e-05,0.0,-2.6936653227949137e-06,0.00012301190919683513,-0.00019434820276720277,-0.00030463529375657217,2.7219781043308355e-06,0.00037597154659585463
757,0.5460110313348022,0.5460098103910641,0.001140602792188177,4.4303653386573325,2.475060363478917,1.6552036442573894,3.1370012984507034,-1.0,-1.572981494474332,0.9492331378728651,0.9769528923992067,-1.3770215513654671,0.0018626887774409672,1.0216318372007922,-2.007317952523735e-05,0.0,-2.704840669442987e-06,0.00012321850054108907,-0.00019468998138205684,-0.0003052975225881216,2.733196631843392e-06,0.0003767689624665227
758,0.5460080183442324,0.5460067958670691,0.001141315831603277,4.430365337360005,2.475057348846988,1.655203422770341,3.136981225151207,-1.0,-1.5729842105676888,0.9493565639177483,0.9767578590318818,-1.3773275143362047,0.0018654332701081233,1.0220094074527755,-2.007329949638148e-05,0.0,-2.7160933566694467e-06,0.0001234260448831348,-0.00019503336732484833,-0.0003059629707375944,2.74449266715604e-06,0.00037757025198326133
759,0.5460049928565526,0.5460037688396309,0.0011420313605473038,4.430365336069373,2.4750543217111773,1.655203200566213,3.136961151766041,-1.0,-1.5729869379918242,0.9494801984670351,0.9765624806592343,-1.3776341459990138,0.001868189137070446,1.0223877828975139,-2.0073385166075042e-05,0.0,-2.727424135429146e-06,0.00012363454928687734,-0.00019537837264749225,-0.00030663166280908705,2.755866962322797e-06,0.0003783754447383991
760,0.5460019547849378,0.5460007292218809,0.0011427493937745665,4.430365334785494,2.475051281984614,1.6552029776406791,3.1369410783299245,-1.0,-1.5729896768255902,0.9496040424879242,0.976366755649708,-1.3779414496226778,0.00187095645734882,1.022766967468147,-2.0073436116430088e-05,0.0,-2.738833766002813e-06,0.00012384402088905233,-0.00019572500952635963,-0.00030730362366404584,2.767320278374008e-06,0.0003791845706331287
761,0.5459989040417191,0.5459976769261058,0.0011434699479277758,4.430365333508407,2.4750482295795817,1.6552027539893757,3.1369210048779976,-1.0,-1.5729924271486078,0.9497280969548229,0.9761706823594447,-1.3782494285011015,0.0018737353107347574,1.0231469651280287,-2.0073451926894137e-05,0.0,-2.750323017552958e-06,0.00012405446689867095,-0.0001960732902632767,-0.0003079788784237092,2.7788533859373753e-06,0.0003799976598817256
762,0.5459958405383685,0.5459946118637325,0.001144193038620818,4.430365332238169,2.475045164407504,1.6552025296078994,3.136900931445832,-1.0,-1.5729951890412772,0.9498523628494223,0.9759742591321562,-1.3785580859535747,0.001876525777800113,1.0235277798710438,-2.0073432165812477e-05,0.0,-2.761892669456145e-06,0.00012426589459946236,-0.00019642322728852246,-0.0003086574524731045,2.7904670653554862e-06,0.000380814743015101
763,0.5459927641854904,0.5459915339453211,0.0011449186817992243,4.4303653309748325,2.475042086378938,1.6552023044918092,3.1368808580694307,-1.0,-1.5729979625847885,0.949976841160772,0.975777484298996,-1.3788674253250388,0.0018793279399067983,1.0239094157219293,-2.0073376401086307e-05,0.0,-2.7735435113029894e-06,0.0001244783113496517,-0.00019677483316016264,-0.0003093393714641568,2.8021621066853797e-06,0.0003816358508854645
764,0.5459896748928099,0.5459884430805508,0.0011456468933511359,4.430365329718445,2.475038995403559,1.6552020786366233,3.1368607847852363,-1.0,-1.5730007478611303,0.9501015328853558,0.9755803561784284,-1.3791774499863585,0.0018821418792171183,1.0242918767365994,-2.0073284194399577e-05,0.0,-2.7852763417879345e-06,0.00012469172458384747,-0.00019712812056760232,-0.00031002466131968553,2.8139393103200107e-06,0.0003824610146700991
765,0.5459865725691633,0.5459853391782113,0.0011463776900755944,4.43036532846906,2.4750358913901556,1.6552018520378209,3.1368407116301382,-1.0,-1.5730035449531006,0.9502264390271696,0.9753828730760953,-1.379488163334595,0.0018849676787036015,1.024675167002476,-2.0073155098110362e-05,0.0,-2.7970919702635655e-06,0.00012490614181381865,-0.00019748310233314026,-0.0003107133482365132,2.825799486483229e-06,0.00038329026587669013
766,0.5459834571224836,0.5459822221461902,0.001147111088130724,4.430365327226729,2.47503277424661,1.6552016246908405,3.136820638641476,-1.0,-1.5730063539443164,0.9503515605977987,0.9751850332846822,-1.3797995687932847,0.0018878054221593374,1.025059290638823,-2.0072988662356295e-05,0.0,-2.80899121585243e-06,0.00012512157062904983,-0.00019783979141307917,-0.00031140545868968417,2.837743455735885e-06,0.00038412363634687807
767,0.5459803284597919,0.5459790918914611,0.001147847104002629,4.430365325991508,2.475029643879894,1.6552013965910801,3.1368005658570484,-1.0,-1.5730091749192257,0.9504768986164973,0.9749868350837823,-1.3801116698127203,0.0018906551942085446,1.0254442517970834,-2.007278442750504e-05,0.0,-2.820974909223395e-06,0.0001253380186986286,-0.0001981982008999461,-0.00031210101943557333,2.8497720492071978e-06,0.0003849611582604773
768,0.5459771864871843,0.5459759483200731,0.0011485857546972924,4.4303653247634465,2.475026500196053,1.6552011677338954,3.136780493315116,-1.0,-1.5730120079631162,0.9506024541102682,0.9747882767397583,-1.3804244698702368,0.0018935170803171019,1.0258300546612251,-2.0072541932147914e-05,0.0,-2.8330438905932454e-06,0.00012555549377091246,-0.0001985583440239358,-0.00031280005751654905,2.8618861085572423e-06,0.0003858028641416933
769,0.5459740311098206,0.5459727913371377,0.0011493270567725451,4.430365323542601,2.475023343100195,1.6552009381146018,3.1367604210544107,-1.0,-1.573014853162128,0.9507282281139445,0.974589356505603,-1.380737972470501,0.0018963911668033505,1.0262167034480871,-2.007226070555035e-05,0.0,-2.845199011725086e-06,0.00012577400367630442,-0.0001989202341553531,-0.0003135026002640817,2.8740864862486504e-06,0.00038664878686200943
770,0.5459708622319116,0.5459696208468175,0.001150071027497548,4.430365322329028,2.47502017249648,1.6552007077284714,3.1367403491141395,-1.0,-1.5730177106032623,0.950854221670272,0.974390072620797,-1.381052181145804,0.0018992775408492467,1.0266042024077322,-2.0071940271204625e-05,0.0,-2.857441134374028e-06,0.000125993556327475,-0.00019928388480594528,-0.00031420867530318475,2.8863740458961572e-06,0.00038749895964507175
771,0.5459676797567088,0.5459664367523156,0.0011508176840783202,4.430365321122777,2.4750169882881075,1.6552004765707329,3.136720277533991,-1.0,-1.5730205803743944,0.9509804358299917,0.974190423311166,-1.3813670994563598,0.001902176290511047,1.0269925558238056,-2.0071580148606216e-05,0.0,-2.8697711320635477e-06,0.0001262141597196953,-0.00019964930963101146,-0.00031491831055574515,2.898749661800395e-06,0.0003883534160733504
772,0.5459644835864891,0.5459632389558586,0.001151567043850363,4.430365319923907,2.4750137903773,1.6552002446365734,3.1367002063541447,-1.0,-1.573023462564284,0.9511068716519253,0.9739904067887344,-1.381682730990605,0.001905087504731161,1.027381768013896,-2.0071179846148368e-05,0.0,-2.8821898896413956e-06,0.00012643582193361258,-0.00020001652243162305,-0.00031563153424518653,2.9112142201138426e-06,0.00038921219009036
773,0.5459612736225439,0.5459600273586894,0.0011523191242778354,4.430365318732474,2.475010578665298,1.655200011921135,3.136680135615276,-1.0,-1.5730263572625878,0.9512335302030605,0.9737900212515781,-1.3819990793655055,0.0019080112733491459,1.0277718433299037,-2.007073886867161e-05,0.0,-2.894698303723686e-06,0.00012665855113513924,-0.00020038553715628904,-0.00031634837490046586,2.9237686179849585e-06,0.00039007531600776524
774,0.5459580497651659,0.5459568018610497,0.001153073943145292,4.430365317548535,2.4750073530523395,1.655199778419515,3.136660065358562,-1.0,-1.5730292645598696,0.9513604125586378,0.9735892648836753,-1.382316148226866,0.0019109476871136775,1.0281627861584126,-2.007025671391105e-05,0.0,-2.90729728180672e-06,0.00012688235557734018,-0.00020075636790284346,-0.0003170688613605144,2.9364137645315758e-06,0.00039094282850893336
775,0.5459548119136364,0.5459535623621705,0.001153831518556219,4.430365316372148,2.4750041134376524,1.655199544126767,3.136639995625688,-1.0,-1.573032184547613,0.9514875198022383,0.9733881358547549,-1.3826339412496438,0.0019138968376942443,1.028554600921068,-2.0069732874272717e-05,0.0,-2.919987743377206e-06,0.00012710724360054382,-0.00020112902892033269,-0.0003177930227777903,2.949150580566816e-06,0.00039181476265537363
776,0.5459515599662129,0.5459503087602571,0.0011545918681623022,4.430365315203369,2.4750008597194375,1.6551993090378985,3.1366199264588563,-1.0,-1.5730351173182338,0.9516148530258735,0.9731866323201427,-1.3829524621382667,0.0019168588176935052,1.028947292074959,-2.0069166831504504e-05,0.0,-2.93277062080044e-06,0.00012733322363511768,-0.00020150353461223514,-0.0003185208886229418,2.9619799992608876e-06,0.0003926911538909561
777,0.5459482938201121,0.5459470409524755,0.0011553550103176114,4.430365314042261,2.4749975917948577,1.655199073147871,3.1365998579007943,-1.0,-1.5730380629650917,0.9517424133300749,0.9729847524206054,-1.3832717146269566,0.001919833720659102,1.0293408641130062,-2.0068558062025232e-05,0.0,-2.945646857988038e-06,0.00012756030420146836,-0.0002018798995372384,-0.00031925248868991396,2.974902965596814e-06,0.0003935720380472407
778,0.5459450133715015,0.5459437588349397,0.0011561209634996673,4.430365312888876,2.4749943095600244,1.6551988364515997,3.136579789994755,-1.0,-1.5730410215825024,0.9518702018239863,0.972782494282194,-1.383591702480056,0.0019228216410962493,1.0297353215643559,-2.00679060391451e-05,0.0,-2.958617410619979e-06,0.0001277884939113738,-0.00020225813841145968,-0.00031998785309927946,2.9879204371473754e-06,0.00039445745134969457
779,0.5459417185154813,0.545940462302698,0.0011568897457327901,4.430365311743277,2.474991012909981,1.6551985989439526,3.1365597227845337,-1.0,-1.5730439932657507,0.9519982196254564,0.9725798560160819,-1.3839124294923597,0.0019258226744805194,1.0301306689947782,-2.006721022151936e-05,0.0,-2.9716832483650535e-06,0.00012801780147009278,-0.00020263826611210956,-0.00032072701230378975,3.0010333842700465e-06,0.00039534743042235476
780,0.545938409146072,0.5459371512497166,0.0011576613765072051,4.430365310605525,2.4749877017386908,1.6551983606197496,3.1365396563144694,-1.0,-1.5730469781111038,0.9521264678611333,0.9723768357184038,-1.3842338994894514,0.0019288369172705475,1.0305269110070723,-2.0066470064250552e-05,0.0,-2.984845353104504e-06,0.0001282482356769199,-0.00020302029767804708,-0.00032146999709170565,3.0142427900280676e-06,0.00039624201229404576
781,0.5459350851561995,0.5459338255688684,0.001158435874473585,4.430365309475682,2.474984375939022,1.655198121473763,3.1365195906294527,-1.0,-1.5730499762158234,0.9522549476665593,0.9721734314700916,-1.3845561163280447,0.0019318644669210892,1.0309240522414758,-2.0065685016668056e-05,0.0,-2.9981047195981603e-06,0.00012847980542596282,-0.00020340424831222226,-0.0003222168385932367,3.0275496505417256e-06,0.00039714123440348637
782,0.545931746437682,0.545930485151916,0.0011592132584031234,4.430365308353804,2.4749810354027355,1.6551978815007165,3.136499525774935,-1.0,-1.5730529876781794,0.9523836601862682,0.9719696413367064,-1.3848790838963292,0.00193490542189627,1.0313220973760806,-2.00648545178872e-05,0.0,-3.011462355928529e-06,0.00012871251970891784,-0.00020379013338522878,-0.0003229675682845379,3.0409549751809085e-06,0.0003980451346048408
783,0.5459283928812126,0.5459271298894981,0.001159993548143761,4.43036530723996,2.4749776800204644,1.6551976406952824,3.136479461796937,-1.0,-1.5730560125974633,0.9525126065738843,0.9717654633682699,-1.3852028061143211,0.0019379598816829534,1.031721051127255,-2.0063977997697435e-05,0.0,-3.0249192839448824e-06,0.00012894638761606902,-0.00020417796843652525,-0.0003237222179919286,3.0544597866832834e-06,0.00039895375117438014
784,0.5459250243763474,0.5459237596711148,0.0011607767623206086,4.430365306134209,2.4749743096817056,1.6551973990520856,3.1364593987420535,-1.0,-1.5730590510740021,0.9526417879922198,0.9715608955990934,-1.3855272869342186,0.0019410279468048063,1.0321209182500715,-2.0063054883667775e-05,0.0,-3.038476538819168e-06,0.0001291814183355111,-0.0002045677691764336,-0.0003244808198974436,3.0680651218529566e-06,0.0003998671228164774
785,0.5459216408114868,0.5459203743851107,0.0011615629212069908,4.430365305036614,2.4749709242748006,1.6551971565656989,3.1364393366574634,-1.0,-1.5730621032091716,0.9527712056133776,0.9713559360476035,-1.3858525303407634,0.0019441097188357447,1.03252170353874,-2.006208459004455e-05,0.0,-3.0521351694901e-06,0.0001294176211578124,-0.00020495955148991385,-0.0003252434065448284,3.0817720309383578e-06,0.0004007852886684926
786,0.5459182420738627,0.5459169739186605,0.0011623520446170453,4.43036530394724,2.474967523686919,1.6551969132306428,3.136419275590939,-1.0,-1.5730651691054114,0.9529008606188528,0.9711505827161653,-1.3861785403516058,0.001947205300414544,1.0329234118270485,-2.0061066524412752e-05,0.0,-3.0658962397733802e-06,0.00012965500547523767,-0.00020535333143822943,-0.00032601001084242576,3.095581578799276e-06,0.0004017082883085443
787,0.5459148280495235,0.5459135581577549,0.0011631441522885724,4.430365302866153,2.4749641078040483,1.655196669041388,3.136399215590851,-1.0,-1.5730682488662384,0.9530307541996366,0.9709448335909042,-1.3865053210176763,0.0019503147952587107,1.0333260479888087,-2.006000008814013e-05,0.0,-3.079760827029432e-06,0.00012989358078374647,-0.0002057491252610566,-0.00032678066607050305,3.1094948441667825e-06,0.0004026361617601726
788,0.5459113986233115,0.545910126987179,0.0011639392646458698,4.430365301793416,2.47496067651097,1.655196423992352,3.1363791567061803,-1.0,-1.5730713425962621,0.9531608875563213,0.9707386866415243,-1.386832876423562,0.001953438308179599,1.0337296169383086,-2.0058884670604016e-05,0.0,-3.0937300237177112e-06,0.00013013335668476955,-0.00020614694937992617,-0.0003275554058856933,3.1235129208883293e-06,0.0004035689494998884
789,0.5459079536788569,0.5459066802905032,0.0011647374022249548,4.430365300729096,2.47495722969125,1.6551961780778974,3.136359098986525,-1.0,-1.5730744504011995,0.953291261899208,0.9705321398211243,-1.3871612106878881,0.00195657594509706,1.0341341236307717,-2.005771965540859e-05,0.0,-3.1078049373967076e-06,0.00013037434288665217,-0.00020654682039999983,-0.00032833426432610224,3.137636917460891e-06,0.00040450669246316906
790,0.5459044930985514,0.5459032179500611,0.001165538585482144,4.4303652996732605,2.474953767227218,1.6551959312923348,3.136339042482109,-1.0,-1.5730775723878891,0.9534218784484132,0.9703251910660111,-1.3874903279637059,0.0019597278130543618,1.034539573062823,-2.0056504415943976e-05,0.0,-3.1219866896137205e-06,0.00013061654920520915,-0.00020694875511317878,-0.0003291172758177474,3.1518679573017995e-06,0.0004054494320513413
791,0.5459010167635373,0.5458997398469346,0.0011663428351745466,4.430365298625978,2.4749502889999513,1.6551956836299186,3.1363189872437904,-1.0,-1.573080708664308,0.9535527384339797,0.9701178382955107,-1.3878202324388846,0.001962894020233851,1.0349459702729615,-2.0055238318494872e-05,0.0,-3.1362764187914394e-06,0.00013085998556650047,-0.0002073527705004352,-0.0003299044751787772,3.1662071794890355e-06,0.00040639721013846497
792,0.545897524553689,0.5458962458609373,0.0011671501723584904,4.430365297587312,2.4749467948892603,1.6551954350848503,3.1362989333230713,-1.0,-1.5730838593395855,0.9536838430959874,0.9699100794117758,-1.3881509283365112,0.001966074675972417,1.0353533203420386,-2.0053920719131924e-05,0.0,-3.1506752775634084e-06,0.00013110466200771942,-0.0002077588837349209,-0.00033069589762657614,3.180655738566074e-06,0.0004073500690771059
793,0.545894016347595,0.5458927358705968,0.0011679606180077084,4.430365296557335,2.4749432847736683,1.6551951856512725,3.1362788807721076,-1.0,-1.573087024524021,0.9538151936846672,0.969701912299591,-1.388482419915294,0.00196926989077758,1.0357616283937447,-2.0052550963711724e-05,0.0,-3.1651844354385616e-06,0.00013135058867974614,-0.00020816711218474282,-0.00033149157878287205,3.195214805162914e-06,0.00040830805170610773
794,0.5458904920225395,0.5458892097531355,0.0011687741945329156,4.430365295536116,2.4749397585303927,1.6551949353232733,3.136258829643718,-1.0,-1.5730902043290986,0.9539467914605139,0.9694933348261758,-1.3888147114699732,0.001972479776343266,1.0361708995951036,-2.0051128389653172e-05,0.0,-3.1798050776910003e-06,0.0001315977758467035,-0.0002085774734151835,-0.000332291554679065,3.209885565685997e-06,0.00040927120135880735
795,0.5458869514544858,0.545885667384454,0.0011695909227386623,4.430365294523724,2.4749362160353305,1.6551946840948824,3.1362387799913916,-1.0,-1.573093398867504,0.9540786376944038,0.9692843448409839,-1.3891478073317371,0.001975704445566633,1.0365811391569708,-2.0049652326381562e-05,0.0,-3.1945384053599923e-06,0.00013184623388995398,-0.0002089899851919208,-0.00033309586176399897,3.2246692233672825e-06,0.00041023956186725385
796,0.5458833945180572,0.5458821086391126,0.0011704108244843699,4.430365293520232,2.4749326571630386,1.6551944319600704,3.136218731869299,-1.0,-1.5730966082531415,0.9542107336677121,0.9690749401754999,-1.389481711868645,0.00197894401256447,1.0369923523345437,-2.0048122092664045e-05,0.0,-3.209385637470419e-06,0.00013209597330832157,-0.00020940466548402537,-0.0003339045369079585,3.239566997837069e-06,0.0004112131775728667
797,0.5458798210865189,0.5458785333903128,0.0011712339223008993,4.4303652925257095,2.474929081786712,1.6551941789127516,3.1361986853323023,-1.0,-1.573099832601151,0.954343080672432,0.9688651186430328,-1.389816429486055,0.0019821985926902924,1.0374045444278754,-2.0046536996609632e-05,0.0,-3.2243480094784616e-06,0.00013234700471986827,-0.00020982153246706936,-0.0003347176174099964,3.254580125822224e-06,0.00041219209333176465
798,0.5458762310317582,0.5458749415098773,0.0011720602382509012,4.430365291540232,2.4749254897781707,1.655193924946778,3.1361786404359653,-1.0,-1.5731030720279242,0.9544756800112966,0.968654878038507,-1.3901519646270595,0.0019854683025517512,1.0378177207823982,-2.004489633700146e-05,0.0,-3.239426773271603e-06,0.00013259933886455855,-0.00021024060452579096,-0.00033553514100437276,3.269709861458865e-06,0.0004131763545227596
799,0.5458726242242661,0.5458713328682313,0.0011728897950657401,4.430365290563872,2.4749218810078357,1.6551936700559433,3.1361585972365624,-1.0,-1.573106326651124,0.9546085329979017,0.9684442161382498,-1.390488321772926,0.001988753260027925,1.038231886789454,-2.0043199402852707e-05,0.0,-3.254623199833162e-06,0.00013285298660514755,-0.000210661900257203,-0.0003363571458665504,3.2849574761739664e-06,0.000414166007055794
800,0.5458690005331155,0.5458677073343827,0.0011737226151966168,4.4303652895967,2.474918255344709,1.6551934142339775,3.1361385557910886,-1.0,-1.5731095965897008,0.9547416409568312,0.9682331306997762,-1.3908255054435459,0.001992053584287467,1.038647047886833,-2.0041445473850672e-05,0.0,-3.2699385767998024e-06,0.00013310795892951255,-0.00021108543847359051,-0.0003371836706198561,3.300324259541878e-06,0.0004151610973790465
801,0.545865359825946,0.5458640647759041,0.0011745587221382513,4.430365288638795,2.4749146126563595,1.655193157474551,3.1361185161572718,-1.0,-1.5731128819639109,0.9548750052237827,0.9680216194615695,-1.3911635201978882,0.0019953693958066725,1.0390632095593206,-2.003963381680407e-05,0.0,-3.2853742100158456e-06,0.0001333642669514301,-0.00021151123820672968,-0.00033801475434236394,3.315811519205396e-06,0.0004161616724875916
802,0.5458617019689382,0.5458604050589082,0.0011753981389132505,4.430365287690231,2.4749109528088957,1.6551928997712706,3.136098478393583,-1.0,-1.5731161828953355,0.9550086271456971,0.9678096801428602,-1.3915023706344616,0.00199870081638786,1.0394803773392514,-2.0037763688751653e-05,0.0,-3.300931424643494e-06,0.00013362192191446187,-0.00021193931870933103,-0.0003388504365733347,3.331420581187579e-06,0.0004171677799307272
803,0.5458580268267957,0.5458567280480306,0.0011762408886394646,4.430365286751083,2.474907275666948,1.655192641117678,3.136078442559246,-1.0,-1.5731194995068998,0.955142508080889,0.9675973104434002,-1.3918420613917823,0.002002047969178449,1.0398985568070724,-2.003583433696221e-05,0.0,-3.316611564274652e-06,0.00013388093519184352,-0.00021236969945992445,-0.00033969075732076526,3.347152790589107e-06,0.0004181794678210782
804,0.5458543342627241,0.5458530336064085,0.001177086995283552,4.430365285821433,2.474903581093649,1.6551923815072531,3.136058408714249,-1.0,-1.5731228319228912,0.955276649399178,0.9673845080432347,-1.3921825971488493,0.002005410978689847,1.0403177535919153,-2.0033844997158212e-05,0.0,-3.332415991375015e-06,0.0001341413182890383,-0.00021280240016552376,-0.00034053575706693984,3.3630095113978964e-06,0.0004191967848428124
805,0.5458506241384078,0.5458493215956569,0.001177936483091753,4.430365284901356,2.4748998689506094,1.6551921209334086,3.136038376919355,-1.0,-1.5731261802689789,0.9554110524820246,0.9671712706024702,-1.3925239826256275,0.002008789970817148,1.0407379733721753,-2.0031794893959898e-05,0.0,-3.34834608772816e-06,0.0001344030828466236,-0.00021323744076451323,-0.00034138547677819986,3.3789921273009484e-06,0.0004202197802600782
806,0.545846896313994,0.5458455918758512,0.0011787893758347268,4.43036528399093,2.4748961390978996,1.655191859389491,3.1360183472361145,-1.0,-1.5731295446722346,0.9555457187226655,0.9669575957610386,-1.392866222583537,0.002012185072858796,1.0411592218761012,-2.0029683240441187e-05,0.0,-3.3644032557678116e-06,0.0001346662406408461,-0.00021367484143164361,-0.00034223995790960693,3.3951020416479218e-06,0.0004212485039258862
807,0.5458431506480607,0.5458418443054998,0.0011796456983144189,4.430365283090235,2.4748923913940226,1.6551915968687811,3.1359983197268773,-1.0,-1.5731329252611517,0.9556806495262522,0.9667434811384583,-1.3932093218259503,0.002015596413536713,1.0415815048823922,-2.0027509237241503e-05,0.0,-3.3805889170235304e-06,0.00013493080358673026,-0.0002141146225802526,-0.0003430992424131585,3.4113406779169055e-06,0.000422283006290991
808,0.545839386997602,0.545838078741524,0.0011805054752310618,4.430365282199355,2.474888625695896,1.65519133336449,3.1359782944548042,-1.0,-1.5731363221656662,0.9558158463099923,0.9665289243335922,-1.3935532851986971,0.0020190241230170487,1.0420048282208056,-2.002527207300986e-05,0.0,-3.3969045145632037e-06,0.00013519678374007693,-0.00021455680486615059,-0.0003439633727468916,3.427709480335883e-06,0.0004233233384134394
809,0.5458356052180054,0.5458342950392384,0.0011813687313707785,4.430365281318367,2.4748848418588283,1.6551910688697613,3.135958271483876,-1.0,-1.5731397355171772,0.9559513105032903,0.9663139229244009,-1.3938981175905774,0.0020224683329308152,1.0424291977727727,-2.0022970928401662e-05,0.0,-3.4133515109946444e-06,0.0001354641932980183,-0.0002150014091912844,-0.0003448323918802121,3.444209913766507e-06,0.00042436955196700765
810,0.5458318051630214,0.5458304930523198,0.0011822354919801786,4.430365280447357,2.474881039736492,1.6551908033776683,3.1359382508789095,-1.0,-1.5731431654485692,0.9560870435478944,0.9660984744676927,-1.3942438239338806,0.0020259291763952965,1.042854619472024,-2.0020604966308753e-05,0.0,-3.429931392018304e-06,0.00013573304460412494,-0.00021544845670817825,-0.00034570634330322036,3.4608434644812537e-06,0.00042542169925141593
811,0.5458279866847476,0.5458266726327916,0.001183105782388575,4.43036527958641,2.4748772191809056,1.6551905368812143,3.135918232705569,-1.0,-1.5731466120942326,0.956223046898042,0.9658825764988702,-1.3945904092049155,0.0020294067880356143,1.0432810993052255,-2.0018173340741185e-05,0.0,-3.446645663318648e-06,0.00013600335014762877,-0.00021589796882248713,-0.0003465852710349271,3.4776116403178146e-06,0.0004264798332014319
812,0.5458241496335989,0.5458228336309937,0.0011839796289446322,4.430365278735604,2.4748733800424034,1.655190269373329,3.1358982170303764,-1.0,-1.573150075590086,0.9563593220206098,0.9656662265316723,-1.3949378784245456,0.002032901304006801,1.0437086433126224,-2.001567519238634e-05,0.0,-3.4634958534507376e-06,0.00013627512256775276,-0.0002163499671978819,-0.00034746921963013655,3.494515971186503e-06,0.0004275440073968628
813,0.5458202938582868,0.545818975895561,0.0011848570569504128,4.4303652778950315,2.474869522169615,1.6551900008468712,3.1358782039207287,-1.0,-1.573153556073599,0.9564958703952641,0.9654494220579124,-1.3952862366587344,0.0020364128620161013,1.044137257588695,-2.001310964772074e-05,0.0,-3.4804835129520484e-06,0.00013654837465426617,-0.00021680447375993506,-0.00034835823418877254,3.5115580093005375e-06,0.00042861427607254754
814,0.5458164192057919,0.5458150992733976,0.001185738093286152,4.430365277064772,2.47486564540944,1.6551897312946267,3.135858193444906,-1.0,-1.5731570536838142,0.9566326935146154,0.9652321605472131,-1.3956354890190983,0.0020399416013459014,1.0445669482828235,-2.0010475822562768e-05,0.0,-3.497610215230651e-06,0.00013682311935137026,-0.0002172615106993403,-0.00034925236036387197,3.5287393298001103e-06,0.00042969069412857053
815,0.5458125255213397,0.5458112036096503,0.0011866227643452536,4.430365276244918,2.4748617496070198,1.6551894607093047,3.13583818567209,-1.0,-1.5731605685613714,0.956769792884375,0.965014439446736,-1.3959856406634688,0.0020434876628770025,1.044997721599964,-2.0007772816299507e-05,0.0,-3.514877557231344e-06,0.0001370993697595857,-0.00021772110047701965,-0.00035015164437046664,3.5460615311010656e-06,0.00043077331714047595
816,0.5458086126483735,0.5458072887476841,0.001187511096783222,4.430365275435553,2.4748578346057144,1.6551891890835402,3.1358181806723717,-1.0,-1.5731641008485306,0.9569071700235121,0.9647962561809086,-1.396336696796463,0.002047051189112131,1.045429583801334,-2.000499971810399e-05,0.0,-3.5322871592136096e-06,0.00013737713913708482,-0.00021818326582745406,-0.000351056132994243,3.5635262351286535e-06,0.00043186220137014786
817,0.5458046804285287,0.5458033545290553,0.0011884031180763998,4.43036527463677,2.4748539002470733,1.655188916409891,3.1357981785167723,-1.0,-1.573167650689196,0.957044826464416,0.9645776081511449,-1.3966886626700634,0.002050632324199952,1.0458625412051095,-2.0002155599385674e-05,0.0,-3.5498406654177472e-06,0.0001376564409039105,-0.00021864802976367947,-0.00035196587360042386,3.5811350878210343e-06,0.0004329574037753581
818,0.5458007287016071,0.5457994007934835,0.00118929885558454,4.430365273848657,2.474849946370812,1.6551886426808373,3.1357781792772497,-1.0,-1.5731712182289412,0.9571827637530588,0.9643584927355641,-1.3970415435842065,0.0020542312139598226,1.0462966001871326,-1.999923952267224e-05,0.0,-3.5675397451750968e-06,0.00013793728864275323,-0.00021911541558083947,-0.0003528809141430944,3.5988897598704384e-06,0.0004340589820230889
819,0.5457967573055462,0.5457954273788262,0.001190198336923515,4.430365273071309,2.474845972814782,1.6551883678887809,3.135758183026719,-1.0,-1.573174803615033,0.9573209834491617,0.9641389072887026,-1.3973953448873806,0.0020578480059065037,1.0467317671816305,-1.9996250530507353e-05,0.0,-3.5853860917978153e-06,0.00013821969610294804,-0.00021958544686151438,-0.00035380130317408387,3.6167919466810992e-06,0.0004351669944979708
820,0.5457927660763939,0.5457914341210479,0.0011911015905227472,4.430365272304812,2.4748419794149425,1.6551880920260436,3.1357381898390626,-1.0,-1.5731784069964578,0.9574594871263634,0.9639188491412235,-1.3977500719772336,0.0020614828492757694,1.0471680486819464,-1.999318765655289e-05,0.0,-3.6033814247993234e-06,0.00013850367720169565,-0.00022005814747905195,-0.00035472708985295753,3.6348433692656723e-06,0.00043628150031582713
821,0.5457887548482812,0.5457874208541965,0.0011920086441310216,4.430365271549264,2.4748379660053352,1.6551878150848656,3.135718199789148,-1.0,-1.573182028523947,0.957598276372392,0.9636983155996199,-1.39810573030119,0.002065135895050207,1.0476054512412802,-1.999004991448672e-05,0.0,-3.6215274892281712e-06,0.00013878924602861442,-0.00022053354160356253,-0.00035565832395634267,3.653045774437789e-06,0.00043740255933388816
822,0.5457847234533872,0.5457833874103669,0.0011929195270518071,4.430365270804757,2.4748339324180497,1.655187537057406,3.135698212952842,-1.0,-1.5731856683500038,0.9577373527892379,0.9634773039459145,-1.3984623253570772,0.002068807295985564,1.0480439814734435,-1.998683630599629e-05,0.0,-3.6398260567782614e-06,0.00013907641684585137,-0.00022101165370547182,-0.0003565950558872544,3.671400935356759e-06,0.0004385302321632256
823,0.5457806717219189,0.5457793336196806,0.0011938342679045004,4.430365270071388,2.4748298784832024,1.6551872579357396,3.135678229407025,-1.0,-1.5731893266289292,0.9578767179933309,0.963255811437354,-1.3988198626937638,0.0020724972066376354,1.0484836460536249,-1.9983545817225945e-05,0.0,-3.65827892534476e-06,0.00013936520409296715,-0.00022149250856051683,-0.0003575373366866419,3.6899106520714084e-06,0.0004396645801814092
824,0.5457765994820731,0.5457752593102475,0.0011947528957412118,4.430365269349251,2.474825804028896,1.6551869777118586,3.135658249229609,-1.0,-1.5731930035168502,0.9580163736157196,0.9630338353060985,-1.3991783479118054,0.002076205783389545,1.0489244517191678,-1.9980177416112355e-05,0.0,-3.676887921022498e-06,0.00013965562238871243,-0.00022197613125540805,-0.00035848521804160427,3.7085767519095224e-06,0.00044080566554294265
825,0.5457725065600094,0.5457711643081402,0.0011956754404155816,4.430365268638446,2.474821708881198,1.6551866963776678,3.1356382724995506,-1.0,-1.573196699171747,0.958156321302254,0.9628113727589073,-1.3995377866641034,0.0020799331844797205,1.049366405270361,-1.99767300581577e-05,0.0,-3.6956548967737035e-06,0.00013994768653446954,-0.00022246254719127112,-0.0003594387522980469,3.7274010901756395e-06,0.00044195355119325264
826,0.5457683927798191,0.5457670484373616,0.0011966019320220427,4.43036526793907,2.474817592864105,1.6551864139249859,3.1356182992968704,-1.0,-1.573200413753482,0.9582965627137705,0.9625884209768172,-1.3998981846565723,0.0020836795700301053,1.0498095135712429,-1.997320268021241e-05,0.0,-3.714581735092537e-06,0.00014024141151647296,-0.00022295178209008615,-0.00036039799246889714,3.746385550384805e-06,0.0004431083008817893
827,0.5457642579634931,0.5457629115198125,0.0011975324010793224,4.430365267251225,2.474813455799513,1.655186130345544,3.135598329702667,-1.0,-1.573204147423828,0.9584370995262794,0.9623649771148178,-1.400259547648819,0.0020874451020751854,1.0502537835504167,-1.9969594203583796e-05,0.0,-3.73367034600669e-06,0.00014053681250891792,-0.00022344386199935062,-0.00036136299224676094,3.7655320450800597e-06,0.00044426997917379474
828,0.5457601019308875,0.5457587533752589,0.001198466877045603,4.43036526657501,2.4748092975071803,1.6551858456309836,3.135578363799134,-1.0,-1.573207900346498,0.9585779334311569,0.962141038301521,-1.4006218814548337,0.002091229944591521,1.050699222201881,-1.9965903532703777e-05,0.0,-3.752922669963965e-06,0.00014083390487751313,-0.0002239388132968534,-0.00036233380601458087,3.784842516335509e-06,0.0004454386514642916
829,0.5457559244996949,0.5457545738213018,0.0011994053918391043,4.4303652659105275,2.474805117804702,1.6551855597728553,3.1355584016695794,-1.0,-1.5732116726871752,0.958719066135339,0.9619166016388242,-1.4009851919436895,0.0020950342635274338,1.0511458365858724,-1.9962129554684793e-05,0.0,-3.7723406771661416e-06,0.00014113270418203427,-0.00022443666269678086,-0.00036331048885585027,3.804318935912883e-06,0.00044661438399140607
830,0.5457517254854066,0.5457503726733394,0.0012003479763127505,4.4303652652578815,2.4748009165074705,1.655185272762619,3.1355384433984415,-1.0,-1.5732154646135437,0.9588604993615188,0.9616916642015695,-1.401349485040257,0.002098858226833977,1.0515936338297225,-1.9958271137987538e-05,0.0,-3.7919263684571547e-06,0.00014143322617987675,-0.00022493743725471305,-0.00036429309656749176,3.8239633065430614e-06,0.0004477972438501343
831,0.5457475047012808,0.5457461497445361,0.0012012946626601818,4.430365264617175,2.474796693428644,1.655184984591641,3.135518489071305,-1.0,-1.5732192762953192,0.9590022348483471,0.9614662230371961,-1.401714766725928,0.0021027020044957876,1.0520426211287297,-1.995432713641776e-05,0.0,-3.8116817755451393e-06,0.00014173548682827608,-0.00022544116437339667,-0.00036528168567095953,3.843777661810717e-06,0.0004489872990072197
832,0.5457432619583072,0.5457419048457869,0.001202245482377796,4.4303652639885165,2.4747924483791106,1.6551846952511926,3.135498538774924,-1.0,-1.573223107904281,0.9591442743506362,0.9612402751653879,-1.4020810430393518,0.002106565768562912,1.0524928057470435,-1.995029638113266e-05,0.0,-3.831608961890609e-06,0.0001420395022890819,-0.00022594787180818532,-0.00036627631342378564,3.8637640671244575e-06,0.0004501846183138092
833,0.545738997065171,0.5457376377856809,0.0012032004677427744,4.430365263372012,2.4747881811674532,1.65518440473245,3.1354785925972344,-1.0,-1.5732269596143047,0.959286619639567,0.9610138175777151,-1.4024483200771845,0.002110449693183369,1.0529441950185652,-1.994617768952267e-05,0.0,-3.8517100235946344e-06,0.00014234528893075638,-0.00022645758767281254,-0.0003672770378326806,3.88392462045712e-06,0.00045138927152166275
834,0.5457347098282185,0.545733348370466,0.001204159651624489,4.430365262767768,2.4747838915999134,1.6551841130264922,3.135458650627377,-1.0,-1.5732308316013943,0.9594292725028992,0.9607868472372694,-1.4028166039948495,0.0021143539546359834,1.0533967963478632,-1.9941969857217856e-05,0.0,-3.8719870896208874e-06,0.0001426528633322599,-0.00022697034044572018,-0.00036828391766507984,3.9042614526142196e-06,0.0004526013292980302
835,0.5457304000514165,0.5457290364040117,0.001205123067481015,4.430365262175896,2.4747795794803533,1.655183820124299,3.1354387129557173,-1.0,-1.5732347240437166,0.9595722347451865,0.9605593610782936,-1.4031859010073118,0.002118278731363804,1.0538506172111024,-1.9937671659864264e-05,0.0,-3.892442322239731e-06,0.00014296224228727006,-0.00022748615897572044,-0.0003692970124622441,3.924776727820718e-06,0.000453820863239196
836,0.5457260675363194,0.5457247016877717,0.0012060907482510034,4.430365261596506,2.4747752446102207,1.6551835260167511,3.1354187796738597,-1.0,-1.573238637121635,0.959715508187992,0.9603313560058055,-1.4035562173898641,0.0021222242040085716,1.0543056651569906,-1.9933281857564822e-05,0.0,-3.913077918360486e-06,0.0001432734428055138,-0.0002280050724881022,-0.0003703163825523603,3.945472644767498e-06,0.0004550479458882428
837,0.5457217120820255,0.5457203440207442,0.0012070627280101871,4.430365261029713,2.474770886788507,1.6551832306946272,3.1353988508746733,-1.0,-1.5732425710177442,0.9598590946701114,0.9601028288952147,-1.4039275594789276,0.002126190555445767,1.0547619478077401,-1.9928799186441637e-05,0.0,-3.933896109309387e-06,0.00014358648211942882,-0.00022852711059084818,-0.00037134208906342003,3.96635143719553e-06,0.0004562826507494844
838,0.5457173334851432,0.5457159631994346,0.001208039040678975,4.430365260475627,2.4747665058117096,1.6551829341486028,3.135378926652309,-1.0,-1.5732465259169075,0.9600029960477962,0.9598737765919332,-1.4042999336728639,0.002130177970820013,1.0552194728600455,-1.992422236440916e-05,0.0,-3.954899163272074e-06,0.00014390137768471867,-0.00022905230328151838,-0.0003723741939363201,3.987415374245851e-06,0.0004575250523053409
839,0.5457129315397482,0.5457115590178154,0.0012090197213074658,4.430365259934363,2.4747621014737957,1.6551826363692503,3.135359007102221,-1.0,-1.5732505020062904,0.9601472141949828,0.9596441959109802,-1.4046733464328038,0.00213418663758152,1.0556782480860776,-1.9919550088065563e-05,0.0,-3.9760893828511e-06,0.00014421814718668102,-0.0002295806809530232,-0.0003734127599399617,4.008666761506907e-06,0.0004587752260321043
840,0.5457085060373421,0.5457071312672834,0.0012100048047850767,4.430365259406037,2.4747576735661534,1.6551823373470338,3.1353390923211877,-1.0,-1.5732544994753994,0.9602917510035253,0.9594140836365792,-1.4050478042834873,0.002138216745522847,1.056138281334495,-1.991478103313682e-05,0.0,-3.9974691090627346e-06,0.00014453680854242812,-0.00023011227440095094,-0.0003744578506834628,4.0301079413272364e-06,0.0004600332484174796
841,0.545704056766813,0.5457026797366212,0.0012109943263900042,4.430365258890771,2.4747532218775596,1.655182037072311,3.135319182407336,-1.0,-1.5732585185161192,0.9604366083834307,0.9591834365217492,-1.4054233138141192,0.0021422684868170226,1.056599580531473,-1.9909913851812178e-05,0.0,-4.019040719782652e-06,0.00014485737990543868,-0.0002306471148300071,-0.0003755095306319234,4.051741294175491e-06,0.00046129919697790456
842,0.5456995835143928,0.5456982042119533,0.001211988322152771,4.43036525838868,2.4747487461941304,1.655181735535332,3.135299277460157,-1.0,-1.5732625593227514,0.9605817882630995,0.9589522512878884,-1.4057998816792394,0.0021463420560557,1.0570621536817486,-1.9904947178961407e-05,0.0,-4.040806632188421e-06,0.00014517987966877755,-0.0002311852338607867,-0.000376567865120192,4.073569238677299e-06,0.00046257315027564694
843,0.5456950860636138,0.5456937044767021,0.0012129868283026646,4.430365257899886,2.474744246299282,1.6551814327262333,3.135279377580533,-1.0,-1.5732666220920535,0.9607272925895703,0.9587205246243514,-1.406177514599608,0.002150437650288717,1.0575260088696845,-1.9899879623697103e-05,0.0,-4.062769302093372e-06,0.00014550432647086886,-0.00023172666353699078,-0.0003776329203686313,4.095594233016926e-06,0.0004638551879359021
844,0.5456905641952647,0.5456891803115462,0.001213989881631393,4.430365257424509,2.474739721973685,1.6551811286350409,3.1352594828707616,-1.0,-1.5732707070232792,0.9608731233287677,0.9584882531880181,-1.406556219363105,0.0021545554690639234,1.057991154260352,-1.989470977159513e-05,0.0,-4.084931225722954e-06,0.00014583073919738343,-0.00023227143633330893,-0.0003787047634968843,4.117818775206585e-06,0.000465145390667443
845,0.5456860176873439,0.5456846314943741,0.0012149975189411433,4.430365256962677,2.4747351729952203,1.6551808232516654,3.1352395934345743,-1.0,-1.5732748143182187,0.9610192824657549,0.9582554336028569,-1.4069360028256457,0.002158695714467984,1.0584575981006312,-1.9889436187359166e-05,0.0,-4.107294939492689e-06,0.0001461591369871229,-0.0002328195851611925,-0.00037978346254075035,4.140245404060487e-06,0.00046644384027927366
846,0.5456814463150172,0.5456800578002378,0.0012160097779561603,4.430365256514512,2.4747305991389323,1.655180516565903,3.135219709377162,-1.0,-1.573278944181241,0.9611657720049904,0.9580220624594789,-1.4073168719121134,0.0021628585911683427,1.0589253487203314,-1.9884057412156153e-05,0.0,-4.129863022228619e-06,0.0001464895392355725,-0.0002333711433780694,-0.00038086908646772777,4.16287670035884e-06,0.00046775061970016907
847,0.5456768498505714,0.5456754590013089,0.0012170266965877106,4.430365256080139,2.4747260001769855,1.655180208567431,3.135199830805202,-1.0,-1.5732830968193356,0.9613125939705903,0.9577881363146848,-1.4076988336173064,0.0021670443064551125,1.0593944145333296,-1.9878571960063596e-05,0.0,-4.1526380947232155e-06,0.00014682196559989702,-0.00023392614479400553,-0.0003819617051930013,4.185715286769785e-06,0.00046906581299821504
848,0.5456722280633607,0.5456708348668265,0.0012180483134787464,4.430365255659692,2.4747213758786106,1.6551798992458076,3.1351799578268795,-1.0,-1.573287272442157,0.9614597504065928,0.9575536516910048,-1.4080818950069023,0.002171253070285217,1.059864804038731,-1.987297832251045e-05,0.0,-4.175622821289693e-06,0.0001471564360024935,-0.0002344846236800313,-0.00038306138959587344,4.208763830104538e-06,0.0004703895054014584
849,0.5456675807197645,0.5456661851630531,0.0012190746676350864,4.430365255253294,2.4747167260100627,1.6551795885904705,3.1351600905519117,-1.0,-1.5732914712620676,0.9616072433772291,0.9573186050762296,-1.4084660632184391,0.0021754850953259516,1.0603365258220476,-1.9867274967833026e-05,0.0,-4.198819910650187e-06,0.00014749297063632039,-0.00023504661477524724,-0.00038416821153686165,4.232025040734524e-06,0.0004717217833165588
850,0.5456629075831353,0.5456615096532224,0.0012201057978764242,4.430365254861082,2.474712050334567,1.6551792765907334,3.1351402290915775,-1.0,-1.5732956934941837,0.961755074967199,0.9570829929229329,-1.408851345462314,0.002179740597000484,1.0608095885563986,-1.986146033416958e-05,0.0,-4.222232116157798e-06,0.00014783158996989343,-0.00023561215329670482,-0.00038528224387479604,4.255501674532529e-06,0.000473062734350993
851,0.5456582084137493,0.5456568080974893,0.0012211417444721023,4.430365254483185,2.474707348612271,1.6551789632357852,3.13512037355874,-1.0,-1.573299939356421,0.9619032472819496,0.956846811647987,-1.409237749022799,0.0021840197935337475,1.0612840010037323,-1.9855532837453893e-05,0.0,-4.245862237350906e-06,0.00014817231475061643,-0.00023618127494584584,-0.0003864035604850269,4.27919653326345e-06,0.00047441244733370525
852,0.5456534829687522,0.5456520802528783,0.0012221825480433417,4.430365254119738,2.47470262060019,1.6551786485146889,3.1351005240678744,-1.0,-1.5733042090695424,0.9620517624479609,0.956610057632069,-1.4096252812590755,0.0021883229059994564,1.0617597720160685,-1.984949086564214e-05,0.0,-4.2697131212854345e-06,0.0001485151660112205,-0.00023675401591805034,-0.0003875322362765221,4.303112465708827e-06,0.00047577101233620134
853,0.5456487310021109,0.5456473258732324,0.0012232282486525302,4.430365253770881,2.4746978660521597,1.6551783324163778,3.1350806807350966,-1.0,-1.573308502857204,0.9622006226130352,0.9563727272191572,-1.410013949606286,0.0021926501583680973,1.0622369105367644,-1.9843332777824685e-05,0.0,-4.293787661646675e-06,0.000148860165074316,-0.0002373304129117404,-0.000388668347210519,4.327252368640892e-06,0.0004771385206958634
854,0.5456439522645538,0.545642544709155,0.0012242788883431487,4.430365253436748,2.474693084718775,1.6551780149296542,3.135060843678189,-1.0,-1.5733128209460072,0.9623498299465918,0.9561348167160215,-1.4104037615766056,0.002197001777555851,1.0627154256018017,-1.9837056907778816e-05,0.0,-4.318088803190179e-06,0.0001492073335566113,-0.0002379105031357076,-0.0003898119703196201,4.351619187753682e-06,0.00047851506503726604
855,0.5456391465035211,0.5456377365079594,0.0012253345082302467,4.430365253117481,2.47468827634734,1.6551776960431883,3.135041013016629,-1.0,-1.5733171635655456,0.9624993866399674,0.9558963223917015,-1.4107947247603325,0.002201377993474484,1.0631953263410976,-1.983066155997193e-05,0.0,-4.3426195384110855e-06,0.0001495566933755743,-0.0002384943243199933,-0.000390963183726889,4.376215918633179e-06,0.00047990073929593535
856,0.5456343134631075,0.5456329010136125,0.0012263951512185784,4.430365252813221,2.4746834406818143,1.6551773757455144,3.135021188871619,-1.0,-1.5733215309484572,0.9626492949067207,0.9556572404769776,-1.4111868468269977,0.0022057790390824887,1.0636766219798395,-1.9824145010005623e-05,0.0,-4.367382911540929e-06,0.00014990826675331803,-0.00023908191472388207,-0.00039212206666516813,4.4010456080045834e-06,0.0004812956387418854
857,0.5456294528840038,0.5456280379666744,0.00122746086036508,4.430365252524112,2.4746785774627478,1.6551770540250303,3.1350013713661147,-1.0,-1.573325923330477,0.9627995569829438,0.9554175671638316,-1.4115801355264952,0.0022102051504371105,1.0641593218398424,-1.9817505504171606e-05,0.0,-4.3923820198799035e-06,0.00015026207622315102,-0.00023967331314600493,-0.0003932886994975071,4.426111354621787e-06,0.0004826998600029331
858,0.5456245645034393,0.5456231471042422,0.0012285316779727452,4.430365252250299,2.4746736864272294,1.6551767308699954,3.1349815606248557,-1.0,-1.5733303409504895,0.9629501751275779,0.9551772986048981,-1.4119745986902321,0.0022146565667474686,1.0646434353409333,-1.9810741259007614e-05,0.0,-4.417620012464596e-06,0.00015061814463401824,-0.00024026855893355403,-0.00039446316373692447,4.451416310358083e-06,0.00048411350109089923
859,0.5456196480551212,0.5456182281598904,0.001229607648662032,4.430365251991927,2.474668767308825,1.6551764062685264,3.1349617567743957,-1.0,-1.573334784050583,0.9631011516227356,0.9549364309129051,-1.4123702442323,0.0022191335304289177,1.0651289720023582,-1.9803850459965133e-05,0.0,-4.443100093398655e-06,0.0001509764951577175,-0.0002408676919929409,-0.0003956455420679461,4.4769636814490955e-06,0.00048553666142492347
860,0.5456147032691769,0.5456132808636098,0.00123068881701342,4.430365251749149,2.4746638198375157,1.6551760802085969,3.134941959943137,-1.0,-1.5733392528761048,0.9632524887740289,0.9546949601601059,-1.4127670801506682,0.0022236362871581087,1.0656159414442163,-1.9796831258744874e-05,0.0,-4.468825521852793e-06,0.00015133715129334036,-0.00024147075279923325,-0.0003968359183681436,4.502756729191006e-06,0.0004869694418581094
861,0.5456097298720871,0.5456083049417451,0.0012317752281065031,4.4303652515221135,2.4746588437396375,1.6551757526780342,3.1349221702613566,-1.0,-1.5733437476757182,0.9634041889109022,0.9544528823776998,-1.4131651145283979,0.002228165085930111,1.0661043533889203,-1.978968178040219e-05,0.0,-4.494799613397049e-06,0.00015170013687326733,-0.00024207778240614708,-0.00039803437772967243,4.528798772002272e-06,0.0004884119447039481
862,0.5456047275866276,0.5456033001169324,0.001232866927155684,4.430365251310974,2.474653838737817,1.655175423664518,3.1349023878612425,-1.0,-1.57334826870146,0.963556254386972,0.9542101935552421,-1.4135643555348787,0.0022327201791159596,1.066594217662683,-1.9782400114021215e-05,0.0,-4.5210257417771516e-06,0.00015206547606982923,-0.00024268882245770396,-0.0003992410064808105,4.555093185848631e-06,0.0004898642737627412
863,0.5455996961317994,0.5455982661080316,0.0012339639602274284,4.430365251115886,2.4746488045509047,1.6551750931555773,3.1348826128769285,-1.0,-1.5733528162088,0.9637086875803735,0.9539668896400435,-1.4139648114270889,0.0022373018225215254,1.0670855441970317,-1.9774984314047117e-05,0.0,-4.547507340024737e-06,0.0001524331934015244,-0.0002433039151985561,-0.00040045589221016087,4.581643405565834e-06,0.0004913265343486906
864,0.5455946352227655,0.5455932026300636,0.0012350663742345179,4.430365250937005,2.474643740893912,1.6551747611385874,3.1348628454445233,-1.0,-1.5733573904567004,0.9638614908941122,0.9537229665365594,-1.4143664905508786,0.0022419102754480556,1.0675783430303507,-1.9767432405171093e-05,0.0,-4.574247900457351e-06,0.00015280331373868083,-0.0002439231034840894,-0.00040167912378974435,4.608452926530178e-06,0.0004927988333189859
865,0.5455895445707838,0.5455881093941402,0.001236174216750639,4.430365250774491,2.474638647477941,1.6551744276007685,3.134843085702151,-1.0,-1.5733619917076784,0.9640146667564226,0.953478420105766,-1.4147694013422762,0.0022465458007537627,1.0680726243094527,-1.9759742372116307e-05,0.0,-4.601250978009119e-06,0.00015317586231033964,-0.0002445464307934131,-0.0004029107913976482,4.6355253057071485e-06,0.0004942812791020046
866,0.5455844238831352,0.5455829861073966,0.001237287535287517,4.430365250628503,2.474633524010117,1.6551740925291822,3.1348233337899822,-1.0,-1.5733666202278684,0.9641682176211331,0.9532332461645266,-1.41517355232882,0.0022512086649166202,1.068568398291179,-1.975191216896377e-05,0.0,-4.6285201900087e-06,0.0001535508647105832,-0.00024517394123935166,-0.0004041509865437831,4.662864162857487e-06,0.0004957739817261775
867,0.5455792728630553,0.5455778324729192,0.0012384063785481922,4.43036525049921,2.474628370193517,1.6551737559107311,3.1348035898502733,-1.0,-1.5733712762870862,0.964322145968039,0.9529874404849451,-1.4155789521309143,0.002255899138098632,1.0690656753440293,-1.9743939708938285e-05,0.0,-4.656059217733599e-06,0.00015392834690586277,-0.00024580567958154553,-0.00040539980209430837,4.690473182011705e-06,0.0004972770528504089
868,0.545574091209662,0.5455726481896754,0.0012395307960612375,4.430365250386771,2.474623185727097,1.655173417732153,3.1347838540273982,-1.0,-1.5733759601588952,0.9644764543032801,0.9527409987937085,-1.4159856094632117,0.002260617494211619,1.0695644659498245,-1.973582287506659e-05,0.0,-4.683871809074702e-06,0.00015430833524110454,-0.00024644169123655413,-0.00040665733229738876,4.718356112987099e-06,0.000498790605795163
869,0.5455688786178815,0.5455674329524376,0.0012406608367430355,4.430365250291357,2.47461797030562,1.65517307798002,3.1347641264678945,-1.0,-1.5733806721206733,0.9646311451597279,0.9524939167714156,-1.4163935331360207,0.002265364010984521,1.0700647807053971,-1.972755950374605e-05,0.0,-4.7119617780921885e-06,0.00015469085644781444,-0.00024708202229295484,-0.0004079236728089519,4.746516772902165e-06,0.0005003147555726617
870,0.5455636347783734,0.5455621864517103,0.0012417965515804843,4.430365250213134,2.4746127236195807,1.6551727366407358,3.1347444073204946,-1.0,-1.573385412453681,0.9647862210973777,0.9522461900518939,-1.41680273205674,0.002270138970031554,1.0705666303243178,-1.9719147399843706e-05,0.0,-4.740333007680064e-06,0.00015507593764974015,-0.00024772671952166814,-0.0004091989207193336,4.7749590470326855e-06,0.0005018496189206356
871,0.5455583593774496,0.5455569083736495,0.001242937992011462,4.43036525015228,2.474607445355124,1.6551723937005325,3.1347246967361695,-1.0,-1.5733901814431326,0.9649416847037494,0.9519978142215042,-1.417213215231321,0.002274942656922812,1.0710700256386516,-1.9710584325149938e-05,0.0,-4.768989451564565e-06,0.00015546360637175294,-0.00024837583038972433,-0.00041048317458103334,4.803686891258121e-06,0.0005033953143338543
872,0.5455530520970039,0.5455515983999885,0.0012440852092064907,4.4303652501089665,2.4746021351939724,1.6551720491454684,3.134704994868165,-1.0,-1.573394979378267,0.965097538594296,0.9517487848184311,-1.417624991765758,0.0022797753612554587,1.07157497760075,-1.9701868004595724e-05,0.0,-4.797935134304154e-06,0.00015585389054662002,-0.00024902940307314214,-0.000411776534436914,4.8327043326466465e-06,0.0005049519620983212
873,0.5455477126144247,0.5455462562079539,0.0012452382556724338,4.430365250083368,2.474596792813342,1.6551717029614244,3.1346853018720475,-1.0,-1.5733998065524204,0.9652537854128191,0.9514990973319598,-1.4180380708676057,0.002284637376727321,1.0720814972850752,-1.9692996117370853e-05,0.0,-4.827174153509972e-06,0.00015624681852310918,-0.0002496874864712506,-0.00041307910184773533,4.862015471862515e-06,0.0005065196843252462
874,0.5455423406025143,0.5455408814701846,0.0012463971845313034,4.430365250075669,2.4745914178858612,1.6551713551341003,3.134665617905744,-1.0,-1.5734046632631031,0.9654104278318927,0.9512487472017402,-1.4184524618475278,0.002289529001211731,1.0725895958900615,-1.9683966303585265e-05,0.0,-4.8567106827324125e-06,0.00015664241907353826,-0.00025035013021956765,-0.00041439097992213014,4.891624484409853e-06,0.0005080986049863512
875,0.5455369357294076,0.545535473854649,0.0012475620498708909,4.430365250086044,2.474586010079486,1.6551710056490139,3.1346459431295832,-1.0,-1.573409549812074,0.9655674685532945,0.950997729817036,-1.4188681741208748,0.002294450536834035,1.0730992847400123,-1.9674776160716334e-05,0.0,-4.8865489707949905e-06,0.00015704072140176883,-0.00025101738470423296,-0.0004157122733470242,4.921535622304067e-06,0.000509688849950729
876,0.5455314976584824,0.5455300330245556,0.0012487329060264605,4.430365250114684,2.474580569057415,1.6551706544914964,3.1346262777063427,-1.0,-1.5734144665054197,0.9657249103084465,0.9507460405159595,-1.419285217209292,0.002299402290049817,1.0736105752870326,-1.9665423240500246e-05,0.0,-4.9166933457911455e-06,0.00015744175515208791,-0.00025168930107655196,-0.0004170430884171683,4.951753215781847e-06,0.000511290547020371
877,0.5455260260482725,0.5455245586382684,0.00124990980810995,4.430365250161772,2.4745750944780003,1.6551703016466897,3.134606621801291,-1.0,-1.5734194136536352,0.9658827558588635,0.9504936745846915,-1.4197036007423596,0.0023043845717250202,1.0741234791130012,-1.9655905051596534e-05,0.0,-4.94714821552833e-06,0.00015784555041697956,-0.0002523659312679838,-0.0004183835330675567,4.982281675203291e-06,0.0005129038259685803
878,0.5455205205523821,0.5455190503492163,0.0012510928125361266,4.430365250227497,2.474569585994659,1.6551699470995427,3.1345869755822346,-1.0,-1.573424391571704,0.9660410079966099,0.9502406272566869,-1.4201233344592645,0.0023093976972178624,1.07463800793158,-1.9646219056479453e-05,0.0,-4.9779180688602764e-06,0.00015825213774633973,-0.0002530473280045742,-0.00041973371690495753,5.013125492842139e-06,0.0005145288185788299
879,0.545514980819385,0.5455135078057989,0.0012522819755952318,4.430365250312051,2.474564043255779,1.6551695908348087,3.1345673392195668,-1.0,-1.5734294005791845,0.9661996695447659,0.9499868937118632,-1.4205444282105053,0.0023144419864626503,1.0751541735902637,-1.9636362667885265e-05,0.0,-5.009007480349936e-06,0.00015866154815602496,-0.0002537335448237199,-0.0004210937512407753,5.044289244787899e-06,0.0005161656586836205
880,0.5455094064927389,0.5455079306512945,0.0012534773546908167,4.4303652504156315,2.474558465904627,1.6551692328370413,3.134547712886311,-1.0,-1.5734344410002925,0.9663587433579031,0.9497324690757747,-1.4209668919596306,0.002319517764055112,1.0756719880724692,-1.9626333255917672e-05,0.0,-5.040421108049031e-06,0.00015907381313717828,-0.00025442463608849053,-0.00042246374912524587,5.075777592461559e-06,0.0005178144822055586
881,0.5455037972106868,0.5455023185237644,0.0012546790086855814,4.43036525053843,2.4745528535792523,1.6551688730905916,3.1345280967581726,-1.0,-1.5734395131639913,0.9665182323225677,0.9494773484187696,-1.4213907357850122,0.0023246253593403703,1.0761914634996677,-1.9616128138277844e-05,0.0,-5.072163698827126e-06,0.0001594889646646669,-0.00025512065700505904,-0.00042384382538163123,5.107595285258441e-06,0.0005194754271984348
882,0.5454981526061556,0.5454966710559523,0.0012558869959466705,4.430365250680652,2.474547205912386,1.6551685115796049,3.134508491013591,-1.0,-1.5734446174040804,0.9666781393577758,0.9492215267551303,-1.4218159698816533,0.002329765106502279,1.0767126121335577,-1.9605744581596696e-05,0.0,-5.104240089037759e-06,0.00015990703520807337,-0.0002558216636393551,-0.0004252340966410806,5.139747161908657e-06,0.0005211486338900784
883,0.545492472306659,0.5454909878751854,0.0012571013769945968,4.430365250842497,2.474541522531343,1.6551681482880167,3.1344888958337864,-1.0,-1.5734497540592864,0.9668384674155158,0.9489649990421974,-1.422242604563033,0.0023349373446553963,1.0772354463782832,-1.9595179804543505e-05,0.0,-5.13665520607276e-06,0.00016032805774002235,-0.0002565277129328303,-0.0004266346813797117,5.172238153117355e-06,0.0005228342447254342
884,0.5454867559341923,0.5454852686032691,0.001258322212195855,4.430365251024172,2.4745358030579165,1.6551677831995475,3.134469311402814,-1.0,-1.5734549234733588,0.9669992194812632,0.9487077601794762,-1.422670650262988,0.0023401424179386337,1.077759978782694,-1.9584430972496847e-05,0.0,-5.1694140723590465e-06,0.00016075206574739376,-0.00025723886272122076,-0.0004280456999550264,5.205073283237431e-06,0.0005245324044107491
885,0.5454810031051283,0.5454795128563851,0.0012595495629946051,4.430365251225884,2.474530047108275,1.6551674162977033,3.134449737907619,-1.0,-1.5734601259951637,0.9671603985745031,0.9484498050077238,-1.4231001175376319,0.0023453806756114685,1.0782862220426548,-1.9573495194880053e-05,0.0,-5.202521804914539e-06,0.00016117909323987156,-0.000257955171752422,-0.0004294672746438799,5.238257672834749e-06,0.000526243259960868
886,0.5454752134301103,0.5454737202449808,0.001260783491904297,4.430365251447845,2.474524254292853,1.6551670475657667,3.134430175538091,-1.0,-1.573465361978784,0.967322007749266,0.9481911283080198,-1.4235310170673134,0.002350652472151903,1.078814189003398,-1.956236952826984e-05,0.0,-5.235983620233142e-06,0.00016160917476293335,-0.0002586766997040302,-0.000430899529681561,5.271796540434574e-06,0.000527966960743198
887,0.5454693865139368,0.5454678903736576,0.0012620240617954523,4.4303652516902705,2.474518424216239,1.6551666769867968,3.1344106244871166,-1.0,-1.5734706317836187,0.9674840500946714,0.9479317248008177,-1.4239633596586152,0.0023559581673575736,1.0793438926619265,-1.9551050974175865e-05,0.0,-5.269804834728831e-06,0.00016204234540539986,-0.00025940350720210503,-0.0004323425913017598,5.305695205670528e-06,0.0005297036585285575
888,0.5454635219554556,0.5454620228410623,0.0012632713374725584,4.430365251953377,2.474512556477066,1.6551663045436233,3.1343910849506407,-1.0,-1.5734759357744863,0.9676465287354847,0.9476715891449765,-1.4243971562463924,0.0023612981264481015,1.0798753461694648,-1.9539536475932096e-05,0.0,-5.3039908676222325e-06,0.00016247864081331276,-0.00026013565584115383,-0.0004337965877772021,5.339959090527955e-06,0.0005314535075382487
889,0.5454576193474422,0.5454561172397665,0.0012645253835540178,4.430365252237383,2.474506650667892,1.6551659302188426,3.1343715571277233,-1.0,-1.5734812743217306,0.967809446832684,0.9474107159367732,-1.4248324178958538,0.0023666727201712137,1.0804085628339597,-1.9527822917364546e-05,0.0,-5.338547244271297e-06,0.00016291809719926054,-0.00026087320820333826,-0.0004352616494613937,5.374593723112171e-06,0.0005332166644949066
890,0.5454516782764838,0.5454501731561506,0.0012657862655221473,4.430365252542518,2.4745007063750846,1.6551655539948156,3.134352041220601,-1.0,-1.5734866478013279,0.9679728075840386,0.947149099708894,-1.4252691558046848,0.0023720823249099125,1.0809435561226346,-1.9515907122347187e-05,0.0,-5.373479597281516e-06,0.00016336075135459094,-0.00026161622787912453,-0.0004367379088310308,5.4096047386988436e-06,0.0005349932886749009
891,0.545445698322858,0.5454441901702825,0.001267054051117345,4.430365252869003,2.4744947231786965,1.6551651758536596,3.134332537434745,-1.0,-1.573492056594998,0.9681366142247002,0.9468867349294076,-1.4257073813052166,0.002377527322793687,1.0814803396645933,-1.9503785856134215e-05,0.0,-5.4087936700586425e-06,0.00016380664066162343,-0.0002623647794864903,-0.0004382255005317415,5.444997883774592e-06,0.0005367835419587408
892,0.5454396790604079,0.5454381678557914,0.001268328807522098,4.430365253217073,2.474488700652344,1.655164795777248,3.134313045978928,-1.0,-1.5734975010903174,0.9683008700278052,0.9466236160007131,-1.4261471058666375,0.002383008101811201,1.0820189272534817,-1.9491455816922354e-05,0.0,-5.444495319473219e-06,0.00016425580310497345,-0.0002631189286944613,-0.00043972456142093996,5.480779017513673e-06,0.0005385875888883618
893,0.5454336200564156,0.5454321057797429,0.001269610603283908,4.4303652535869595,2.4744826383630776,1.6551644137472035,3.1342935670652854,-1.0,-1.573502981680835,0.9684655783050894,0.9463597372584706,-1.4265883410972526,0.002388525055926554,1.0825593328502028,-1.9478913642512197e-05,0.0,-5.480590517636941e-06,0.000164708277284209,-0.0002638787422425404,-0.0004412352306151224,5.516954115353245e-06,0.000540405596721083
894,0.5454275208714697,0.5454260035025067,0.0012708995086540965,4.4303652539788985,2.4744765358712524,1.6551640297448933,3.1342741009093826,-1.0,-1.5735084987661907,0.9686307424075165,0.9460950929705058,-1.4270310987467907,0.0023940785851976057,1.083101570585688,-1.9466155902758686e-05,0.0,-5.517085355677409e-06,0.00016516410242706225,-0.0002646442879647992,-0.0004427576495380503,5.55352927105162e-06,0.0005422377354851182
895,0.545421381059336,0.5454198605776249,0.0012721955940044845,4.43036525439313,2.474470392730396,1.6551636437514268,3.134254647730282,-1.0,-1.573514052752237,0.9687963657259179,0.9458296773356942,-1.4274753907087574,0.002399669095898026,1.0836456547637292,-1.9453179100459295e-05,0.0,-5.55398604640267e-06,0.00016562331840141997,-0.00026541563481152775,-0.00044429196196671406,5.590510700420517e-06,0.0005440841780413042
896,0.5454152001668162,0.5454136765516723,0.0012734989313920575,4.430365254829902,2.474464208487068,1.6551632557476483,3.134235207750613,-1.0,-1.5735196440511643,0.9689624516916481,0.9455634844828208,-1.427921229022842,0.0024052970006416033,1.0841915998638691,-1.9439979669133578e-05,0.0,-5.591298927187793e-06,0.0001660859657302005,-0.00026619285287343697,-0.0004458383140846234,5.627904743577168e-06,0.000545945100139944
897,0.5454089777336107,0.5454074509641191,0.0012748095933270672,4.430365255289461,2.474457982680723,1.6551628657141335,3.134215781196639,-1.0,-1.5735252730816274,0.9691290037772513,0.9452965084694163,-1.4283686258773716,0.0024109627185099672,1.084739420544353,-1.9426553973911354e-05,0.0,-5.629030463083495e-06,0.0001665520856032332,-0.0002669760134045296,-0.00044739685452954703,5.665717868363895e-06,0.0005478206804838681
898,0.545402713292173,0.5454011833471853,0.0012761276539845683,4.430365255772056,2.4744517148435663,1.6551624736311839,3.1341963682983334,-1.0,-1.573530940268877,0.969296025497144,0.9450287432805679,-1.4288175936118201,0.002416666675183581,1.0852891316451436,-1.941289830575954e-05,0.0,-5.667187249702721e-06,0.00016702171989269043,-0.00026776518884841227,-0.00044896773444857985,5.7039566736137234e-06,0.0005497111007906064
899,0.5453964063675647,0.545394873225696,0.0012774531878010568,4.430365256277944,2.4744454045004067,1.6551620794788224,3.1341769692894528,-1.0,-1.5735366460448938,0.9694635204083113,0.9447601828277055,-1.4292681447193705,0.0024224093030753725,1.0858407481910013,-1.9399008880593982e-05,0.0,-5.705776016773356e-06,0.00016749491116729853,-0.0002685604528623875,-0.00045055110755032324,5.7426278917914984e-06,0.0005516165458576694
900,0.5453900564773025,0.5453885201169252,0.0012787862708578902,4.430365256807384,2.4744390511685026,1.655161683236787,3.1341575844076117,-1.0,-1.5735423908485258,0.9696314921110176,0.9444908209473619,-1.429720291849531,0.0024281910414686017,1.0863942853946296,-1.93848818410558e-05,0.0,-5.744803631912987e-06,0.00016797170270632655,-0.0002693618803435438,-0.00045214713016061836,5.781738393229215e-06,0.0005535372036282737
901,0.5453836631312063,0.5453821235304479,0.001280126980868308,4.4303652573606405,2.474432654357412,1.6551612848845276,3.1341382138943614,-1.0,-1.5735481751256286,0.969799944249533,0.9442206513999063,-1.4301740478108098,0.0024340123366573697,1.08694975865989,-1.9370513250294152e-05,0.0,-5.7842771028493445e-06,0.00016845213851535146,-0.00027016954745562316,-0.0004537559612787234,5.821295188767998e-06,0.0005554732652603978
902,0.5453772258312363,0.5453756829679762,0.0012814753950850675,4.430365257937976,2.4744262135688317,1.6551608844011978,3.134118857995267,-1.0,-1.5735539993292107,0.9699688805128753,0.9439496678682506,-1.4306294255734466,0.0024398736420911714,1.087507183585085,-1.9355899094630757e-05,0.0,-5.824203582083243e-06,0.00016893626334235634,-0.00027098353165566635,-0.0004553777626368216,5.861305433801749e-06,0.0005574249251949492
903,0.5453707440713347,0.5453691979231993,0.001282831594106205,4.430365258539667,2.474419728296433,1.6551604817656516,3.134099516959993,-1.0,-1.5735598639195807,0.9701383046355679,0.943677863956527,-1.431086438272204,0.0024457754185228265,1.0880665759663135,-1.934103527378994e-05,0.0,-5.864590369997202e-06,0.00016942412269260743,-0.0002718039117236559,-0.00045701269875730866,5.901776431655077e-06,0.0005593923812285961
904,0.5453642173372575,0.5453626678816159,0.0012841956575299688,4.430365259165983,2.474413198025699,1.655160076956435,3.1340801910423823,-1.0,-1.5735657693644995,0.9703082203984135,0.9434052331887383,-1.4315450992092205,0.0024517181341602956,1.0886279518009012,-1.9325917610668597e-05,0.0,-5.905444918852254e-06,0.00016991576284552945,-0.0002726307677887174,-0.00045866093701651955,5.942715637469089e-06,0.0005613758345877073
905,0.5453576451064046,0.5453560923203644,0.0012855676675823924,4.430365259817208,2.4744066222337495,1.6551596699517845,3.1340608805005465,-1.0,-1.573571716139336,0.9704786316292849,0.9431317690073767,-1.4320054218569256,0.0024577022648223468,1.0891913272909044,-1.931054183579306e-05,0.0,-5.946774836562696e-06,0.00017041123087147003,-0.00027346418136153794,-0.00046032264770512477,5.984130662051168e-06,0.0005633754900031818
906,0.5453510268476417,0.5453494707080462,0.001286947707545493,4.430365260493623,2.474400000389169,1.6551592607296175,3.1340415855969486,-1.0,-1.5735777047272264,0.9706495422039341,0.942857464772015,-1.4324674198610206,0.002463728294098104,1.0897567188466917,-1.9294903597977253e-05,0.0,-5.988587890248809e-06,0.00017091057464913018,-0.0002743042353616776,-0.0004619980040949656,6.026029275757287e-06,0.0005653915557872757
907,0.5453443620211232,0.5453428025045455,0.001288335861574135,4.430365261195517,2.4743933319518234,1.655158849267526,3.134022306598496,-1.0,-1.5735837356192381,0.9708209560468174,0.942582313757864,-1.4329311070435242,0.0024697967135110287,1.090324143090607,-1.9278998452776364e-05,0.0,-6.030892011787969e-06,0.00017141384288332784,-0.0002751510141509872,-0.00046368718250366925,6.068419412924662e-06,0.0005674242439153154
908,0.5453376500781071,0.545336087160846,0.0012897322152025821,4.430365261923183,2.474386616372679,1.655158435542773,3.1340030437766306,-1.0,-1.5735898093145382,0.9709928771319399,0.9423063091542995,-1.433396497405888,0.0024759080226864336,1.0908936168607124,-1.926282186515138e-05,0.0,-6.073695300035098e-06,0.00017192108512253945,-0.00027600460356458356,-0.00046539036236370457,6.111309175404946e-06,0.0005694737701054109
909,0.5453308904607661,0.5453293241188424,0.0012911368551597035,4.430365262676917,2.474379853093612,1.6551580195322841,3.133983797407426,-1.0,-1.5735959263205646,0.9711653094837185,0.9420294440633558,-1.4338636051321794,0.0024820627295245186,1.0914651572146163,-1.9246369204584113e-05,0.0,-6.1170060263737724e-06,0.00017243235177855087,-0.00027686509094371203,-0.00046710772629143804,6.154706838084993e-06,0.0005715403539039432
910,0.5453240826019932,0.5453225128111437,0.0012925498698723524,4.43036526345702,2.4743730415472127,1.655157601212643,3.1339645677716814,-1.0,-1.5736020871532042,0.9713382571778628,0.9417517114981863,-1.4343324445923389,0.0024882613503763957,1.0920387814333876,-1.92296357446331e-05,0.0,-6.16083263960121e-06,0.00017294769414433198,-0.0002777325651694973,-0.00046883946015952027,6.198620851877081e-06,0.0005736242187712737
911,0.5453172259252016,0.545315652660876,0.0012939713487640598,4.4303652642638,2.4743661811565874,1.6551571805600804,3.1339453551550225,-1.0,-1.5736082923369732,0.971511724342279,0.9414731043814887,-1.4348030303455097,0.0024945044102262933,1.0926145070255573,-1.921261665893681e-05,0.0,-6.205183769036893e-06,0.00017346716441613008,-0.0002786071166975823,-0.00047058575317082685,6.243059849897568e-06,0.0005757255921696736
912,0.5453103198441215,0.5453087430814767,0.001295401382758016,4.430365265097567,2.474359271335155,1.6551567575504718,3.133926159848002,-1.0,-1.5736145424052044,0.9716857151579891,0.9411936155438955,-1.4352753771434428,0.0025007924428772574,1.0931923517312134,-1.919530702032546e-05,0.0,-6.250068231183903e-06,0.00017399081571012331,-0.0002794888375932114,-0.00047234679793306533,6.288032650964091e-06,0.0005778447056561387
913,0.5453033637625889,0.5453017834764846,0.001296840064605325,4.430365265958637,2.4743523114864345,1.6551563321593288,3.133906982146205,-1.0,-1.573620837900238,0.9718602338600756,0.9409132377223268,-1.4357494999339815,0.0025071259911427987,1.0937723335261882,-1.91777017972683e-05,0.0,-6.295495033725729e-06,0.00017451870208651243,-0.00028037782156864477,-0.0004741227905387113,6.333548265541333e-06,0.0005799817949747599
914,0.5452963570743332,0.5452947732393253,0.0012982874878426174,4.430365266847333,2.4743453010038317,1.6551559043617907,3.133887822350355,-1.0,-1.5736271793736176,0.9720352847386449,0.9406319635583068,-1.4362254138646244,0.0025135056070426974,1.094354470626341,-1.9159795849876815e-05,0.0,-6.341473379523066e-06,0.0001750508785692828,-0.0002812741640200178,-0.00047591393064294607,6.379615899898723e-06,0.0005821371001528686
915,0.5452892991627508,0.5452877117530891,0.0012997437478064694,4.430365267763981,2.4743382392704163,1.6551554741326184,3.133868680766426,-1.0,-1.5736335673862916,0.9722108721398134,0.9403497855962406,-1.4367031342861718,0.002519931852005063,1.094938781491942,-1.9141583929016548e-05,0.0,-6.38801267394129e-06,0.0001755874011685199,-0.00028217796206619905,-0.0004777204215473674,6.426244962365411e-06,0.0005843108656009566
916,0.5452821894006842,0.5452805983903036,0.001301208941105018,4.430365268708911,2.4743311256586957,1.655155041446187,3.13384955770575,-1.0,-1.573640002508821,0.9723870004667154,0.9400666962816526,-1.4371826767564557,0.002526405297072708,1.0955252848321555,-1.9123060675863002e-05,0.0,-6.435122529513393e-06,0.0001761283269020586,-0.0002830893145879809,-0.0004795424702839224,6.47344506764496e-06,0.0005865033402134845
917,0.5452750271501822,0.545273432512701,0.0013026831667974248,4.4303652696824605,2.4743239595303805,1.6551546062764775,3.1338304534851393,-1.0,-1.5736464853215915,0.9725636741805362,0.939782687959383,-1.4376640570441581,0.0025329265231160514,1.0961139996096294,-1.9104220610799416e-05,0.0,-6.482812770380875e-06,0.00017667371382079633,-0.00028400832226960215,-0.00048138028770239316,6.521226043343549e-06,0.0005887147774739088
918,0.5452678117622651,0.5452662134709777,0.0013041665236491588,4.430365270684971,2.474316740236147,1.6551541685970672,3.133811368427,-1.0,-1.5736530164150306,0.972740897801567,0.9394977528717431,-1.4381472911327178,0.0025394961210512255,1.096704945045191,-1.9085058139189925e-05,0.0,-6.531093439177127e-06,0.00017722362103078648,-0.000284935087639937,-0.00048323408855965866,6.569597935174136e-06,0.0005909454355614852
919,0.5452605425766766,0.5452589406045479,0.0013056591140382387,4.430365271716795,2.4743094671153862,1.6551537283811255,3.133792302859457,-1.0,-1.5736595963898345,0.9729186759102846,0.9392118831566268,-1.4386323952243287,0.0025461146920644816,1.0972981406226543,-1.9065567542941864e-05,0.0,-6.579974803910815e-06,0.00017777810871755229,-0.00028586971511623815,-0.000485104091610955,6.618571013256112e-06,0.0005931955774634012
920,0.5452532189216324,0.5452516132412919,0.0013071610410397897,4.430365272778281,2.4743021394959577,1.6551532856014006,3.133773257116475,-1.0,-1.5736662258571958,0.9730970131484574,0.9389250708455793,-1.439119385744035,0.0025527828478421875,1.0978936060937405,-1.904574298228212e-05,0.0,-6.629467361296548e-06,0.0001783372381728432,-0.00028681231104754623,-0.00048699051970624296,6.668155777705877e-06,0.0005954654710862428
921,0.5452458401135577,0.5452442306972939,0.001308672408754097,4.430365273869791,2.474294756693922,1.6551528402302165,3.1337542315379903,-1.0,-1.573672905439042,0.9732759142202764,0.9386373078618179,-1.43960827934392,0.0025595012108078617,1.0984913614831162,-1.9025578484654915e-05,0.0,-6.679581846080751e-06,0.00017890107181894876,-0.0002877629837614304,-0.0004888935998850208,6.718362965674185e-06,0.000597755389375676
922,0.545238405456822,0.5452367922765771,0.0013101933243269677,4.43036527499169,2.474287318013281,1.6551523922394578,3.1337352264700407,-1.0,-1.5736796357682774,0.9734553838935132,0.938348586018208,-1.4400990929073998,0.0025662704143655,1.0990914270935506,-1.900506794960677e-05,0.0,-6.730329235482557e-06,0.0001794696732367873,-0.00028872184360984043,-0.0004908135634797972,6.7692035576384126e-06,0.0006000656104343527
923,0.5452309142434639,0.5452292972708275,0.0013117238958931037,4.43036527614435,2.4742798227456966,1.6551519416005662,3.1337162422649016,-1.0,-1.573686417489035,0.9736354270007048,0.9380588970151901,-1.4405918435536158,0.00257309110314916,1.099693823511198,-1.8984205139016552e-05,0.0,-6.781720757631504e-06,0.00018004310719166305,-0.00028968900301795664,-0.0004927506462160114,6.820688783659712e-06,0.0006023964176473662
924,0.5452233657529113,0.5452217449591132,0.001313264233407863,4.430365277328144,2.4742722701702133,1.6551514882845282,3.1336972792812237,-1.0,-1.5736932512569313,0.9738160484403683,0.9377682324386566,-1.4410865486419355,0.0025799639332805477,1.1002985716110076,-1.8962983677983658e-05,0.0,-6.833767896230469e-06,0.00018062143966346422,-0.00029066457653348365,-0.0004947050883197246,6.87283013138789e-06,0.0006047480998097043
925,0.5452157592516877,0.5452141346075924,0.0013148144484596603,4.430365278543464,2.4742646595529654,1.6551510322618663,3.1336783378841786,-1.0,-1.5737001377393323,0.9739972531782423,0.9374765837577779,-1.4415832257765624,0.0025868895726328263,1.1009056925622638,-1.894139704505804e-05,0.0,-6.886482400991767e-06,0.0001812047378739745,-0.00029164868087872,-0.0004966771346268661,6.9256393522786584e-06,0.000607120951256146
926,0.5452080939931157,0.5452064654692156,0.0013163746549268015,4.430365279790695,2.474256990146879,1.6551505735026304,3.1336594184456,-1.0,-1.5737070776156246,0.9741790462485598,0.937183942322777,-1.4420818928112578,0.0025938687011022683,1.1015152078342623,-1.891943857845746e-05,0.0,-6.9398762923000845e-06,0.00018179307031751524,-0.00029264143500085105,-0.0004986670346953659,6.979128469441955e-06,0.0006095152719984842
927,0.5452003692170111,0.5451987367834203,0.0013179449684499985,4.430365281070235,2.4742492611913676,1.6551501119763845,3.1336405213441387,-1.0,-1.5737140715774944,0.9743614327553519,0.9368902993626481,-1.4425825678541782,0.002600902010887994,1.1021271392021248,-1.8897101461412547e-05,0.0,-6.993961869872223e-06,0.00018238650679214263,-0.0002936429601289037,-0.0005006750429203954,7.033309785725757e-06,0.0006119313678625282
928,0.545192584149367,0.5451909477758135,0.0013195255064131419,4.430365282382489,2.474241471912011,1.6551496476522,3.1336216469654143,-1.0,-1.5737211203292156,0.9745444178737818,0.9365956459828207,-1.4430852692728329,0.0026079902067790523,1.1027415087527581,-1.8874378724387242e-05,0.0,-7.04875172119479e-06,0.00018298511842984588,-0.00029465337982736983,-0.0005027014186547163,7.088195891058295e-06,0.0006143695506333202
929,0.5451847380020286,0.5451830976578478,0.001321116388091981,4.430365283727866,2.474233621520238,1.6551491804986442,3.1336027957021764,-1.0,-1.5737282245879454,0.974728006851513,0.9362999731627659,-1.4435900156991632,0.0026151340064501302,1.1033583388909591,-1.885126323797337e-05,0.0,-7.104258729739854e-06,0.0001835889777311861,-0.0002956728200548264,-0.0005047464263303603,7.143799671077873e-06,0.0006168301382010188
930,0.5451768299723585,0.5451751856264865,0.001322717735472897,4.430365285106785,2.474225709212985,1.655148710483767,3.1335839679544666,-1.0,-1.5737353850840279,0.9749122050101101,0.9360032717535435,-1.4440968260347486,0.0026223341407656518,1.103977652345673,-1.8827747709782017e-05,0.0,-7.160496082514456e-06,0.0001841981585971597,-0.00029670140922244403,-0.000506810335585417,7.200134315521554e-06,0.0006193134547138879
931,0.5451688592428965,0.5451672108638623,0.00132432967188571,4.43036528651967,2.474217734172358,1.6551482375750943,3.1335651641297857,-1.0,-1.5737426025613077,0.9750970177464743,0.9357055324752885,-1.4446057194561437,0.002629591354092546,1.104599472176408,-1.8803824680890813e-05,0.0,-7.217477279830575e-06,0.0001848127363641705,-0.0002977392782549382,-0.0005088934213950402,7.2572133268944405e-06,0.0006218198307350598
932,0.5451608249810034,0.545159172536921,0.0013259523228230786,4.430365287966954,2.4742096955652753,1.6551477617396118,3.1335463846432683,-1.0,-1.5737498777774512,0.975282450534315,0.9354067459146349,-1.4451167154203484,0.0026369064046226896,1.1052238217798107,-1.877948651740624e-05,0.0,-7.27521614352078e-06,0.00018543278784066697,-0.00029878656065362996,-0.0005109959642046746,7.315050530143363e-06,0.0006243496034026297
933,0.5451527263384981,0.54515106979706,0.0013275858162518069,4.430365289449076,2.474201592543107,1.6551472829437572,3.1335276299178574,-1.0,-1.573757211504279,0.9754685089256573,0.9351069025220742,-1.4456298336704172,0.0026442800647039732,1.1058507248964082,-1.8754725410907724e-05,0.0,-7.33372682781841e-06,0.00018605839134233637,-0.000299843392560728,-0.0005131182500688336,7.3736600812836575e-06,0.0006269031165975214
934,0.5451445624512807,0.545142901779749,0.001329230282086224,4.430365290966484,2.474193424241295,1.6551468011534052,3.133508900384489,-1.0,-1.5737646045281073,0.9756551985523884,0.9348059926092483,-1.4461450942412108,0.0026517131211816693,1.1064802056175225,-1.8729533368233575e-05,0.0,-7.3930238282393645e-06,0.0001866896267310736,-0.0003009099128258308,-0.000515260570793652,7.43305647769605e-06,0.0006294807211142395
935,0.545136332438953,0.5451346676041516,0.0013308858529997817,4.430365292519632,2.474185189778974,1.6551463163338576,3.1334901964822794,-1.0,-1.5737720576500975,0.9758425251278418,0.9345040063461731,-1.4466625174652954,0.0026592063757497056,1.1071122883923596,-1.8703902209704637e-05,0.0,-7.45312199024184e-06,0.00018732657545339482,-0.0003019862630752046,-0.0005174232240845456,7.493254568036265e-06,0.0006320827748371727
936,0.5451280354044148,0.5451263663727214,0.0013325526630639899,4.430365294108984,2.4741768882585684,1.6551458284498273,3.1334715186587174,-1.0,-1.5737795716866205,0.9760304944484224,0.9342009337583912,-1.4471821239789917,0.002666760645312587,1.1077469980352828,-1.8677823562018858e-05,0.0,-7.514036522993095e-06,0.00018796932058062765,-0.00030307258778194957,-0.0005196065136963135,7.554269562881459e-06,0.0006347096429231147
937,0.5451196704334568,0.5451179971707941,0.0013342308497255732,4.430365295735014,2.474168518765384,1.655145337465429,3.1334528673698627,-1.0,-1.573787147469628,0.9762191123952728,0.933896764724052,-1.447703934728583,0.002674376762357693,1.1083843597332723,-1.8651288854698578e-05,0.0,-7.575783007363057e-06,0.00018861794685043343,-0.0003041690343391634,-0.0005218107495912339,7.616117045106032e-06,0.000637361697989558
938,0.5451112365943424,0.5451095590661701,0.0013359205517792477,4.430365297398198,2.4741600803671915,1.655144843344164,3.1334342430805497,-1.0,-1.5737947858470356,0.9764083849359819,0.9335914889709168,-1.4482279709766817,0.0026820555753394636,1.1090243990535806,-1.86242893129851e-05,0.0,-7.638377407692687e-06,0.0001892725407091067,-0.0003052757531352146,-0.0005240362480987137,7.678812981770557e-06,0.0006400393203083166
939,0.5451027329373692,0.5451010511086746,0.001337621911671381,4.430365299099026,2.474151572113785,1.655144346048905,3.1334156462646003,-1.0,-1.5738024876831205,0.9765983181263388,0.9332850960732852,-1.4487542543087646,0.0026897979490743892,1.109667141951585,-1.859681594940099e-05,0.0,-7.701836084894609e-06,0.0001899331903568724,-0.00030639289763156885,-0.000526283332082933,7.742373734925638e-06,0.000642742898004256
940,0.5450941584944266,0.5450924723297154,0.0013393350736409728,4.4303653008379955,2.4741429930365406,1.6551438455418845,3.133397077405038,-1.0,-1.5738102538589271,0.9767889181121302,0.9329775754488427,-1.4492828066398782,0.0026976047651485523,1.1103126147788485,-1.8568859562417828e-05,0.0,-7.766175806667164e-06,0.00019059998579140647,-0.0003075206244425033,-0.0005285523311135965,7.806816074163066e-06,0.0006454728272635712
941,0.5450855122785292,0.5450838217418165,0.0013410601843579638,4.4303653026156145,2.4741343421479507,1.6551433417846793,3.1333785369943103,-1.0,-1.573818085272688,0.9769801911309861,0.932668916355425,-1.449813650221521,0.0027054769223376785,1.1109608442913936,-1.8540410727574397e-05,0.0,-7.831413760817085e-06,0.00019127301885590864,-0.0003086590934177069,-0.0005308435816429036,7.872157189126212e-06,0.0006482295125451731
942,0.5450767932833481,0.5450750983381487,0.001342797393390834,4.430365304432393,2.4741256184411533,1.6551428347381942,3.1333600255345173,-1.0,-1.5738259828402557,0.9771721435142735,0.9323591078876977,-1.4503468076487105,0.0027134153370395866,1.1116118576581944,-1.851145979303581e-05,0.0,-7.897567567693997e-06,0.00019195238328739705,-0.00030980846772732384,-0.0005331574271894013,7.938414701908099e-06,0.0006510133668007345
943,0.5450680004827154,0.5450663010920342,0.0013445468535049207,4.43036530628886,2.4741168208894377,1.655142324362648,3.1333415435376524,-1.0,-1.5738339474955503,0.9773647816890397,0.9320481389737463,-1.4508823018672354,0.0027214209437208584,1.1122656824698958,-1.8481996864938566e-05,0.0,-7.964655294623313e-06,0.00019263817476622425,-0.0003109689139514371,-0.0005354942185249456,8.005606681271791e-06,0.0006538248117013978
944,0.545059132830123,0.5450574289564453,0.0013463087196384062,4.430365308185551,2.4741079484457416,1.6551418106175573,3.13332309152584,-1.0,-1.573841980191019,0.9775581121800073,0.931735998371578,-1.4514201561811066,0.002729494695376177,1.1129223467477682,-1.8452011812275515e-05,0.0,-8.032695468784823e-06,0.00019333049096759147,-0.0003121406021683315,-0.0005378543138712111,8.07375165531865e-06,0.0006566642778724763
945,0.5450501892582014,0.5450484808634815,0.0013480831493681822,4.430365310123007,2.4740990000421306,1.6551412934617202,3.133304670031588,-1.0,-1.5738500818981105,0.9777521416116218,0.9314226746655278,-1.4519603942602062,0.0027376375640031305,1.1135818789529026,-1.8421494252240933e-05,0.0,-8.101707091423549e-06,0.00019402943161450636,-0.00031332370605019477,-0.0005402380790995309,8.142868626953396e-06,0.0006595322051343722
946,0.5450411686781804,0.5450394557238327,0.0013498703040295077,4.430365312101785,2.4740899745892593,1.6551407728531984,3.1332862795980447,-1.0,-1.5738582536077643,0.9779468767101552,0.9311081562625684,-1.4525030401481462,0.002745850541091509,1.114244307995655,-1.8390433543125084e-05,0.0,-8.171709653836956e-06,0.0001947350985334051,-0.00031451840295937394,-0.0005426458879400631,8.212977088378585e-06,0.0006624290427523771
947,0.5450320699793394,0.5450303524262261,0.0013516703473620496,4.430365314122447,2.4740808709758193,1.655140248749303,3.133267920779267,-1.0,-1.573866496330916,0.9781423243058646,0.9307924313885204,-1.4530481182703403,0.002754134638127913,1.1149096632453503,-1.8358818777652886e-05,0.0,-8.242723151585807e-06,0.00019544759570933046,-0.00031572487404796235,-0.0005450781221940648,8.284097036403981e-06,0.0006653552496953541
948,0.5450228920284317,0.5450211698368516,0.0013534834459706787,4.43036531618557,2.4740716880679634,1.655139721106572,3.133249594140493,-1.0,-1.5738748110990182,0.9783384913352116,0.9304754880841584,-1.453595653442299,0.0027624908871167575,1.1155779745402519,-1.8326638774102122e-05,0.0,-8.31476810225773e-06,0.00019616702934699415,-0.00031694330436204954,-0.0005475351719586019,8.356248988844461e-06,0.0006683112949015246
949,0.5450136336690937,0.5450119067987731,0.0013553097697819926,4.430365318291742,2.474062424708719,1.6551391898807566,3.1332313002584233,-1.0,-1.573883198964578,0.9785353848431392,0.9301573142012112,-1.4541456708781515,0.0027709203411176377,1.1162492721978066,-1.829388206964211e-05,0.0,-8.38786555990012e-06,0.00019689350792762017,-0.0003181738829471925,-0.00055001743585259,8.429454000880195e-06,0.0006712976575546925
950,0.5450042937212419,0.5450025621313203,0.0013571494928237286,4.430365320441559,2.4740530797173763,1.6551386550267995,3.133213039721511,-1.0,-1.5738916610017122,0.9787330119854138,0.9298378973982518,-1.4546981961994083,0.002779424074800101,1.1169235870251735,-1.8260536912340086e-05,0.0,-8.462037134115974e-06,0.00019762714227467004,-0.00031941680295932695,-0.0005525253212568249,8.50373368246329e-06,0.0006743148273669064
951,0.5449948709804385,0.5449931346294583,0.00135900279056595,4.430365322635626,2.474043651888863,1.6551381164988157,3.1331948131302654,-1.0,-1.5739001983067198,0.9789313800310309,0.9295172251364728,-1.4552532554439641,0.002788003185016568,1.1176009503300492,-1.8226591245618096e-05,0.0,-8.537305007605411e-06,0.0001983680456170145,-0.0003206722617790092,-0.0005550592445557889,8.579110216466908e-06,0.0006773633048757777
952,0.5449853642172471,0.5449836230631391,0.0013608698433203448,4.430365324874568,2.4740341399930914,1.6551375742500742,3.13317662109756,-1.0,-1.5739088119986735,0.9791304963646857,0.9291952846753435,-1.4558108750753567,0.002796658791393241,1.1182813939317953,-1.8192032705588446e-05,0.0,-8.613691953707203e-06,0.00019911633365488068,-0.00032194046112932195,-0.0005576196313925585,8.65560637667304e-06,0.0006804436017460169
953,0.5449757721765554,0.54497402617663,0.0013627508345598353,4.430365327159014,2.4740245427742877,1.6551370282329756,3.133158464248948,-1.0,-1.5739175032200314,0.979330368489316,0.928872063068147,-1.4563710819922875,0.0028053920369413,1.1189649501728811,-1.8156848611727838e-05,0.0,-8.691221357937096e-06,0.0001998721246302404,-0.00032322160719655546,-0.0005602069169308166,8.733245548059234e-06,0.0006835562410858476
954,0.5449660935768912,0.5449643426878219,0.0013646459507156202,4.43036532948961,2.4740148589503024,1.6551364783990319,3.133140343222997,-1.0,-1.5739262731372676,0.9795310040287134,0.9285475471573896,-1.4569339035384115,0.0028142040886875268,1.119651651930653,-1.8121025950890157e-05,0.0,-8.769917236195468e-06,0.00020063553939742018,-0.0003245159107573281,-0.0005628215461239705,8.81205174622663e-06,0.000686701757771857
955,0.5449563271097015,0.5449545712875132,0.0013665553829250055,4.430365331867011,2.474005087211891,1.6551359246988442,3.1331222586716256,-1.0,-1.5739351229415237,0.9797324107302103,0.9282217235700808,-1.457499367512409,0.002823096138326025,1.1203415326294384,-1.808455137153331e-05,0.0,-8.849804256083615e-06,0.00020140670149693118,-0.00032582358730881555,-0.0005654639739975931,8.8920496384981e-06,0.0006898806987853945
956,0.5449464714386149,0.5449447106386698,0.0013684793245451062,4.430365334291891,2.4739952262219775,1.6551353670820788,3.133104211260453,-1.0,-1.5739440538492828,0.9799345964674421,0.9278945787128777,-1.4580675021783462,0.0028320694028917065,1.1210346262529998,-1.804741117261699e-05,0.0,-8.930907759108209e-06,0.0002021857372317415,-0.0003271448572030877,-0.0005681346659371922,8.973264565681656e-06,0.0006930936235614027
957,0.5449365251986791,0.5449347593756629,0.001370417974357584,4.430365336764927,2.4739852746148885,1.6551348054974488,3.1330862016691614,-1.0,-1.5739530671030662,0.9801375692431874,0.9275660987670907,-1.4586383362763358,0.002841125125456195,1.1217309673573497,-1.800959129161228e-05,0.0,-9.013253783329844e-06,0.0002029727757453248,-0.0003284799457869969,-0.0005708340979895254,9.055722564488278e-06,0.0006963411043499068
958,0.5449264869955692,0.5449247161034765,0.0013723715337589217,4.43036533928682,2.473975230995564,1.6551342398926834,3.133068230591872,-1.0,-1.5739621639721524,0.9803413371922934,0.9272362696835442,-1.4592118990335092,0.002850264575847627,1.1224305910839374,-1.7971077289402615e-05,0.0,-9.096869086233639e-06,0.00020376794910603735,-0.00032982908354650675,-0.0005735627571734625,9.139450391432071e-06,0.000699623726587717
959,0.5449163554047716,0.5449145793968911,0.0013743402088206172,4.430365341858277,2.4739650939387383,1.6551336702145076,3.133050298737526,-1.0,-1.573971345753322,0.9805459085846814,0.9269050771772882,-1.4597882201753096,0.0028594890513942753,1.1231335331732235,-1.793185434584288e-05,0.0,-9.181781169598224e-06,0.0002045713923879422,-0.00033119250625601726,-0.0005763211418003955,9.224475546648452e-06,0.0007029420892861182
960,0.5449061289707409,0.5449043477996407,0.001376324209588198,4.430365344480024,2.473954861988099,1.6551330964086175,3.1330324068302864,-1.0,-1.5739806137716272,0.9807512918284426,0.9265725067221546,-1.4603673299371178,0.002868799877693894,1.1238398299786552,-1.7891907239775406e-05,0.0,-9.268018305252923e-06,0.00020538324376118133,-0.00033257045513357397,-0.0005791097618081942,9.310826299618793e-06,0.000706296805431661
961,0.5448958062060243,0.5448940198235356,0.001378323750512934,4.4303653471528,2.473944533655409,1.6551325184196486,3.133014555609948,-1.0,-1.5739899693811876,0.9809574954730245,0.9262385435451539,-1.4609492590762245,0.0028781984094099922,1.1245495184810543,-1.785122033837183e-05,0.0,-9.355609560390832e-06,0.00020620364458190377,-0.0003339631770007401,-0.0005819291391067072,9.398531716098106e-06,0.0007096885023991639
962,0.5448853855903619,0.5448835939475624,0.0013803390500744701,4.430365349877359,2.4739341074196064,1.6551319361911554,3.1329967458323607,-1.0,-1.5739994139660138,0.981164528212509,0.925903172620705,-1.4615340388841587,0.0028876860310942986,1.1252626363034381,-1.780977758736313e-05,0.0,-9.444584826212576e-06,0.00020703273948452505,-0.0003353709244489078,-0.0005847798079341437,9.487621684306329e-06,0.000713117822383813
963,0.5448748655697475,0.5448730686169464,0.0013823703312088344,4.430365352654468,2.4739235817258667,1.6551313496655795,3.1329789782698696,-1.0,-1.5740089489408602,0.9813723988889903,0.9255663786646937,-1.4621217011993868,0.0028972641580394184,1.125979221726283,-1.77675624910556e-05,0.0,-9.534974846348021e-06,0.0002078706764813143,-0.00033679395601127204,-0.0005876623152281102,9.578126945119884e-06,0.0007165854228448065
964,0.5448642445554623,0.5448624422421819,0.0013844178215712188,4.4303653554849145,2.4739129549846335,1.6551307587842208,3.1329612537117706,-1.0,-1.5740185757521066,0.9815811164960527,0.9252281461283525,-1.4627122784203972,0.0029069342371602453,1.12669931370325,-1.7724558099008192e-05,0.0,-9.6268112463882e-06,0.00020871760706242526,-0.00033823253634124306,-0.0005905772210104132,9.670079120826895e-06,0.0007200919769669856
965,0.5448535209230756,0.5448517131980343,0.0013864817537952775,4.430365358369498,2.4739022255706207,1.6551301634872089,3.132943572964776,-1.0,-1.5740282958786713,0.9817906901823512,0.9248884591919553,-1.4633058035191808,0.0029166977479067697,1.1274229518773906,-1.7680746994486185e-05,0.0,-9.72012656474952e-06,0.00020957368629848094,-0.0003396869363971877,-0.0005935250987836316,9.763510746524373e-06,0.0007236381741406728
966,0.5448426930114028,0.5448408798224976,0.0013885623646295187,4.430365361309035,2.473891391821769,1.6551295637134722,3.1329259368535016,-1.0,-1.5740381108329575,0.9820011292553031,0.9245473017583213,-1.4639023100551265,0.0029265562032095276,1.128150176597847,-1.7636111274477173e-05,0.0,-9.814954286202493e-06,0.00021043907295192898,-0.0003411574336339429,-0.0005965065359456734,9.858455302757911e-06,0.0007272247204563875
967,0.5448317591214347,0.5448299404157217,0.00139065989631559,4.43036536430436,2.4738804520381743,1.6551289594007048,3.1329083462209666,-1.0,-1.5740480221618323,0.9822124431848896,0.9242046574461195,-1.464501832189343,0.002936511150458236,1.128881028937068,-1.759063253503612e-05,0.0,-9.911328874734338e-06,0.00021131392958650963,-0.0003426443122018785,-0.0005995221342165458,9.954947248708244e-06,0.0007308523392210997
968,0.5448207175152253,0.5448188932389014,0.001392774596358599,4.430365367356328,2.473869404480976,1.6551283504853362,3.1328908019291144,-1.0,-1.5740580314476404,0.982424641607575,0.9238605095829663,-1.465104404699427,0.0029465641725161347,1.1296155507085597,-1.754429185218953e-05,0.0,-1.000928580818794e-05,0.00021219842268538347,-0.0003441478631531769,-0.0006025725100839985,1.0053022057898795e-05,0.0007345217714915808
969,0.5448095664147341,0.5448077365131173,0.0013949067168205623,4.430365370465807,2.4738582473711985,1.6551277369024946,3.1328733048593462,-1.0,-1.574068140309257,0.982637734330346,0.9235148411983117,-1.4657100629946913,0.0029567168887706646,1.1303537844851883,-1.749706976816867e-05,0.0,-1.0108861616453524e-05,0.0002130927227709245,-0.00034566838465455163,-0.0006056582952642664,1.0152716254529896e-05,0.0007382337766286273
970,0.544798304000635,0.5447964684181436,0.001397056515844084,4.430365373633682,2.4738469788885586,1.6551271185859742,3.1328558559130775,-1.0,-1.5740783504031755,0.9828517313348762,0.9231676350161011,-1.466318843131871,0.0029669709562223016,1.131095773618061,-1.7448946268761034e-05,0.0,-1.02100939185501e-05,0.00021399700453028636,-0.00034720618221062427,-0.0006087801371796875,1.0254067451637063e-05,0.0007419891328726003
971,0.5447869284110772,0.5447850870912092,0.001399224256304116,4.430365376860865,2.4738355971702255,1.6551264954681963,3.1328384560123146,-1.0,-1.5740886634246387,0.9830666427818224,0.9228188734472074,-1.4669307818313289,0.0029773280706139197,1.1318415622560014,-1.7399900762882226e-05,0.0,-1.031302146325963e-05,0.00021491144694618658,-0.00034876156889374066,-0.0006119386994578591,1.035711439161804e-05,0.0007457886379405032
972,0.5447754377403972,0.5447735906257094,0.0014014102074811291,4.430365380148279,2.473824100309534,1.655125867480175,3.1328211061002467,-1.0,-1.5740990811088087,0.9832824790152525,0.9224685385816243,-1.4675459164937736,0.002987789967600799,1.1325911953656482,-1.7349912067921025e-05,0.0,-1.0417684169983232e-05,0.00021583623343002234,-0.0003503348655831129,-0.0006151346624447829,1.0461896986879542e-05,0.000749633109646819
973,0.5447638300377913,0.544761977069877,0.0014036146440277958,4.430365383496871,2.473812486354656,1.6551252345514766,3.132803807141863,-1.0,-1.5741096052319818,0.9834992505672161,0.9221166121804112,-1.4681642852175176,0.002998358423965012,1.1333447187521961,-1.729895838353812e-05,0.0,-1.0524123173150102e-05,0.00021677155196364595,-0.0003519264012130652,-0.0006183687237439894,1.0568456364212775e-05,0.000753523386547883
974,0.5447521033059298,0.5447502444253958,0.001405837847312875,4.430365386907607,2.473800753307211,1.6551245966101795,3.132786560124591,-1.0,-1.5741202376128487,0.9837169681624607,0.9217630756673796,-1.468785926816289,0.003009035258874685,1.134102179080806,-1.7247017272126186e-05,0.0,-1.0632380866848479e-05,0.000217717595244582,-0.0003535365130316048,-0.0006216415987714274,1.067683490967291e-05,0.0007574603286097936
975,0.5447402554995255,0.5447383906459689,0.001408080103754482,4.430365390381477,2.473788899120838,1.655123953582833,3.1327693660589566,-1.0,-1.574130980113802,0.9839356427232976,0.9214079101205114,-1.4694108808376238,0.003019822335190595,1.1348636238987126,-1.719406563438497e-05,0.0,-1.0742500953231371e-05,0.00021867456083690673,-0.000355165546868208,-0.0006249540213347782,1.0787076315910138e-05,0.0007614448179067423
976,0.5447282845238431,0.5447264136358267,0.001410341707418368,4.430365393919489,2.4737769216997023,1.655123305394417,3.1327522259792704,-1.0,-1.5741418346422926,0.9841552853746256,0.9210510962630989,-1.4700391875818595,0.003030721560822811,1.135629101658055,-1.714007968622866e-05,0.0,-1.0854528490700233e-05,0.00021964265132801142,-0.0003568138574124857,-0.0006283067442356405,1.0899225632216014e-05,0.0007654777593424367
977,0.5447161882331564,0.5447143112481849,0.0014126229570878982,4.430365397522674,2.47376481889695,1.655122651968292,3.1327351409443347,-1.0,-1.574152803152239,0.9843759074491188,0.920692614454595,-1.4706708881217543,0.0030417348901382014,1.1363986617394577,-1.7085034935693244e-05,0.0,-1.0968509946307492e-05,0.00022062207449324855,-0.00035848180850384104,-0.0006317005398948083,1.1013329315390317e-05,0.0007695600814026093
978,0.5447039644291418,0.5447020812836353,0.001414924160893087,4.43036540119209,2.473752588513104,1.6551219932261587,3.132718112038183,-1.0,-1.5741638876454902,0.984597520492583,0.9203324446811619,-1.4713060243227578,0.0030528643254228473,1.1371723544763956,-1.7028906151850265e-05,0.0,-1.1084493251267702e-05,0.00022161304346413058,-0.0003601697734331166,-0.0006351362010035277,1.1129435284645915e-05,0.0007736927369379476
979,0.5446916108592139,0.5446897214884804,0.0014172456316487874,4.43036540492881,2.4737402282943974,1.6551213290880078,3.1327011403708376,-1.0,-1.5741750901733447,0.9848201362694886,0.9199705665459067,-1.4719446388639574,0.003064111918400684,1.1379502311803729,-1.6971667345266894e-05,0.0,-1.120252785447029e-05,0.0002226157769056325,-0.0003618781352552336,-0.0006386145411996225,1.1247592977836791e-05,0.0007778767039772205
980,0.5446791252147913,0.5446772295530018,0.0014195876902135293,4.43036540873394,2.4737277359310377,1.655120659472071,3.1326842270791078,-1.0,-1.5741864128381298,0.985043766768689,0.9196069592587903,-1.4725867752597308,0.0030754797718113604,1.1387323441669466,-1.691329172981426e-05,0.0,-1.1322664785096137e-05,0.00022363049920037792,-0.00036360728711637424,-0.0006421363957733739,1.1367853410676303e-05,0.0007821129865737131
981,0.5446665051295005,0.5446646031096594,0.0014219506647531344,4.430365412608605,2.4737151090554104,1.6551199842947724,3.1326673733274046,-1.0,-1.5741978577948414,0.9852684242093275,0.9192416016261987,-1.4732324778821309,0.0030869700410496893,1.1395187467826358,-1.685375170312753e-05,0.0,-1.1444956711681442e-05,0.00022465744063848714,-0.0003653576325916008,-0.0006457026224000462,1.1490269238328965e-05,0.0007864026156891857
982,0.5446537481773038,0.5446518397312189,0.0014243348909446063,4.4303654165539585,2.473702345240206,1.6551193034706702,3.1326505803085967,-1.0,-1.5742094272528504,0.9854941210469456,0.9188744720401594,-1.4738817919840341,0.003098584935870222,1.1403094934327438,-1.6793018807970128e-05,0.0,-1.1569458008953148e-05,0.00022569683761808346,-0.00036712958603934975,-0.0006493141019032755,1.1614894820532844e-05,0.0007907466501080318
983,0.5446408518705538,0.5446389369288084,0.0014267407121755786,4.43036542057118,2.4736894419964734,1.655118616912409,3.1326338492448915,-1.0,-1.5742211234776753,0.9857208699797957,0.9185055484671906,-1.4745347637230857,0.0031103267221595544,1.141104639610141,-1.6731063705144322e-05,0.0,-1.1696224824886414e-05,0.00022674893285012931,-0.0003689235729688045,-0.0006529717390515444,1.1741786289332264e-05,0.0007951461773971769
984,0.5446278136579714,0.5446258921498923,0.0014291684800499787,4.430365424661473,2.473676396771598,1.6551179245306573,3.132617181388756,-1.0,-1.574232948792827,0.9859486839553725,0.9181348084367679,-1.4751914401864714,0.003122197723779816,1.1419042419250405,-1.666785613574362e-05,0.0,-1.1825315151758886e-05,0.00022781397557680716,-0.00037074003042270043,-0.0006566764633857414,1.1871001620261754e-05,0.0007996023148995057
985,0.5446146309225433,0.5446127027761681,0.001431618554420614,4.430365428826077,2.473663206947195,1.6551172262340519,3.1326005780238675,-1.0,-1.5742449055817276,0.9861775761771665,0.9177622290293909,-1.4758518694165546,0.0031342003244862675,1.142708358135813,-1.6603364888290173e-05,0.0,-1.1956788900535642e-05,0.00022889222179400814,-0.000372579407377005,-0.0006604292300831371,1.2002600706451268e-05,0.0008041162107725874
986,0.5446013009793291,0.5445993661213739,0.0014340913038831484,4.430365433066248,2.4736498698369185,1.6551165219291357,3.132584040466105,-1.0,-1.574256996289707,0.9864075601116525,0.917387786864235,-1.4765161004374125,0.00314633696992284,1.1435170471808844,-1.6537557762319466e-05,0.0,-1.2090707979472981e-05,0.00022998393448603327,-0.0003744421651558083,-0.0006642310208579971,1.2136645436572509e-05,0.0008086890450713646
987,0.544587821073183,0.5445858794290086,0.0014365871051801398,4.430365437383285,2.473636382684181,1.6551158115202949,3.13256757006458,-1.0,-1.5742692234260827,0.9866386494955227,0.9170114580863687,-1.4771841832823118,0.0031586101697001364,1.1443303692117603,-1.6470401525303657e-05,0.0,-1.2227136375608794e-05,0.00023108938387017552,-0.00037632877786630825,-0.0006680828448992759,1.2273199777296413e-05,0.0008133220308759181
988,0.5445741883763812,0.5445722398699565,0.0014391063450769973,4.430365441778507,2.473622742659779,1.655115094909693,3.1325511682027,-1.0,-1.5742815895663231,0.9868708583431725,0.9166332183535191,-1.477856169022162,0.003171022499558061,1.1451483856272284,-1.640186187978898e-05,0.0,-1.2366140240471779e-05,0.0002322088476497397,-0.00037823973284967227,-0.0006719857398502782,1.2412329857924669e-05,0.0008180164154680813
989,0.5445603999861472,0.5445584445400145,0.0014416494189806776,4.43036544625327,2.473608946859419,1.655114371997204,3.1325348362992873,-1.0,-1.5742940973543027,0.9871042009544534,0.9162530428223654,-1.4785321097949922,0.0031835766036194184,1.1459711591087884,-1.6331903412769577e-05,0.0,-1.2507787979565421e-05,0.00023334261128094003,-0.0003801755311536592,-0.0006759407728300637,1.2554104061357312e-05,0.000822773481560013
990,0.5445464529220779,0.5445444904573137,0.001444216732183318,4.430365450808959,2.4735949923011384,1.655113642680338,3.1325185758097303,-1.0,-1.5743067495046517,0.9873386919227018,0.9158709061343411,-1.4792120588364923,0.003196275196737351,1.1467987536573634,-1.6260489557051727e-05,0.0,-1.2652150348957392e-05,0.0002344909682484575,-0.0003821366880243371,-0.0006799490415001497,1.2698593117932595e-05,0.0008275945485749503
991,0.5445323441234584,0.5445303745596345,0.0014468087000149557,4.430365455446997,2.4735808759226234,1.655112906854173,3.132502388227189,-1.0,-1.574319548805203,0.9875743461430563,0.9154867824009209,-1.4798960705116688,0.0032091210669419816,1.1476312346313502,-1.6187582541071777e-05,0.0,-1.2799300551424864e-05,0.00023565422035443095,-0.00038412373342022743,-0.0006840116751765102,1.284587020463062e-05,0.0008324809739868044
992,0.5445180704464629,0.5445160937016073,0.0014494257484505382,4.430365460168836,2.4735665945784064,1.6551121644112738,3.1324862750838447,-1.0,-1.5743324981195463,0.9878111788210769,0.9151006451883731,-1.4805842003476621,0.0032221170779913135,1.1484686687860661,-1.6113143344487213e-05,0.0,-1.2949314343257967e-05,0.00023683267802065977,-0.0003861372125477658,-0.0006881298359933119,1.299601104933195e-05,0.0008374341547159325
993,0.5445036286612354,0.5445016446517892,0.0014520683134832011,4.430365464975968,2.473552145036944,1.6551114152416166,3.132470237952202,-1.0,-1.5743456003896883,0.9880492054816791,0.9147124675019501,-1.481276505067779,0.003235266172031046,1.1493111243146563,-1.6037131642665514e-05,0.0,-1.3102270141951422e-05,0.00023802666060213085,-0.0003881776864229636,-0.000692304720116832,1.3149094039732658e-05,0.0008424555285901913
994,0.5444890154488469,0.5444870240896217,0.0014547368424846759,4.430365469869916,2.4735375239775745,1.655110659232504,3.1324542784464464,-1.0,-1.574358858638831,0.9882884419783966,0.9143222217694946,-1.4819730426267934,0.003248571372369955,1.150158670890527,-1.595950575561389e-05,0.0,-1.3258249142777956e-05,0.000239236496717532,-0.00039024573245549643,-0.0006965375590144429,1.3305200338909005e-05,0.0008475465758706058
995,0.5444742273981168,0.544472228602249,0.001457431794175457,4.430365474852249,2.4735227279873375,1.6551098962684798,3.1324383982238557,-1.0,-1.574372275974269,0.9885289045029881,0.9139298798244332,-1.4826738722475759,0.003262035786375537,1.1510113797113726,-1.5880222590691773e-05,0.0,-1.3417335438026257e-05,0.00024046252459153372,-0.00039234194506143627,-0.0007008296207824394,1.3464414005581911e-05,0.000852708820845649
996,0.544459261002293,0.5444572546812002,0.0014601536390470703,4.430365479924569,2.4735077535576524,1.6551091262312416,3.132422598986271,-1.0,-1.5743858555904142,0.9887706095954026,0.9135354128881308,-1.4833790544591092,0.003275662608496758,1.1518693235448731,-1.5799237584879222e-05,0.0,-1.357961614512071e-05,0.00024170509241450144,-0.0003944669363024067,-0.0007051822115333728,1.3626822121221016e-05,0.000857943833500574
997,0.5444441126555961,0.5444420987189252,0.0014629028593196793,4.430365485088516,2.473492597080859,1.655108348999545,3.1324068824816287,-1.0,-1.5743996007719552,0.9890135741541214,0.9131387915515764,-1.4840886511359561,0.0032894551234209407,1.1527325767761345,-1.5716504642160345e-05,0.0,-1.3745181540958384e-05,0.0002429645587187501,-0.00039662133655438137,-0.0007095966768468909,1.3792514924182604e-05,0.0008632532312613517
998,0.5444287786495937,0.5444267570051747,0.0014656799508648332,4.43036549034578,2.4734772548465918,1.6551075644491118,3.1323912505055627,-1.0,-1.5744135148971568,0.9892578154468913,0.9127399857563679,-1.4848027255392464,0.003303416709371158,1.1536012154569566,-1.5631976066021736e-05,0.0,-1.391412520157509e-05,0.0002442412927698978,-0.0003988057952084567,-0.000714074403290299,1.3961585950217435e-05,0.000868638680822098
999,0.5444132551694246,0.5444112257232168,0.0014684854210186935,4.430365495698085,2.473461723038003,1.6551067724525241,3.1323757049030654,-1.0,-1.5744276014413081,0.9895033511218713,0.9123389647749651,-1.4855213423592541,0.0033175508415516017,1.1544753173570121,-1.5545602497279987e-05,0.0,-1.4086544151359348e-05,0.00024553567497997975,-0.00040102098140282205,-0.0007186168200077336,1.4134132180443522e-05,0.0008741019000555461
1000,0.5443975382898457,0.5443955009458853,0.001471319791696976,4.430365501147204,2.4734459977278043,1.6551059728791255,3.132360247570231,-1.0,-1.5744418639803273,0.9897501992192073,0.9119356971901753,-1.486244567759641,0.0033318610957495816,1.1553549620170285,-1.545733283458972e-05,0.0,-1.4262539019149756e-05,0.00024684809733599433,-0.0004032675847898126,-0.0007232254003868288,1.4310254197979957e-05,0.0008796446600163321
1001,0.5443816239710987,0.544379578631443,0.0014741835977992019,4.430365506694954,2.4734300748741354,1.6551051655949078,3.1323448804560656,-1.0,-1.5744563061945303,0.9899983781830595,0.9115301508738359,-1.4869724694234443,0.0033463511521015883,1.1562402308040673,-1.5367114165165674e-05,0.0,-1.4442214202992076e-05,0.00024817896385220806,-0.000405546316339378,-0.0007279016638033209,1.4490056352006644e-05,0.0008852687870388731
1002,0.5443655080545895,0.5443634546192602,0.0014770773902856686,4.430365512343202,2.473413950316238,1.6551043504624001,3.132329605564385,-1.0,-1.5744709318725738,0.9902479068741005,0.9111222929646547,-1.4877051166008934,0.003361024799033434,1.1571312069690018,-1.5274891680405744e-05,0.0,-1.4625678043556078e-05,0.00024952869104100106,-0.00040785790918118625,-0.0007326471774491417,1.4673646931845537e-05,0.0008909761649344983
1003,0.5443491862583639,0.5443471246252867,0.0014800017326107675,4.4303655180938595,2.4733976197699308,1.6551035273405494,3.132314424955787,-1.0,-1.5744857449155816,0.9904988045825087,0.9107120898451686,-1.4884425801591448,0.0033758859373827542,1.1580279757063,-1.5180608598175382e-05,0.0,-1.4813043007766424e-05,0.00025089770840824865,-0.0004102031194861411,-0.0007374635582513278,1.4861138349320409e-05,0.0008967687372980482
1004,0.5443326541723722,0.5443305842373148,0.0014829572055769069,4.430365523948888,2.4733810788228716,1.6551026960845996,3.132299340749719,-1.0,-1.5745007493414633,0.9907510910414803,0.9102995071177763,-1.4891849326340263,0.0033909385847151405,1.1589306242162247,-1.5084206068216588e-05,0.0,-1.5004425881759431e-05,0.0002522864589715734,-0.0004125827273923077,-0.0007423524748815247,1.5052647332386253e-05,0.0009026485099248305
1005,0.544315907253511,0.5443138289100196,0.0014859444052500704,4.430365529910308,2.4733643229295956,1.6551018565459605,3.1322843551266373,-1.0,-1.5745159492894385,0.9910047864412854,0.9098845095798007,-1.4899322482838937,0.003406186879844235,1.1598392417695718,-1.4985623081553712e-05,0.0,-1.5199947975164108e-05,0.00025369539980513167,-0.00041499753797558103,-0.0007473156498674083,1.5248295129094598e-05,0.0009086175533470353
1006,0.5442989408204264,0.5442968539597589,0.0014889639441737555,4.430365535980186,2.4733473474063183,1.655101008572075,3.132269470330259,-1.0,-1.5745313490247752,0.9912599114438948,0.9094670611975336,-1.4906846031457008,0.0034216350875667864,1.160753919775069,-1.48847963781229e-05,0.0,-1.5399735336707465e-05,0.00025512500260937987,-0.0004174483822670938,-0.0007523548618071363,1.5448207722551337e-05,0.0009146780054971604
1007,0.5442817500480727,0.5442796545591283,0.0014920164519654114,4.430365542160648,2.4733301474254876,1.6551001520062798,3.1322546886699256,-1.0,-1.5745469529437575,0.9915164871982056,0.9090471250792098,-1.4914420750933968,0.0034372876036254537,1.1616747518495727,-1.4781660333529345e-05,0.0,-1.5603918982254328e-05,0.00025657575431081714,-0.00041993611832380484,-0.0007574719476959313,1.5652516058667267e-05,0.0009208320745037746
1008,0.5442643299619987,0.5442622257312477,0.0014951025763431068,4.430365548453876,2.4733127180100727,1.655099286687659,3.132240012523066,-1.0,-1.5745627655788927,0.9917745353558955,0.9086246634468591,-1.492204743898765,0.0034531489599126425,1.162601833891203,-1.4676146859571304e-05,0.0,-1.581263513528164e-05,0.0002580481576899274,-0.00042246163235071243,-0.0007626688053681274,1.5861356287188814e-05,0.0009270820416302783
1009,0.5442466754323645,0.5442445623437719,0.0014982229836864,4.430365554862113,2.4732950540275715,1.6550984124508918,3.132225444337781,-1.0,-1.574578791604374,0.9920340780879394,0.9081996376069781,-1.4929726912948331,0.0034692238299282013,1.163535264155564,-1.4568185285224189e-05,0.0,-1.6026025481341577e-05,0.00025954273204387146,-0.0004250258398810214,-0.0007679473960682248,1.6074870015558764e-05,0.0009334302643611014
1010,0.5442287811676554,0.5442266591026049,0.0015013783589896035,4.430365561387665,2.4732771501837276,1.6550975291260932,3.1322109866355468,-1.0,-1.5745950358418133,0.9922951381018184,0.907772007919961,-1.4937460010419816,0.0034855170345069056,1.164475143335213,-1.4457702234071945e-05,0.0,-1.6244237439178022e-05,0.0002610600138789332,-0.0004276296870170393,-0.0007733097471485095,1.629320457870436e-05,0.0009398791796488837
1011,0.5442106417080874,0.5442085105452976,0.001504569406839293,4.430365568032895,2.4732590010159266,1.6550966365386477,3.1321966420140432,-1.0,-1.5746115032662578,0.9925577386594595,0.9073417337682278,-1.4945247589968937,0.003502033547831083,1.1654215746425427,-1.4344621503514787e-05,0.0,-1.6467424444499557e-05,0.0002626005576411572,-0.00043027415173324535,-0.0007787579549121126,1.6516513324177275e-05,0.0009464313073297426
1012,0.544192251418679,0.544190111034122,0.0015077968538422296,4.430365574800241,2.473240600886269,1.655095734509036,3.132182413150125,-1.0,-1.5746281990125104,0.9928219035959448,0.9069087735229768,-1.4953090531844935,0.0035187785037446165,1.1663746638962587,-1.4228863918219758e-05,0.0,-1.6695746252626265e-05,0.0002641649364852894,-0.00043296024525096843,-0.0007842941875997322,1.674495591353362e-05,0.0009530892537159552
1013,0.5441736044819728,0.5441714547487853,0.0015110614467500542,4.430365581692202,2.473221943974287,1.6550948228526525,3.1321683028029255,-1.0,-1.5746451283817706,0.993087657339026,0.9064730845094965,-1.4960989738730328,0.003535757202388266,1.16733451961164,-1.4110347199558504e-05,0.0,-1.6929369260232363e-05,0.0002657537430812429,-0.00043568901348034483,-0.0007899206885393362,1.69786986436494e-05,0.0009598557153813747
1014,0.5441546948903861,0.544152535678777,0.0015143639544092534,4.4303655887113536,2.4732030242692877,1.6550939013796155,3.1321543138171206,-1.0,-1.5746622968486146,0.9933550249294925,0.9060346229709528,-1.496894613652493,0.0035529751171734384,1.1683012530947854,-1.3988985804846976e-05,0.0,-1.7168466843964225e-05,0.00026736759046641634,-0.0004384615385436552,-0.0007956397794601777,1.7217914785172452e-05,0.0009667334831453545
1015,0.5441355164381612,0.5441333476153181,0.0015177051696741966,4.430365595860342,2.473183835562306,1.6550929698945671,3.1321404491263465,-1.0,-1.5746797100683358,0.9936240320424331,0.9055933440305766,-1.4976960675164799,0.0035704379021165226,1.1692749785410603,-1.3864690774134658e-05,0.0,-1.7413219721262863e-05,0.0002690071129406446,-0.00044127894037626625,-0.0008014538639868896,1.7462784943084262e-05,0.0009737254462749423
1016,0.5441160627129065,0.5441138841428963,0.0015210859093846905,4.430365603141885,2.473164371437637,1.6550920281964663,3.1321267117567895,-1.0,-1.5746973738846683,0.9938947050094442,0.9051492016521593,-1.4985034329478024,0.003588151399555232,1.170255813137972,-1.3737369557009771e-05,0.0,-1.766381633250269e-05,0.00027067296701110966,-0.0004441423784172782,-0.0008073654313225376,1.771349743870951e-05,0.0009808345969115617
1017,0.5440963270866792,0.5440941386303451,0.001524507014476088,4.43036561055879,2.473144625263913,1.6550910760783704,3.1321131048309563,-1.0,-1.5747152943379177,0.9941670708418315,0.9047021485987689,-1.4993168100079373,0.0036061216482714802,1.1712438771727154,-1.3606925833187233e-05,0.0,-1.7920453249331558e-05,0.00027236583238732237,-0.0004470530533904338,-0.0008133770601348456,1.7970248716248083e-05,0.0009880640347434966
1018,0.5440763027066089,0.544074104221461,0.001527969352689859,4.430365618113936,2.473124590184727,1.6550901133272038,3.132099631571629,-1.0,-1.574733477673522,0.9944411572548641,0.9042521363895862,-1.5001363014305937,0.0036243548920452265,1.1722392941446507,-1.3473259327323461e-05,0.0,-1.8183335604327056e-05,0.00027408641303261483,-0.0004500122091826153,-0.0008194914226564709,1.8233243773746292e-05,0.0009954169719352812
1019,0.5440559824850051,0.5440537738251091,0.001531473818767876,4.430365625810295,2.473104259108731,1.6550891397235212,3.1320862953060296,-1.0,-1.5747519303510733,0.9947169926931344,0.9037991152547563,-1.5009620127196084,0.003642857588667157,1.1732421908829858,-1.333626559940626e-05,0.0,-1.8452677551294983e-05,0.0002758354382702555,-0.0004530211348299229,-0.0008257112890146523,1.850269662193038e-05,0.0010028967383350906
1020,0.5440353590889376,0.5440331401047984,0.0015350213352067533,4.4303656336509185,2.4730836246992145,1.6550881550412553,3.13207309947019,-1.0,-1.5747706590538284,0.9949946063570896,0.9033430340881448,-1.501794052251414,0.003661636419439727,1.1742526976699577,-1.3195835839585612e-05,0.0,-1.8728702755099746e-05,0.0002776136639551785,-0.00045608116661155496,-0.0008320395318055507,1.8778830772570206e-05,0.0010105067869718987
1021,0.5440144249292463,0.5440121954676823,0.001538612854139686,4.4303656416389545,2.473062679363105,1.6550871590474512,3.132060047613556,-1.0,-1.5747896706987379,0.9952740282307998,0.9028838403978802,-1.502632531382344,0.0036806982991977747,1.1752709483698276,-1.3051856634138659e-05,0.0,-1.901164490947238e-05,0.0002794218737102172,-0.0004591936902645921,-0.0008384791309301587,1.9061879758047566e-05,0.001018250699869938
1022,0.5439931721489364,0.5439909320529563,0.0015422493583105087,4.43036564977765,2.473041415239363,1.6550861515019908,3.132047143403827,-1.0,-1.5748089724470309,0.9955552891110314,0.9024214802545552,-1.50347756456105,0.003700050386882079,1.1762970805640247,-1.2904209728770155e-05,0.0,-1.9301748293010235e-05,0.0002812608802316152,-0.0004623601433250135,-0.0008450331787059895,1.935208768430452e-05,0.0010261321941971158
1023,0.5439715926109411,0.5439693417196059,0.0015459318621587578,4.430365658070337,2.4730198241867334,1.6550851321573015,3.1320343906320565,-1.0,-1.5748285717153896,0.9958384206377029,0.9019558982369509,-1.5043292694463286,0.0037197000967032472,1.1773312356927936,-1.2752771770596638e-05,0.0,-1.9599268358705402e-05,0.00028313152667147623,-0.0004655820176042713,-0.0008517048852785258,1.9649709821168045e-05,0.001034155128768921
1024,0.5439496778851787,0.5439474160334643,0.0015496614132991617,4.430365666520466,2.472997897770798,1.65508410075805,3.1320217932180228,-1.0,-1.5748484761877541,0.9961234553258029,0.9014870373751405,-1.5051877670306777,0.0037396551099345902,1.1783735592037297,-1.2597414033699295e-05,0.0,-1.9904472364551395e-05,0.00028503468810003874,-0.0004688608618104162,-0.0008584975843490827,1.995501323134299e-05,0.0010423235109360274
1025,0.5439274192348862,0.5439251462535357,0.0015534390942445046,4.430365675131582,2.4729756272503023,1.6550830570408224,3.132009355215888,-1.0,-1.574868693827799,0.9964104265988561,0.9010148390908173,-1.506053181769921,0.00375992338737635,1.17942420070761,-1.2438002134906867e-05,0.0,-2.021764004478399e-05,0.0002869712730532159,-0.00047219828432321087,-0.0008654147392432865,2.0268277441759606e-05,0.0010506415038802341
1026,0.543904807602156,0.5439025233175284,0.0015572660233678405,4.430365683907344,2.4729530035626874,1.6550820007337839,3.13199708082017,-1.0,-1.5748892328921278,0.9966993688240291,0.9005392431346806,-1.5069256417192625,0.0037805131825369635,1.1804833141419575,-1.2274395718048225e-05,0.0,-2.0539064328861656e-05,0.0002889422251729501,-0.00047559595613666517,-0.0008724599493414864,2.058979516061368e-05,0.0010591134343476138
1027,0.5438818335926434,0.5438795378265511,0.0015611433566798704,4.430365692851528,2.4729300173087836,1.6550809315563255,3.131984974372042,-1.0,-1.5749101019442346,0.9969903173489738,0.9000601875207039,-1.5078052786761638,0.0038014330555796376,1.1815510579428075,-1.2106448127990888e-05,0.0,-2.0869052106853303e-05,0.0002909485249447119,-0.0004790556139766533,-0.0008796369569012974,2.0919873042674064e-05,0.0010677438008499518
1028,0.5438584874593648,0.5438561800289085,0.0015650722904056124,4.430365701968025,2.4729066587366093,1.655079849218689,3.13197304036598,-1.0,-1.5749313098692859,0.9972833085405148,0.8995776084570949,-1.5086922283304578,0.0038226918880890507,1.1826275952251757,-1.1934006062030988e-05,0.0,-2.1207925051225374e-05,0.0002929911915410255,-0.00048257906360904546,-0.0008869496542940336,2.1258832509413097e-05,0.0010765372823682284
1029,0.5438347590855445,0.5438324398029356,0.0015690540610891475,4.430365711260854,2.4728829177242018,1.6550787534215705,3.1319612834567896,-1.0,-1.5749528658897791,0.9975783798252935,0.8990914402737423,-1.5095866304221504,0.003844298898713914,1.183713093972769,-1.1756909190197007e-05,0.0,-2.1556020493251893e-05,0.0002950712847786807,-0.0004861681833525644,-0.0008944020916925588,2.160701062486328e-05,0.0010854987475932276
1030,0.5438106379664267,0.5438083066388031,0.0015730899487728957,4.4303657207341605,2.4728587837614233,1.6550776438557089,3.1319497084670287,-1.0,-1.5749747795821425,0.9978755697324879,0.8986016153459343,-1.5104886289073862,0.0038662636597483735,1.1848077272375153,-1.1574989760898546e-05,0.0,-2.191369236337337e-05,0.0002971899071944062,-0.0004898249278080247,-0.0009019984852358665,2.1964761034459594e-05,0.0010946332647463475
1031,0.5437861131899834,0.5437837696192171,0.00157718127826691,4.430365730392225,2.4728342459306614,1.6550765202014448,3.131938320394858,-1.0,-1.57499706089434,0.9981749179387409,0.8981080640141105,-1.5113983721330986,0.0038885961147186654,1.185911673349534,-1.1388072170603891e-05,0.0,-2.2281312197502956e-05,0.00029934820625299174,-0.0004935513318238272,-0.0009097432257123561,2.2332454970291817e-05,0.0011039461120188054
1032,0.5437611734164466,0.543758817398941,0.0015813294216288883,4.430365740239469,2.472809292886347,1.6550753821282604,3.131927124422348,-1.0,-1.5750197201645584,0.9984764653154351,0.8976107144993984,-1.5123160130208946,0.003911306597048811,1.1870251161382117,-1.1195972509980834e-05,0.0,-2.2659270218383654e-05,0.00030154737669418896,-0.000497349514712031,-0.0009176408877960007,2.271048233014588e-05,0.0011134427886776432
1033,0.5437358068565629,0.5437334381830388,0.0015855358005697703,4.430365750280458,2.4727839128332008,1.6550742292942906,3.1319161259242763,-1.0,-1.5750427681410502,0.9987802539784645,0.8971094928146617,-1.5132417092607737,0.003934405849882958,1.1881482451651024,-1.099849807184583e-05,0.0,-2.304797649177459e-05,0.0003037886630293807,-0.0005012216847367634,-0.000925696239879148,2.3099252834146364e-05,0.0011231290268907124
1034,0.5437100012484941,0.5437076197037662,0.0015898018878053367,4.430365760519909,2.4727580935031224,1.655073061345808,3.1319053304774425,-1.0,-1.5750662160032236,0.9990863273406643,0.8966043226707692,-1.5141756235153223,0.003957905047151164,1.1892812559694244,-1.0795446833800071e-05,0.0,-2.3447862173453515e-05,0.000306073362199788,-0.0005051701438925082,-0.0009339142545485846,2.349919726820672e-05,0.0011330108043219322
1035,0.5436837438332437,0.5436813491959872,0.0015941292105740728,4.430365770962699,2.472731822130605,1.6550718779166795,3.1318947438705504,-1.0,-1.5750900753840689,0.9993947301670721,0.8960951253777705,-1.5151179236350736,0.003981815815970538,1.1904243503269856,-1.0586606892015737e-05,0.0,-2.385938084525918e-05,0.000308402826407872,-0.0005091972929986976,-0.0009423001197512715,2.3910768819373866e-05,0.001143094357561214
1036,0.5436570213285163,0.5436546133710166,0.0015985193533599004,4.430365781613868,2.472705085426578,1.6550706786277916,3.1318843721146847,-1.0,-1.5751143583940244,0.9997055086332104,0.8955818197406404,-1.5160687828857817,0.004006150260484113,1.1915777365234341,-1.0371755865712373e-05,0.0,-2.4283009955494705e-05,0.00031077846613825066,-0.0005133056371300349,-0.000950859250708147,2.4334444513574374e-05,0.0011533861964485581
1037,0.543629819900874,0.5436273983887697,0.0016029739591379743,4.430365792478626,2.4726778695505587,1.6550694630864393,3.131874221454434,-1.0,-1.5751390776463905,1.000018710386588,0.8950643219492251,-1.5170283801884132,0.004030920987245793,1.192741629642802,-1.0150660250562993e-05,0.0,-2.471925236613437e-05,0.00031320175337767875,-0.0005174977914153001,-0.0009595973026315097,2.4770726761680698e-05,0.0011638931193678204
1038,0.5436021251360705,0.5435996898280772,0.0016074947340029729,4.430365803562364,2.4726501600809616,1.655068230885684,3.131864298379709,-1.0,-1.5751642462844135,1.0003343846116433,0.894542545461998,-1.517996900372725,0.004056141132272543,1.193916251872389,-9.923074725026737e-06,0.0,-2.5168638023043144e-05,0.0003156742250551847,-0.0005217764872271768,-0.0009685201843117053,2.5220145026749567e-05,0.0011746222295869746
1039,0.5435739220074097,0.5435714726550337,0.0016120834497375684,4.430365814870662,2.472621941983449,1.6550669816036707,3.1318546096383,-1.0,-1.5751898780101694,1.0006525820983594,0.8940164008831964,-1.5189745344453696,0.004081824389894321,1.1951018328251157,-9.688741409163981e-06,0.0,-2.563172575587025e-05,0.0003181974867161319,-0.0005261445788015129,-0.0009776340726446175,2.568325762177838e-05,0.0011855809527268057
1040,0.5435451948419825,0.5435427311892139,0.0016167419466910718,4.430365826409288,2.4725931995771466,1.6550657148029042,3.131845162249236,-1.0,-1.57521598711539,1.000973355314813,0.8934857958328817,-1.5199614798735448,0.004107985043543065,1.1962986098805712,-9.44738906394349e-06,0.0,-2.6109105220495366e-05,0.0003207732164536292,-0.0005306050503147697,-0.0009869454281752343,2.6160653648743537e-05,0.0011967770554555113
1041,0.5435159272845995,0.5435134490675944,0.0016214721384634626,4.430365838184221,2.4725639164985633,1.6550644300294821,3.131835963517009,-1.0,-1.575242588514387,1.001296758483925,0.892950634809419,-1.5209579408852871,0.004134637998638089,1.197506828546076,-9.198732227044815e-06,0.0,-2.66013989971281e-05,0.00032340316911194655,-0.000535161023462627,-0.0009964610117423334,2.6652955095024175e-05,0.00120821866550469
1042,0.5434861022592462,0.5434836092059856,0.0016262760135733931,4.430365850201646,2.472534075663022,1.655063126812282,3.1318270210467203,-1.0,-1.5752696977792469,1.0016228476647167,0.8924108190438406,-1.5219641287876053,0.004161798817737248,1.1987267428392003,-8.942470288708648e-06,0.0,-2.71092648598259e-05,0.0003260891807916888,-0.0005398157655784885,-0.0010061879023182119,2.716081909915919e-05,0.0012199142931244022
1043,0.5434557019278423,0.5434531937577777,0.001631155642469704,4.430365862467971,2.4725036592234053,1.6550618046620948,3.1318183427602344,-1.0,-1.5752973311774798,1.0019516808383946,0.8918662463455014,-1.5229802623037476,0.004189483758141031,1.1999586156932958,-8.678286485874764e-06,0.0,-2.7633398232973505e-05,0.00032883317367793374,-0.0005445726983391852,-0.0010161335161422702,2.7684940403782665e-05,0.0012318728540954282
1044,0.543424707646095,0.5434221840697674,0.0016361131787754417,4.430365874989841,2.4724726485259816,1.6550604630707078,3.1318099369134114,-1.0,-1.5753255057123319,1.0022833179996136,0.8913168109383938,-1.5240065679310095,0.004217709812152397,1.2012027193877288,-8.405846823045238e-06,0.0,-2.8174534852043465e-05,0.00033163716121897835,-0.0005494354071076124,-0.0010263056272619142,2.822605401136581e-05,0.001244103694433063
1045,0.5433930999161882,0.5433905606348304,0.0016411508655663726,4.430365887774132,2.472441024063074,1.6550591015099276,3.131801812114505,-1.0,-1.5753542391659787,1.0026178212533008,0.8907624032874264,-1.525043280320613,0.004246494750219508,1.2024593360046614,-8.124798906550268e-06,0.0,-2.873345364684532e-05,0.0003345032536872239,-0.0005544076509673701,-0.0010367123896035668,2.8784938067111417e-05,0.0012566166169325488
1046,0.5433608583360456,0.543358303041159,0.0016462710402300913,4.430365900827983,2.4724087654223004,1.6550577194305391,3.131793977343829,-1.0,-1.5753835501458555,1.002955254917459,0.8902029099139143,-1.5260906426813212,0.004275857167203916,1.2037287579143776,-7.834770675785308e-06,0.0,-2.931097987679543e-05,0.000337433664158171,-0.0005594933735121321,-0.0010473623607081262,2.936241698440773e-05,0.0012694219097162396
1047,0.5433279615448657,0.5433253899177739,0.001651476138733036,4.430365914158788,2.472375851232079,1.6550563162611989,3.1317864419747883,-1.0,-1.5754134581343866,1.0032956856323954,0.8896382131994606,-1.5271489072086009,0.004305816532048566,1.205011288291342,-7.5353690407453655e-06,0.0,-2.9907988531086005e-05,0.00034043071493639054,-0.0005646967144536941,-0.0010582645272796398,2.995936484465056e-05,0.0012825303769643526
1048,0.5432943871646088,0.5432917988759816,0.0016567687025153982,4.430365927774224,2.4723422591030904,1.6550548914072554,3.1317792157963957,-1.0,-1.57544398354242,1.0036391824768751,0.8890681911773336,-1.5282183355413135,0.00433639324114216,1.2063072416633647,-7.226178392549798e-06,0.0,-3.0525408033499346e-05,0.0003434968444797626,-0.0005700220221269703,-0.0010694283327126186,3.057670909359378e-05,0.0012959533720227068
1049,0.5432601117370675,0.5432575064464187,0.001662151382601127,4.430365941682254,2.4723079655653137,1.6550534442494889,3.1317723090373923,-1.0,-1.575475147766691,1.0039858170917342,0.888492717310364,-1.5292991992480938,0.0043676086757079725,1.207616944496477,-6.906759003388885e-06,0.0,-3.1164224270963103e-05,0.0003466346148590649,-0.0005754738669695447,-0.0010808637067802884,3.121543456581239e-05,0.0013097028331123806
1050,0.5432251106561253,0.5432224880112795,0.0016676269477643797,4.430365955891143,2.472272946000259,1.6550519741427683,3.13176573239212,-1.0,-1.5755069732516827,1.0043356638115377,0.8879116602542946,-1.5303917803457745,0.004399485263582324,1.2089407358183564,-6.576645272371451e-06,0.0,-3.182548499158777e-05,0.0003498467198035371,-0.0005810570560694783,-0.0010925810976807337,3.1876587874351756e-05,0.0013237913218793196
1051,0.5431893580947699,0.5431867177312937,0.0016731982901444637,4.430365970409472,2.472237174567937,1.6550504804146142,3.1317594970482903,-1.0,-1.5755394835562817,1.0046887998049316,0.8873248836054133,-1.5314963718524457,0.00443204654578228,1.2102789678834083,-6.235343829708029e-06,0.0,-3.2510304599053796e-05,0.0003531359933939271,-0.0005867766488812931,-0.001104591506671193,3.256128219995564e-05,0.001338232065051903
1052,0.5431528269263619,0.5431501684669632,0.001678868433246763,4.4303659852461506,2.4722006241280994,1.6550489623636642,3.1317536147168252,-1.0,-1.5755727034256783,1.0050453052243848,0.8867322456311929,-1.5326132783779773,0.00446531724830702,1.2116320068829158,-5.882331465034696e-06,0.0,-3.321986939663901e-05,0.00035650541945320136,-0.000592637974220378,-0.0011169065255316468,3.3270702524739945e-05,0.001353038999507561
1053,0.5431154886396342,0.5431128116935191,0.0016846405392266996,4.430366000410438,2.4721632661551904,1.6550474192580302,3.1317480976639462,-1.0,-1.575606658868998,1.0054052633660984,0.8861335989825323,-1.5337428167551115,0.00449932335966484,1.213000233703992,-5.5170528789894036e-06,0.0,-3.3955443319744205e-05,0.00035995814171352336,-0.0005986466486606057,-0.0011295383771341427,3.4006111357820154e-05,0.0013682268210761794
1054,0.5430773132468101,0.5430746174090014,0.0016905179175575782,4.430366015911949,2.472125070646425,1.655045850333536,3.1317429587457237,-1.0,-1.5756413772432172,1.0057687608409265,0.8855287903860606,-1.5348853167145384,0.004534092214673001,1.2143840447414413,-5.1389182225136665e-06,0.0,-3.47183742190893e-05,0.0003634974748281117,-0.0006048085964717176,-0.0011424999594269458,3.476885500816075e-05,0.001383811037449334
1055,0.5430382691841831,0.5430355540347931,0.001696504034375356,4.430366031760686,2.4720860060223213,1.6550442547918311,3.131738211445317,-1.0,-1.575676887343968,1.0061358877572388,0.8849176603148079,-1.5360411216077077,0.004569652585135912,1.2157838527670501,-4.747300406560129e-06,0.0,-3.5510100750757445e-05,0.0003671269163123547,-0.0006111300712526857,-0.0011558048931692433,3.556037046291167e-05,0.0013998080256087952
1056,0.5429983232044212,0.5429955883078734,0.0017026025218098819,4.4303660479670395,2.4720460390189514,1.6550426317983677,3.1317338699131465,-1.0,-1.57571321950391,1.0065067379167505,0.8843000426353802,-1.5372105891815104,0.004606034778078876,1.217200087861277,-4.34153217065969e-06,0.0,-3.6332159942142894e-05,0.0003708501595116598,-0.0006176176794276955,-0.0011694675738027627,3.638219294296342e-05,0.0014162350942268365
1057,0.5429574402597519,0.5429546851639541,0.0017088171888384632,4.430366064541818,2.4720051345710727,1.6550409804802197,3.131729949010284,-1.0,-1.5757504056994245,1.0068814090244487,0.8836757642295795,-1.5383940924093897,0.004643270742290122,1.218633198412832,-3.920902862386555e-06,0.0,-3.718619551440483e-05,0.0003746711076981768,-0.0006242784058007045,-0.0011835032278793012,3.723596421124648e-05,0.001433110551555039
1058,0.54291558337513,0.542912807610588,0.0017151520323024942,4.430366081496267,2.471963255685238,1.65503929992375,3.131726464355377,-1.0,-1.5757884796664716,1.0072600029138588,0.8830446445882,-1.539592020383918,0.004681394184011966,1.2200836521922076,-3.4846549072931055e-06,0.0,-3.807396704713639e-05,0.00037859388941008376,-0.0006311196413795184,-0.0011979279745282234,3.812344172184328e-05,0.0014504537793755823
1059,0.5428727135103394,0.5428699165892111,0.0017216112493433349,4.430366098842084,2.471920363301828,1.6550375891720874,3.1317234323754426,-1.0,-1.5758274770265555,1.0076426257890316,0.8824064953744892,-1.540804779276408,0.004720440692723093,1.221551937505861,-3.0319799342315434e-06,0.0,-3.8997360083836696e-05,0.00038262287517287774,-0.0006381492137107481,-0.0012127588924899513,3.904650871112709e-05,0.0014682853136533947
1060,0.5428287894098868,0.5428259708249655,0.0017281992509310935,4.43036611659144,2.4718764161448767,1.6550358472224171,3.131720870360928,-1.0,-1.575867435423851,1.0080293884847722,0.8817611199544932,-1.5420327933697315,0.00476044787806461,1.2230385644384782,-2.562014514762012e-06,0.0,-3.995839729564743e-05,0.0003867626957405612,-0.000645375419995986,-0.001228014093323626,4.00071853415172e-05,0.001486626932617252
1061,0.5427837674393742,0.5427809266630036,0.0017349206755248464,4.430366134757007,2.471831370558369,1.6550340730230544,3.131718796525462,-1.0,-1.5759083946746797,1.008420406746802,0.8811083128912025,-1.5432765061711886,0.004801455519093733,1.2245440661915596,-2.0738354660210234e-06,0.0,-4.09592508285872e-05,0.00039101826202969647,-0.000652807063290739,-0.0012437128014570753,4.1007641029123035e-05,0.0015055017530813952
1062,0.5427376014069167,0.5427347378898222,0.0017417804054975308,4.430366153351978,2.4717851803275708,1.6550322654702843,3.1317172300707865,-1.0,-1.5759503969306623,1.0088158015337299,0.8804478593990728,-1.5445363816130373,0.004843505727193892,1.2260690005274817,-1.5664546753058062e-06,0.0,-4.2002255982609427e-05,0.0003953947869279606,-0.0006604534921297311,-0.0012598754418486902,4.2050208100158706e-05,0.0015249343359220457
1063,0.5426902423679403,0.5426873555379778,0.0017487835835383124,4.430366172390086,2.4717377964837395,1.6550304234049478,3.1317161912574076,-1.0,-1.575993486857055,1.009215699342919,0.8797795347551092,-1.545812905349149,0.004886643124139772,1.2276139513292321,-1.0388133788730158e-06,0.0,-4.3089926392791966e-05,0.00039989780918925355,-0.0006683246439636026,-0.0012765237361116455,4.3137396945880195e-05,0.0015449508017504332
1064,0.54264163841153,0.5426387276723361,0.0017559356310050437,4.430366191885635,2.471689167090371,1.6550285456087466,3.1317157014815757,-1.0,-1.576037711827956,1.0096202325625756,0.8791031036622636,-1.5471065861572344,0.004930915037006594,1.2291795302871817,-4.897758318911372e-07,0.0,-4.422497090095234e-05,0.0004045332196564999,-0.0006764310928455419,-0.0012936808080854512,4.4271912866822305e-05,0.0015655789579496204
1065,0.5425917344262156,0.5425887991557578,0.0017632422678633803,4.430366211853523,2.471639237008876,1.6550266308002364,3.1317157833592817,-1.0,-1.5760831221402987,1.0100295398526506,0.8784183195604026,-1.5484179574571821,0.0049763717118336435,1.2307663787255887,8.187770594858534e-08,0.0,-4.541031234261972e-05,0.00040930729007504496,-0.0006847841018610135,-0.001311371299947739,4.545667482704942e-05,0.0015868484384069514
1066,0.5425404718428385,0.542537511391851,0.0017707095352315725,4.430366232309266,2.471587947641333,1.6550246776304858,3.131716460818043,-1.0,-1.5761297712488018,1.0104437665574597,0.8777249238795389,-1.5497475789573116,0.0050230665482076,1.2323751695830425,6.774587610891558e-07,0.0,-4.664910850316062e-05,0.000414226704809062,-0.0006933956808636843,-0.0013296215001294964,4.6694836373956106e-05,0.0016087908574538012
1067,0.542487788351804,0.542484802042098,0.0017783438173854132,4.430366253269023,2.4715352366476004,1.6550226846783538,3.1317177591973504,-1.0,-1.5761777160243347,1.0108630651532662,0.8770226452293796,-1.551096038441767,0.0050710563572214425,1.234006609562772,1.298379307623776e-06,0.0,-4.794477553282661e-05,0.0004192985958064721,-0.0007022786501593714,-0.0013484594844552777,4.7989809013842914e-05,0.0016314399797294765
1068,0.5424336175916483,0.5424306047142881,0.0017861518702445547,4.430366274749627,2.471481037633751,1.65502065044536,3.131719705358773,-1.0,-1.5762270170385002,1.011287595734476,0.8763111985185132,-1.5524639537139107,0.005120401645605332,1.2356614414707088,1.9461614226834456e-06,0.0,-4.930101416555921e-05,0.00042453058120983655,-0.0007114467108663147,-0.0013679152721437493,4.93452883838898e-05,0.0016548319079368046
1069,0.5423778888054434,0.5423748486187708,0.0017941408473884687,4.430366296768605,2.4714252798083116,1.6550185733500913,3.1317223278068327,-1.0,-1.5762777388776275,1.0117175265425433,0.8755902839957254,-1.5538519747124373,0.005171166929214754,1.237340446761441,2.6224480595971045e-06,0.0,-5.0721839127243484e-05,0.00042993080806730255,-0.0007209145227878855,-0.00138802099852664,5.0765283609421896e-05,0.0016790052907322828
1070,0.5423205264610369,0.5423174581885323,0.0018023183324435265,4.430366319344212,2.4713678876023346,1.6550164517221078,3.1317256568219407,-1.0,-1.5763299504898245,1.0121530345422052,0.87485958620497,-1.5552607858190655,0.005223421079520251,1.239044448314764,3.329015108022304e-06,0.0,-5.2211612197039514e-05,0.00043550799966185494,-0.000730697790755408,-0.0014088111066281606,5.225415030549706e-05,0.0017040015533229536
1071,0.5422614498305651,0.5422583526585241,0.0018106923729871796,4.430366342495448,2.4713087802487155,1.6550142837952795,3.131729724606838,-1.0,-1.5763837255692692,1.012594306050265,0.874118772844432,-1.556691108379122,0.0052772377072692325,1.2407743134684963,4.0677848973658115e-06,0.0,-5.377507944470672e-05,0.00044127150805972626,-0.0007408133605379952,-0.001430322560056485,5.38166277489812e-05,0.0017298651537323018
1072,0.5422005725239847,0.5421974455989949,0.0018192715189581173,4.430366366242084,2.4712478713155166,1.6550120677005051,3.131734565448216,-1.0,-1.5764391429825415,1.0130415374228228,0.8733674935188427,-1.5581437034591574,0.005332695588111996,1.2425309573366343,4.8408413779732484e-06,0.0,-5.5417413272307314e-05,0.0004472313725578658,-0.0007512793255892714,-0.0014525950800354792,5.545788084276339e-05,0.001756643868138008
1073,0.5421378019705887,0.5421346443967818,0.00182806486223474,4.430366390604686,2.4711850681872463,1.655009801457727,3.131740215895421,-1.0,-1.5764962872425203,1.013494935807654,0.8726053783727543,-1.5596193748690008,0.005389879135707326,1.2443153464458563,5.6504472047969045e-06,0.0,-5.714425997882522e-05,0.0004533983848311607,-0.0007621151460883713,-0.0014756714098433932,5.7183547595329905e-05,0.0017843891092219621
1074,0.5420730388415242,0.5420698496775804,0.0018370820840578439,4.430366415604626,2.471120271487117,1.6550074829671764,3.1317467149584295,-1.0,-1.5765552490362291,1.0139547199693413,0.8718320365907835,-1.5611189724794434,0.005448878928676504,1.2461285027279407,6.499063008646999e-06,0.0,-5.89617937087894e-05,0.0004597841616873488,-0.0007733417819708599,-0.0014995976104426045,5.899979296917785e-05,0.0018131562820844493
1075,0.5420061764052426,0.5420029546611205,0.0018463335045393056,4.430366441264106,2.471053374432208,1.655005109999744,3.131754104327622,-1.0,-1.576616125814011,1.0144211211958423,0.8710470547488728,-1.5626433958711312,0.0055097922987744075,1.2479715079109621,7.38936919253419e-06,0.0,-6.087677778188194e-05,0.0004664012265009898,-0.0007849818419106702,-0.0015244233916877903,6.0913370097903825e-05,0.0018430051830213845
1076,0.5419370998065144,0.5419338444398718,0.0018558301393362536,4.430366467606161,2.4709842621121556,1.6550026801863853,3.131762428618266,-1.0,-1.5766790224486094,1.0148943842964,0.8702499949983303,-1.5641935983553625,0.005572723988835826,1.2498455083582862,8.324290643901833e-06,0.0,-6.289663459835282e-05,0.00047326310055773035,-0.0007970597505424504,-0.0015502024842313222,6.293169006141817e-05,0.001874000447324109
1077,0.5418656852580915,0.5418623951703657,0.001865583760948495,4.430366494654661,2.47091281068046,1.655000191006428,3.1317717356430834,-1.0,-1.5767440519741356,1.0153747687021586,0.8694403930617365,-1.565770591413459,0.005637786890458146,1.2517517204115927,9.307024817495346e-06,0.0,-6.502952552622787e-05,0.00048038440575859376,-0.0008096019365938512,-0.001576993058096443,6.506290162232049e-05,0.001906212053306433
1078,0.5417917991322827,0.5417884731643839,0.0018756069691369327,4.430366522434294,2.470838886445654,1.6549976397746557,3.131782076716822,-1.0,-1.5768113364165812,1.015862549682526,0.8686177560166833,-1.5673754496083803,0.005705102873055062,1.253691436302586,1.0341073738651119e-05,0.0,-6.728444244563647e-05,0.0004877809803673916,-0.0008226370450531428,-0.0016048581949212881,6.731598259691624e-05,0.0019397158909932877
1079,0.5417152969375085,0.541711933865086,0.001885913265649048,4.4303665509705565,2.4707623448474108,1.6549950236270066,3.1317935069974046,-1.0,-1.576881007729533,1.016358019692319,0.8677815598396307,-1.5690093160304779,0.005774803717914256,1.2556660307079794,1.1430280582480634e-05,0.0,-6.967131295176898e-05,0.0004954700097929976,-0.0008361961770526616,-0.0016338664220976185,6.970084485919369e-05,0.0019745944053934927
1080,0.5416360221622846,0.5416326206905069,0.001896517142393797,4.430366580289709,2.4706830293000186,1.6549923395047121,3.131806085868988,-1.0,-1.5769532088511546,1.0168614898670585,0.8669312466778339,-1.5706734083489897,0.005847032173285643,1.2576769680340356,1.2578871583457385e-05,0.0,-7.220112162165115e-05,0.0005034701747395065,-0.0008503131617967341,-0.001664092318511834,7.2228455371387e-05,0.0020109373260561725
1081,0.5415538049659393,0.5415503637237301,0.0019074341758962626,4.430366610418712,2.47060076988253,1.654989584136661,3.1318198773732053,-1.0,-1.5770280949013746,1.017373291686552,0.8660662218121699,-1.572369025552363,0.005921943149406211,1.2597258105307936,1.3791504217319783e-05,0.0,-7.488605021999106e-05,0.000511801819493618,-0.000865024865664088,-0.0016956172033733008,7.491097612056814e-05,0.0020488424967579633
1082,0.541468460691545,0.5414649782252011,0.0019186811369405836,4.430366641385143,2.470515381851043,1.654986754019756,3.1318349506959673,-1.0,-1.577105834541717,1.017893778830178,0.8651858502675936,-1.5740975554741352,0.005999705075850859,1.2618142273525743,1.5073322761960384e-05,0.0,-7.773964034241132e-05,0.0005204871436259584,-0.0008803715445762084,-0.0017285299217721928,7.776192644464754e-05,0.0020884168217807364
1083,0.54137978817193,0.5413762629380426,0.0019302761103314303,4.430366673217064,2.4704266639439894,1.654983845396987,3.1318513807185453,-1.0,-1.5771866115244397,1.0184233292511962,0.8642894530207053,-1.5758604832173737,0.006080501447815751,1.263944004700975,1.6430022578006742e-05,0.0,-8.077698272268563e-05,0.000529550421018099,-0.0008963972468883918,-0.001762927743238496,8.079637196489221e-05,0.0021297773484005855
1084,0.5412875677940081,0.5412839981515898,0.0019422386327230547,4.430366705942868,2.4703343964456295,1.6549808542328874,3.131869248643276,-1.0,-1.5772706264627987,1.0189623475020861,0.8633763027452105,-1.5776594006101594,0.006164532593092137,1.2661170572100573,1.7867924730907703e-05,0.0,-8.401493835896723e-05,0.0005390182508899777,-0.0009131502754947673,-0.0017989173927857038,8.403114527638644e-05,0.002173052509082396
1085,0.5411915592797684,0.5411879434814761,0.00195458984740131,4.430366739591038,2.470238338966098,1.6549777761860083,3.131888642706213,-1.0,-1.577358098860571,1.0195112673485232,0.8624456190256197,-1.5794960168480119,0.006252017697779922,1.2683354407616982,1.939406293693935e-05,0.0,-8.747239777240345e-05,0.0005489198464370126,-0.0009306837195908191,-0.001836616237852473,8.748510468778448e-05,0.0022183835516409456
1086,0.541091499133789,0.5410878353161144,0.001967352679946967,4.430366774189854,2.4701382278878397,1.6549746065779636,3.1319096589914635,-1.0,-1.5774492694467335,1.020070554716375,0.861496562956919,-1.5813721705074375,0.006343197136544466,1.2706013669531782,2.1016285250308187e-05,0.0,-9.117058616237017e-05,0.000559287367851935,-0.00094905606870066,-0.0018761536594256167,9.117943876454405e-05,0.0022659261914799167
1087,0.540987097696641,0.5409833838689139,0.001980552037597798,4.430366809766987,2.470033773417774,1.654971340358527,3.131932402364934,-1.0,-1.577544402870794,1.0206407110243108,0.8605282310326591,-1.5832898431490883,0.006438335162795839,1.2729172194804903,2.2743373470746064e-05,0.0,-9.513342406042291e-05,0.0005701563079356653,-0.0009683319242599353,-0.0019176726416507694,9.513802625137329e-05,0.0023158525273121455
1088,0.5408780357305587,0.5408742697625869,0.00199421503735834,4.430366846348992,2.469924656171541,1.654967972066174,3.1319569875488744,-1.0,-1.577643790826207,1.0212222769645916,0.8595396482052725,-1.5852511747708329,0.006537723026079962,1.2752855727513128,2.4585183940217803e-05,0.0,-9.938795541319934e-05,0.0005815659402808038,-0.0009885828273865638,-0.001961331621744611,9.93878632841224e-05,0.002368353270822521
1089,0.5407639604474079,0.540760140055545,0.002008371267495447,4.430366883960623,2.4698105231998264,1.6549644957833394,3.131983540363167,-1.0,-1.5777477556842219,1.0218158368068473,0.8585297599796141,-1.5872584814222699,0.006641682598853494,1.2777092131034227,2.6552814292646332e-05,0.0,-0.00010396485801478228,0.0005935598422557309,-0.0010098882256583952,-0.002007306651437002,0.00010395957277353242,0.002423640352109846
1090,0.5406444808685674,0.5406406035999525,0.002023053086353124,4.430366922623956,2.4696909833463403,1.6549609050855418,3.1320121991650387,-1.0,-1.5778566547392625,1.0224220233146666,0.8574974233726153,-1.5893142753553042,0.006750570613532887,1.2801911630804945,2.8658801871639383e-05,0.0,-0.00010889905504063435,0.0006061865078192952,-0.0010323366069988626,-0.0020557939330343444,0.00010888801467939281,0.002481949977071851
1091,0.54051916238039,0.540515225595067,0.0020382959682923984,4.43036696235724,2.469565601801063,1.6549571929833429,3.132043116526017,-1.0,-1.5779708851906828,1.0230415233834336,0.8564413965371546,-1.5914212881635532,0.006864783634382933,1.2827347093115806,3.091736097848852e-05,0.0,-0.0001142304514203385,0.0006195000687669872,-0.0010560268354606883,-0.002107012808248987,0.00011421302085004581,0.0025435462310861023
1092,0.5403875203159485,0.5403835211665009,0.0020541389035734986,4.430367003173413,2.469433893679404,1.6549533518559163,3.132076461194058,-1.0,-1.5780908900159474,1.0236750845309803,0.8553603268049074,-1.5935824974606958,0.006984763918970928,1.2853434346581296,3.33446680409466e-05,0.0,-0.00012000482526453027,0.0006335611475467573,-0.0010810697322471974,-0.0021612092971425856,0.0001199802845879951,0.00260872534654899
1093,0.5402490123514591,0.5402449477597375,0.0020706248617945143,4.430367045078151,2.469295316415593,1.6549493733747624,3.132112420400304,-1.0,-1.5782171649290524,1.0243235224015959,0.8542527368486245,-1.5958011577699234,0.0071110063625799535,1.2880212554398123,3.595920624599458e-05,0.0,-0.00012627491310501782,0.0006484378706155258,-0.0011075899562829061,-0.0022186603092275714,0.00012624244360902575,0.0026778207816826605
1094,0.5401030294511495,0.5400988960815681,0.002087801334584804,4.430367088067341,2.4691492607039787,1.6549452484157774,3.132151202584811,-1.0,-1.5783502666680707,1.0249877294804473,0.8531170085957592,-1.5980808364506571,0.007244066768935055,1.2907724647364751,3.878218450692472e-05,0.0,-0.00013310173901825983,0.0006642070788513976,-0.0011357282528652313,-0.0022796786807337543,0.00013306040635510143,0.0027512092966628376
1095,0.5399488850232056,0.5399446792519722,0.002105720969597278,4.430367132123747,2.468995039650738,1.6549409669575224,3.1321930406347356,-1.0,-1.578490822920877,1.0256686852617996,0.8519513644383023,-1.6004254556843935,0.007384571755632348,1.2936017830000095,4.183804992452522e-05,0.0,-0.0001405562528062898,0.0006809557813522993,-0.001165644157456902,-0.0023446192337364113,0.00014050498669729294,0.002829318263534386
1096,0.539785801856078,0.5397815197355896,0.002124442317088419,4.43036717721264,2.4688318757051544,1.654936517963064,3.1322381957535232,-1.0,-1.578639544283686,1.0263674681736539,0.8507538451722414,-1.6028393417920712,0.0075332306880405665,1.296514417512713,4.5155118787665316e-05,0.0,-0.00014872136280907888,0.0006987829118543232,-0.0011975192660609313,-0.0024138861076776763,0.00014865893240821864,0.002912634512703516
1097,0.5396128962808175,0.539608533498264,0.0021440307132825553,4.430367223276013,2.4686588848159308,1.6549318892421505,3.132286962112515,-1.0,-1.5787972387603377,1.027085269637747,0.8495222839563028,-1.6053272834785957,0.007690850148503737,1.2995161326194815,4.876635899186965e-05,0.0,-0.0001576944766517041,0.0007178014640931707,-0.0012315612159385925,-0.002487941686524442,0.00015761946046317053,0.003001715106768499
1098,0.5394291588398816,0.5394247106688815,0.002164559330313097,4.430367270224872,2.46847505709275,1.6549270672897545,3.132339672480066,-1.0,-1.5789648294617364,1.0278234107430135,0.8482542753926003,-1.6078946010207371,0.007858351598815079,1.3026133331697198,5.271036755072345e-05,0.0,-0.00016759070139871213,0.0007381411052664877,-0.0012680085637024607,-0.0025673175421414562,0.00016750145031134162,0.0030972005502383215
1099,0.5392334305198059,0.5392288917635988,0.0021861104302083796,4.430367317928932,2.4682792330301764,1.654922037096058,3.1323967050817942,-1.0,-1.5791433763693659,1.0285833621405889,0.8469471385863123,-1.6105472289667295,0.00803679309799228,1.30581316427264,5.7032601728401744e-05,0.0,-0.00017854690762941772,0.0007599513975753425,-0.0013071368062880229,-0.002652627945992414,0.00017844149917720098,0.0031998311029202142
1100,0.5390243733007498,0.539019738225105,0.0022087768737827176,4.4303673662027,2.4680700740465236,1.6549167819217447,3.1324584920248446,-1.0,-1.5793341033059,1.029366767940457,0.8455978727161497,-1.6132918156476383,0.008227396215882943,1.3091236313548953,6.178694305036814e-05,0.0,-0.00019072693653421346,0.000783405799868131,-0.001349265870162597,-0.0027445866809088226,0.0001906031178906635,0.0033104670822552418
1101,0.5388004333558173,0.5387956956093111,0.002232663943322337,4.43036741478653,2.467846025670065,1.65491128303092,3.132525529727654,-1.0,-1.579538431641248,1.0301754746198029,0.8442031032117449,-1.6161358437803177,0.00843157966760137,1.3125537456951986,6.703770280935828e-05,0.0,-0.00020432833534789197,0.0008087066793458497,-0.0013947695044048691,-0.002844028132679366,0.0002041834517184267,0.0034301143403032697
1102,0.5385597946458751,0.538554947164564,0.002257891561532575,4.430367463320604,2.4676052711176677,1.6549055193719806,3.132598391947354,-1.0,-1.5797580228009236,1.0310115662639712,0.8427590160443524,-1.6190877777680526,0.008651001731192393,1.3161137022161766,7.286221969993179e-05,0.0,-0.00021959115967562504,0.000836091644168313,-0.001444087167392416,-0.002951933987734856,0.00021942206359102344,0.0035599565209780692
1103,0.538300319824052,0.5382953547166983,0.002284597009745133,4.4303675113087815,2.4673456721791345,1.654899467194179,3.13267774620856,-1.0,-1.579994832406508,1.0318774078860138,0.8412612768293849,-1.6221572451216633,0.00888761427214605,1.319815098513766,7.935426120608824e-05,0.0,-0.00023680960558447595,0.0008658416220426179,-0.0014977392149675417,-0.0030694673536106887,0.0002366125409536575,0.0037013962975893655
1104,0.5380194741692236,0.5380143825780939,0.0023129382802757506,4.430367558067775,2.467064693125378,1.6548930995842526,3.1327643747390423,-1.0,-1.58025117997432,1.03277569915961,0.8397049303183663,-1.6253552619440905,0.009143732292401254,1.3236712071577441,8.662853048235775e-05,0.0,-0.0002563475678118987,0.0008982912735961968,-0.001556346511018547,-0.003198016822427263,0.0002561180202552034,0.003856108643978118
1105,0.5377142265237423,0.5377089984544494,0.00234309824160105,4.4303676026547825,2.4667593016141067,1.6548863859031253,3.1328592014545267,-1.0,-1.580529839698924,1.033709541726939,0.8380842742808943,-1.6286945159662152,0.00942212451860898,1.3276973175932758,9.482671548433075e-05,0.0,-0.00027865972460405786,0.0009338425673290907,-0.001620656037472079,-0.003339254022124649,0.000278392226207725,0.0040261104355316935
1106,0.5373809186212203,0.5373755427329727,0.0023752898538535803,4.430367643762794,2.466425837976634,1.6548792910969534,3.1329633271779573,-1.0,-1.5808341602249336,1.0346825244215678,0.8363926995250175,-1.632189725682319,0.009726132916277977,1.3319111701097879,0.00010412572343065918,0.0,-0.0003043205260095938,0.0009729826946287545,-0.001691574755876779,-0.003495209716103842,0.00030400839766899813,0.004213852516512073
1107,0.5370150902730529,0.5370095536177485,0.002409762747834636,4.430367679566698,2.466059840351504,1.6548717748493176,3.1330780762431036,-1.0,-1.5811682249067904,1.035698832453632,0.83462248453495,-1.6358581014766782,0.01005983260525469,1.3363335132521306,0.00011474906514630234,0.0,-0.00033406468185681604,0.001016308032064206,-0.0017702149900674646,-0.003668375794359191,0.0003336996889767123,0.0044223431423426884
1108,0.536611241833975,0.5366055295285249,0.002446811588790231,4.430367707492679,2.4656558070810446,1.6548637905317336,3.133205059108579,-1.0,-1.581537069610295,1.036763389121964,0.832764528373194,-1.6397199454781877,0.010428249194831648,1.3409888292141012,0.0001269828654755223,0.0,-0.00036884470350462273,0.0010645566683320506,-0.0018579561617559914,-0.0038618440015094624,0.0003684165895769583,0.004655315961970663
1109,0.5361625058138391,0.5361566006249471,0.0024867867877309724,4.430367723865336,2.4652068682326993,1.6548552838973736,3.133346257919029,-1.0,-1.5819469838837892,1.0378820424026116,0.8308079982121565,-1.6437994432117398,0.010837659313510547,1.3459062915920574,0.00014119881045004945,0.0,-0.00040991427349412746,0.0011186532806475302,-0.001956530161037584,-0.0040794977335520954,0.000409410118678899,0.0049174623779562054
1110,0.5356601840369656,0.5356540658460885,0.0025301083090391026,4.43036772335454,2.464704322634758,1.6548461914479684,3.133504145657733,-1.0,-1.5824059355398312,1.03906181457621,0.8287398566469716,-1.6481257252382604,0.0112960142939209,1.3511210504143834,0.0001578877387036215,0.0,-0.00045895165604203925,0.0011797721735984368,-0.0020681415651848667,-0.004326282026520634,0.00045835498041035296,0.005214758822325916
1111,0.5350930809776759,0.5350867260906527,0.0025772835501355466,4.430367698084379,2.4641369710514947,1.6548364383872534,3.1336818556506514,-1.0,-1.582924182363439,1.0403112421974836,0.8265442162587785,-1.652734316539699,0.011813550604262715,1.3566759874937835,0.00017770999291855105,0.0,-0.0005182468236077931,0.0012494276212735578,-0.0021956403881930875,-0.004608591301438647,0.0005175363103418155,0.005554937079400135
1112,0.5344465196598525,0.5344398998981436,0.0026289305129867224,4.430367636152134,2.4634901318575086,1.6548259360602748,3.133883428587924,-1.0,-1.5835151753531684,1.041640848463044,0.8242014402708496,-1.6576691553481064,0.01240369123447245,1.362624163011184,0.00020157293727240955,0.0,-0.0005909929897294219,0.0013296062655603347,-0.002342775987928869,-0.0049348388084073935,0.0005901406302097345,0.005948175517400456
1113,0.5337008477180687,0.5336939292134645,0.0026858076262506973,4.430367519076104,2.4627441467929474,1.6548145787791997,3.134114182564933,-1.0,-1.5841969303464365,1.04306381454211,0.8216868604207737,-1.66298546946909,0.013084414565864181,1.369032303885454,0.0002307539770090017,0.0,-0.0006817549932680578,0.0014229660790661125,-0.002514579850075971,-0.005316314120983545,0.0006807233313917312,0.006408140874269996
1114,0.5328290953190171,0.5328218368991536,0.002748851232892264,4.430367317208502,2.4618720384626505,1.654802239988833,3.134381285264203,-1.0,-1.584994179131348,1.0445969584772368,0.818968900999993,-1.6687539807470984,0.01388040128645712,1.3759859073711842,0.0002671026992699943,0.0,-0.0007972487849114973,0.0015331439351267129,-0.00271795942078068,-0.00576851127800837,0.0007959867205929397,0.006953603485730264
1115,0.5317931637165718,0.5317855147321379,0.0028192197902888842,4.430366981072833,2.460835698314268,1.6547887679281315,3.1346946719077176,-1.0,-1.5859418715932754,1.0462622049954944,0.8160062513083572,-1.675067233025832,0.014826529969848654,1.3835969303296567,0.0003133866435147681,0.0,-0.0009476924619273852,0.0016652465182576126,-0.0029626496916357326,-0.006313252278733694,0.0009461286833915335,0.007611022958472491
1116,0.5305373449388704,0.5305292423585992,0.002898336788555381,4.43036642401283,2.4595794055660414,1.6547739815780733,3.1350685830542155,-1.0,-1.5870911331013169,1.0480888677230624,0.8127434561899936,-1.6820494389696943,0.015973823872141676,1.3920157697571158,0.00037391114649798496,0.0,-0.0011492615080415103,0.0018266627275680403,-0.0032627951183636927,-0.00698220594386223,0.0011472939022930222,0.008418839427459135
1117,0.5289767165304008,0.5289680811936956,0.0029879015480641664,4.430365484883422,2.458018221066271,1.6547576695825783,3.1355242766864087,-1.0,-1.588519939634801,1.0501173317145114,0.8091037654047213,-1.6898723961658313,0.017400108439083163,1.401450659284715,0.00045569363219311043,0.0,-0.001428806533484206,0.002028463991448959,-0.003639690785272265,-0.007822957196137015,0.0014262845669414867,0.009434889527599077
1118,0.52697502218935,0.5269657545531475,0.0030897630284347803,4.430363840551168,2.4560158673636536,1.6547396006320478,3.1360951162631046,-1.0,-1.5903534793185543,1.052405260618349,0.8049770091848595,-1.6987823386209107,0.01923034262351895,1.4122004629083753,0.0005708395766959029,0.0,-0.0018335396837532159,0.002287928903837555,-0.004126756219861805,-0.008909942455079367,0.0018302341844357861,0.010749803623660403
1119,0.5242992038989741,0.5242891815934085,0.003205300526784592,4.430360777278172,2.4533392625514168,1.6547195727631683,3.1368368612611746,-1.0,-1.592806046617931,1.0550385729159422,0.8001980005324035,-1.7091473794309142,0.021678460182048484,1.4247127937364057,0.0007417449980700042,0.0,-0.0024525672993767067,0.0026333122975932266,-0.004779008652455952,-0.010365040810003556,0.0024481175585295348,0.012512330828030382
1120,0.5205169254540983,0.520506013224164,0.003333030912809273,4.430354505962805,2.4495560560184875,1.654697597782643,3.137850483545004,-1.0,-1.5962755861447033,1.0581517786862515,0.7945061232867672,-1.7215450038199565,0.025141822653400096,1.4396917129530244,0.0010136222838292852,0.0,-0.003469539526772314,0.0031132057703093796,-0.0056918772456363564,-0.012397624389042239,0.0034633624713516116,0.014978919216618758
1121,0.5147386860235614,0.5147268045794293,0.003459385658625991,4.430339720398131,2.443776800552395,1.6546746041158928,3.139338682957142,-1.0,-1.6015820703304031,1.0619664776354147,0.7874676334118803,-1.7369252034656273,0.030439470482209727,1.45830041165305,0.0014881994121380693,0.0,-0.005306484185699789,0.0038146989491631977,-0.007038489874886866,-0.015380199645670833,0.005297647828809631,0.018608698700025572
1122,0.5048879393576726,0.5048754040595211,0.00352057591676924,4.430296790894388,2.433925339162594,1.654655453289658,3.1417637374713485,-1.0,-1.6106443559420185,1.066855299971158,0.778341679513941,-1.7568649097989397,0.03948906946550102,1.4824866919403925,0.002425054514206604,0.0,-0.009062285611615373,0.004888822335743281,-0.009125953897939354,-0.019939706333312435,0.009049598983291295,0.024186280287342488
1123,0.48556574865681856,0.4855546932985744,0.0032448832347203903,4.430133222286912,2.4146045080399494,1.654663389575949,3.146308621586469,-1.0,-1.6284747598767553,1.0733183270186772,0.7660933108011373,-1.7833148660405966,0.057304257686556025,1.5147431384917125,0.004544884115120329,0.0,-0.017830403934736783,0.006463027047519221,-0.012248368712803659,-0.026449956241656913,0.017815188221055003,0.032256446551319984
1124,0.4458019484640332,0.4457975112962927,0.0019727457821789836,4.429460067156359,2.374846338588637,1.654777215132345,3.1554516847414997,-1.0,-1.66538947089581,1.0806597872546286,0.7519063405942327,-1.8120076164811199,0.09422449714769339,1.5503231902383243,0.009143063155030884,0.0,-0.036914711019054636,0.007341460235951391,-0.014186970206904626,-0.028692750440523218,0.036920239461137365,0.03558005174661183
1125,0.3923980485232951,0.3923970670594145,0.0008720726203317006,4.42844160646136,2.321441820794913,1.6549509312025423,3.1686704368692933,-1.0,-1.7154281247515477,1.0847997578635618,0.7436630557613213,-1.8227984326900606,0.1443261115780843,1.5652352803812,0.013218752127793554,0.0,-0.0500386538557378,0.004139970608933119,-0.008243284832911368,-0.010790816208940734,0.05010161443039092,0.014912090142875645
1126,0.34489436903075976,0.3448940100014129,0.0004952181862951247,4.428059164458176,2.273935609359612,1.6550918634624932,3.182752777628951,-1.0,-1.7604485672571262,1.0872294957873043,0.7386737968282246,-1.823627467008773,0.1894085856890207,1.5686063998323616,0.01408234075965753,0.0,-0.04502044250557846,0.00242973792374257,-0.004989258933096652,-0.0008290343187125071,0.04508247411093638,0.0033711194511616416
1127,0.304168120748567,0.30416795057057683,0.0003205343462562991,4.428091538073471,2.233208714234417,1.655199539024015,3.1968245771832704,-1.0,-1.7995035908082433,1.0894284406590358,0.7341549135628229,-1.8224758804610495,0.22851115835855723,1.5697536431748877,0.014071799554319586,0.0,-0.03905502355111712,0.0021989448717314453,-0.00451888326540173,0.0011515865477236265,0.03910257266953654,0.0011472433425261386
1128,0.2691638949138815,0.2691638006107113,0.0002246445988448649,4.428318833643901,2.1982053081689403,1.6552782015628167,3.2104085899284374,-1.0,-1.833459015192492,1.091560446767666,0.7298026556391815,-1.8207640315603988,0.2625027425160147,1.5702442661439555,0.013584012745166962,0.0,-0.03395542438424881,0.002132006108630291,-0.004352257923641467,0.001711848900650681,0.033991584157457455,0.0004906229690677666
1129,0.23894474165949395,0.23894468311734365,0.0001668704128107439,4.428617368188609,2.16798764711936,1.65533411395307,3.223240940270309,-1.0,-1.8630958097617234,1.0936235661014797,0.7256187286660011,-1.8188946898338527,0.292167326564112,1.570482220543262,0.012832350341871468,0.0,-0.029636794569231295,0.0020631193338136455,-0.004183926973180374,0.00186934172654607,0.029664584048097298,0.00023795439930651696
1130,0.21273662713350092,0.21273658746878854,0.00012966671116515122,4.428922507121922,2.1417811485033713,1.6553732138103674,3.2351981853601837,-1.0,-1.8890660310529483,1.0955970031103548,0.7216376340062324,-1.817021858430804,0.31815919502588585,1.5706072417995742,0.011957245089874835,0.0,-0.02597022129122495,0.0019734370088750897,-0.0039810946597687025,0.0018728314030487248,0.02599186846177387,0.00012502125631219663
1131,0.18990568471174976,0.18990565597230627,0.00010432201110515124,4.4292034520377355,2.118951665111421,1.6554003030005098,3.24624256232746,-1.0,-1.9119097161039074,1.097464376145999,0.7178852646128822,-1.8152133424009291,0.3410199798478136,1.570676780820659,0.011044376967276115,0.0,-0.022843685050959017,0.0018673730356442153,-0.003752369393350219,0.0018085160298748626,0.02286078482192777,6.95390210847524e-05
1132,0.16993277146536248,0.1699327495646809,8.617133706241742e-05,4.429448074344163,2.098979951492944,1.6554189885335377,3.2563862077083803,-1.0,-1.9320744872909705,1.0992164285969923,0.7143746760028621,-1.8135001003867488,0.36119844490361264,1.570717229932305,0.010143645380920496,0.0,-0.02016477118706317,0.0017520524509933022,-0.003510588610020071,0.0017132420141803273,0.02017846505579901,4.0449111645912694e-05
1133,0.1523913671685814,0.15239134984329566,7.25966772657217e-05,4.429654059264364,2.081439480131209,1.6554318720476993,3.2656688193374657,-1.0,-1.949932691243787,1.1008497912819604,0.7111086122234933,-1.8118952009663711,0.379067759407596,1.570741675682657,0.009282611629085391,0.0,-0.017858203952816565,0.0016333626849680538,-0.0032660637793687775,0.00160489942037767,0.01786931450398338,2.444575035220886e-05
1134,0.13692945053573147,0.1369294364449481,6.207154489457856e-05,4.429823860523006,2.0659782638575015,1.6554407839208052,3.274144020909296,-1.0,-1.9657955291062839,1.1023652705761635,0.7080826695518909,-1.8104023566728016,0.3949397227658041,1.5707569773354897,0.008475201571830127,0.0,-0.01586283786249676,0.001515479294203148,-0.0030259426716023885,0.0014928442935695507,0.015871963358208063,1.5301652832588886e-05
1135,0.12325496196968945,0.12325495026946054,5.367102051512502e-05,4.429961911280883,2.0523042891425174,1.6554469910536675,3.2818711912826988,-1.0,-1.9799244626177648,1.1037664143445964,0.7052878644881087,-1.809020205193329,0.40907623636448626,1.5707668854559318,0.007727170373402981,0.0,-0.014128933511480923,0.001401143768432922,-0.0027948050637822686,0.0013821514794725154,0.014136513598682177,9.908120442103652e-06
1136,0.1111242493153904,0.11112423944549939,4.681147553296642e-05,4.430073147303164,2.0401739479872956,1.6554513606031847,3.288910678239834,-1.0,-1.9925403470718062,1.1050584528880176,0.7027124943754769,-1.8077446213226165,0.421698482178061,1.5707735210609717,0.007039486957135299,0.0,-0.012615884454041382,0.0012920385434211923,-0.0025753701126317585,0.0012755838707125822,0.01262224581357474,6.63560503988414e-06
1137,0.10033290992037609,0.10033290149159332,4.110901173911784e-05,4.4301622777267164,2.029382874768208,1.6554544815410484,3.29532109016335,-1.0,-2.0038307307237315,1.106247557684936,0.7003434217233837,-1.806570028751953,0.4329942540207719,1.5707781177191071,0.006410411923515991,0.0,-0.011290383651925362,0.001189104796918361,-0.002369072652093185,0.0011745925706634353,0.011295771842710911,4.596658135458398e-06
1138,0.0907085263121348,0.09070851904347964,3.6300880239170156e-05,4.430233470335558,2.0197586809520107,1.6554567518031182,3.3011578530341907,-1.0,-2.0139556978256046,1.1073403384875289,0.6981669356525012,-1.805490168214588,0.44312382292284647,1.5707814105666236,0.005836762870840673,0.0,-0.01012496710187305,0.0010927808025928964,-0.0021764860708824996,0.001079860537364974,0.01012956890207456,3.2928475164339943e-06
1139,0.08210488743264979,0.08210488111474024,3.22006129019614e-05,4.430290257793395,2.011155177166299,1.655458439378262,3.3064725297830124,-1.0,-2.023052562129025,1.1083435104842305,0.6961693158667931,-1.8044985549581447,0.4522246464107992,1.5707838475167624,0.0053146767488216895,0.0,-0.009096864303420382,0.001003171996701635,-0.0019976197857081157,0.0009916132564433688,0.009100823487952714,2.436950138795524e-06
1140,0.07439737284794895,0.07439736732059875,2.8671599917638428e-05,4.4303355544451,2.003447758801879,1.6554597244723686,3.311312591653573,-1.0,-2.031239654177247,1.1092636798177187,0.6943371915814237,-1.8035887519841516,0.46041516702256874,1.5707857072722344,0.004840061870560408,0.0,-0.008187092048221878,0.0009201693334881522,-0.0018321242853693853,0.0009098029739931235,0.008190520611769558,1.8597554720667375e-06
1141,0.06747924825311162,0.06747924339105998,2.561104324591491e-05,4.430371722290738,1.9965297029074345,1.6554607282889666,3.315721450715306,-1.0,-2.0386193929993555,1.1101072102643474,0.6926577607587858,-1.8027545310375401,0.46779789204755884,1.570787166869413,0.00440885906173305,0.0,-0.007379738822108628,0.0008435304466287707,-0.001679430822637884,0.0008342209466114525,0.0073827250249901,1.4595971786768303e-06
1142,0.061258677048188444,0.0612586727516674,2.2939765367333538e-05,4.43040065320797,1.990309180942684,1.6554615325137747,3.319738636700086,-1.0,-2.045280790797861,1.1108801449718644,0.6911189150062347,-1.8019899638929924,0.47446190403080113,1.5707883411432668,0.0040171859847801805,0.0,-0.006661397798505497,0.0007729347075169368,-0.0015388457525511434,0.0007645671445477564,0.006664011983242291,1.1742738537101616e-06
1143,0.05565629677554389,0.05565629296384298,2.0595636588808528e-05,4.43042385076151,1.9847068361361744,1.6554621924243504,3.323400047203018,-1.0,-2.0513015063880107,1.1115881651683055,0.689709301339619,-1.8012894698446311,0.4804849184547128,1.570789306208961,0.0036614105029317834,0.0,-0.006020715590149717,0.000708020196441117,-0.0014096136666156278,0.0007004940483612554,0.006023014423911677,9.65065694247258e-07
1144,0.05060324316433159,0.050603239771279056,1.8529029225938853e-05,4.430442504011026,1.9796538082169621,1.6554627456692395,3.326738228683438,-1.0,-2.056749537740394,1.1122365733986446,0.6884183421946458,-1.8006478355496691,0.485934979405021,1.5707901136650864,0.0033381814804203103,0.0,-0.0054480313523832535,0.0006484082303390704,-0.001290959144973236,0.0006416342949620013,0.0054500609503082,8.074561252957579e-07
1145,0.04603953060380452,0.04603952757452133,1.6699821166390735e-05,4.430457550620385,1.975090114386534,1.6554632181264526,3.329782663256203,-1.0,-2.0616846243902778,1.1128302927673035,0.6872362283055778,-1.8000602174828408,0.4908718643019263,1.5707907993172867,0.0030444345727649313,0.0,-0.004935086649883846,0.0005937193686589293,-0.0011821138890679705,0.0005876180668282771,0.0049368848969053025,6.856522003495513e-07
1146,0.04191271787497342,0.04191271516348883,1.5075056353942933e-05,4.430469729070127,1.9709633154056907,1.6554636278030108,3.3325600470786862,-1.0,-2.066159415375846,1.113373876371659,0.6861538944277452,-1.7995221336078941,0.4953482535816227,1.5707913886155098,0.0027773838224831593,0.0,-0.004474790985568244,0.0005435836043554687,-0.0010823338778326308,0.0005380838749466932,0.004476389279696402,5.892982231081589e-07
1147,0.038176803343831674,0.03817680091129786,1.362751722721249e-05,4.430479620935705,1.9672274110379426,1.6554639874263157,3.3350945527621225,-1.0,-2.070220446700009,1.1138715229745673,0.6851629846928705,-1.7990294485635834,0.49941070948028776,1.5707919000922388,0.0025345056834362722,0.0,-0.0040610313241629115,0.0004976466029082971,-0.000990909734874701,0.00049268504431077,0.004062455898665052,5.114767289704503e-07
1148,0.034791305666134933,0.03479130347947133,1.2334417613702021e-05,4.430487684629487,1.9638419209292588,1.6554643061648415,3.337408072250125,-1.0,-2.0739089632641354,1.1143270962442569,0.6842558121955807,-1.79857835517567,0.5031004989807988,1.5707923475685623,0.0023135194880024024,0.0,-0.0036885165641264983,0.0004555732696895909,-0.0009071724972897766,0.0004510933879133816,0.0036897895005110204,4.4747632355068845e-07
1149,0.03172049521709337,0.03172049324793767,1.1176486793135657e-05,4.430494282066506,1.9607711161596768,1.6554645907708503,3.3395204389990734,-1.0,-2.077261613177643,1.1147441457694387,0.6834253159018329,-1.7981653541362186,0.5064542889062067,1.5707927415910237,0.0021123667489484355,0.0,-0.003352649913507477,0.0004170495251818451,-0.0008304962937478733,0.00041300103945141053,0.003353789925407913,3.9402246132524965e-07
1150,0.02893274857748387,0.028932746801373133,1.0137434203520277e-05,4.43049969959958,1.9579833738142687,1.6554648463401542,3.341449629680639,-1.0,-2.0803110368356847,1.1151259286614277,0.682665016931292,-1.7977872330505962,0.5095047356099641,1.5707930903821972,0.0019291906815657178,0.0,-0.003049423658041839,0.00038178289198897986,-0.0007602989705408625,0.0003781210856224071,0.0030504467037574257,3.487911734989524e-07
1151,0.02640000396255037,0.026400002358271196,9.203273701074014e-06,4.430504164386171,1.9554506324711272,1.6554650768184573,3.3432119463912557,-1.0,-2.0830863688232504,1.1154754309694355,0.6819689755499421,-1.7974410456254801,0.5122809873632137,1.5707934004799589,0.0017623167106166626,0.0,-0.0027753319875656324,0.0003495023080077875,-0.0006960413813499322,0.00034618742511605127,0.002776251753249581,3.1009776169099723e-07
1152,0.024097299835346524,0.024097298384414864,8.36198147987183e-06,4.430507857152646,1.9531479308559359,1.6554652853401048,3.3448221807379683,-1.0,-2.0856136672791052,1.1157953884190006,0.6813317497165301,-1.797124091484792,0.5148091141033257,1.5707936771748625,0.0016102343467125912,0.0,-0.002527298455854865,0.0003199574495651447,-0.0006372258334119696,0.00031695414068821925,0.0025281267401120466,2.766949036558941e-07
1153,0.022002382377216315,0.022002381063456467,7.603214373099087e-06,4.430510922138401,1.9510530153413026,1.6554654744559778,3.3462937613256316,-1.0,-2.087916282632998,1.1160883061772644,0.6807483556883246,-1.7968338969078481,0.5171124764798658,1.5707939248148117,0.0014715805876632793,0.0,-0.0023026153538929783,0.00029291775826378874,-0.0005833940282055083,0.0002901945769437919,0.0023033623765400524,2.476399492135073e-07
1154,0.020095370203719685,0.020095369012920597,6.917863081217567e-06,4.430513474842958,1.9491460046829556,1.6554656462880057,3.347638886191005,-1.0,-2.090015175458946,1.1163564774803374,0.6802142309609025,-1.796568196654483,0.5192120439577618,1.5707941470212625,0.0013451248653733039,0.0,-0.0020988928259479955,0.00026817130307299486,-0.0005341247274220917,0.000265700253365031,0.0020995674778959694,2.222064507950705e-07
1155,0.018358466873656953,0.018358465793291312,6.2980987785155215e-06,4.430515608066733,1.9474091025430746,1.6554658026350002,3.3488686416735325,-1.0,-2.0919291914470075,1.1166020010465354,0.6797251996606053,-1.7963249169551594,0.5211266699928511,1.5707943468455665,0.0012297554825275725,0.0,-0.0019140159880612906,0.00024552356619800264,-0.0004890313002972047,0.0002432796993236952,0.0019146260350892952,1.9982430399245743e-07
1156,0.016775713463577376,0.016775712482563848,5.736927707449181e-06,4.43051739662849,1.9458263500749386,1.6554659450461136,3.349993109116503,-1.0,-2.093675300094212,1.1168267972580503,0.6792774404042474,-1.7961021596865627,0.5228733308901634,1.570794526884176,0.001124467442970456,0.0,-0.0017461086472043696,0.00022479621151494378,-0.0004477592563578714,0.00022275726859666278,0.0017466608973123465,1.8003860957627182e-07
1157,0.01533277486383201,0.01533277397234241,5.228502996079512e-06,4.4305189010570905,1.944383412226217,1.6554660748726524,3.351021460677983,-1.0,-2.0952688025813386,1.1170326231318763,0.6788674565727979,-1.7958981877156728,0.5244673338190547,1.5707946893651157,0.0010283515614801786,0.0,-0.0015935024871267522,0.00020582587382600437,-0.000409983831449523,0.000203971970889949,0.001594002928891336,1.6248093959170262e-07
1158,0.01401675456704522,0.014016753756337711,4.76716070894512e-06,4.430520170487674,1.9430673925326192,1.6554661933053445,3.3519620454114563,-1.0,-2.096723513381036,1.1172210861248748,0.6784920489030367,-1.795711411371541,0.5259224985364149,1.570794836214043,0.0009405847334731376,0.0,-0.0014547107996971675,0.0001884629929984616,-0.0003754076697611852,0.00018677634413166722,0.00145516471736018,1.4684892724048382e-07
1159,0.012816033621736785,0.012816032884018494,4.348382501232586e-06,4.4305212449401825,1.9418666720752586,1.6554663014017357,3.352822466659185,-1.0,-2.0980519193913434,1.1173936568322216,0.6781482902758492,-1.7955403759896738,0.5272513166164835,1.570794969105564,0.00086042124772856,0.0,-0.0013284060103075923,0.00017257070734677527,-0.00034375862718749595,0.00017103538186735712,0.0013288180800685723,1.32891521120726e-07
1160,0.011720130156394804,0.011720129484702364,3.967908108416188e-06,4.430522157117377,1.9407707690074312,1.6554664001068253,3.3536096516909835,-1.0,-2.0992653197733695,1.117551680646186,0.6778335025664249,-1.7953837504660244,0.5284650913695232,1.5707950895037148,0.0007871850317986429,0.0,-0.0012134003820261086,0.00015802381396445853,-0.00031478770942428014,0.00015662552364936744,0.0012137747530397425,1.2039815078246363e-07
1161,0.01071957647661665,0.010719575864715645,3.621871224902307e-06,4.430522933828257,1.9397702156537333,1.6554664902689982,3.354329914419463,-1.0,-2.100373949166053,1.1176963884454274,0.6775452354163367,-1.7952403167540796,0.5295740611250612,1.570795198694345,0.0007202627284796925,0.0,-0.0011086293926836355,0.00014470779924136146,-0.00028826715008822834,0.00014343371194480703,0.0011089697555379807,1.0919063009318108e-07
1162,0.009805811226899082,0.009805810669196098,3.3071179386585704e-06,4.430523597118676,1.9388564506732995,1.655466572652641,3.354989011930572,-1.0,-2.10138708653364,1.1178289063852493,0.6772812467876056,-1.7951089602379178,0.5305875081375329,1.5707952978113557,0.0006590975111087083,0.0,-0.0010131373675870137,0.00013251793982194116,-0.0002639886287311155,0.00013135651616180688,0.0010134470124716355,9.911701082110369e-08
1163,0.008971084510254645,0.008971084001725095,3.0204914711295946e-06,4.4305241651724145,1.9380217241804907,1.6554666479483586,3.3555921954854213,-1.0,-2.102313151555968,1.1179502648575825,0.6770394851625177,-1.7949886609154364,0.531513855026201,1.5707953878581982,0.0006031835548494513,0.0,-0.0009260650223277267,0.00012135847233318842,-0.00024176162508793286,0.00012029932248136532,0.0009263468886681059,9.004684242697181e-08
1164,0.008208374190048405,0.008208373726169477,2.759411819952579e-06,4.430524653031754,1.9372590140475188,1.6554667167814343,3.3561442565754938,-1.0,-2.103159790184564,1.1180614066865795,0.6768180732588246,-1.7948784853284745,0.5323607503737782,1.5707954697256659,0.0005520610900724421,0.0,-0.0008466386285959082,0.00011114182899696345,-0.0002214119036930695,0.00011017558696191365,0.0008468953475772034,8.186746769389686e-08
1165,0.007511311872342549,0.007511311449037587,2.521600544621722e-06,4.430525073175654,1.9365619518873851,1.6554667797189542,3.3566495685477467,-1.0,-2.1039339507482,1.1181631946221295,0.6766152931371268,-1.794777579179812,0.5331351448685673,1.570795544206753,0.0005053119722528976,0.0,-0.000774160563636439,0.00010178793555004617,-0.000202780121697832,0.00010090614866253844,0.0007743944947891102,7.448108707563961e-08
1166,0.006874117294533525,0.0068741169081238855,2.3046272908670285e-06,4.4305254359852,1.9359247574429612,1.655466837275909,3.3571121242580833,-1.0,-2.1046419517913377,1.1182564181896435,0.6764295725850561,-1.794685160580682,0.5338433591744932,1.5707956120091582,0.0004625557103365985,0.0,-0.0007080010431375072,9.322356751395589e-05,-0.0001857205520706673,9.241859913000638e-05,0.000708214305925936,6.780240524584258e-08
1167,0.006291540035456722,0.006291539682618403,2.1069209149047023e-06,4.43052575011955,1.9353421802974262,1.6554668899204783,3.3575355701603917,-1.0,-2.105289542660862,1.1183417999503908,0.6762594726709295,-1.79460051387624,0.5344911445452138,1.5707956737658821,0.00042344590230847245,0.0,-0.0006475908695242616,8.538176074734949e-05,-0.00017009991412664238,8.464670444197075e-05,0.0006477853707206327,6.175672395691834e-08
1168,0.005758807620447183,0.0057588072981728505,1.926461400266852e-06,4.4305260228205166,1.934809447979581,1.6554669380786595,3.357923237193129,-1.0,-2.1058819577150607,1.118420001222607,0.6761036763675372,-1.794522984000259,0.5350837370568997,1.5707957300442654,0.0003876670327374043,0.0,-0.0005924150541987139,7.82012722162495e-05,-0.0001557963033922416,7.752987598097505e-05,0.0005925925116858632,5.627838328692292e-08
1169,0.005271579227541879,0.005271578933108589,1.7616172678629828e-06,4.430526260160113,1.9343222196702445,1.6554669821383485,3.358278168785546,-1.0,-2.1064239649093195,1.1184916273096601,0.6759609781544808,-1.7944519713140525,0.5356259062146911,1.5707957813537388,0.00035493159241672956,0.0,-0.0005420071942587867,7.162608705302276e-05,-0.00014269821305645802,7.101268620646195e-05,0.0005421691577913723,5.130947333675806e-08
1170,0.004825904312610834,0.0048259040435504824,1.611255883087484e-06,4.43052646724233,1.9338765448275317,1.655467022452963,3.3586031462704664,-1.0,-2.1069199094118054,1.118557232277811,0.6758302745148619,-1.7943869268881947,0.536121998586549,1.5707958281525023,0.00032497748492055223,0.0,-0.0004959445024859122,6.560496815088968e-05,-0.00013070363961886766,6.504442585786308e-05,0.0004960923718578814,4.679876353108625e-08
1171,0.004418185565325028,0.004418185319398436,1.473935010299606e-06,4.430526648368073,1.933468826142935,1.6554670593446803,3.3589007119595267,-1.0,-2.1073737528164096,1.1186173233225705,0.6757105552490897,-1.7943273481889948,0.5365759770321403,1.5707958708533096,0.00029756568906025294,0.0,-0.0004538434046041928,6.0091044759458256e-05,-0.00011971926577214465,5.9578699199924756e-05,0.00045397844559136313,4.270080733448367e-08
1172,0.004045145687527303,0.004045145462701368,1.3483698398905368e-06,4.430526807170367,1.9330957863197833,1.6554670931073294,3.359173190109356,-1.0,-2.1077891084469322,1.1186723647593568,0.675600895535075,-1.794272775134851,0.5369914560210473,1.5707959098284956,0.00027247814982933605,0.0,-0.00041535563052264024,5.504143678636275e-05,-0.00010965971401477592,5.4573054143691735e-05,0.00041547898890692547,3.897518596751581e-08
1173,0.003703797553169921,0.0037037973475971962,1.233650567282469e-06,4.430526946725458,1.9327544382332482,1.6554671240089944,3.359422705983012,-1.0,-2.108169273183824,1.1187227816710958,0.6755004486701155,-1.7942227864905516,0.5373717334718867,1.5707959454143645,0.00024951587365595884,0.0,-0.0003801647368919525,5.041691173901519e-05,-0.0001004468649594692,4.998864429950345e-05,0.0003802774508394613,3.558586891827531e-08
1174,0.003391417366507949,0.0033914171785087263,1.1289535120056163e-06,4.430527069644367,1.9324420580885904,1.6554671522943583,3.359651203189547,-1.0,-2.1085172561911114,1.1187689632425828,0.6754084394353532,-1.794176996570324,0.5377198194901786,1.5707959779150327,0.00022849720653494998,0.0,-0.00034798300728722253,4.618157148694735e-05,-9.200923476226919e-05,4.5789920227523595e-05,0.0003480860182918377,3.250066815674302e-08
1175,0.003105520484350089,0.003105520312396161,1.0332426919555955e-06,4.430527178148497,1.9321561612434521,1.6554671781868169,3.3598604594656334,-1.0,-2.1088358048749387,1.1188112658088285,0.6753241580288113,-1.794135052222946,0.538038462336591,1.5707960076058054,0.000209256276086478,0.0,-0.00031854868382730217,4.230256624571105e-05,-8.428140654193061e-05,4.194434737803121e-05,0.00031864284641247576,2.96907727292961e-08
1176,0.0028438396102303245,0.002843839452931146,9.457249434365643e-07,4.430527274132229,1.9318944804020628,1.6554672018903884,3.3600521010463633,-1.0,-2.109127428365361,1.1188500156422303,0.675246954517724,-1.7940966300745407,0.5383301719173542,1.5707960347361507,0.00019164158072992876,0.0,-0.00029162349042222147,3.874983340179661e-05,-7.720351108730927e-05,3.8422148405325984e-05,0.00029170958076318865,2.7130345303660874e-08
1177,0.0026043051044354172,0.002604304960523635,8.655509788667e-07,4.430527359214849,1.93165494592529,1.6554672235914443,3.3602276157574074,-1.0,-2.1093944187786007,1.1188855115012275,0.675176233765184,-1.7940614340068004,0.5385972410541907,1.57079605953233,0.0001755147110440447,0.0,-0.0002669904132397427,3.54958589972032e-05,-7.072075253999888e-05,3.519606774027295e-05,0.00026706913683649525,2.479617933204281e-08
1178,0.0023850271849221996,0.0023850270532438087,7.921477472783542e-07,4.430527434783756,1.9314356680315814,1.6554672434602762,3.3603883649474433,-1.0,-2.1096388704871436,1.1189180269611145,0.6751114507900685,-1.7940291928503205,0.5388417647612598,1.5707960821997262,0.000160749190035947,0.0,-0.0002444517085429254,3.2515459887028086e-05,-6.478297511547382e-05,3.2241156479928534e-05,0.00024452370706906645,2.2667396182285415e-08
1179,0.0021842798209761993,0.0021842797004784217,7.254279520892115e-07,4.430527502030423,1.9312349206906356,1.6554672616525161,3.360535594367946,-1.0,-2.1098626975991226,1.1189478125458625,0.675052106522804,-1.793999658274498,0.5390656577306597,1.570796102924913,0.0001472294205027147,0.0,-0.0002238271119789914,2.9785584747976657e-05,-5.9344267264505035e-05,2.9534575822554032e-05,0.0002238929693999525,2.072518667795009e-08
1180,0.0020004861446892425,0.002000486034411703,6.630598146107017e-07,4.430527561980472,1.9310511270348962,1.6554672783104276,3.360670444096901,-1.0,-2.1100676498258295,1.1189750976781474,0.6749977439228091,-1.7939726028570637,0.539270670205419,1.5707961218774946,0.00013484972895483338,0.0,-0.0002049522267069115,2.7285132284893265e-05,-5.4362599994917105e-05,2.705541743419637e-05,0.00020501247475923634,1.895258172623926e-08
1181,0.0018322052254884928,0.0018322051245557433,6.074850890231079e-07,4.430527615518785,1.9308828461340914,1.6554672935640773,3.360793957593571,-1.0,-2.110255326896458,1.1190000924632695,0.6749479444264502,-1.7939478183178033,0.5394584023991518,1.5707961392117502,0.00012351349666994693,0.0,-0.00018767707062838923,2.4994785122078866e-05,-4.979949635885994e-05,2.478453926046953e-05,0.0001877321937328036,1.7334255586476388e-08
1182,0.0016781200704983229,0.0016781199781109079,5.563543648300978e-07,4.430527663410622,1.9307287609956025,1.6554673075324011,3.3609070899630664,-1.0,-2.1104271916618784,1.1190229893212758,0.6749023246970676,-1.7939251139023586,0.5396303176042482,1.5707961550680996,0.00011313236949561656,0.0,-0.0001718647654205263,2.2896858006271614e-05,-4.561972938266212e-05,2.2704415444607662e-05,0.0001719152050964068,1.5856349344645082e-08
1183,0.0015370267287988385,0.0015370266442269996,5.09262308199264e-07,4.430527706319283,1.9305876676687312,1.6554673203241714,3.361010715501891,-1.0,-2.110584582014075,1.1190439644803423,0.6748605336511202,-1.7939043149032377,0.5397877541152788,1.5707961695744184,0.00010362553882448111,0.0,-0.0001573903521965292,2.097515906651637e-05,-4.1791045947370264e-05,2.0798999120996697e-05,0.0001574365110306175,1.4506318812834706e-08
1184,0.0014078243910543757,0.0014078243136320698,4.655271575395301e-07,4.430527744821042,1.9304584653443337,1.6554673320388833,3.3611056345889265,-1.0,-2.1107287217344917,1.11906317934333,0.6748222497367561,-1.7938852613062755,0.5399319360809189,1.5707961828472157,9.491908703562757e-05,0.0,-0.00014413972041671386,1.9214862987837478e-05,-3.828391436411227e-05,1.9053596962192998e-05,0.0001441819656401444,1.3272797305674544e-08
1185,0.0012895063876963017,0.001289506316814335,4.2618363040909765e-07,4.43052777941769,1.9303401473530066,1.655467342767554,3.361192579980219,-1.0,-2.1108607303727744,1.1190807817383943,0.6747871784431845,-1.7938678065518148,0.5400639833859135,1.5707961949926939,8.694539129239232e-05,0.0,-0.00013200863828277676,1.760239506420902e-05,-3.50712935716091e-05,1.745475446068845e-05,0.00013204730499460915,1.214547817873779e-08
1186,0.0011811519991588582,0.0011811519342612795,3.908537938774849e-07,4.43052781054715,1.9302317929753294,1.6554673525934567,3.3612722225604967,-1.0,-2.1109816322469523,1.119096907063572,0.6747550500211006,-1.7938518164008008,0.5401849206541711,1.5707962061076997,7.964258027781668e-05,0.0,-0.00012090187417790332,1.6125325177585026e-05,-3.2128422083888e-05,1.5990151013944853e-05,0.00012093726825757045,1.1115005804640532e-08
1187,0.0010819190007791352,0.0010819189413572654,3.5762786865234566e-07,4.430527838592469,1.930132559986765,1.6554673615927888,3.3613451765994427,-1.0,-2.1110923646468867,1.1191116793344154,0.6747256173961316,-1.7938371678968381,0.540295685454845,1.570796216280583,7.295403894591601e-05,0.0,-0.00011073239993431017,1.4772270843455004e-05,-2.9432624969016885e-05,1.464850396271089e-05,0.00011076480067384598,1.017288342453071e-08
1188,0.0009910368729327973,0.0009910368185223964,3.278255462646499e-07,4.430527863889422,1.9300416778678002,1.6554673698352782,3.361412004556315,-1.0,-2.111193785314621,1.1191252121429514,0.6746986542588315,-1.7938237484160273,0.5403971357850653,1.5707962255919707,6.682795687229515e-05,0.0,-0.000101420667734331,1.3532808535998697e-05,-2.6963137300106688e-05,1.3419480810794582e-05,0.00010145033022035399,9.311387660915216e-09
1189,0.0009078006141330517,0.0009078005643092387,2.9950963321688554e-07,4.430527886732993,1.9299584416170454,1.65546737738474,3.361473221472537,-1.0,-2.111286679267973,1.1191376095355285,0.6746739533161784,-1.793811454797107,0.5404900568956874,1.5707962341154653,6.121691622196224e-05,0.0,-9.289395335221329e-05,1.2397392577190303e-05,-2.4700942653055336e-05,1.2293618920411475e-05,9.292111062209063e-05,8.523494576806456e-09
1190,0.0008315651010618238,0.0008315650554359242,2.747638361839329e-07,4.430527907382873,1.9298822061112682,1.6554673842995815,3.3615292989882626,-1.0,-2.111371765027223,1.1191489668164616,0.6746513246908247,-1.7938001925450717,0.5405751675199354,1.5707962419182768,5.60775157256721e-05,0.0,-8.508575924981443e-05,1.1357280933044223e-05,-2.2628625353737775e-05,1.1262252035182385e-05,8.511062424798599e-05,7.80281150802864e-09
1191,0.0007617399451144989,0.0007617399033316736,2.511188320272082e-07,4.430527926068173,1.9298123809619403,1.6554673906332666,3.3615806690156855,-1.0,-2.111449700298947,1.1191593712837875,0.6746305944555335,-1.7937898751020211,0.5406531255590115,1.5707962490617953,5.137002742294783e-05,0.0,-7.793527172417214e-05,1.0404467325919597e-05,-2.073023529114426e-05,1.0317443050578134e-05,7.79580390760648e-05,7.143518443442076e-09
1192,0.0006977848000036681,0.0006977847617388471,2.2891598188485577e-07,4.430527942991418,1.9297484258228412,1.655467396434736,3.3616277270988975,-1.0,-2.1115210871658783,1.1191689029029035,0.6746116032913209,-1.7937804231795327,0.5407245332735655,1.5707962556021076,4.705808321192606e-05,0.0,-7.138686693108909e-05,9.531619115987766e-06,-1.8991164212667222e-05,9.451922488468156e-06,7.140771455405037e-05,6.540312291747341e-09
1193,0.0006392050793973045,0.0006392050443527202,2.1073424255447054e-07,4.430527958332001,1.9296898461076983,1.6554674017487927,3.361670835487458,-1.0,-2.111586476827011,1.1191776349233609,0.6745942052588,-1.7937717641473407,0.5407899420252659,1.5707962615904683,4.310838856058652e-05,0.0,-6.538966113289746e-05,8.732020457369316e-06,-1.7398032520876683e-05,8.659032191937754e-06,6.540875170035765e-05,5.988360696207451e-09
1194,0.0005855480475272063,0.000585548015431286,1.9198803196437874e-07,4.430527972249124,1.9296361890807976,1.6554674066164563,3.3617103259484065,-1.0,-2.111646373928027,1.1191856344436373,0.6745782666731321,-1.7937638314735491,0.5408498566085536,1.5707962670737257,3.949046094842146e-05,0.0,-5.9897101015948806e-05,7.999520276413818e-06,-1.5938585667840677e-05,7.93267379162188e-06,5.991458328769017e-05,5.4832574036822734e-09
1195,0.0005363992492587113,0.0005363992198627458,1.7504900879369298e-07,4.430527984884337,1.9295870402870516,1.655467411075282,3.361746502339257,-1.0,-2.1117012405183577,1.1191929629282975,0.6745636650738038,-1.7937565642120157,0.5409047392089169,1.5707962720947082,3.617639085051749e-05,0.0,-5.486659033060448e-05,7.328484660229506e-06,-1.4601599328312176e-05,7.26726153343904e-06,5.4882600363348466e-05,5.020982518644246e-09
1196,0.0004913792492657147,0.0004913792223418372,1.6049041769309372e-07,4.430527996363713,1.9295420202911766,1.6554674151596578,3.36177964296254,-1.0,-2.1117514996678484,1.1191996766815726,0.6745502882812047,-1.793749906532914,0.5409550130206573,1.570796276692577,3.314062328296785e-05,0.0,-5.025914949063903e-05,6.713753275100487e-06,-1.3376792599162357e-05,6.657679101573777e-06,5.02738117403867e-05,4.597868752398426e-09
1197,0.00045014065281851726,0.00045014062815830713,1.460009659995544e-07,4.430528006799742,1.929500781698481,1.6554674189010696,3.361810002720639,-1.0,-2.1117975387729486,1.1192058272810486,0.6745380335326605,-1.7937438072928251,0.541001065554083,1.5707962809031453,3.0359758099063328e-05,0.0,-4.603910510025955e-05,6.150599475951424e-06,-1.2254748544160421e-05,6.09924008898588e-06,4.605253342571114e-05,4.21056833843636e-09
1198,0.00041236538325798593,0.0004123653606705695,1.332800374925012e-07,4.430528016292959,1.92946300643234,1.6554674223283505,3.3618378150880264,-1.0,-2.111839712579626,1.1192114619748343,0.6745268066912075,-1.7937382196410145,0.5410432516593382,1.5707962847591697,2.7812367387358705e-05,0.0,-4.2173806677592296e-05,5.634693785783185e-06,-1.1226841453049197e-05,5.587651810579075e-06,4.218610525519306e-05,3.8560243886820444e-09
1199,0.0003777621935123492,0.000377762172823537,1.2287812309317777e-07,4.430528024933353,1.9294284032457127,1.655467425467904,3.3618632939165214,-1.0,-2.11187834594773,1.1192166240452992,0.6745165215209595,-1.7937331006588444,0.5410818962915996,1.570796288290615,2.5478828495018035e-05,0.0,-3.863336810372431e-05,5.16207046485917e-06,-1.0285170247925635e-05,5.118982170149167e-06,3.864463226144199e-05,3.5314453583623617e-09
1200,0.0003460643911185969,0.00034606437216815815,1.1151007970493862e-07,4.430528032801599,1.9293967054461634,1.6554674283439095,3.361886635087824,-1.0,-2.1119137363792997,1.1192213531421995,0.6745070990234474,-1.793728411029518,0.541117297040146,1.5707962915248959,2.3341171302426744e-05,0.0,-3.5390431569748415e-05,4.72909690030221e-06,-9.422497512123762e-06,4.68962932642647e-06,3.540074854635478e-05,3.234280843145143e-09
1201,0.0003170277580476605,0.000317027740689161,1.0106459234841571e-07,4.430528039970127,1.929367668815688,1.6554674309785105,3.3619080180263463,-1.0,-2.1119461563313,1.1192256855877811,0.6744984668297835,-1.7937241147356013,0.5411497264417852,1.5707962944870961,2.1382938522496175e-05,0.0,-3.2419952000317664e-05,4.332445581622935e-06,-8.632193663871135e-06,4.296293916628002e-06,3.2429401639166855e-05,2.9622002628570954e-09
1202,0.00029042864837226995,0.00029042863247191064,9.424321830774487e-08,4.430528046504047,1.9293410697083822,1.6554674333919868,3.36192760708424,-1.0,-2.1119758553314276,1.1192296546562202,0.6744905586439448,-1.7937201787819794,0.5411794340972959,1.5707962972001699,1.9589057893565354e-05,0.0,-2.9699000127614283e-05,3.969068439024781e-06,-7.908185838734205e-06,3.935953621914123e-06,2.970765551069121e-05,2.7130737656477777e-09
1203,0.00026606224828941313,0.00026606223372430484,8.429369702178808e-08,4.430528052461977,1.9293167033104628,1.655467435602912,3.3619455528094844,-1.0,-2.112003061913989,1.1192332908295675,0.6744833137328615,-1.7937165729421016,0.5412066486078816,1.5707962996851241,1.794572524449478e-05,0.0,-2.720658256150088e-05,3.6361733473100344e-06,-7.244911083281735e-06,3.6058398777960576e-06,2.7214510585737983e-05,2.4849542423766025e-09
1204,0.0002437409844513131,0.00024374097110939732,7.598131170262078e-08,4.4305280578967405,1.929294382048601,1.6554674376282976,3.3619619931069695,-1.0,-2.1120279853913395,1.1192366220321757,0.6744766764593715,-1.7937132695255555,0.5412315793471375,1.5707963019611857,1.6440297485154076e-05,0.0,-2.4923477350391465e-05,3.3312026082032986e-06,-6.637273490039952e-06,3.303416546085458e-06,2.4930739255912826e-05,2.2760615614458857e-09
1205,0.00022329306776228925,0.00022329305554078666,6.664001874625058e-08,4.430528062856003,1.9292739341337177,1.655467439483723,3.361977054301655,-1.0,-2.1120508174750077,1.1192396738454236,0.6744705958544246,-1.7937102431651732,0.5412544180826582,1.5707963040459532,1.5061194685639379e-05,0.0,-2.2832083668156145e-05,3.051813247889612e-06,-6.080604946889778e-06,3.0263603822966445e-06,2.2838735520669395e-05,2.084767469767712e-09
1206,0.00020456116097594188,0.00020456114978054622,5.960464477539064e-08,4.430528067382823,1.9292552022285814,1.6554674411834596,3.361990852112108,-1.0,-2.1120717337593993,1.1192424697043946,0.674465025225235,-1.7937074706220235,0.5412753404601806,1.570796305955537,1.3797810452853554e-05,0.0,-2.0916284391603313e-05,2.795858971005316e-06,-5.570629189599607e-06,2.772543149731632e-06,2.092237752238102e-05,1.909583824399874e-09
1207,0.00018740115942697956,0.0001874011491713398,5.960464477539064e-08,4.43052807151613,1.9292380422285405,1.6554674427405784,3.362003492542002,-1.0,-2.11209089507984,1.1192450310780322,0.6744599217963548,-1.7937049306067876,0.5412945073620283,1.570796307704685,1.2640429893906457e-05,0.0,-1.9161320440552743e-05,2.561373637632869e-06,-5.10342888015991e-06,2.5400152359189576e-06,1.916690184777803e-05,1.749147937601947e-09
1208,0.00017168107519453953,0.00017168106579980806,5.16191365590357e-08,4.430528075291162,1.9292223221456868,1.6554674441670514,3.362015072696533,-1.0,-2.11210844875569,1.1192473776341594,0.6744552463808978,-1.7937026036161374,0.5413120661505963,1.570796309306899,1.158015453128769e-05,0.0,-1.7553675850212613e-05,2.346556127186261e-06,-4.675415457011667e-06,2.3269906501699467e-06,1.7558788568017292e-05,1.602214139140301e-09
1209,0.0001572800158307751,0.0001572800072247681,4.712160915387242e-08,4.430528078739845,1.9292079210875839,1.6554674454738454,3.362025681530089,-1.0,-2.112124529728345,1.119249527390638,0.6744509630793771,-1.793700471782856,0.5413281518066853,1.5707963107745415,1.0608833555636465e-05,0.0,-1.6080972654819448e-05,2.149756478608822e-06,-4.2833015206911185e-06,2.1318332814601604e-06,1.6085656088904443e-05,1.4676424520132514e-09
1210,0.00014408724955850927,0.00014408724167447686,4.2146848510894035e-08,4.430528081891116,1.9291947283224642,1.6554674466710049,3.3620354005309885,-1.0,-2.1121392616030663,1.1192514968538332,0.6744470390038347,-1.7936985187385435,0.5413428879716427,1.570796312118931,9.719000899632846e-06,0.0,-1.4731874721451987e-05,1.969463195194976e-06,-3.9240755423941565e-06,1.9530443124970986e-06,1.473616495739627e-05,1.3443894886222552e-09
1211,0.0001320013495634067,0.00013200134234107137,2.9802322387695312e-08,4.430528084771237,1.9291826424235237,1.655467447767733,3.3620443043486077,-1.0,-2.1121527576028365,1.1192533011454497,0.6744434440251351,-1.793696729487851,0.5413563879014957,1.5707963133504321,8.903817619199117e-06,0.0,-1.3495999770185563e-05,1.8042916165583733e-06,-3.594978699617002e-06,1.78925069249658e-06,1.3499929853000303e-05,1.2315011232999495e-09
1212,0.00012092941062540635,0.00012092940400937895,3.6500241499888574e-08,4.430528087404055,1.9291715704855505,1.6554674487724557,3.3620524613677456,-1.0,-2.1121651214417048,1.1192549541187207,0.6744401505414772,-1.7936950902932736,0.5413687553405554,1.5707963144785353,8.157019137922106e-06,0.0,-1.2363838868267862e-05,1.6529732709269496e-06,-3.293483657906826e-06,1.6391945774074657e-06,1.2367439059746133e-05,1.1281031664367447e-09
1213,0.00011078633194098617,0.00011078632587989266,2.9802322387695312e-08,4.430528089811242,1.9291614274077484,1.6554674496928954,3.3620599342346913,-1.0,-2.112176448124462,1.1192564684648378,0.6744371332663394,-1.7936935885696137,0.5413800853213284,1.5707963155119316,7.472866945690271e-06,0.0,-1.1326682757051287e-05,1.5143461171707173e-06,-3.0172751378509943e-06,1.5017236598691142e-06,1.1329980773022719e-05,1.0333962574549105e-09
1214,0.00010149416049190517,0.00010149415493954362,2.1073424255447017e-08,4.430528092012493,1.929152135237107,1.6554674505361238,3.3620667803390565,-1.0,-2.1121868246788944,1.1192578558104511,0.6744343690342259,-1.7936922127873045,0.541390464896984,1.5707963164585799,6.846104365187955e-06,0.0,-1.0376554432589558e-05,1.387345613279578e-06,-2.7642321134280223e-06,1.3757823091875565e-06,1.037957565552805e-05,9.46648315292009e-10
1215,9.298148982849972e-05,9.298148474192615e-05,0.0,4.430528094025736,1.9291436225671825,1.6554674513086198,3.3620730522551088,-1.0,-2.112196330826325,1.1192591268069816,0.6744318366227183,-1.7936909523838471,0.5413999738120919,1.5707963173257686,6.271916052291715e-06,0.0,-9.506147430560219e-06,1.2709965304669169e-06,-2.5324115076053033e-06,1.2604034573815426e-06,9.508915107980798e-06,8.671887652411669e-10
