iteration,phase,sample_type,nearest_idx,node_count,accepted,collision,collision_pairs,collision_q,collision_alpha,reason,cost,from_q,to_q,sample_q
0,add_node,goal_bias,0,2,True,False,,,,best_parent=0,0.0,"[1.504931, -0.943558, -2.202415, 0.953806, 0.650495, -0.566919, 0.96341, 0.802435]","[1.504931, -0.943558, -2.202415, 0.953806, 0.650495, -0.566919, 0.96341, 0.802435]","[1.504931, -0.943558, -2.202415, 0.953806, 0.650495, -0.566919, 0.96341, 0.802435]"
0,connect_goal,,0,2,True,False,,,,periodic_goal_connected,0.0,"[1.504931, -0.943558, -2.202415, 0.953806, 0.650495, -0.566919, 0.96341, 0.802435]","[1.504931, -0.943558, -2.202415, 0.953806, 0.650495, -0.566919, 0.96341, 0.802435]",
