iteration,phase,sample_type,nearest_idx,node_count,accepted,collision,collision_pairs,collision_q,collision_alpha,reason,cost,from_q,to_q,sample_q
0,add_node,random,0,2,True,False,,,,best_parent=0,0.08,"[1.646296, -1.0, -2.334617, 0.81973, 0.692117, 0.058954, 1.570791, 0.763818]","[1.651961, -0.895005, -2.098726, 0.868338, 0.630609, 0.229034, 1.463843, 0.560011]","[1.735394, 0.651406, 1.37556, 1.58426, -0.275311, 2.734035, -0.111324, -2.441733]"
0,connect_goal,,0,2,True,False,,,,periodic_goal_connected,0.00013770292071701485,"[1.646296, -1.0, -2.334617, 0.81973, 0.692117, 0.058954, 1.570791, 0.763818]","[1.646724, -1.0, -2.335137, 0.819868, 0.691871, 0.059062, 1.570791, 0.764338]",
