iteration,phase,sample_type,nearest_idx,node_count,accepted,collision,collision_pairs,collision_q,collision_alpha,reason,cost,from_q,to_q,sample_q
0,add_node,random,0,2,True,False,,,,best_parent=0,0.07999999999999996,"[1.779741, -1.0, -2.422759, 1.630413, -0.237032, -2.964172, 1.570802, 2.289633]","[2.072489, -0.940822, -2.149974, 1.493543, -0.363006, -2.924977, 1.627097, 2.066025]","[7.476214, 0.15152, 2.885267, -1.032895, -2.688319, -2.201485, 2.666221, -2.06148]"
0,connect_goal,,0,2,True,False,,,,periodic_goal_connected,0.00016583811807838108,"[1.779741, -1.0, -2.422759, 1.630413, -0.237032, -2.964172, 1.570802, 2.289633]","[1.78032, -1.0, -2.42341, 1.630352, -0.236904, -2.964239, 1.570802, 2.288982]",
