iteration,phase,sample_type,nearest_idx,node_count,accepted,collision,collision_pairs,collision_q,collision_alpha,reason,cost,from_q,to_q,sample_q
0,add_node,random,0,2,True,False,,,,best_parent=0,0.08000000000000004,"[1.334649, -1.0, -2.133989, 1.018419, 0.810164, 0.232966, -0.930181, -0.729057]","[1.443279, -0.891269, -1.914705, 0.96666, 0.589833, 0.294452, -1.060704, -0.819921]","[2.971633, 0.638513, 1.17048, 0.238439, -2.510089, 1.159513, -2.897071, -2.098326]"
0,connect_goal,,0,2,True,False,,,,periodic_goal_connected,0.0002010091564399159,"[1.334649, -1.0, -2.133989, 1.018419, 0.810164, 0.232966, -0.930181, -0.729057]","[1.335155, -1.0, -2.134659, 1.018457, 0.810008, 0.233526, -0.930497, -0.729794]",
