iteration,err_norm,position_error,orientation_error,tcp_x,tcp_y,tcp_z,q0_dda_joint_linear_track,q1_dda_joint_carriage,q2_dda_joint_base,q3_dda_joint_shoulder,q4_dda_joint_elbow,q5_dda_joint_wrist1,q6_dda_joint_wrist2,q7_dda_joint_wrist3,dq0_dda_joint_linear_track,dq1_dda_joint_carriage,dq2_dda_joint_base,dq3_dda_joint_shoulder,dq4_dda_joint_elbow,dq5_dda_joint_wrist1,dq6_dda_joint_wrist2,dq7_dda_joint_wrist3
0,0.718990623562336,0.7189906235405042,5.571480205420264e-06,2.243423646336224,2.611330026966679,1.383040166019685,1.91,-0.12,-0.023806290997202658,-1.31430273992181,-0.8709018434526505,-3.0506609995608884,-1.5588931812962952,1.5501839883288435,0.0,0.0,0.0,0.0,0.0,0.0,0.0,0.0
1,0.5764308953046325,0.5764308944245298,3.1444296042681084e-05,2.245613676380179,2.4787621468988053,1.435433781861082,1.9171596968482918,-0.24064201672641988,-0.028641635559850998,-1.2723496167311188,-0.8546022472532836,-3.1088280670274604,-1.5564776116304981,1.545998528058944,0.007159696848291874,-0.12064201672641989,-0.0048353445626483395,0.04195312319069111,0.01629959619936694,-0.058167067466571964,0.002415569665797035,-0.00418546026989941
2,0.46469765500806587,0.4644462267285846,0.015149135124537767,2.2474651794932483,2.374595299216982,1.4765077426038307,1.9228561839545248,-0.3394989447265853,-0.032433367275197196,-1.2397387274949083,-0.840872293163247,-3.14,-1.554583376712386,1.5427152903816763,0.00569648710623305,-0.09885692800016543,-0.0037917317153461985,0.03261088923621047,0.013729954090036633,-0.03117193297253973,0.0018942349181121365,-0.003283237677267792
3,0.3822976139474186,0.37869477472447544,0.052052087155505224,2.249107950747383,2.2951010863691135,1.5086630767262021,1.9273916656346113,-0.42002472127931867,-0.03543737053521627,-1.2130633191830376,-0.8306002417453201,-3.14,-1.5531220449367478,1.5400909293095286,0.0045354816800864395,-0.08052577655273335,-0.003004003260019074,0.026675408311870763,0.010272051417926864,0.0,0.0014613317756382305,-0.002624361072147696
4,0.3204053024100056,0.30989066090266393,0.08108525136728569,2.250450859428258,2.231637308975356,1.5353357713310685,1.9310327389039945,-0.4855716114134754,-0.03786979267994685,-1.189651926712106,-0.8249389227366859,-3.14,-1.5520098648233425,1.5379273126172766,0.0036410732693832326,-0.06554689013415671,-0.0024324221447305783,0.023411392470931602,0.0056613190086342025,0.0,0.0011121801134053033,-0.0021636166922520683
5,0.2748792672074119,0.25459534036282067,0.1033548168076863,2.251537172785535,2.180713534386891,1.5570497594735204,1.9339690701008316,-0.5390974289601647,-0.03987022664610007,-1.169416260137078,-0.8228703185045863,-3.14,-1.5511247309092893,1.5361328570120794,0.0029363311968371164,-0.05352581754668928,-0.0020004339661532228,0.020235666575028066,0.0020686042320996467,0.0,0.0008851339140532044,-0.0017944556051971983
6,0.2420310695485059,0.2100838937228408,0.11996225206119307,2.2524080792170635,2.13967346636253,1.5744798520611492,1.9363475449358507,-0.5829227618051281,-0.04153636429410121,-1.1520530255399664,-0.8235958104627192,-3.14,-1.550392689636446,1.5346354647328373,0.002378474835019073,-0.04382533284496348,-0.001666137648001137,0.017363234597111532,-0.0007254919581329844,0.0,0.0007320412728433201,-0.0014973922792420602
7,0.21861425558957598,0.17419436576541886,0.13192633637588438,2.2531008904137058,2.1064787993014917,1.5883213537829863,1.9382828927073383,-0.6188922776358475,-0.04293917260327674,-1.1371772673845488,-0.8264810444191606,-3.14,-1.549768429139945,1.533378072770055,0.0019353477714876277,-0.03596951583071939,-0.0014028083091755308,0.014875758155417529,-0.0028852339564413576,0.0,0.0006242604965009946,-0.001257391962782295
8,0.20189372343804085,0.14520860410373704,0.14014656261303157,2.2536482219011384,2.0795498788887854,1.5992222737538242,1.9398652534126308,-0.6484864311445862,-0.044131855949770635,-1.1243956728900617,-0.8310193178772564,-3.14,-1.5492237229932593,1.5323151687932257,0.001582360705292496,-0.02959415350873862,-0.001192683346493896,0.012781594494487125,-0.004538273458095765,0.0,0.0005447061466856695,-0.001062903976829288
9,0.18971051558708787,0.12175864569709567,0.14539194319345292,2.254077843557322,2.0576501527521787,1.6077530521721402,1.9411657440956216,-0.6729009309074067,-0.04515529441538449,-1.1133439458481333,-0.836805434537485,-3.14,-1.5487405495527404,1.5314102017257836,0.0013004906829907625,-0.024414499762820507,-0.0010234384656138545,0.01105172704192836,-0.005786116660228657,0.0,0.00048317344051884703,-0.0009049670674421417
10,0.18047665505378746,0.10275335214334018,0.14830452411915243,2.254412936410232,2.039802718379853,1.6143977433551326,1.9422406473019824,-0.6931051687966187,-0.046041468773308905,-1.1037031182066472,-0.8435158888587914,-3.14,-1.5483069878065525,1.5306336720166664,0.0010749032063608333,-0.020204237889211996,-0.0008861743579244158,0.009640827641486105,-0.006710454321306347,0.0,0.000433561746187916,-0.0007765297091171242
11,0.1730972512497408,0.08732089455301838,0.14941064728420922,2.254672562032032,2.025229760716484,1.6195567310961,1.9431346122295983,-0.7098865842861538,-0.04681571430359015,-1.0952039241589393,-0.8508932304178143,-3.14,-1.547914775750314,1.5299617032220216,0.0008939649276158423,-0.016781415489535156,-0.0007742455302812423,0.008499194047707936,-0.007377341559022921,0.0,0.00039221205623851674,-0.0006719687946448172
12,0.16685733265452704,0.07476357619769873,0.149135576363443,2.254872215292456,2.013308111213214,1.623555022786182,1.943883127738632,-0.7238852659265832,-0.047498273176658744,-1.0876247935475185,-0.8587334417826578,-3.14,-1.5475578675760715,1.5293749487226485,0.0007485155090336537,-0.013998681640429389,-0.0006825588730685964,0.007579130611420792,-0.007840211364843475,0.0,0.00035690817424249843,-0.0005867544993731766
13,0.16131060453079535,0.06452225084066905,0.14781884486789648,2.2550243813038464,2.0035361460814567,1.6266526670536992,1.9445144473917655,-0.7356214813686824,-0.04810540988226992,-1.0807867942416183,-0.8668756439113934,-3.14,-1.5472315893382855,1.5288577349722692,0.0006313196531335663,-0.01173621544209924,-0.0006071367056111748,0.006837999305900233,-0.00814220212873562,0.0,0.00032627823778597076,-0.0005172137503792751
14,0.15618929778708954,0.056148219723099295,0.1457288403002707,2.255139052753128,1.9955087185358864,1.6290553808947388,1.9450510962614662,-0.7455178758393691,-0.04865024158586294,-1.074547461388886,-0.8751936781262247,-3.14,-1.5469321501764655,1.528397376884899,0.0005366488697007288,-0.009896394470686687,-0.0005448317035930197,0.006239332852732371,-0.008318034214831349,0.0,0.0002994391618200698,-0.0004603580873701052
15,0.15133891218480414,0.04928097897034263,0.14307588206281802,2.2552241870715695,1.988897862543609,1.6309244047681173,1.9455110553032846,-0.7539175176597533,-0.04914337338600886,-1.0687945875784015,-0.8835892333494392,-3.14,-1.5466563618418825,1.5279836232055959,0.00045995904181839187,-0.008399641820384218,-0.0004931318001459226,0.0057528738104843935,-0.008395555223214446,0.0,0.00027578833458297147,-0.00041375367930318596
16,0.14667419884219457,0.04363056298318123,0.14002351084470058,2.2552860972004876,1.9834377187336054,1.632385154403999,1.9459086953029734,-0.7610986319180321,-0.04959339402204348,-1.0634405204234794,-0.8919862545577913,-3.14,-1.5464014779412076,1.527608203460464,0.0003976399996887814,-0.00718111425827872,-0.00045002063603461623,0.005354067154922149,-0.008397021208352173,0.0,0.00025488390067485156,-0.00037541974513177756
17,0.14215082416966432,0.03896351184437576,0.13669797639586612,2.255329777858842,1.9789126119744205,1.6335345510267898,1.9462555152229033,-0.7672866524516463,-0.05000726801559464,-1.0584172006708956,-0.9003264125614874,-3.14,-1.5461651003245742,1.5272644564372546,0.00034681991992990824,-0.006188020533614225,-0.0004138739935511601,0.005023319752583744,-0.00834015800369603,0.0,0.00023637761663342083,-0.00034374702320949524
18,0.13774773344711344,0.03509170363349856,0.133196055176817,2.255359173360398,1.97514752911896,1.634447079368276,1.9465607270959935,-0.7726640829651841,-0.05039064873513056,-1.0536719955514482,-0.9085654489846969,-3.14,-1.5459451220270581,1.5269470252784272,0.00030521187309018316,-0.005377430513537784,-0.00038338071953591957,0.0047452051194474265,-0.008239036423209556,0.0,0.0002199782975160769,-0.00031743115882743034
19,0.1334564762301619,0.03186345409187782,0.12959139565512273,2.2553773947014655,1.9720004581569865,1.6351797034117448,1.9468317201134768,-0.7773785601979343,-0.05074812982292641,-1.0491642873008191,-0.9166702387993835,-3.14,-1.5457396894321667,1.526651607542831,0.00027099301748334526,-0.004714477232750203,-0.0003574810877958537,0.004507708250629072,-0.008104789814686542,0.0,0.0002054325948914748,-0.0002954177355962706
20,0.12927492177355773,0.029156410695566733,0.12593960840994728,2.2553868938834944,1.9693561932578474,1.6357757997357192,1.9470744293439715,-0.7815494391320156,-0.05108344788251051,-1.0448627323999968,-0.92461643772768,-3.14,-1.545547174186579,1.5263747508162193,0.000242709230494631,-0.004170878934081301,-0.00033531805958410266,0.004301554900822291,-0.00794619892829651,0.0,0.00019251524558772104,-0.0002768567266115962
21,0.12520367854338862,0.026871866344780723,0.12228231133446989,2.2553896029175546,1.9671213082946835,1.6362682702090006,1.9472936289988758,-0.7852731633569711,-0.05139964624941701,-1.0407430919540643,-0.9323866038079108,-3.14,-1.5453661499464482,1.526113686076178,0.00021919965490435622,-0.0037237242249554825,-0.00031619836690649494,0.004119640445932493,-0.007770166080230845,0.0,0.00018102424013077822,-0.00026106474004139457
22,0.12124414498664743,0.02493019652506717,0.11865032015980125,2.255387044092775,1.9652200702130809,1.6366819833616764,1.9474931658950236,-0.7886276379148639,-0.051699207488275424,-1.0367865345251455,-0.9399687015714161,-3.14,-1.5451953715874351,1.5258661922869337,0.00019953689614782277,-0.003354474557892839,-0.00029956123885841596,0.003956557428918872,-0.007582097763505269,0.0,0.00017077835901302407,-0.00024749378924426857
23,0.11739752263902463,0.02326718721000277,0.11506614919554306,2.2553804171199023,1.963591113134621,1.6370356751440005,1.9476761454518243,-0.7916757843627209,-0.05198416065390964,-1.0329783216078345,-0.9473549137211736,-3.14,-1.5450337558783953,1.5256304867411616,0.00018297955680068867,-0.003048146447857003,-0.00028495316563421913,0.003808212917310927,-0.007386212149757543,0.0,0.0001616157090398307,-0.00023570554577201364
24,0.11366438125070864,0.021831071566248684,0.11154596114988764,2.2553706678167504,1.9621847307712714,1.6373434196002201,1.9478450799714944,-0.7944684266200963,-0.05225616813589923,-1.0293067980461073,-0.9545406991172763,-3.14,-1.5448803633030903,1.525405136545114,0.0001689345196700387,-0.0027926422573754106,-0.00027200748198958485,0.0036715235617272857,-0.007185785396102706,0.0,0.00015339257530500028,-0.00022535019604763562
25,0.11004452818736553,0.020580133553189228,0.10810108057173691,2.2553585421492186,1.9609606726304702,1.637615760683395,1.9480020069203206,-0.7970466302117339,-0.052516595960789864,-1.0257626223844516,-0.9615240474974449,-3.14,-1.5447343810181153,1.525188987395028,0.00015692694882618596,-0.002578203591637629,-0.00026042782489063554,0.0035441756616556574,-0.006983348380168564,0.0,0.000145982284974977,-0.0002161491500860535
26,0.10653703522969228,0.019480767470627117,0.10473916395259326,2.2553446287047727,1.9598863512084366,1.6378605791820444,1.9481485833306096,-0.7994435958818854,-0.05276657068079221,-1.0223381840444161,-0.9683048909663268,-3.14,-1.5445951070375878,1.524981106436997,0.00014657641028903434,-0.002396965670151463,-0.00024997472000234944,0.003424438340035474,-0.006780843468881859,0.0,0.00013927398052748785,-0.000207880958031037
27,0.10314033775460675,0.018505906101165797,0.10146510117499306,2.2553293920575412,1.958935384586207,1.6380837539336432,1.9482861611817115,-0.8016861905504038,-0.053007025383402365,-1.0190271647012228,-0.9748846401563029,-3.14,-1.5444619357392515,1.5247807365529296,0.000137577851101911,-0.002242594668518394,-0.00024045470261015167,0.0033110193431933332,-0.0065797491899761695,0.0,0.0001331712983363431,-0.0002003698840673529
28,0.09985235875570428,0.0176337479703725,0.09828170771456522,2.255313198976836,1.9580864126807658,1.6382896641660225,1.9484158476210984,-0.8037961836277946,-0.05323873687860764,-1.0158242101163908,-0.9812658193635728,-3.14,-1.5443343447498168,1.5245872598827575,0.00012968643938693347,-0.0021099930773907927,-0.00023171149520527512,0.0032029545848319962,-0.0063811792072698825,0.0,0.0001275909894347116,-0.00019347667017211023
29,0.09667063252185758,0.016846727869018738,0.09519025450494088,2.2552963390203438,1.9573221366330038,1.6384815697318178,1.9485385530964496,-0.8057912443235263,-0.053462355734264354,-1.0127246860058297,-0.9874517801409655,-3.14,-1.5442118832197134,1.524400168787393,0.00012270547535120357,-0.001995060695731743,-0.00022361885565671397,0.003099524110561136,-0.006185960777392641,0.0,0.00012246153010342375,-0.00018709109536452218
30,0.09359241586511755,0.016130685320425626,0.09219087228769862,2.2552790407245484,1.9566285399834795,1.6386618978931373,1.948655029843068,-0.8076857453571579,-0.05367843051714992,-1.0097244974442674,-0.9934464769982224,-3.14,-1.5440941614534764,1.5242190427871676,0.00011647674661841023,-0.0018945010336315349,-0.00021607478288556553,0.003000188561562256,-0.005994696857256954,0.0,0.00011772176623692232,-0.0001811260002253512
31,0.09061478220740349,0.015474193997351398,0.08928285921113746,2.2552614843439485,1.955994257801546,1.6388324588645253,1.9487659026734168,-0.8094914100631903,-0.05388742734273313,-1.006819956023682,-0.9992542922057203,-3.14,-1.5439808418275163,1.5240435302851452,0.00011087283034871831,-0.0018056647060323838,-0.00020899682558320892,0.0029045414205854936,-0.005807815207497846,0.0,0.0001133196259601732,-0.00017551250202241242
32,0.08773469785580087,0.014868021794351725,0.08646491405524828,2.2552438118845375,1.9554100661028204,1.638994607239564,1.9488716936201456,-0.8112178329678585,-0.05408974562963716,-1.0040076826968187,-1.004879899373842,-3.14,-1.5438716309032863,1.5238733341116777,0.00010579094672880096,-0.00172642290466829,-0.0002023182869040352,0.0028122733268631794,-0.00562560716812166,0.0,0.00010921092422999656,-0.00017019617346747395
33,0.08494908180999866,0.01430469674054923,0.08373531243173205,2.25522613501499,1.954868468957604,1.6391493624501041,1.948972841669488,-0.8128728982543215,-0.05428573078616817,-1.0012845371326877,-1.0103281576162246,-3.14,-1.5437662726299317,1.5237082001130886,0.0001011480493424699,-0.0016550652864629756,-0.00019598515653100612,0.002723145564131002,-0.005448258242382709,0.0,0.00010535827335456105,-0.00016513399858908429
34,0.08225485130416099,0.013778158457299846,0.08109203936841154,2.255208541312003,1.9543633648539085,1.6392974983152564,1.949069718571618,-0.8144631159063744,-0.054475684418990394,-0.9986475666513306,-1.015604029806661,-3.14,-1.5436645425245692,1.5235479081598162,9.68769021298943e-05,-0.0015902176520529165,-0.00018995363282222483,0.002636970481357137,-0.005275872190436459,0.0,0.00010173010536251859,-0.00016029195327238455
35,0.07964895550482287,0.013283478605772099,0.07853288861513795,2.25519109919687,1.9538897772923887,1.6394396093454848,1.9491626415152226,-0.8159938915486251,-0.05465987254227123,-0.996093969526722,-1.0207125197927207,-3.14,-1.5435662427184538,1.523392265073387,9.292294360463416e-05,-0.0015307756422506813,-0.00018418812328083872,0.0025535971246085643,-0.005108489986059617,0.0,9.829980611542055e-05,-0.00015564308642912472
36,0.07712839967380293,0.012816636862850476,0.07605553662014984,2.2551738618427657,1.9534436373874153,1.639576159625002,1.9492518832947454,-0.8174697429313428,-0.05483853217469173,-0.9936210687616696,-1.0256586245040153,-3.14,-1.5434711977616355,1.5232410990720886,8.924177952285284e-05,-0.0014758513827176634,-0.0001786596324204956,0.002472900765052466,-0.004946104711294641,0.0,9.504495681822434e-05,-0.00015116600129849722
37,0.07469026183991599,0.012374341513883369,0.07365759727616684,2.255156870271567,1.9530216085370649,1.639707518682393,1.9493376804721447,-0.8188944735145307,-0.055011876637797844,-0.9912262934375446,-1.0304472977457553,-3.14,-1.5433792510857947,1.5230942554163236,8.579717739931603e-05,-0.0014247305831879276,-0.00017334446310611484,0.0023947753241249092,-0.004788673241739927,0.0,9.194667584089267e-05,-0.00014684365576500547
38,0.07233170370676378,0.01195388584386809,0.07133666210565393,2.2551401558117634,1.9526209450945102,1.6398339876788413,1.9494202399340508,-0.82027131158335,-0.05518009980912049,-0.988907165496721,-1.0350834231440673,-3.14,-1.5432902620336004,1.5229515929998894,8.255946190605101e-05,-0.001376838068819275,-0.00016822317132264564,0.002319127940823673,-0.004636125398312041,0.0,8.89890521942327e-05,-0.00014266241643423605
39,0.07004997721020732,0.011553033218675814,0.06909032945325301,2.255123742052018,1.9522393784986185,1.6399558184198244,1.9494997441646564,-0.821603021689179,-0.05534337953476193,-0.9866612903834701,-1.0395717942446918,-3.14,-1.543204103372294,1.5228129816857603,7.95042306056537e-05,-0.0013317101058289982,-0.0001632797256414381,0.002245875113250917,-0.0044883711006245,0.0,8.615866130634586e-05,-0.0001386113141290668
40,0.06784242785479087,0.01116992513881598,0.06691622540547196,2.25510764639609,1.9518750255641024,1.6400732270704153,1.9495763554903736,-0.8228919938859679,-0.055501880366639146,-0.9844863503940803,-1.0439171001900807,-3.14,-1.5431206592186255,1.5226783002268098,7.661132571712415e-05,-0.0012889721967889178,-0.0001585008318772188,0.002174939989389779,-0.004345305945388844,0.0,8.344415366856595e-05,-0.00013468145895045858
41,0.065706495713799,0.010803007675172623,0.06481201850758467,2.2550918813022403,1.9515263146423818,1.6401864039802037,1.9496502195009628,-0.8241403151615317,-0.05565575575757107,-0.9823800999034942,-1.0481239157346818,-3.14,-1.543039823311371,1.5225474346453072,7.386401058928627e-05,-0.0012483212755638462,-0.00015387539093192348,0.0021062504905861035,-0.004206815544601117,0.0,8.08359072546061e-05,-0.00013086558150265937
42,0.0636397147745272,0.01045097260615997,0.06277542984910531,2.255076455272575,1.951191926185519,1.6402955206656837,1.949721467810842,-0.8253498266000387,-0.055805149821502954,-0.9803403618702524,-1.0521966946226824,-3.14,-1.5429614975761585,1.5224202769716035,7.124830987925712e-05,-0.001209511438507005,-0.0001493940639318847,0.002039738033241756,-0.004072778888000617,0.0,7.832573521238118e-05,-0.00012715767370363729
43,0.06163971114593476,0.01011271030859739,0.060804239708167535,2.255061373643941,1.9508707449119345,1.6404007347280722,1.9497902202915232,-0.826522169115986,-0.055950198745227324,-0.9783650251942904,-1.0561397655613156,-3.14,-1.5428855909350914,1.5222967242635372,6.875248068105577e-05,-0.0011723425159472223,-0.00014504892372436962,0.0019753366759620583,-0.00394307093863322,0.0,7.590664106715828e-05,-0.00012355270806629903
44,0.05970420051538268,0.009787272043525442,0.05889629165441236,2.255046639221101,1.9505618213127183,1.6405021932818384,1.94985658687995,-0.8276588200394591,-0.056091031921052074,-0.9764520426286201,-1.0599573301876208,-3.14,-1.5428120183206138,1.5221766778448262,6.636658842684717e-05,-0.0011366509234731481,-0.00014083317582475052,0.001912982565670296,-0.0038175646263052254,0.0,7.357261447760166e-05,-0.00012004641871099508
45,0.05783098513927579,0.009473839750578701,0.05704949478811059,2.2550322527844098,1.9502643406746059,1.640600035317402,1.9499206690465882,-0.8287611223814646,-0.05622777285622363,-0.9745994290379099,-1.0636534625564926,-3.14,-1.542740699859221,1.5220600427139592,6.408216663822408e-05,-0.001102302342005479,-0.00013674093517155456,0.001852613590710206,-0.003696132368871785,0.0,7.131846139274423e-05,-0.00011663513086701549
46,0.056017950574005375,0.009171701843042657,0.05526182462506214,2.2550182134974865,1.9499775981494158,1.6406943933081406,1.9499825609903825,-0.829830308245484,-0.05636053990391204,-0.9728052598633257,-1.0672321097802706,-3.14,-1.5426715601959842,1.5219467270855631,6.189194379424556e-05,-0.001069185864019384,-0.0001327670476884077,0.0017941691745841926,-0.0035786472237779865,0.0,6.913966323685017e-05,-0.00011331562839611564
47,0.05426306229397685,0.008880233798616823,0.053531323008712856,2.2550045192350794,1.9497009786855617,1.640785394287564,1.9500423506143194,-0.8308675175600323,-0.05648944685170511,-0.9710676697004226,-1.0706970935307756,-3.14,-1.5426045279355134,1.521836642034472,5.978962393693443e-05,-0.0010372093145483152,-0.00012890694779307127,0.001737590162903091,-0.0034649837505049685,0.0,6.703226047077848e-05,-0.00011008505109111333
48,0.052564362298746545,0.008598882583190326,0.051856097334164505,2.254991166847181,1.949433940868053,1.6408731605600249,1.950100120324631,-0.8318738130730416,-0.05661460339642403,-0.9693848509304049,-1.0740521121781885,-3.14,-1.542539535178971,1.521729701219226,5.776971031168365e-05,-0.0010062955130093476,-0.000125156544718924,0.0016828187700176356,-0.003355018647412944,0.0,6.499275654237024e-05,-0.00010694081524609267
49,0.05091996577809817,0.008327154138602584,0.05023431929558422,2.254978152372104,1.9491760038996335,1.6409578101622544,1.9501559476881059,-0.8328501923611509,-0.056736115528338696,-0.9677550523684432,-1.0773007433911042,-3.14,-1.54247651714015,1.521625820666834,5.5827363474758585e-05,-0.0009763792881092304,-0.00012151213191466392,0.0016297985619617705,-0.0032486312129156314,0.0,6.301803882102774e-05,-0.00010388055239185512
50,0.04932805787958562,0.008064603320092279,0.04866422331331978,2.254965471208707,1.948926737105821,1.64103945715915,1.9502099059751308,-0.8337975974564065,-0.056854085843247325,-0.9661765779087639,-1.0804464470613369,-3.14,-1.542415411826512,1.521524918604651,5.3958287024924445e-05,-0.0009474050952555935,-0.00011797031490862891,0.001578474459679291,-0.0031457036702327024,0.0,6.110531363789917e-05,-0.00010090206218293929
51,0.04778689060553146,0.007810825792780132,0.047144104755621676,2.254953118255791,1.9486857514676168,1.6411182118324947,1.9502620646105924,-0.8347169225721818,-0.05696861379718644,-0.9646477851569631,-1.0834925684478791,-3.14,-1.5423561597735074,1.5214269153283604,5.21586354615966e-05,-0.0009193251157753046,-0.00011452795393911835,0.0015287927518007338,-0.0030461213865422554,0.0,5.925205300472136e-05,-9.80032762907257e-05
52,0.046294779854021334,0.007565451495245062,0.04567231803860126,2.2549410880251544,1.9484526927830483,1.6411941808033492,1.950312489550385,-0.8356090203134213,-0.057079795915561476,-0.9631670840469645,-1.0864423414586002,-3.14,-1.5422987038225362,1.5213317330975256,5.0424939792570456e-05,-0.0008920977412395503,-0.00011118211837503333,0.00148070110999865,-0.0029497730107210796,0.0,5.745595097117473e-05,-9.518223083482269e-05
53,0.044850102609773214,0.007328139357126393,0.04424727466516938,2.25492937473342,1.9482272361371298,1.6412674671158933,1.9503612435977498,-0.8364747066788714,-0.05718772596610945,-0.9617329354443774,-1.0892988920072217,-3.14,-1.5422429889346134,1.5212392960520904,4.8754047364818476e-05,-0.0008656863654500357,-0.00010793005054797467,0.0014341486025870598,-0.0028565505486215503,0.0,5.571488792277535e-05,-9.24370454351564e-05
54,0.043451294284898065,0.007098573020656637,0.04286744124589286,2.2549179723767656,1.9480090814228959,1.6413381703012364,1.9504083866708641,-0.837314765100973,-0.057292495103192814,-0.9603438497405024,-1.0920652413979568,-3.14,-1.542188962033214,1.5211495301447218,4.7143073114375156e-05,-0.0008400584221016638,-0.0001047691370833631,0.0013890857038750815,-0.0027663493907350567,0.0,5.4026901399328864e-05,-8.97659073686441e-05
55,0.04209684620572761,0.0068764573662912915,0.04153133753250946,2.2549068747918315,1.9477979497068552,1.6414063864331803,1.950453976030837,-0.8381299497194947,-0.05739419198939632,-0.9589983854424814,-1.0947443097017937,-3.14,-1.5421365718709508,1.5210623630850542,4.558935997289737e-05,-0.0008151846185217027,-0.00010169688620350475,0.0013454642980209597,-0.0026790683038369068,0.0,5.2390162263327156e-05,-8.71670596676033e-05
56,0.04078530323951919,0.006661515682805022,0.04023753448471661,2.2548960757054597,1.9475935802730096,1.6414722081833253,1.9504980664774694,-0.8389209880453145,-0.05749290289917436,-0.957695147765518,-1.0973389190974705,-3.14,-1.5420857689157108,1.520977724292814,4.409044663233885e-05,-0.0007910383258197262,-9.871090977803948e-05,0.0013032376769633869,-0.0025946093956767946,0.0,5.080295523995915e-05,-8.463879224018811e-05
57,0.039515261553492324,0.006453487354242112,0.03898465238450556,2.2548855687753684,1.9473957282122818,1.6415357248797644,1.950540710518687,-0.8396885831390513,-0.05758871180831897,-0.9564327872329895,-1.0998517971572392,-3.14,-1.542036505252678,1.5208955448575099,4.264404121756549e-05,-0.0007675950937368059,-9.58089091446096e-05,0.0012623605325284837,-0.0025128780597687417,0.0,4.926366303270591e-05,-8.217943530408611e-05
58,0.038285366498036384,0.006252125961760832,0.03777135900690494,2.254875347623464,1.9472041624505387,1.6415970225714984,1.9505819585183986,-0.8404334154039054,-0.05768170047223582,-0.9552099982898545,-1.1022855800630078,-3.14,-1.5419887344993277,1.520815757502925,4.1247999711613303e-05,-0.0007448322648541117,-9.298866391685423e-05,0.0012227889431349892,-0.0024337829057685667,0.0,4.777075335038461e-05,-7.97873545848038e-05
59,0.037094310605779564,0.006057197718833163,0.03659636785235791,2.2548654058631623,1.9470186641294716,1.6416561840992905,1.9506218588266004,-0.8411561440718237,-0.05777194849539374,-0.9540255179341671,-1.1046428157426988,-3.14,-1.5419424117310228,1.5207382965550762,3.9900308201890056e-05,-0.0007227286679183376,-9.024802315792113e-05,0.0011844803556874117,-0.0023572356796910388,0.0,4.6322768304962736e-05,-7.746094784888413e-05
60,0.03594083169837961,0.005868480174622872,0.035458436443651174,2.254855737121822,1.9468390252715777,1.6417132891728283,1.950660457894809,-0.8418574084459478,-0.05785953339381377,-0.9528781243708381,-1.106925966919954,-3.14,-1.5418974934152856,1.5206630979126339,3.859906820857795e-05,-0.0007012643741240998,-8.758489842002753e-05,0.0011473935633290466,-0.002283151177255194,0.0,4.491831573716354e-05,-7.519864244232011e-05
61,0.034823711093274055,0.005685761133392459,0.0343563646880101,2.254846335059163,1.9466650476740597,1.6417684144535178,1.9506978003793014,-0.8425378289494043,-0.057944530652070246,-0.9517666356910975,-1.1091374140728385,-3.14,-1.5418539373531817,1.5205900990190513,3.734248449238642e-05,-0.0006804205034565136,-8.499725825647508e-05,0.0011114886797405354,-0.0022114471528844604,0.0,4.355606210393326e-05,-7.29988935825876e-05
62,0.03374177190310377,0.005508837748219674,0.03328899330416013,2.254837193382407,1.9464965419873774,1.6418216336419746,1.9507339292341717,-0.8431980080202076,-0.05802701377595809,-0.9506899085804588,-1.1112794582991374,-3.14,-1.5418117026265472,1.5205192388358464,3.61288548702543e-05,-0.0006601790708032906,-8.248312388784568e-05,0.0010767271106387755,-0.0021420442262989337,0.0,4.223472663444916e-05,-7.086018320490162e-05
63,0.03269387742105616,0.005337515755632775,0.032255202313006104,2.2548283058587177,1.946333326942942,1.6418730175691598,1.9507688857958243,-0.8438385308838443,-0.058107054341732335,-0.9496468370573694,-1.1133543240873094,-3.14,-1.5417707495500363,1.5204504578166307,3.4956561652643714e-05,-0.0006405228636366944,-8.00405657742434e-05,0.0010430715230893561,-0.0020748657881719534,0.0,4.095307651086344e-05,-6.878101921570234e-05
64,0.031678929585932165,0.005171608824425686,0.03125390959011477,2.2548196663253917,1.9461752287014558,1.6419226342900972,1.9508027098602159,-0.8444599662285709,-0.058184722042626855,-0.9486363512441929,-1.1153641619932728,-3.14,-1.541731039627158,1.5203836978815939,3.382406439156327e-05,-0.0006214353447265841,-7.766770089451952e-05,0.0010104858131765315,-0.0020098379059634297,0.0,3.970992287838371e-05,-6.675993503679756e-05
65,0.030695867521274362,0.005010937997218646,0.030284069477811634,2.254811268698221,1.9460220802990191,1.641970549179172,1.9508354397539174,-0.8450628668032527,-0.058260084733200365,-0.9476574161716778,-1.117311051224027,-3.14,-1.5416925355096314,1.5203189023922394,3.2729893701510804e-05,-0.0006029005746818195,-7.536269057351053e-05,0.0009789350725151191,-0.0019468892307541452,0.0,3.850411752659433e-05,-6.479548935445223e-05
66,0.029743666143401987,0.0048553312075908656,0.02934467145450967,2.2548031069782946,1.945873721172647,1.642016825026098,1.950867112399862,-0.8456477699534282,-0.05833320847193516,-0.9467090306176593,-1.1191970021297222,-3.14,-1.5416552009595228,1.520256016126232,3.167264594461372e-05,-0.0005849031501754531,-7.312373873479688e-05,0.0009483855540184383,-0.0018859509056952106,0.0,3.7334550108569786e-05,-6.288626600747804e-05
67,0.028821334833685163,0.004704622859004058,0.028434738859043476,2.25479517525753,1.9457299967504524,1.642061522131757,1.9508977633784916,-0.8462151981079874,-0.05840415756241464,-0.9457902259803828,-1.1210239586062314,-3.14,-1.5416190008137234,1.5201949852522685,3.065097862964272e-05,-0.0005674281545592352,-7.094909047947878e-05,0.0009188046372765601,-0.0018269564765092117,0.0,3.620014579941433e-05,-6.103087396347462e-05
68,0.027927916170818516,0.004558653454442948,0.02755332766717503,2.2547874677231263,1.9455907580946477,1.6421046984032304,1.9509274269848835,-0.8467656592262396,-0.05847299459332872,-0.9449000651865417,-1.1227938004105817,-3.14,-1.541583900950422,1.52013575730492,2.9663606391894248e-05,-0.0005504611182521879,-6.8837030914079e-05,0.0008901607938410772,-0.0017698418043503583,0.0,3.509986330141324e-05,-5.92279473485835e-05
69,0.02706248471925206,0.004417269267871901,0.02669952531822017,2.254779978661107,1.9454558615878323,1.6421464094474527,1.950956136282335,-0.847299647213061,-0.058539780477496126,-0.9440376416338808,-1.1245083453918108,-3.14,-1.5415498682572841,1.5200782811594176,2.870929745157902e-05,-0.0005339879868213604,-6.678588416740572e-05,0.0008624235526608626,-0.001714544981229027,0.0,3.4032693137842074e-05,-5.7476145502333154e-05
70,0.02622414587029619,0.0042803220503526,0.025872449589210023,2.254772702459101,1.945325168654919,1.6421867086630244,1.950983923152806,-0.8478176423081698,-0.058604574490044095,-0.9432020781680162,-1.1261693516399418,-3.14,-1.5415168706011144,1.5200225070063802,2.77868704710027e-05,-0.0005179950951088585,-6.479401254796957e-05,0.0008355634658646638,-0.0016610062481310361,0.0,3.299765616970873e-05,-5.577415303736899e-05
71,0.02541203473272968,0.004147668765040408,0.02507124751445819,2.2547656336084816,1.9451985455145144,1.642225647329821,1.9510108183445467,-0.8483201114542698,-0.05866743430585007,-0.9423925260929598,-1.127778519555839,-3.14,-1.5414848767988139,1.5199683863264881,2.6895191740594626e-05,-0.0005024691460999708,-6.285981580597677e-05,0.0008095520750563967,-0.0016091679158971584,0.0,3.199380230056725e-05,-5.4120679892077916e-05
72,0.02462531507002828,0.004019171346395934,0.0242950943483931,2.254758766705945,1.945075862954788,1.6422632746961203,1.951036851517187,-0.848807508647767,-0.05872841603632158,-0.9416081642147185,-1.1293374938447267,-3.14,-1.5414538565894877,1.5199158718651236,2.603317264027183e-05,-0.00048739719349721877,-6.0981730471511286e-05,0.0007843618782412687,-0.0015589742888877378,0.0,3.102020932610472e-05,-5.251446136456117e-05
73,0.02386317828158036,0.003894696479851948,0.02354319256950513,2.254752096454625,1.944956996129819,1.6422996380630361,1.9510620512845205,-0.8492802752749539,-0.058787574265567244,-0.9408481979172366,-1.130847865436149,-3.14,-1.5414237806075815,1.5198649176070007,2.5199767333505818e-05,-0.00047276662718687135,-5.9158229245660776e-05,0.0007599662974818733,-0.0015103715914221993,0.0,3.007598190629679e-05,-5.095425812284837e-05
74,0.02312484242547736,0.0037741153988526057,0.02281477092355576,2.2547456176647986,1.944841824373161,1.6423347828661203,1.9510864452551797,-0.8497388404359099,-0.05884496208599663,-0.9401118582698782,-1.1323111733331048,-3.14,-1.5413946203569469,1.519815478750816,2.43939706592311e-05,-0.00045856516095599265,-5.7387820429383174e-05,0.0007363396473584194,-0.0014633078969559232,0.0,2.9160250634596707e-05,-4.943885618469146e-05
75,0.022409551280669734,0.0036573036968049893,0.02210908350427112,2.2547393252542527,1.9447302310260193,1.6423687527540392,1.9511100600713709,-0.850183621257859,-0.058900631133373,-0.9393984011655989,-1.1337289063930491,-3.14,-1.5413663481857633,1.5197675116839462,2.3614816191175336e-05,-0.00044478082194909785,-5.56690473763749e-05,0.0007134571042792803,-0.0014177330599443039,0.0,2.8272171183507666e-05,-4.7967066869825103e-05
76,0.02171657344644482,0.0035441411518888546,0.021425408869651368,2.254733214248343,1.944622103277884,1.6424015896642814,1.9511329214458129,-0.8506150231993328,-0.05895463162133384,-0.9387071064889164,-1.135102505043372,-3.14,-1.5413389372622457,1.5197209739572268,2.2861374441962568e-05,-0.00043140194147384126,-5.4000487960836896e-05,0.0006912946766824968,-0.001373598650322938,0.0,2.7410923517656727e-05,-4.6537726719364514e-05
77,0.021045201477354267,0.00343451156308238,0.020763049192364658,2.2547272797798006,1.9445173320179059,1.6424333338958856,1.9511550541970064,-0.8510334403461733,-0.05900701237538752,-0.9380372773127715,-1.1364333629339045,-3.14,-1.5413123615510875,1.5196758242598438,2.213275119355984e-05,-0.000418417146840544,-5.238075405367831e-05,0.0006698291761448871,-0.0013308578905324442,0.0,2.657571115816104e-05,-4.514969738300678e-05
78,0.020394751051837898,0.003328302596023337,0.020121329442651974,2.2547215170883086,1.9444158116955765,1.6424640241792057,1.9511764822829452,-0.8514392557001694,-0.05905782086638832,-0.9373882391233618,-1.1377228285289056,-3.14,-1.5412865957905966,1.519632022394366,2.1428085938746122e-05,-0.00040581535399608626,-5.0808491000801925e-05,0.0006490381894097563,-0.0012894655950010936,0.0,2.576576049095891e-05,-4.380186547781051e-05
79,0.019764560172933543,0.0032254056375924803,0.01949959660238604,2.254715921519896,1.9443174401895726,1.6424936977427564,1.9511972288333632,-0.8518328414609314,-0.059107103243489924,-0.9367593390720256,-1.1389722066409111,-3.14,-1.5412616154704855,1.5195895292519488,2.0746550418060394e-05,-0.00039358576076198304,-4.92823771016046e-05,0.0006289000513362009,-0.0012493781120055392,0.0,2.4980320111112064e-05,-4.249314241722146e-05
80,0.01915398839955978,0.0031257156582727994,0.018897218908657816,2.254710488526146,1.9442221186837967,1.642522390377202,1.951217316180607,-0.8522145593014633,-0.05915490436657491,-0.9361499452532659,-1.1401827599087295,-3.14,-1.5412373968102855,1.5195483067877362,2.0087347243791243e-05,-0.00038171784053186997,-4.780112308498674e-05,0.0006093938187596848,-0.0012105532678183817,0.0,2.4218660199970543e-05,-4.12224642125647e-05
81,0.01856241610696338,0.0030291310815150413,0.01831358512591247,2.2547052136632737,1.9441297515498352,1.6425501364965505,1.9512367658892105,-0.8525847606377815,-0.059201267838155026,-0.9355594460080108,-1.1413557102217875,-3.14,-1.5412139167383614,1.5195083179964872,1.9449708603458404e-05,-0.00037020133631826546,-4.636347158011589e-05,0.0005904992452551161,-0.0011729503130579744,0.0,2.3480071924097956e-05,-3.9988791249001565e-05
82,0.017989243775014364,0.002935553659442642,0.017748103845170702,2.2547000925910625,1.9440402462351742,1.6425769691966559,1.9512555987842413,-0.8529437868928422,-0.059246236034738387,-0.9349872492512257,-1.1424922400929407,-3.14,-1.5411911528714992,1.5194695268884488,1.8832895030795882e-05,-0.0003590262550606793,-4.49681965833601e-05,0.0005721967567851038,-0.0011365298711532024,0.0,2.2763866862174353e-05,-3.879110803839403e-05
83,0.017433891303108566,0.0028448883543515224,0.01720020280933299,2.254695121071708,1.9439535131566268,1.6426029203110952,1.9512738349784846,-0.8532919697549749,-0.05928985013765774,-0.9344327818230129,-1.1435934939817776,-3.14,-1.541169083495052,1.5194318984654978,1.8236194243348436e-05,-0.00034818286213267324,-4.361410291935097e-05,0.000554467428212746,-0.0011012538888368617,0.0,2.206937644722018e-05,-3.7628422951074825e-05
84,0.016895797350514,0.0027570432255327824,0.01666932826321874,2.2546902949685443,1.943869465598522,1.6426280204645367,1.9512914938985209,-0.8536296314309725,-0.05933215016335587,-0.9338954888623535,-1.144660579570365,-3.14,-1.5411476875436239,1.5193953986975706,1.7658920036245362e-05,-0.00033766167599758035,-4.230002569813318e-05,0.0005372929606594079,-0.0010670855885874797,0.0,2.1395951428138105e-05,-3.649976792718945e-05
85,0.016374418701064358,0.0026719293210089533,0.016154944327674472,2.254685610244707,1.9437880196152546,1.6426522991236814,1.9513085943097528,-0.8539570848939534,-0.05937317499312251,-0.9333748332026732,-1.1456945689933014,-3.14,-1.5411269445822762,1.5193599944993998,1.7100411231929513e-05,-0.00032745346298090894,-4.102482976663796e-05,0.0005206556596802914,-0.00103398942293631,0.0,2.0742961347686162e-05,-3.5404198170718715e-05
86,0.015869229651162175,0.002589460573837914,0.01565653239654348,2.2546810629617164,1.943709093937872,1.6426757846458875,1.9513251543404313,-0.8542746341260821,-0.059412962402279626,-0.9328702947884366,-1.1466965000238643,-3.14,-1.5411068347882422,1.5193256537075703,1.656003067851408e-05,-0.0003175492321286777,-3.978740915711737e-05,0.0005045384142365883,-0.001001931030562897,0.0,2.0109794033995598e-05,-3.434079182951244e-05
87,0.015379721420112428,0.002509553702683637,0.01517359055520928,2.2546766492779975,1.9436326098844172,1.6426985043255697,1.9513411915047265,-0.8545825743562192,-0.05945154908881214,-0.932381370112002,-1.1476673772179673,-3.14,-1.5410873389331374,1.5192923450579114,1.6037164295212847e-05,-0.0003079402301371381,-3.858668653251157e-05,0.0004889246764346877,-0.0009708771941030481,0.0,1.9495855104745274e-05,-3.330864965889191e-05
88,0.0149054015818603,0.002432128116378191,0.01470563302067666,2.254672365447357,1.943558491273771,1.6427204844384742,1.9513567227248885,-0.8548811922925601,-0.059488970701440984,-0.9319075716699908,-1.148608173017564,-3.14,-1.5410684383656514,1.5192600381632357,1.5531220161957293e-05,-0.00029861793634089473,-3.7421612628846246e-05,0.00047379844201111965,-0.0009407957995966054,0.0,1.8900567485991004e-05,-3.2306894675704356e-05
89,0.014445793517250935,0.0023571058222486823,0.01425218960152292,2.2546682078174145,1.9434866643427913,1.6427417502839243,1.951371764352538,-0.8551707663503103,-0.05952526186713775,-0.9314484274384583,-1.1495198288150716,-3.14,-1.5410501149947111,1.5192287034914356,1.5041627649425848e-05,-0.00028957405775020817,-3.62911656967696e-05,0.0004591442315324823,-0.0009116557975077377,0.0,1.832337094032077e-05,-3.1334671800165026e-05
90,0.014000435885976367,0.002284411337987301,0.013812805177141929,2.2546641728279924,1.943417057666549,1.642762326225131,1.9513863321891243,-0.8554515668744442,-0.059560456218080524,-0.9310034803661704,-1.150403255980319,-3.14,-1.5410323512731017,1.5191983123439448,1.4567836586376615e-05,-0.0002808005241339284,-3.519435094277018e-05,0.00044494707228792674,-0.0008834271652473635,0.0,1.776372160944284e-05,-3.039114749081584e-05
91,0.013568882117417757,0.002213971606886339,0.013387039195983932,2.2546602570094816,1.943349602081502,1.6427822357276571,1.9514004415055899,-0.8557238563575887,-0.059594586418050544,-0.9305722878853224,-1.151259336851457,-3.14,-1.5410151301815378,1.5191688368345757,1.4109316465615862e-05,-0.0002722894831445055,-3.413019997001998e-05,0.0004311924808479972,-0.0008560808711379764,0.0,1.7221091563879298e-05,-2.947550936904797e-05
92,0.013150699919622913,0.002145715916254986,0.012974465191044638,2.254656456981189,1.9432842306114466,1.6428015013961272,1.9514141070612723,-0.8559878896530767,-0.05962768418827121,-0.930154421439058,-1.1520889256912121,-3.14,-1.5409984352131707,1.519140249868734,1.3665555682385033e-05,-0.0002640332954879643,-3.309777022066779e-05,0.0004178664462644033,-0.0008295888397551465,0.0,1.66949683670925e-05,-2.858696584162601e-05
93,0.012745470805705194,0.0020795758188712765,0.012574670313214706,2.254652769449659,1.9432208783961211,1.6428201450092608,1.9514273431220783,-0.8562439141832109,-0.05965978033269183,-0.9297494660251726,-1.152892849609805,-3.14,-1.540982250358523,1.51911252512302,1.323606080605444e-05,-0.00025602453013418014,-3.2096144420616646e-05,0.00040495541388541056,-0.0008039239185928526,0.0,1.6184854647605107e-05,-2.7724745714108323e-05
94,0.012352789636972587,0.0020154850573187695,0.012187254880312477,2.2546491912069864,1.943159482622329,1.642838187553316,1.9514401634779612,-0.8564921701427863,-0.05969090476271798,-0.9293570197554053,-1.1536719094557966,-3.14,-1.540966560090842,1.5190856370252157,1.28203558829032e-05,-0.00024825595957544966,-3.1124430026154004e-05,0.00039244626976731034,-0.000779059845991581,0.0,1.5690267681112147e-05,-2.6888097804267375e-05
95,0.011972264182137489,0.001953379491079895,0.011811831942827379,2.2546457191291216,1.9430999824574746,1.642855649254018,1.9514525814597286,-0.856732890697917,-0.05972108652139285,-0.9289766934297514,-1.1544268806760762,-3.14,-1.5409513493518572,1.519059560734666,1.2417981767320896e-05,-0.00024072055513069124,-3.0181758674870107e-05,0.00038032632565387914,-0.0007549712202796766,0.0,1.5210738984805516e-05,-2.6076290549736925e-05
96,0.01160351469197806,0.0018931970262613593,0.011448026864079412,2.25464235017417,1.9430423189854031,1.6428725496070455,1.9514646099552106,-0.8569663021802175,-0.05975035380703267,-0.9286081101252472,-1.1551585141461531,-3.14,-1.5409366035379388,1.5190342721230496,1.2028495482097057e-05,-0.00023341148230049402,-2.9267285639816842e-05,0.00036858330450417753,-0.0007316334700768756,0.0,1.4745813918359829e-05,-2.528861161632534e-05
97,0.01124617348886192,0.0018348775478362208,0.011095476915585926,2.254639081380695,1.9429864351444501,1.642888907407151,1.9514762614248156,-0.8571926242763934,-0.05977873399632192,-0.9282509047986972,-1.1558675369718598,-3.14,-1.5409223084866424,1.5190097477555455,1.1651469604911924e-05,-0.0002263220961759016,-2.83801892892524e-05,0.00035720532655003634,-0.0007090228257067288,0.0,1.4295051296464578e-05,-2.452436750410847e-05
98,0.010899884570554713,0.001778362854299781,0.010753830886292068,2.254635909866015,1.9429322756676102,1.6429047407759723,1.951487547916495,-0.8574120702132955,-0.059806253666873095,-0.9279047239028416,-1.156554653263541,-3.14,-1.5409084504636312,1.5189859648723905,1.1286491679474153e-05,-0.00021944593690204073,-2.751967055117377e-05,0.00034618089585558565,-0.0006871162916810558,0.0,1.3858023011126264e-05,-2.3782883155076817e-05
99,0.01056430322777508,0.0017235965946338114,0.010422748705207398,2.2546328328245195,1.9428797870247394,1.6429200671886126,1.9514984810801475,-0.8576248469384968,-0.05983293861925668,-0.9275692250154745,-1.157220544883742,-3.14,-1.5408950161499708,1.5189629013708321,1.09331636524157e-05,-0.00021277672520136903,-2.66849523835877e-05,0.0003354988873671694,-0.0006658916202011422,0.0,1.3434313660409813e-05,-2.306350155834025e-05
100,0.010239095674970902,0.0016705242074915704,0.010101901077556435,2.254629847525977,1.9428289173667157,1.6429349034990353,1.951509072181479,-0.8578311552964549,-0.05985881389850806,-0.9272440764810466,-1.1578658721693855,-3.14,-1.5408819926297808,1.5189405357874706,1.0591101331502983e-05,-0.000206308357958096,-2.5875279251380556e-05,0.00032514853442788816,-0.0006453272856434822,0.0,1.302352019005859e-05,-2.2365583361549923e-05
101,0.009923938693823107,0.0016190928625058288,0.009790969132737196,2.2546269513138704,1.942779616471476,1.6429492659643452,1.9515193321153466,-0.8580311902003211,-0.059883903815117476,-0.9269289570643029,-1.158491274629368,-3.14,-1.5408693673782388,1.5189188472809911,1.0259933867606819e-05,-0.0002000349038662197,-2.5089916609412344e-05,0.00031511941674366994,-0.0006254024599825492,0.0,1.2625251541997784e-05,-2.1688506479433656e-05
102,0.00961851928899327,0.0015692514036430329,0.009489644085192882,2.254624141603731,1.9427318356918646,1.6429631702679999,1.951529271418603,-0.8582251407994657,-0.05990823196551055,-0.9266235556155243,-1.1590973716184845,-3.14,-1.5408571282499282,1.5188978156152828,9.939303256434329e-06,-0.00019395059914451007,-2.4328150393077008e-05,0.0003054014487785528,-0.0006060969891164003,0.0,1.223912831060936e-05,-2.1031665708326486e-05
103,0.009322534355666297,0.0015209502945212929,0.009197626906164963,2.254621415881501,1.942685527905226,1.6429766315420102,1.9515389002824646,-0.8584131906427844,-0.05993182125202644,-0.9263275707469568,-1.1596847629885418,-3.14,-1.5408452634675174,1.5188774211429403,9.62886386157713e-06,-0.00018804984331877161,-2.3589286515884877e-05,0.0002959848685675226,-0.0005873913700573663,0.0,1.1864782410775376e-05,-2.03944723424776e-05
104,0.009035690358441557,0.001474141565615774,0.00891462800713172,2.2546187717018964,1.9426406474646742,1.6429896643881752,1.95154822856442,-0.858595517837859,-0.05995469390240128,-0.926040710520032,-1.160254029717494,-3.14,-1.540833761610766,1.518857644789146,9.328281955323092e-06,-0.00018232719507460526,-2.2872650374844428e-05,0.00028686022692481217,-0.0005692667289520781,0.0,1.1501856751472417e-05,-1.977635379435405e-05
105,0.008757703021162353,0.0014287787632772232,0.008640366933785438,2.2546162066868067,1.9425971501519792,1.643002282898402,1.9515572657996991,-0.8587722952060413,-0.059976871488765036,-0.9257626921429933,-1.1608057345173928,-3.14,-1.5408226116058459,1.5188384680359286,9.03723527923006e-06,-0.00017677736818222378,-2.2177586363754387e-05,0.00027801837703866905,-0.0005517047998988556,0.0,1.1150004920024159e-05,-1.9176753217386988e-05
106,0.008488297027272582,0.0013848169004982104,0.008374572070627589,2.2546137185236947,1.9425549931320132,1.6430145006741512,1.9515660212123214,-0.8589436904335345,-0.05999837494615945,-0.9254932416785613,-1.1613404224219208,-3.14,-1.540811802714973,1.518819872906793,8.75541262224111e-06,-0.00017139522749320957,-2.1503457394413117e-05,0.0002694504644320528,-0.0005346879045280417,0.0,1.0808890872793242e-05,-1.859512913560124e-05
107,0.008227205730322077,0.0013422124093622144,0.008116980355085887,2.2546113049640324,1.9425141349087034,1.6430263308450532,1.9515745037257364,-0.8591098662185459,-0.060019224590585396,-0.9252320937612832,-1.1618586213542401,-3.14,-1.5408013245263381,1.5188018419517177,8.482513415009052e-06,-0.00016617578501143537,-2.08496444259465e-05,0.0002611479172780484,-0.0005181989323193026,0.0,1.047818863497696e-05,-1.8030955075243327e-05
108,0.007974170874246539,0.0013009230951084103,0.007867337001890887,2.2546089638217515,1.9424745352824329,1.6430377860867316,1.9515827219730768,-0.8592709804145858,-0.060039440136588657,-0.9249789913242262,-1.1623608426758623,-3.14,-1.5407911669443293,1.5187843582325147,8.218247340430196e-06,-0.00016111419603992427,-2.0215546003260476e-05,0.00025310243705700675,-0.0005022213216221427,0.0,1.0157582008840649e-05,-1.748371920307079e-05
109,0.007728942323069564,0.0012609080917546898,0.007625395236464198,2.2546066929717177,1.942436155308841,1.6430488786378739,1.951590684307037,-0.8594271861699876,-0.06005904071439178,-0.9247336853346869,-1.1628475817172161,-3.14,-1.540781320180041,1.5187674053085454,7.962333960165324e-06,-0.00015620575540176151,-1.960057780312635e-05,0.0002453059895393128,-0.0004867390413538786,0.0,9.84676428816833e-06,-1.695292396930448e-05
110,0.0074912777996851655,0.001222127819221644,0.007390916036953973,2.254604490348228,1.9423989572589762,1.6430596203165888,1.9515983988093926,-0.8595786320637253,-0.060078044886581215,-0.9244959345386021,-1.1633193182905646,-3.14,-1.5407717747420593,1.5187509672227908,7.714502355593567e-06,-0.00015144589373772277,-1.90041721894324e-05,0.00023775079608479022,-0.00047173657334842467,0.0,9.545437981817173e-06,-1.6438085754577614e-05
111,0.007260942633393427,0.0011845439419032127,0.0071636678854310005,2.254602353943533,1.9423629045807516,1.6430700225360733,1.951605873300175,-0.8597254622376055,-0.06009647066435819,-0.9242655052133583,-1.163776517185896,-3.14,-1.540762521427515,1.5187350284882652,7.474490782533039e-06,-0.00014683017388017472,-1.8425777776977237e-05,0.00023042932524386384,-0.0004571988953314676,0.0,9.253314544377389e-06,-1.5938734525544618e-05
112,0.007037709515878232,0.0011481193286288181,0.006943426527277527,2.254600281806382,1.9423279618616598,1.643080096319636,1.951613115346516,-0.8598678165249082,-0.060114335523361984,-0.9240421709287068,-1.1642196286503914,-3.14,-1.5407535513134014,1.5187195740747732,7.2420463408384705e-06,-0.00014235428730269284,-1.786485900379109e-05,0.00022333428465148852,-0.00044311146449538263,0.0,8.970114113493466e-06,-1.545441349204424e-05
113,0.006821358265320229,0.001112818013969163,0.006729974738150124,2.254598272040598,1.942294094792702,1.6430898523150939,1.9516201322711708,-0.8600058305755557,-0.060131656419074385,-0.9238257123155065,-1.1646490888520442,-3.14,-1.5407448557481467,1.5187045893959994,7.01692465487902e-06,-0.00013801405064750583,-1.7320895712401307e-05,0.0002164586132002988,-0.0004294602016527982,0.0,8.695565254734916e-06,-1.49846787738106e-05
114,0.006611675598361441,0.0010786051608372565,0.006523102099328365,2.254596322803671,1.942261270133493,1.6430993008085792,1.9516269311607393,-0.8601396359778821,-0.060148449801814476,-0.9236159168420219,-1.1650653203279886,-3.14,-1.5407364263434316,1.518690060296929,6.798889568448985e-06,-0.00013380540232643678,-1.679338274009068e-05,0.00020979547348454197,-0.00041623147594438414,0.0,8.429404715126765e-06,-1.4529099070292872e-05
115,0.006408454909639949,0.0010454470243335453,0.006322604780140864,2.254594432305385,1.9422294556784947,1.6431084517377852,1.9516335188735896,-0.860269360377082,-0.060164731631331576,-0.923412578597517,-1.1654687324180717,-3.14,-1.540728254966252,1.5186759730415904,6.587712850336658e-06,-0.0001297243991998931,-1.6281829517100777e-05,0.00020333824450491367,-0.00040341209008309953,0.0,8.171377179566619e-06,-1.4087255338690596e-05
116,0.006211496058627271,0.0010133109168022087,0.006128285327663047,2.2545925988064615,1.9421986202243542,1.643117314704667,1.951639902047501,-0.8603951275904121,-0.06018051739100603,-0.9232154980828958,-1.1658597216841822,-3.14,-1.540720333731213,1.518662314301114,6.383173911439499e-06,-0.0001257672133301302,-1.5785759674452615e-05,0.00019708051462119514,-0.00039098926611047524,0.0,7.9212350390101e-06,-1.3658740476429898e-05
117,0.006020605163512988,0.0009821651740368545,0.005939952463485989,2.2545908206172425,1.9421687335382862,1.6431258989876358,1.9516460871070351,-0.8605170577192216,-0.06019582210166564,-0.9230244820081477,-1.1662386723158298,-3.14,-1.5407126549930523,1.5186490711421037,6.1850595340917636e-06,-0.00012193012880945542,-1.5304710659608256e-05,0.00019101607474814042,-0.0003789506316476121,0.0,7.678738160654675e-06,-1.3243159010301042e-05
118,0.005835594401887696,0.0009519791226185367,0.005757420886891619,2.254589096096387,1.9421397663274917,1.6431342135532583,1.9516520802706447,-0.8606352672578839,-0.06021066033502714,-0.9228393430963654,-1.166605956522453,-3.14,-1.5407052113393853,1.5186362310153114,5.993163609607777e-06,-0.00011820953866226169,-1.483823336149992e-05,0.00018513891178228992,-0.00036728420662313077,0.0,7.443653667005279e-06,-1.2840126792257323e-05
119,0.005656281817988301,0.0009227230483205101,0.00558051108498152,2.2545874236496015,1.9421116902095497,1.6431422670674887,1.9516578875575321,-0.8607498691997049,-0.060225046226770704,-0.9226598998941123,-1.1669619349129106,-3.14,-1.5406979955836633,1.5186237817446113,5.807286887371532e-06,-0.00011460194182100203,-1.4385891743566581e-05,0.000179443202253049,-0.00035597839045764523,0.0,7.215755722045358e-06,-1.2449270700098936e-05
120,0.005482491136275986,0.0008943681655667044,0.005409049148653032,2.2545858017283917,1.9420844776837753,1.643150067906456,1.9516635147942656,-0.860860973139878,-0.06023899348925603,-0.9224859765879243,-1.1673069568625993,-3.14,-1.5406910007583439,1.5186117115162647,5.627236733474206e-06,-0.00011110394017310732,-1.3947262485325407e-05,0.00017392330618803964,-0.000345021949688773,0.0,6.994825319406317e-06,-1.2070228346594547e-05
121,0.005314051581126727,0.0008668865878903592,0.005242866594478201,2.2545842288288473,1.9420581021034946,1.643157624166821,1.9516689676211632,-0.8609686853755597,-0.06025251542388839,-0.9223174028267378,-1.167641360868622,-3.14,-1.5406842201082618,1.5186000088684735,5.45282689756732e-06,-0.00010771223568173394,-1.3521934632360066e-05,0.0001685737611865079,-0.0003344040060226927,0.0,6.780650082083284e-06,-1.1702647791267395e-05
122,0.005150797702424418,0.0008402512993628632,0.0050818001932907975,2.2545827034904473,1.9420325376492091,1.6431649436757287,1.9516742514984535,-0.8610731090031349,-0.06026562493314324,-0.9221540135500437,-1.1679654748934125,-3.14,-1.540677647084199,1.518588662681211,5.2838772903740505e-06,-0.00010442362757523416,-1.3109509254850826e-05,0.00016338927669412584,-0.00032411402479048945,0.0,6.573024062817012e-06,-1.1346187262395446e-05
123,0.00499256920685154,0.0008144361269597832,0.004925691802962887,2.2545812242948933,1.9420077593026241,1.64317203400037,1.951679371712221,-0.8611743440127425,-0.0602783345322571,-0.9219956488215764,-1.1682796166972145,-3.14,-1.5406712753366456,1.5185776621663294,5.1202137674177806e-06,-0.00010123500960756981,-1.2709599113862324e-05,0.00015836472846730842,-0.00031414180380195944,0.0,6.371747553357565e-06,-1.1000514881676082e-05
124,0.004839210794680695,0.0007894157138345782,0.0047743882080344,2.254579789864969,1.9419837428215103,1.6431789024571664,1.9516843333801432,-0.8612724873801283,-0.06029065636059298,-0.9218421536683502,-1.16858409415979,-3.14,-1.5406650987097474,1.5185669968579318,4.961667922298574e-06,-9.814336738578344e-05,-1.2321828335874752e-05,0.00015349515322615748,-0.00030447746257555863,0.0,6.176626898168891e-06,-1.0665308397550533e-05
125,0.004690572001881604,0.0007651654934616471,0.004627740963609879,2.2545783988634263,1.9419604647153694,1.643185556120608,1.951689141457031,-0.8613676331558948,-0.06030260219268826,-0.9216933779248646,-1.1688792055917245,-3.14,-1.5406591112354338,1.5185566566030093,4.808076887741208e-06,-9.514577576652528e-05,-1.1945832095280884e-05,0.0001487757434855963,-0.00029511143193450273,0.0,5.9874743136845154e-06,-1.0340254922525105e-05
126,0.0045465070473569135,0.0007416616646236031,0.004485606244821575,2.2545770499918927,1.941937902221877,1.6431920018317403,1.951693800740174,-0.8614598725522129,-0.06031418344899318,-0.9215491760823065,-1.1691652400356796,-3.14,-1.5406533071277217,1.5185466315523317,4.659283143082504e-06,-9.223939631808342e-05,-1.1581256304925291e-05,0.00014420184255814483,-0.00028603444395502997,0.0,5.804107712004125e-06,-1.0025050677597847e-05
127,0.004406874685136601,0.0007188811672142273,0.00434784470083013,2.2545757419898123,1.9419160332840797,1.6431982462063304,1.951698315874504,-0.8615492940270608,-0.060325411206306995,-0.9214094071425812,-1.1694424775579322,-3.14,-1.540647680777191,1.5185369121515884,4.515134329974302e-06,-8.942147484791718e-05,-1.1227757313811426e-05,0.00013976893972522664,-0.0002772375222526158,0.0,5.6263505308074e-06,-9.71940074334654e-06
128,0.00427153806135957,0.0006968016588270589,0.004214321314071188,2.254574473633399,1.9418948365283208,1.6432042956427222,1.951702691357579,-0.8616359833660541,-0.060336296207920026,-0.9212739344770143,-1.169711189530528,-3.14,-1.5406422267456228,1.5185274891327738,4.3754830749698215e-06,-8.668933899325104e-05,-1.0885001613031298e-05,0.00013547266556690474,-0.0002687119725959253,0.0,5.454031568152828e-06,-9.423018814569417e-06
129,0.00414036457588295,0.0006754014921007469,0.0040849052633053695,2.25457324373463,1.9418742912428648,1.64321015632939,1.9517069315443965,-0.8617200237619305,-0.06034684887346855,-0.9211426256895655,-1.169971638904363,-3.14,-1.5406369397608024,1.5185183535058109,4.2401868174390955e-06,-8.404039587639467e-05,-1.0552665548523021e-05,0.00013130878744882502,-0.0002604493738349589,0.0,5.286984820385143e-06,-9.135626962919474e-06
130,0.004013225748355307,0.0006546596928055369,0.003959469791880422,2.2545720511402485,1.9418543773572103,1.6432158342522056,1.9517110406520413,-0.8618014958917498,-0.06035707930851038,-0.9210153524844095,-1.1702240804734976,-3.14,-1.540631814711475,1.5185094965504067,4.109107644811871e-06,-8.147212981934882e-05,-1.0230435041828911e-05,0.00012727320515604212,-0.00025244156913450944,0.0,5.125049327370235e-06,-8.856955404201727e-06
131,0.0038899970886153265,0.0006345559386292533,0.0038378920796540905,2.2545708947308034,1.9418350754220524,1.6432213352014355,1.9517150227641764,-0.8618804779918707,-0.060366997313827685,-0.9208919905377365,-1.1704687611309943,-3.14,-1.540626846642455,1.5185009098081346,3.982112135147986e-06,-7.898210012091678e-05,-9.918005317306744e-06,0.00012336194667295075,-0.00024468065749672085,0.0,4.968069019950505e-06,-8.58674227210976e-06
132,0.003770557971258676,0.0006150705386541272,0.0037200531191100062,2.2545697734197003,1.9418163665898869,1.643226664778473,1.9517188818353777,-0.8619570459307622,-0.060376612394465005,-0.9207724193736335,-1.170705920116565,-3.14,-1.540622030749881,1.5184925850747388,3.859071201262054e-06,-7.656793889143643e-05,-9.61508063732075e-06,0.00011957116410299395,-0.0002371589855707512,0.0,4.815892574061564e-06,-8.324733395737027e-06
133,0.0036547915142394684,0.0005961844134962763,0.0036058375963180637,2.254568686152288,1.9417982325962313,1.6432318284023186,1.9517226216953234,-0.8620312732797076,-0.06038593376850821,-0.9206565222439144,-1.1709357892562966,-3.14,-1.5406173623766148,1.5184845143926535,3.739859945728341e-06,-7.42273489454659e-05,-9.321374043205766e-06,0.00011589712971915578,-0.00022986913973155332,0.0,4.668373266181192e-06,-8.070682085303815e-06
134,0.003542584461371869,0.0005778790760796981,0.003495133773995108,2.254567631904959,1.9417806557414359,1.6432368313158205,1.951726246052842,-0.8621032313814606,-0.06039497037561218,-0.9205441860117658,-1.1711585931947182,-3.14,-1.5406128370077785,1.518476690043733,3.6243575185501697e-06,-7.195810175297801e-05,-9.036607103968253e-06,0.0001123362321485688,-0.00022280393842155632,0.0,4.525368836327814e-06,-7.82434892054873e-06
135,0.0034338270685957076,0.0005601366130331865,0.0033878333799848338,2.254566609684272,1.9417636188730771,1.6432416785916861,1.95172975849982,-0.8621729894169043,-0.06040373088528359,-0.920435301039087,-1.171374549619466,-3.14,-1.5406084502664257,1.5184691045421865,3.51244697816e-06,-6.975803544373438e-05,-8.76050967141273e-06,0.00010888497267880215,-0.00021595642474792065,0.0,4.386741352835344e-06,-7.585501546447659e-06
136,0.003328412993887849,0.0005429396666815924,0.003283831498467353,2.2545656185261103,1.941747105368903,1.6432463751382669,1.9517331625149827,-0.8622406144697711,-0.060412223704924634,-0.9203297610774004,-1.1715838694787877,-3.14,-1.5406041979093446,1.518461750627714,3.4040151626335557e-06,-6.76250528667266e-05,-8.492819641041371e-06,0.00010553996168660706,-0.00020931985932159947,0.0,4.2523570811248135e-06,-7.353914472485457e-06
137,0.0032262391906941815,0.0005262714176155797,0.0031830264647607636,2.2545646574948397,1.9417310991203214,1.6432509257051364,1.9517364614675423,-0.8623061715894742,-0.06042045698764547,-0.9202274631622172,-1.1717867571921217,-3.14,-1.5406000758229854,1.5184546212588348,3.2989525595716884e-06,-6.555711970313016e-05,-8.233282720836177e-06,0.00010229791518323594,-0.00020288771333398792,0.0,4.122086359137356e-06,-7.1293688792550824e-06
138,0.0031272058047643113,0.0005101155678202672,0.0030853197638716317,2.254563725682505,1.941715584516409,1.6432553348884624,1.951739658620727,-0.8623697238521049,-0.06042843863985005,-0.9201283075107456,-1.1719834108539835,-3.14,-1.5405960800195138,1.518447709606408,3.1971531846419765e-06,-6.355226263066172e-05,-7.981652204579193e-06,9.91556514715608e-05,-0.0001966536618618342,0.0,3.995803471656956e-06,-6.911652426833115e-06
139,0.0030312160742804917,0.0004944563243423657,0.002990615931368286,2.2545628222080465,1.941700546428424,1.6432596071361827,1.951742757135191,-0.862431332419643,-0.06043617632860225,-0.920032197422833,-1.172174022431373,-3.14,-1.5405922066329802,1.5184410090473361,3.0985144641171303e-06,-6.160856753811839e-05,-7.737688752201821e-06,9.611008791254871e-05,-0.00019061157738953227,0.0,3.873386533514989e-06,-6.700559071814993e-06
140,0.002938176233167586,0.00047927838348022693,0.0028988224584975495,2.254561946216523,1.9416859701948104,1.6432637467529945,1.9517457600723103,-0.862491056597433,-0.06044367748877885,-0.919939039185036,-1.1723587779549203,-3.14,-1.5405884519156083,1.5184345131584505,3.0029371191897525e-06,-5.9724177789988175e-05,-7.501160176601185e-06,9.315823779709742e-05,-0.000184755523547242,0.0,3.7547173719065796e-06,-6.4958888856825325e-06
141,0.0028479954174819746,0.0004645669154765378,0.002809849699860787,2.2545610968783714,1.9416718416066696,1.6432677579051629,1.9517486703973674,-0.8625489538899722,-0.06045094933001337,-0.9198487419777175,-1.17253785770397,-3.14,-1.5405848122341932,1.5184282157105695,2.910325057170482e-06,-5.789729253924403e-05,-7.271841234515741e-06,9.029720731845714e-05,-0.00017907974904973756,0.0,3.6396814151462564e-06,-6.297447880942997e-06
142,0.0027605855747792046,0.0004503075497012368,0.002723610783398524,2.254560273388678,1.9416581468936955,1.6432716446251585,1.9517514909826323,-0.8626050800550582,-0.060457998843438415,-0.9197612177850742,-1.1727114363858062,-3.14,-1.5405812840666095,1.5184221106627305,2.8205852649065832e-06,-5.612616508599011e-05,-7.04951342504756e-06,8.752419264324018e-05,-0.00017357868183620617,0.0,3.5281675836440485e-06,-6.105047839044531e-06
143,0.0026758613763567256,0.00043648636030276075,0.0026400215246970074,2.2545594749664675,1.9416448727105469,1.6432754108161274,1.9517542246103388,-0.8626594891563429,-0.06046483280823121,-0.9196763813079966,-1.172879683309207,-3.14,-1.540577863998426,1.5184161921565849,2.7336277064193837e-06,-5.440910128473586e-05,-6.833964792792024e-06,8.483647707768771e-05,-0.0001682469234007833,0.0,3.420068183546121e-06,-5.918506145619062e-06
144,0.0025937401322847584,0.00042308985232114273,0.0025590003422385696,2.254558700854015,1.9416320061236536,1.6432790602562002,1.9517568739755633,-0.8627122336143358,-0.06047145779796722,-0.9195941498796731,-1.173042762552512,-3.14,-1.540574548719621,1.518410454510957,2.6493652245385135e-06,-5.274445799285932e-05,-6.62498973601211e-06,8.223142832342045e-05,-0.00016307924330494217,0.0,3.3152788050383464e-06,-5.737645627945653e-06
145,0.002514141709129665,0.0004101049482362179,0.0024804681771112063,2.2545579503161766,1.9416195345984326,1.643282596602651,1.9517594416890083,-0.8627633642559015,-0.0604778801867883,-0.9195144433838489,-1.1732008331263835,-3.14,-1.540571335021399,1.518404892216559,2.5677134449786365e-06,-5.11306415656998e-05,-6.422388821078484e-06,7.970649582422773e-05,-0.00015807057387151602,0.0,3.213698221982142e-06,-5.562294397964962e-06
146,0.0024369884502823146,0.00039751897494468274,0.002404348413627464,2.254557222639734,1.9416074459869064,1.6432860233959075,1.9517619302796934,-0.8628129303622949,-0.060484106155389766,-0.9194371841756521,-1.1733540491314318,-3.14,-1.540568219793103,1.51839949993086,2.4885906850791173e-06,-4.956610639339498e-05,-6.225968601468457e-06,7.725920819678933e-05,-0.0001532160050483622,0.0,3.1152282959912014e-06,-5.392285698846422e-06
147,0.0023622050988122965,0.00038531965115309343,0.0023305668038321233,2.254556517132759,1.9415957285157137,1.6432893440634204,1.951764342197558,-0.8628609797157728,-0.060490141696831604,-0.9193622970049081,-1.173502559910871,-3.14,-1.5405652000192207,1.5183942724731037,2.4119178645420902e-06,-4.804935347790806e-05,-6.035541441837267e-06,7.488717074399798e-05,-0.00014851077943922597,0.0,3.019773882284582e-06,-5.227457756440401e-06
148,0.002289718722749226,0.00037349507516569957,0.002259051393265773,2.254555833123999,1.9415843707744906,1.643292561923394,1.9517666798159778,-0.862907558644825,-0.06049599262217875,-0.9192897089418604,-1.1736465101983669,-3.14,-1.540562272776481,1.5183892048194694,2.3376184199452865e-06,-4.657892905224337e-05,-5.850925347147817e-06,7.258806304777377e-05,-0.00014395028749580874,0.0,2.92724273975864e-06,-5.067653634283076e-06
149,0.0022194586427371336,0.00036203371306051216,0.0021897324503156357,2.2545551699622686,1.9415733617046196,1.6432956801883911,1.9517689454342004,-0.8629527120680637,-0.06050166456597545,-0.9192193493052195,-1.17378604026123,-3.14,-1.5405594352310392,1.5183842920983766,2.2656182225855304e-06,-4.515342323863081e-05,-5.671943796699275e-06,7.035963664081546e-05,-0.00013953006286304692,0.0,2.837545441725098e-06,-4.912721092820149e-06
150,0.0021513563619642915,0.000350924387240847,0.0021225423959495555,2.2545545270158764,1.9415626905883296,1.6432987019688063,1.9517711412796985,-0.8629964835368077,-0.060507162991557686,-0.9191511495924686,-1.173921286039107,-3.14,-1.5405566846357484,1.5183795295859255,2.195845498098592e-06,-4.377146874401383e-05,-5.498425582235733e-06,6.819971275096037e-05,-0.00013524577787715764,0.0,2.750595290867963e-06,-4.762512451073064e-06
151,0.0020853454983027087,0.0003401562653455563,0.0020574157384476515,2.254553903672043,1.9415523470381382,1.6433016302762236,1.9517732695104473,-0.8630389152764023,-0.06051249319620972,-0.9190850434123504,-1.1740523792783129,-3.14,-1.5405540183275115,1.5183749127014692,2.128230748743576e-06,-4.243173959461721e-05,-5.330204652036208e-06,6.610618011815284e-05,-0.00013109323920579286,0.0,2.666308236864978e-06,-4.61688445629882e-06
152,0.002021361718587807,0.00032971884951032103,0.0019942890062162716,2.254553299336356,1.9415423209866214,1.6433044680266535,1.9517753322171276,-0.8630800482263077,-0.06051766031616704,-0.9190209664194685,-1.1741794476619436,-3.14,-1.5405514337247161,1.5183704370033182,2.062706680350246e-06,-4.113294990537586e-05,-5.16711995731528e-06,6.407699288191182e-05,-0.00012706838363074624,0.0,2.5846027953413397e-06,-4.475698150985252e-06
153,0.001959342674964788,0.0003196019659665443,0.001933100687467451,2.2545527134322327,1.9415326026765047,1.643307218043661,1.9517773314252578,-0.8631199220789937,-0.06052266933147186,-0.9189588562509332,-1.1743026149359077,-3.14,-1.5405489283247464,1.518366098184569,1.9992081301545284e-06,-3.9873852686000966e-05,-5.009015304820175e-06,6.211016853530094e-05,-0.00012316727396410876,0.0,2.5053999697099982e-06,-4.338818749172191e-06
154,0.0018992279432373544,0.00030979575497245865,0.0018737911679517314,2.2545521454003925,1.9415231826510675,1.6433098830613828,1.9517792690972546,-0.8631585753176736,-0.060527525070684624,-0.9188986524649888,-1.1744220010310038,-3.14,-1.5405464997015696,1.5183618920690558,1.937671996854462e-06,-3.8653238679908775e-05,-4.855739212765442e-06,6.0203785944401567e-05,-0.00011938609509609677,0.0,2.428623176786715e-06,-4.206115513216702e-06
155,0.0018409589631558773,0.000300290661054206,0.0018163026721757978,2.254551594698355,1.94151405174484,1.6433124657274454,1.9517811471344284,-0.8631960452529127,-0.0605322322154559,-0.9188402964815574,-1.174537722181174,-3.14,-1.5405441455033984,1.5183578146074208,1.8780371737747714e-06,-3.7469935239120566e-05,-4.707144771277927e-06,5.83559834314018e-05,-0.00011572115017011164,0.0,2.3541981712948967e-06,-4.077461634999224e-06
156,0.0017844789805768672,0.0002910774235573666,0.0017605792064543729,2.2545510607999413,1.9415052010745937,1.6433149686057764,1.9517829673789122,-0.8632323680581422,-0.06053679530496225,-0.9187837315246409,-1.1746498910380525,-3.14,-1.5405418634504213,1.5183538618733012,1.820244483807798e-06,-3.632280522947173e-05,-4.563089506345874e-06,5.656495691652719e-05,-0.00011216885687859168,0.0,2.2820529770317677e-06,-3.952734119572199e-06
157,0.001729732991441804,0.0002821470674993682,0.0017065665043035098,2.2545505431947928,1.9414966220306185,1.6433173941793269,1.9517847316155303,-0.8632675788041112,-0.06054121874021027,-0.9187289025665182,-1.1747586167819308,-3.14,-1.540539651332605,1.5183500300596278,1.764236618129189e-06,-3.521074596901652e-05,-4.423435248021579e-06,5.4828958122699056e-05,-0.00010872574387832401,0.0,2.2121178162581856e-06,-3.831813673471629e-06
158,0.00167666768751079,0.00027349089469936075,0.0016542119714917705,2.254550041387912,1.9414883062682593,1.6433197448526964,1.9517864415736048,-0.8633017114923083,-0.06054550678821248,-0.9186757562736847,-1.1748640052292503,-3.14,-1.5405375070075622,1.518346315475032,1.7099580744694975e-06,-3.4132688197074934e-05,-4.288048002211442e-06,5.31462928334836e-05,-0.0001053884473194433,0.0,2.1443250428632155e-06,-3.7145845956931822e-06
159,0.0016252314037973762,0.0002651004751959567,0.0016034646355931647,2.2545495548992016,1.9414802456997284,1.643322022954671,1.9517880989287035,-0.8633347990873808,-0.06054966358603923,-0.9186242409544769,-1.1749661589367355,-3.14,-1.5405354283984836,1.5183427145403623,1.657355098716451e-06,-3.308759507247849e-05,-4.156797826747327e-06,5.15153192077733e-05,-0.00010215370748523078,0.0,2.078609078637328e-06,-3.6009346697785105e-06
160,0.0015753740676486636,0.00025696763893110354,0.0015542750950961568,2.254549083263029,1.9414724324861679,1.6433242307406726,1.9517897053043332,-0.863366873548583,-0.06055369314474926,-0.9185743065083287,-1.1750651773022753,-3.14,-1.5405334134921345,1.5183392237852988,1.6063756296258447e-06,-3.2074461202236115e-05,-4.029558710032244e-06,4.993444614820319e-05,-9.90183655398269e-05,0.0,2.0149063491015085e-06,-3.4907550634510898e-06
161,0.0015270471494210022,0.000249084467689761,0.0015065954704209007,2.254548626027793,1.9414648590299552,1.6433263703951286,1.9517912622735765,-0.8633979658602814,-0.06055759935320334,-0.9185259043766077,-1.1751611566626514,-3.14,-1.5405314603369116,1.5183358398450733,1.556969243310391e-06,-3.1092311698399655e-05,-3.906208454078353e-06,4.840213172097041e-05,-9.597936037608612e-05,0.0,1.9531552228890803e-06,-3.383940225587523e-06
162,0.001480203614697458,0.00024144328730145377,0.0014603793575198862,2.254548182755515,1.9414575179672584,1.6433284440337612,1.951792771360677,-0.8634281060615431,-0.060561385981763804,-0.9184789874949829,-1.1752541903882199,-3.14,-1.5405295670409591,1.5183325594572825,1.5090871006151474e-06,-3.0140201261685817e-05,-3.786628560466243e-06,4.691688162483665e-05,-9.303372556845879e-05,0.0,1.8932959524597948e-06,-3.2803877907383594e-06
163,0.0014347978779990186,0.00023403666007661405,0.001415581782346626,2.2545477530214306,1.9414504021608114,1.643330453705797,1.9517942340425742,-0.8634573232748362,-0.06056505668588354,-0.9184335102472739,-1.1753443689746377,-3.14,-1.5405277317703419,1.5183293794587989,1.4626818971574806e-06,-2.9217213293075694e-05,-3.6707041197389656e-06,4.547724770898043e-05,-9.017858641779952e-05,0.0,1.8352706172564126e-06,-3.179998483648916e-06
164,0.0013907857579424268,0.00022685737748429663,0.0013721591546297328,2.2545473364135966,1.9414435046929215,1.6433324013961061,1.9517956517503865,-0.8634856457338673,-0.06056861500958788,-0.9183894284207353,-1.175431780131731,-3.14,-1.5405259527472748,1.5183262967827704,1.4177078122568076e-06,-2.8322459031171476e-05,-3.558323704334898e-06,4.408182653858894e-05,-8.741115709343106e-05,0.0,1.7790230670833296e-06,-3.082676028443032e-06
165,0.0013481244337977096,0.0002198984530598971,0.001330069227841639,2.254546932532513,1.9414368188586923,1.6433342890272669,1.9517970258708497,-0.8635131008105815,-0.06057206438885161,-0.9183466991627319,-1.1755165088695938,-3.14,-1.5405242282484062,1.518323308455713,1.3741204631934067e-06,-2.745507671420011e-05,-3.4493792637341203e-06,4.272925800341554e-05,-8.472873786269375e-05,0.0,1.7244988685938267e-06,-2.9883270573627385e-06
166,0.0013067724034018157,0.00021315311553094998,0.0012892710561359163,2.2545465409907517,1.9414303381594564,1.643336118461563,1.9517983577477083,-0.8635397150413497,-0.06057540815487541,-0.9183052809387596,-1.1755986375820044,-3.14,-1.540522556603153,1.5183204115946862,1.3318768585790508e-06,-2.6614230768218228e-05,-3.34376602379588e-06,4.141822397230044e-05,-8.212871241064512e-05,0.0,1.6716452531095882e-06,-2.8968610268353956e-06
167,0.001266689442384794,0.00020661480215814396,0.0012497249536132166,2.2545461614125957,1.9414240562964105,1.6433378915029135,1.9517996486830613,-0.8635655141523675,-0.06057864953726386,-0.9182651334917707,-1.1756782461272477,-3.14,-1.540520936192087,1.5183176034045553,1.2909353530599077e-06,-2.579911101774357e-05,-3.241382388448344e-06,4.014744698888073e-05,-7.960854524324823e-05,0.0,1.6204110659945314e-06,-2.808190130876298e-06
168,0.0012278365646683762,0.00020027715228791503,0.0012113924572760288,2.2545457934336905,1.9414179671644534,1.6433396098987414,1.951800899938667,-0.8635905230842882,-0.060581791667107955,-0.9182262178027614,-1.1757554119064197,-3.14,-1.5405193654453704,1.5183148811753342,1.2512556055721546e-06,-2.5008931920700306e-05,-3.142129844098396e-06,3.891568900937781e-05,-7.716577917205036e-05,0.0,1.5707467166947708e-06,-2.7222292211526167e-06
169,0.001190175984193109,0.00019413400110151322,0.0011742362866721118,2.2545454367007074,1.9414120648462092,1.6433412753417744,1.9518021127372038,-0.8636147660161138,-0.06058483757997509,-0.9181884960525837,-1.1758302099392992,-3.14,-1.5405178428412392,1.5183122422796078,1.2127985369314587e-06,-2.4242931825568803e-05,-3.04591286713618e-06,3.772175017768831e-05,-7.479803287946396e-05,0.0,1.5226041312210725e-06,-2.6388957263812074e-06
170,0.0011536710778382831,0.0001881793735624446,0.0011382203101497456,2.254545090871012,1.9414063436062403,1.6433428894717912,1.9518032882634937,-0.8636382663883647,-0.06058779021880939,-0.9181519315849415,-1.1759027129378596,-3.14,-1.5405163669045323,1.5183096841700316,1.1755262898649477e-06,-2.350037225096191e-05,-2.952638834298471e-06,3.6564467642219434e-05,-7.250299856043085e-05,0.0,1.4759367068517548e-06,-2.558109576167311e-06
171,0.0011182863494989001,0.00018240747854722338,0.0011033095061877287,2.254544755612344,1.9414007978854348,1.6433444538773108,1.9518044276656836,-0.8636610469255509,-0.06059065243674474,-0.9181164888705342,-1.1759729913774966,-3.14,-1.5405149362052664,1.5183072043769055,1.13940218993136e-06,-2.2780537186184446e-05,-2.8622179353496313e-06,3.544271440725222e-05,-7.027843963691716e-05,0.0,1.4306992659474105e-06,-2.4797931261755224e-06
172,0.0010839873952751369,0.00017681270316844013,0.0010694699326505312,2.2545444306025093,1.9413954222955758,1.6433459700972188,1.9518055320563925,-0.863683129657963,-0.060593426999832875,-0.9180821334723127,-1.1760411135660434,-3.14,-1.5405135493572533,1.5183048005058213,1.1043907088836846e-06,-2.2082732412109785e-05,-2.774563088135673e-06,3.4355398221497246e-05,-6.812218854679308e-05,0.0,1.386848013096298e-06,-2.4038710841889355e-06
173,0.0010507408697502118,0.00017138960726337127,0.0010366686905447988,2.254544115529077,1.94139021161407,1.643347439622351,1.951806602513819,-0.863704535942807,-0.06059611658968998,-0.9180488320118113,-1.1761071457106431,-3.14,-1.5405122050167603,1.5183024702353796,1.070457426477489e-06,-2.1406284844038836e-05,-2.689589857107766e-06,3.330146050140037e-05,-6.603214459977025e-05,0.0,1.3443404929258662e-06,-2.3302704417194064e-06
174,0.0010185144533118623,0.00016613291806217195,0.001004873893181811,2.2545438100890887,1.9413851607788457,1.6433488638970155,1.9518076400828164,-0.8637252864846985,-0.06059872380606291,-0.9180165521365239,-1.1761711519825464,-3.14,-1.5405109018812115,1.5183002113149757,1.0375689973862734e-06,-2.0750541891434438e-05,-2.6072163729282116e-06,3.2279875287422044e-05,-6.400627190328301e-05,0.0,1.3031355488024587e-06,-2.258920403841458e-06
175,0.0009872768204920114,0.00016103752501903082,0.0009740546353177049,2.254543513988771,1.9413802648834075,1.6433502443204702,1.951808645775931,-0.8637454013555373,-0.06060125116931874,-0.9179852624882898,-1.1762331945798972,-3.14,-1.5405096386879278,1.5182980215626518,1.0056931145641101e-06,-2.0114870838860988e-05,-2.5273632558303616e-06,3.1289648234067435e-05,-6.204259735076434e-05,0.0,1.2631932837514626e-06,-2.189752323911165e-06
176,0.0009569976092894999,0.00015609847480390393,0.0009441809610897604,2.2545432269432664,1.9413755191720425,1.6433515822483495,1.9518096205744109,-0.8637649000137825,-0.06060370112285843,-0.9179549326726588,-1.1762933337885721,-3.14,-1.5405084142129062,1.5182958988630135,9.747984799357567e-07,-1.949865824513175e-05,-2.4499535396863004e-06,3.0329815631002788e-05,-6.013920867498079e-05,0.0,1.2244750215995026e-06,-2.1226996382850416e-06
177,0.0009276473914451974,0.00015131096644892896,0.0009152238366934297,2.2545429486763564,1.941370919035176,1.643352878994049,1.951810565429179,-0.8637838013231417,-0.060606076035458534,-0.9179255332292042,-1.1763516280411341,-3.14,-1.5405072272696363,1.5182938411652092,9.448547682033848e-07,-1.890130935922052e-05,-2.3749126001060272e-06,2.939944345459189e-05,-5.8294252561985616e-05,0.0,1.1869432698929927e-06,-2.057697804369596e-06
178,0.0008991976436381796,0.00014667034664827034,0.000887155121172127,2.25454267892021,1.9413664600048703,1.6433541358300559,1.951811481261779,-0.8638021235706962,-0.060608378203541674,-0.9178970356027555,-1.1764081339739574,-3.14,-1.540506076707953,1.5182918464809703,9.158325999791828e-07,-1.8322247554491966e-05,-2.3021680831403213e-06,2.849762644874243e-05,-5.650593282324756e-05,0.0,1.1505616832607757e-06,-1.9946842388929298e-06
179,0.000871620719578687,0.00014217210520333772,0.0008599475384047177,2.2545424174151303,1.9413621377504662,1.6433553539892474,1.9518123689652889,-0.8638198844844758,-0.0606106098533784,-0.9178694121155195,-1.1764629064825842,-3.14,-1.5405049614129243,1.51828991288271,8.877035098109332e-07,-1.776091377958533e-05,-2.2316498367244697e-06,2.7623487235950428e-05,-5.4772508626843575e-05,0.0,1.115295028775165e-06,-1.9335982601731416e-06
180,0.0008448898229645076,0.00013781187060464084,0.0008335746511931314,2.254542163909306,1.9413579480743506,1.6433565346661374,1.9518132294052057,-0.8638371012505027,-0.060612773143223136,-0.9178426359400654,-1.1765159987753655,-3.14,-1.5405038803037716,1.5182880385016795,8.604399168721244e-07,-1.721676602695066e-05,-2.163289844737959e-06,2.6776175454101825e-05,-5.309229278127603e-05,0.0,1.0811091526452543e-06,-1.8743810306087738e-06
181,0.0008189789812759868,0.00013358540575887163,0.0008080108346116629,2.2545419181585777,1.9413538869078664,1.6433576790180895,1.9518140634203052,-0.8638537905293168,-0.06061487016538471,-0.9178166810731436,-1.1765674624254419,-3.14,-1.5405028323328263,1.5182862215261796,8.340150994268214e-07,-1.6689278814041586e-05,-2.097022161570705e-06,2.595486692180682e-05,-5.146365007635545e-05,0.0,1.0479709453559138e-06,-1.8169754998353937e-06
182,0.0007938630203836607,0.00012948860384223685,0.0007832312520045779,2.2545416799262052,1.9413499503073404,1.6433587881664866,1.9518148718234698,-0.8638699684720011,-0.06061690294823504,-0.9177915223103149,-1.1766173474211148,-3.14,-1.5405018164845143,1.5182844601998264,8.084031646315992e-07,-1.6177942684381108e-05,-2.0327828503322043e-06,2.515876282871421e-05,-4.988499567293303e-05,0.0,1.015848311913814e-06,-1.7613263532112455e-06
183,0.0007695175399427651,0.00012551748428359712,0.0007592118302120925,2.254541448982646,1.9413461344502358,1.6433598631978645,1.9518156554024957,-0.863885650735721,-0.06061887345815641,-0.9177671352213636,-1.1766657022146596,-3.14,-1.540500831774375,1.5182827528198692,7.835790258869935e-07,-1.5682263719840606e-05,-1.9705099213729316e-06,2.438708895136088e-05,-4.8354793544813646e-05,0.0,9.847101394289126e-07,-1.7073799571942772e-06
184,0.0007459188895491343,0.00012166818887465047,0.0007359292353171086,2.2545412251053376,1.9413424356314264,1.6433609051650078,1.95181641492087,-0.863900852498791,-0.060620783601430334,-0.9177434961264699,-1.1767125737696278,-3.14,-1.5404998772481078,1.5182810977355592,7.595183744157907e-07,-1.5201763070016305e-05,-1.9101432739213053e-06,2.3639094893668222e-05,-4.68715549681864e-05,0.0,9.545262671384336e-07,-1.6550843100482382e-06
185,0.0007230441456344465,0.00011793697799784233,0.0007133608511015946,2.254541008078484,1.9413388502595827,1.6433619150880123,1.9518171511185267,-0.8639155884752855,-0.06062263522606889,-0.9177205820731187,-1.1767580076066868,-3.14,-1.5404989519806493,1.5182794933465669,7.36197656614479e-07,-1.4735976494484326e-05,-1.8516246385533175e-06,2.291405335119734e-05,-4.5433837059016824e-05,0.0,9.252674584292464e-07,-1.604388992326733e-06
186,0.0007008710890770761,0.00011432022697153799,0.0006914847558011987,2.2545407976928593,1.9413353748536704,1.6433628939553124,1.9518178647125768,-0.863929872929205,-0.06062443012359066,-0.9176983708137207,-1.1768020478480419,-3.14,-1.5404980550752783,1.5182779381014486,7.135940500724303e-07,-1.4284453919488627e-05,-1.794897521771588e-06,2.2211259397941774e-05,-4.404024135507001e-05,0.0,8.969053710838892e-07,-1.5552451182454519e-06
187,0.0006793781835029518,0.00011081442250919559,0.0006702797014191259,2.254540593745599,1.9413320060395571,1.643363842724674,1.9518185563980162,-0.8639437196882118,-0.06062617003074302,-0.9176768407839262,-1.1768447372604858,-3.14,-1.5404971856627467,1.5182764304961578,6.916854393690386e-07,-1.3846759006841403e-05,-1.7399071523607756e-06,2.1530029794547545e-05,-4.268941244389701e-05,0.0,8.694125315233947e-07,-1.5076052908291615e-06
188,0.0006585445542608959,0.00010741615928985961,0.0006497250934004099,2.2545403960400177,1.9413287405467266,1.6433647623241572,1.9518192268484127,-0.8639571421569491,-0.06062785663117186,-0.9176559710816066,-1.176886117297117,-3.14,-1.5404963429004406,1.5182749690726018,6.704503965337949e-07,-1.3422468737256388e-05,-1.6866004288393355e-06,2.0869702319625816e-05,-4.138003663123335e-05,0.0,8.427623061635359e-07,-1.4614235559484712e-06
189,0.000638349968047582,0.00010412213662972937,0.0006298009691800508,2.2545402043854144,1.9413255752050882,1.6433656536530485,1.9518198767165686,-0.8639701533299551,-0.06062949155704125,-0.9176357414464849,-1.1769262281377701,-3.14,-1.5404955259715625,1.5182735524172433,6.498681559552466e-07,-1.3011173006005627e-05,-1.6349258693884594e-06,2.0229635121715717e-05,-4.01108406531403e-05,0.0,8.169288781001427e-07,-1.4166553585770458e-06
190,0.0006187748131601119,0.00010092915526115805,0.0006104879794874704,2.254540018596897,1.94132250694189,1.6433665175827612,1.9518205066351657,-0.8639827658041841,-0.06063107639060323,-0.9176161322403961,-1.176965108728196,-3.14,-1.5404947340843418,1.5182721791597422,6.299185970615184e-07,-1.261247422901235e-05,-1.5848335619822462e-06,1.960920608878869e-05,-3.888059042589376e-05,0.0,7.918872206857941e-07,-1.3732575010472203e-06
191,0.0005998000803634462,9.783411421093547e-05,0.000591767370487131,2.2545398384952033,1.9413195327787267,1.6433673549577092,1.9518211172173876,-0.8639949917911476,-0.060632612665720585,-0.9175971244281544,-1.1770027968180332,-3.14,-1.5404939664712687,1.5182708479716407,6.105822218938073e-07,-1.2225986963487756e-05,-1.5362751173558786e-06,1.9007812241622624e-05,-3.768808983717342e-05,0.0,7.676130731049113e-07,-1.3311881015276583e-06
192,0.0005814073443436914,9.483400777159307e-05,0.0005736209634338443,2.2545396639065327,1.9413166498286358,1.6433681665961517,1.9518217090575245,-0.8640068431286849,-0.06063410186934316,-0.9175786995590127,-1.1770393289976064,-3.14,-1.5404932223883503,1.5182695575650862,5.918401368987247e-07,-1.185133753733858e-05,-1.489203622577484e-06,1.8424869141719924e-05,-3.653217957322319e-05,0.0,7.440829183913422e-07,-1.2904065544994126e-06
193,0.000563578745740198,9.192592257180916e-05,0.0005560311375825872,2.2545394946623802,1.9413138552932894,1.6433689532910103,1.9518222827315572,-0.8640183312923773,-0.060635545442939226,-0.9175608397486922,-1.1770747407335886,-3.14,-1.5404925011143915,1.5182683066915943,5.736740327222378e-07,-1.1488163692341402e-05,-1.4435735960632856e-06,1.7859810320541847e-05,-3.541173598220482e-05,0.0,7.212739587814099e-07,-1.250873491898119e-06
194,0.0005462969737278342,8.910703473082821e-05,0.0005389808140836216,2.2545393305993744,1.9413111464602657,1.6433697158106626,1.9518228387977248,-0.8640294674066131,-0.06063694478388361,-0.9175435276619668,-1.177109066403564,-3.14,-1.5404918019502958,1.5182670941408487,5.560661675563239e-07,-1.113611423586569e-05,-1.3993409443829874e-06,1.7312086725396192e-05,-3.432566997529918e-05,0.0,6.991640957298983e-07,-1.2125507455884588e-06
195,0.000529545249139228,8.637460710742832e-05,0.0005224534399935742,2.2545391715591276,1.9413085207004115,1.6433704548997081,1.9518233777970726,-0.8640402622553177,-0.06063830124680353,-0.9175267464957845,-1.1771423393295224,-3.14,-1.5404911242183892,1.5182659187395373,5.389993478210897e-07,-1.0794848704587245e-05,-1.356462919918644e-06,1.6781166182311402e-05,-3.327292595844966e-05,0.0,6.777319065953691e-07,-1.1754013113929318e-06
196,0.0005133073081095368,8.37259866291813e-05,0.0005064329672864525,2.2545390173880744,1.9413059754652808,1.6433711712797092,1.9518239002539848,-0.8640507262923549,-0.06063961614488366,-0.9175104799629091,-1.1771745918103227,-3.14,-1.5404904672617634,1.5182647793502244,5.224569121775602e-07,-1.0464037037194451e-05,-1.3148980801333532e-06,1.6266532875341966e-05,-3.2252480800298855e-05,0.0,6.569566257663695e-07,-1.1393893128985866e-06
197,0.0004975673862232387,8.115860170654578e-05,0.0004909038434682085,2.254538867937337,1.9413035082846557,1.6433718656499132,1.9518244066766997,-0.8640608696516137,-0.06064089075113099,-0.9174947122760649,-1.1772058551531528,-3.14,-1.5404898304436405,1.5182636748702558,5.064227148743328e-07,-1.0143359258751872e-05,-1.2746062473256714e-06,1.5767686844192497e-05,-3.126334283010124e-05,0.0,6.368181229010617e-07,-1.1044799685944184e-06
198,0.000482310203151492,7.866995972445654e-05,0.0004758509936275111,2.2545387230625753,1.9413011167641396,1.643372538687945,1.9518248975578083,-0.8640707021567859,-0.06064212629960214,-0.9174794281325722,-1.1772361597040208,-3.14,-1.540489213146756,1.5182626042306986,4.90881108650143e-07,-9.832505172280293e-06,-1.2355484711526477e-06,1.5284143492722002e-05,-3.0304550868054392e-05,0.0,6.172968844975202e-07,-1.0706395572324112e-06
199,0.0004675209477645928,7.625764461446871e-05,0.00046125980389112185,2.2545385826238538,1.9412987985828296,1.6433731910504825,1.9518253733747386,-0.8640802333308475,-0.06064332398659262,-0.9174646126994537,-1.1772655348773056,-3.14,-1.540488614772761,1.5182615663953116,4.7581693030096517e-07,-9.531174061550018e-06,-1.1976869904797849e-06,1.4815433118542387e-05,-2.937517328471806e-05,0.0,5.983739950199407e-07,-1.0378353869633372e-06
200,0.0004531852637018039,7.391931449995956e-05,0.0004471161110325807,2.254538446485503,1.9412965514910576,1.64337382337391,1.9518258345902237,-0.8640894724052496,-0.060644484971790175,-0.9174502515990011,-1.1772940091843964,-3.14,-1.540488034741643,1.518260560359549,4.612154851368899e-07,-9.23907440208982e-06,-1.1609851975555308e-06,1.4361100452608966e-05,-2.84743070908533e-05,0.0,5.800311180248485e-07,-1.0060357626962002e-06
201,0.00043928923538754175,7.16526994143685e-05,0.0004334061851377595,2.2545383145159956,1.9412943733082015,1.6433744362749487,1.9518262816527563,-0.8640984283288305,-0.060645610379392874,-0.9174363308947858,-1.1773216102614499,-3.14,-1.5404874724911644,1.518259585149592,4.47062532549225e-07,-8.95592358096664e-06,-1.1254076026992466e-06,1.3920704215242274e-05,-2.760107705346293e-05,0.0,5.622504786195748e-07,-9.752099570103923e-07
202,0.00042581937447942585,6.945559908792104e-05,0.00042011671935076006,2.254538186587815,1.9412922619205621,1.64337503035127,1.9518267149970279,-0.8641071097764559,-0.06064670129919358,-0.917422837078101,-1.177348364896291,-3.14,-1.540486927476317,1.518258639821411,4.333442715775959e-07,-8.68144762533607e-06,-1.090919800703083e-06,1.3493816684806426e-05,-2.6754634841141822e-05,0.0,5.450148472530003e-07,-9.453281808458058e-07
203,0.0004127626067312642,6.732588080777379e-05,0.0004072348138964315,2.254538062577338,1.9412902152793103,1.643375606182087,1.951827135044356,-0.8641155251573946,-0.06064775878763071,-0.91740975705482,-1.1773742990544869,-3.14,-1.540486399168796,1.518257723459858,4.200473280313588e-07,-8.415380938764372e-06,-1.0574884371297721e-06,1.3080023281042408e-05,-2.5934158195850543e-05,0.0,5.283075210638088e-07,-9.163615530827229e-07
204,0.00040010625926483856,6.526147733753794e-05,0.0003947479656510222,2.254537942364716,1.941288231398491,1.6433761643287297,1.9518275422030957,-0.8641236826234406,-0.06064878386880767,-0.9173970781326602,-1.1773994379046147,-3.14,-1.5404858870564864,1.5182568351777828,4.0715873983465656e-07,-8.157466045988215e-06,-1.0250811769627055e-06,1.2678922159725659e-05,-2.513885012778161e-05,0.0,5.121123096696323e-07,-8.882820752287302e-07
205,0.0003878380482312843,6.326038490801354e-05,0.0003826440560392206,2.2545378258337574,1.9412863083530951,1.6433767053351993,1.9518279368690412,-0.8641315900767855,-0.060649777535481085,-0.9173847880088392,-1.177423805842754,-3.14,-1.540485390642968,1.5182559741151787,3.9466594548009937e-07,-7.907453344890847e-06,-9.936666734156052e-07,1.2290123821090404e-05,-2.4367938139313594e-05,0.0,4.964135182916607e-07,-8.610626041072322e-07
206,0.00037594606685273607,6.132066126032951e-05,0.0003709113375861038,2.2545377128718185,1.9412844442771828,1.643377229728709,1.9518283194258121,-0.8641392551776531,-0.060650740750018604,-0.9173728747581095,-1.1774474265162223,-3.14,-1.540484909447035,1.518255139438354,3.82556770928133e-07,-7.665100867582098e-06,-9.632145375193524e-07,1.1913250729689295e-05,-2.3620673468283115e-05,0.0,4.811959330996984e-07,-8.346768245459657e-07
207,0.0003644187738365688,5.944042376266968e-05,0.0003595384226359282,2.254537603369694,1.9412826373620755,1.6433777380202024,1.95182869024523,-0.8641466853516983,-0.06065167444532778,-0.9173613268211632,-1.1774703228465815,-3.14,-1.5404844430022284,1.518254330339129,3.708194178386748e-07,-7.430174045142124e-06,-9.336953091729217e-07,1.1547936946243453e-05,-2.289633035923444e-05,0.0,4.664448065572202e-07,-8.090992251741369e-07
208,0.0003532449821384164,5.761784756982236e-05,0.0003485142748162459,2.2545374972215173,1.9412808858545902,1.6433782307048619,1.951829049687682,-0.864153887797183,-0.060652579525756624,-0.9173501329933921,-1.1774925170519353,-3.14,-1.5404839908563859,1.5182535460340545,3.594424520247941e-07,-7.202445484799647e-06,-9.050804288465719e-07,1.1193827771149856e-05,-2.219420535376493e-05,0.0,4.521458425443825e-07,-7.843050744416047e-07
209,0.0003424138480812368,5.585116385356498e-05,0.00033782819532792634,2.2545373943246516,1.9412791880553413,1.6433787082625946,1.951829398102474,-0.8641608694919309,-0.060653456867966624,-0.9173392824139944,-1.1775140306685397,-3.14,-1.5404835525712026,1.518252785763659,3.484147919063929e-07,-6.981694747887346e-06,-8.77342209999743e-07,1.0850579397647664e-05,-2.1513616604407204e-05,0.0,4.3828518325739196e-07,-7.6027039552784e-07
210,0.00033191486080065465,5.413865807767334e-05,0.00032746981368986526,2.2545372945795976,1.9412775423170852,1.6433791711585095,1.951829735828171,-0.8641676372000714,-0.060654307321779455,-0.9173287645554162,-1.1775348845717493,-3.14,-1.5404831277218072,1.518252048791714,3.3772569718593104e-07,-6.767708140453799e-06,-8.5045381283122e-07,1.0517858578196204e-05,-2.0853903209605562e-05,0.0,4.2484939544173983e-07,-7.36971945025644e-07
211,0.00032173783202187837,5.247866833005728e-05,0.00031742907973018614,2.2545371978898947,1.9412759470431193,1.6433796198433737,1.9518300631929304,-0.8641741974785767,-0.06065513171099726,-0.917318569213118,-1.1775550989963175,-3.14,-1.54048271589635,1.5182513344045252,3.27364759300508e-07,-6.560278505318706e-06,-8.243892178072532e-07,1.0195342298180421e-05,-2.0214424568232303e-05,0.0,4.1182545706952567e-07,-7.143871887382858e-07
212,0.00031187288614678484,5.086958370598844e-05,0.0003076962475894094,2.2545371041620283,1.941274400685731,1.6433800547540582,1.9518303805148205,-0.8641805566836003,-0.06065593083419865,-0.917308686495656,-1.1775746935560736,-3.14,-1.540482316695604,1.5182506419102435,3.1732189009758827e-07,-6.359205023565018e-06,-7.991232013893068e-07,9.882717462050827e-06,-1.9594559756086483e-05,0.0,3.992007460151825e-07,-6.924942816954882e-07
213,0.00030231045064916227,4.93098427400812e-05,0.0002982618758338202,2.2545370133053444,1.9412729017446915,1.6433804763139688,1.9518306881021334,-0.8641867209766209,-0.060656705465509685,-0.9172991068150678,-1.177593687262993,-3.14,-1.5404819297325785,1.518249970638197,3.0758731295321695e-07,-6.164293020582967e-06,-7.746313110332248e-07,9.579680588234218e-06,-1.8993706919490094e-05,0.0,3.8696302562257756e-07,-6.712720463930566e-07
214,0.00029304124676420425,4.7797931890831154e-05,0.00028911680879108626,2.2545369252319576,1.9412714487658023,1.643380884933462,1.9518309862536851,-0.864192696330399,-0.06065745635535201,-0.9172898208775546,-1.177612098545682,-3.14,-1.540481554632143,1.5182493199382445,2.981515516697897e-07,-5.975353778109316e-06,-7.50889842325575e-07,9.285937513148212e-06,-1.841128268886827e-05,0.0,3.7510043537913873e-07,-6.506999525868196e-07
215,0.00028405628046510717,4.633238406329105e-05,0.0002802521717528077,2.254536839856667,1.941270040339477,1.6433812810102513,1.9518312752591078,-0.8641984885347526,-0.06065818423116785,-0.9172808196744499,-1.1776299452672923,-3.14,-1.5404811910306657,1.5182486891801468,2.8900542270449137e-07,-5.792204353594066e-06,-7.278758158424381e-07,9.001203104763711e-06,-1.7846721610315086e-05,0.0,3.636014773711338e-07,-6.307580977527039e-07
216,0.0002753468337170354,4.491177718602269e-05,0.00027165936424825005,2.254536757096879,1.9412686750993744,1.6433816649297963,1.9518315553991332,-0.864204103202155,-0.0606588897981226,-0.9172720944734648,-1.1776472447428858,-3.14,-1.5404808385756592,1.5182480777529597,2.801400253993336e-07,-5.614667402453755e-06,-7.055669547506582e-07,8.725200985049142e-06,-1.7299475593590685e-05,0.0,3.5245500651370776e-07,-6.114271871027199e-07
217,0.0002669044560009529,4.353473282526133e-05,0.00026333004802703394,2.2545366768725215,1.9412673517210695,1.6433820370656842,1.951831826945866,-0.8642095457731624,-0.060659573739786705,-0.9172636368102038,-1.1776640137562648,-3.14,-1.5404804969254404,1.5182474850644432,2.715467328773258e-07,-5.442571007430175e-06,-6.839416641021834e-07,8.457663260963422e-06,-1.676901337899217e-05,0.0,3.416502187825188e-07,-5.926885164875273e-07
218,0.0002587209560959848,4.2199914847535584e-05,0.00025525614383982523,2.2545365991059736,1.9412660689207684,1.6433823977799955,1.9518320901630506,-0.8642148215216756,-0.060660236718795765,-0.917255438479941,-1.1776802685762846,-3.14,-1.5404801657487988,1.5182469105404899,2.632171844929587e-07,-5.2757485131671444e-06,-6.629790090598164e-07,8.19833026288741e-06,-1.6254820019767635e-05,0.0,3.3117664166582017e-07,-5.745239533005986e-07
219,0.0002507883941180811,4.090602811895726e-05,0.00024742981620805293,2.2545365237219857,1.94126482545406,1.6433827474236598,1.9518323453063269,-0.8642199355600407,-0.06066087937749156,-0.917247491529648,-1.1776960249726645,-3.14,-1.5404798447246755,1.5182463536245703,2.5514327628428646e-07,-5.114038365117146e-06,-6.426586957944402e-07,7.94695029293635e-06,-1.5756396379851267e-05,0.0,3.2102412328427476e-07,-5.569159196028295e-07
220,0.00024309907380087192,3.965181724456539e-05,0.00023984347352523638,2.254536450647608,1.9412636201147067,1.6433830863368029,1.9518325926234812,-0.8642248928439943,-0.06066150233854265,-0.9172397882502688,-1.177711298231312,-3.14,-1.5404795335418526,1.5182458137771957,2.473171543115882e-07,-4.957283953554992e-06,-6.229610510916084e-07,7.703279379267514e-06,-1.5273258647585664e-05,0.0,3.111828228430369e-07,-5.398473745810151e-07
221,0.00023564553501555864,3.843606535108862e-05,0.00023248975503704396,2.2545363798121256,1.9412624517334733,1.6433834148490776,1.951832832354688,-0.8642296981774572,-0.060662106205546316,-0.91723232116923,-1.1777261031691775,-3.14,-1.5404792318986515,1.518245290475397,2.3973120688580707e-07,-4.805333462920558e-06,-6.038670036651039e-07,7.467081038714518e-06,-1.4804937865431356e-05,0.0,3.0164320108383436e-07,-5.233017987826827e-07
222,0.00022842054651918818,3.72575929017127e-05,0.0002253615237563784,2.2545363111469805,1.9412613191769923,1.6433837332799912,1.9518330647327433,-0.8642343562171817,-0.06066269156361239,-0.9172250830431834,-1.1777404541486503,-3.14,-1.54047893950264,1.5182447832122186,2.3237805524267685e-07,-4.658039724492191e-06,-5.85358066074182e-07,7.238126046638094e-06,-1.435097947277697e-05,0.0,2.923960116252289e-07,-5.072631783509252e-07
223,0.00022141709892732769,3.6115256549897776e-05,0.0002184518671882812,2.2545362445857156,1.9412602213466603,1.6433840419392152,1.9518332899832926,-0.8642388714772572,-0.06066325897992859,-0.9172180668509694,-1.1777543650915132,-3.14,-1.5404786560703492,1.51824429149623,2.2525054932387434e-07,-4.5152600754994054e-06,-5.674163161967227e-07,7.0161922139933e-06,-1.391094286296024e-05,0.0,2.8343229074856424e-07,-4.917159885931e-07
224,0.00021462839790249976,3.500794802869921e-05,0.00021175408284844594,2.254536180063904,1.9412591571775737,1.6433843411268918,1.9518335083250506,-0.8642432483334773,-0.06066380900430936,-0.9172112657867983,-1.1777678494924684,-3.14,-1.5404783813269998,1.51824381485105,2.183417580070568e-07,-4.37685622012296e-06,-5.500243807701755e-07,6.80106417105808e-06,-1.348440095516601e-05,0.0,2.747433494043605e-07,-4.7664517999201905e-07
225,0.00020804785755232277,3.3934593073673245e-05,0.00020526166925585466,2.254536117519092,1.9412581256374934,1.643384631133928,1.9518337199700144,-0.8642474910275743,-0.060664342169727305,-0.9172046732536404,-1.177780920432247,-3.14,-1.5404781150062343,1.5182433528148864,2.1164496377679143e-07,-4.24269409693423e-06,-5.33165417947179e-07,6.592533157934177e-06,-1.3070939778536683e-05,0.0,2.663207654407529e-07,-4.620361635510051e-07
226,0.0002016690940287367,3.289415037777426e-05,0.00019896833199185918,2.2545360568907347,1.9412571257258413,1.643384912242278,1.9518339251236707,-0.8642516036713234,-0.0606648589928289,-0.9171982828568189,-1.1777935905903154,-3.14,-1.5404778568498598,1.5182429049400898,2.0515365628526183e-07,-4.112643749110134e-06,-5.168231015928448e-07,6.390396821487343e-06,-1.2670158068495141e-05,0.0,2.581563744996629e-07,-4.4787479658303653e-07
227,0.000195485919327558,3.188561058163099e-05,0.0001928679625471354,2.254535998120139,1.9412561564727315,1.6433851847252245,1.951834123985195,-0.864255590250522,-0.060665359974434015,-0.9171920883978001,-1.1778058722571922,-3.14,-1.5404776066075976,1.518242470792721,1.9886152435866222e-07,-3.9865791986448684e-06,-5.009816051171345e-07,6.194459018837861e-06,-1.2281666876834407e-05,0.0,2.5024226224523716e-07,-4.341473689439823e-07
228,0.00018949233527493052,3.090799529055976e-05,0.00018695464580131753,2.254535941150409,1.9412552169380253,1.6433854488476418,1.951834316747647,-0.864259454628847,-0.06066584560002053,-0.9171860838681745,-1.177817777346386,-3.14,-1.5404773640368405,1.5182420499521312,1.9276245200039455e-07,-3.8643783250025265e-06,-4.856255865146042e-07,6.0045296256250325e-06,-1.1905089193797735e-05,0.0,2.4257075703637554e-07,-4.2084058970992544e-07
229,0.00018368252770088026,2.9960356125465554e-05,0.00018122264435033994,2.2545358859263884,1.9412543062104204,1.6433857048662581,1.9518345035981581,-0.8642632005515942,-0.06066631634019372,-0.9171802634438218,-1.177829317405966,-3.14,-1.540477128902418,1.5182416420105558,1.8685051106359651e-07,-3.7459227472114165e-06,-4.707401731890437e-07,5.8204243527093524e-06,-1.1540059579928652e-05,0.0,2.351344225992591e-07,-4.0794157540879894e-07
230,0.00017805086079120943,2.904177380033753e-05,0.00017566639759407672,2.2545358323946076,1.941253423406565,1.6433859530299058,1.9518346847181132,-0.8642668316493035,-0.06066677265114187,-0.9171746214792569,-1.1778405036297779,-3.14,-1.540476900976368,1.5182412465727197,1.8111995503389267e-07,-3.631097709289044e-06,-4.5631094815201667e-07,5.641964564873092e-06,-1.1186223811909812e-05,0.0,2.2792605003374433e-07,-3.954378360315758e-07
231,0.00017259187161335857,2.8151357230171614e-05,0.00017028051593721708,2.2545357805032378,1.9412525676702006,1.6433861935797645,1.9518348602833284,-0.8642703514412727,-0.06066721497507722,-0.9171691525021476,-1.177851346868315,-3.14,-1.540476680037716,1.5182408632554556,1.7556521525463609e-07,-3.51979196921981e-06,-4.423239353470998e-07,5.46897710929084e-06,-1.0843238537061595e-05,0.0,2.2093865181815886e-07,-3.833172641520832e-07
232,0.00016730026480994716,2.72882426650774e-05,0.0001650597732858143,2.25453573020203,1.941251738171331,1.6433864267495983,1.951835030464222,-0.8642737633389647,-0.06066764374066429,-0.9171638512080019,-1.1778618576392548,-3.14,-1.5404764658722616,1.5182404916873324,1.7018089359943644e-07,-3.4118976919295108e-06,-4.287655870696683e-07,5.301294145665381e-06,-1.0510770939831104e-05,0.0,2.1416545448182944e-07,-3.7156812315863874e-07
233,0.0001621709074554435,2.645159285148416e-05,0.00015999910889453992,2.254535681442278,1.9412509341054165,1.6433866527659844,1.9518351954259798,-0.8642770706493095,-0.060668059363434314,-0.9171587124550179,-1.1778720461376726,-3.14,-1.5404762582723697,1.5182401315082974,1.6496175780922329e-07,-3.3073103448133523e-06,-4.1562277002665793e-07,5.138752984024109e-06,-1.0188498417829095e-05,0.0,2.0759989194374384e-07,-3.6017903504159676e-07
234,0.00015719882407039148,2.564059621634073e-05,0.00015509361236036765,2.254535634176762,1.94125015469259,1.643386871848533,1.9518353553287167,-0.8642802765779061,-0.060668462246187604,-0.9171537312590923,-1.1778819222459413,-3.14,-1.5404760570367702,1.5182397823693268,1.5990273682930933e-07,-3.2059285965946316e-06,-4.028827532906454e-07,4.981195925624071e-06,-9.876108268747075e-06,0.0,2.0123559951734649e-07,-3.4913897062338606e-07
235,0.0001523791917910892,2.485446608403076e-05,0.0001503385251092356,2.2545355883597122,1.9412493991769055,1.6433870842101042,1.951835510327632,-0.8642833842321254,-0.0606688527793831,-0.9171489027889816,-1.1778914955433266,-3.14,-1.5404758619703622,1.5182394439320892,1.5499891525827536e-07,-3.1076542192920442e-06,-3.905331954975888e-07,4.828470110629368e-06,-9.57329738526802e-06,0.0,1.9506640791533414e-07,-3.3843723756810107e-07
236,0.00014770733568525085,2.40924399078346e-05,0.0001457292351108141,2.2545355439467554,1.9412486668255997,1.6433872900570143,1.951835660573161,-0.864286396624119,-0.06066923134151658,-0.9171442223616126,-1.1779007753152875,-3.14,-1.5404756728840259,1.5182391158686175,1.502455291291227e-07,-3.0123919936286825e-06,-3.785621334809197e-07,4.6804273690082e-06,-9.279771960857275e-06,0.0,1.8908633636627314e-07,-3.280634717217623e-07
237,0.00014317872421170093,2.3353778531315466e-05,0.00014126126975562374,2.25453550089488,1.9412479569283825,1.6433874895892395,1.9518358062111216,-0.8642893166737359,-0.06066959829948665,-0.9171396854375362,-1.1779097705624924,-3.14,-1.5404754895944381,1.518238797860992,1.4563796058020273e-07,-2.9200496168835244e-06,-3.669579700660286e-07,4.536924076425919e-06,-8.99524720487932e-06,0.0,1.8328958772961812e-07,-3.1800762556599693e-07
238,0.00013878896482041273,2.2637765469134507e-05,0.00013693029975018984,2.254535459162388,1.9412472687967461,1.643387683000609,1.951835947382855,-0.8642921472113495,-0.06066995400895019,-0.9171352876165211,-1.1779184900095567,-3.14,-1.5404753119238956,1.5182384896010324,1.4117173341432476e-07,-2.8305376136295024e-06,-3.557094635439628e-07,4.397821015134085e-06,-8.719447064375885e-06,0.0,1.7767054250050762e-07,-3.082599595582991e-07
239,0.00013453379968819643,2.194370621370772e-05,0.00013273211998856974,2.2545354187088598,1.9412466017632997,1.6433878704789957,1.9518360842253648,-0.8642948909805981,-0.06067029881466629,-0.9171310246332828,-1.1779269421135135,-3.14,-1.5404751397001426,1.5182381907900002,1.3684250976808698e-07,-2.743769248580996e-06,-3.4480571609735167e-07,4.26298323830121e-06,-8.452103956724244e-06,0.0,1.7222375303660442e-07,-2.988110321400228e-07
240,0.00013040910158358885,2.1270927558606093e-05,0.00012866265761052683,2.2545353794951137,1.9412459551811183,1.6433880522064992,1.9518362168714494,-0.864297550641042,-0.06067063305083028,-0.9171268923533437,-1.1779351350720222,-3.14,-1.540474972756203,1.5182379011383096,1.3264608456076132e-07,-2.659660443882217e-06,-3.342361639888103e-07,4.132279939117467e-06,-8.192958508734804e-06,0.0,1.669439395612926e-07,-2.8965169063255303e-07
241,0.00012641086986033852,2.0618776946005655e-05,0.00012471797110686101,2.2545353414831655,1.9412453284231175,1.643388228359624,1.951836345449831,-0.8643001287707389,-0.06067095704139718,-0.9171228867690202,-1.177943076831328,-3.14,-1.5404748109302198,1.5182376203652468,1.2857838171953517e-07,-2.578129696950704e-06,-3.239905669027987e-07,4.005584323452105e-06,-7.941759305740703e-06,0.0,1.6182598328029485e-07,-2.807730627996108e-07
242,0.00012253522657392296,1.9986621832562237e-05,0.0001208942311204094,2.254535304636196,1.941244720881443,1.6433883991094511,1.9518364700852822,-0.8643026278687407,-0.060671271100395115,-0.917119003995533,-1.177950775093974,-3.14,-1.5404746540652972,1.5182373481986986,1.2463545107088692e-07,-2.499098001762512e-06,-3.140589979327979e-07,3.882773487173807e-06,-7.698262646016474e-06,0.0,1.568649226069141e-07,-2.721665481875135e-07
243,0.00011877841271457524,1.937384907536282e-05,0.00011718772832878192,2.254535268918513,1.9412441319668814,1.6433885646218058,1.9518365908987454,-0.8643050503575134,-0.06067157553222969,-0.9171152402672368,-1.1779582373262787,-3.14,-1.540474502009349,1.518237084374889,1.2081346323356001e-07,-2.4224887726909117e-06,-3.044318345746255e-07,3.7637282962466045e-06,-7.4622323047446315e-06,0.0,1.5205594805500766e-07,-2.638238096874801e-07
244,0.00011513678456095483,1.877986433685039e-05,0.00011359487000413789,2.2545352342955147,1.941243561108289,1.6433887250574197,1.951836708007452,-0.8643073985852836,-0.06067187063197848,-0.9171115919339657,-1.177965470765583,-3.14,-1.5404743546149515,1.518236828638124,1.1710870650993854e-07,-2.3482277702324694e-06,-2.9509974878993983e-07,3.6483332710446348e-06,-7.233439304199507e-06,0.0,1.4739439757605055e-07,-2.5573676487589125e-07
245,0.00011160681014088321,1.820409150795196e-05,0.00011011216875959518,2.2545352007336623,1.9412430077520364,1.6433888805720855,1.9518368215250355,-0.8643096748283129,-0.060672156685676715,-0.9171080554574914,-1.1779724824272741,-3.14,-1.5404742117391999,1.5182365807405442,1.1351758355537811e-07,-2.27624302928664e-06,-2.8605369823547777e-07,3.536476474330641e-06,-7.011661691258553e-06,0.0,1.4287575167415412e-07,-2.4789757979704063e-07
246,0.0001081850658039201,1.7645972148955538e-05,0.00010673624692969795,2.254535168200442,1.9412424713614727,1.6433890313168118,1.9518369315616428,-0.8643118812931022,-0.060672433970594436,-0.9171046274080885,-1.177979279111596,-3.14,-1.5404740732435698,1.5182363404418848,1.1003660738140297e-07,-2.2064647893227374e-06,-2.772849177212766e-07,3.4280494028982034e-06,-6.796684321797031e-06,0.0,1.38495630075397e-07,-2.402986594152168e-07
247,0.00010486823289704221,1.710496494547557e-05,0.00010346383466658567,2.254535136664337,1.9412419514164019,1.6433891774379685,1.9518370382240404,-0.8643140201185296,-0.060672702755504904,-0.9171013044612072,-1.1779858674102477,-3.14,-1.5404739389937836,1.5182361075092425,1.0666239758094775e-07,-2.1388254274334884e-06,-2.687849104676676e-07,3.3229468813233964e-06,-6.58829865174404e-06,0.0,1.3424978617671002e-07,-2.329326422856326e-07
248,0.00010165309454500691,1.6580545185922517e-05,0.00010029175375086244,2.254535106094793,1.9412414474125814,1.6433893190774294,1.951837141615719,-0.8643160933779213,-0.0606729633009448,-0.9170980833942468,-1.177992253712782,-3.14,-1.54047380885968,1.5182358817168513,1.033916785520006e-07,-2.0732593916106268e-06,-2.6054543989656453e-07,3.2210669603793818e-06,-6.386302534355792e-06,0.0,1.3013410349316246e-07,-2.25792391228552e-07
249,9.853653252705104e-05,1.6072204250994964e-05,9.721692751974437e-05,2.254535076462194,1.941240958861232,1.6433894563727127,1.9518372418369936,-0.8643181030810604,-0.060673215859466445,-0.9170949610834284,-1.1779984442128058,-3.14,-1.5404736827150878,1.5182356628458626,1.0022127461262187e-07,-2.0097031391275166e-06,-2.5255852164479675e-07,3.1223108184486037e-06,-6.190500023706136e-06,0.0,1.2614459232729303e-07,-2.1887098866635313e-07
