iteration,err_norm,position_error,orientation_error,tcp_x,tcp_y,tcp_z,q0_dda_joint_linear_track,q1_dda_joint_carriage,q2_dda_joint_base,q3_dda_joint_shoulder,q4_dda_joint_elbow,q5_dda_joint_wrist1,q6_dda_joint_wrist2,q7_dda_joint_wrist3,dq0_dda_joint_linear_track,dq1_dda_joint_carriage,dq2_dda_joint_base,dq3_dda_joint_shoulder,dq4_dda_joint_elbow,dq5_dda_joint_wrist1,dq6_dda_joint_wrist2,dq7_dda_joint_wrist3
0,1.0067978560030453,1.0067978559867135,5.571520059068232e-06,2.243423646336224,2.611330026966679,1.383040166019685,1.91,-0.12,-0.023806290997202658,-1.31430273992181,-0.8709018434526505,-3.0506609995608884,-1.5588931812962952,1.5501839883288435,0.0,0.0,0.0,0.0,0.0,0.0,0.0,0.0
1,0.8066305760433486,0.8066305099169072,0.00032192599487826547,2.384667140796526,2.4795037487662595,1.4354188542403254,2.012288642775411,-0.24655111401849175,0.016671332609224893,-1.2725881850110434,-0.8541618740352487,-3.1094964692128357,-1.5790956095684734,1.58520704248742,0.10228864277541105,-0.12655111401849176,0.04047762360642755,0.04171455491076648,0.016739969417401857,-0.0588354696519473,-0.02020242827217822,0.03502305415857654
2,0.6483528527252662,0.6481569479730765,0.015782741029893407,2.497318513874838,2.3758128872261466,1.4764268347008889,2.0948551810266083,-0.3510919553961684,0.047667038726436795,-1.240550865562596,-0.8391637378435215,-3.14,-1.5945826401792282,1.6120259114226725,0.08256653825119731,-0.10454084137767664,0.0309957061172119,0.03203731944844734,0.014998136191727185,-0.03050353078716439,-0.015487030610754848,0.026818868935252427
3,0.5269623770562091,0.524256559127373,0.05297880203371614,2.5870167689312598,2.2964367099554264,1.5086301423004187,2.161598735100651,-0.43671536878518286,0.07156184173777239,-1.214439001882271,-0.8274584385720215,-3.14,-1.6061805921475905,1.6329085571340165,0.06674355407404287,-0.08562341338901447,0.02389480301133559,0.02611186368032503,0.011705299271499991,0.0,-0.011597951968362219,0.020882645711344017
4,0.4330121071928822,0.42504503981603153,0.08230705933258521,2.658618406452278,2.232953767065643,1.5354306534692994,2.215532785056912,-0.5066751324219372,0.09013525414576332,-1.191504544676249,-0.8204027950770528,-3.14,-1.6146449417441944,1.6494465808196455,0.05393404995626083,-0.06995976363675432,0.01857341240799093,0.022934457206022163,0.0070556434949686775,0.0,-0.008464349596603915,0.016538023685628955
5,0.36118552013818367,0.34553686520996546,0.10483731173127361,2.7158104171655673,2.1819381298288154,1.5572969926856126,2.2590883753220954,-0.563940501677805,0.10467034039717923,-1.1716639640082858,-0.817086973958283,-3.14,-1.6210573782372797,1.6625030740143563,0.04355559026518341,-0.05726536925586778,0.014535086251415918,0.019840580667963126,0.003315821118769824,0.0,-0.006412436493085316,0.013056493194710805
6,0.3070084548393962,0.28176579696356047,0.12165100060293044,2.761519348613265,2.140770084768784,1.5748686071303288,2.294234280854026,-0.6108927434902861,0.11611572206630111,-1.154630672403143,-0.8167464241804976,-3.14,-1.6260877329570942,1.6728007480051925,0.035145905531930755,-0.046952241812481144,0.011445381669121873,0.017033291605142775,0.00034054977778541495,0.0,-0.0050303547198145004,0.010297673990836254
7,0.2666632649578199,0.23057489027705882,0.13375947549903427,2.7980704373646996,2.107432714981222,1.5888217043954196,2.322569180300496,-0.6494548780750417,0.12518106543022633,-1.1400365209145815,-0.8187461697874752,-3.14,-1.6301515249017238,1.6809265878888702,0.02833489944646983,-0.03856213458475555,0.009065343363925227,0.014594151488561469,-0.0019997456069775765,0.0,-0.00406379194462958,0.008125839883677655
8,0.23688550088808372,0.1894491762142938,0.14206372631514622,2.827313018255095,2.0803592301570886,1.5997970164705084,2.345392810727102,-0.6811874580447851,0.13240236083054108,-1.127501069521927,-0.8225636491008972,-3.14,-1.6335096482239815,1.6873489043892123,0.022823630426605845,-0.031732579969743435,0.007221295400314742,0.01253545139265455,-0.003817479313422023,0.0,-0.003358123322257711,0.006422316500342085
9,0.21493299964623716,0.15638304110614526,0.1473397016211851,2.850719351501849,2.0583208667318944,1.6083653587028333,2.3637618414242008,-0.7073605899213453,0.13818760237273472,-1.1166685227106796,-0.8277722277923933,-3.14,-1.6363299380075276,1.6924375184256113,0.018369030697098943,-0.02617313187656023,0.005785241542193648,0.010832546811247346,-0.005208578691496157,0.0,-0.0028202897835460927,0.005088614036399042
10,0.19858684940507618,0.12977530726074044,0.1502389952335341,2.869462573132873,2.0403452786888883,1.6150154630927405,2.3785345965772016,-0.7290093893463466,0.14284940013908637,-1.1072249452702465,-0.8340261384713759,-3.14,-1.6387244524261744,1.696482816747733,0.014772755153000805,-0.02164879942500131,0.004661797766351644,0.009443577440433115,-0.0062539106789825105,0.0,-0.002394514418646798,0.004045298322121749
11,0.1861372649444148,0.10834623844146773,0.15129810661219753,2.884478250154972,2.0256570431470964,1.6201542898154946,2.390407375575233,-0.7469776529143084,0.1466286405526973,-1.098903803915019,-0.8410470919980959,-3.14,-1.6407716764802123,1.6997121217215003,0.011872778998031297,-0.017968263567961773,0.0037792404136109403,0.008321141355227546,-0.007020953526720053,0.0,-0.0020472240540378994,0.0032293049737672774
12,0.17633185592464773,0.09107183946269583,0.15095182474364996,2.89651304980937,2.013633907470278,1.624113763814647,2.3999441999510727,-0.7619528746727073,0.1497118704429168,-1.0914849547975891,-0.8486125998952924,-3.14,-1.642529559480273,1.7023031094937602,0.009536824375839803,-0.014975221758398938,0.003083229890219502,0.007418849117429849,-0.007565507897196455,0.0,-0.0017578830000606338,0.002590987772259856
13,0.16829407845624592,0.07713179506690526,0.14954792670729566,2.906163271583508,2.003774171348714,1.6271602939473886,2.4076012612055946,-0.7744946766384743,0.15224419936384542,-1.0847902888078487,-0.8565459474988416,-3.14,-1.6440430855192196,1.7043945425899942,0.007657061254521924,-0.01254180196576693,0.0025323289209286115,0.006694665989740445,-0.007933347603549246,0.0,-0.001513526038946722,0.002091433096234052
14,0.1614329684281227,0.06586818507622406,0.1473615222840951,2.9139053957723955,1.9956719747024865,1.6295049663859917,2.4137470170185176,-0.7850580685160371,0.15433895619709556,-1.0786779928471835,-0.8647077008734891,-3.14,-1.6453486423751167,1.706094746364101,0.006145755812922982,-0.010563391877562833,0.0020947568332501387,0.006112295960665204,-0.008161753374647529,0.0,-0.001305556855897061,0.0017002037741067344
15,0.15536157155753913,0.056752736659207555,0.14460814644990655,2.920120336738364,1.9889982641377144,1.6313132662238023,2.4186786831076916,-0.7940125504576914,0.15608496912487582,-1.0730365667245283,-0.8729885979844473,-3.14,-1.6464765496379952,1.7074882620123213,0.004931666089174058,-0.008954481941654269,0.0017460129277802605,0.005641426122655169,-0.00828089711095814,0.0,-0.0011279072628784803,0.0013935156482203226
16,0.14983208874778528,0.04936085533733722,0.14145520135489403,2.925112724616526,1.983485908773925,1.6327137719023164,2.4226357337014215,-0.8016578215499514,0.15755208958147296,-1.067779210743059,-0.8813036594945205,-3.14,-1.6474525480996884,1.7086410538664134,0.0039570505937298606,-0.0076452710922599865,0.0014671204565971374,0.005257355981469258,-0.008315061510073218,0.0,-0.0009759984616932726,0.0011527918540921167
17,0.1446884481029,0.04335104083965607,0.13803165631863856,2.9291262543380654,1.978917909904388,1.6338056180820393,2.4258109234410523,-0.8082366922776554,0.15879540859636354,-1.062838872752911,-0.8895873527096398,-3.14,-1.6482987137640441,1.7096045807707172,0.0031751897396308237,-0.006578870727704023,0.0012433190148905815,0.004940337990148036,-0.008283693215119348,0.0,-0.0008461656643556914,0.0009635269043037908
18,0.13983349965238018,0.03844856911667337,0.13443608904156845,2.93235591835456,1.9751179657417202,1.6346647209575387,2.428359262406332,-0.813945684615637,0.15985849258060897,-1.0581640489740585,-0.8977896497995551,-3.14,-1.6490340582441256,1.7104189783183983,0.0025483389652798394,-0.005708992337981611,0.0010630839842454276,0.004674823778852533,-0.008202297089915267,0.0,-0.0007353444800815012,0.0008143975476810894
19,0.13520716958406423,0.034432534062406414,0.1307432390658728,2.9349577657325736,1.9719428635869731,1.635348863110939,2.4304053071990825,-0.8189437181077869,0.16077587901039703,-1.0537153240178083,-0.905872834954199,-3.14,-1.6496749595902465,1.7111155459187626,0.00204604479275039,-0.004998033492149889,0.0009173864297880585,0.00444872495625015,-0.008083185154643902,0.0,-0.0006409013461208257,0.0006965676003642951
20,0.13077229954188804,0.03112551476538428,0.1270092781350678,2.9370566945726018,1.969276313264561,1.635901780315604,2.4320490718067758,-0.8233592132318072,0.16157501007959502,-1.0494625805431088,-0.9138089316914245,-3.14,-1.650235500312687,1.7117186903711659,0.001643764607693221,-0.0044154951240202855,0.0007991310691979892,0.004252743474699505,-0.007936096737225506,0.0,-0.0005605407224404946,0.0006031444524032814
21,0.12650565383406098,0.02838528238762377,0.12327600393025648,2.9387526785209683,1.96702393196869,1.6363564044423973,2.433370810981113,-0.8272958885840522,0.16227773709859994,-1.045382786594829,-0.9215776389600222,-3.14,-1.6507277518984893,1.7122474443996054,0.0013217391743371998,-0.003936675352245067,0.0007027270190049228,0.004079793948279731,-0.0077687072685976855,0.0,-0.0004922515858023502,0.0005287540284395487
22,0.12239230628359352,0.026098091838132047,0.11957414846646136,2.940125744883388,1.9651091577194417,1.6367374100872525,2.4344348852745865,-0.8308374827144186,0.1629014952939603,-1.0414582649839033,-0.9291646815600407,-3.14,-1.6511620249441477,1.7127166526984532,0.0010640742934735492,-0.0035415941303663656,0.0006237581953603688,0.003924521610925824,-0.007587042600018523,0.0,-0.000434273045658351,0.0004692082988477786
23,0.11842219357974074,0.024173216415203275,0.11592596949566199,2.9412399563971845,1.9634699166439638,1.6370631971463223,2.435292879944678,-0.8340515929152855,0.16346022427619886,-1.0376753552786726,-0.9365604958990214,-3.14,-1.651547093644469,1.713137897868991,0.0008579946700915109,-0.0032141102008669264,0.0005587289822385488,0.0037829097052306526,-0.007395814338980622,0.0,-0.00038506870032128937,0.00042124517053787613
24,0.1145880356833459,0.022538474719073297,0.11234726811644127,2.942146597125536,1.9620559047394694,1.6373474228952112,2.435986118919203,-0.836992790707799,0.16396509136778126,-1.0340233897051436,-0.9437591858186124,-3.14,-1.6518903983884936,1.7135202229003799,0.0006932389745251122,-0.0029411977925134503,0.0005048670915824005,0.0036519655735289813,-0.00719868991959105,0.0,-0.00034330474402466393,0.00038232503138879714
25,0.11088410667923351,0.021136566368330587,0.1088489515058904,2.9428867221569694,1.9608263717047247,1.637600178317277,2.436547689171325,-0.8397051462890253,0.1644250614969523,-1.0304939163648041,-0.9507576950502861,-3.14,-1.652198228076929,1.7138706945637285,0.0005615702521217791,-0.002712355581226289,0.00045997012917103897,0.003529473340339484,-0.006998509231673666,0.0,-0.00030782968843534597,0.00035047166334867264
26,0.10730552705730823,0.01992207836754786,0.10543823779008274,2.9434931984785813,1.9597483154132904,1.63782888608826,2.437004069457202,-0.8422242710913657,0.16484734723534597,-1.0270801149588418,-0.9575551528560814,-3.14,-1.652475883062569,1.7141948424734677,0.0004563802858772448,-0.0025191248023404,0.000422285738393674,0.003413801405962369,-0.006797457805795326,0.0,-0.0002776549856400301,0.0003241479097391142
27,0.10384787041705132,0.01885905253876374,0.10211958114589932,2.943992338726525,1.9587950122898536,1.6380389824621457,2.437376439752098,-0.8445789682493118,0.16523776490327408,-1.0237763608180257,-0.9641523577399125,-3.14,-1.652727819545869,1.7144970010356915,0.0003723702948956742,-0.0023546971579461173,0.00039041766792810573,0.003303754140816073,-0.006597204883831087,0.0,-0.0002519364833000193,0.00030215856222381987
28,0.10050695587960366,0.01791902234868269,0.09889537934025053,2.9444052090939947,1.95794482231916,1.638234432492917,2.4376817332782905,-0.8467925646292629,0.1656010168469957,-1.0205779021549586,-0.9705513709780023,-3.14,-1.652957776425442,1.7147805755940653,0.0003052935261926848,-0.0022135963799511105,0.0003632519437216375,0.0031984586630671163,-0.006399013238089779,0.0,-0.00022995687957294564,0.0002835745583738003
29,0.09727874719503565,0.017079439825645856,0.09576651284755656,2.9447486763979756,1.9571802183969753,1.6384181174635384,2.437933481220508,-0.8488839846782719,0.1659409155420596,-1.017480623044973,-0.9767551973230024,-3.14,-1.6531688858099225,1.7150482494484498,0.0002517479422174951,-0.002091420049008974,0.00033989869506390047,0.0030972791099854735,-0.006203826345000163,0.0,-0.00021110938448054561,0.0002676738543845314
30,0.09415931078697143,0.016322423309036438,0.09273275410487643,2.945036246313326,1.9564869987402134,1.6385921248379816,2.4381424906157143,-0.8508686152661858,0.1662605617556443,-1.014480870816783,-0.9827675347848145,-3.14,-1.6533637685588238,1.715302144785619,0.00020900939520629436,-0.0019846305879139825,0.0003196462135846845,0.0029997522281901556,-0.006012337461812067,0.0,-0.00019488274890133717,0.00025389533716912993
31,0.09114480443668671,0.015633766047046947,0.08979307699317335,2.9452787344019016,1.9558536484885347,1.6387579642172951,2.4383173880967943,-0.8527590015645141,0.1665624863579006,-1.0115753314716591,-0.9885925790619733,-3.14,-1.653544616309484,1.715543947710999,0.00017489748108001635,-0.0018903862983282727,0.00030192460225630935,0.002905539345123831,-0.005825044277158797,0.0,-0.00018084775066018466,0.00024180292538011905
32,0.08823148028740105,0.015002154571145307,0.08694588991406718,2.9454848032637386,1.9552708227425986,1.6389167273793674,2.438465055839063,-0.8545654065056006,0.16684876332156576,-1.0087609406450335,-0.9942348711475324,-3.14,-1.6537132614666503,1.715775005337026,0.00014766774226870893,-0.0018064049410865257,0.00028627696366514965,0.0028143908266256012,-0.0056422920855591085,0.0,-0.0001686451571663028,0.00023105762602693147
33,0.08541569311880998,0.014418554205542142,0.08418921053963058,2.9456613924959085,1.954730928323778,1.6390692062506924,2.438590980933992,-0.8562962602237193,0.16712109985156373,-1.006034820663406,-0.9996991789961874,-3.14,-1.6538712365936714,1.715996401135192,0.00012592509492881376,-0.0017308537181186523,0.0002723365299979741,0.0027261199816275283,-0.005464307848655037,0.0,-0.00015797512702109273,0.00022139579816604638
34,0.08269390917183764,0.013875726758880918,0.08152079617046354,2.9458140628285667,1.9542277856916475,1.6392159793675491,2.4386995352723875,-0.8579585208627306,0.16738090833739727,-1.003394236598621,-1.0049904060265795,-3.14,-1.6540198245655853,1.7162090133910135,0.00010855433839562778,-0.0016622606390113148,0.0002598084858335403,0.0026405840647849566,-0.005291227030392087,0.0,-0.00014858797191386053,0.00021261225582147603
35,0.08006271331743817,0.013367852194529628,0.07893824040988325,2.9459472715511814,1.9537563558708857,1.6393574748401523,2.4387941996753044,-0.8595579640463866,0.16762936384173882,-1.0008365660230576,-1.010113520736661,-3.14,-1.6541601007394573,1.7164135605319766,9.466440291694411e-05,-0.001599443183656013,0.0002484555043415493,0.002557670575563442,-0.005123114710081422,0.0,-0.00014027617387202262,0.00020454714096307391
36,0.07751881376960557,0.012890231804257392,0.07643904435850729,2.9460645929331526,1.953312520044456,1.6394940158772764,2.4388777433143782,-0.8610994149823084,0.1678674500684753,-0.9983592785409098,-1.015073502906242,-3.14,-1.6542929682783927,1.7166106362635027,8.354363907381313e-05,-0.0015414509359217288,0.00023808622673648916,0.0024772874821478164,-0.004959982169581156,0.0,-0.00013286753893537728,0.00019707573152616398
37,0.07505904428517901,0.012439055141381963,0.07402066859788894,2.9461688946128155,1.9528929017699526,1.6396258534318524,2.4389523672907463,-0.862586934471524,0.16809599614639345,-0.9959599222082313,-1.0198753028108316,-3.14,-1.65441918764202,1.7168007367963434,7.462397636803786e-05,-0.0014875194892156607,0.0002285460779181403,0.002399356332678515,-0.00480179990458951,0.0,-0.00012621936362733344,0.00019010053284063133
38,0.07268036414684063,0.012011216795835979,0.07168057074027458,2.946262478742087,1.9524947236584902,1.6397531893871298,2.4390198194929145,-0.8640239679080586,0.16831570608516966,-0.9936361147342659,-1.0245238106242762,-3.14,-1.654539401134536,1.7169842819406935,6.745220216819448e-05,-0.0014370334365345627,0.00021970993877620804,0.0023238074739653225,-0.004648507813444613,0.0,-0.0001202134925160081,0.00018354514435015012
39,0.07037985635969042,0.011604172140021358,0.06941623217551181,2.9463471949224656,1.9521156918935945,1.6398761928369985,2.4390814864472263,-0.8654134645830173,0.1685271823808557,-0.9913855379391489,-1.0290238337844966,-3.14,-1.654654153285972,1.7171616314463898,6.166695431186753e-05,-0.0013894966749586901,0.0002114762956860472,0.0022505767951170874,-0.004500023160220357,0.0,-0.00011475215143597062,0.00017734950569625596
40,0.06815472450777921,0.011215823572866525,0.06722517676752608,2.9464245305652925,1.951753903222088,1.639995011359121,2.4391384667438283,-0.8667579731772123,0.16873094494727553,-0.9892059343755449,-1.0333800805688518,-3.14,-1.6547639077358245,1.7173330976602714,5.6980296601949476e-05,-0.001344508594194993,0.00020376256641982393,0.0021796035636039157,-0.0043562467843552,0.0,-0.00010975444985250604,0.00017146621388164363
41,0.06600228867517383,0.010844430663838295,0.06510498358118011,2.946495683185659,1.951407770070652,1.6401097786860765,2.4391916297126066,-0.8680597181718605,0.16892744631101078,-0.9870951053407373,-1.0375971484989963,-3.14,-1.6548690611919135,1.717498955331911,5.316296877833082e-05,-0.0013017449946481907,0.00019650136373525195,0.0021108290348076375,-0.004217067930144536,0.0,-0.00010515345608896887,0.0001658576716396798
42,0.0639199807709643,0.010488539056619041,0.06305329520823325,2.9465616182396555,1.9510759602725447,1.6402206198092955,2.439241662294174,-0.8693206609760482,0.1691170838179274,-0.9850509097392444,-1.0416795164899912,-3.14,-1.654969954951712,1.7176594492123871,5.003258156754953e-05,-0.001260942804187759,0.0001896375069166123,0.0020441956014929374,-0.004082367990994928,0.0,-0.00010089375979860371,0.0001604938804760092
43,0.06190533952790787,0.010146924123555643,0.061067822871065255,2.9466231153941638,1.9507573485636214,1.6403276542735319,2.4392891064655906,-0.8705425488199278,0.16930020944825508,-0.9830712634257397,-1.0456315398911733,-3.14,-1.6550668843982501,1.7178147999458164,4.744417141644419e-05,-0.0012218878438795544,0.00018312563032768514,0.0019796463135046682,-0.003952023401182059,0.0,-9.692944653805213e-05,0.00015535073342931582
44,0.059956005379652295,0.009818546239329111,0.05914634918716891,2.9466808055416234,1.9504509775539627,1.640430998213278,2.439334389110914,-0.871726953859282,0.16947713771703873,-0.9811541387802492,-1.0494574477498582,-3.14,-1.6551601068174369,1.7179652086407926,4.528264532321913e-05,-0.0011844050393542416,0.00017692826878365486,0.0019171246454905422,-0.0038259078586848627,0.0,-9.322241918674479e-05,0.00015040869497617848
45,0.05806971536580626,0.009502515223018992,0.05728672925318589,2.946735200410301,1.9501560263246507,1.64053076552947,2.439377845850096,-0.8728753044519908,0.1696481520409837,-0.9792975643546763,-1.0531613417736243,-3.14,-1.6552498478274915,1.7181108604214836,4.345673918226822e-05,-0.0011483505927087911,0.00017101432394497906,0.0018565744255728545,-0.003703894023766141,0.0,-8.974101005465585e-05,0.00014565178069103624
46,0.05624429816862524,0.009198062026632375,0.055486890538108485,2.9467867162509678,1.9498717851579281,1.6406270684918187,2.4394197400378874,-0.8739889101771723,0.16981350987631819,-0.9774996244909864,-1.0567471965808666,-3.14,-1.6553363066631883,1.718251927190371,4.189418779132481e-05,-0.001113605725181488,0.00016535783533447312,0.0017979398636899235,-0.0035858548072422725,0.0,-8.645883569680102e-05,0.00014106676888725467
47,0.05447766934929861,0.008904516159845534,0.05374483194777602,2.9468356927849086,1.9495976351989048,1.6407200179691126,2.439460277902513,-0.875068981854839,0.16997344687131766,-0.9757584588538314,-1.0602188609189847,-3.14,-1.6554196605169034,1.7183885697820476,4.0537864625544984e-05,-0.0010800716776666608,0.00015993699499947112,0.0017411656371549844,-0.0034716643381180745,0.0,-8.335385371505133e-05,0.00013664259167667225
48,0.05276782682458808,0.008621287661888502,0.05205862232678621,2.946882408361384,1.9493330320811524,1.6408097234291863,2.4394996206001003,-0.8761166475728167,0.17012818022844514,-0.974072261849238,-1.0635800596001002,-3.14,-1.6555000681040664,1.7185209396467809,3.934269758731901e-05,-0.0010476657179777638,0.00015473335712748448,0.0016861970045933816,-0.003361198681115507,0.0,-8.040758716298946e-05,0.00013236986473330603
49,0.051112846604467924,0.008347852682696714,0.05042639859261101,2.9469270920830466,1.9490774927375474,1.640896292806281,2.439537893805632,-0.877132965526316,0.1702779114321566,-0.9724392819200368,-1.0668343959596287,-3.14,-1.6555776725917317,1.7186491801709998,3.827320553151381e-05,-0.0010163179534993239,0.00014973120371145066,0.0016329799292011948,-0.0032543363595285424,0.0,-7.760448766536143e-05,0.0001282405242188922
50,0.049510878797040955,0.008083741932250317,0.04884636364287533,2.9469699335062036,1.9488305847700522,1.640979832301831,2.439575195336939,-0.8781189343141709,0.1704228284673242,-0.9708578207208529,-1.0699853546865596,-3.14,-1.655652604004813,1.7187734277174669,3.7301531307321056e-05,-0.0009859687878548407,0.00014491703516761323,0.0015814611991838978,-0.0031509587269309414,0.0,-7.493141308123619e-05,0.00012424754646711555
51,0.04796014387711736,0.007828531411730202,0.04731678413705091,2.9470110904013405,1.9485919178749818,1.6410604461621328,2.439611601208757,-0.8790755012064754,0.17056310762836116,-0.9693262321827603,-1.0730363049084568,-3.14,-1.655724981204363,1.7188938124490036,3.6405871818079305e-05,-0.0009565668923045001,0.0001402791610369547,0.0015315885380926542,-0.003050950221897164,0.0,-7.237719955011102e-05,0.000120384731536749
52,0.046458929208345684,0.007581834961813563,0.04583598822447416,2.9470506949622792,1.9483611369191447,1.6411382364603644,2.439647170434259,-0.880003568794846,0.17069891499924017,-0.9678429214816553,-1.0759905034409691,-3.14,-1.6557949135155379,1.7190104589850443,3.5569225501852486e-05,-0.0009280675883706069,0.00013580737087900974,0.0014833107011049673,-0.002954198532512331,0.0,-6.993231117480292e-05,0.00011664653604070985
53,0.04500558580483723,0.0073432982594670865,0.0444023632688116,2.9470888587745816,1.9481379163418577,1.6412133028993598,2.439681948827774,-0.8809040003536891,0.17083040766867708,-0.9664063439261031,-1.0788510981326107,-3.14,-1.6558625020689897,1.7191234869290084,3.477839351484491e-05,-0.0009004315588431178,0.00013149266943690563,0.0014365775555521543,-0.0028605946916415714,0.0,-6.758855345179171e-05,0.00011302794396406135
54,0.04359852531608536,0.007112593970448133,0.043014353603220395,2.9471256767916607,1.9479219556218286,1.6412857426438998,2.4397159720114256,-0.881777624174587,0.1709577347320081,-0.9650150037806492,-1.081621131251977,-3.14,-1.655927840907964,1.7192330112957719,3.402318365175461e-05,-0.0008736238208979508,0.0001273270633310175,0.0013913401454539454,-0.0027700331193662997,0.0,-6.533883897441584e-05,0.00010952436676348043
55,0.042236217218160135,0.006889417824772223,0.041670458338969436,2.947161230517335,1.9477129755994016,1.641355650186224,2.4397492677876627,-0.8826252370829158,0.17108103812108585,-0.9636674530399044,-1.0843035428773813,-3.14,-1.6559910179039077,1.71933914286179,3.329577623700786e-05,-0.0008476129083287987,0.00012330338907776128,0.001347550740744774,-0.0026824116254042796,0.0,-6.317699594360349e-05,0.00010613156601801954
56,0.04091718619419974,0.006673485429939489,0.040369229241939995,2.94719559055376,1.9475107154859819,1.6414231172451599,2.4397818580070436,-0.8834476073034522,0.17120045329534675,-0.9623622901674952,-1.0869011742588894,-3.14,-1.6560521155155932,1.719441988455235,3.259021938095685e-05,-0.0008223702205363281,0.0001194151742608951,0.0013051628724092268,-0.0025976313815081475,0.0,-6.109761168549e-05,0.00010284559344508892
57,0.039640009687840067,0.006464529674479157,0.03910926868541748,2.9472288186418445,1.9473149304257122,1.6414882326972215,2.4398137600345775,-0.884245476807878,0.17131610982065507,-0.9610981588124817,-1.0894167711305198,-3.14,-1.6561112114203747,1.7195416511995196,3.190202753389215e-05,-0.000797869504425841,0.00011565652530831638,0.0012641313550134647,-0.002515596871630388,0.0,-5.909590478148097e-05,9.966274428463429e-05
58,0.038403315614201225,0.006262298604307753,0.03788922768348387,2.9472609692958245,1.9471253895011353,1.641551082536879,2.4398449878970694,-0.8850195632500595,0.1714281318572841,-0.9598737465142596,-1.091852986956421,-3.14,-1.6561683790409243,1.7196382307204843,3.1227862491878255e-05,-0.0007740864421814653,0.00011202203662902255,0.0012244122982221217,-0.0024362158259012556,0.0,-5.716762054963631e-05,9.657952096464584e-05
59,0.037205780214208437,0.006066553678237976,0.03670780400640364,2.9472920911132823,1.9469418740960034,1.6416117498625944,2.4398755531772682,-0.8857705615733916,0.1715366385741897,-0.9586877834053886,-1.094212386099527,-3.14,-1.6562236879865038,1.7197318233251615,3.056528019884652e-05,-0.0007509983233321416,0.00010850671690559865,0.0011859631088709799,-0.0023593991431059003,0.0,-5.530894557947974e-05,9.359260467722841e-05
60,0.03604612603926449,0.00587706832789283,0.035563740377328006,2.9473222278256217,1.946764176545564,1.6416703148850604,2.4399054657072954,-0.8864991453572795,0.1716417445033606,-0.9575390409203033,-1.0964974469048099,-3.14,-1.6562772044243,1.719822522158202,2.9912530027154105e-05,-0.0007285837838878484,0.00010510592917090111,0.0011487424850853412,-0.0022850608052829013,0.0,-5.3516437796163885e-05,9.06988330404701e-05
61,0.034923120054535045,0.005693626762385662,0.03445582274845214,2.947351419140995,1.9465920990184635,1.6417268549541262,2.439934734103197,-0.8872059679560799,0.1717435598453294,-0.9564263305164968,-1.0987105646920399,-3.14,-1.6563289913934802,1.7199104173406377,2.9268395901560496e-05,-0.000706822598800394,0.00010181534196881947,0.0011127104038064495,-0.00221311778722999,0.0,-5.178696918028969e-05,8.789518243568217e-05
62,0.03383557185030799,0.005516022970121112,0.03338287865390209,2.947379701421232,1.9464254525854447,1.6417814446011099,2.4399633661739584,-0.8878916634728774,0.17184219073475865,-0.9553485024135451,-1.1008540546550867,-3.14,-1.6563791090722755,1.7199955960945856,2.8632070761425155e-05,-0.0006856955167975354,9.863088942924092e-05,0.0010778281029517611,-0.0021434899630468074,0.0,-5.0117678795258414e-05,8.517875394797869e-05
63,0.03278233195199967,0.005344059879636271,0.03234377563623114,2.947407108226039,1.9462640564388918,1.641834155593501,2.439991369231543,-0.8885568476017323,0.17193773947328034,-0.9543044443542622,-1.1029301546664305,-3.14,-1.6564276150064805,1.7200781428566583,2.8003057584768953e-05,-0.0006651841288548566,9.55487385216891e-05,0.0010440580592828708,-0.00207610001134384,0.0,-4.850593420502314e-05,8.254676207264389e-05
64,0.03176229022042788,0.005177548649050834,0.031337419742887236,2.947433670751021,1.9461077372343893,1.6418850569993886,2.4400187503230812,-0.8892021183650807,0.17203030473537126,-0.9532930803913443,-1.1049410279867673,-3.14,-1.656474564306208,1.7201581393822158,2.738109153810342e-05,-0.0006452707633484156,9.25652620909212e-05,0.0010113639629178994,-0.0020108733203367812,0.0,-4.694929972748341e-05,7.999652555756853e-05
65,0.030774374334885717,0.005016308059754701,0.030362754089439132,2.947459418180779,1.9459563285311452,1.6419342152592886,2.4400455164020163,-0.8898280567674347,0.17211998175192705,-0.9523133697020584,-1.1068887658805153,-3.14,-1.6565200098164568,1.7202356648421029,2.6766078935036575e-05,-0.0006259384023540315,8.967701655579474e-05,0.0009797106892859286,-0.001947737893748025,0.0,-4.5445510248764975e-05,7.752545988704007e-05
66,0.02981754835240065,0.004860163994837336,0.02941875748582229,2.9474843779740896,1.9458096703127161,1.6419816942633794,2.440071674451567,-0.890435227382115,0.17220686247530154,-0.9513643054328579,-1.1087753901387027,-3.14,-1.656564002266027,1.7203107959131418,2.615804955086176e-05,-0.0006071706146802969,8.688072337448283e-05,0.0009490642692004947,-0.0018866242581874193,0.0,-4.3992449570318115e-05,7.513107103895855e-05
67,0.028890811337291388,0.0047089489866215485,0.028504443122471367,2.947508576094721,1.9456676085731126,1.642027555432457,2.440097231571096,-0.8910241788842517,0.17229103572885407,-0.9504449135752338,-1.110602855511206,-3.14,-1.656606590398471,1.720383606863362,2.555711952867412e-05,-0.0005889515021366698,8.417325355253302e-05,0.00091939185762413,-0.001827465372503223,0.0,-4.258813244395476e-05,7.281095022015904e-05
68,0.02799319605580092,0.004562501820764589,0.02761885731288988,2.9475320371987754,1.9455299949563092,1.6420718578012046,2.4401221950337835,-0.8915954445405004,0.17237258734346994,-0.9495542518736443,-1.112373052050651,-3.14,-1.6566478210880873,1.720454169632732,2.4963462687654925e-05,-0.000571265656248765,8.155161461587124e-05,0.000890661701589468,-0.0017701965394449903,0.0,-4.12306896162562e-05,7.056276937000838e-05
69,0.02712376773114228,0.004420667186866289,0.02676107828986824,2.9475547847872066,1.945396686439532,1.6421146581026078,2.4401465723222624,-0.8921495426637133,0.17245160028305317,-0.9486914087659719,-1.114087807370528,-3.14,-1.6566877394434136,1.7205225539099855,2.4377288478927284e-05,-0.0005540981232128317,7.901293958323397e-05,0.000862843107672373,-0.0017147553198770815,0.0,-3.991835532635157e-05,6.838427725353036e-05
70,0.02628162285480599,0.004283295367477995,0.02593021505224839,2.9475768413304824,1.9452675450525712,1.6421560108525772,2.440170371147454,-0.8926869770390474,0.17252815476061628,-0.947855502356646,-1.1157488888202138,-3.14,-1.6567263889002204,1.7205888272060104,2.3798825191434503e-05,-0.0005374343753341559,7.655447756310663e-05,0.0008359064093259594,-0.0016610814496857973,0.0,-3.8649456806760796e-05,6.627329602482135e-05
71,0.025465888050412736,0.00415024195901321,0.02512540625971074,2.9475982283709077,1.9451424376268909,1.6421959684340106,2.44019359945475,-0.8932082373266099,0.17260232834629083,-0.9470456794223091,-1.1173580055796788,-3.14,-1.6567638113056404,1.7206530549241648,2.3228307296285777e-05,-0.0005212602875624972,7.417358567454735e-05,0.0008098229343368457,-0.001609116759464957,0.0,-3.742240542004005e-05,6.42277181543971e-05
72,0.024675718986768097,0.00402136761929406,0.024345819172934307,2.947618966607069,1.9450212355695047,1.642234581179699,2.440216265420801,-0.8937137994446337,0.1726741960683416,-0.9462611144497073,-1.118916810676695,-3.14,-1.6568000469947786,1.720715300427816,2.266596605071669e-05,-0.0005055621180237724,7.186772205078351e-05,0.00078456497260182,-0.0015588050970161138,0.0,-3.623568913813102e-05,6.224550365119264e-05
73,0.023910299337112355,0.003896537837495966,0.02359064863700707,2.9476390759639286,1.944903814657561,1.6422718974536048,2.440238377443448,-0.8942041259363145,0.17274383050807013,-0.9455010087053209,-1.1204269029293517,-3.14,-1.6568351348608983,1.7207756251053334,2.2112022647124974e-05,-0.0004903264916807926,6.963443972851646e-05,0.0007601057443863413,-0.0015100922526567473,0.0,-3.50878661197207e-05,6.0324677517487046e-05
74,0.02316883978184831,0.0037756227230509856,0.022859116105508503,2.9476585756514018,1.9447900548503565,1.6423079637301585,2.4402599441268067,-0.8946796663227514,0.17281130188933783,-0.9447645893361322,-1.1218898288166586,-3.14,-1.6568691124200905,1.7208340884327287,2.1566683358731353e-05,-0.0004755403864369345,6.747138126769747e-05,0.0007364193691887788,-0.0014629258873068984,0.0,-3.3977559192210904e-05,5.8463327395230635e-05
75,0.022450577052275173,0.003658496810728562,0.02215046870376082,2.9476774842136884,1.9446798401161305,1.6423428246713128,2.4402809742630382,-0.895140857443895,0.1728766781633124,-0.9440511085008313,-1.123307084279963,-3.14,-1.6569020158711667,1.7208907480340967,2.1030136231559027e-05,-0.0004611911211436226,6.537627397457113e-05,0.0007134808353008726,-0.001417255463304512,0.0,-3.290345107620496e-05,5.665960136802539e-05
76,0.021754773013078297,0.0035450388796142555,0.02146397832876749,2.9476958195711567,1.944573058271472,1.6423765232011671,2.440301476812014,-0.8955881237889834,0.17294002508893672,-0.9433598425306957,-1.124680116457845,-3.14,-1.6569338801513949,1.7209456597399904,2.0502548975898094e-05,-0.000447266345088404,6.33469256243191e-05,0.0006912659701355794,-0.0013730321778819832,0.0,-3.1864280228166564e-05,5.491170589366767e-05
77,0.021080713781516474,0.003435131784139916,0.020798940784623805,2.947713599056239,1.9444696008315938,1.6424091005780395,2.440321460879788,-0.8960218778176138,0.17300140630953967,-0.9426900911193283,-1.126010325357075,-3.14,-1.6569647389885855,1.720998877643839,1.998406777392603e-05,-0.00043375402863032875,6.138122060295181e-05,0.0006697514113673808,-0.0013302088992299677,0.0,-3.085883719067262e-05,5.321790384860137e-05
78,0.020427708881413865,0.0033286622956434095,0.020154674951212703,2.9477308394444797,1.9443693628700383,1.642440596463917,2.440340935696573,-0.8964425202723375,0.1730608834259383,-0.9420411765404092,-1.127299065462142,-3.14,-1.6569946249499539,1.721050454156505,1.94748167849923e-05,-0.00042064245472372974,5.947711639864295e-05,0.0006489145789191353,-0.0012887401050669656,0.0,-2.9885961368325553e-05,5.157651266607388e-05
79,0.01979509043021407,0.003225520953211893,0.019530521984937984,2.947747556981667,1.9442722428866446,1.6424710489912469,2.440359910594755,-0.896850440483466,0.17311851606632928,-0.9414124428925971,-1.1285476472857692,-3.14,-1.6570235694881135,1.7211004400590642,1.8974898182033684e-05,-0.0004079202111284541,5.7632640390964385e-05,0.0006287336478121297,-0.0012485818236271928,0.0,-2.8944538159603184e-05,4.998590255911317e-05
80,0.01918221235748477,0.003125601922759315,0.018925844550118108,2.9477637674077948,1.9441781426828029,1.6425004948270796,2.440378394987328,-0.8972460166666163,0.1731743619532209,-0.940803255370709,-1.1297573388627473,-3.14,-1.6570516029844982,1.7211488845538807,1.848439257301493e-05,-0.0003955761831503368,5.5845886891614516e-05,0.0006091875218880993,-0.0012096915769781447,0.0,-2.803349638469399e-05,4.844449481655744e-05
81,0.018588449653369195,0.0030288028635017555,0.018340026079308635,2.9477794859784248,1.9440869672432142,1.642528969234575,2.4403963983470307,-0.8976296162134045,0.1732284769676225,-0.9402129995623095,-1.1309293671893315,-3.14,-1.6570787547904648,1.7211958353140462,1.8003359702589705e-05,-0.00038359954678823804,5.411501440161226e-05,0.0005902558083994425,-0.0011720283265841402,0.0,-2.7151805966685316e-05,4.695076016547617e-05
82,0.018013197645597244,0.002935024801088978,0.017772470061479775,2.9477947274839384,1.9439986246234786,1.6425565061319318,2.4404139301863883,-0.8980015959756045,0.17328091521067746,-0.9396410807688438,-1.1320649196103518,-3.14,-1.6571050532662899,1.721241338531243,1.75318393575985e-05,-0.00037197976219993656,5.243824305495304e-05,0.0005719187934657421,-0.0011355524210203694,0.0,-2.6298475825026202e-05,4.550321719687389e-05
83,0.017455871303747542,0.0028441720067988482,0.01722259935698432,2.9478095062670446,1.943913025842967,1.6425831381487912,2.440431000038792,-0.8983623025430159,0.17333172906290353,-0.9390869233504655,-1.133165145156109,-3.14,-1.657130525818242,1.7212854389620877,1.7069852403572838e-05,-0.00036070656741138407,5.081385222607815e-05,0.000554157418378276,-0.001100225545757283,0.0,-2.5472551952177014e-05,4.4100430844684624e-05
84,0.016915904569542263,0.0027561518822777622,0.016689855537793962,2.9478238362388565,1.9438300847825107,1.642608896680189,2.440447617440699,-0.8987120725152344,0.17338096924118254,-0.938549970093727,-1.1342311558310358,-3.14,-1.65715519893389,1.7213281799730076,1.6617401906948714e-05,-0.0003497699722185832,4.924017827900862e-05,0.000536953256738526,-0.0010660106749267317,0.0,-2.4673115647910748e-05,4.27410109198334e-05
85,0.016392749712028597,0.0026708748493843577,0.016173698252150592,2.9478377308937627,1.943749718086506,1.6426338119381327,2.440463791914998,-0.8990512327674777,0.173428684853626,-0.9380296816013151,-1.1352640278560246,-3.14,-1.6571790982157766,1.7213696035837005,1.617447429902441e-05,-0.0003391602522432313,4.7715612443460786e-05,0.0005202884924119244,-0.0010328720249888068,0.0,-2.389928188661905e-05,4.142361069292555e-05
86,0.015885876706569234,0.0025882542447781182,0.015673604612715886,2.9478512033233,1.9436718450691226,1.6426579130008874,2.4404795329555586,-0.8993801007105859,0.17347492345243026,-0.9375255357030414,-1.1362648028662456,-3.14,-1.6572022484135822,1.7214097505092238,1.574104056079051e-05,-0.0003288679431082686,4.623859880426018e-05,0.0005041458982736335,-0.001000775010221,0.0,-2.3150197805632544e-05,4.014692552334331e-05
87,0.015394772636625344,0.002508206218888852,0.015189068606854747,2.947864266229183,1.943596387624288,1.642681227860063,2.4404948500129557,-0.8996989845453062,0.1735197310848217,-0.9370370268873159,-1.1372344890661934,-3.14,-1.657224673454878,1.7214486602007575,1.5317057397101763e-05,-0.0003188838347202294,4.480763239142482e-05,0.0004885088157254858,-0.0009696861999477502,0.0,-2.242504129568168e-05,3.8909691533639545e-05
88,0.014918941117368805,0.0024306496390266107,0.0147196005285342,2.947876931935597,1.9435232701392398,1.6427037834655798,2.440509752481349,-0.90000818351094,0.1735631523421842,-0.9365636657523594,-1.138174062343638,-3.14,-1.65724639647456,1.7214863708850845,1.49024683930854e-05,-0.0003091989656338612,4.3421257362508126e-05,0.0004733611349565514,-0.0009395732774446497,0.0,-2.1723019682173828e-05,3.771068432700808e-05
89,0.014457901740219907,0.0023555059963449795,0.014264726430781128,2.947889212400883,1.943452419411398,1.6427256057686102,2.4405242496864816,-0.9003079881284366,0.1736052304074534,-0.9361049784764318,-1.1390844673440754,-3.14,-1.6572674398430514,1.7215229196028299,1.4497205132801838e-05,-0.0002998046174965685,4.2078065269207654e-05,0.00045868727592757175,-0.0009104050004373754,0.0,-2.1043368491291403e-05,3.654871774538826e-05
90,0.01401118953744412,0.0022826993164482973,0.013823987597699545,2.947901119228663,1.9433837645683758,1.6427467197625851,2.440538350874757,-0.9005986804380004,0.17364600710085373,-0.9356605063063808,-1.1399666185072088,-3.14,-1.6572878251933352,1.721558342245496,1.4101188275272847e-05,-0.0002906923095638003,4.077669340032952e-05,0.0004444721700510579,-0.0008821511631333934,0.0,-2.0385350283813608e-05,3.5422642666205206e-05
91,0.013578354465991547,0.002212156073444415,0.01339694003560622,2.9479126636785,1.943317236990959,1.6427671495223406,2.440552065203345,-0.9008805342312795,0.17368552292405065,-0.9352298050638382,-1.1408214010669282,-3.14,-1.6573075734468952,1.7215926735913352,1.3714328587877134e-05,-0.00028185379327905213,3.9515823196917266e-05,0.0004307012425425194,-0.0008547825597193803,0.0,-1.9748253559992435e-05,3.4331345839078153e-05
92,0.013158960909807175,0.0021438051072561856,0.012983153982285776,2.9479238566761246,1.9432527702388969,1.6427869182415011,2.4405654017312646,-0.9011538152781999,0.1737238171027828,-0.9348124446684166,-1.1416496720161882,-3.14,-1.6573267048386149,1.721625947340093,1.3336527919793895e-05,-0.0002732810469204816,3.829417873216223e-05,0.0004173603954216176,-0.0008282709492599682,0.0,-1.9131391719717783e-05,3.327374875783384e-05
93,0.012752587199866614,0.0020775775440327886,0.012582213433770662,2.94793470882328,1.943190299979369,1.6428060482681757,2.4405783694113934,-0.9014187815485116,0.1737609276280371,-0.9344080086772805,-1.14245226103813,-3.14,-1.6573452389406946,1.721658196146662,1.2967680128816994e-05,-0.00026496627031169506,3.711052525429137e-05,0.0004044359911361539,-0.0008025890219418574,0.0,-1.8534102079748038e-05,3.224880656893525e-05
94,0.012358825151236576,0.002013406719503703,0.012193715687609822,2.9479452304072193,1.9431297639179972,1.6428245611390462,2.4405909770833443,-0.9016756834281092,0.1737968912958237,-0.9340160938404954,-1.1432299714047334,-3.14,-1.657363194685634,1.7216894516536752,1.2607671950881638e-05,-0.00025690187959759303,3.596366778660376e-05,0.00039191483678502337,-0.0007777103666033458,0.0,-1.7955744939346374e-05,3.1255507013217e-05
95,0.011977279616492751,0.001951228105151587,0.011817270902577892,2.9479554314098757,1.9430711017322964,1.6428424776119235,2.4406032334671592,-0.9019247639301958,0.1738317437456057,-0.9336363096715736,-1.1439835808442302,-3.14,-1.657380590388326,1.7217197445230779,1.2256383814968075e-05,-0.00024908050208660715,3.485244978199131e-05,0.0003797841689218151,-0.0007536094394968718,0.0,-1.7395702692102333e-05,3.0292869402703815e-05
96,0.011607568054851672,0.001890979237059553,0.011452501673782825,2.947965321516749,1.9430142550074487,1.6428598176968472,2.4406151471577693,-0.9021662589013574,0.1738655194974351,-0.9332682780326625,-1.1447138423784606,-3.14,-1.6573974437673076,1.7217491044667061,1.1913690610043659e-05,-0.00024149497116154883,3.377575182939019e-05,0.0003680316389110816,-0.000730261534230392,0.0,-1.6853378981496192e-05,2.9359943628293195e-05
97,0.011249320116408942,0.0018325996473268647,0.01109904262248814,2.9479749101254997,1.9429591671743072,1.6428766006857995,2.440626726620161,-0.9024003972226183,0.17389825198784326,-0.9329116327338416,-1.1454214851313023,-3.14,-1.6574137719652002,1.7217775602759047,1.1579462391608786e-05,-0.00023413832126095713,3.273249040816606e-05,0.00035664529882095675,-0.0007076427528416307,0.0,-1.6328197892656604e-05,2.8455809198524307e-05
98,0.010902177240901846,0.0017760307979386488,0.010756540000453521,2.947984206354294,1.9429057834495362,1.6428928451810918,2.4406379801852105,-0.9026274010055501,0.17392997360453236,-0.9325660191460159,-1.1461072151092564,-3.14,-1.6574295915683857,1.721805139850215,1.1253565049607062e-05,-0.00022700378293172285,3.1721616689101007e-05,0.0003456135878256994,-0.0006857299779541304,0.0,-1.581960318541853e-05,2.757957431032132e-05
99,0.010565792270438149,0.0017212160169882181,0.010424651308035845,2.9479932190498923,1.9428540507778065,1.6429085691225027,2.4406489160461278,-0.9028474857835075,0.17396071571991187,-0.9322310938269088,-1.1467717159552289,-3.14,-1.6574449186259432,1.7218318702251618,1.0935860917271611e-05,-0.00022008477795742998,3.074211537951177e-05,0.00033492531910706,-0.0006645008459724711,0.0,-1.5327057557579238e-05,2.6730374946826174e-05
100,0.010239829075661979,0.0016681004371473704,0.010103044925207465,2.9480019567955087,1.9428039177759522,1.6429237898132143,2.4406595422554735,-0.9030608606980699,0.1739905087235218,-0.9319065241596857,-1.1474156496765022,-3.14,-1.6574597686678862,1.7218577775991677,1.0626209345776516e-05,-0.0002133749145624142,2.97930036099181e-05,0.0003245696672231624,-0.0006439337212733598,0.0,-1.4850041943015313e-05,2.5907374005873507e-05
101,0.009923962194842548,0.0016166309363064724,0.00979139975589069,2.9480104279184416,1.9427553346790312,1.6429385239446126,2.4406698667226996,-0.9032677286807638,0.17401938205338266,-0.9315919880037474,-1.1480396573478526,-3.14,-1.6574741567227254,1.7218828873596217,1.0324467226041634e-05,-0.0002068679826938702,2.887332986087343e-05,0.0003145361559382387,-0.0006240076713504017,0.0,-1.4388054839109543e-05,2.5109760454000707e-05
102,0.009617876485407795,0.0015667560802866906,0.009489404883941068,2.9480186404974873,1.942708253288203,1.6429527876200067,2.440679897212176,-0.9034682866301479,0.174047364226311,-0.9312871733572599,-1.1486443597907277,-3.14,-1.6574880973343893,1.7219072241081304,1.0030489476342552e-05,-0.00020055794938411697,2.7982172928348037e-05,0.0003048146464875723,-0.000604702442875027,0.0,-1.394061166393179e-05,2.4336748508657635e-05
103,0.009321266787445397,0.0015184260675447133,0.009196759241576168,2.9480266023701507,1.9426626269203588,1.6429665963773137,2.440689641341664,-0.9036627255843431,0.17407448286723623,-0.9309917780309965,-1.1492303582293621,-3.14,-1.6575016045785285,1.721930811684976,9.744129488176156e-06,-0.00019443895419524182,2.7118640925222204e-05,0.00029539532626332576,-0.0005859984386344941,0.0,-1.3507244139177033e-05,2.358757684572943e-05
104,0.009033837598736496,0.001471592675798716,0.008913171288513067,2.948034321139644,1.942618410359446,1.6429799652107684,2.4406991065812007,-0.9038512308890869,0.1741007647375543,-0.9307055093330903,-1.1497982349246758,-3.14,-1.657514692078227,1.7219536731928076,9.465239536599057e-06,-0.00018850530474379124,2.6281870318056733e-05,0.00028626869790626674,-0.0005678766953136627,0.0,-1.3087499698638538e-05,2.2861507831484218e-05
105,0.008755302760884005,0.0014262092104922075,0.00863835870247673,2.9480418041817047,1.9425755598094139,1.6429929085916946,2.4407083002523593,-0.904033982361399,0.17412623576255248,-0.9304280837643069,-1.1503485537867588,-3.14,-1.6575273730191498,1.721975831019588,9.193671158591599e-06,-0.00018275147231205935,2.547102499819709e-05,0.00027742556878340707,-0.0005503188620830102,0.0,-1.2680940922660255e-05,2.2157826780500045e-05
106,0.008485385156135785,0.0013822304550329284,0.008372048080147524,2.948049058651206,1.942534032848731,1.643005440488392,2.440717229527853,-0.9042111544489415,0.17415092105793606,-0.9301592267234644,-1.1508818609667235,-3.14,-1.6575396601641437,1.7219973068608225,8.929275493674282e-06,-0.000177172087542532,2.4685295383575223e-05,0.00026885704084245177,-0.0005333071799646927,0.0,-1.2287144993905486e-05,2.1475841234464e-05
107,0.008223816414499721,0.0013396126227341349,0.008113974648300739,2.948056091488605,1.942493788386412,1.6430175743851743,2.4407259014314575,-0.9043829163851586,0.17417484495549013,-0.9298986722226417,-1.1513986854286646,-3.14,-1.6575515658673197,1.7220181217410893,8.671903604540177e-06,-0.00017176193621704083,2.3923897554067874e-05,0.00026055450082274056,-0.0005168244619411233,0.0,-1.1905703175996152e-05,2.0814880266728508e-05
108,0.007970336630782813,0.0012983133104008968,0.007863881984612403,2.9480629094261923,1.942454786619504,1.6430293233006057,2.4407343228382157,-0.9045494323402811,0.1741980310279038,-0.9296461626118286,-1.1518995395024456,-3.14,-1.6575631020876322,1.7220382960348954,8.421406758163386e-06,-0.00016651595512251482,2.318607241366677e-05,0.00025250961081302314,-0.0005008540737809763,0.0,-1.153622031258017e-05,2.0174293806185517e-05
109,0.007724694091185901,0.001258291453491304,0.0076215217479994974,2.948069518994183,1.9424169889919758,1.643040699804963,2.440742500474907,-0.9047108615682835,0.17422050211278794,-0.9294014483126883,-1.1523849194179956,-3.14,-1.6575742804019782,1.7220578494868806,8.177636691364398e-06,-0.00016142922800244097,2.2471084884151393e-05,0.00024471429914030285,-0.00048537991554997717,0.0,-1.1178314345938745e-05,1.9553451985121484e-05
110,0.007486645009113238,0.0012195072828027,0.007386653417907229,2.948075926526631,1.9423803581549657,1.643051716036976,2.440750440920751,-0.9048673585498762,0.17424228033591238,-0.9291642875611089,-1.1528553058217783,-3.14,-1.657585112017833,1.722076801231385,7.940445843956923e-06,-0.00015649698159270198,2.177822312443567e-05,0.00023716075157942385,-0.0004703864037827188,0.0,-1.0831615854911547e-05,1.8951744504391854e-05
111,0.007255953269860242,0.001181922282624612,0.007159044042652555,2.948082138167178,1.9423448579283393,1.6430623837198641,2.440758150608327,-0.9050190731316214,0.17426338713368963,-0.9289344461582413,-1.1533111642760663,-3.14,-1.657595607785445,1.7220951698114078,7.709687575907509e-06,-0.00015171458174523256,2.1106797777253883e-05,0.00022984140286763655,-0.0004558584542879718,0.0,-1.0495767611917728e-05,1.8368580022798398e-05
112,0.007032390183859313,0.0011454991502960756,0.006938467995804256,2.9480881598746485,1.9423104532635034,1.6430727141767112,2.440765635824686,-0.905166150661258,0.17428384327493116,-0.9287116972297241,-1.1537529457416291,-3.14,-1.6576057782095992,1.72211297319697,7.48521635918209e-06,-0.0001470775296366078,2.045614124152051e-05,0.0002227489285171469,-0.0004417814655628405,0.0,-1.0170424154187785e-05,1.780338556223171e-05
113,0.006815734248182515,0.0011102017571352919,0.006724706741125942,2.9480939974284786,1.9422771102074494,1.6430827183452095,2.440772902712636,-0.9053087321193178,0.1743036688819001,-0.9284958209928136,-1.1541810870444218,-3.14,-1.6576156334609744,1.7221302288029026,7.266887950052592e-06,-0.00014258145805978728,1.9825606968948417e-05,0.00021587623691055047,-0.0004281413027926728,0.0,-9.85525137520149e-06,1.725560593257569e-05
114,0.006605770915998122,0.0010759951106677843,0.006517548604845986,2.948099656434006,1.942244795867963,1.643092406791797,2.4407799572721856,-0.9054469542471217,0.17432288345068508,-0.9282866045311442,-1.1545960113268354,-3.14,-1.6576251833871032,1.7221469535060798,7.054559549413142e-06,-0.00013822212780389975,1.9214568784980957e-05,0.00020921646166938146,-0.0004149242824136312,0.0,-9.54992612878236e-06,1.6724703177262157e-05
115,0.0064022923737084535,0.0010428453181316542,0.006316788556184629,2.9481051423275972,1.94221347837998,1.6431017897252191,2.4407868053621216,-0.9055809496712358,0.17434150587091654,-0.9280838415768562,-1.154998128484053,-3.14,-1.6576344375229528,1.7221631636621118,6.848089936006829e-06,-0.00013399542411407506,1.862242023145666e-05,0.00020276295428800495,-0.0004021171572174964,0.0,-9.254135849623424e-06,1.6210156031926104e-05
116,0.0062050973254838705,0.0010107195511860742,0.006122227994372037,2.948110460381644,1.9421831268730279,1.6431108770095453,2.4407934527017168,-0.9057108470244742,0.17435955444484927,-0.9278873322998372,-1.1553878355860274,-3.14,-1.6576434051011413,1.7221788751215161,6.647339595211577e-06,-0.00012989735323842844,1.8048573932727408e-05,0.0001965092770189747,-0.0003897071019745013,0.0,-8.96757818846794e-06,1.5711459404377237e-05
117,0.006013990784945813,0.000979586011811999,0.005933674543641472,2.948115615709408,1.94215371143974,1.6431196781766557,2.4407999048725406,-0.9058367710635268,0.17437704690583125,-0.9276968831038336,-1.155765517285588,-3.14,-1.6576520950618012,1.722194103245384,6.452170823845194e-06,-0.00012592403905253846,1.749246098198265e-05,0.0001904491960036392,-0.00037768169956065023,0.0,-8.68996065994665e-06,1.5228123867894183e-05
118,0.005828783873735798,0.0009494138993365344,0.0057509418540657485,2.948120613269728,1.9421252031053848,1.6431282024382283,2.440806167320369,-0.9059588427832969,0.17439400043617947,-0.9275123064291961,-1.1561315462131505,-3.14,-1.6576605160621054,1.722208862920556,6.262447828309092e-06,-0.00012207171977007825,1.6953530348223778e-05,0.00018457667463744887,-0.000366028927562434,0.0,-8.421000304181803e-06,1.4759675172060227e-05
119,0.005649293626736119,0.0009201733785478182,0.005573849409616637,2.9481254578716096,1.9420975737983837,1.6431364586972552,2.4408122453571774,-0.9060771795280274,0.1744104316844833,-0.9273334205620342,-1.1564862833584986,-3.14,-1.6576686764854665,1.7222231685743263,6.078036808521148e-06,-0.00011833674473049616,1.6431248303833135e-05,0.00017888586716197086,-0.0003547371453480608,0.0,-8.16042336104772e-06,1.4305653770252391e-05
120,0.0054753428037072034,0.0008918355488761611,0.005402222342361172,2.9481301541786595,1.9420707963217891,1.6431444555590893,2.4408181441632064,-0.9061918950992938,0.17442635678235296,-0.9271600494495605,-1.1568300784400827,-3.14,-1.6576765844504235,1.7222370341886841,5.898806028969972e-06,-0.00011471557126641052,1.592509786965679e-05,0.00017337111247361925,-0.00034379508158410843,0.0,-7.907964957087898e-06,1.3865614357788658e-05
121,0.005306759707116639,0.0008643724145811856,0.005235891252689,2.9481347067134145,1.942044844325681,1.6431522013420699,2.440823868789087,-0.9063030998609445,0.17444179136063293,-0.9269920225214152,-1.157163270262264,-3.14,-1.6576842478192257,1.7222504733141146,5.7246258804433126e-06,-0.00011120476165071835,1.543457827996031e-05,0.00016802692814532616,-0.000333191822181389,0.0,-7.663368802202086e-06,1.3439125430503296e-05
122,0.0051433780059481505,0.0008377568559299672,0.0050746920355000035,2.9481391198615357,1.9420196922804576,1.643159704087718,2.440829424158021,-0.9064109008410626,0.17445675056509719,-0.926829174516769,-1.1574861870609172,-3.14,-1.6576916742061247,1.7222634990829662,5.555368934206939e-06,-0.00010780098011808903,1.4959204464259912e-05,0.00016284800464616556,-0.00032291679865315004,0.0,-7.4263868989898896e-06,1.3025768851537833e-05
123,0.004985036565282698,0.0008119626013173859,0.004918465712058303,2.9481433978758838,1.9419953154509857,1.6431669715705441,2.4408348150680044,-0.9065154018310265,0.17447124907164357,-0.9266713453170078,-1.1577991468377913,-3.14,-1.6576988709853875,1.7222761242224027,5.390909983304937e-06,-0.00010450098996395152,1.4498506546389844e-05,0.0001578291997612613,-0.0003129597768740666,0.0,-7.1967792627525284e-06,1.2625139436561739e-05
124,0.00483157928144929,0.0007869642003057163,0.0047670582675826,2.9481475448804813,1.9419716898715869,1.6431740113074675,2.440840046194084,-0.9066167034817434,0.17448530110100388,-0.9265183797838132,-1.1581024576840104,-3.14,-1.6577058452990383,1.722288361066951,5.231126079419113e-06,-0.00010130165071686736,1.4052029360306362e-05,0.00015296553319454897,-0.0003033108462191514,0.0,-6.974313650820463e-06,1.223684454831897e-05
125,0.004682854922559374,0.0007627369975435308,0.004620320493384814,2.9481515648743564,1.9419487923218242,1.6431808305668754,2.4408451220906424,-0.906714903397128,0.1744989204329854,-0.9263701276024556,-1.158396418093086,-3.14,-1.6577126040643402,1.722300221570657,5.0758965586261695e-06,-9.819991538462247e-05,1.3619331981518101e-05,0.00014825218135761098,-0.0002939604090754777,0.0,-6.7587653018730265e-06,1.1860503706051517e-05
126,0.0045387169742356565,0.0007392571075415007,0.004478107835449769,2.9481554617352757,1.941926600303071,1.6431874363773322,2.4408500471937074,-0.9068100962248984,0.17451212042025957,-0.9262264431301271,-1.1586813172637929,-3.14,-1.6577191539810257,1.722311717318865,4.925103064934433e-06,-9.519282777037397e-05,1.31999872741706e-05,0.0001436844723284869,-0.0002848991707069537,0.0,-6.5499166854721125e-06,1.1495748207801526e-05
127,0.0043990234903598675,0.0007165013902694828,0.0043402802465930855,2.9481592392233704,1.9419050920158303,1.643193835535956,2.440854825823272,-0.9069023737447601,0.1745249140017125,-0.9260871852491442,-1.1589574353932561,-3.14,-1.6577255015382855,1.722322859539627,4.7786295644947074e-06,-9.227751986173871e-05,1.279358145292453e-05,0.00013925788098290148,-0.0002761181294632653,0.0,-6.347557259811509e-06,1.1142220762039301e-05
128,0.004263636948667928,0.0006944474275473275,0.0042067020441651955,2.9481629009846615,1.9418842463377786,1.6432000346164755,2.4408594621856246,-0.9069918249540466,0.17453731371537148,-0.9259522172248585,-1.1592250439605751,-3.14,-1.6577316530215234,1.7223336591147598,4.636362352705703e-06,-8.945120928649519e-05,1.2399713658989286e-05,0.00013496802428569765,-0.00026760856731899985,0.0,-6.151483237903932e-06,1.0799575132836026e-05
129,0.004132424111027026,0.000673073500207953,0.0040772417720395075,2.948166450554475,1.941864042802518,1.6432060399769812,2.4408639603756854,-0.907078536150883,0.17454933171092166,-0.9258214065681193,-1.1594844060013059,-3.14,-1.6577376145188862,1.7223441265905561,4.498190060875373e-06,-8.67111968363421e-05,1.2017995550173133e-05,0.0001308106567392553,-0.0002593620407307373,0.0,-5.9614973628718815e-06,1.0467475796360759e-05
130,0.004005255888238466,0.0006523585660005002,0.003951772067891185,2.9481698913607555,1.9418444615790036,1.643211857767384,2.4408683243793377,-0.9071625910149411,0.1745609797618257,-0.9256946249021357,-1.1597357763731075,-3.14,-1.657743391927577,1.7223542721881628,4.364003652224113e-06,-8.405486405815843e-05,1.164805090403398e-05,0.00012678166598356633,-0.00025137037180167354,0.0,-5.777408690788022e-06,1.0145597606703305e-05
131,0.003882007209207418,0.0006322822382050103,0.0038301695332782198,2.948173226727302,1.9418254834516282,1.6432174939365973,2.4408725580757578,-0.90724407068585,0.17457226927706054,-0.9255717478335935,-1.1599794020128493,-3.14,-1.6577489909599592,1.7223641058136363,4.2336964201084015e-06,-8.147967090887942e-05,1.1289515234852443e-05,0.00012287706854219316,-0.00024362563974178464,0.0,-5.599032382175295e-06,9.833625473465446e-06
132,0.003762556894340749,0.0006128247649499618,0.003712314609228121,2.9481764598768794,1.941807089800945,1.643222954239441,2.4408766652397333,-0.9073230538393228,0.17458321131248175,-0.9254526548278863,-1.1602155221854626,-3.14,-1.657754417149457,1.7223736370676852,4.107163975586303e-06,-7.898315347276696e-05,1.094203542120753e-05,0.00011909300570722703,-0.00023612017261331886,0.0,-5.426189497725886e-06,9.531254048900095e-06
133,0.0036467875330207975,0.000593967009187816,0.0035980914553539896,2.9481795939342703,1.9417892625850028,1.643228244243301,2.440880649543972,-0.9073996167610665,0.17459381658182993,-0.9253372290883226,-1.1604443687248147,-3.14,-1.6577596758562634,1.722382875255111,3.984304238535685e-06,-7.656292174373913e-05,1.0605269348179513e-05,0.0001154257395636904,-0.00022884653935206778,0.0,-5.258706806454683e-06,9.238187425708588e-06
134,0.0035345853650273667,0.0005756904293251925,0.003487387832585333,2.94818263192921,1.9417719843212766,1.6432333693345316,2.440884514561388,-0.9074738334185316,0.17460409546738842,-0.9252253574391828,-1.1606661662668678,-3.14,-1.657764772272858,1.722391829393953,3.865017416337935e-06,-7.42166574650982e-05,1.0278885558490103e-05,0.0001118716491398386,-0.00022179754205309266,0.0,-5.096416594518871e-06,8.954138842165449e-06
135,0.0034258401657704146,0.0005579770604711232,0.003380094990317849,2.948185576799254,1.9417552380691707,1.643238334724627,2.4408882637673797,-0.907545775530562,0.17461405803030547,-0.9251169302124943,-1.1608811324753805,-3.14,-1.6577697114293442,1.7224005082243525,3.7492059914434606e-06,-7.194211203043199e-05,9.962562917048556e-06,0.00010842722668846783,-0.00021496620851269022,0.0,-4.939156486249985e-06,8.678830399455606e-06
136,0.0033204451352052988,0.0005408094962942247,0.003276107556413533,2.9481884313925537,1.9417390074130816,1.643243145456165,2.4408919005420744,-0.907615512635004,0.17462371402059051,-0.9250118411384063,-1.161089478260399,-3.14,-1.6577744981986111,1.7224089202171382,3.6367746947263413e-06,-6.973710444191372e-05,9.655990285045712e-06,0.00010508907408801615,-0.00020834578501860435,0.0,-4.78676926696231e-06,8.41199278567295e-06
137,0.0032182967903140905,0.0005241708714604412,0.0031753234317227924,2.948191198470548,1.941723276445996,1.6432478064085314,2.4408954281725594,-0.9076831121543286,0.17463307288679583,-0.9249099872390449,-1.1612914079897758,-3.14,-1.6577791373013266,1.7224170735821471,3.5276304850562212e-06,-6.759951932466812e-05,9.358866205316785e-06,0.00010185389936134825,-0.00020192972937671527,0.0,-4.639102715531251e-06,8.15336500892272e-06
138,0.003119294861025325,0.0005080448446330644,0.0030776436864659133,2.948193880710581,1.9417080297536071,1.6432523223034379,2.440898849855081,-0.9077486394593262,0.17464214378539286,-0.9248112687257355,-1.161487119693945,-3.14,-1.6577836333107663,1.7224249762762869,3.4216825217647795e-06,-6.55273049975369e-05,9.07089859703003e-06,9.871851330944814e-05,-0.00019571170416909922,0.0,-4.496009439636239e-06,7.902694139749755e-06
139,0.0030233421894672475,0.0004924155820238893,0.002982972461888349,2.948196480708438,1.9416932523989414,1.643256697710239,2.4409021686972197,-0.9078121579309218,0.1746509355898543,-0.9247155888994806,-1.1616768052641777,-3.14,-1.6577879906574853,1.7224326360113473,3.3188421384444666e-06,-6.351847159569157e-05,8.791804461449892e-06,9.5679826254913e-05,-0.00018968557023280042,0.0,-4.357346718997235e-06,7.659735060450146e-06
140,0.0029303446324370364,0.000477267741462867,0.0028912168731046947,2.9481990009808126,1.9416789299074635,1.6432609370510578,2.4409053877200324,-0.9078737290201702,0.1746594568994501,-0.9246228540545912,-1.1618606506445326,-3.14,-1.6577922136338377,1.7224400602615701,3.2190228127504383e-06,-6.157108924831345e-05,8.521309595777016e-06,9.27348448893639e-05,-0.00018384538035487452,0.0,-4.222976352385999e-06,7.424250222820561e-06
141,0.002840210966982397,0.0004625864569853478,0.0028022869170495446,2.948201443967687,1.9416650482526578,1.6432650446057233,2.4409085098601686,-0.9079334123064757,0.17466771604776693,-0.9245329733853642,-1.1620388360177036,-3.14,-1.6577963063983494,1.7224472562709827,3.122140136202489e-06,-5.968328630556741e-05,8.259148316841491e-06,8.988066922699378e-05,-0.000178185373171047,0.0,-4.092764511742786e-06,7.196009412568927e-06
142,0.0027528527989959576,0.00044835732390576606,0.0027160953809531718,2.9482038120346616,1.9416515938420646,1.643269024516537,2.4409115379719517,-0.9079912655540919,0.17467572111096097,-0.9244458588957107,-1.1622115359849716,-3.14,-1.657800272979948,1.7224542310605069,3.028111783098808e-06,-5.785324761620192e-05,8.005063194038708e-06,8.711448965348367e-05,-0.0001726999672679863,0.0,-3.9665815985134856e-06,6.974789524161196e-06
143,0.0026681844747154693,0.0004345663843708531,0.002632557755949828,2.9482061074752006,1.941638553503756,1.6432728807928612,2.440914474829429,-0.9080473447669467,0.17468347991575095,-0.9243614253116373,-1.1623789197404466,-3.14,-1.6578041172820557,1.722460991434844,2.936857477209287e-06,-5.607921285477602e-05,7.758804789981255e-06,8.443358407339563e-05,-0.0001673837554749813,0.0,-3.844302107758324e-06,6.76037433722243e-06
144,0.0025861229950438114,0.00042120011337301393,0.0025515921524192848,2.948208332512811,1.9416259144732397,1.6432766173155535,2.4409173231283847,-0.9081017042418411,0.17469100004716082,-0.9242795899964893,-1.1625411512397896,-3.14,-1.657807843086551,1.72246754398915,2.848298955804296e-06,-5.43594748944054e-05,7.520131409866071e-06,8.183531514804887e-05,-0.00016223149934302405,0.0,-3.7258044953691893e-06,6.5525543058164715e-06
145,0.002506587932588543,0.00040824540520833206,0.002473119218029806,2.9482104893031638,1.941613664380776,1.6432802378412341,2.440920085488325,-0.9081543966200691,0.17469828885601982,-0.9242002728688664,-1.1626983893635943,-3.14,-1.6578114540576003,1.7224738951155,2.762359940344794e-06,-5.2692378228025305e-05,7.288808859001739e-06,7.93171276228799e-05,-0.0001572381238046372,0.0,-3.610971049283762e-06,6.3511263501681015e-06
146,0.0024295013513360108,0.0003956895603661027,0.0023970620583606216,2.9482125799361527,1.9416017912390942,1.6432837460064103,2.440922764454421,-0.9082054729375025,0.17470535346622784,-0.9241233963231235,-1.1628507880755998,-3.14,-1.657814953745367,1.7224800510091571,2.678966096070212e-06,-5.1076317433396135e-05,7.064610208024069e-06,7.687654574295433e-05,-0.00015239871200556365,0.0,-3.499687766694848e-06,6.155893657044942e-06
147,0.0023547877288756587,0.00038352027283305084,0.002323346160282495,2.9482146064378805,1.941590283431493,1.6432871453314506,2.4409253624994207,-0.9082549826731849,0.17471220078179267,-0.9240488851523753,-1.1629984965759057,-3.14,-1.657818345589601,1.722486017674642,2.5980449995799404e-06,-4.950973568240702e-05,6.847315564828538e-06,7.451117074819269e-05,-0.00014770850030587646,0.0,-3.391844233924246e-06,5.9666654848022915e-06
148,0.0022823738810814433,0.0003717256178055189,0.002251899317994562,2.9482165707725962,1.9415791297003222,1.6432904392244214,2.440927882025522,-0.9083029737964775,0.17471883749364792,-0.9239766664739221,-1.1631416594493473,-3.14,-1.6578216329231117,1.7224918009316181,2.519526101085745e-06,-4.799112329256783e-05,6.636711855245725e-06,7.22186784531953e-05,-0.00014316287344162681,0.0,-3.2873335107375112e-06,5.7832569761995245e-06
149,0.0022121888891857336,0.00036029403978427986,0.002182651560249706,2.948218474844574,1.9415683191358175,1.6432936309847894,2.440930325366213,-0.9083494928128,0.17472527008625724,-0.92390666965702,-1.1632804168091913,-3.14,-1.6578248189751312,1.722497406420594,2.443340691105078e-06,-4.651901632246602e-05,6.432592609323384e-06,6.999681690211812e-05,-0.0001387573598439218,0.0,-3.1860520195436948e-06,5.605488975879425e-06
150,0.00214416402915575,0.0003492143410529614,0.0021155350814447246,2.948220320499928,1.941557841165294,1.643296723806996,2.4409326947880725,-0.9083945848080044,0.17473150484401215,-0.9238388262529205,-1.1634149044363005,-3.14,-1.6578279068745676,1.722502839608448,2.36942185960487e-06,-4.509199520441598e-05,6.234757754908227e-06,6.784340409948797e-05,-0.00013448762710921436,0.0,-3.087899436371444e-06,5.433187854064769e-06
151,0.0020782327033018384,0.0003384756705176703,0.002050484174037428,2.9482221095283814,1.9415476855426745,1.6432997207839037,2.4409349924925348,-0.9084382934914232,0.17473754785743026,-0.9237730699271063,-1.1635452539139162,-3.14,-1.6578308996531546,1.722508105793783,2.297704462250749e-06,-4.37086834188527e-05,6.043013418111087e-06,6.575632581418134e-05,-0.00013034947761569882,0.0,-2.9927785869521273e-06,5.26618533491785e-06
152,0.0020143303740461035,0.00032806751290179723,0.0019874351626864707,2.9482238436649766,1.9415378423383485,1.6433026249101272,2.4409372206176196,-0.9084806612376302,0.17474340502915978,-0.9237093363936527,-1.1636715927581962,-3.14,-1.6578338002485007,1.7225132101121146,2.228125084879906e-06,-4.236774620691719e-05,5.857171729517496e-06,6.373353345356936e-05,-0.0001263388442800384,0.0,-2.9005953461336276e-06,5.1043183315613305e-06
153,0.0019523944997803533,0.0003179796782785986,0.0019263263416270538,2.9482255245917397,1.9415283019293463,1.643305439085247,2.4409393812396236,-0.9085217291269504,0.17474908207979672,-0.9236475633516474,-1.1637940445446484,-3.14,-1.6578366115070409,1.7225181575409003,2.160622003977153e-06,-4.106788932023431e-05,5.677050636948566e-06,6.177304200527534e-05,-0.00012245178645220456,0.0,-2.8112585401807166e-06,4.9474287857620425e-06
154,0.0018923644727461483,0.00030820229193919487,0.0018670979128791389,2.9482271539392872,1.9415190549898256,1.6433081661169142,2.4409414763747757,-0.9085615369847565,0.17475458455352064,-0.9235876904236021,-1.16391272903059,-3.14,-1.657839336186893,1.7225229529044115,2.095135152035965e-06,-3.980785780610674e-05,5.502473723911772e-06,5.9872928045323626e-05,-0.00011868448594154479,0.0,-2.724679852184053e-06,4.795363511167494e-06
155,0.0018341815588721598,0.00029872578457671817,0.001809691927011679,2.948228733288394,1.9415100924818525,1.6433108087238475,2.440943507980857,-0.9086001234195862,0.17475991782355468,-0.9235296590957929,-1.1640277622737591,-3.14,-1.6578419769606245,1.7225276008784556,2.031606081143167e-06,-3.8586434829679384e-05,5.333270034046933e-06,5.803132780923814e-05,-0.00011503324316919361,0.0,-2.640773731465984e-06,4.647974044091896e-06
156,0.0017777888395020289,0.0002895408827820267,0.0017540522261275898,2.9482302641715044,1.9415014056464728,1.6433133695387268,2.4409454779587842,-0.9086375258601157,0.17476508709745536,-0.9234734126604689,-1.1641392567472055,-3.14,-1.6578445364179288,1.7225321059949519,1.9699779274517937e-06,-3.7402440529521463e-05,5.169273900679228e-06,5.62464353239811e-05,-0.00011149447344638297,0.0,-2.559457304318613e-06,4.505116496300587e-06
157,0.001723131154961612,0.0002806385998376988,0.0017001243876033814,2.9482317480742055,1.9414929859950618,1.6433158511109882,2.4409473881541577,-0.9086737805910232,0.17477009742223765,-0.9234188961598667,-1.164247321450574,-3.14,-1.6578470170682191,1.7225364726463661,1.9101953734335098e-06,-3.625473090751452e-05,5.010324782284137e-06,5.451650060217528e-05,-0.00010806470336843788,0.0,-2.480650290292985e-06,4.366651414233758e-06
158,0.0016701550498947678,0.0002720102267997867,0.0016478556700032854,2.948233186436651,1.9414848253009438,1.6433182559095294,2.440949240358773,-0.908708922787773,0.17477495368934065,-0.9233660563319764,-1.164352062017902,-3.14,-1.6578494213431376,1.7225407050900083,1.8522046154600957e-06,-3.514219674982666e-05,4.856267103003908e-06,5.2839827890283075e-05,-0.00010474056732800996,0.0,-2.4042749184882695e-06,4.2324436422269684e-06
159,0.0016188087203165419,0.00026364732386598616,0.0015971949616380582,2.9482345806549484,1.9414769155912772,1.6433205863253124,2.4409510363120988,-0.9087429865503543,0.1747796606394383,-0.9233148415580028,-1.164453580822038,-3.14,-1.6578517515989861,1.7225448074521974,1.7959533256117766e-06,-3.40637625813045e-05,4.706950097660423e-06,5.121477397362906e-05,-0.00010151880413600267,0.0,-2.3302558485038816e-06,4.102362189062347e-06
160,0.001569041962332024,0.0002555417120090569,0.0015480927293986186,2.948235932082494,1.9414692491391885,1.6433228446738883,2.4409527777027185,-0.9087760049360036,0.17478422286710077,-0.9232652018114653,-1.1645519770757908,-3.14,-1.6578540101190788,1.7225487837322964,1.7413906197027984e-06,-3.301838564928605e-05,4.562227662457952e-06,4.9639746537488705e-05,-9.839625375285266e-05,0.0,-2.2585200927238702e-06,3.976280098960672e-06
161,0.0015208061224594373,0.0002476854648757075,0.0015005009695355776,2.948237242031278,1.941461818456154,1.643325033197831,2.4409544661697398,-0.908808009990942,0.1747886448253106,-0.9232170886088893,-1.164647346929914,-3.14,-1.657856199116021,1.722552637806625,1.6884670213102027e-06,-3.200505493838879e-05,4.421958209821497e-06,4.81132025760278e-05,-9.536985412306187e-05,0.0,-2.18899694215402e-06,3.854074328568657e-06
162,0.0014740540495138043,0.00024007090094139297,0.0014543731610909016,2.948238511773146,1.9414546162846218,1.6433271540690917,2.440956103304168,-0.908839032781155,0.17479293082983877,-0.9231704549620343,-1.1647397835680238,-3.14,-1.6578583207339153,1.7225563734322489,1.637134428023046e-06,-3.10227902129423e-05,4.286004528175624e-06,4.663364685497662e-05,-9.24366381098718e-05,0.0,-2.121617894257355e-06,3.735625623946248e-06
163,0.0014287400479969577,0.0002326905759062168,0.0014096642190323608,2.948239742541023,1.9414476355908574,1.6433292093912726,2.440957690650247,-0.9088691034222449,0.17479708506348432,-0.9231252553316123,-1.1648293772985518,-3.14,-1.6578603770504976,1.7225599942506542,1.587346079023888e-06,-3.0070641089952055e-05,4.154233645553562e-06,4.519963042204367e-05,-8.95937305280814e-05,0.0,-2.0563165823439533e-06,3.6208184053254655e-06
164,0.001384819832947416,0.00022553727533483985,0.0013663304498298104,2.9482409355300927,1.9414408695580185,1.6433312012018257,2.4409592297067673,-0.9088982511083815,0.17480111158018247,-0.9230814455824493,-1.1649162156438237,-3.14,-1.6578623700792068,1.7225635037913067,1.539056520449833e-06,-2.9147686136599127e-05,4.026516698146798e-06,4.3809749162959655e-05,-8.683834527190015e-05,0.0,-1.9930287091796117e-06,3.5095406525353923e-06
165,0.0013422504862027227,0.0002186040075253299,0.0013243295085793021,2.9482420918989596,1.9414343115794452,1.643333131474176,2.440960721928343,-0.9089265041403783,0.17480501430898565,-0.9230389829400435,-1.1650003834263558,-3.14,-1.6578643017711876,1.7225669054751027,1.4922215756385526e-06,-2.8253031996827715e-05,3.902728803184541e-06,4.24626424058161e-05,-8.416778253206303e-05,0.0,-1.9316919808165522e-06,3.401683795978272e-06
166,0.0013009904140301675,0.00021188399659762317,0.0012836203573798786,2.948243212770757,1.941427955252154,1.6433350021197768,2.4409621687266543,-0.9089538899529216,0.17480879705791977,-0.9229978259484766,-1.1650819628524582,-3.14,-1.6578661740172311,1.7225702026177114,1.4467983113775063e-06,-2.738581254324579e-05,3.7827489341168974e-06,4.1156991566926315e-05,-8.157942610242941e-05,0.0,-1.8722460435327548e-06,3.2971426087158306e-06
167,0.0012609993060830403,0.0002053706758035449,0.001244163224233836,2.9482442992342297,1.9414217943705399,1.6433368149900947,2.44096357147166,-0.9089804351409747,0.17481246351772178,-0.9229579344296349,-1.1651610335932308,-3.14,-1.6578679886496535,1.7225733984328169,1.4027450059295177e-06,-2.6545188053117563e-05,3.6664598020152983e-06,3.989151884165043e-05,-7.90707407725133e-05,0.0,-1.8146324223256016e-06,3.1958151054389816e-06
168,0.0012222380956368563,0.0001990576810429818,0.0012059195643344739,2.9482453523447867,1.9414158229202725,1.6433385718785294,2.440964931492781,-0.9090061654853853,0.17481601726546112,-0.922919269443701,-1.1652376728630311,-3.14,-1.6578697474441162,1.7225764960352572,1.3600211206110657e-06,-2.5730344410557215e-05,3.553747739332147e-06,3.8664985933967166e-05,-7.66392698003937e-05,0.0,-1.7587944627361907e-06,3.0976024403273072e-06
169,0.0011846689210702754,0.00019293884458473196,0.0011688520221355846,2.9482463731255133,1.9414100350723822,1.643340274522268,2.440966250080048,-0.9090311059777159,0.1748194617680483,-0.9228817932508726,-1.165311955495499,-3.14,-1.657871452121388,1.7225794984440685,1.318587267373772e-06,-2.4940492330594033e-05,3.4445025871854273e-06,3.7476192828345134e-05,-7.428263246778144e-05,0.0,-1.7046772717854708e-06,3.0024088113478342e-06
170,0.0011482550885463475,0.00018700818897982597,0.0011329243931723282,2.9482473625681656,1.941404425177529,1.6433419246040817,2.4409675284852295,-0.9090552808443243,0.17482280038563536,-0.922845469274273,-1.1653839540172097,-3.14,-1.6578731043490524,1.7225824085854349,1.2784051812708697e-06,-2.4174866608439594e-05,3.338617587056447e-06,3.632397659958375e-05,-7.199852171080323e-05,0.0,-1.652227664461492e-06,2.9101413663301656e-06
171,0.0011129610358591455,0.00018125992117070113,0.0010981015906703778,2.948248321634117,1.9413989877604527,1.6433435237540595,2.440968767922917,-0.9090787135697135,0.1748260363749102,-0.9228102620640143,-1.165453738719036,-3.14,-1.6578747057431606,1.7225852292955457,1.2394376875946023e-06,-2.3432725389183062e-05,3.2359892748468067e-06,3.520721025873641e-05,-6.978470182628094e-05,0.0,-1.601394108208254e-06,2.82071011081797e-06
172,0.001078752297406556,0.00017568842678006608,0.0010643496095877245,2.9482492512552954,1.941393717514593,1.6433450735512862,2.4409699695715954,-0.9091014269191738,0.17482917289228964,-0.9227761372623768,-1.165521377725287,-3.14,-1.657876257869833,1.7225879633233678,1.2016486783394953e-06,-2.271334946035708e-05,3.136517379431769e-06,3.4124801637447355e-05,-6.763900625106345e-05,0.0,-1.5521266722995364e-06,2.734027822137719e-06
173,0.0010455954702564098,0.00017028826457649168,0.0010316354928222313,2.948250152335076,1.9413886092968748,1.6433465755254664,2.4409711345746765,-0.9091234429607401,0.17483221299701276,-0.9227430615700707,-1.1655869370606955,-3.14,-1.65787776224681,1.7225906133333293,1.1650030811161116e-06,-2.2016041566264022e-05,3.040104723128767e-06,3.307569230615037e-05,-6.555933540841608e-05,0.0,-1.5043769769906845e-06,2.6500099614690242e-06
174,0.001013458181269607,0.0001650541611182823,0.0009999273003778724,2.948251025749158,1.9413836581226622,1.6433480311584943,2.4409722640415077,-0.9091447830864805,0.1748351596541389,-0.9227110027135446,-1.1656504807153225,-3.14,-1.6578792203449548,1.722593181907922,1.1294668311734313e-06,-2.1340125740398896e-05,2.946657126134955e-06,3.2058856526129276e-05,-6.35436546270185e-05,0.0,-1.4580981448908403e-06,2.568574592798356e-06
175,0.0009823090552457134,0.00015998100556004397,0.0009691940747532838,2.9482518723464066,1.941378859160862,1.643349441885969,2.440973359048354,-0.9091654680331411,0.17483801573745256,-0.9226799294133101,-1.1657120707074429,-3.14,-1.6578806335897083,1.7225956715502233,1.0950068465298557e-06,-2.068494666063181e-05,2.856083313657054e-06,3.107330023444099e-05,-6.158999212035887e-05,0.0,-1.4132447534453974e-06,2.4896423012066293e-06
176,0.0009521176840628276,0.00015506384462248644,0.0009394058149569936,2.9482526929496755,1.9413742077291845,1.6433508090986673,2.440974420639356,-0.9091855179021632,0.17484078403227854,-0.9226498113532484,-1.1657717671444765,-3.14,-1.6578820033624988,1.7225980846863405,1.0615910017719443e-06,-2.0049869022042976e-05,2.7682948259832862e-06,3.0118060061701257e-05,-5.969643703362948e-05,0.0,-1.3697727905270796e-06,2.4131361171519927e-06
177,0.0009228545967750221,0.00015029787771706206,0.0009105334437392381,2.9482534883566016,1.9413696992895466,1.643352134143962,2.440975449827456,-0.9092049521790926,0.17484346723820976,-0.922620619150869,-1.1658296282820257,-3.14,-1.6578833310021075,1.7226004236677794,1.0291881000767944e-06,-1.943427692940869e-05,2.6832059312198453e-06,2.9192202379402232e-05,-5.786113754924216e-05,0.0,-1.3276396086947528e-06,2.338981438976262e-06
178,0.0008944912306415331,0.00014567845222565327,0.0008825487793217442,2.9482542593403744,1.941365329443622,1.6433534183271963,2.440976447595306,-0.9092237897523997,0.1748460679717509,-0.922592324328492,-1.16588571058108,-3.14,-1.657884617805991,1.7226026907737408,9.97767850119402e-07,-1.8837573307117772e-05,2.600733541135991e-06,2.8294822376984108e-05,-5.608229905429418e-05,0.0,-1.2868038834490392e-06,2.267105961406557e-06
179,0.0008669999030568368,0.0001412010589247101,0.0008554245090017355,2.9482550066504847,1.9413610939285264,1.6433546629130138,2.4409774148961474,-0.9092420489317269,0.17484858876888,-0.9225648992853226,-1.1659400687634434,-3.14,-1.6578858650315629,1.7226048882133445,9.673008412036666e-07,-1.8259179327184683e-05,2.5207971290908127e-06,2.7425043169437835e-05,-5.435818236332324e-05,0.0,-1.2472255719320202e-06,2.1974396036128496e-06
180,0.0008403537843530063,0.00013686132755237414,0.0008291341613850908,2.9482557310134503,1.9413569886126383,1.643355869126645,2.4409783526546667,-0.9092597474655819,0.1748510320875309,-0.9225383172703917,-1.165992755865441,-3.14,-1.6578870738974347,1.7226070181277866,9.377585192815729e-07,-1.7698533855026177e-05,2.443318650902082e-06,2.6582014930887077e-05,-5.268710199768378e-05,0.0,-1.2088658718489853e-06,2.1299144421504934e-06
181,0.0008145268714463661,0.00013265502251178592,0.0008036520807764548,2.948256433133517,1.941353009491546,1.6433570381551534,2.4409792617678288,-0.9092769025584926,0.17485340030999894,-0.9225125523563352,-1.166043823289961,-3.14,-1.6578882455846187,1.722609082592429,9.091131620841963e-07,-1.7155092910670078e-05,2.368222468046577e-06,2.5764914056480848e-05,-5.106742451999047e-05,0.0,-1.1716871839428933e-06,2.0644646423484403e-06
182,0.0007894939623042804,0.00012857803871416473,0.0007789534021184503,2.9482571136933378,1.9413491526841273,1.643358171148637,2.4409801431056874,-0.9092935308876401,0.1748556957452723,-0.9224875794139857,-1.1660933208568791,-3.14,-1.657889381237692,1.7226110836188253,8.813378586935983e-07,-1.662832914750556e-05,2.295435273358404e-06,2.4972942349488214e-05,-4.9497566918077496e-05,0.0,-1.1356530733586112e-06,2.001026396358796e-06
183,0.0007652306312028567,0.00012462639754152766,0.0007550140249073575,2.948257773354641,1.9413454144287416,1.6433592692213963,2.440980997512172,-0.9093096486189858,0.17485792063129113,-0.9224633740877509,-1.1661412968519222,-3.14,-1.6578904819659261,1.722613023156684,8.544064846738308e-07,-1.611773134568839e-05,2.224886018836747e-06,2.4205326234816305e-05,-4.7975995043136876e-05,0.0,-1.1007282341157776e-06,1.9395378587638845e-06
184,0.0007417132047556602,0.00012079624294318967,0.000731810592818005,2.948258412758861,1.9413417910795467,1.6433603334530613,2.440981825805854,-0.9093252714229074,0.17486007713713694,-0.9224399127717542,-1.1661877980740147,-3.14,-1.6578915488443795,1.7226149030957714,8.282936820869224e-07,-1.562280392164439e-05,2.1565058458128394e-06,2.346131599673118e-05,-4.650122209248764e-05,0.0,-1.066878453359621e-06,1.8799390872903388e-06
185,0.0007189187386830726,0.0001170838376478107,0.0007093204677084036,2.9482590325277647,1.9413382791029261,1.6433613648896839,2.4409826287806924,-0.9093404144893588,0.17486216736515442,-0.9224171725867142,-1.1662328698811584,-3.14,-1.657892582914957,1.722616725267755,8.029748381765955e-07,-1.514306645133967e-05,2.090228017476159e-06,2.2740185040004413e-05,-4.5071807143637344e-05,0.0,-1.0340705773881353e-06,1.8221719835231909e-06
186,0.0006968249953038497,0.0001134855594976218,0.0006875217087531515,2.948259633264054,1.9413348750740298,1.6433623645447928,2.4409834072067547,-0.9093550925425679,0.17486419335300749,-0.9223951313575405,-1.1662765562348907,-3.14,-1.6578935851874352,1.722618491447991,7.784260622756278e-07,-1.4678053209093989e-05,2.025987853065958e-06,2.204122917370821e-05,-4.368635373230845e-05,0.0,-1.0022724783453896e-06,1.7661802360624534e-06
187,0.0006754104217254251,0.00010999789789151407,0.0006663930512798377,2.9482602155519464,1.941331575673418,1.6433633334004174,2.440984161830923,-0.9093693198552877,0.17486615707567194,-0.9223737675916212,-1.1663188997433653,-3.14,-1.6578945566404584,1.7226202033572575,7.54624168486373e-07,-1.42273127198278e-05,1.963722664449774e-06,2.136376591932443e-05,-4.2343508474651514e-05,0.0,-9.714530231352825e-07,1.7119092665662805e-06
188,0.0006546541287085405,0.00010661745034337599,0.000645913884129881,2.9482607799577427,1.9413283776838133,1.643364272408077,2.4409848933775775,-0.9093831102626118,0.1748680604473666,-0.9223530604577833,-1.1663599417030985,-3.14,-1.6578954982224996,1.7226218626634324,7.315466543644789e-07,-1.3790407324076881e-05,1.9033716946725843e-06,2.07071338378384e-05,-4.104195973320124e-05,0.0,-9.415820412250753e-07,1.6593061749059501e-06
189,0.0006345358701890014,0.00010334091914447228,0.0006260642328754262,2.9482613270303744,1.9413252779869508,1.643365182489738,2.4409856025492593,-0.9093964771753693,0.17486990532342483,-0.9223329897659039,-1.1663997221394231,-3.14,-1.6578964108527952,1.7226234709831207,7.091716818230509e-07,-1.3366912757550864e-05,1.8448760582268076e-06,2.0070691879370273e-05,-3.978043632457684e-05,0.0,-9.126302955575483e-07,1.6083196883176498e-06
190,0.0006150360234333752,0.00010016510812896463,0.0006068247353728606,2.948261857301936,1.9413222735605253,1.643366064538742,2.440986290027318,-0.9094094335931121,0.174871693502108,-0.9223135359471512,-1.1664382798456896,-3.14,-1.6578972954222482,1.7226250298832322,6.874780584809059e-07,-1.2956417742793214e-05,1.7881786831541735e-06,1.9453818752790397e-05,-3.855770626648436e-05,0.0,-8.845694530190684e-07,1.5589001114424406e-06
191,0.0005961355698072573,9.708691953981673e-05,0.0005881766283359056,2.9482623712882026,1.9413193614752338,1.6433669194207046,2.440986956472537,-0.9094219921167046,0.17487342672636333,-0.9222946800348364,-1.166475652421255,-3.14,-1.6578981527943053,1.7226265408825088,6.66445219010825e-07,-1.2558523592498538e-05,1.7332242553402821e-06,1.885591231476358e-05,-3.737257556535312e-05,0.0,-8.573720571281029e-07,1.5109992765882652e-06
192,0.0005778160761441164,9.41033509944637e-05,0.0005701017233296959,2.948262869489126,1.9413165388919091,1.6433677479743796,2.440987602525745,-0.9094341649605302,0.17487510668552725,-0.9222764036458589,-1.1665118763082944,-3.14,-1.6578989838058045,1.7226280054530074,6.460532082641635e-07,-1.2172843825597468e-05,1.6799591639193867e-06,1.82763889774451e-05,-3.62238870394993e-05,0.0,-8.310114991694206e-07,1.4645704986548935e-06
193,0.0005600596766851894,9.121149253979102e-05,0.0005525823953603992,2.948263352389323,1.9413138030587425,1.6433685510125073,2.440988228808408,-0.9094459639643259,0.1748767350169762,-0.9222586889627229,-1.1665469868274765,-3.14,-1.657899789267798,1.7226294250215348,6.262826630631935e-07,-1.1799003795665008e-05,1.6283314489551337e-06,1.7714683136049736e-05,-3.511051918203556e-05,0.0,-8.054619935471408e-07,1.4195685273943326e-06
194,0.0005428490555836435,8.840852380589517e-05,0.0005356015578098076,2.9482638204585387,1.9413111513085934,1.643369329322622,2.4409888359232026,-0.9094574006046541,0.17487831330772657,-0.9222415187161114,-1.1665810182125327,-3.14,-1.657900569966349,1.7226308009710396,6.071147944375355e-07,-1.1436640328210679e-05,1.5782907503703036e-06,1.717024661151978e-05,-3.403138505619907e-05,0.0,-7.806985509173359e-07,1.3759495047782622e-06
195,0.000526167429945872,8.56917112360314e-05,0.0005191426519757462,2.9482642741521135,1.9413085810563773,1.6433700836678446,2.4409894244545765,-0.9094684860060264,0.17487984309598525,-0.9222248761679972,-1.1666140036437593,-3.14,-1.6579013266633036,1.722632134641961,5.885313738573927e-07,-1.1085401372290526e-05,1.5297882586806644e-06,1.6642548114176314e-05,-3.2985431226650874e-05,0.0,-7.566969546513036e-07,1.3336709214772924e-06
196,0.0005099985334015148,8.30584054160427e-05,0.0005031896305050102,2.948264713911412,1.9413060897965413,1.6433708147876451,2.4409899949692906,-0.9094792309516858,0.1748813258726522,-0.9222087450952772,-1.1666459752804832,-3.14,-1.657902060097039,1.7226334273335362,5.705147141377154e-07,-1.0744945659446614e-05,1.4827766669500697e-06,1.6131072720027007e-05,-3.197163672385983e-05,0.0,-7.334337355224818e-07,1.292691575116578e-06
197,0.0004943266001781359,8.05060384739503e-05,0.0004877269360446835,2.9482651401642603,1.94130367510061,1.6433715233985806,2.4409905480169463,-0.9094896458940609,0.17488276308277692,-0.9221931097739106,-1.1666769642925234,-3.14,-1.6579027709831886,1.7226346803050672,5.530476556714348e-07,-1.0414942375081004e-05,1.437210124716204e-06,1.563532136661383e-05,-3.098901204023896e-05,0.0,-7.10886149501988e-07,1.2529715309739231e-06
198,0.0004791363496716067,7.803212157230963e-05,0.0004727394928755717,2.948265553325354,1.9413013346148176,1.6433722101950123,2.440991084130497,-0.9094997409648998,0.17488415612696978,-0.9221779549635476,-1.1667070008906821,-3.14,-1.6579034600153433,1.722635894777149,5.361135508863413e-07,-1.0095070838933573e-05,1.3930441928600157e-06,1.5154810362960625e-05,-3.00365981587003e-05,0.0,-6.890321546659806e-07,1.2144720817897081e-06
199,0.0004644129714916311,7.563424246573403e-05,0.00045821268784480596,2.948265953796667,1.9412990660578002,1.6433728758497979,2.4409916038267467,-0.909509525985096,0.17488550636277003,-0.9221632658926329,-1.1667361143562909,-3.14,-1.6579041278657332,1.7226370719328596,5.196962495901403e-07,-9.785020196217964e-06,1.3502358002515091e-06,1.4689070914730706e-05,-2.9113465608743283e-05,0.0,-6.678503898793764e-07,1.1771557106854402e-06
200,0.00045014211096961344,7.331006314273159e-05,0.00044413235997931363,2.9482663419678374,1.9412968672183697,1.643373521014962,2.4409921076068297,-0.9095190104742124,0.17488681510597134,-0.9221490282439686,-1.1667643330698467,-3.14,-1.6579047751858864,1.7226382129189144,5.037800829832406e-07,-9.48448911630706e-06,1.3087432013114686e-06,1.423764866426147e-05,-2.8218713555849817e-05,0.0,-6.473201532575246e-07,1.1409860547484385e-06
201,0.0004363098551158456,7.105731753763117e-05,0.0004304847800170252,2.948266718216545,1.9412947359533517,1.643374146322347,2.4409925959566814,-0.9095282036597149,0.17488808363190664,-0.9221352281407231,-1.1667916845387618,-3.14,-1.6579054026072686,1.722639318846783,4.88349851668346e-07,-9.193185502520684e-06,1.2685259352940292e-06,1.3800103245475981e-05,-2.7351468915082222e-05,0.0,-6.274213821821917e-07,1.1059278686165186e-06
202,0.00042290271900977426,6.887380931294296e-05,0.00041725664393010175,2.9482670829088815,1.9412926701854916,1.6433747523842412,2.4409930693474937,-0.9095371144859242,0.1748893131766935,-0.9221218521328715,-1.166818195424257,-3.14,-1.657906010741901,1.7226403907937742,4.733908123277786e-07,-8.910826209351796e-06,1.2295447868737597e-06,1.3376007851673144e-05,-2.6510885495101277e-05,0.0,-6.08134632429369e-07,1.071946991171302e-06
203,0.0004099076326109674,6.675740971038874e-05,0.00040443505596460125,2.9482674363997012,1.9412906679014241,1.643375339793989,2.440993528236155,-0.9095457516226935,0.17489050493844085,-0.9221088871840544,-1.166843891567424,-3.14,-1.6579066001829619,1.7226414298040853,4.588886612921783e-07,-8.637136769240605e-06,1.1917617473433673e-06,1.2964948817084654e-05,-2.5696143167053265e-05,0.0,-5.894410608497935e-07,1.0390103111213023e-06
204,0.00039731192797719315,6.470605546775803e-05,0.0003920075165122972,2.948267779032971,1.9412887271497061,1.6433759091265803,2.440993973065681,-0.9095541234738208,0.17489166007841855,-0.9220963206588424,-1.1668687980144845,-3.14,-1.6579071715053668,1.7226424368898212,4.448295261028079e-07,-8.371851127342289e-06,1.1551399776987825e-06,1.2566525211976654e-05,-2.4906447060546455e-05,0.0,-5.713224049408439e-07,1.0070857359156804e-06
205,0.000385103326878407,6.271774680338453e-05,0.0003799619132431966,2.948268111142098,1.9412868460389117,1.6433764609392225,2.4409944042656293,-0.9095622381852041,0.17489277972219108,-0.9220841403103934,-1.1668929390412681,-3.14,-1.6579077252663326,1.72264341303198,4.3119994819207363e-07,-8.11471138328912e-06,1.1196437725291553e-06,1.218034844896465e-05,-2.414102678360841e-05,0.0,-5.53760965749106e-07,9.761421588816432e-07
206,0.0003732699287914635,6.079054545846562e-05,0.00036828650309592495,2.948268433050257,1.941285022735783,1.6433769957718933,2.440994822252505,-0.9095701036527476,0.17489386496071618,-0.9220723342684906,-1.1669163381769352,-3.14,-1.657908262005923,1.7226443591814107,4.17986875778098e-07,-7.865467543499705e-06,1.0852385251003405e-06,1.1806041902873154e-05,-2.3399135667068194e-05,0.0,-5.367395903288497e-07,9.461494305806895e-07
207,0.0003618001992679608,5.892257280096096e-05,0.0003569699049034375,2.9482687450707057,1.9412832554634392,1.6433775141478777,2.440995227430152,-0.9095777275300255,0.1748949168514095,-0.9220608910279491,-1.1669390182269677,-3.14,-1.6579087822475775,1.7226452762597382,4.051776469893298e-07,-7.623877277929125e-06,1.0518906933265626e-06,1.1443240541475497e-05,-2.2680050032475307e-05,0.0,-5.202416546445932e-07,9.170783275003203e-07
208,0.00035068295865866493,5.711200799217879e-05,0.00034600109109355763,2.9482690475070825,1.9412815424996432,1.6433780165742855,2.4409956201901344,-0.9095851172357112,0.17489593641917683,-0.9220497994373806,-1.1669610012954506,-3.14,-1.6579092864986247,1.7226461651602636,3.927599823150274e-07,-7.389705685700854e-06,1.0195677673241477e-06,1.1091590568446108e-05,-2.1983068482889223e-05,0.0,-5.042510471398032e-07,8.889005254086868e-07
209,0.00033990737118845017,5.535708620320201e-05,0.00033536936693541957,2.948269340653711,1.9412798821751183,1.6433785035425563,2.4409960009121057,-0.9095922799607802,0.1748969246574142,-0.9220390486883042,-1.166982308806666,-3.14,-1.6579097752507785,1.7226470267488343,3.8072197128258267e-07,-7.162725068954323e-06,9.882382373538334e-07,1.0750749076415822e-05,-2.1307511215429287e-05,0.0,-4.88752153859906e-07,8.615885707108362e-07
210,0.00032946293436549403,5.365609689216217e-05,0.0003250643734251407,2.9482696247958744,1.9412782728719176,1.6433789755289445,2.440996369964167,-0.9095992226754915,0.17489788252897687,-0.9220286283045926,-1.167002961526021,-3.14,-1.6579102489806194,1.7226478618646874,3.6905206135529056e-07,-6.9427147113554355e-06,9.578715626790135e-07,1.04203837115735e-05,-2.0652719354918858e-05,0.0,-4.7372984091076376e-07,8.351158531372249e-07
211,0.00031933946872148055,5.200738213145172e-05,0.0003150760656493826,2.948269900210103,1.9412767130218458,1.6433794329949922,2.440996727703217,-0.9096059521361559,0.17489881096711965,-0.9220185281322447,-1.1670229795803289,-3.14,-1.657910708150062,1.722648671321269,3.577390499387434e-07,-6.729460664378628e-06,9.284381427832056e-07,1.0100172347926595e-05,-2.0018054307957556e-05,0.0,-4.5916944246826574e-07,8.094565815408572e-07
212,0.0003095271078640553,5.0409334987964286e-05,0.0003053947087793305,2.948270167164437,1.9412752011049275,1.6433798763879863,2.440997074475287,-0.9096124748916969,0.17489971087640674,-0.9220087383294719,-1.1670423824774674,-3.14,-1.6579111532068052,1.7226494559070256,3.4677207016997613e-07,-6.522755541027436e-06,8.999092870887182e-07,9.78980277277497e-06,-1.9402897138531827e-05,0.0,-4.4505674323680466e-07,7.845857565857983e-07
213,0.00030001628883821665,4.8860397952801025e-05,0.0002960108672072414,2.948270425918687,1.9412737356479226,1.643380306141399,2.4409974106158723,-0.9096187972900113,0.1749005831335946,-0.9219992493570919,-1.1670611891254286,-3.14,-1.6579115845847725,1.7226502163861737,3.3614058514430667e-07,-6.322398314329014e-06,8.722571878672092e-07,9.488972380067295e-06,-1.8806647961167045e-05,0.0,-4.3137796734704636e-07,7.60479148098625e-07
214,0.0002907977427864994,4.7359061419165454e-05,0.0002869153973697988,2.9482706767246896,1.9412723152228892,1.643380722675319,2.440997736450246,-0.9096249254841339,0.17490142858848737,-0.9219900519692164,-1.1670794178507817,-3.14,-1.6579120027045353,1.7226509534994443,3.258343737044811e-07,-6.128194122601016e-06,8.454548927616656e-07,9.19738787552582e-06,-1.8228725353175435e-05,0.0,-4.181197628128075e-07,7.371132706435191e-07
215,0.00028186248589356076,4.590386220789583e-05,0.00027809943369698563,2.948270919826548,1.9412709384457891,1.6433811263968663,2.4409980522937715,-0.9096308654382154,0.1749022480647656,-0.9219811372042273,-1.1670970864165677,-3.14,-1.6579124079737244,1.7226516679648045,3.158435255556924e-07,-5.939954081490839e-06,8.194762782243181e-07,8.9147649890986e-06,-1.7668565785999846e-05,0.0,-4.052691890965576e-07,7.144653602075834e-07
216,0.0002732018106136566,4.449338213770763e-05,0.0002695543856136432,2.948271155460874,1.9412696039751365,1.643381517700592,2.4409983584522004,-0.9096366229333148,0.17490304236079,-0.921972496376031,-1.1671142120396412,-3.14,-1.657912800787429,1.722652360478158,3.061584288310826e-07,-5.7574950994565555e-06,7.942960243978447e-07,8.640828196293526e-06,-1.7125623073432905e-05,0.0,-3.928137046749214e-07,6.925133535506944e-07
217,0.00026480727716722075,4.312624664178736e-05,0.0002612719265928809,2.9482713838570116,1.9412683105106912,1.6433818969688725,2.4409986552219625,-0.9096422035730164,0.17490381225038001,-0.9219641210655803,-1.1671308114074783,-3.14,-1.6579131815285835,1.7226530317140223,2.967697620981369e-07,-5.580639701574519e-06,7.698895900243308e-07,8.37531045061457e-06,-1.6599367837155654e-05,0.0,-3.8074115438213596e-07,6.712358642246841e-07
218,0.0002566707052983236,4.180112342279783e-05,0.00025324398441246805,2.9482716052372675,1.9412670567921866,1.6433822645722822,2.4409989428904493,-0.909647612788874,0.1749045584835688,-0.9219560031126605,-1.1671469006944666,-3.14,-1.6579135505683404,1.7226536823261869,2.8766848680916723e-07,-5.409215857565819e-06,7.462331887975182e-07,8.11795291988382e-06,-1.6089286988263396e-05,0.0,-3.6903975697555325e-07,6.506121645877272e-07
219,0.0002487841662888292,4.051672115313862e-05,0.0002454627361520755,2.94827181981712,1.9412658415981014,1.6433826208699627,2.4409992217362864,-0.9096528558456881,0.17490528178733455,-0.9219481346079254,-1.1671624955776925,-3.14,-1.6579139082664356,1.7226543129483503,2.788458370872604e-07,-5.243056814152602e-06,7.23303765742811e-07,7.868504735109028e-06,-1.5594883225888978e-05,0.0,-3.576980951436326e-07,6.306221633778364e-07
220,0.00024113997521614064,3.927178821417775e-05,0.0002379206020360394,2.9482720278054324,1.9412646637444677,1.6433829662099741,2.440999492029599,-0.9096579378466222,0.17490598286630948,-0.9219405078851808,-1.1671776112522425,-3.14,-1.6579142549715375,1.7226549241947369,2.7029331262085066e-07,-5.082000934075737e-06,7.010789749295476e-07,7.626722744569214e-06,-1.5115674550036928e-05,0.0,-3.4670510196121995e-07,6.112463866170259e-07
221,0.0002337306834529319,3.806511147343164e-05,0.0002306102305699553,2.948272229404655,1.9412635220837156,1.6433833009296421,2.44099975403227,-0.9096628637381612,0.17490666240346722,-0.9219331155139048,-1.1671922624460331,-3.14,-1.6579145910215904,1.7226555166606963,2.6200267111420317e-07,-4.9258915389982505e-06,6.795371577383857e-07,7.392371276004894e-06,-1.4651193790626849e-05,0.0,-3.3605005289594203e-07,5.924659594036541e-07
222,0.00022654907139339168,3.689551510063173e-05,0.0002235244982993082,2.9482724248110213,1.941262415503553,1.6433836253558862,2.44100000799819,-0.9096676383149193,0.17490732106078877,-0.9219259502919986,-1.1672064634341839,-3.14,-1.6579149167441427,1.722656090923283,2.5396591984971906e-07,-4.774576758070914e-06,6.586573215450198e-07,7.165221906135777e-06,-1.4200988150747662e-05,0.0,-3.2572255226348545e-07,5.742625868165874e-07
223,0.00021958814140773128,3.5761859419748385e-05,0.00021665650241493552,2.9482726142147424,1.9412613429258818,1.6433839398055443,2.441000254173499,-0.9096722662242994,0.17490795947990811,-0.9219190052387606,-1.1672202280529465,-3.14,-1.657915232456668,1.7226566475418197,2.4617530902659723e-07,-4.6279093801615545e-06,6.384191193475885e-07,6.94505323806105e-06,-1.3764618762568404e-05,0.0,-3.1571252523399096e-07,5.56618536595721e-07
224,0.00021284111101283013,3.466303979625107e-05,0.00020999954912358785,2.9482727978001853,1.941260303305745,1.6433842445856852,2.441000492796821,-0.9096767519710103,0.1749085782827375,-0.9219122735880761,-1.167233569713207,-3.14,-1.6579155384668753,1.7226571870584404,2.3862332199087177e-07,-4.485746710858329e-06,6.188028293940828e-07,6.731650684432822e-06,-1.3341660260568489e-05,0.0,-3.0601020739595697e-07,5.39516620712277e-07
225,0.00020630140625113377,3.359798555910566e-05,0.0002035471547243473,2.948272975746057,1.9412592956303072,1.6433845399939087,2.441000724099493,-0.9096810999214453,0.17490917807207443,-0.9219057487818185,-1.16724650141357,-3.14,-1.6579158350730099,1.7226577099986204,2.3130267212678746e-07,-4.347950435024117e-06,5.997893369191765e-07,6.524806257623972e-06,-1.2931700362983634e-05,0.0,-2.9660613454218776e-07,5.229401800477262e-07
226,0.00019996265527637606,3.256565895566533e-05,0.000197293030079103,2.948273148225579,1.9412583189178678,1.64338482631864,2.441000948305787,-0.9096853143079267,0.174909759432189,-0.9218994244634516,-1.1672590357530415,-3.14,-1.657916122564144,1.7226582168716877,2.2420629397501557e-07,-4.214386481349308e-06,5.813601145765457e-07,6.324318366890402e-06,-1.2534339471459433e-05,0.0,-2.874911340100539e-07,5.06873067296354e-07
227,0.00019381868213560671,3.156505413957266e-05,0.00019123108449614086,2.9482733154066487,1.9412573722169029,1.6433851038394136,2.441001165633122,-0.90968939923282,0.1749103229293937,-0.9218932944718302,-1.1672711849433193,-3.14,-1.6579164012204592,1.722658708171319,2.1732733479495892e-07,-4.084924893343889e-06,5.634972047030562e-07,6.129991621417474e-06,-1.2149190277810362e-05,0.0,-2.7865631535561874e-07,4.912996312000928e-07
228,0.00018786350074245458,3.059519618744594e-05,0.00018535540838950424,2.948273477452013,1.9412564546051365,1.6433853728271484,2.4410013762922746,-0.9096933586725224,0.17491086911259568,-0.9218873528351911,-1.1672829608207071,-3.14,-1.6579166713135216,1.7226591843760213,2.1065915278839498e-07,-3.959439702438949e-06,5.461832019715285e-07,5.9416366391396025e-06,-1.1775877387876221e-05,0.0,-2.7009306236003283e-07,4.762047023376681e-07
229,0.00018209130903664166,2.9655140148431244e-05,0.00017966028082606498,2.948273634519421,1.9412555651886418,1.6433856335444126,2.4410015804875806,-0.9096971964813285,0.17491139851383167,-0.921881593765329,-1.1672943748576603,-3.14,-1.6579169331065453,1.7226596459495978,2.0419530599724567e-07,-3.8378088060841975e-06,5.294012359879918e-07,5.759069862110167e-06,-1.141403695315013e-05,0.0,-2.617930237036603e-07,4.615735764712525e-07
230,0.00017649648332318624,2.874397012308774e-05,0.00017414014815449828,2.9482737867617717,1.9412547031009693,1.6433858862456843,2.4410017784171285,-0.9097009163951777,0.17491191164878656,-0.9218760116519519,-1.1673054381739763,-3.14,-1.6579171868546498,1.7226600933415996,1.9792954786268524e-07,-3.7199138491761374e-06,5.131349548881392e-07,5.58211337708947e-06,-1.1063316315951255e-05,0.0,-2.5374810452838403e-07,4.4739200188992356e-07
231,0.00017107357278648726,2.7860798369384062e-05,0.00016878963839282423,2.9482739343272732,1.941253867502302,1.6433861311775977,2.441001970272952,-0.9097045220352868,0.1749124090172967,-0.9218706010572102,-1.1673161615476408,-3.14,-1.6579174328051103,1.7226605269877644,1.918558236724266e-07,-3.605640109149988e-06,4.973685101550274e-07,5.410594741683816e-06,-1.072337366458953e-05,0.0,-2.459504604424012e-07,4.336461647547196e-07
232,0.00016581729417109627,2.7004764433573863e-05,0.0001636035344791659,2.9482740773595855,1.9412530575786355,1.64338636857919,2.4410021562412147,-0.9097080169116716,0.17491289110383665,-0.9218653567103938,-1.1673265554253407,-3.14,-1.6579176711975976,1.7226609473104402,1.8596826256711552e-07,-3.494876384735335e-06,4.820865399379759e-07,5.244346816368761e-06,-1.039387769985467e-05,0.0,-2.3839248730617157e-07,4.203226757759637e-07
233,0.00016072252663059126,2.617503431739095e-05,0.0001585767853677049,2.9482742159979494,1.941252272540987,1.6433865986821334,2.441002336502385,-0.9097114044265591,0.17491335837799143,-0.9218602735027931,-1.1673366299326515,-3.14,-1.657917902264413,1.722661354718997,1.802611704349033e-07,-3.3875148874873418e-06,4.672741547862014e-07,5.083207600731221e-06,-1.0074507310831038e-05,0.0,-2.3106681545925767e-07,4.074085568905872e-07
234,0.00015578430673024996,2.537079965486651e-05,0.00015370449336037643,2.948274350377334,1.9412515116246198,1.643386821710964,2.4410025112314138,-0.9097146878776974,0.17491381129491448,-0.9218553464827173,-1.167346394883913,-3.14,-1.6579181262307152,1.7226617496102263,1.7472902857917916e-07,-3.283451138313964e-06,4.529169230493846e-07,4.927020075817801e-06,-9.764951261370669e-06,0.0,-2.2396630217080826e-07,3.9489122927172104e-07
235,0.00015099782360625683,2.4591276934576998e-05,0.0001489819140828275,2.948274480628563,1.9412507740883063,1.6433870378832987,2.441002680597899,-0.9097178704615614,0.1749142502957713,-0.921850570850667,-1.1673558597918001,-3.14,-1.6579183433147398,1.722662132368727,1.6936648528087517e-07,-3.1825838640031634e-06,4.3900085680559364e-07,4.775632050257883e-06,-9.464907887224427e-06,0.0,-2.17084024534131e-07,3.8275850067215345e-07
236,0.0001463584142748658,2.3835706726282294e-05,0.00014440444315876497,2.948274606878441,1.9412500592135975,1.643387247410055,2.4410028447662513,-0.9097209552764625,0.1749146758081694,-0.9218459419546543,-1.1673650338765993,-3.14,-1.657918553728012,1.7226625033672802,1.6416835224575266e-07,-3.0848149010775927e-06,4.2551239812227415e-07,4.628896012714989e-06,-9.17408479916837e-06,0.0,-2.1041327213922045e-07,3.7099855321187647e-07
237,0.00014186155908268725,2.3103352946090342e-05,0.0001399676233008045,2.9482747292498805,1.9412493663041281,1.6433874504956527,2.4410030038958506,-0.9097239453255613,0.17491508824657512,-0.9218414552856676,-1.1673739260751992,-3.14,-1.6579187576755536,1.7226628629672125,1.5912959927533166e-07,-2.9900490988721273e-06,4.1243840570581725e-07,4.486668986669606e-06,-8.892198599896872e-06,0.0,-2.0394754174368757e-07,3.5959993227585585e-07
238,0.0001375028773000735,2.2393502134798335e-05,0.00013566713262037336,2.9482748478620167,1.9412486946849332,1.643387647338216,2.441003158141199,-0.9097268435197892,0.17491548801271742,-0.921837106473276,-1.1673825450498054,-3.14,-1.6579189553560831,1.722663211518748,1.5424534849373117e-07,-2.8981942278294426e-06,3.997661423005283e-07,4.34881239164131e-06,-8.618974606244834e-06,0.0,-1.9768052950119852e-07,3.4855153541180073e-07
239,0.0001332781228484856,2.1705462763895054e-05,0.00013149878208883818,2.9482749628303275,1.9412480437017932,1.6433878381297693,2.4410033076520716,-0.909729652680679,0.17491587549597973,-0.9218328912813679,-1.1673908991963862,-3.14,-1.6579191469622094,1.7226635493613491,1.4951087257131235e-07,-2.8091608897939935e-06,3.8748326230964025e-07,4.2151919080746225e-06,-8.354146580735744e-06,0.0,-1.9160612629853802e-07,3.378426012279334e-07
240,0.00012918318016002508,2.103856456153972e-05,0.00012745850892242728,2.9482750742667436,1.9412474127205954,1.6433880230564233,2.4410034525736584,-0.9097323755431098,0.1749162510737792,-0.9218288056040226,-1.1673989966528582,-3.14,-1.6579193326806196,1.7226638768240485,1.449215867310727e-07,-2.7228624308595073e-06,3.755777994718379e-07,4.085677345333494e-06,-8.097456472011544e-06,0.0,-1.857184102060927e-07,3.2746269940098216e-07
241,0.00012521406016436,2.0392157857629746e-05,0.00012354237957917157,2.9482751822797573,1.9412468011267152,1.6433882022985584,2.4410035930467044,-0.9097350147579674,0.17491661511193465,-0.921824845461507,-1.1674068453070214,-3.14,-1.657919512692262,1.7226641942257677,1.4047304608411082e-07,-2.6392148575471452e-06,3.6403815545371643e-07,3.9601425155799674e-06,-7.848654163256086e-06,0.0,-1.8001164225900368e-07,3.174017191298617e-07
242,0.00012136689639920296,1.9765612951329343e-05,0.00011974657698348202,2.9482752869745315,1.941246208324418,1.643388376031001,2.441003729207647,-0.9097375728947227,0.17491696796502318,-0.9218210069963962,-1.1674144528042487,-3.14,-1.657919687172521,1.7226645018756295,1.3616094252100197e-07,-2.5581367553151324e-06,3.5285308852550656e-07,3.838465110761469e-06,-7.607497227279936e-06,0.0,-1.7448025912969456e-07,3.076498618082013e-07
243,0.00011763794123953728,1.9158319496158888e-05,0.00011606740682657374,2.948275388452994,1.9412456337362771,1.643388544423198,2.4410038611887446,-0.9097400524439315,0.17491730997672522,-0.921817286469814,-1.1674218265549399,-3.14,-1.6579198562913904,1.722664800073258,1.3198109760637067e-07,-2.4795492088447446e-06,3.4201170204251063e-07,3.7205265822626288e-06,-7.3737506911530915e-06,0.0,-1.6911886935311315e-07,2.981976285898469e-07
244,0.00011402356224462975,1.856968590467913e-05,0.00011250128022908753,2.948275486813949,1.9412450768026115,1.6433887076393758,2.441003989118207,-0.9097424558196574,0.1749176414801603,-0.9218136802577882,-1.1674289737417451,-3.14,-1.6579200202136375,1.7226650891090716,1.279294625788907e-07,-2.403375725879009e-06,3.315034350914736e-07,3.6062120257751573e-06,-7.147186805278594e-06,0.0,-1.6392224710948256e-07,2.8903581350547825e-07
245,0.00011052023861586195,1.7999138773628187e-05,0.0001090447286144442,2.9482755821531597,1.9412445369809415,1.6433888658387095,2.441004113120317,-0.90974478536182,0.17491796279821084,-0.9218101848477183,-1.1674359013265676,-3.14,-1.6579201790989646,1.7226653692645642,1.2400210991359017e-07,-2.3295421626157164e-06,3.2131805052793005e-07,3.495410069942473e-06,-6.927584822458144e-06,0.0,-1.588853271172752e-07,2.8015549258242345e-07
246,0.00010712455776431111,1.7446122322113253e-05,0.00010569438282181248,2.9482756745634506,1.9412440137454574,1.6433890191754723,2.441004233315551,-0.9097470433384719,0.1749182742438373,-0.9218067968349519,-1.1674426160573494,-3.14,-1.6579203331021648,1.7226656408125811,1.2019523376594066e-07,-2.2579766518759925e-06,3.114456264552423e-07,3.388012766336601e-06,-6.714730781842704e-06,0.0,-1.5400320019232083e-07,2.7154801696127606e-07
247,0.00010383321198388713,1.6910097850964414e-05,0.00010244697769260593,2.948275764134797,1.9412435065865092,1.6433891677991905,2.441004349820695,-0.9097492319480048,0.17491857612038295,-0.9218035129194665,-1.1674491244746497,-3.14,-1.657920482373273,1.722665904017584,1.1650514419869751e-07,-2.1886095329382016e-06,3.018765456497263e-07,3.2839154854302777e-06,-6.508417300210567e-06,0.0,-1.4927110814078048e-07,2.6320500290388793e-07
248,0.0001006429952270643,1.6390543218653237e-05,9.929935258782246e-05,2.9482758509544067,1.9412430150101097,1.6433893118547886,2.4410044627489578,-0.9097513533212886,0.17491886872186949,-0.9218003299026533,-1.1674554329180198,-3.14,-1.6579206270577114,1.7226661591359087,1.1292826274100776e-07,-2.121373283814343e-06,2.9260148654008944e-07,3.1830168132351844e-06,-6.308443370128813e-06,0.0,-1.4468443843007606e-07,2.551183246879418e-07
249,9.755079997853551e-05,1.5886952331341916e-05,9.624844003377253e-05,2.948275935106811,1.941242538537452,1.6433894514827294,2.4410045722100793,-0.9097534095237452,0.17491915233328367,-0.9217972446841995,-1.1674615475321828,-3.14,-1.6579207672964331,1.7226664064160147,1.0946112150023168e-07,-2.0562024565240478e-06,2.836114141868684e-07,3.0852184537133454e-06,-6.114614162999743e-06,0.0,-1.4023872174639962e-07,2.4728010594721184e-07
