iteration,err_norm,position_error,orientation_error,tcp_x,tcp_y,tcp_z,q0_rt_joint_linear_track,q1_rt_joint_carriage,q2_rt_base,q3_rt_shoulder,q4_rt_elbow,q5_rt_wrist1,q6_rt_wrist2,q7_rt_wrist3
0,3.1379348491454375,2.9407537670320636,0.9599318800100434,0.267,-3.2807478955731993e-13,2.541,0.0,0.0,0.0,0.0,0.0,0.0,0.0,0.0
1,2.2468037036784523,2.0662261766157917,0.7596653428488948,0.6630928697632587,1.5766657460247313,0.5602586082992261,0.35000000000000003,-0.04138262249156377,-0.055316342020824937,1.099,1.099,-0.4175862084905136,-0.9716532695912804,-0.4175568110789879
2,1.1761517251599118,1.1021754296503459,0.3974664952334014,1.5506562387375522,1.001934961148011,1.4884867425450625,0.700000000021324,0.3086173775084362,-0.7779094617806261,0.0,1.6825449459379094,-0.9189330627156147,-1.057940802687462,0.6814431889168854
3,0.3268996990472808,0.3213602931782322,0.05977184137814282,2.606579980884518,1.1468884794915126,1.3571336053499472,1.050000000021324,0.5491347128058135,-1.1794946505118113,0.6897571777462537,0.9251654653646799,-0.9443783236512253,-1.3262121930753106,1.2926137948439291
4,0.01590931144680775,0.014645979001637496,0.006212957109201683,2.535635957887632,1.4560847693908183,1.3921427723109454,1.0382139374793322,0.7262160011211509,-1.0764706593154278,0.6745814512141536,0.9122174832352798,-0.8974133913016606,-1.1796762600880395,1.2650567510289843
5,4.1765340424963566e-05,4.1574545192109874e-05,3.987613101582501e-06,2.5487263058969916,1.460494018382424,1.3969676996624645,1.0501671948265543,0.73238882946277,-1.0777582991819943,0.67509757090364,0.9063982030696147,-0.8955247851078891,-1.1788104457363273,1.264086216469753
