iteration,err_norm,position_error,orientation_error,tcp_x,tcp_y,tcp_z,q0_dda_joint_linear_track,q1_dda_joint_carriage,q2_dda_joint_base,q3_dda_joint_shoulder,q4_dda_joint_elbow,q5_dda_joint_wrist1,q6_dda_joint_wrist2,q7_dda_joint_wrist3
0,4.121604244919557,2.9467406319297527,2.592935446319422,0.47255,3.7499999999986655,2.697,0.0,0.0,0.0,0.0,0.0,0.0,0.0,0.0
1,2.637639058715176,1.9957482303420164,1.49332213895394,0.5697067282844177,2.1624635143363404,1.7142982432305764,0.35000000000000003,-0.34999999999999964,-0.2057760465182929,-1.0167986198488195,-0.5331456400741307,-0.08357231829133038,-0.08265461205479113,0.008154410874628315
2,1.844445986430765,1.4862276881385903,1.0024268658267235,1.121620368127037,2.23270929763142,1.9651624375770673,0.6999999999897979,-0.6749999999999998,-0.0347216790192284,-0.21685564325394913,-1.4386629092109304,0.743317597349023,-0.6226205048577305,-1.0908455891253717
3,1.249189228390039,0.9264958936709968,0.8092527308466678,1.89737873347607,2.391774272947364,2.1554550703478563,1.049999999925254,-0.8374999999999999,0.7255803260457555,-0.1936087605325033,-1.2659405313195584,1.2738432364584429,-1.7216205048577304,-2.115422794560589
4,0.383483973833069,0.28756339873529757,0.2530522666004996,2.662838576347213,2.1557748151692793,1.7982568558020042,1.399999999925086,-0.9187500000000742,0.9391787954327522,-1.1446392462618675,-0.16694053131955844,0.40746195204570046,-2.258844019173685,-2.0421416743035987
5,0.03178431596177325,0.028314722473750338,0.014439733150243163,2.538475191499558,1.9055540879333988,1.7358941179763776,1.4072840142995808,-0.9593750000000372,0.7322091829159906,-1.1886386882470856,-0.16793016284400672,0.43383429446644206,-2.067360880640476,-2.1431582596907837
6,0.00012833753471881614,0.00012160634165559463,4.1017318603650634e-05,2.5489833914037985,1.9071021058185469,1.7096271249921449,1.4071287486596116,-0.9590526970261424,0.7390498750233951,-1.2083337717232658,-0.17184666478326738,0.44542215638156935,-2.067912150418638,-2.142186795174958
7,1.8115135850397864e-09,1.7536433578848198e-09,0.0,2.549031232170098,1.9069953234370167,1.709660240595266,1.4072024762189554,-0.9591443841791909,0.7390235664206191,-1.208302559993258,-0.1718451472961091,0.44538238897356486,-2.06786738899131,-2.1421953951213912
