iteration,err_norm,position_error,orientation_error,tcp_x,tcp_y,tcp_z,q0_dda_joint_linear_track,q1_dda_joint_carriage,q2_dda_joint_base,q3_dda_joint_shoulder,q4_dda_joint_elbow,q5_dda_joint_wrist1,q6_dda_joint_wrist2,q7_dda_joint_wrist3,dq0_dda_joint_linear_track,dq1_dda_joint_carriage,dq2_dda_joint_base,dq3_dda_joint_shoulder,dq4_dda_joint_elbow,dq5_dda_joint_wrist1,dq6_dda_joint_wrist2,dq7_dda_joint_wrist3
0,6.631844651496125,4.4158626523624696,2.773492570860513,0.47255,3.7499999999986655,2.697,0.0,0.0,0.0,0.0,0.0,0.0,0.0,0.0,0.0,0.0,0.0,0.0,0.0,0.0,0.0,0.0
1,5.271378895145099,3.9263366879211854,2.252247421343967,0.6153253254292053,2.784002659467333,2.5471619751080916,0.0538752179795963,-0.4181079445026444,0.1598858470200515,-0.4199431365827508,-0.16376839898614218,0.07461584557189012,0.22521521334854847,0.12359719127034402,0.0538752179795963,-0.4181079445026444,0.1598858470200515,-0.4199431365827508,-0.16376839898614218,0.07461584557189012,0.22521521334854847,0.12359719127034402
2,4.586417604775962,3.729777113244408,1.804887385103451,0.8792777847079147,2.82457187958043,2.7034056513442133,0.4244821579990925,-1.0,0.3240702529133146,-0.03017485693249944,0.035393486789955325,-0.29701358970744357,0.355488114044585,-0.4041728527341895,0.3706069400194962,-0.5818920554973557,0.16418440589326308,0.38976827965025135,0.1991618857760975,-0.3716294352793337,0.13027290069603656,-0.5277700440045335
3,3.676453807511798,3.1336890926919936,1.5242002399744563,1.6112028394153608,3.123746234286671,2.5785157777241112,1.0381401747446233,-1.0,-0.42853173810359946,0.5612260484807219,-0.49821842952647855,0.12646377285727206,1.3296504915186889,-1.1872199782836625,0.6136580167455308,0.0,-0.752601991016914,0.5914009054132213,-0.5336119163164339,0.42347736256471563,0.9741623774741038,-0.7830471255494731
4,3.1365664295094366,2.7560659846654425,1.228996181916026,2.0022866418552505,2.982845633297308,2.6202699678434915,1.503130801011987,-1.0,-0.47687388033701866,0.5063272743969257,-0.6209003414463657,0.08059210971568553,1.5479811449945684,-1.2570826882682766,0.46499062626736376,0.0,-0.048342142233419205,-0.054898774083796176,-0.1226819119198872,-0.04587166314158653,0.21833065347587954,-0.06986270998461408
5,2.6936218657863558,2.4267481613651483,0.9903653333071031,2.369783287252464,2.953167085505312,2.583738427061113,1.898612456038419,-1.0,-0.49131823152465787,0.6300101408661537,-0.8807286677662172,0.033093535580649536,1.682874507547297,-1.363151854148589,0.39548165502643196,0.0,-0.014444351187639204,0.12368286646922799,-0.2598283263198514,-0.047498574135036,0.13489336255272866,-0.10606916588031234
6,2.318179108726329,2.130407539788995,0.7970950055567578,2.6922250850821747,2.9251976018279535,2.5094485111642397,2.2446674785394523,-1.0,-0.49943827308773975,0.7791673321489123,-1.1772069486305108,0.02051682632782701,1.768460620965526,-1.4718577157653219,0.34605502250103326,0.0,-0.008120041563081881,0.14915719128275862,-0.2964782808642936,-0.012576709252822525,0.08558611341822897,-0.1087058616167329
7,1.9984201748627781,1.8658208334139925,0.6403776553968815,2.9703577394764156,2.8860991635247943,2.4208128287186765,2.5494746706389186,-1.0,-0.5038103034555175,0.9038237202267079,-1.4496718147487186,0.030790280878434884,1.8185139071606442,-1.5722803126566354,0.3048071920994664,0.0,-0.004372030367777724,0.12465638807779555,-0.27246486611820786,0.010273454550607873,0.050053286195118174,-0.1004225968913135
8,1.7294214414960003,1.6355854207423175,0.5135049133638963,3.2072762263440993,2.843154444850506,2.328489865427356,2.8131044165583474,-1.0,-0.5048156514695794,1.0013484239731627,-1.6892311445553043,0.05753169196999691,1.8437541021816777,-1.658718639311265,0.2636297459194288,0.0,-0.0010053480140619353,0.09752470374645483,-0.23955932980658567,0.02674141109156203,0.025240195021033474,-0.08643832665462958
9,1.5070564266272717,1.4406683438852843,0.41119933361935235,3.4067875875866758,2.8019355639968637,2.238775089541327,3.03680087632655,-1.0,-0.5039259491998886,1.074935618229105,-1.8960150038382326,0.09629368433621432,1.8537638625407207,-1.7298573957580725,0.22369645976820252,0.0,0.0008897022696907619,0.07358719425594229,-0.2067838592829283,0.03876199236621741,0.010009760359042996,-0.07113875644680756
10,1.3269693763264812,1.2801649645571935,0.3290109302097112,3.5731679900666085,2.7655883241701193,2.155355000888514,3.2235774145513276,-1.0,-0.5025973960878244,1.128778838522675,-2.0724356356535796,0.14263279006816548,1.8555183789425376,-1.7872067003993104,0.1867765382247777,0.0,0.0013285531120642569,0.053843220293569916,-0.17642063181534695,0.04633910573195116,0.0017545164018168968,-0.057349304641237886
11,1.1843914523891683,1.15163122117436,0.2631468752843323,3.71084936521727,2.735453950283782,2.0800958407953827,3.3775985100419703,-1.0,-0.5018072561982899,1.1671672196388216,-2.221764526810671,0.19242878334531113,1.8533923429148755,-1.8333107569528666,0.1540210954906427,0.0,0.0007901398895344691,0.03838838111614673,-0.14932889115709136,0.04979599327714565,-0.002126036027662037,-0.046104056553556205
12,1.0741805506888162,1.0514898235243368,0.2104361370676738,3.824122809112745,2.711631515948916,2.0136245904370833,3.503486773486896,-1.0,-0.5020771231568127,1.1939963208116426,-2.34755845209027,0.24242279035510278,1.8498783755362527,-1.8706985372481444,0.12588826344492565,0.0,-0.00026986695852282416,0.026829101172821,-0.12579392527959898,0.04999400700979165,-0.003513967378622862,-0.037387780295277784
13,0.9910098863858696,0.9754896979900975,0.16827885025812242,3.9169305153008507,2.6934830472393783,1.9557917260246696,3.605792964883291,-1.0,-0.5036066466936677,1.2124614044969733,-2.4532746409742123,0.29039110536788465,1.8462890037680253,-1.901481673432443,0.10230619139639519,0.0,-0.001529523536854982,0.01846508368533062,-0.10571618888394241,0.04796831501278187,-0.0035893717682273785,-0.03078313618429851
14,0.929658729080724,0.9191810440081394,0.13457032469374397,3.992755169888101,2.680045772944028,1.9060142366619437,3.6886675931419903,-1.0,-0.5063939545824135,1.2249781751768305,-2.542036188502471,0.3350232619333606,1.843250140346355,-1.9272876440804791,0.08287462825869918,0.0,-0.002787307888745816,0.012516770679857236,-0.0887615475282586,0.04463215656547598,-0.003038863421670257,-0.025805970648036247
15,0.8853161289455136,0.8783287189525802,0.10761865668689714,4.05458818896595,2.670308438103347,1.863505976089375,3.7557106543097993,-1.0,-0.5103249688148774,1.2332702011285663,-2.616540627074207,0.3756892566035826,1.8410086011482845,-1.9493235572509728,0.067043061167809,0.0,-0.003931014232463892,0.008292025951735837,-0.07450443857173594,0.04066599467022197,-0.0022415391980705746,-0.022035913170493693
16,0.8538111540144869,0.8492001807718946,0.08606857610364926,4.104949630546448,2.663359394821938,1.827418823573299,3.809945253531242,-1.0,-0.5152344895363811,1.2385233267230786,-2.679064312096685,0.4122146288323282,1.8396125549209115,-1.968471461761666,0.0542345992214428,0.0,-0.004909520721503635,0.005253125594512298,-0.06252368502247796,0.03652537222874558,-0.0013960462273729934,-0.01914790451069326
17,0.8317238553495583,0.8287067785120877,0.06883623644995777,4.145935184230587,2.6584444147355946,1.7969222041520385,3.853859422233424,-1.0,-0.5209445834547121,1.2415388918449324,-2.731511292189193,0.44470608803034395,1.8390132371958847,-1.9853756903181128,0.04391416870218201,0.0,-0.005710093918330994,0.003015565121853747,-0.052446980092508255,0.03249145919801577,-0.000599317725026749,-0.016904228556446688
18,0.8163809532920104,0.8144195668407245,0.05505541971680189,4.179273049081548,2.654972872174323,1.7712437838382566,3.889476125156349,-1.0,-0.5272862419622755,1.242857392038566,-2.7754732497488277,0.4734298075789686,1.8391203578240265,-2.000511069667728,0.03561670292292485,0.0,-0.006341658507563408,0.0013185001936335539,-0.04396195755963461,0.028723719548624627,0.00010712062814177692,-0.015135379349615175
19,0.8057726489351321,0.804503636553431,0.044033957795898575,4.206380753129995,2.652499687171317,1.7496872068875349,3.9184286161678212,-1.0,-0.5341097861249237,1.242848150564282,-2.812284859100771,0.4987312567854746,1.8398311997979155,-2.014232355318146,0.028952491011472237,0.0,-0.006823544162648187,-9.2414742838276e-06,-0.036811609351943275,0.02530144920650601,0.0007108419738890426,-0.013721285650417858
20,0.7984334936290397,0.797615250680344,0.03521873573555375,4.2284170859656,2.6506990576574534,1.7316369007648875,3.9420303527013565,-1.0,-0.541288365845446,1.2417702875249763,-2.8430696875430073,0.5209844491277764,1.8410451488674482,-2.026808777427824,0.023601736533535256,0.0,-0.007178579720522382,-0.001077863039305793,-0.03078482844223629,0.02225319234230183,0.0012139490695326494,-0.01257642210967802
21,0.7933198479757845,0.7927935259962594,0.02816769819522181,4.246327346112257,2.649338099643991,1.7165559469797882,3.9613355011057427,-1.0,-0.5487176209794571,1.239812431719585,-2.8687767010964693,0.5405610496508775,1.8426703295922011,-2.038447837845527,0.01930514840438624,0.0,-0.007429255134011048,-0.0019578558053912065,-0.025707013553462055,0.019576600523101062,0.0016251807247529282,-0.011639060417703018
22,0.7897018492136584,0.7893638722385429,0.02252749448034626,4.260881690027903,2.6482538544506804,1.703980491532975,3.9771894140329396,-1.0,-0.5563134762899772,1.2371178034963202,-2.8902090763943202,0.5578125715662112,1.84462606529542,-2.049311704986846,0.015853912927196845,0.0,-0.007595855310520094,-0.0026946282232649388,-0.021432375297850914,0.017251521915333745,0.0019557357032189415,-0.010863867141319261
23,0.787076342348681,0.7868595700062346,0.018015635733191857,4.272707102177172,2.647334665153334,1.693512662827539,3.9902698927974654,-1.0,-0.564009238595904,1.2337997063628126,-2.9080471845675704,0.5730610536915421,1.846843202580753,-2.0595286236956887,0.013080478764525783,0.0,-0.007695762305926834,-0.0033180971335076137,-0.017838108173250156,0.01524848212533092,0.002217137285333015,-0.01021691870884256
24,0.7851005802370892,0.7849616676078834,0.01440625357046767,4.282313780820087,2.6465057656109887,1.684813089240992,4.001120530205221,-1.0,-0.5717526321151198,1.229950955373557,-2.9228672720720468,0.5865951268556276,1.8492634075256453,-2.069200989273299,0.010850637407755936,0.0,-0.007743393519215824,-0.0038487509892555227,-0.014820087504476387,0.013534073164085503,0.002420204944892257,-0.009672365577610531
25,0.7835435916000816,0.783454633652732,0.011518730744028568,4.290116781771087,2.645718468496269,1.6775936053877647,4.010177480709556,-1.0,-0.579503081161544,1.2256495869674744,-2.9351569443231726,0.5986694091593625,1.8518380261090317,-2.078411178229014,0.00905695050433497,0.0,-0.00775044904642419,-0.00430136840608264,-0.012289672251125872,0.012074282303734862,0.0025746185833863677,-0.009210188955714571
26,0.7822513977852454,0.7821944633734446,0.009208621950816176,4.296453706641478,2.644942232693972,1.6716104482139482,4.017790880813267,-1.0,-0.5872293617113368,1.2209623487084877,-2.9453282106105676,0.6095058676706948,1.8545268193594495,-2.0872258504119645,0.007613400103711143,0.0,-0.007726280549792741,-0.004687238258986648,-0.010171266287394953,0.010836458511332303,0.0026887932504178202,-0.008814672182950734
27,0.7811225636338955,0.7810861452244193,0.00736040129786484,4.301599126865652,2.6441589419683096,1.6666580796169577,4.024241963162227,-1.0,-0.5949076431097599,1.2159468954783552,-2.953728601682948,0.6192962558927788,1.8572967296866658,-2.0956991895550283,0.006451082348959858,0.0,-0.007678281398423081,-0.005015453230132527,-0.00840039107238022,0.009790388222084001,0.002769910327216296,-0.008473339143063807
28,0.7800912222733729,0.7800679411026443,0.005881667315600608,4.30577633138186,2.6433588355137267,1.6625636787440585,4.0297567257090785,-1.0,-0.6025198926453202,1.21065324771317,-2.960650709749239,0.6282050548918432,1.8601207512260467,-2.1038753898994527,0.005514762546851237,0.0,-0.007612249535560389,-0.005293647765185261,-0.006922108066291344,0.008908798999064382,0.002824021539380883,-0.008176200344424345
29,0.77911539507869,0.7791005226005008,0.004698511492511473,4.309166888386448,2.642537648393433,1.6591822946598824,4.034516853798929,-1.0,-0.6100525961074424,1.2051248346635244,-2.9663403999824745,0.6363725599829635,1.86297693212761,-2.111790594653179,0.004760128089850824,0.0,-0.007532703462122203,-0.005528413049645575,-0.0056896902332352894,0.008167505091120297,0.0028561809015632544,-0.007915204753726535
30,0.77816901131927,0.778159518631854,0.0037518159938988555,4.311918425634692,2.6416946251655182,1.6563926216742924,4.038668454439444,-1.0,-0.6174957430524763,1.1993993042341409,-2.971003881362292,0.6439178973819032,1.8658475131846204,-2.119474426688436,0.004151600640514452,0.0,-0.007443146945033896,-0.005725530429383507,-0.004663481379817647,0.0075453373989397,0.002870581057010435,-0.007683832035256799
31,0.7772364878750226,0.7772304354554199,0.0029942936988901023,4.314150960615039,2.640831156471454,1.6540933454740667,4.042329048234674,-1.0,-0.6248420284494185,1.1935091975956285,-2.9748137871970286,0.6509418489324917,1.8687181954441934,-2.1269512095695435,0.0036605937952298717,0.0,-0.007346285396942154,-0.005890106638512416,-0.0038099058347365045,0.0070239515505885475,0.0028706822595729875,-0.007476782881107535
32,0.7763090681743358,0.7763052144508154,0.0023881214689502254,4.31596205093408,2.639949855849279,1.65220000254106,4.045593172753317,-1.0,-0.6320862283381582,1.187482539264759,-2.9779143917254007,0.6575294235873298,1.8715775241662973,-2.1342409491656826,0.003264124518643108,0.0,-0.0072441998887397,-0.006026658330869461,-0.0031006045283721306,0.006587574654838058,0.0028593287221039265,-0.0072897395961391
33,0.7753823636818835,0.7753799141245484,0.0019030476567006825,4.317430985008829,2.6390539450141803,1.650642294710536,4.048536877979886,-1.0,-0.6392247138634347,1.1813433673758493,-2.98042607264767,0.6637521525758564,1.874416374735857,-2.141360127412471,0.002943705226568838,0.0,-0.007138485525276517,-0.006139171888909667,-0.002511680922269388,0.006222728988526605,0.002838850569559792,-0.007119178246788316
34,0.7744547139050395,0.7744531602465223,0.0015148788588865013,4.318622192069272,2.6381468535198125,1.649361803013242,4.051221336545337,-1.0,-0.6462550744681234,1.1751122154176394,-2.9824491167903107,0.6696701085731521,1.8772275262239382,-2.1483223469338726,0.0026844585654517417,0.0,-0.007030360604688646,-0.006231151958209891,-0.00202304414264054,0.005917955997295721,0.0028111514880810873,-0.006962219521401636
35,0.7735261013505227,0.7735251185945088,0.0012042700699985852,4.319588016997547,2.6372319661219716,1.6483100488400557,4.053695745638265,-1.0,-0.6531758266917301,1.1688065502961247,-2.9840669555228496,0.6753336627607884,1.8800053093048446,-2.1551388561704266,0.002474409092927843,0.0,-0.006920752223606774,-0.0063056651215147586,-0.0016178387325389565,0.0056635541876363105,0.002777783080906371,-0.006816509236553969
36,0.7725974412943893,0.7725968217507387,0.0009557577065684261,4.320370978315211,2.636312470887604,1.6474468551451706,4.05599966133824,-1.0,-0.6599861897995151,1.1624411689425538,-2.98534890712204,0.680785000885784,1.8827453166441395,-2.1618189780994013,0.002303915699974901,0.0,-0.006810363107784934,-0.006365381353570898,-0.0012819515991902009,0.005451338124995542,0.0027400073392949142,-0.006680121928974714
37,0.7716701235879185,0.7716697346300445,0.0007569872474880799,4.321005605525697,2.63539127516744,1.6467389653463032,4.058164877545735,-1.0,-0.6666859133964844,1.1560285549357476,-2.986352494628147,0.6860594225874185,1.8854441653909402,-2.1683704607693004,0.002165216207495213,0.0,-0.006699723596969354,-0.00641261400680615,-0.0010035875061071842,0.005274421701634502,0.0026988487468007083,-0.0065514826698991335
38,0.7707457230582281,0.7707454800757075,0.00059809708704077,4.321519934068576,2.6344709665353796,1.6461588824696365,4.0602169390810685,-1.0,-0.6732751453544956,1.1495791967031397,-2.9871253997241776,0.6911864489143902,1.8880993028832638,-2.1747997641864822,0.002052061535333216,0.0,-0.006589231958011199,-0.006449358232607949,-0.0007729050960305628,0.0051270263269717065,0.0026551374923236004,-0.006429303417181842
39,0.7698258219342553,0.7698256710175685,0.00047122818903328075,4.321936721561511,2.633553802847425,1.6456838957327287,4.062176360606852,-1.0,-0.679754330915829,1.1431018692510717,-2.987707105765186,0.6961907621139589,1.8907088480322567,-2.181112295247578,0.0019594215257834335,0.0,-0.006479185561333423,-0.006477327452067971,-0.0005817060410082675,0.005004313199568733,0.00260954514899292,-0.006312531061095861
40,0.7689119060526431,0.7689118129105064,0.00037013560541311553,4.322274437157045,2.63264172053111,1.6452952660546636,4.064059608791822,-1.0,-0.6861241358452976,1.1366038817798048,-2.988130276301019,0.7010930001036644,1.8932714620582678,-2.187312600181898,0.0018832481849697658,0.0,-0.006369804929468592,-0.006497987471266953,-0.00042317053583307285,0.00490223798970546,0.0025626140260111008,-0.006200304934319778
41,0.7680053090705286,0.7680052519382643,0.00028988307376740636,4.322548066207603,2.631736353691238,1.6449775458789313,4.065879893795943,-1.0,-0.6923853880856221,1.1300912938462238,-2.9884219092829887,0.7059104259611558,1.89578624330202,-2.193404522198616,0.001820285004121125,0.0,-0.0062612522403244775,-0.006512587933581004,-0.0002916329819697694,0.004817425857491453,0.002514781243752262,-0.006091922016718154
42,0.7671071873882216,0.7671071524915115,0.0002266056484989923,4.322769764595242,2.630839059044555,1.6447180121764975,4.067647807106695,-1.0,-0.6985390336126018,1.1235691029132362,-2.9886043016216552,0.7106574905564923,1.898252641733959,-2.1993913306156667,0.0017679133107524336,0.0,-0.006153645526979723,-0.006522190932987559,-0.00018239233866657045,0.00474706459533647,0.0024663984319388543,-0.005986808417050682
43,0.7662185142355702,0.7662184928901267,0.00017732600351189702,4.322949390704559,2.62995094338396,1.6445061945726416,4.069371835517389,-1.0,-0.7045861031578647,1.1170414061751783,-2.98869585385257,0.7153463042669703,1.9006703895470578,-2.2052758266027683,0.0017240284106936343,0.0,-0.006047069545262906,-0.006527696738057864,-9.15522309146155e-05,0.004688813710478024,0.0024177478130988916,-0.005884495987101612
44,0.7653400852702187,0.765340072028532,0.00013980390151549765,4.323094937824136,2.6290728914412207,1.6443334832336165,4.071058775236725,-1.0,-0.710527687224687,1.1105115394955487,-2.9887117403395433,0.7199870316512744,1.9030394448584873,-2.211060429742045,0.0016869397193364222,0.0,-0.005941584066822214,-0.006529866679629626,-1.588648697348205e-05,0.0046407273843041,0.002369055311429502,-0.005784603139276534
45,0.7644725306670289,0.7644725221351347,0.00011237808896771845,4.323212885532646,2.628205592820601,1.644192803487877,4.0727140654613585,-1.0,-0.7163649174121981,1.1039821961638867,-2.9886644666611173,0.7245882210670098,1.9053599460795816,-2.2167472488527,0.0016552902246331769,0.0,-0.005837230187511144,-0.006529343331661996,4.72736784260519e-05,0.004601189415735396,0.0023205012210942844,-0.005686819110655161
46,0.7636163304499618,0.7636163245327896,9.37311419914425e-05,4.323308485180417,2.627349567223483,1.6440783461750366,4.074342056998793,-1.0,-0.722098952521527,1.097455527997847,-2.9885643325397817,0.7291570795145008,1.9076321749566727,-2.2223381399075084,0.0016279915374344256,0.0,-0.0057340351093289055,-0.00652666816603964,0.0001001341213355822,0.004568858447490998,0.002272228877091109,-0.005590891054808367
47,0.7627718310061206,0.7627718264268601,8.254226519288281e-05,4.323385991770332,2.6265051875529672,1.6439853444481718,4.075946228513993,-1.0,-0.7277309682727836,1.0909332311057403,-2.9884198158367483,0.7336997014834242,1.9098565266515168,-2.227834753362224,0.0016041715151997593,0.0,-0.005632015751256603,-0.006522296892106816,0.0001445167030333927,0.00454262196892341,0.00222435169484414,-0.0054966134547154155
48,0.76193926151407,0.761939257508621,7.719848537940369e-05,4.323448852254971,2.6256727007316014,1.643909889235151,4.077529360544631,-1.0,-0.7332621497368075,1.0844166184006452,-2.9882378906991622,0.7382212592601481,1.9120334855314962,-2.2332385728035002,0.0015831320306380903,0.0,-0.005531181464023871,-0.006516612705095071,0.00018192513758608087,0.004521557776723917,0.0021769588799793738,-0.005403819441276436
49,0.7611187495426744,0.7611187456658715,7.587612461126238e-05,4.323499858403452,2.6248522462231243,1.6438487768238477,4.079093675471709,-1.0,-0.7386936857980807,1.077906680731918,-2.988024290864607,0.7427261610093949,1.9141636055872366,-2.2385509464798585,0.001564314927078314,0.0,-0.005431536061273223,-0.006509937668727206,0.000213599834555378,0.004504901749246781,0.0021301200557404254,-0.005312373676358284
50,0.7603103354194659,0.7603103314225864,7.693078010892373e-05,4.32354127087338,2.6240438723470727,1.6437993831035205,4.080640950052367,-1.0,-0.7440267651289958,1.0714041382820596,-2.9877837273554446,0.747218181958005,1.9162474945979133,-2.2437731130001493,0.0015472745806581756,0.0,-0.0053330793309150915,-0.006502542449858373,0.00024056350916223934,0.00449202094861012,0.002083889010676687,-0.0052221665202907275
51,0.7595139851881414,0.7595139809418029,7.917411698796456e-05,4.323574919886618,2.6232475505323096,1.6437595598966006,4.082172605846406,-1.0,-0.7492625732816646,1.064909483672022,-2.9875200682923464,0.7517005731641356,1.9182858013300645,-2.248906222253831,0.0015316557940385778,0.0,-0.005235808152668775,-0.006494654610037509,0.0002636590630982205,0.004482391206130587,0.0020383067321512183,-0.005133109253681933
52,0.7587296021133809,0.7587295975592867,8.187748082243784e-05,4.323602286900337,2.622463187685109,1.6437275495750612,4.08368978183841,-1.0,-0.754402290600134,1.0584230180293732,-2.987236487285525,0.756176151635399,1.9202792051907498,-2.253951352418339,0.0015171759920038497,0.0,-0.005139717318469406,-0.006486465642648875,0.000283581006821354,0.004475578471263342,0.00199340386068525,-0.005045130164508027
53,0.7579570367751644,0.757957031896134,8.464328881729042e-05,4.323624570844575,2.621690636858753,1.6437019147941987,4.0851933927258814,-1.0,-0.759447090729862,1.0519448811028669,-2.9869355857908593,0.7606473749483438,1.9222284078658154,-2.258909523763474,0.0015036108874717513,0.0,-0.0050448001297280776,-0.006478136926506339,0.00030090149466577287,0.004471223312944805,0.0019492026750655977,-0.004958171345134765
54,0.7571960958426042,0.757196090644161,8.727622962018954e-05,4.323642741829723,2.620929706411016,1.6436814807120816,4.086684175672358,-1.0,-0.7643981395577625,1.045475076354245,-2.9866194939173063,0.7651164030046992,1.9241341265634007,-2.2637817098351376,0.0014907829464769762,0.0,-0.004951048827900428,-0.006469804748621799,0.0003160918735529705,0.004469028056355406,0.001905718697585268,-0.00487218607166362
55,0.7564465496416753,0.7564465441408992,8.96942693562461e-05,4.323657584683841,2.6201801678280052,1.643665287510925,4.088162727782296,-1.0,-0.7692565944590553,1.0390134918230511,-2.9862899534163185,0.7695851491237705,1.925997088555389,-2.2685688464959233,0.0014785521099378585,0.0,-0.004858454901292775,-0.006461584531193942,0.0003295405009877683,0.004468746119071332,0.0018629619919883211,-0.004787136660785674
56,0.7557081386404537,0.7557081328593732,9.187521655016517e-05,4.323669734237303,2.619441762380612,1.6436525514106972,4.089629536116738,-1.0,-0.7740236037596842,1.0325599174419056,-2.9859483859514055,0.7740553223035992,1.9278180267683596,-2.273271839214004,0.0014668083344417937,0.0,-0.004767009300628899,-0.006453574381145577,0.00034156746491298406,0.004470173179828674,0.0018209382129705798,-0.004702992718080612
57,0.7549805789753754,0.7549805729371822,9.38266521282367e-05,4.323679703912568,2.6187142067654476,1.6436426326770766,4.0910850017154266,-1.0,-0.7787003063475951,1.0261140593767848,-2.9855959492174193,0.7785284621757069,1.9295976762232883,-2.277891568921091,0.0014554655986884768,0.0,-0.004676702587910975,-0.006445858065120769,0.00035243673398621667,0.004473139872107734,0.0017796494549287,-0.004619729707087128
58,0.7542635671363145,0.7542635608632974,9.556951248007332e-05,4.3236879088840405,2.6179971978669028,1.6436350093853438,4.0925294588058305,-1.0,-0.7832878313845856,1.0196755518779168,-2.985233583038291,0.783005967920489,1.9313367711618399,-2.282428896702245,0.0014444570904039722,0.0,-0.0045875250369904474,-0.006438507498867985,0.00036236617912832614,0.004477505744782118,0.001739094938551622,-0.004537327781153788
59,0.753556783919482,0.7535567774320078,9.712942190737706e-05,4.323694684835228,2.617290416761888,1.6436292559174042,4.093963190149508,-1.0,-0.7877872980841778,1.0132439670504891,-2.9848620472048037,0.7874891221948829,1.9330360427283197,-2.2868846675327252,0.0014337313436776356,0.0,-0.004499466699592225,-0.006431584827427672,0.0003715358334872576,0.00448315427439383,0.0016992715664798652,-0.004455770830480432
60,0.7528598977469318,0.7528598910630343,9.853224478575708e-05,4.32370030314678,2.6165935320743703,1.6436250253480214,4.095386439290659,-1.0,-0.7921998155311657,1.0068188228890163,-2.984481952508698,0.7919791109441763,1.9346962171015758,-2.291259713238034,0.0014232491411512171,0.0,-0.004412517446987896,-0.006425144161472884,0.00038009469610589264,0.004489988749293405,0.0016601743732560514,-0.004375045705308889
61,0.752172567440778,0.7521725605761004,9.98019752481404e-05,4.323704983192021,2.6159062027733873,1.6436220350246165,4.096799420322151,-1.0,-0.7965264825259744,1.0003995898635525,-2.9840937861758574,0.7964770398200581,1.9363180139915275,-2.295554854821284,0.001412981031491789,0.0,-0.004326666994808659,-0.006419233025463766,0.000388166332840445,0.004497928875881851,0.0016217968899516766,-0.004295141583249951
62,0.7514944445298387,0.7514944374977599,0.00010095986157327707,4.323708902288711,2.615228080495919,1.6436200547676667,4.098202325663753,-1.0,-0.8007683874424443,0.9939856962987119,-2.9836979326910438,0.8009839478024311,1.9379021454314342,-2.299770904275779,0.0014029053416022563,0.0,-0.0042419049164699185,-0.006413893564840567,0.00039585348481363525,0.004506907982372965,0.0015841314399067663,-0.004216049454494719
63,0.7508251751565683,0.7508251679684198,0.00010202423428835853,4.323712203752224,2.6145588114649856,1.6436188972202155,4.0995953322502245,-1.0,-0.8049266080915813,0.9875765327465084,-2.9832946908324,0.8055008185189952,1.9394493148102918,-2.3039086659791805,0.0013930065864711239,0.0,-0.004158220649137068,-0.006409163552203556,0.0004032418586437103,0.0045168707165641475,0.0015471693788575713,-0.004137761703401743
64,0.7501644016431362,0.7501643943084527,0.00010301060110936873,4.32371500341106,2.6138980380634456,1.6436184099587716,4.100978606448717,-1.0,-0.8090022115866133,0.9811714555203453,-2.9828842875897577,0.8100285896707283,1.9409602161004316,-2.3079689377479937,0.001383274198492046,0.0,-0.004075603495031999,-0.006405077226163014,0.0004104032426424098,0.004527771151733084,0.0015109012901397545,-0.004060271768813184
65,0.7495117637673736,0.7495117562941404,0.00010393193864420647,4.323717394877253,2.6132454001153334,1.643618469047019,4.102352307962045,-1.0,-0.8129962542066405,0.9747697895291382,-2.9824668895215396,0.8145681609001933,1.9424355332440273,-2.311952511616667,0.0013737015133283847,0.0,-0.003994042620027116,-0.006401665991207173,0.0004173980682180556,0.0045395712294650226,0.0014753171435957224,-0.003983573868673318
66,0.7488668997920529,0.7488668921869407,0.00010479900544931111,4.32371945380883,2.6126005359189444,1.6436189737707387,4.103716592923779,-1.0,-0.8169097812574931,0.9683708305267646,-2.9820426120065555,0.8191204003806692,1.9438759396691494,-2.315860174393764,0.0013642849617339081,0.0,-0.003913527050852683,-0.006398959002373528,0.00042427751498408384,0.004552239480475895,0.0014404064251221094,-0.003907662777097087
67,0.7482294472846118,0.7482294395531867,0.00010562068145711534,4.323721241356455,2.611963083069265,1.6436198423392738,4.10507161635042,-1.0,-0.820743826929278,0.9619738468721077,-2.98161152676568,0.8236861503553423,1.9452820979116046,-2.31969270803797,0.0013550234266412886,0.0,-0.0038340456717849136,-0.006396983654656907,0.00043108524087553945,0.004565749974673072,0.0014061582424551577,-0.003832533644205771
68,0.7475990437588407,0.7475990359057433,0.00010640426635403896,4.32372280694987,2.611332679101608,1.643621008377508,4.106417534083249,-1.0,-0.824499414150636,0.9555780808782831,-2.9811736679613365,0.8282662318155128,1.9466546593233012,-2.3234508898887625,0.001345917732828994,0.0,-0.0037555872213579367,-0.006395765993824631,0.0004378588043434384,0.004580081460170526,0.0013725614116966156,-0.0037581818507925746
69,0.7469753271652202,0.7469753191943252,0.00010715574113085056,4.323724190550256,2.610708961983379,1.6436224180640662,4.107754504326175,-1.0,-0.8281775544400379,0.9491827498157192,-2.9807290371274293,0.8328614484735062,1.947994263851501,-2.327135492780074,0.0013369702429262276,0.0,-0.0036781402894019433,-0.006395331062563958,0.00044463083390722247,0.0045952166579933396,0.0013396045281999225,-0.0036846028913113393
70,0.7463579362524504,0.7463579281669956,0.00010788001486851774,4.323725424470488,2.610091570476649,1.6436240277975531,4.109082688864852,-1.0,-0.8317792477545943,0.9427870466221427,-2.980277607136833,0.8374725901585466,1.9493015398762423,-2.3307472850599464,0.0013281845386767799,0.0,-0.003601693314556398,-0.0063957031935764075,0.0004514299905964414,0.0046111416850403986,0.001307276024741233,-0.0036117922798726276
71,0.7457465108190657,0.7457465026217629,0.0001085811124936874,4.323726534846023,2.6094801443905578,1.643625802294079,4.110402254035441,-1.0,-0.8353054823368731,0.9363901403628343,-2.9798193253760408,0.8421004357412295,1.950577104095558,-2.3342870305348282,0.0013195651705890654,0.0,-0.003526234582278742,-0.006396906259308444,0.0004582817607921008,0.004627845582682921,0.001275564219315628,-0.0035397454748817836
72,0.7451406918710066,0.7451406835641317,0.00010926232936094933,4.3237275428232085,2.6088743247394737,1.6436277130368913,4.111713371497851,-1.0,-0.8387572345601862,0.9299911764764501,-2.9793541162657236,0.8467457556736145,1.951821561450014,-2.3377554883535825,0.001311117462409861,0.0,-0.003451752223313176,-0.006398963886384168,0.0004652091103172218,0.004645319932385039,0.0012444573544561077,-0.003468457818754267
73,0.7445401216983558,0.7445401132838223,0.00010992638631790814,4.323728465519166,2.6082737538201837,1.6436297370133572,4.113016218857448,-1.0,-0.8421354687727056,0.923589276834981,-2.9788818832405513,0.8514093142166301,1.9530355050796016,-2.3411534128433567,0.0013028473595966261,0.0,-0.003378234212519371,-0.006401899641469089,0.00047223302517229726,0.004663558543015589,0.0012139436295874884,-0.0033979244897741623
74,0.7439444438821963,0.743944435361619,0.00011057553034489685,4.3237293167970705,2.6076780752191047,1.6436318556863692,4.114310980170572,-1.0,-0.8454411371406476,0.9171835396408125,-2.9784025102807457,0.8560918714138853,1.9542195163072493,-2.3444815533070615,0.0012947613131242264,0.0,-0.003305668367941994,-0.0064057371941685926,0.0004793729598056018,0.004682557197255188,0.0011840112276477743,-0.0033281404637048873
75,0.7433533032406605,0.7433532946154038,0.00011121163385094725,4.3237301078921595,2.6070869337585987,1.643634054156904,4.115597846362239,-1.0,-0.8486751794906331,0.9107730391791719,-2.9779158630706437,0.8607941848606347,1.9553741646442047,-2.3477406537902397,0.0012868661916671797,0.0,-0.0032340423499854776,-0.0064105004616406,0.00048664721010194256,0.004702313446749429,0.0011546483369553329,-0.0032591004831781234
76,0.7427663457215723,0.7427663369927888,0.00011183624563947276,4.323730847917203,2.6064999753898292,1.6436363204824156,4.116877015578912,-1.0,-0.8518385231511798,0.9043568254403369,-2.977421789845421,0.8655170113081465,1.9565000078133241,-2.350931452823483,0.0012791692166729263,0.0,-0.0031633436605467136,-0.006416213738834942,0.0004940732252225466,0.004722826447511763,0.001125843169119456,-0.0031907990332431524
77,0.7421832182476993,0.7421832094163625,0.00011245069457876413,4.323731544270536,2.6059168470381846,1.6436386451222051,4.118148693494804,-1.0,-0.8549320827931446,0.8979339236227003,-2.976920121975477,0.8702611081367595,1.9575975917869526,-2.3540546831452316,0.001271677915892333,0.0,-0.0030935596419647826,-0.006422901817636606,0.0005016678699441002,0.004744096828612987,0.0010975839736284687,-0.003123230321748771
78,0.7416035685194469,0.7416035595863777,0.0001130561008910864,4.323732202965399,2.6053371964061065,1.643641020486233,4.1194130935866875,-1.0,-0.8579567602687869,0.8915033335250263,-2.976410674328402,0.875027234725213,1.9586674508365853,-2.3571110714086863,0.001264400091883111,0.0,-0.003024677475642279,-0.006430590097673994,0.0005094476470750564,0.004766126588453545,0.0010698590496327487,-0.003056388263454668
79,0.7410270447787973,0.7410270357446834,0.0001136534257309016,4.323732828895722,2.6047606717371345,1.643643440568155,4.120670437389405,-1.0,-0.8609134444489898,0.8850640288338997,-2.975893245440534,0.8798161537391622,1.9597101075919177,-2.360101337875653,0.001257343802717692,0.0,-0.0029566841802028954,-0.006439304691126635,0.0005174288878682098,0.004788919013949178,0.0010426567553323274,-0.0029902664669667622
80,0.7404532955374098,0.7404532864028223,0.00011424351888599638,4.323733426050591,2.604186921544094,1.6436459006469255,4.121920954742114,-1.0,-0.8638030110580397,0.8786149563103776,-2.9753676175235753,0.8846286323579818,1.9607260731072162,-2.363026196099389,0.0012505173527088687,0.0,-0.0028895666090499317,-0.006449072523522115,0.0005256279169585376,0.004812478618819616,0.0010159655152985891,-0.0029248582237357823
81,0.7398819692710343,0.7398819600364387,0.0001148271261123126,4.323733997687243,2.6036155943035784,1.6436483970441862,4.1231648840335495,-1.0,-0.8666263225052376,0.8721550348781468,-2.9748335563263275,0.8894654434558519,1.9617158469332168,-2.3658863525978773,0.0012439292914354638,0.0,-0.0028233114471979404,-0.006459921432230731,0.0005340611972477483,0.004836811097870042,0.0009897738260005173,-0.0028601564984884753
82,0.7393127140817316,0.7393127047474994,0.00011540490570856877,4.323734546470623,2.603046338118227,1.6436509269270336,4.124402472453298,-1.0,-0.8693842277124882,0.8656831546140006,-2.974290810867089,0.894327366750586,1.9626799171929559,-2.3686825065184367,0.0012375884197481923,0.0,-0.0027579052072506105,-0.006471880264146246,0.0005427454592386027,0.004861923294734116,0.0009640702597391027,-0.00279615392055943
83,0.7387451773287999,0.7387451678952137,0.00011597747510330829,4.323735074585933,2.602478800347696,1.6436534881476785,4.125633976255013,-1.0,-0.8720775619368888,0.85919817564014,-2.9737391130485062,0.8992151899316098,1.9636187606601194,-2.3714153492940957,0.001231503801715661,0.0,-0.0026933342244005454,-0.006484978973860578,0.0005516978185826638,0.004887823181023765,0.0009388434671635526,-0.0027328427756589946
84,0.7381790052287626,0.7381789956960233,0.0001165453854883622,4.323735583829342,2.6019126272086837,1.6436560791130863,4.126859661036748,-1.0,-0.8747071465872167,0.8526989269166337,-2.9731781771634913,0.9041297097768292,1.964532842838614,-2.374085564291793,0.0012256847817342376,0.0,-0.0026295846503279208,-0.006499248723506268,0.0005609358850149349,0.0049145198452194006,0.0009140821784945352,-0.002670214997697151
85,0.7376138424243277,0.7376138327925572,0.00011710916917704455,4.3237360756811505,2.601347463343921,1.643658698678961,4.128079802042998,-1.0,-0.877273789033088,0.8461842049312996,-2.9726076992981407,0.9090717332667895,1.965422618042172,-2.376693826452097,0.0012201410062502305,0.0,-0.0025666424458712367,-0.006514721985334093,0.0005704778653505826,0.004942023489960312,0.0008897752035581519,-0.0026082621603040756
86,0.737049331521749,0.7370493217909931,0.00011766931384056515,4.323736551364695,2.6007829513595553,1.6436613460634928,4.1292946844926535,-1.0,-0.879778282405428,0.8396527722832781,-2.972027356635272,0.9140420787034437,1.9662885294728774,-2.379240801919845,0.0012148824496556188,0.0,-0.002504493372340044,-0.0065314326480215845,0.0005803426628685493,0.0049703454366542,0.0008659114307052462,-0.0025469754677480694
87,0.7364851125956385,0.7364851027658679,0.00011822630505244586,4.323737011893836,2.600218731329983,1.6436640207771287,4.130504603936784,-1.0,-0.8822214053867619,0.8331033561556233,-2.971436806660199,0.9190415768399891,1.9671310092975451,-2.381727147664805,0.001209919444130847,0.0,-0.0024431229813338673,-0.006549416127654806,0.0005905499750733512,0.004999498136545433,0.0008424798246677856,-0.0024863457449599835
88,0.735920822659844,0.7359208127309553,0.0001187805909588805,4.323737458111169,2.599654440268748,1.6436667225653208,4.131709866650031,-1.0,-0.8846039219896845,0.8265346466713249,-2.9708356862685843,0.9240710720275482,1.9679504787209328,-2.3841535110912035,0.0012052627132463911,0.0,-0.0023825166029226574,-0.00656870948429833,0.0006011203916145291,0.00502949518755913,0.0008194694233876199,-0.00242636342639857
89,0.7353560951026447,0.7353560850744618,0.00011933262419876698,4.32373789071877,2.5990897115637432,1.6436694513617685,4.132910790059335,-1.0,-0.886926581321717,0.8199452951262658,-2.9702236107746196,0.9291314233839322,1.968747348054769,-2.3865205296347085,0.001200923409304444,0.0,-0.0023226593320324618,-0.00658935154505913,0.0006120754939646922,0.005060351356383941,0.0007968693338362698,-0.0023670185435049618
90,0.7347905590841143,0.7347905489563853,0.0001198828433715608,4.323738310302921,2.5985241743745915,1.6436722072501442,4.13410770321378,-1.0,-0.8891901173345828,0.8133339120917089,-2.9696001728162797,0.9342235059893055,1.9695220167815943,-2.3888288303451906,0.001196913154444701,0.0,-0.0022635360128657744,-0.006611383034556884,0.0006234379583398564,0.005092082605373305,0.0007746687268253005,-0.0023083007104820474
91,0.7342238388930822,0.7342238286654805,0.00012043168265204889,4.323738717353959,2.5979574529896112,1.6436749904326333,4.135300947299414,-1.0,-0.8913952485557525,0.8066990653779722,-2.9689649411530428,0.9393482121132566,1.9702748736123912,-2.391079029453337,0.0011932440856341486,0.0,-0.0022051312211697205,-0.006634846713736708,0.0006352316632369792,0.005124706123951106,0.0007528568307968442,-0.0022501991081465
92,0.7336555532607434,0.7336555429328653,0.00012097957928991639,4.323739112282196,2.597389166139438,1.6436778012039464,4.136490876203139,-1.0,-0.8935426777998982,0.8000392778499751,-2.968317459350082,0.9445064524775317,1.971006296536961,-2.3932717319189254,0.001189928903724713,0.0,-0.002147429244145682,-0.006659787527997119,0.0006474818029609253,0.005158240364275146,0.0007314229245698467,-0.0021927024655883365
93,0.7330853146274992,0.7330853041988629,0.0001215269589650623,4.32373949543066,2.596818926263867,1.6436806399297021,4.137677857129979,-1.0,-0.8956330918576654,0.7933530250843119,-2.9676572443416145,0.9496991575585134,1.971716652865957,-2.395407530958266,0.0011869809268398868,0.0,-0.0020904140577672203,-0.006686252765663148,0.0006602150084673575,0.0051927050809816855,0.0007103563289960757,-0.002135799039340469
94,0.7325127283591574,0.7325127178291997,0.00012207425790005823,4.323739867085261,2.596246338728062,1.6436835070282678,4.1388622712783905,-1.0,-0.8976671611589127,0.786638732856421,-2.9669837848647296,0.9549272789334003,1.972406299263435,-2.397487007548038,0.0011844141484118609,0.0,-0.0020340693012472766,-0.006714292227890883,0.0006734594768849078,0.005228121374886929,0.0006896463974779277,-0.0020794765897722556
95,0.7319373919081106,0.7319373812761876,0.00012262190814882717,4.32374022748289,2.595671000983739,1.643686402955306,4.140044514578641,-1.0,-0.8996455394072765,0.7798947744452398,-2.9662965397536056,0.9601917906739493,1.9730755817687102,-2.3995107299023957,0.0011822433002501853,0.0,-0.001978378248363888,-0.00674395841118125,0.0006872451111239464,0.005264511740548983,0.0006692825052752038,-0.002023722354357549
96,0.7313588939145614,0.7313588831799421,0.0001231703485010508,4.323740576817799,2.5950925016703916,1.64368932819041,4.141224998499743,-1.0,-0.9015688631825897,0.7731194677414721,-2.96559493608254,0.9654936907915805,1.9737248358062278,-2.4014792529198585,0.001180483921102038,0.0,-0.0019233237753131238,-0.006775306703767692,0.0007016036710654205,0.005301900117631209,0.0006492540375175881,-0.0019685230174628643
97,0.7307768132422566,0.7307768024041236,0.00012372001533905586,4.32374091524664,2.594510419651032,1.643692283225307,4.14240415093098,-1.0,-0.9034377515073058,0.7663110721442192,-2.9648783671446255,0.9708340027375985,1.9743543861820458,-2.4033931175960968,0.0011791524312370072,0.0,-0.0018688883247161003,-0.006808395597252881,0.0007165689379147189,0.005340311946017917,0.0006295503758180221,-0.0019138646762382194
98,0.7301907179425188,0.7301907069999639,0.00012427136052329385,4.323741242892366,2.5939243229762257,1.6436952685531871,4.143582417144625,-1.0,-0.9052528053726632,0.7594677852292226,-2.9641461902511708,0.9762137769622433,1.9749645470654156,-2.405252850398261,0.0011782662136452515,0.0,-0.0018150538653574078,-0.0068432869149965825,0.0007321768934547279,0.005379774224644862,0.000610160883369737,-0.0018597328021643378
99,0.7296001641396277,0.729600153091649,0.0001248248278736504,4.323741559847221,2.5933337677694754,1.6436982846587886,4.1447602608471765,-1.0,-0.9070146072198342,0.7525877391703256,-2.9633977243350733,0.9816340925362398,1.9755556219537953,-2.407058962596001,0.0011778437025515842,0.0,-0.0017618018471710073,-0.006880046058897027,0.0007484659160974516,0.00542031557399647,0.0005910748883797279,-0.0018061121977397399
100,0.729004694829756,0.7290046836752552,0.00012538087984352182,4.323741866174984,2.592738297026161,1.643701332008893,4.145938165327199,-1.0,-0.908723720370761,0.7456689968939569,-2.962632247339258,0.9870960588384594,1.9761279036194712,-2.4088119495437237,0.0011779044800226401,0.0,-0.001709113150926811,-0.0069187422763686834,0.0007654769958151952,0.005461966302219623,0.0005722816656759111,-0.0017529869477228566
101,0.728403838584749,0.7284038273225281,0.00012593997762952986,4.323742161912579,2.592137439317323,1.6437044110429608,4.14711663470873,-1.0,-0.9103806884027501,0.7387095479444593,-2.961848993368957,0.9926008173132208,1.976681674035763,-2.4105122899080076,0.0011784693815304337,0.0,-0.0016569680319891145,-0.006959448949497626,0.00078325397030099,0.005504758474761395,0.0005537704162916768,-0.0017003403642839032
102,0.727797108150977,0.7277970967797339,0.00012650258811755993,4.323742447071176,2.591530707388518,1.643707522163619,4.148296195320224,-1.0,-0.9119860344601808,0.7317073040359017,-2.961047149584012,0.9981495433006371,1.9772172042805682,-2.412160444833315,0.0011795606114946011,0.0,-0.0016053460574306788,-0.007002243908557637,0.0008018437849450777,0.005548725987416292,0.0005355302448053489,-0.0016481549253075656
103,0.7271839989323066,0.7271839874506315,0.00012706918887929786,4.323742721636858,2.590917596642792,1.6437106657267542,4.149477397190125,-1.0,-0.9135402604958655,0.724660094263608,-2.960225852804446,1.003743447943235,1.977734754414742,-2.413756857038313,0.0011812018699011162,0.0,-0.0015542260356846693,-0.007047209772293672,0.0008212967795659942,0.005593904642597902,0.0005175501341736499,-0.0015964122049978435
104,0.7265639873449008,0.7265639757512743,0.000127640264316938,4.323742985570909,2.5902975834954938,1.64371384203096,4.150660815681401,-1.0,-0.9150438464336546,0.7175656599459785,-2.9593841857992533,1.0093837801718206,1.9782345733324984,-2.4153019498341233,0.0011834184912755674,0.0,-0.001503585937789098,-0.007094434317629461,0.0008416670051927255,0.0056403322285856206,0.0004998189177565227,-0.0015450927958102767
105,0.72593652903006,0.7259365173228457,0.0001282163088158213,4.323743238809793,2.5896701235871085,1.6437170513060988,4.151847053278838,-1.0,-0.9164972492428011,0.7104216490642464,-2.9585211732246295,1.0150718287732146,1.978716898580687,-2.416796126054711,0.0011862375974374118,0.0,-0.00145340280914652,-0.00714401088173211,0.0008630125746238448,0.005688048601393936,0.00048232524818847544,-0.001494176220587562
106,0.7253010569095543,0.7253010450869962,0.00012879781944576398,4.32374348126484,2.5890346498386063,1.6437202937007076,4.153036741544485,-1.0,-0.9179009019133537,0.70322561026457,-2.9576357771736297,1.0208089245420051,1.9791819561433779,-2.4182397668883313,0.0011896882656463603,0.0,-0.0014036526705526464,-0.007196038799676452,0.0008853960509997982,0.005737095768790557,0.00046505756269099585,-0.0014436408336204742
107,0.7246569790659919,0.7246569671262102,0.00012938531114614995,4.323743712821705,2.588390570331815,1.6437235692679855,4.154230543258453,-1.0,-0.919255212320414,0.6959749863832794,-2.95672689229445,1.0265964425178389,1.9796299601877365,-2.419633230597476,0.0011938017139687673,0.0,-0.001354310407060244,-0.007250623881290608,0.0009088848791796167,0.005787517975833767,0.00044800404435862973,-0.0013934637091446156
108,0.7240036764285017,0.7240036643694865,0.00012997929559940583,4.323743933339588,2.5877372659951092,1.6437268779500571,4.155429154764372,-1.0,-0.9205605619634375,0.6886671074521382,-2.955793340429046,1.0324358043089323,1.9800611127666177,-2.4209768511130463,0.0011986115059183788,0.0,-0.0013053496430235345,-0.007307878931141154,0.0009335518654038921,0.005839361791093456,0.00043115257888115543,-0.001343620515570354
109,0.7233405002414689,0.7233404880610771,0.0001305803099675007,4.323744142650255,2.5870740880721583,1.643730219560191,4.156633308541081,-1.0,-0.9218173045648409,0.6812991831361055,-2.9548338647175716,1.0383284805014106,1.9804756034726867,-2.4222709364865214,0.001204153776709127,0.0,-0.0012567426014034044,-0.007367924316032726,0.0009594757114745889,0.005892676192478241,0.00041449070606902616,-0.0012940853734750846
110,0.7226667692911739,0.7226667569871215,0.00013118888557174378,4.3237443405568765,2.586400355348575,1.6437335937625954,4.157843776024845,-1.0,-0.9230257645099583,0.6738682945512583,-2.95384712310699,1.0442759931526857,1.9808736090381422,-2.423515767181581,0.0012104674837640772,0.0,-0.0012084599451174238,-0.007430888584847195,0.000986741610581543,0.005947512651275133,0.0003980055654555503,-0.001244830695059651
111,0.721981766861803,0.7219817544316615,0.00013180557300153744,4.323744526832688,2.5857153511079396,1.6437370000493803,4.159061370709316,-1.0,-0.9241862351078093,0.666371385405206,-2.952831681194047,1.050279918365308,1.981255292873267,-2.42471159418401,0.001217594684471024,0.0,-0.00116047059785096,-0.007496909146052277,0.0010154419129428938,0.006003925212622274,0.00038168383512471316,-0.0011958270024288176
112,0.7212847373885167,0.7212847248297057,0.00013243092625530282,4.323744701219498,2.5850183197848855,1.6437404377141942,4.160286951553907,-1.0,-0.9252989766491428,0.6588052523964664,-2.951786004323444,1.0563418889354572,1.9816208045360406,-2.425858636905608,0.001225580844590901,0.0,-0.0011127415413335617,-0.0075661330087396506,0.001045676870603085,0.006061970570149233,0.0003655116627736543,-0.0011470427215982681
113,0.7205748827708206,0.7205748700806024,0.00013306551733033496,4.323744863426025,2.5843084632784867,1.6437439058219963,4.161521426735069,-1.0,-0.9263642142347206,0.6511665348028162,-2.950708448851295,1.0624635970673741,1.9819702791238927,-2.4269570808542493,0.0012344751811621535,0.0,-0.0010652375855777496,-0.007638717593650202,0.001077555472149161,0.006121708131916925,0.0003494745878520611,-0.0010984439486412256
114,0.7198513583044372,0.7198513454799113,0.00013370991881212887,4.323745013126126,2.5835849368841544,1.6437474031743022,4.162765757779382,-1.0,-0.9273821353427204,0.6434517031815626,-2.949597252471609,1.0686467971414209,1.982303836577317,-2.428007075038013,0.001244331044312652,0.0,-0.0010179211079998085,-0.007714831621253526,0.0011111963796857083,0.006183200074046713,0.00033355745342422694,-0.001049994183763836
115,0.7191132681840184,0.7191132552221133,0.00013436471832757712,4.3237451499569,2.5828468447963706,1.6437509282691685,4.164020964122308,-1.0,-0.9283528870993568,0.635657047096938,-2.9484505234892953,1.0748933085189067,1.9826215808834844,-2.4290087290664255,0.0012552063429263072,0.0,-0.0009707517566364121,-0.007794656084624596,0.0011467289823139382,0.006246511377485886,0.00031774430616748894,-0.0010016540284123465
116,0.7183596605222807,0.7183596474197468,0.00013503050787959955,4.323745273516698,2.5820932351278545,1.6437544792550336,4.165288128142156,-1.0,-0.9292765732112087,0.6277786617814005,-2.9472662289067832,1.0812050183611226,1.982923599166122,-2.4299621099060613,0.0012671640198478329,0.0,-0.0009236861118518958,-0.007878385315537528,0.0011842945825120132,0.006311709842215851,0.0003020182826376505,-0.000953380839635809
117,0.7175895218233388,0.7175895085767429,0.00013570789472833213,4.32374538336307,2.5813230943829355,1.6437580538773886,4.166568400725211,-1.0,-0.9301532505111532,0.619812433628497,-2.94604218117241,1.0875838844328778,1.9832099606457296,-2.430867238241015,0.0012802725830551864,0.0,-0.0008766772999444505,-0.007966228152903487,0.0012240477343734568,0.006378866071755196,0.0002863614796075886,-0.0009051283349537087
118,0.7168017708389627,0.7168017574446799,0.00013639748098053162,4.323745479010727,2.5805353413138454,1.6437616494170684,4.167863007425322,-1.0,-0.9309829250620449,0.611754024405127,-2.9447760234168077,1.0940319378519048,1.9834807154516199,-2.431724084380767,0.0012946067001111672,0.0,-0.0008296745508917791,-0.008058409223369978,0.0012661577556021264,0.006448053419026989,0.0002707548058902276,-0.0008568461397517879
119,0.7159952517259687,0.7159952381801751,0.0001370998826294486,4.323745559929515,2.579728820078163,1.6437652626187507,4.1691732552895235,-1.0,-0.9317655477531256,0.603598854060582,-2.9434652129781935,1.1005512857343325,1.9837358932642006,-2.4325325636485893,0.0013102478642013082,0.0,-0.0007826226910806477,-0.008155170344545049,0.0013108104386141406,0.006519347882427695,0.00025517781258077576,-0.0008084792678224595
120,0.7151687264107814,0.7151687127094455,0.00013781571575869448,4.323745625542567,2.5789022926034275,1.6437688896079787,4.170500540430706,-1.0,-0.9325010093133194,0.5953420819987173,-2.942107002988098,1.107144113672481,1.9839755017622938,-2.433292531172534,0.0013272851411825215,0.0,-0.0007354615601937731,-0.008256772061864703,0.0013582099900957267,0.006592827938148416,0.00023960849809312457,-0.0007599675239449155
121,0.7143208660530121,0.7143208521918895,0.00013854559114832908,4.323745675224666,2.5780544300507913,1.6437725257947298,4.171846356439024,-1.0,-0.933189134652756,0.5869785866682007,-2.9406984217550605,1.1138126879638197,1.9841995248459852,-2.4340037759879003,0.001345816008317513,0.0,-0.0006881253394366293,-0.008363495330516613,0.0014085812330373315,0.006668574291338825,0.00022402308369140478,-0.0007112448153661077
122,0.7134502414834225,0.7134502274580471,0.00013929012177948106,4.323745708301053,2.5771838032530563,1.6437761657611913,4.173212303735789,-1.0,-0.9338296764286389,0.5785029433142407,-2.9392362496443734,1.1205593574881767,1.984407920600378,-2.4346660143444847,0.001365947296765313,0.0,-0.000640541775882908,-0.008475643353960005,0.00146217211068711,0.006746669524356985,0.00020839575439279834,-0.0006622383565844103
123,0.7125553124724193,0.7125552982780966,0.00014004990470877383,4.323745724046828,2.5762888719832633,1.6437798031309678,4.174600099987202,-1.0,-0.9344223077134952,0.5699093997239303,-2.93771699310621,1.1273865551031246,1.98460061895953,-2.435278882093409,0.0013877962514134978,0.0,-0.0005926312848563153,-0.008593543590310393,0.001519256538163205,0.0068271976149478775,0.0001926983591520326,-0.0006128677489241063
124,0.7116344156628781,0.7116344012946809,0.00014082552873930358,4.32374572168727,2.5753679728876286,1.643783430416429,4.176011591710518,-1.0,-0.9349666136223002,0.5611918497869396,-2.9361368554514695,1.1342967983935268,1.9847775190225805,-2.4358419260062534,0.00141149172331545,0.0,-0.0005443059088049429,-0.008717549936990698,0.001580137654740632,0.00691024329040224,0.0001769000630504891,-0.000563043912844563
125,0.7106857509750399,0.7106857364278009,0.00014161755047707104,4.323745700399406,2.5744193058905624,1.6437870388403082,4.177448767222268,-1.0,-0.9354620817292849,0.5523438046846214,-2.9344917039132214,1.1412926895687994,1.9849384859653718,-2.436354593852965,0.001437175511750155,0.0,-0.0004954681069847533,-0.00884804510231818,0.0016451515382480686,0.0069958911752725506,0.00016096694279132961,-0.0005126678467117785
126,0.709707366260886,0.7097073515291942,0.0001424264992553884,4.3237456593153825,2.573440918849199,1.6437906181269146,4.178913771096991,-1.0,-0.935908091074562,0.5433583615148924,-2.932777032460586,1.1483769142483855,1.9850833474804603,-2.4368162230336416,0.0014650038747232585,0.0,-0.00044600934527705416,-0.008985443169729046,0.0017146714526354856,0.0070842246795861374,0.00014486151508852352,-0.0004616291806764927
127,0.7086971399501361,0.7086971250283356,0.0001432528540233447,4.323745597528268,2.572430690199573,1.6437941562574814,4.18040892032554,-1.0,-0.9363038995240432,0.5342281691592561,-2.930987919749814,1.1555522388095598,1.9852118896659277,-2.437226027521843,0.0014951492285488754,0.0,-0.000395808449481283,-0.00913019235563628,0.0017891127107718674,0.007175324561174312,0.00012854218546731744,-0.0004098044882012708
128,0.7076527613890622,0.7076527462712522,0.00014409703648563733,4.323745514101173,2.5713863092956406,1.643797639183136,4.1819367223842745,-1.0,-0.9366486292022717,0.5249453912044864,-2.9291189815028975,1.1628215058885776,1.98532385226842,-2.4375830828323255,0.0015278020587343732,0.0,-0.00034472967822840594,-0.009282777954769728,0.001868938246916585,0.0072692670790177605,0.00011196260249235479,-0.0003570553104825791
129,0.7065717085258825,0.7065716932059206,0.00014495939077775055,4.323745408080882,2.5703052540949187,1.6438010504877958,4.1834998954499625,-1.0,-0.9369412496653223,0.515501665748171,-2.927164316495791,1.1701876275221443,1.9854189231678547,-2.437886308672571,0.0015631730656879839,0.0,-0.0002926204630506746,-0.009443725456315333,0.001954665007106726,0.007366121633566758,9.50708994347238e-05,-0.00030322584024533583
130,0.7054512225418047,0.7054512070133158,0.0001458401411340579,4.323745278517546,2.569184765789818,1.643804370991888,4.185101391019244,-1.0,-0.9371805584181784,0.5058880619492048,-2.9251174452150406,1.1776535752858686,1.9854967319696326,-2.438134448873567,0.0016014955692815747,0.0,-0.0002393087528560489,-0.009613603798966253,0.0020468712807502065,0.007465947763724223,7.780880177787886e-05,-0.00024814020099617196
131,0.7042882789640778,0.7042882632204668,0.00014673939967206804,4.3237451244925165,2.568021819921029,1.6438075782861694,4.186744419214915,-1.0,-0.9373651583060136,0.496095033237842,-2.9229712401023855,1.1852223666232022,1.9855568425442527,-2.4383260481189897,0.0016430281956711923,0.0,-0.00018459988783525727,-0.009793028711362783,0.002146205112655064,0.00756879133733368,6.011057462007585e-05,-0.00019159924542266893
132,0.7030795547259785,0.7030795387604524,0.0001476570853845615,4.3237449451570775,2.5668130934379034,1.6438106461830833,4.18843247708217,-1.0,-0.9374934312194085,0.4861123671838689,-2.9207178461514953,1.19289704635414,1.9855987443231429,-2.4384594249010854,0.0016880578672546775,0.0,-0.0001282729133949001,-0.009982666053973077,0.0022533939508901923,0.007674679730937717,4.1901778890185426e-05,-0.00013337678209568438
133,0.7018213905583461,0.7018213743639444,0.0001485929121517509,4.323744739785744,2.5655549270904467,1.6438135440710118,4.190169380193287,-1.0,-0.9375635074472576,0.4759291321478084,-2.9183485904505257,1.2006806620975938,1.9856218421223193,-2.4385326400237246,0.0017369031111167388,0.0,-7.007622784904743e-05,-0.0101832350360605,0.0023692557009695747,0.0077836157434538755,2.3097799176419187e-05,-7.321512263924745e-05
134,0.7005097480082094,0.700509731577848,0.0001495463137191372,4.3237445078490016,2.5642432824484733,1.6438162361545268,4.191959297884607,-1.0,-0.937573229885419,0.46553362102506984,-2.915853879081684,1.208576232022588,1.9856254442211718,-2.4385434598458047,0.0017899176913207526,0.0,-9.72243816144136e-06,-0.010395511122738565,0.0024947113688416067,0.007895569924994073,3.6020988525287123e-06,-1.0819822080065933e-05
135,0.6991401602836381,0.6991401436101683,0.00015051637783652545,4.323744249111968,2.562873692747071,1.6438186805613797,4.193806792438326,-1.0,-0.9375201121615149,0.45491329265852476,-2.913223079600954,1.2165867029465252,1.9856087483711384,-2.4384893133090184,0.001847494553718576,0.0,5.311772390415026e-05,-0.010620328366545084,0.002630799480729973,0.008010470923937252,-1.6695850033388027e-05,5.414653678625925e-05
136,0.6977076760230774,0.6977076590993657,0.00015150175410587986,4.32374396376761,2.5614412066566254,1.6438208282946962,4.195716862483717,-1.0,-0.9374012895646462,0.44405471187050183,-2.910444387139147,1.2247148963064696,1.9855708253472766,-2.438367241621115,0.0019100700453913433,0.0,0.00011882259686868402,-0.010858580788022931,0.002778692461807175,0.008128193359944413,-3.79230238618522e-05,0.00012207168790334677
137,0.6962067949876909,0.696206777806727,0.0001525005382708087,4.323743652615959,2.559940323975952,1.643822622006926,4.19769499081372,-1.0,-0.9372134614721952,0.43294348958976714,-2.90750467200917,1.2329634389220743,1.98551059958399,-2.43817383926853,0.001978128330002882,0.0,0.0001878280924509923,-0.01111122228073469,0.0029397151299770385,0.008248542615604704,-6.0225763286680944e-05,0.0001934023525849149
138,0.6946313945863418,0.6946313771413775,0.00015351014275532437,4.3237433173045225,2.5583649221581393,1.6438239945710849,4.199747196672699,-1.0,-0.9369528237455785,0.421564225274203,-2.904389306605359,1.2413346747253322,1.9854268263542107,-2.4379051848123834,0.002052205858978695,0.0,0.00026063772661666373,-0.01137926431556413,0.0031153654038109657,0.008371235803257937,-8.377322977914936e-05,0.0002686544561467663
139,0.692974646080653,0.6929746283653864,0.00015452711092666077,4.323742960650022,2.5567081725165486,1.6438248674255405,4.201880092340588,-1.0,-0.936614989328035,0.40990045482260457,-2.901081969388372,1.2498305527320628,1.985318064860084,-2.4375567596853718,0.002132895667888768,0.0,0.0003378344175435366,-0.011663770451598443,0.0033073372169871718,0.008495878006730573,-0.00010876149412664127,0.000348425127011609
140,0.6912289193074,0.6912289013162152,0.0001555469116841638,4.3237425870679855,2.5549624449481874,1.6438251486723243,4.204100943476617,-1.0,-0.9361948950323353,0.3979346085147855,-2.8975644239387717,1.2584524854566301,1.98518264650553,-2.4371233529672645,0.0022208511360295446,0.0,0.00042009429569966894,-0.01196584630781905,0.0035175454496001457,0.00862193272456735,-0.00013541835455410656,0.0004334067181073209
141,0.689385674836149,0.6893856565644235,0.0001565636608269051,4.32374220314497,2.5531192000923073,1.6438247309177394,4.206417732135945,-1.0,-0.9356866922779928,0.3856479853243481,-2.8938162715466382,1.267201170719788,1.9850186375232335,-2.4365989498986407,0.0023167886593276066,0.0,0.0005082027543424905,-0.01228662319043744,0.0037481523921334414,0.008748685263157974,-0.00016400898229651517,0.0005244030686237799
142,0.6874353427101877,0.6874353241546911,0.00015756978406789916,4.3237418183987035,2.551168868072196,1.6438234888608725,4.208839220558225,-1.0,-0.935083619367315,0.3730207523402013,-2.889814676747998,1.2760763683882026,1.9848237950423617,-2.435976601740039,0.0024214884222804045,0.0,0.0006030729106778487,-0.012627232984146752,0.004001594798640262,0.008875197668414492,-0.0001948424808717597,0.0006223481586018487
143,0.6853671873844589,0.685367168543863,0.00015855560681450918,4.323741446284282,2.5491007134337083,1.6438212766648963,4.211375012647142,-1.0,-0.9343778528463753,0.36003198115405927,-2.885534066857426,1.2850766220750067,1.984595515629082,-2.4352482745695583,0.002535792088917077,0.0,0.0007057665209396768,-0.012988771186142056,0.004280609890571885,0.009000253686804127,-0.00022827941327974166,0.0007283271704805472
144,0.6831691592989003,0.6831691401744272,0.00015950883686788038,4.32374110551997,2.546902686718724,1.643817925194019,4.214035608384987,-1.0,-0.9335603356912288,0.34665973706492254,-2.8809458092087863,1.2941989143605692,1.9843307753434711,-2.434404674852166,0.0026605957378444955,0.0,0.0008175171551465521,-0.013372244089136731,0.004588257648639793,0.009122292285562494,-0.00026474028561085383,0.0008435997173923404
145,0.6808277348807651,0.6808277154770112,0.0001604139287209109,4.323740821823137,2.544561264466771,1.6438132392739906,4.216832444099851,-1.0,-0.9326205806624829,0.3328812419276658,-2.876017873946709,1.3034382429215112,1.9840260604870843,-2.433435050287097,0.002796835714864443,0.0,0.0009397550287458811,-0.013778495137256708,0.004927935262077465,0.009239328560942006,-0.00030471485638683404,0.0009696245650689939
146,0.6783277488846368,0.6783277292106072,0.00016125132817770312,4.3237406301637975,2.542061281553047,1.643806995247035,4.219777908351403,-1.0,-0.9315464484377846,0.31867313744233844,-2.8707144963822246,1.3127871045359982,1.983677288546654,-2.4323269658108675,0.0029454642515513996,0.0,0.001074132224698321,-0.014208104485327389,0.00530337756448418,0.009348861614487003,-0.00034877194043025916,0.001108084476229454
147,0.6756522261431804,0.6756522062135829,0.00016199653746367868,4.323740577655691,2.539385762935241,1.643798939255367,4.2228853190631055,-1.0,-0.9303239024268145,0.304011882440964,-2.8649958618244145,1.3222348750013473,1.9832797194899587,-2.4310660570799785,0.0031074107117028404,0.0,0.0012225460109700492,-0.01466125500137444,0.005718634557810187,0.009447770465349059,-0.0003975690566953016,0.001260908730889021
148,0.6727822243495454,0.6727822041863798,0.0001626190628855761,4.3237407272049095,2.5365157664292215,1.6437887869130277,4.226168842318188,-1.0,-0.9289367459916174,0.2888743246756964,-2.8588178481575364,1.3317670766876393,1.9828278587046657,-2.4296357677880347,0.003283523255082521,0.0,0.0013871564351971566,-0.015137557765267595,0.0061780136668780905,0.009532201686291986,-0.0004518607852930234,0.001430289291943776
149,0.6696967057488411,0.669696685383328,0.0001630811621385783,4.323741162010267,2.5334302543900034,1.6437762253193575,4.229643327062059,-1.0,-0.9273663537566733,0.27323849346068285,-2.85213187784137,1.3413645333865893,1.9823153547029777,-2.4280170834198755,0.003474484743870576,0.0,0.0015703922349440402,-0.01563583121501355,0.0066859703161665784,0.009597456698950069,-0.0005125040016880078,0.0016186843681591512
150,0.66637246377574,0.6663724432506108,0.00016333651865089115,4.32374199093552,2.5301060203339625,1.643760918718221,4.233324023318114,-1.0,-0.925591417480516,0.2570846619290231,-2.8448849515462116,1.3510024264527671,1.9817348974902005,-2.426188283198557,0.0036806962560556045,0.0,0.001774936276157324,-0.01615383153165978,0.007246926295158218,0.009637893066177794,-0.000580457212777219,0.001828800221318705
151,0.6627841405698057,0.6627841199419297,0.00016332886759819518,4.323743354620287,2.52651770643295,1.6437425194690918,4.237226145623581,-1.0,-0.9235877391377637,0.2403967228321507,-2.8370199591865344,1.3606492894814222,1.981078127441523,-2.4241247445901903,0.0039021223054671594,0.0,0.0020036783427522797,-0.016687939096872384,0.007864992359677192,0.009646863028655028,-0.0006567700486774797,0.0020635386083664997
152,0.6589043820207944,0.6589043613640609,0.00016299079630818414,4.323745431924347,2.522637958532248,1.6437206862621663,4.2413642404959955,-1.0,-0.9213281194918505,0.2231639042129281,-2.828476387382731,1.3702660131869457,1.980335569742114,-2.4217988508097115,0.004138094872414122,0.0,0.002259619645913258,-0.0172328186192226,0.008543571803803385,0.009616723705523578,-0.0007425576994088967,0.0023258937804788715
153,0.6547041863733805,0.6547041657816471,0.0001622429618849683,4.323748445872017,2.5184377747227966,1.643695111481844,4.245751320534666,-1.0,-0.9187824084295069,0.20538281400344416,-2.819191558563531,1.3798049784406388,1.9794966156720202,-2.419180070105441,0.004387080038670277,0.0,0.002545711062343581,-0.01778109020948393,0.009284828819200008,0.009538965253693021,-0.0008389540700939335,0.0026187807042705735
154,0.6501535064864626,0.6501534860762012,0.00016099418143737996,4.32375266766868,2.5138871075660734,1.6436655589983555,4.25039774336661,-1.0,-0.9159178004808319,0.18705973887256228,-2.8091025346202634,1.3892094904464107,1.9785495783557494,-2.416235292782624,0.0046464228319438305,0.0,0.0028646079486749354,-0.018323075130881883,0.010089023943267605,0.00940451200577197,-0.0009470373162707713,0.0029447773228170604
155,0.6452221586341197,0.6452221385462092,0.0001591429911245303,4.323758416661053,2.508955772865083,1.6436319120768084,4.255309846783457,-1.0,-0.9126994689743582,0.16821302952770575,-2.7981487813652635,1.3984137406480208,1.977481855137231,-2.412929521347719,0.0049121034168475575,0.0,0.0032183315064737705,-0.01884670934485652,0.01095375325499992,0.009204250201610087,-0.001067723218518335,0.0033057714349049583
156,0.6398810651127933,0.6398810455126601,0.0001565813906402878,4.323766053498786,2.503614692255848,1.643594228248846,4.260488406030096,-1.0,-0.909091625446542,0.1488752891455071,-2.7862756019075325,1.4073435552305629,1.9762802283839933,-2.4092270007014993,0.005178559246639125,0.0,0.003607843527816179,-0.019337740382198654,0.01187317945773092,0.00892981458254205,-0.0012016267532377611,0.0037025206462195648
157,0.6341038082221435,0.634103789297259,0.000153201484219279,4.323775963595067,2.49783744719892,1.6435527939845356,4.26592705319835,-1.0,-0.9050590556148117,0.12909496782754903,-2.77343819732866,1.4159181704966144,1.9749313273609306,-2.405092837043105,0.0054386471682539295,0.0,0.004032569831730282,-0.019780321317958066,0.012837404578872391,0.008574615266051522,-0.0013489010230627319,0.004134163658394474
158,0.6278684000619457,0.627868382015691,0.00014890555406122757,4.323788528780435,2.491602048824164,1.6435081676839147,4.271610878708675,-1.0,-0.9005691107193119,0.1089368990007054,-2.759606011980272,1.4240531743651699,1.9734222525496683,-2.400495077387084,0.005683825510324425,0.0,0.004489944895499809,-0.020158068826843636,0.013832185348388037,0.00813500386855548,-0.0015090748112622787,0.004597759656020717
159,0.6211590885638717,0.6211590716050202,0.00014361953765881436,4.3238040872211085,2.484892744051616,1.643461196707477,4.277515493600682,-1.0,-0.8955940256900315,0.08848135171482269,-2.744766812279138,1.4316645536124342,1.9717413303288829,-2.395407109398348,0.005904614892007665,0.0,0.004975085029280346,-0.02045554728588271,0.01483919970113412,0.007611379247264294,-0.001680922220785419,0.005087967988736342
160,0.6139679518853403,0.6139679362131312,0.00013730903149579359,4.323822885183349,2.477701610107053,1.6434129952869085,4.283606832580673,-1.0,-0.8901133149663522,0.06782136153635561,-2.728929810911932,1.4386735111655633,1.969878926182477,-2.3898101167370385,0.006091338979990368,0.0,0.005480710723679394,-0.020659990178467078,0.015837001367205783,0.007008957553129136,-0.001862404146405927,0.005596992661309308
161,0.6062960148998588,0.6062960006856969,0.0001299960803451627,4.323845028171454,2.47002967114355,1.6433648768866878,4.289841892825912,-1.0,-0.8841159044089135,0.047058436845821616,-2.712127172199497,1.4450114430172554,1.9678282111965435,-2.3836952318917586,0.006235060245239232,0.0,0.005997410557438632,-0.020762924690533993,0.016802638712435147,0.006337931851692069,-0.002050714985933455,0.006114884845279889
162,0.5981536777554866,0.5981536651235507,0.00012177432429470051,4.323870441644135,2.4618873269083803,1.6433182461700047,4.296170434061515,-1.0,-0.8776016411893923,0.026297133178587333,-2.694413468514177,1.450624303235519,1.9655857650471849,-2.3770650158117004,0.006328541235602891,0.0,0.006514263219521199,-0.020761303667234283,0.01771370368531988,0.005612860218263682,-0.0022424461493586456,0.006630216080058204
163,0.5895603731906525,0.5895603622006311,0.00011282027252205147,4.323898851179454,2.4532940101151066,1.6432744682239995,4.302537456398562,-1.0,-0.8705819098794956,0.005639300750672281,-2.6758630627110254,1.4554756337372583,1.9631519191291478,-2.3699339885623414,0.00636702233704689,0.0,0.007019731309896748,-0.02065783242791505,0.018550405803151815,0.004851330501739248,-0.002433845918037081,0.00713102724935899
164,0.5805435271996883,0.5805435178350399,0.00010339928963831143,4.323929788030092,2.444277147099659,1.6432347405447483,4.308886098795014,-1.0,-0.8630792556688115,-0.014821097059533491,-2.656565835108819,1.459547806510858,1.960530792945333,-2.3623281189212233,0.006348642396452497,0.0,0.007502654210684079,-0.020460397810205772,0.019297227602206313,0.004072172773599725,-0.002621126183814715,0.00760586964111809
165,0.5711370292379132,0.5711370214022701,9.386608461193729e-05,4.323962619759082,2.4348706279582566,1.6431999925918943,4.315160529241207,-1.0,-0.8551261158848704,-0.035001868754903374,-2.6366219911263333,1.4628414275155148,1.9577300385615037,-2.3542833907284475,0.0062744304461928024,0.0,0.007953139783941077,-0.020180771695369883,0.01994384398248572,0.0032936210046567993,-0.002800754383829318,0.008044728192775796
166,0.561379479026349,0.561379472549081,8.46593025392757e-05,4.323996599620981,2.4251130532517418,1.6431708289221185,4.321308448067039,-1.0,-0.8467629175397655,-0.05483481727799644,-2.6161367712428563,1.465373231078242,1.9547603597157475,-2.345843725415046,0.006147918825831766,0.0,0.008363198345104905,-0.019832948523093065,0.020485219883477068,0.0025318035627270863,-0.002969678845756274,0.008439665313401346
167,0.5513124583894334,0.5513124530395522,7.628616839113309e-05,4.32403092486522,2.41504600573871,1.6431475193539036,4.327282963887571,-1.0,-0.8380358658926018,-0.07426632931913381,-2.5952157438925774,1.467173023688447,1.9516348985363128,-2.3370586067251504,0.005974515820532211,0.0,0.008727051647163697,-0.01943151204113737,0.020921027350278898,0.001799792610205131,-0.0031254611794346854,0.008785118689895732
168,0.5409790035599101,0.5409789990659502,6.92844708926433e-05,4.324064794006759,2.4047125225936354,1.6431300286300408,4.333043764713441,-1.0,-0.8289947255262808,-0.0932566547669602,-2.573961090237935,1.468280274603851,1.9483685814086824,-2.3279807250105296,0.005760800825870049,0.0,0.009041140366320977,-0.01899032544782639,0.021254653654642297,0.001107250915403979,-0.0032663171276303693,0.009077881714620872
169,0.5304223644887793,0.5304223605614778,6.414010239655823e-05,4.324097455557715,2.3941558546577086,1.6431180719531964,4.338557639482427,-1.0,-0.819690813716927,-0.11177833194895663,-2.5524690065217936,1.46874084013158,1.9449774949323133,-2.318663869669119,0.005513874768985794,0.0,0.00930391180935386,-0.018521677181996432,0.02149208371614142,0.0004605655277289955,-0.0033910864763690984,0.00931685534141069
170,0.5196850634876236,0.5196850598422165,6.115348686805756e-05,4.3241282442039575,2.383418525048656,1.643111181921947,4.343798481761799,-1.0,-0.8101753276119709,-0.12981420229248447,-2.5308281375518074,1.4686041302706512,1.9414783353925433,-2.30916119337946,0.00524084227937216,0.0,0.009515486104956117,-0.01803587034352784,0.021640868969986293,-0.00013670986092884085,-0.0034991595397699804,0.00950267628965884
171,0.5088082193914496,0.5088082157669918,6.0310056411985045e-05,4.324156603591159,2.3725416533104937,1.6431087751151745,4.348746930084943,-1.0,-0.8004980426946146,-0.14735536052334117,-2.509118840771829,1.4679208529509016,1.9378879503710424,-2.2995238828758233,0.004948448323143673,0.0,0.00967728491735631,-0.017541158230856696,0.02170929677997835,-0.0006832773197495978,-0.003590385021500886,0.009637310503636698
172,0.4978310841463464,0.4978310803203793,6.126357951891674e-05,4.324182097057317,2.3615644919990944,1.643110210701611,4.35338978588045,-1.0,-0.7907063634634663,-0.16439926328472834,-2.48741304981074,1.4667413422896873,1.934222973609232,-2.2898002116786853,0.004642855795506939,0.0,0.00979167923114821,-0.017043902761387175,0.021705790961088933,-0.0011795106612142447,-0.0036649767618104345,0.009723671197138017
173,0.48679073797447847,0.4867907337723484,6.346704563943163e-05,4.324204408729432,2.350524121849439,1.6431148373753268,4.3577193196300765,-1.0,-0.7808446777590099,-0.18094810945569353,-2.4657745282053507,1.4651144019815292,1.930499544407231,-2.2800349196431218,0.004329533749626968,0.0,0.009861685704456447,-0.016548846170965192,0.02163852160538937,-0.0016269403081581313,-0.003723429202000972,0.009765292035563533
174,0.4757218979803626,0.47572189327928766,6.635067941069361e-05,4.324223337648012,2.3394552603846583,1.643122027852086,4.361732542868118,-1.0,-0.7709539566648509,-0.19700752597831742,-2.4442593488020825,1.463086563726912,1.9267330988983271,-2.2702688547723007,0.004013223238041874,0.0,0.009890721094159005,-0.01605941652262388,0.021515179403268192,-0.0020278382546172757,-0.003766445508903926,0.0097660648708211
175,0.4646568065591667,0.4646568012877302,6.943822483006408e-05,4.324238787336115,2.328390150326237,1.6431312019650064,4.365430495382499,-1.0,-0.7610715442927601,-0.21258554446700972,-2.422916482319476,1.4607016582235426,1.9229382202178529,-2.2605388158285766,0.0036979525143809866,0.0,0.009882412372090754,-0.015578018488692308,0.021342866482606304,-0.002384905503369339,-0.003794878680474234,0.00973003894372404
176,0.4536251765119717,0.4536251706460438,7.238278892623574e-05,4.3242507527711425,2.317358504710586,1.6431418402684643,4.3688175759405485,-1.0,-0.7512310896305211,-0.2276918297142679,-2.401788419602484,1.4580006089292112,1.919128536026897,-2.2508775430948353,0.003387080558049149,0.0,0.00984045466223904,-0.015106285247258183,0.02112806271699208,-0.002701049294331348,-0.003809684190955842,0.009661272733741288
177,0.442654177882244,0.4426541714384471,7.495622387271081e-05,4.324259306227431,2.3063874937271773,1.643153490294139,4.371900930666926,-1.0,-0.7414625819449441,-0.24233711328382354,-2.3809117829612716,1.4550213769634412,1.9153166538508677,-2.2413138149318694,0.0030833547263773298,0.0,0.009768507685577021,-0.014645283569555634,0.02087663664121253,-0.0029792319657699906,-0.0038118821760293464,0.009563728162965912
178,0.4317684570496166,0.4317684500773882,7.702368854801595e-05,4.324264583025223,2.295501763815337,1.643165767471228,4.374689904359082,-1.0,-0.7317924598937229,-0.2565327867843662,-2.360317903124428,1.4517990036203199,1.9115141266132285,-2.2318726173421224,0.002788973692156027,0.0,0.009670122051221197,-0.014195673500542655,0.020593879836843687,-0.0032223733431213653,-0.003802527237639186,0.009441197589747041
179,0.4209901820009231,0.42099017457409893,7.85185494378457e-05,4.324266767877853,2.2847234829403233,1.6431783524196497,4.3771955549084325,-1.0,-0.7222437716939321,-0.2702906152768365,-2.340033351704552,1.4483657124593725,1.9077314423303044,-2.2225753617304234,0.002505650549350591,0.0,0.009548688199790822,-0.013757828492470314,0.02028455141987573,-0.0034332911609473715,-0.0037826842829240537,0.009297255611699029
180,0.4103391095556011,0.41033910176423843,7.942210164348372e-05,4.3242660822718895,2.274072407826049,1.6431909859728837,4.379430228254919,-1.0,-0.7128363693093899,-0.28362253858412206,-2.320080426869247,1.444751045068221,1.9039780331416938,-2.2134401323284867,0.0022346733464866375,0.0,0.009407402384542185,-0.013331923307285554,0.019952924835305197,-0.0036146673911514604,-0.003753409188610668,0.009135229401936673
181,0.3998326712104489,0.3998326631533952,7.974833626315494e-05,4.324262773130307,2.263565969809235,1.643203462952705,4.381407189972516,-1.0,-0.703587123855248,-0.29654053541475633,-2.300477594015641,1.4409820135178142,1.9002622997367475,-2.2044819495302774,0.001976961717597092,0.0,0.009249245454141852,-0.01291799683063427,0.019602832853605978,-0.003769031550406865,-0.003715733404946242,0.008958182798209258
182,0.389486074614778,0.3894860663933089,7.953277829633886e-05,4.3242571028788515,2.2532193763255743,1.6432156254312777,4.383140309035654,-1.0,-0.6945101525703432,-0.30905653143666845,-2.2812398850756477,1.4370832588014815,1.8965916478835532,-2.1957130389757955,0.001733119063137778,0.0,0.009076971284904811,-0.012515996021912112,0.019237708939993325,-0.0038987547163327196,-0.0036706518531943733,0.008768910554481923
183,0.37931241778298763,0.37931240949566397,7.88243201969504e-05,4.324249340945746,2.2430457251342704,1.643227355985361,4.384643789175322,-1.0,-0.6856170500567246,-0.3211823375094037,-2.2623792606064637,1.433077208783349,1.8929725342508261,-2.1871430989143956,0.0015034801396680564,0.0,0.008893102513618634,-0.012125806072735279,0.018860624469184017,-0.004006050018132479,-0.0036191136327270446,0.008569940061399883
184,0.3693228131764769,0.36932280491525105,7.767940030222758e-05,4.32423975666277,2.2330561284121755,1.6432385712700226,4.385931943290199,-1.0,-0.6769171182586279,-0.33292960823436585,-2.243904938673796,1.428984231939416,1.889410519095605,-2.178779560414614,0.0012881541148770381,0.0,0.008699931798096694,-0.011747270724962122,0.018474321932667515,-0.0040929768439330605,-0.003562015155221143,0.008363538499781775
185,0.3595265188370029,0.35952651068449654,7.61576759159133e-05,4.324228613493744,2.223259843898979,1.6432492161077938,4.387019006526399,-1.0,-0.6684175910178916,-0.3443098139593401,-2.225823694093603,1.4248227849069879,1.885910323711994,-2.1706278365446905,0.0010870632362003363,0.0,0.008499527240736326,-0.01138020572497428,0.018081244580193,-0.004161447032428045,-0.0035001953836109045,0.008151723869923355
186,0.34993107387020983,0.34993106589803963,7.431901227290786e-05,4.324216164488559,2.2136644103916456,1.6432592581949115,4.3879189838305175,-1.0,-0.6601238501162724,-0.3553342215568743,-2.208140131075599,1.4206095529046054,1.8824758908234775,-2.162691557854042,0.0008999773041180603,0.0,0.008293740901619162,-0.011024407597534147,0.01768356301800411,-0.004213232002382439,-0.0034344328885165254,0.00793627869064828
187,0.34054243576838805,0.3405424280363703,7.222133055130594e-05,4.324202648843863,2.204275785076764,1.6432686834608639,4.388645527995254,-1.0,-0.6520396305754563,-0.3660138808606034,-2.190856931817743,1.4163595826883526,1.8791104463666113,-2.1549727924291036,0.0007265441647366089,0.0,0.008084219540816062,-0.010679659303729105,0.01728319925785593,-0.004249970216252841,-0.0033654444568662623,0.007718765424938656
188,0.3313651173144525,0.3313651098705208,6.991918277396987e-05,4.324188289442366,2.195098480442555,1.6432774920738582,4.389211844448289,-1.0,-0.6441672136839253,-0.37635961474032764,-2.1739750831820612,1.4120864080389555,1.8758165613624769,-2.147472249537785,0.00056631645303451,0.0,0.007872416891531064,-0.010345733879724262,0.016881848635681873,-0.004273174649397138,-0.0032938850041344114,0.007500542891318407
189,0.32240232110555167,0.32240231398620445,6.746280172900985e-05,4.324173291240086,2.1861356988088336,1.6432856950572026,4.3896306192810455,-1.0,-0.6365076067896501,-0.38638201154840823,-2.1574940832501777,1.4078021679388875,1.8725962128048792,-2.1401894664574774,0.0004187748327568741,0.0,0.007659606894275139,-0.010022396808080591,0.016480999931883566,-0.004284240100068004,-0.0032203485575976742,0.00728278308030772
190,0.3136560700535659,0.31365606328469947,6.489760731438448e-05,4.324157840372943,2.1773894628322203,1.643293311465578,4.389913967272394,-1.0,-0.629060709361332,-0.39609141917276014,-2.141412129305732,1.4035177176712508,1.8694508427094843,-2.1331229785323367,0.0002833479913482151,0.0,0.007446897428318167,-0.009709407624351907,0.01608195394444545,-0.004284450267636686,-0.0031453700953949504,0.007066487925140752
191,0.3051273325422311,0.3051273261402165,6.226394529076434e-05,4.324142103859953,2.1688607406664104,1.6433003660621919,4.390073396930098,-1.0,-0.6218254651946268,-0.40549794025820046,-2.125726288606772,1.3992427330967254,1.8663814146639348,-2.1262704728493995,0.0001594296577041021,0.0,0.007235244166705179,-0.009406521085440323,0.015685840698960174,-0.004274984574525353,-0.0030694280455494383,0.00685250568293716
192,0.2968161412311235,0.2968161352040172,5.959711922272659e-05,4.324126229788925,2.1605495647679236,1.6433068874354062,4.390119789845746,-1.0,-0.6148000009358753,-0.414611428362162,-2.110432653178663,1.3949858083673383,1.863388467393717,-2.1196289261780348,4.6392915647786026e-05,0.0,0.0070254642587515015,-0.009113488103961565,0.01529363542810902,-0.0042569247293871015,-0.002992947270217705,0.00664154667136474
193,0.2887217047841726,0.28872169913296974,5.692749881715876e-05,4.32411034788084,2.152455143625188,1.6433129064946808,4.390063391931936,-1.0,-0.6079817513247324,-0.42344148493213685,-2.0955264797626647,1.3907545473305318,1.8604721650112268,-2.113194727998458,-5.639791380929182e-05,0.0,0.006818249611142857,-0.00883005656997482,0.014906173415998314,-0.0042312610368064885,-0.002916302382490299,0.0064341981795768
194,0.2808425120573169,0.2808425067771845,5.428080495666042e-05,4.324094570340601,2.1445759659458012,1.6433184552891926,4.389913814378775,-1.0,-0.6013675717280123,-0.4319974570587938,-2.0810023159849376,1.3865556488711357,1.8576323437459454,-2.106963789565497,-0.00014957755316125088,0.0,0.006614179596720171,-0.00855597212665693,0.01452416377772714,-0.004198898459396139,-0.0028398212652813726,0.006230938432961075
195,0.2731764285025884,0.2731764235840302,5.1678425807949944e-05,4.324078992913708,2.1369098970594633,1.643323566097343,4.389680042425505,-1.0,-0.594953838658552,-0.4402884359902933,-2.066854113756061,1.3823949864352396,1.85486855506256,-2.1009316400247697,-0.0002337719532699012,0.0,0.006413733069460248,-0.008290978931499549,0.014148202228876361,-0.004160662435896079,-0.0027637886833853376,0.006032149540727172
196,0.26572078473313004,0.2657207801630487,4.913781664715359e-05,4.324063696080165,2.129454267481287,1.6433282707408392,4.389370450288562,-1.0,-0.588736539052838,-0.44832325640353354,-2.053075330865239,1.3782776819791973,1.8521801051625322,-2.0950935106298454,-0.0003095921369427046,0.0,0.006217299605714044,-0.008034820413240218,0.013778782890822239,-0.004117304456042303,-0.0026884499000279227,0.005838129394924341
197,0.2584724573463004,0.2584724531089437,4.667284420471652e-05,4.324048746328219,2.1222059537328244,1.6433326000826767,4.388992820816376,-1.0,-0.5827113491267786,-0.45611049642611595,-2.0396590216916066,1.3742081745884964,1.8495660909348173,-2.089444408109365,-0.0003776294721866691,0.0,0.006025189926059382,-0.007787240022582409,0.013416309173632346,-0.004069507390700888,-0.0026140142277149003,0.0056491025204805645
198,0.25142794222243686,0.25142793830021837,4.429424242708548e-05,4.32403419746103,2.115161451638534,1.6433365836738445,4.388554368651931,-1.0,-0.5768737036469322,-0.46365847839476115,-2.0265979179144504,1.3701902840140279,1.8470254324751751,-2.0839791782099253,-0.00043845216444449164,0.0,0.005837645479846332,-0.007547981968645201,0.013061103777156191,-0.004017890574468552,-0.002540658459642131,0.005465229899439539
199,0.24458342060815347,0.24458341698234823,4.200991221919172e-05,4.324020091898902,2.1083169424066934,1.6433402495187281,4.38806176587515,-1.0,-0.5712188564505766,-0.4709752703255689,-2.0138845000630052,1.3662272693763318,1.8445569023329553,-2.0786925604000177,-0.0004926027767808705,0.0,0.005654847196355672,-0.007316791930807753,0.012713417851445197,-0.003963014637696105,-0.002468530142219816,0.005286617809907579
200,0.23793481835886496,0.23793481501018576,3.982537653790912e-05,4.324006461948168,2.101668351869545,1.6433436239339263,4.387521169268276,-1.0,-0.5657419330273512,-0.4780686880612177,-2.001511060704075,1.3623218832908617,1.842159151671536,-2.0735792346676933,-0.0005405966068741108,0.0,0.005476923423225366,-0.00709341773564881,0.012373439358930316,-0.003905386085470086,-0.002397750661419229,0.00511332573232437
201,0.23147785875930585,0.231477855668369,3.77440794935898e-05,4.323993331015185,2.0952114033015263,1.6433467314793826,4.386938248498895,-1.0,-0.5604379759422298,-0.4849462980512245,-1.9894697600218805,1.358476421668525,1.8398307335457857,-2.068633861284167,-0.0005829207693812677,0.0,0.005303957085121436,-0.0068776099900068055,0.012041300682194445,-0.0038454616223366767,-0.0023284181257503533,0.004945373383526519
202,0.22520810936674113,0.22520810651443784,3.576769149638192e-05,4.323980714750159,2.088941664260335,1.6433495949444679,4.38631821464774,-1.0,-0.5553019838379587,-0.4916154207143398,-1.9777526744995046,1.3546927694453708,1.8375701235088915,-2.0638511143406926,-0.0006200338511552772,0.0,0.00513599210427107,-0.006669122663115257,0.011717085522375825,-0.0037836522231542435,-0.0022606100368942617,0.0047827469434742476
203,0.21912102333280423,0.2191210207005773,3.38964178602891e-05,4.323968622110752,2.0828545879067852,1.6433522353748506,4.38566584862319,-1.0,-0.5503289447078864,-0.4980831343272211,-1.9663518393655737,1.3509724424930767,1.8353757377633506,-2.059225709799419,-0.0006523660245498775,0.0,0.004973039130072299,-0.006467713612881343,0.011400835133930975,-0.003720326952294073,-0.002194385745540872,0.004625404541273692
204,0.21321197565939762,0.21321197322945343,3.2129253354209015e-05,4.323957056339697,2.0769455492589444,1.643354672128739,4.384985529102758,-1.0,-0.5455138640797438,-0.5043562793806408,-1.9552592854239044,1.3473166259578737,1.8332459490683195,-2.0547524287326033,-0.0006803195204314605,0.0,0.004815080628142621,-0.006273145053419638,0.011092553941669303,-0.0036558165352029715,-0.0021297886950311096,0.004473281066815549
205,0.20747629483469818,0.2074762925901478,3.0464169518012693e-05,4.323946015854117,2.071209876826553,1.6433569229534073,4.384281259725312,-1.0,-0.5408517886993558,-0.5104414633434144,-1.9444670708383514,1.343726209269798,1.8311791006091331,-2.0504261363600684,-0.0007042693774463871,0.0,0.004662075380387987,-0.006085183962773688,0.010792214585553017,-0.0035904166880758037,-0.0020668484591863656,0.004326292372534901
206,0.20190929027911503,0.20190928820407067,2.8898403983385285e-05,4.323935495046827,2.0656428800556257,1.643359004074847,4.383556695327922,-1.0,-0.536337826251949,-0.5163450657747127,-1.9339673084005051,1.340201818056887,1.8291735180257012,-2.0462417974331393,-0.0007245643973901039,0.0,0.004513962447406761,-0.005903602431298283,0.010499762437846227,-0.0035243912129108157,-0.002005582583431975,0.004184338926929154
207,0.19650627601021334,0.19650627408983692,2.7428533045476556e-05,4.323925485002003,2.06023987299219,1.6433609302950205,4.382815167079595,-1.0,-0.5319671616087602,-0.5220732437271266,-1.9237521887646927,1.3367438431903846,1.8272275197855192,-2.0421944884552814,-0.0007415282483265173,0.0,0.004370664643188804,-0.005728177952413871,0.010215119635812453,-0.0034579748665024557,-0.0019459982401819342,0.0040473089778578775
208,0.191262590911518,0.19126258913204172,2.6050699086082913e-05,4.323915974129057,2.0549961945501076,1.643362715092461,4.382059706412154,-1.0,-0.5277350700388548,-0.527631937385526,-1.9138140000932704,1.3333524671774144,1.8253394260749256,-2.0382794071756507,-0.0007554606674418096,0.0,0.0042320915699054495,-0.0055586936583994495,0.009938188671422266,-0.0033913760129702375,-0.001888093710593619,0.003915081279630694
209,0.18617361596420848,0.1861736143129261,2.476070854721944e-05,4.323906948719516,2.049907225741939,1.6433643707230883,4.381293067687608,-1.0,-0.5236369277809441,-0.5330268758900862,-1.9041451445157576,1.3300276881072146,1.8235075663695213,-2.0344918797420175,-0.0007666387245457429,0.0,0.00409814225791072,-0.005394938504560187,0.009668855577512847,-0.0033247790701997904,-0.0018318597054043373,0.0037875274336331977
210,0.18123478877389412,0.18123478723913483,2.355414063953224e-05,4.323898393432427,2.044968404205049,1.6433659083189194,4.380517749572843,-1.0,-0.519668220327884,-0.5382635832956689,-1.8947381517681459,1.326769341346117,1.821730285831804,-2.0308273658540528,-0.0007753181147647226,0.0,0.003968707453060105,-0.005236707405582686,0.009406992747611698,-0.003258346761097597,-0.0017772805377171963,0.0036645138879647376
211,0.17644161569778827,0.1764416142688762,2.2426460469931728e-05,4.323890291714102,2.0401752363282384,1.643367337983067,4.379736015117306,-1.0,-0.5158245487376151,-0.5433473846238082,-1.8855856903438442,1.3235771191652366,1.8200059506713508,-2.027281462216738,-0.0007817344555371974,0.0,0.0038436715902688823,-0.005083801328139237,0.009152461424301706,-0.003192222180880444,-0.0017243351604532275,0.0035459036373146624
212,0.17178968185122023,0.17178968051842491,2.1373106961656217e-05,4.323882626158184,2.035523307257832,1.6433686688799252,4.378949910548844,-1.0,-0.5121016342486119,-0.5482834119677313,-1.876680576455251,1.3204505884735123,1.8183329525905758,-2.0238499045564646,-0.0007861045684620649,0.0,0.003722914489003193,-0.004936027343923177,0.008905113888593164,-0.003126530691724305,-0.0016729980807750344,0.0034315576602734765
213,0.1672746592469911,0.16727465800146796,2.0389471820080578e-05,4.323875378811867,2.031008289036706,1.6433699093198872,4.378161282817668,-1.0,-0.5084953214454007,-0.5530766106150102,-1.8680157810748874,1.3173892068174524,1.8167097124273448,-2.020528568429059,-0.0007886277311754952,0.0,0.00360631280321122,-0.004793198647278896,0.008664795380363577,-0.0030613816560598472,-0.00162324016323101,0.003321336127405594
214,0.16289231329685724,0.16289231213059152,1.9471091375500113e-05,4.323868531434038,2.0266259471055355,1.6433710668382222,4.377371795929485,-1.0,-0.5050015801902776,-0.5577317451565011,-1.8595844352973394,1.3143923367978592,1.8151346830946522,-2.0173134690192227,-0.0007894868881832551,0.0,0.0034937412551230285,-0.004655134541490913,0.008431345777548005,-0.0029968700195932563,-0.0015750293326926013,0.0032150994098363306
215,0.158638507881717,0.1586385067874583,1.8613608224263133e-05,4.323862065710702,2.0223721453728034,1.643372148268,4.376582946116731,-1.0,-0.5016165065108625,-0.5622534055541192,-1.8513798342378782,1.3114592590430163,1.813606351907246,-2.0142007601044374,-0.0007888498127543997,0.0,0.003385073679415096,-0.0045216603976180325,0.008204601059461192,-0.002933077754842861,-0.00152833118740614,0.0031127089147853226
216,0.15450920917577055,0.15450920814697594,1.7812766068718855e-05,4.323855963432806,2.0182428500388583,1.6433731598071168,4.375796075902271,-1.0,-0.4983363226093638,-0.5666460131436585,-1.8433954396604473,1.3085891838674306,1.812123242375521,-2.011186732333001,-0.0007868702144593342,0.0,0.0032801839014987566,-0.004392607589539299,0.007984394577430942,-0.0028700751755856846,-0.0014831095317251464,0.003014027771436556
217,0.15050048839037938,0.150500487421151,1.7064503758138697e-05,4.323850206641134,2.0142341323396997,1.6433741070795964,4.375012387113249,-1.0,-0.4951573761382314,-0.5709138265522907,-1.835624881506629,1.3057812617352729,1.8106839155382284,-2.0082678109452146,-0.0007836887890224631,0.0,0.003178946471132371,-0.004267813408632248,0.00777055815381833,-0.0028079221321577474,-0.0014393268372925316,0.0029189213877862663
218,0.14660852358526213,0.14660852267029092,1.636500311874628e-05,4.323844777742574,2.010342170358153,1.6433749951914263,4.374232952904486,-1.0,-0.49207613886801255,-0.575060947513516,-1.8280619584780857,1.3030345926382134,1.8092869708975323,-2.0054405530486084,-0.0007794342087628081,0.0,0.0030812372702188617,-0.00414712096122527,0.0075629230285432225,-0.002746669097059451,-0.0013969446406960628,0.0028272578966062056
219,0.142829600678209,0.14282959981272206,1.5710573455621615e-05,4.323839659601669,2.0065632500335875,1.6433758287812477,4.3734587288513005,-1.0,-0.4890892048565086,-0.5790913265652216,-1.8207006378077022,1.3003482344884323,1.807931047012664,-2.0027016445421753,-0.0007742240531856126,0.0,0.002986934011503961,-0.004030379051705557,0.007361320670383531,-0.0026863581497811317,-0.0013559238848683819,0.002738908506433102
220,0.13916011376955237,0.13916011294925984,1.5097781221576556e-05,4.32383483561095,2.0028937654864096,1.643376612066242,4.372690563171032,-1.0,-0.4861932882135578,-0.5830087686190989,-1.8135350543390831,1.2977212106191933,1.8066148218018425,-2.0000478967706887,-0.0007681656802684955,0.0,0.002895916642950802,-0.00391744205387734,0.007165583468619063,-0.0026270238692389647,-0.00131622521082142,0.0026537477714865254
221,0.13559656488403168,0.13559656410508145,1.4523396710349539e-05,4.3238302897431895,1.9993302187599795,1.643377348883573,4.371929206131287,-1.0,-0.4833852205427513,-0.5868169383920099,-1.8065595090200623,1.2951525164775382,1.8053370125962098,-1.9974762429780404,-0.0007613570397451142,0.0,0.002808067670806491,-0.0038081697729109854,0.006975545319020782,-0.00256869414165517,-0.0012778092056326962,0.002571653792648343
222,0.13213556322053815,0.13213556247947172,1.3984404361461348e-05,4.323826006588343,1.9958692190704062,1.6433780427277462,4.371175318701048,-1.0,-0.48066194812994445,-0.5905193656919718,-1.7997684669033303,1.2926411255863492,1.8040963759842088,-1.9949837346179902,-0.0007538874302390752,0.0,0.002723272412806843,-0.0037024272999619523,0.006791042116732093,-0.0025113908911889027,-0.0012406366120010226,0.0024925083600502163
223,0.12877382398921772,0.12877382328293033,1.3477999393409893e-05,4.323821971377648,1.9925074816437205,1.6433786967842385,4.370429480498548,-1.0,-0.47802052893839236,-0.5941194505532785,-1.7931565547360464,1.2901859948462544,1.802891707480082,-1.9925675375715608,-0.0007458382024996268,0.0,0.0026414191915520857,-0.003600084861306696,0.006611912167283851,-0.0024551307400948463,-0.0012046685041267047,0.002416197046429369
224,0.12550816690561112,0.12550816623131666,1.3001636732804359e-05,4.323818169997007,1.9892418262100873,1.6433793139597277,4.369692197087302,-1.0,-0.4754581294615604,-0.5976204682168925,-1.7867185582102716,1.2877860692415786,1.801721841045932,-1.990224928312378,-0.0007372834112464588,0.0,0.002562399476831956,-0.0035010176636139922,0.006437996525774814,-0.0023999256046758344,-0.0011698664341501797,0.0023426092591827263
225,0.12233551440274486,0.12233551375793969,1.2552811067991817e-05,4.323814588991541,1.9860691752159667,1.6433798969092512,4.36896390666897,-1.0,-0.47297202147699746,-0.6010255739536587,-1.7804494189371047,1.285440286008756,1.800585648493014,-1.9879532900544077,-0.0007282904183316674,0.0,0.0024861079845629463,-0.003405105736766223,0.006269139273166857,-0.0023457832328226402,-0.0011361925529178585,0.0022716382579703875
226,0.1192528896142569,0.11925288899669266,1.2129398762223583e-05,4.323811215562925,1.9829865518073222,1.643380448060588,4.368244986219008,-1.0,-0.47055957873798687,-0.604337807729119,-1.7743442311994502,1.2831475783202964,1.7994820387845938,-1.9857501089106313,-0.000718920449962468,0.0,0.0024124427390105896,-0.003312233775460305,0.0061051877376545605,-0.002292707688459572,-0.0011036097084202723,0.002203181143776378
227,0.11625741417475209,0.11625741358240763,1.1729362686638478e-05,4.323808037560896,1.9799910776300476,1.6433809696361323,4.367535757108203,-1.0,-0.46821827363388685,-0.6075600987097642,-1.7683982385312658,1.2809068785325146,1.7984099572597385,-1.9836129700861276,-0.0007092291108046211,0.0,0.002341305104100022,-0.0032222909806451927,0.005945992668184408,-0.0022406997877817414,-0.0010720815248552729,0.002137138824503726
228,0.11334630587738717,0.11334630530844296,1.1350812214107099e-05,4.323805043470149,1.977079970487626,1.6433814636725257,4.366836490250486,-1.0,-0.46594567384504093,-0.6106952696114574,-1.7626068301648659,1.278717121040742,1.7973683847948025,-1.9815395541246603,-0.0006992668577172623,0.0,0.0022725997888459193,-0.0031351709016931295,0.005791408366399908,-0.002189757491772637,-0.0010415724649359692,0.002073415961467262
229,0.11051687622327934,0.1105168756760981,1.0992068584719273e-05,4.323802222393616,1.9742505418906144,1.6433819320382648,4.366147410814651,-1.0,-0.4637394390137837,-0.6137460408915338,-1.756965537382298,1.2765772447816537,1.7963563369170614,-1.979527633224151,-0.0006890794358342944,0.0,0.0022062348312572033,-0.0030507712800764697,0.005641292782567753,-0.0021398762590882914,-0.001012047877741118,0.0020119209005093897
230,0.10776652789253303,0.10776652736563816,1.0651589337877073e-05,4.323799564033021,1.9715001945277337,1.6433823764495081,4.365468702535039,-1.0,-0.46159731744930516,-0.6167150347867172,-1.7514700298018955,1.2744861954185955,1.7953728628829255,-1.9775750676332229,-0.0006787082796124722,0.0,0.002142121564478572,-0.0029689938951833472,0.0054955075804026254,-0.0020910493630581506,-0.0009834740341359005,0.001952565590928046
231,0.10509275216243573,0.10509275165449472,1.0327934517803864e-05,4.323797058667404,1.9688264196841334,1.6433827984842604,4.3648005116536766,-1.0,-0.45951714288089396,-0.6196047791995256,-1.7461161116267652,1.2724429272423852,1.794417044731381,-1.9756798021383022,-0.0006681908813623849,0.0,0.002080174568411197,-0.002889744412808426,0.005353918175130312,-0.0020432681762103666,-0.0009558181515445519,0.0018952654949206948
232,0.10249312629467341,0.10249312580448214,1.0019831536931299e-05,4.323794697130256,1.9662267946286673,1.643383199595112,4.364142950524027,-1.0,-0.45749683127129487,-0.6224177114362756,-1.7408997178781496,1.2704464048169541,1.7934879963217474,-1.9738398626484517,-0.0006575611296497641,0.0,0.0020203116095990903,-0.002812932236749943,0.0052163937486156,-0.0019965224254310243,-0.0009290484096335927,0.0018399394898505061
233,0.09996531091015404,0.09996531043662214,9.726110165310022e-06,4.323792470785757,1.9636989799887743,1.64338358112069,4.363496100904188,-1.0,-0.45553437769952476,-0.6251561818001397,-1.7358169106332237,1.2684956043963718,1.7925848623634761,-1.9720533528831814,-0.0006468496198390739,0.0,0.0019624535717701064,-0.0027384703638640984,0.005082807244925824,-0.001950800420582377,-0.0009031339582712405,0.0017865097652702833
234,0.09750704736715185,0.09750704690928999,9.445667307501884e-06,4.323790371504516,1.9612407171286765,1.6433839442959477,4.362860016965277,-1.0,-0.4536278533204463,-0.6278224570429904,-1.7308638752839318,1.2665895151372202,1.7917068174445205,-1.9703184511668315,-0.000636083938911014,0.0,0.0019065243790784558,-0.0026662752428507908,0.004953035349291923,-0.0019060892591515888,-0.0008780449189556006,0.0017349017163499347
235,0.09511615515600697,0.09511615471291845,9.177615380697384e-06,4.3237883916392015,1.9588498255441325,1.6433842902614275,4.362234728038714,-1.0,-0.45177540240665803,-0.6304187236799705,-1.7260369168308618,1.2647271401279618,1.7908530650637655,-1.9686334073317602,-0.0006252889265629946,0.0,0.0018524509137882728,-0.0025962666369800935,0.004826958453070018,-0.0018623750092583435,-0.000853752380755024,0.001685043835071287
236,0.09279052932143356,0.09279052889230088,8.920930828770519e-06,4.3237865240002735,1.9565242002847847,1.6433846200716031,4.361620241124244,-1.0,-0.4499752394767775,-0.6329470911708852,-1.7213324562238854,1.2629074972548195,1.790022836672105,-1.9669965397314202,-0.0006144869144693033,0.0,0.0018001629298805555,-0.0025283674909146736,0.0047044606069763795,-0.001819642873142291,-0.0008302283916605813,0.0016368676003399862
237,0.0905281379215603,0.09052813750563911,8.674984582214746e-06,4.323784761832101,1.9542618094132498,1.6433849347023974,4.361016543178815,-1.0,-0.4482256465129379,-0.6354095949726166,-1.716747026759286,1.2611296199217779,1.7892153907259585,-1.9654062323634567,-0.0006036979454293601,0.0,0.0017495929638395857,-0.0024625038017314083,0.0045854294645995,-0.0017778773330416886,-0.0008074459461464567,0.001590307367963506
238,0.08832701953122347,0.08832701912783353,8.438926351118858e-06,4.323783098789581,1.9520606915084466,1.6433852350579654,4.3604236032047625,-1.0,-0.446524970269267,-0.6378081994668244,-1.712277270541366,1.2593925576405713,1.7884300117563483,-1.9638609321021878,-0.0005929399740525199,0.0,0.0017006762436708733,-0.002398604494207812,0.004469756217919896,-0.001737062281206514,-0.0007853789696101732,0.001545300261268867
239,0.08618528079555714,0.0861852804040765,8.21212173064913e-06,4.323781528915431,1.9499189532192251,1.643385521976819,4.359841374154295,-1.0,-0.44487161967222244,-0.640144800767225,-1.7079199350150005,1.2576953765049592,1.7876660094560552,-1.9623591460391776,-0.0005822290504671201,0.0,0.0016533505970445783,-0.002336601300400587,0.0043573355263655245,-0.0016971811356121247,-0.000764002300293054,0.0015017860630102131
240,0.08410109403871541,0.0841010936585719,7.994025099895817e-06,4.3237800466182374,1.9478347668731182,1.6433857962373672,4.359269794665841,-1.0,-0.4432640633129227,-0.6424212294107383,-1.7036718695742854,1.2560371595621567,1.7869227177868703,-1.9608994389301102,-0.0005715794884544323,0.0,0.0016075563592997666,-0.002276428643513295,0.004248065440715099,-0.0016582169428025484,-0.0007432916691849645,0.0014597071090673985
241,0.08207269493146718,0.08207269456213587,7.784027730104681e-06,4.32377864665133,1.945806368143972,1.643386058562925,4.358708790646551,-1.0,-0.4417008270309984,-0.6446392529367666,-1.699530022251285,1.2544170070930105,1.7861994941085155,-1.9594804307457543,-0.0005610040192900456,0.0,0.001563236281924285,-0.00221802352602829,0.0041418473230003805,-0.0016201524691461522,-0.0007232236783547563,0.0014190081843559188
242,0.08009838022051412,0.08009837986151165,7.58163115473366e-06,4.3237773240925375,1.9438320537812876,1.6433863096262546,4.35815827671406,-1.0,-0.44018049158898176,-0.6468005783588193,-1.6954914364878866,1.2528340368113444,1.7854957183304334,-1.958100794324491,-0.000550513932490837,0.0,0.0015203354420166293,-0.002161325422052718,0.004038585763398439,-0.0015829702816660962,-0.0007037757780821163,0.001379636421263264
243,0.07817650552156498,0.07817650517244397,7.386408055718784e-06,4.3237760743248455,1.9419101794033211,1.643386550053684,4.357618157509513,-1.0,-0.4387016904358432,-0.6489068545326336,-1.6915532479929203,1.2512873839918452,1.7848107920873155,-1.9567592531236306,-0.000540119204546663,0.0,0.001478801153138587,-0.0021062761738143143,0.003938188494966299,-0.0015466528194991724,-0.0006849262431178893,0.0013415412008603855
244,0.07630548317753082,0.07630548283787754,7.1979241282880365e-06,4.323774893017977,1.9400391573553033,1.6433867804288411,4.3570883288928535,-1.0,-0.4372631075579519,-0.6509596744248591,-1.6877126816859578,1.2497762015349145,1.7841441379389729,-1.95545457906656,-0.0005298286166599553,0.0,0.0014385828778912813,-0.002052819892225499,0.0038405663069625007,-0.0015111824569307153,-0.0006666541483426602,0.0013046740570705762
245,0.07448378018264407,0.07448377985207554,7.015836360802833e-06,4.3237737761108965,1.9382174546335795,1.6433870012960552,4.356568679030449,-1.0,-0.4358634754154753,-0.6529605772862853,-1.6839670487285803,1.2482996599760539,1.7834951985949095,-1.9541855904826366,-0.0005196498624044921,0.0,0.00139963214247657,-0.0020009028614261792,0.0037456329573775093,-0.0014765415588606778,-0.0006489393440634039,0.001268988583923436
246,0.07270991617280491,0.0727099158509633,6.839746612457758e-06,4.32377271979522,1.9364435908759718,1.6433872131634462,4.356059089384282,-1.0,-0.4345015729620296,-0.6549110507334894,-1.680313743643357,1.2468569474465758,1.7828634361637663,-1.9529511501366577,-0.0005095896461666527,0.0,0.0013619024534456958,-0.0019504734472041152,0.003653305085223213,-0.0014427125294780296,-0.0006317624311431569,0.001234440345978971
247,0.07098246148203953,0.07098246116859254,6.669330945360797e-06,4.323771720499534,1.9347161364182601,1.6433874165057385,4.355559435611142,-1.0,-0.43317622374523634,-0.6568125327426743,-1.6767502415203268,1.2454472695917393,1.7822483314276332,-1.951750163344691,-0.0004996537731400963,0.0,0.0013253492167932812,-0.0019014820091848295,0.003563502123030249,-0.0014096778548364775,-0.0006151047361331319,0.001200986791966674
248,0.06930003526463804,0.06930003495927463,6.50438673165542e-06,4.323770774874567,1.9330337104163309,1.6433876117668316,4.355069588379549,-1.0,-0.43188629408573215,-0.6586664135593547,-1.673274095310379,1.2440698494517726,1.7816493831410876,-1.9505815761730338,-0.0004898472315932878,0.0,0.0012899296595041965,-0.0018538808166804754,0.003476146209947739,-0.0013774201399667785,-0.0005989482865456086,0.0011685871716571317
249,0.06766130368221375,0.06766130338464287,6.344500773910785e-06,4.3237698797792365,1.9313949790332534,1.643387799362139,4.354589414111479,-1.0,-0.4306306913320993,-0.6604740375274346,-1.6698829332046115,1.242723927310685,1.7810661073547032,-1.94944437371708,-0.00048017426806978847,0.0,0.0012556027536328451,-0.0018076239680798745,0.00339116210576762,-0.001345922141087641,-0.0005832757863843963,0.001137202455953945
250,0.06606497815472734,0.0660649778646765,6.189562824260491e-06,4.3237690322674736,1.9297986536903167,1.643387979680733,4.354118775655363,-1.0,-0.42940836218914075,-0.6622367048410972,-1.666574456098464,1.2414087605172546,1.7804980367626737,-1.9483375784569046,-0.0004706384561163901,0.0,0.0012223291429585559,-0.0017626673136625914,0.003308477106147345,-0.0013151667934303557,-0.0005680705920294571,0.0011067952601753195
251,0.06450981367430397,0.0645098133915155,6.039255145784673e-06,4.323768229575876,1.9282434893808555,1.6433881530873,4.353657532896271,-1.0,-0.4282182911168976,-0.6639556732228139,-1.6633464351392138,1.240123623282117,1.7799447200741212,-1.9472602486864259,-0.0004612427590915402,0.0,0.0011900710722431707,-0.0017189683817167012,0.003228020959250344,-0.0012851372351376789,-0.0005533166885525187,0.0010773297704786966
252,0.06299460718050551,0.06299460690473765,5.893404542577569e-06,4.323767469112058,1.9267282830455383,1.6433883199239356,4.353205543308704,-1.0,-0.42705949879781463,-0.665632159530656,-1.66019670935522,1.2388678064544645,1.7794057214075947,-1.9462114770130634,-0.00045198958756742513,0.0,0.0011587923190829463,-0.0016764863078421177,0.003149725783993862,-0.0012558168276524118,-0.0005389986665265134,0.0010487716733624808
253,0.061518195995643406,0.06151819572666789,5.751848220833124e-06,4.323766748443761,1.9252518720076857,1.643388480511785,4.352762662456935,-1.0,-0.4259310406694665,-0.6672673412979737,-1.6571231833651767,1.2376406172814935,1.778880619708213,-1.945190388924885,-0.000442880851768912,0.0,0.0011284581283481088,-0.001635181767317695,0.00307352599004318,-0.0012271891729709328,-0.0005251016993816915,0.0010210880881784679
254,0.06007945631855865,0.06007945605615919,5.61435731193076e-06,4.323766065288604,1.92381313246706,1.6433886351525533,4.352328744447445,-1.0,-0.424832005520296,-0.6688623582083905,-1.6541238251655006,1.2364413791533961,1.778369008186871,-1.944196141422317,-0.00043391800948988646,0.0,0.0010990351491705352,-0.0015950169104167466,0.0029993581996761165,-0.001199238128097413,-0.000511611521341937,0.0009942475025679354
255,0.058677301775279044,0.05867730151924994,5.480711099331311e-06,4.3237654175045,1.9224109780505307,1.6433887841298875,4.351903642337581,-1.0,-0.42376151414585317,-0.6704183135089438,-1.6511966639939022,1.2352694313363923,1.7778704937808973,-1.9432279217115767,-0.0004251021098635732,0.0,0.0010704913744428168,-0.0015559553005533022,0.0029271611715984136,-0.0011719478170038045,-0.0004985144059737046,0.0009682197107403478
256,0.05731068202487587,0.05731068177502291,5.350782694925266e-06,4.323764803080672,1.9210443584179404,1.6433889277106484,4.351487208504241,-1.0,-0.4227187180630788,-0.6719362753640895,-1.6483397882671196,1.2341241286960227,1.7773846966355298,-1.9422849459570777,-0.000416433833340335,0.0,0.0010427960827743554,-0.0015179618551457441,0.002856875726782615,-0.0011453026403696054,-0.00048579714536756136,0.0009429757544989759
257,0.05597858141884331,0.05597858117498119,5.224509469250327e-06,4.323764220129236,1.919712257921487,1.643389066146082,4.351079294976034,-1.0,-0.4217027982802327,-0.6734172781531745,-1.645551343590748,1.2330048414126786,1.7769112496055657,-1.9413664580901575,-0.00040791352820690463,0.0,0.0010159197828460975,-0.0014810027890850286,0.0027884446763715154,-0.0011192872833440948,-0.0004734470299641025,0.0009184878669201701
258,0.05468001771226205,0.054680017474214665,5.101597027650187e-06,4.323763666877326,1.918413694316896,1.6433891996728962,4.350679753732112,-1.0,-0.42071296412013137,-0.6748623237138759,-1.6428295308390723,1.2319109546911209,1.7764497977765317,-1.9404717286715638,-0.00039954124392238555,0.0,0.0009898341601013438,-0.0014450455607013524,0.002721812751675712,-0.0010938867215577464,-0.0004614518290340097,0.0008947294185936983
259,0.05341404082505361,0.053414040592651646,4.982026698822598e-06,4.323763141659745,1.9171477175246776,1.6433893285142542,4.350288436970551,-1.0,-0.4197484520944295,-0.676272382533996,-1.6401726043027933,1.2308418684655456,1.7759999980047185,-1.9396000538052411,-0.00039131676156056727,0.0,0.000964512025701858,-0.0014100588201201303,0.002656926536279025,-0.001069086225575333,-0.0004497997718131419,0.0008716748663226692
260,0.0521797316515834,0.052179731424666684,4.86572542952983e-06,4.323762642912061,1.9159134084397396,1.6433894528806883,4.34990519734895,-1.0,-0.4188085248267516,-0.6776483948939043,-1.63757886990254,1.2297969971015679,1.7755615184754263,-1.938750754101054,-0.0003832396216010281,0.0,0.0009399272676778869,-0.0013760123599082519,0.0025937344002533447,-0.001044871363977684,-0.0004384795292922128,0.0008492997041871231
261,0.05097620091694379,0.05097620069535846,4.752466004487233e-06,4.323762169164177,1.9147098777876688,1.6433895729709482,4.349529888199665,-1.0,-0.4178924700225505,-0.6789912719618121,-1.6350466834660675,1.228775769096344,1.7751340382787713,-1.9379231736841749,-0.0003753091492848526,0.0,0.0009160548042011496,-0.0013428770679078106,0.002532186436472461,-0.001021228005223973,-0.0004274801966550612,0.0008275804168791367
262,0.049802588078206436,0.0498025878618045,4.6421840761890125e-06,4.32376171903432,1.9135362650259904,1.6433896889727786,4.349162363721911,-1.0,-0.41699959948364657,-0.6803018968439775,-1.6325744490670622,1.2277776267778975,1.7747172470024135,-1.9371166792489627,-0.00036752447775434405,0.0,0.0008928705389039115,-0.0013106248821653788,0.0024722343990053464,-0.0009981423184464155,-0.00041679127635774194,0.0008064944352121906
263,0.04865806026901394,0.048658060057653836,4.534852051585801e-06,4.3237612912234065,1.912391737288764,1.6433898010636432,4.348802479152748,-1.0,-0.41612924816547875,-0.6815811255918381,-1.6301606174234953,1.2268020260045935,1.7743108443405768,-1.9363306591552538,-0.00035988456916324907,0.0,0.0008703513181678169,-0.0012792287478606834,0.0024138316435668994,-0.0009756007733039418,-0.00040640266183666895,0.0007860200937088724
264,0.04754181128588008,0.04754181107942529,4.430183137225324e-06,4.323760884509792,1.911275488372885,1.6433899094113913,4.348450090918825,-1.0,-0.41528077327516655,-0.6828297881679857,-1.6278036843535062,1.2258484358655826,1.7739145397187397,-1.9355645225650704,-0.0003523882339226958,0.0,0.0008484748903122008,-0.00124866257614753,0.0023569330699890756,-0.0009535901390109736,-0.0003963046218371513,0.0007661365901834305
265,0.046453060614617174,0.046453060412936814,4.328319235773164e-06,4.32376049774436,1.9101867377645174,1.643390014174878,4.348105056770576,-1.0,-0.4144535534085642,-0.6840486893728072,-1.625502189286828,1.2249163383829353,1.7735280519333965,-1.9348176986178465,-0.00034503414824893497,0.0,0.0008272198666023356,-0.0012189012048214876,0.0023014950666782052,-0.0009320974826472206,-0.0003864877853432258,0.000746823947223918
266,0.045391052495348964,0.04539105229831743,4.228990501184458e-06,4.323760129845945,1.9091247297041076,1.6433901155045354,4.347767235900422,-1.0,-0.4136469877245564,-0.6852386097335386,-1.6232547138298106,1.2240052282160947,1.7731511088062994,-1.9340896356423536,-0.0003378208701541041,0.0,0.0008065656840078317,-0.0011899203607314002,0.0022474754570174227,-0.0009111101668406452,-0.00037694312709701805,0.0007280629754928825
267,0.04435505502459644,0.04435505483209213,4.1321110755084386e-06,4.32375977979703,1.9080887322884725,1.6433902135429044,4.347436489046406,-1.0,-0.4128604951549185,-0.6864003063573936,-1.6210598803821434,1.2231146123691854,1.7727834468526076,-1.9333798004035923,-0.0003307468540159064,0.0,0.0007864925696378644,-0.001161696623855013,0.0021948334476671327,-0.000890615846909304,-0.00036766195369186683,0.000709835238761336
268,0.04334435929299088,0.043344359104896285,4.037747276890624e-06,4.323759446639759,1.9070780366085158,1.6433903084251287,4.3471126785825644,-1.0,-0.41209351364813557,-0.6875345137503577,-1.6189163508034254,1.2222440099016492,1.7724248109623881,-1.9326876773829966,-0.00032381046384166723,0.0,0.0007669815067829489,-0.0011342073929641039,0.0021435295787179953,-0.00087060246753623,-0.00035863589021944975,0.0006921230205956252
269,0.042358278557180135,0.04235827837338251,3.945629397260213e-06,4.323759129472187,1.906091955921137,1.643390400279412,4.3467956685972275,-1.0,-0.41134549944564075,-0.6886419446031653,-1.6168228251277756,1.2213929516426054,1.7720749540949312,-1.9320127680903743,-0.0003170099853369024,0.0,0.0007480142024948178,-0.0011074308528076227,0.002093525675649799,-0.0008510582590437465,-0.00034985686745692135,0.0006749092926223721
270,0.0413961474445752,0.04139614726496515,3.855918404971573e-06,4.32375882744479,1.9051298248539772,1.6433904892274436,4.346485324960335,-1.0,-0.41061592638900285,-0.6897232905459043,-1.6147780403247365,1.2205609799092765,1.7717336369853565,-1.9313545904060794,-0.0003103436368929735,0.0,0.0007295730566379,-0.0010813459427390093,0.002044784803039157,-0.00083197173332894,-0.0003413171095747458,0.0006581776842948805
271,0.04045732118960033,0.040457321014071984,3.768373742530358e-06,4.3237585397571925,1.9041909986416736,1.6433905753847944,4.346181515380768,-1.0,-0.40990428525665557,-0.6907792228726317,-1.6127807691047649,1.2197476482297636,1.771400627863009,-1.9307126779519888,-0.00030380957956666066,0.0,0.0007116411323472849,-0.0010559323267274046,0.001997271219971619,-0.0008133316795129186,-0.0003330091223474607,0.0006419124540906207
272,0.039541174900168244,0.03954117472861953,3.683029312249021e-06,4.323758265655128,1.9032748523923353,1.6433906588612843,4.34588410945462,-1.0,-0.40921008312882406,-0.6918103932373152,-1.6108298187676613,1.2189525210704109,1.7710757021811565,-1.9300865794899176,-0.0002974059261475759,0.0,0.0006942021278315003,-0.0010311703646834758,0.0019509503371035741,-0.0007951271593527043,-0.0003249256818524948,0.0006260984620711785
273,0.03864710285315504,0.03864710268548732,3.599733192089237e-06,4.323758004427578,1.9023807803830193,1.643390739761325,4.345592978705223,-1.0,-0.40853284277936547,-0.692817434322358,-1.6089240300923413,1.218175173567954,1.7707586423575221,-1.9294758583461782,-0.0002911307493969062,0.0,0.0006772403494585966,-0.0010070410850427924,0.001905788675319986,-0.0007773475024568377,-0.00031705982363439134,0.00061072114373939
274,0.03777451781767335,0.03777451765379009,3.518441531956033e-06,4.323757755404107,1.901508195383004,1.6433908181842407,4.345307996615711,-1.0,-0.407872102093297,-0.6938009604809053,-1.6070622762664015,1.2174151912666091,1.7704492375252003,-1.9288800918610465,-0.0002849820895125532,0.0,0.0006607406860684728,-0.0009835261585473543,0.0018617538259397826,-0.0007599823013448859,-0.0003094048323217802,0.0005957664851317102
275,0.03692285040500691,0.03692285024481564,3.4391673432908477e-06,4.323757517952373,1.9006565280037282,1.6433908942245636,4.345029038654811,-1.0,-0.4072274135088418,-0.6947615683540757,-1.6052434618539868,1.2166721698602279,1.7701472832935214,-1.9282988708619626,-0.00027895796089971725,0.0,0.0006446885844552108,-0.000960607873170316,0.0018188144124147154,-0.0007430214063812723,-0.00030195423167889146,0.0005812209990838646
276,0.03609154844410248,0.03609154828751248,3.361789151848296e-06,4.323757291475799,1.8998252260742798,1.6433909679723138,4.344755982296512,-1.0,-0.40659834348287643,-0.6956998374642058,-1.6034665218005146,1.2159457149396087,1.7698525815184492,-1.9277317991593483,-0.0002730563582993284,0.0,0.0006290700259653503,-0.0009382691101301743,0.0017769400534721758,-0.0007264549206191795,-0.00029470177507229245,0.0005670717026142746
277,0.035280076381560485,0.03528007622848485,3.2863057518060293e-06,4.323757075411386,1.8990137540413918,1.643391039513256,4.3444887070341816,-1.0,-0.40598447197871584,-0.6966163307851518,-1.6017304204728644,1.2152354417450362,1.7695649400821092,-1.9271784930639764,-0.00026727526233027987,0.0,0.0006138715041605902,-0.0009164933209460102,0.0017361013276502302,-0.0007102731945725083,-0.0002876414363399693,0.0005533060953719637
278,0.034487914705107085,0.03448791455546055,3.2126433549546365e-06,4.323756869227687,1.8982215923929109,1.6433911089291444,4.344227094389682,-1.0,-0.4053853919752194,-0.6975115952906347,-1.6000341507336866,1.2145409749240867,1.7692841726810644,-1.9266385809248834,-0.0002616126444996425,0.0,0.000599080003496455,-0.000895264505482829,0.0016962697391778025,-0.0006944668209494242,-0.00028076740104476805,0.0005399121390929906
279,0.03371455938957085,0.03371455924327108,3.1405765952732308e-06,4.323756672422888,1.8974482371037784,1.6433911762979465,4.343971027917967,-1.0,-0.40480070899625187,-0.698386162481579,-1.598376733048537,1.2138619482947282,1.7690100986229684,-1.9261117026868635,-0.00025606647171461105,0.0,0.0005846829789675212,-0.0008745671909443642,0.001657417685149598,-0.0006790266293585923,-0.0002740740580959855,0.00052687823801989
280,0.032959521364425745,0.03295952122139243,3.070434795906662e-06,4.323756484523036,1.896693199103572,1.6433912416940553,4.343720393207612,-1.0,-0.4042300406595754,-0.6992405488933456,-1.5967572146245876,1.2131980046137145,1.7687425426312415,-1.9255975094666293,-0.0002506347103556905,0.0,0.0005706683366764609,-0.0008543864117666056,0.001619518423949362,-0.0006639436810136345,-0.0002675559917268977,0.0005141932202341604
281,0.03222232600200287,0.03222232586215864,3.0019091002700663e-06,4.3237563050803605,1.8959560037647198,1.6433913051884879,4.343475077877676,-1.0,-0.4036730162442942,-0.7000752565837188,-1.5951746685797115,1.2125487953502674,1.7684813346574322,-1.9250956631467706,-0.00024531532993599114,0.0,0.0005570244152812154,-0.0008347076903731931,0.0015825460448761763,-0.0006492092634471369,-0.000261207973809352,0.0005018463198587231
282,0.03150251262551042,0.03150251248877921,2.9348857412611478e-06,4.32375613367171,1.8952361904105184,1.6433913668490703,4.3432349715712935,-1.0,-0.4031292762760135,-0.7008907736024698,-1.593628193140785,1.2119139804650163,1.7682263097009367,-1.9246058359866838,-0.00024010630638215957,0.0,0.0005437399682806654,-0.0008155170187509331,0.0015464754389264979,-0.0006348148852510782,-0.000255024956495431,0.0004898271600868309
283,0.030799634036028974,0.030799633902337108,2.8696247521680187e-06,4.323755969897095,1.8945333118421313,1.6433914267406093,4.3429999659463165,-1.0,-0.40259847212891436,-0.7016875744432779,-1.5921169108700937,1.2112932281941622,1.7679773076357674,-1.9241277102496872,-0.0002350056249769139,0.0,0.000530804147099162,-0.0007968008408081317,0.0015112822706913054,-0.0006207522708541191,-0.00024900206516931256,0.0004781257369965708
284,0.03011325605769475,0.030113255926970978,2.805774300084956e-06,4.323755813378319,1.8938469338837718,1.6433914849250584,4.342769954663326,-1.0,-0.4020802656439844,-0.7024661204787583,-1.590639967918769,1.2106862148388151,1.7677341730440685,-1.9236609778455747,-0.00023001128299071638,0.0,0.0005182064849299506,-0.000778546035480443,0.0014769429513246113,-0.0006070133553470747,-0.0002431345916988903,0.00046673240411254646
285,0.02944295710031578,0.029442956972490095,2.743432872979323e-06,4.323755663757682,1.8931766349453185,1.6433915414616664,4.342544833371304,-1.0,-0.4015743287626801,-0.703226860379309,-1.5891965333062268,1.21009262455945,1.7674967550560987,-1.9232053399878972,-0.0002251212920221235,0.0,0.0005059368813042919,-0.0007607399005506998,0.0014434346125422604,-0.0005935902793650083,-0.0002374179879698346,0.0004556378576774378
286,0.02878832773868689,0.02878832761369111,2.682540131370774e-06,4.323755520696791,1.8925220056016323,1.6433915964071228,4.342324499691223,-1.0,-0.40108034317532815,-0.7039702305164545,-1.5877857982246166,1.2095121491754148,1.767264907196402,-1.9227605068652958,-0.00022033368008056442,0.0,0.000493985587351975,-0.0007433701371454271,0.0014107350816101594,-0.0005804753840352728,-0.00023184785969676547,0.00044483312260146235
287,0.0281489703079119,0.028148970185680702,2.6231123150602637e-06,4.323755383875427,1.8918826481878794,1.6433916498156915,4.3421088531977965,-1.0,-0.40059799998361056,-0.704696655351339,-1.5864069753673302,1.2089444879694193,1.767038487235909,-1.9223261973262449,-0.00021564649342664666,0.0,0.00048234319171758244,-0.0007264248348844982,0.0013788228572864103,-0.0005676612059954955,-0.00022641996049288515,0.0004343095390508811
288,0.027524498514069174,0.027524498394537765,2.564991548510888e-06,4.323755252990485,1.8912581764101941,1.6433917017393367,4.341897795399592,-1.0,-0.40012699937650653,-0.7054065478089864,-1.5850592982806524,1.2083893474969283,1.7668173570497188,-1.9219021385765944,-0.000211057798204628,0.0,0.0004710006071040329,-0.0007098924576474097,0.0013476770866778232,-0.0005551404724910558,-0.00022113018619029923,0.00042405874965045776
289,0.026914537059577418,0.02691453694268387,2.5083572164185438e-06,4.323755127754991,1.8906482149710493,1.6433917522278407,4.341691229717734,-1.0,-0.39966705031909266,-0.7061003096389186,-1.583742020737677,1.2078464414003764,1.766601382480318,-1.9214880658893292,-0.00020656568185817292,0.0,0.0004599490574138665,-0.0006937618299321935,0.0013172775429755035,-0.0005429060965518318,-0.00021597456940081194,0.0004140726872652323
290,0.02631872128266045,0.026318721168342687,2.4528596810766946e-06,4.323755007897168,1.8900523992087164,1.6433918013289168,4.341489061463345,-1.0,-0.399217870253635,-0.7067783317626958,-1.5824544161336418,1.2073154902281193,1.7663904332060139,-1.9210837223259942,-0.0002021682543889014,0.0,0.0004491800654576883,-0.000678022123777211,0.0012876046040350975,-0.0005309511722570992,-0.00021094927430409527,0.00040434356333496346
291,0.025736696810310634,0.02573669669850997,2.398855556560226e-06,4.32375489315956,1.8894703747502355,1.643391849088312,4.341291197813917,-1.0,-0.3987791848124295,-0.7074409946089196,-1.581195776901872,1.2067962212580317,1.7661843826143595,-1.9206888584692596,-0.0001978636494275321,0.0,0.0004386854412054553,-0.0006626628462238493,0.0012586392317697204,-0.000519268970087694,-0.0002060505916543498,0.00039486385673459523
292,0.025168119224223816,0.02516811911488209,2.345880109567516e-06,4.32375478329822,1.8889017971773443,1.6433918955499063,4.341097547788749,-1.0,-0.3983507275418764,-0.7080886684362112,-1.5799654139495531,1.2062883683256613,1.7659831076803614,-1.9203032321661235,-0.00019365002516824603,0.0,0.00042845727055312866,-0.0006476738272915838,0.0012303629523189308,-0.0005078529323703229,-0.00020127493399813012,0.0003856263031360996
293,0.02461265373912943,0.024612653632190208,2.294294968907682e-06,4.323754678081944,1.8883463317048124,1.6433919407558064,4.340908022223586,-1.0,-0.39793223963729424,-0.7087217136446566,-1.578762656112583,1.2057916716568462,1.765786488849272,-1.9199266082812803,-0.00018952556516271812,0.0,0.00041848790458215435,-0.0006330452084454263,0.001202757836970214,-0.0004966966688151331,-0.00019661883108934575,0.0003766238848432746
294,0.024069974893045125,0.024069974788453196,2.2438002076994896e-06,4.323754577291536,1.8878036528706943,1.6433919847464316,4.340722533744599,-1.0,-0.3975234696880083,-0.7093404810761893,-1.5775868496287875,1.2053058777046983,1.765594409923775,-1.9195587584601992,-0.00018548847898713916,0.0,0.00040876994928595867,-0.000618767431532663,0.0011758064837954496,-0.0004857939521478727,-0.0001920789254969968,0.0003678498210810677
295,0.02353976624893568,0.02353976614663759,2.1944710960994706e-06,4.323754480719149,1.88727344423799,1.643392027560597,4.340540996741801,-1.0,-0.39712417343226325,-0.7099453123043559,-1.576437357628808,1.2048307389908608,1.765406757955378,-1.9191994609014833,-0.0001815370027982155,0.0,0.0003992962557450297,-0.0006048312281665691,0.0011494919999794906,-0.0004751387138375307,-0.00018765196839698461,0.00035929755871588753
296,0.02302172010733059,0.023021720007274003,2.1461810931434973e-06,4.323754388167636,1.886755398107261,1.6433920692355912,4.340363327342011,-1.0,-0.3967341135215381,-0.710536539913896,-1.5753135596439978,1.204366013950941,1.7652234231398438,-1.9188485001380984,-0.00017766939978969276,0.0,0.0003900599107251601,-0.0005912276095401126,0.0011237979848102153,-0.0004647250399198999,-0.0001833348155342307,0.0003509607633849221
297,0.022515537229442408,0.022515537131576405,2.099213478744787e-06,4.3237542994499565,1.88624921523975,1.6433921098072497,4.340189443381467,-1.0,-0.39635305929385406,-0.7111144877705422,-1.574214851130693,1.2039114667840216,1.765044298716487,-1.9185056668270821,-0.0001738839605440745,0.0,0.0003810542276840301,-0.0005779478566462215,0.0010987085133047358,-0.00045454716691928354,-0.00017912442335688006,0.00034283331101625514
298,0.0220209265703554,0.02202092647462987,2.0531183063570096e-06,4.323754214388616,1.8857546045905695,1.643392149310021,4.3400192643781486,-1.0,-0.39598078655569235,-0.7116794712814344,-1.5731406430102464,1.2034668673061593,1.7648692808711797,-1.9181707575473619,-0.00017017900331861568,0.0,0.00037227273816170525,-0.0005649835108921808,0.0010742081204466736,-0.00044459947786235077,-0.00017501784530726816,0.0003349092797202413
299,0.02153760502188434,0.021537604928251203,2.008066240301829e-06,4.323754132815133,1.8852712830515612,1.6433921877770372,4.339852711503917,-1.0,-0.3956170773721503,-0.7122317976465177,-1.5720903612242374,1.2030319908077656,1.7646982686429145,-1.917843574605327,-0.00016655287423184006,0.0,0.0003637091835420603,-0.0005523263650832888,0.0010502817860089664,-0.00043487649839368814,-0.00017101222826521045,0.00032718294203482046
300,0.021065297164707453,0.021065297073118674,1.9643551472145854e-06,4.323754054569547,1.8847989752034269,1.6433922252401714,4.339689707556514,-1.0,-0.3952617198649863,-0.7127717661012862,-1.5710634463042967,1.2026066179147852,1.7645311638337755,-1.9175239258478194,-0.0001630039474029843,0.0,0.00035535750716397807,-0.0005399684547685579,0.001026914919940669,-0.00042537289298039127,-0.00016710480913895154,0.0003196487575076734
301,0.020603735029392178,0.020603734939802353,1.921267683659634e-06,4.323753979499947,1.8843374130767585,1.6433922617300976,4.339530176931504,-1.0,-0.3949145080182176,-0.71329966815121,-1.570059352956005,1.2021905344535697,1.764367870922182,-1.91721162448222,-0.00015953062500972948,0.0,0.00034721184676872463,-0.0005279020499238118,0.001004093348291768,-0.00041608346121546624,-0.00016329291159355996,0.00031230136559945443
302,0.020152657865973683,0.020152657778337007,1.8793194209443448e-06,4.323753907462039,1.8838863359216114,1.643392297276345,4.339374045594201,-1.0,-0.3945752414909517,-0.7138157877981731,-1.569077549656345,1.2017835313193583,1.764208296979267,-1.9169064889033278,-0.0001561313373033002,0.0,0.00033926652726590234,-0.0005161196469630758,0.0009818032996600223,-0.0004070031342113811,-0.00015957394291499227,0.00030513557889211285
303,0.01971181192171832,0.019711811835991317,1.838346780931152e-06,4.323753838318718,1.8834454899852733,1.6433923319073522,4.339221241051632,-1.0,-0.3942437254371467,-0.7143204017592347,-1.5681175182642124,1.2013854043482692,1.7640523515882685,-1.9166083425267402,-0.00015280454256849652,0.0,0.00033151605380499216,-0.0005046139610616063,0.000960031392132521,-0.00039812697108909667,-0.00015594539099850202,0.0002981463765876491
304,0.019280950226770743,0.01928095014290991,1.798292975610211e-06,4.323753771939695,1.8830146282979068,1.6433923656505127,4.3390716923246,-1.0,-0.39391977033200926,-0.7148137796780135,-1.5671787536435042,1.2009959541927153,1.7638999467668062,-1.916317013628453,-0.00014954872703221156,0.0,0.0003239551051374412,-0.0004933779187787923,0.0009387646207081879,-0.0003894501555539165,-0.00015240482146228196,0.00029132889828709096
305,0.018859832387345375,0.01885983230530871,1.7590945438594352e-06,4.323753708201122,1.8825935104657445,1.643392398532225,4.338925329919862,-1.0,-0.3936031918047537,-0.7152961843289771,-1.5662607632983265,1.2006149862001512,1.763750996891931,-1.9160323351904227,-0.0001463624047381984,0.0,0.0003165785272555288,-0.0004824046509636082,0.0009179903451776994,-0.0003809679925641518,-0.00014894987487523714,0.0002846784380303724
306,0.01844822438618615,0.01844822430593356,1.7205518512562322e-06,4.32375364698524,1.882181902471548,1.6433924305779346,4.338782085802477,-1.0,-0.3932938104774575,-0.7157678718149145,-1.5653630670198817,1.2002423102950666,1.7636054186278345,-1.915754144751832,-0.00014324411738453335,0.0,0.0003093813272962431,-0.00047168748593739984,0.0008976962784448261,-0.00037267590508460735,-0.00014557826409644647,0.00027819043859067527
307,0.018045898389987842,0.0180458983114789,1.6832377012305983e-06,4.323753588180066,1.8817795764820264,1.6433924618121782,4.338641893368352,-1.0,-0.3929914518097587,-0.716229091757849,-1.5644851965446105,1.199877740864137,1.7634631308561115,-1.915482284265824,-0.00014019243412555227,0.0,0.0003023586676987877,-0.00046121994293446544,0.0008778704752712141,-0.0003645694309295511,-0.00014228777172298201,0.0002718604860081353
308,0.017652632563515108,0.017652632486711006,1.6464265962761276e-06,4.32375353167908,1.8813863106619597,1.643392492258621,4.338504687417009,-1.0,-0.392695945949158,-0.7166800874836449,-1.5636266952231819,1.1995210966444494,1.7633240546084743,-1.915216599961472,-0.00013720595134270042,0.0,0.0002955058606006755,-0.00045099572579587743,0.0008585013214286175,-0.0003566442196876185,-0.00013907624763720428,0.0002656843043518098
309,0.017268210890154283,0.017268210815016633,1.6108424048163362e-06,4.323753477380932,1.8810018889947475,1.643392521940095,4.3383704041246105,-1.0,-0.3924071275866922,-0.7171210962005462,-1.562787117699943,1.199172200614719,1.7631881130018214,-1.9149569422107695,-0.00013428329239850711,0.0,0.0002888183624658036,-0.0004410087169013366,0.0008395775232388214,-0.00034889602973042777,-0.00013594160665286736,0.0002596577507025799
310,0.016892422998641212,0.01689242292513217,1.5758638461117331e-06,4.323753425189182,1.8806261011091383,1.643392550878636,4.338238981017255,-1.0,-0.39212483581775986,-0.7175523491718764,-1.5619660296024507,1.1988308798894158,1.7630552311755667,-1.9147031654004283,-0.00013142310735592133,0.0,0.0002822917689323523,-0.00043125297133017604,0.0008210880974923729,-0.0003413207253031292,-0.0001328818262547049,0.0002537768103412219
311,0.01652506399572782,0.01652506392381303,1.5416761823152117e-06,4.323753375012018,1.8802587421118988,1.6433925790955162,4.338110356944565,-1.0,-0.39184891400789157,-0.7179740718831202,-1.5611630072407254,1.1984969656157232,1.7629253362311403,-1.9144551278082902,-0.0001286240726896537,0.0,0.00027592180986829584,-0.00042172271124385485,0.0008030223617252474,-0.00033391427369267035,-0.0001298949444263897,0.00024803759213809506
312,0.016165934304570598,0.016165934234212653,1.5081859742261402e-06,4.323753326762043,1.879899612426193,1.6433926066112758,4.337984472053597,-1.0,-0.3915792096632612,-0.7183864842035971,-1.5603776373158849,1.1981702928732478,1.7627983571735761,-1.9142126914841597,-0.00012588489096820865,0.0,0.0002697043446303615,-0.0004124123204768404,0.0007853699248405732,-0.0003266727424753313,-0.0001269790575642027,0.00024243632413045724
313,0.015814839508577944,0.01581483943974379,1.4754407160863501e-06,4.323753280356027,1.8795485176354438,1.6433926334457565,4.337861267763067,-1.0,-0.39131557430574976,-0.7187898005429268,-1.5596095166378183,1.1978507005764076,1.762674224855103,-1.9139757221348774,-0.00012320429052969928,0.0,0.0002636353575114492,-0.0004033163393297734,0.0007681206780665306,-0.00031959229684019874,-0.00012413231847308026,0.00023696934928230107
314,0.015471590200568049,0.015471590133222248,1.4433372729223775e-06,4.323753235714696,1.8792052683324763,1.643392659618127,4.337740686737925,-1.0,-0.39105786335237774,-0.7191842300024841,-1.5588582518515883,1.1975380313794246,1.7625528719206642,-1.9137440890134616,-0.00012058102514167501,0.0,0.00025771095337201455,-0.00039442945955725506,0.0007512647862299993,-0.00031266919698302864,-0.00012135293443882311,0.0002316331214158307
315,0.01513600183696531,0.015136001771075918,1.4122339188098277e-06,4.323753192762527,1.878869679973727,1.6433926851469125,4.337622672864277,-1.0,-0.39080593599893104,-0.7195699765220218,-1.558123459172249,1.1972321315838463,1.762434232755286,-1.9135176648121526,-0.00011801387364851479,0.0,0.0002519273534467015,-0.0003857465195377108,0.0007347926793392912,-0.0003058997955782683,-0.0001186391653782426,0.00022642420130902785
316,0.014807894596907099,0.014807894532441888,1.3817161478197043e-06,4.323753151427557,1.8785415727383414,1.643392710050021,4.337507171224667,-1.0,-0.39055965510761426,-0.7199472390216448,-1.5574047641277888,1.1969328510485302,1.762318243433229,-1.9132963255592035,-0.00011550163960993842,0.0,0.00024628089131678577,-0.00037726249962299896,0.0007186950444602047,-0.00029928053531613763,-0.00011598932205703072,0.00022133925294909318
317,0.014487093246022,0.014487093182948926,1.3516593540250574e-06,4.323753111641198,1.878220771391956,1.643392734344768,4.3373941280737345,-1.0,-0.3903188870985719,-0.7203162115393024,-1.556701801309911,1.1966400431020194,1.7622048416688483,-1.913079950519265,-0.00011304315093241257,0.0,0.00024076800904238027,-0.0003689725176575509,0.0007029628178778502,-0.0002928079465107647,-0.00011340176438068283,0.00021637503993843232
318,0.014173427004730694,0.01417342694301947,1.3224308331212644e-06,4.323753073338068,1.8779071051550007,1.6433927580479,4.337283490814239,-1.0,-0.39008350184512375,-0.7206770833639621,-1.5560142141323818,1.1963535644572445,1.762093966769102,-1.912868422097222,-0.00011063725949522762,0.0,0.00023538525344812822,-0.00036087182465971424,0.0006875871775291476,-0.00028647864477493457,-0.00011087489974626052,0.0002115284220429725
319,0.013866729420897684,0.013866729360518342,1.294086708974642e-06,4.323753036455826,1.877600407575347,1.643392781175617,4.3371752079734724,-1.0,-0.389853372572571,-0.7210300391646222,-1.555341654596685,1.1960732751284842,1.761985559587641,-1.9126616257453446,-0.00010828284076680461,0.0,0.00023012927255272597,-0.0003529558006600819,0.0006725595356968928,-0.0002802893287603414,-0.00010840718146098993,0.0002067963518774807
320,0.013566838246654426,0.013566838187576596,1.265984975562147e-06,4.323753000935024,1.8773005164051324,1.6433928037435963,4.3370692291800506,-1.0,-0.38962837576043086,-0.7213752591153123,-1.5546837830647264,1.1957990383505248,1.7618795624804218,-1.9124594498736216,-0.00010597879342189032,0.0,0.00022499681214016576,-0.00034521995069014544,0.0006578715319585093,-0.00027423677795934687,-0.00010599710721925781,0.00020217587172299822
321,0.013273595319251959,0.013273595261447904,1.2386800313366494e-06,4.323752966718949,1.8770072734816168,1.6433928257670092,4.336965505141093,-1.0,-0.38940839104796887,-0.7217129190162258,-1.554040268038353,1.1955307204999543,1.7617759192627853,-1.9122617857631523,-0.0001037240389578642,0.0,0.0002199847124619847,-0.0003376599009135006,0.0006435150263734979,-0.0002683178505704653,-0.00010364321763645101,0.00019766411046928667
322,0.012986846445790469,0.01298684638923141,1.2118593222706739e-06,4.323752933753498,1.876720524611905,1.643392847260543,4.336863987619794,-1.0,-0.38919330114289974,-0.722043190411122,-1.5534107859454476,1.1952681910185314,1.7616745751679448,-1.9120685274824747,-0.0001015175212986108,0.0,0.0002150899050691324,-0.0003302713948961644,0.0006294820929053646,-0.0002625294814229129,-0.00010134409484052753,0.00019325828067762174
323,0.012706441291676383,0.012706441236335596,1.1857429900216417e-06,4.323752901987047,1.8764401194614109,1.6433928682384213,4.336764629413386,-1.0,-0.38898299173313483,-0.7223662407011308,-1.5527950209323789,1.195011322338572,1.7615754768068306,-1.9118795718067174,-9.935820640816218e-05,0.0,0.0002103094097649083,-0.00032305029000878616,0.0006157650130687031,-0.00025686867995933227,-9.909836111421377e-05,0.00018895567575727412
324,0.012432233272673043,0.012432233218523278,1.1601872241391433e-06,4.323752871370317,1.8761659114459024,1.6433928887144176,4.336667384331483,-1.0,-0.38877735140146064,-0.7226822332550873,-1.5521926646625899,1.1947599898102965,1.7614785721292419,-1.9116948181394664,-9.724508190256387e-05,0.0,0.00020564033167419504,-0.00031599255395653447,0.000602356269788995,-0.00025133252827558294,-9.690467758871613e-05,0.00018475366725101416
325,0.012164079450412181,0.012164079397427613,1.1352298828805644e-06,4.32375284185627,1.8758977576270175,1.6433929087018748,4.336572207174828,-1.0,-0.388576271543035,-0.7229913275165166,-1.5516034161211176,1.1945140716310805,1.7613838103862551,-1.9115141684372379,-9.517715665552373e-05,0.0,0.0002010798584256568,-0.0003090942614293324,0.0005892485414722426,-0.00024591817921604253,-9.476174298672646e-05,0.00018064970222853027
326,0.011901840431240962,0.011901840379396109,1.1107114048948993e-06,4.3237528133999925,1.8756355186111082,1.6433929282137232,4.336479053714417,-1.0,-0.388379646285595,-0.7232936791073884,-1.5510269814248456,1.1942734487765592,1.7612911420938444,-1.9113375271364614,-9.315346041116612e-05,0.0,0.00019662525743996406,-0.00030235159087177443,0.0005764346962719991,-0.00024062285452131071,-9.266829241072472e-05,0.0001766413007764367
327,0.011645380268277295,0.011645380217547175,1.0868658142573455e-06,4.323752785958592,1.8753790584512973,1.6433929472624926,4.336387880671016,-1.0,-0.388187372412274,-0.7235894399287521,-1.5504630736382954,1.1940380049335308,1.7612005189976676,-1.911164801082875,-9.117304340033883e-05,0.0,0.00019227387332099166,-0.00029576082136373305,0.000563907786550244,-0.00023544384302831567,-9.062309617680064e-05,0.000172726053586425
328,0.011394566366565495,0.011394566316924863,1.0637383638367407e-06,4.323752759491099,1.8751282445526327,1.6433929658603277,4.336298645695065,-1.0,-0.3879993492869291,-0.723878758258361,-1.549911412594775,1.193807626434608,1.7611118940389765,-1.9109958994632406,-8.923497595159091e-05,0.0,0.00018802312534493826,-0.0002893183296088786,0.0005516610435203351,-0.00023037849892282303,-8.862495869110809e-05,0.00016890161963445394
329,0.011149269391208801,0.011149269342634336,1.0405236631689596e-06,4.323752733958376,1.8748829475802236,1.643392984019005,4.336211307346955,-1.0,-0.3878154787818856,-0.7241617788453886,-1.5493717247227041,1.1935822021945688,1.7610252213216087,-1.910830733739293,-8.733834811014418e-05,0.0,0.0001838705050434819,-0.0002830205870275604,0.0005396878720709264,-0.00022542424003924033,-8.667271736784166e-05,0.00016516572394764673
330,0.010909363178385968,0.010909363130854369,1.0183065869373455e-06,4.32375270932302,1.8746430413702522,1.6433930017499434,4.3361258250776915,-1.0,-0.38763566520800924,-0.7244386430023391,-1.5488437428769468,1.193361623648362,1.7609404560800235,-1.9106692175838362,-8.548226926308189e-05,0.0,0.00017981357387636399,-0.00027686415695049593,0.0005279818457573082,-0.00022057854620682882,-8.476524158518295e-05,0.00016151615545667575
331,0.010674724649134897,0.010674724602623862,9.962627083329838e-07,4.323752685549284,1.8744084028437609,1.643393019064219,4.336042159209933,-1.0,-0.38745981524701756,-0.7247094886942451,-1.5483272061749858,1.1931457846907159,1.7608575546483425,-1.9105112668189095,-8.366586775832019e-05,0.0,0.00017584996099168082,-0.000270845691906052,0.0005165367019610567,-0.00021583895764609728,-8.290143168099284e-05,0.00015795076492675086
332,0.010445233725812441,0.010445233680299315,9.750871747126303e-07,4.323752662603004,1.8741789119231094,1.6433930359725752,4.335960270919397,-1.0,-0.3872878378859502,-0.7249744506252462,-1.54782185983778,1.192934581617309,1.760776474430359,-1.9103567993559423,-8.18882905360141e-05,0.0,0.00017197736106733252,-0.00026496193100111753,0.0005053463372057809,-0.00021120307340694033,-8.108021798358678e-05,0.0001544674629672116
333,0.010220773251129448,0.01022077320659247,9.541398640622335e-07,4.323752640451511,1.8739544514510125,1.643393052485438,4.335880122216634,-1.0,-0.38711964435371826,-0.7252336603226358,-1.5473274550351535,1.1927279130674566,1.7606971738704826,-1.9102057351378279,-8.014870276351616e-05,0.0,0.00016819353223196387,-0.000259209697389573,0.0004944048026265246,-0.00020666854985229577,-7.930055987626083e-05,0.00015106421811439397
334,0.010001228909681125,0.01000122886609885,9.334361412147518e-07,4.3237526190635664,1.8737349071120686,1.6433930686129237,4.335801675929168,-1.0,-0.38695514805965536,-0.7254872462184634,-1.5468437487355675,1.192525679968274,1.760619612425584,-1.9100579960828419,-7.844628746589422e-05,0.0,0.00016449629406289912,-0.0002535858958275794,0.0004837062995859398,-0.0002022330991826582,-7.756144489867722e-05,0.00014773905498599582
335,0.009786489151870791,0.009786489109222161,9.134788587090156e-07,4.323752598409294,1.8735201673566841,1.6433930843648528,4.335724895683993,-1.0,-0.38679426453400023,-0.7257353337287716,-1.5463705035601343,1.1923277854802705,1.760543750537708,-1.90991350603034,-7.678024517510096e-05,0.0,0.0001608835256551311,-0.00024808751030824805,0.0004732451754332345,-0.00019789448800344722,-7.586188787600534e-05,0.00014449005250183333
336,0.009576445120149296,0.009576445078414614,8.938212844413115e-07,4.323752578460115,1.873310123327314,1.6433930997507582,4.33564974589042,-1.0,-0.3866369113702384,-0.7259780453305493,-1.5459074876407366,1.1921341349443395,1.7604695496076264,-1.9097721906881686,-7.514979357292617e-05,0.0,0.00015735316376180863,-0.0002427116017776898,0.00046301591939768016,-0.00019365053593101145,-7.420093008159157e-05,0.00014131534217143304
337,0.009370990577498156,0.009370990536657018,8.747375083827757e-07,4.32375255918868,1.8731046687869413,1.6433931147798952,4.33557619172328,-1.0,-0.38648300816923786,-0.7262155006364739,-1.5454544744821204,1.1919446358301016,1.7603969719691979,-1.9096339775817257,-7.355416714016627e-05,0.0,0.00015390320100056032,-0.000237455305924561,0.00045301315861623337,-0.0001894991142379343,-7.257763842849485e-05,0.00013821310644290818
338,0.009170021838056956,0.00917002179809048,8.560065398422188e-07,4.323752540568823,1.8729037000497095,1.6433931294612545,4.335504199106462,-1.0,-0.3863324764851128,-0.7264478164675171,-1.5450112428278349,1.1917591976855648,1.7603259808645082,-1.9094987960046137,-7.199261681734015e-05,0.0,0.0001505316841250437,-0.00023231583104321718,0.00044323165428550304,-0.00018543814453675367,-7.099110468966607e-05,0.00013518157711200907
339,0.00897343769984531,0.008973437660734444,8.373869251148419e-07,4.323752522575497,1.8727071159136404,1.6433931438035658,4.335433734696801,-1.0,-0.3861852397727562,-0.7266751069234857,-1.544577576529898,1.1915777320880672,1.7602565404197639,-1.9093665769708255,-7.046440966096412e-05,0.0,0.00014723671235661318,-0.00022729045596858732,0.0004336662979369521,-0.00018146559749765423,-6.944044474432864e-05,0.00013221903378823896
340,0.008781139379491659,0.008781139341216888,8.196993195697935e-07,4.3237525051847285,1.8725148175953639,1.6433931578153114,4.335364765868284,-1.0,-0.3860412233369791,-0.7268974834515615,-1.544153264422067,1.1914001525964613,1.7601886156219126,-1.9092372531684092,-6.896882851759045e-05,0.0,0.00014401643577710566,-0.0002223765280757739,0.0004243121078308931,-0.00017757949160590591,-6.792479785122651e-05,0.00012932380241625907
341,0.00859303044889764,0.008593030411442102,8.024520884654893e-07,4.323752488373559,1.8723267086667863,1.643393171504732,4.335297260696594,-1.0,-0.38590035428320263,-0.7271150549129081,-1.5437381001966046,1.1912263747045122,1.7601221722959648,-1.9091107589145602,-6.750517168985226e-05,0.0,0.0001408690537764712,-0.00021757146134659955,0.0004151642254623944,-0.00017377789194905624,-6.64433259478514e-05,0.0001264942538490299
342,0.008409016773796041,0.008409016737140706,7.851087970924275e-07,4.323752472120005,1.8721426949936402,1.6433931848798362,4.335231187943978,-1.0,-0.3857625614696463,-0.7273279276474064,-1.5433318822844275,1.1910563157954712,1.7600571770829927,-1.9089870301120861,-6.607275261583112e-05,0.0,0.00013779281355630335,-0.0002128727344983261,0.00040621791217709813,-0.0001700589090409821,-6.499521297209654e-05,0.0001237288024740213
343,0.008229006454099906,0.008229006418227817,7.682412120491599e-07,4.323752456403009,1.8719626846758424,1.6433931979484064,4.335166517044426,-1.0,-0.3856277754609609,-0.7275362055365785,-1.5429344137385337,1.1908898950977946,1.759993597418784,-1.9088660042072005,-6.467089955197736e-05,0.0,0.0001347860086854391,-0.00020827788917210377,0.00039746854589384206,-0.00016642069767658363,-6.357966420877936e-05,0.00012102590488560772
344,0.008052909766017208,0.008052909730912005,7.515859730791323e-07,4.323752441202404,1.8717865879896032,1.6433932107180087,4.335103218089163,-1.0,-0.3854959284832556,-0.7277399900647585,-1.5425455021206056,1.1907270336419769,1.7599314015131273,-1.9087476201485962,-6.329895526313578e-05,0.0,0.00013184697770529663,-0.0002037845281800399,0.00038891161792808937,-0.00016286145581778655,-6.219590565659239e-05,0.000118384058604315
345,0.007880639105854516,0.007880639071498911,7.357613382118217e-07,4.323752426498861,1.8716143173312298,1.6433932231959973,4.335041261812447,-1.0,-0.38536695438047236,-0.7279393803785666,-1.5421649593906928,1.1905676542184642,1.7598705583297083,-1.9086318183477538,-6.195627671612414e-05,0.0,0.0001289741027832303,-0.00019939031380811212,0.0003805427299128361,-0.0001593794235126289,-6.084318341903483e-05,0.00011580180084247438
346,0.007712108935451946,0.007712108901830445,7.20205663060834e-07,4.32375241227386,1.8714457871625658,1.643393235389525,4.334980619577671,-1.0,-0.3852407885720581,-0.7281344733447386,-1.5417926017998755,1.1904116813366248,1.7598110375665947,-1.9085185406404426,-6.064223477597608e-05,0.0,0.00012616580841423586,-0.00019509296617192806,0.0003723575908172183,-0.00015597288183943903,-5.952076311355192e-05,0.00011327770731117681
347,0.007547235729205721,0.007547235696301826,7.043065010366867e-07,4.32375239850965,1.8712809139580078,1.6433932473055453,4.334921263363756,-1.0,-0.38511736801189406,-0.7283253636063656,-1.5414282497858227,1.1902590411847402,1.759752809637292,-1.908407730249373,-5.935621391461865e-05,0.0,0.000123420560164067,-0.00019089026162699696,0.0003643520140528267,-0.00015264015188454216,-5.8227929302656634e-05,0.00011081039106963786
348,0.007385937922613915,0.0073859378904118445,6.893297139537696e-07,4.323752385189216,1.8711196161530559,1.6433932589508229,4.334863165751837,-1.0,-0.3849966311484353,-0.7285121436375904,-1.541071727871151,1.1901096615909958,1.7596958456523508,-1.9082993317479595,-5.809761191954976e-05,0.0,0.00012073686345875911,-0.00018678003122485354,0.0003565219146717258,-0.00014937959374439203,-5.696398494126065e-05,0.00010839850141342033
349,0.0072281358623009755,0.007228135830785951,6.746787680788031e-07,4.323752372296243,1.870961814094337,1.6433932703319372,4.334806299912226,-1.0,-0.38487851788602373,-0.728694903796813,-1.5407228645645032,1.1899634719854397,1.7596401174015048,-1.9081932910251584,-5.686583961050928e-05,0.0,0.00011811326241156772,-0.0001827601592225836,0.0003488633066477398,-0.00014618960555612404,-5.572825084598776e-05,0.00010604072280107069
350,0.007073751757476403,0.007073751726633746,6.603753508973342e-07,4.323752359815085,1.8708074299910618,1.643393281455289,4.334750639591666,-1.0,-0.3847629695473311,-0.7288737323784468,-1.540381492264263,1.1898204033628845,1.7595855973363255,-1.9080895552513408,-5.5660320559702825e-05,0.0,0.00011554833869265035,-0.00017882858163376092,0.00034137230024033904,-0.00014306862255519803,-5.452006517936425e-05,0.00010373577381761478
351,0.006922709632770789,0.006922709602586256,6.460989531481021e-07,4.323752347730735,1.8706563878678626,1.643393292327107,4.334696159100847,-1.0,-0.3846499288368956,-0.7290487156632749,-1.5400474471648247,1.1896803882467282,1.7595322585533735,-1.9079880728451675,-5.448049081913098e-05,0.0,0.0001130407104354969,-0.00017498328482812298,0.00033404509943824046,-0.00014001511615635565,-5.33387829519949e-05,0.0001014824061733588
352,0.006774935282412377,0.0067749352528708165,6.325538538930261e-07,4.323752336028799,1.870508613518968,1.6433933029534513,4.334642833302196,-1.0,-0.3845393398057162,-0.7292199379674472,-1.5397205691653442,1.1895433606536663,1.7594800747778319,-1.9078887934414321,-5.3325798651471246e-05,0.0,0.00011058903117938668,-0.00017122230417232487,0.00032687799948050156,-0.00013702759306188916,-5.218377554161435e-05,9.927940373533062e-05
353,0.006630356225695108,0.0066303561967837885,6.190710686993992e-07,4.32375232469547,1.8703640344636752,1.643393313340221,4.334590637597927,-1.0,-0.38443114781686843,-0.7293874816901602,-1.539400701780894,1.189409256059275,1.7594290203476055,-1.907791667859839,-5.219570426895359e-05,0.0,0.00010819198884776116,-0.00016754372271299278,0.0003198673844502231,-0.00013410459439122668,-5.105443022634937e-05,9.712558159313822e-05
354,0.006488901663705933,0.006488901635410296,6.056547591955031e-07,4.323752313717492,1.8702225799030705,1.6433933234931566,4.334539547918353,-1.0,-0.38432529951210775,-0.729551427360061,-1.5390876920559537,1.1892780113644383,1.7593790701978704,-1.907696648074685,-5.108967957401234e-05,0.0,0.00010584830476068063,-0.00016394566990074466,0.0003130097249401942,-0.00013124469483671852,-4.99501497350785e-05,9.501978515391585e-05
355,0.006350502437254315,0.006350502409561863,5.926842034265886e-07,4.323752303082148,1.8700841806779664,1.6433933334178474,4.334489540710444,-1.0,-0.38422174277942855,-0.7297118536804125,-1.5387813904801644,1.189149564862599,1.7593301998460593,-1.907603687185415,-5.000720790881985e-05,0.0,0.00010355673267919974,-0.00016042632035151438,0.00030630157578936945,-0.00012844650183940765,-4.887035181111443e-05,9.29608892701328e-05
356,0.006215090985984579,0.006215090958881793,5.80189297614457e-07,4.323752292777227,1.8699487692280072,1.6433933431197338,4.334440592926639,-1.0,-0.38412042672154706,-0.7298688375730594,-1.5384816509062809,1.1890238562078097,1.759282385377269,-1.9075127393880218,-4.894778380482023e-05,0.0,0.00010131605788149534,-0.00015698389264695578,0.00029973957388351735,-0.000125708654789225,-4.781446879031925e-05,9.094779739315939e-05
357,0.0060826013086186185,0.006082601282093189,5.678105021494003e-07,4.32375228279101,1.8698162795519169,1.643393352604115,4.334392682013895,-1.0,-0.38402130162527776,-0.7300224542212295,-1.5381883304702582,1.1889008263835659,1.7592356034300762,-1.9074237599472645,-4.791091274380932e-05,0.0,9.912509626930355e-05,-0.00015361664817004073,0.00029332043602270375,-0.00012302982424383657,-4.6781947192764406e-05,8.897944075725306e-05
358,0.005952968924303195,0.005952968898342313,5.559551151447853e-07,4.323752273112241,1.8696866471688425,1.6433933618761487,4.334345785902977,-1.0,-0.3839243189317752,-0.7301727771112058,-1.5379012895134077,1.1887804176723955,1.7591898311827496,-1.9073367051696755,-4.689611091812651e-05,0.0,9.69826935025564e-05,-0.0001503228899762954,0.0002870409568505039,-0.00012040871117036112,-4.577224732660312e-05,8.705477758907954e-05
359,0.005826130835016182,0.0058261308096082135,5.434329071286528e-07,4.32375226373011,1.869559809080764,1.6433933709408608,4.334299882997977,-1.0,-0.38382943120761165,-0.7303198780729033,-1.5376203915065654,1.1886625736261889,1.7591450463398421,-1.907251532377332,-4.5902905000616556e-05,0.0,9.48877241635504e-05,-0.00014710096169756604,0.0002808980068422784,-0.0001178440462066277,-4.478484290748597e-05,8.517279234343533e-05
360,0.005702025489014564,0.00570202546414685,5.322864979354132e-07,4.323752254634232,1.869435703735938,1.6433933798031441,4.334254952166064,-1.0,-0.3837365921166653,-0.7304638273193835,-1.5373455029762118,1.1885472390372473,1.7591012271191566,-1.9071681998823686,-4.4930831912814995e-05,0.0,9.283909094637277e-05,-0.0001439492464802017,0.00027488853035362304,-0.00011533458894152915,-4.3819220685525906e-05,8.333249496339512e-05
361,0.005580592745271394,0.005580592720932648,5.204751848153227e-07,4.323752245814637,1.8693142709933397,1.643393388467767,4.334210972727457,-1.0,-0.38364575639279164,-0.7306046934853363,-1.5370764934324865,1.1884343599100329,1.7590583522390686,-1.9070866669622035,-4.3979438606456256e-05,0.0,9.083572387363903e-05,-0.0001408661659527688,0.00026900954372521824,-0.00011287912721447135,-4.287488008802853e-05,8.153292016510605e-05
362,0.005461773838889071,0.005461773815067947,5.10133587378975e-07,4.323752237261738,1.8691954520880723,1.6433933969393726,4.334167924445614,-1.0,-0.38355687981325487,-0.7307425436645625,-1.5368132352990467,1.1883238834335994,1.759016400906198,-1.907006893835459,-4.3048281843205416e-05,0.0,8.887657953676742e-05,-0.00013785017922618437,0.0002632581334398587,-0.00011047647643347425,-4.1951332870659996e-05,7.977312674456449e-05
363,0.005345511347448781,0.005345511324134573,4.995779578161354e-07,4.323752228966326,1.8690791895977181,1.643393405222487,4.334125787517633,-1.0,-0.3834699191728925,-0.7308774434464834,-1.5365556038447112,1.188215757954688,1.7589753528034164,-1.9069288416385513,-4.2136927981495376e-05,0.0,8.696064036234352e-05,-0.00013489978192093854,0.00025763145433543855,-0.0001081254789114805,-4.104810278149351e-05,7.805219690770748e-05
364,0.005231749158269639,0.005231749135451374,4.887944301026132e-07,4.32375222091955,1.8689654274095968,1.643393413321519,4.334084542564867,-1.0,-0.3833848322589928,-0.7310094569517084,-1.5363034771168445,1.18810993295147,1.7589351880781818,-1.90685247240293,-4.1244952766028575e-05,0.0,8.508691389974565e-05,-0.00013201350522495936,0.000252126727866786,-0.00010582500321798527,-4.016472523460379e-05,7.636923562115427e-05
365,0.00512043243654999,0.005120432414216802,4.782321016753127e-07,4.323752213112895,1.8688541106889074,1.6433934212407653,4.3340441706237405,-1.0,-0.3833015778268606,-0.7311386468666856,-1.536056735876427,1.1880063590079184,1.7588958873311882,-1.906777749032947,-4.037194112616049e-05,0.0,8.325443213219597e-05,-0.00012918991497723464,0.0002467412404174585,-0.00010357394355153815,-3.930074699365349e-05,7.472336998315399e-05
366,0.005011507594359817,0.005011507572501277,4.67905952576033e-07,4.323752205538184,1.8687451858477209,1.643393428984413,4.33400465313677,-1.0,-0.3832201155760509,-0.7312650744774642,-1.5358152635347666,1.1879049877887942,1.758857431605323,-1.9067046352843304,-3.951748697073043e-05,0.0,8.146225080968295e-05,-0.0001264276107786344,0.000241472341660387,-0.00010137121912423552,-3.845572586524959e-05,7.311374861651565e-05
367,0.004904922260470233,0.004904922239076204,4.5783196376971455e-07,4.323752198187544,1.8686386005148092,1.6433934365565444,4.333965971943773,-1.0,-0.38314040612725,-0.7313887997025932,-1.5355789460918041,1.1878057720152295,1.758819802374921,-1.9066330957432536,-3.868119299710315e-05,0.0,7.970944880092423e-05,-0.00012372522512893447,0.0002363174429624859,-9.921577356464262e-05,-3.7629230401847735e-05,7.153954107685934e-05
368,0.004800625250978321,0.0048006252300385865,4.4802714521804554e-07,4.323752191053412,1.86853430350627,1.6433934439611382,4.333928109273276,-1.0,-0.38306241099978183,-0.7315098811251806,-1.5353476720759676,1.1877086654408935,1.7587829815353064,-1.90656309580597,-3.786267049665781e-05,0.0,7.799512746814452e-05,-0.00012108142258737686,0.00023127401583655782,-9.710657433603664e-05,-3.682083961464855e-05,6.999993728351583e-05
369,0.004698566540715675,0.00469856652022078,4.39015622814189e-07,4.323752184128507,1.8684322447969361,1.6433934512020725,4.333891047734109,-1.0,-0.3829860925897236,-0.7316283760241392,-1.5351213324855328,1.1876136228287244,1.7587469513926135,-1.9064946016590059,-3.706153916738231e-05,0.0,7.631841005822926e-05,-0.00011849489895865428,0.00022633959043472096,-9.504261216908283e-05,-3.6030142692933254e-05,6.849414696419309e-05
370,0.004598697235411895,0.0045986972153523155,4.28780751524516e-07,4.323752177405826,1.8683323754925376,1.643393458283129,4.333854770307179,-1.0,-0.3829114141486085,-0.7317443404046398,-1.534899820731448,1.1875205999282155,1.7587116946538792,-1.9064275802598851,-3.627742693002034e-05,0.0,7.46784411150836e-05,-0.00011596438050054392,0.0002215117540849132,-9.302290050894335e-05,-3.525673873427948e-05,6.70213991207369e-05
371,0.004500969544592233,0.004500969524958465,4.2041349350410664e-07,4.3237521708786275,1.8682346478026002,1.6433934652079947,4.333819260337428,-1.0,-0.38283833976270015,-0.7318578290277953,-1.5346830325815803,1.1874295534532384,1.7586771944173978,-1.9063619993183765,-3.5509969750435744e-05,0.0,7.307438590836712e-05,-0.0001134886231555221,0.0002167881498675861,-9.104647497704121e-05,-3.4500236481438407e-05,6.558094150865834e-05
372,0.004405336755184872,0.004405336735968022,4.113368315053689e-07,4.32375216454043,1.868139015014053,1.6433934719802648,4.333784501525969,-1.0,-0.3827668343328198,-0.7319688954395982,-1.5344708661063489,1.1873404410603916,1.7586434341633292,-1.9062978272782436,-3.4758811459312255e-05,0.0,7.150542988032527e-05,-0.0001110664118029181,0.0002121664752314789,-8.911239284681294e-05,-3.3760254068537776e-05,6.417204013287048e-05
373,0.00431175320582071,0.004311753187012302,4.020553101072351e-07,4.323752158384991,1.8680454314655282,1.6433934786034454,4.3337504779223845,-1.0,-0.3826968635547108,-0.732077591999131,-1.5342632216257013,1.1872532213278595,1.758610397744557,-1.9062350332994835,-3.40236035842878e-05,0.0,6.997077810905195e-05,-0.0001086965595328282,0.00020764448064758412,-8.721973253211779e-05,-3.3036418772169895e-05,6.279397876007842e-05
374,0.004220174261806132,0.004220174243396495,3.9311963195422306e-07,4.323752152406302,1.867953852522331,1.6433934850809555,4.333717173917202,-1.0,-0.3826283938999229,-0.7321839699060712,-1.5340600016573998,1.1871678537347703,1.758578069377784,-1.906173587241039,-3.330400518297694e-05,0.0,6.84696547878505e-05,-0.00010637790694012494,0.00020321996830152678,-8.536759308919173e-05,-3.232836677313777e-05,6.144605844449202e-05
375,0.004130556290735338,0.004130556272716722,3.857069941027422e-07,4.323752146598573,1.867864234552058,1.6433934914161306,4.33368457423453,-1.0,-0.38256139259720157,-0.7322880792275089,-1.5338611108665807,1.1870842986410386,1.7585464336348604,-1.9061134596439688,-3.2599682671552443e-05,0.0,6.700130272135896e-05,-0.00010410932143778417,0.0001988907908190285,-8.3555093731702e-05,-3.163574292353033e-05,6.0127597070191996e-05
376,0.004042856638748186,0.004042856621111485,3.77561433891058e-07,4.3237521409562385,1.8677765349008482,1.6433934976122235,4.333652663924859,-1.0,-0.3824958276143666,-0.7323899689240992,-1.5336664560165527,1.1870025172676828,1.7585154754343402,-1.9060546217150647,-3.191030967109043e-05,0.0,6.55649828349425e-05,-0.00010188969659030711,0.00019465485002800875,-8.178137335579372e-05,-3.09582005202369e-05,5.883792890415407e-05
377,0.003957033607390917,0.0039570335901286035,3.6923622171175294e-07,4.323752135473924,1.8676907118702497,1.6433935036724077,4.333621428358012,-1.0,-0.38243166764066683,-0.7324896868755638,-1.5334759459207983,1.1869224716776017,1.7584851800332544,-1.9059970453109,-3.123556684681006e-05,0.0,6.415997369979554e-05,-9.971795146457296e-05,0.000190510095754437,-8.004559008112366e-05,-3.029540108578921e-05,5.757640416459431e-05
378,0.0038730464310760297,0.0038730464141799228,3.6133395591325183e-07,4.32375213014647,1.8676067246946748,1.643393509599779,4.333590853216259,-1.0,-0.3823688820695943,-0.7325872799055624,-1.5332894913961495,1.1868441247568025,1.7584555330190974,-1.9059407029222968,-3.057514175353049e-05,0.0,6.278557107253224e-05,-9.759302999856612e-05,0.00018645452464882695,-7.834692079922156e-05,-2.9647014156974905e-05,5.6342388603303206e-05
379,0.003790855255121333,0.003790855238583318,3.5388297101968464e-07,4.32375212496889,1.8675245335194417,1.6433935153973576,4.333560924487572,-1.0,-0.38230744098214764,-0.7326827938059514,-1.5331070052171027,1.1867674401960657,1.7584265203020215,-1.9058855676592,-2.9928728686456907e-05,0.0,6.144108744665644e-05,-9.551390038897711e-05,0.0001824861790467036,-7.668456073672836e-05,-2.901271707589359e-05,5.5135263096861564e-05
380,0.003710421114345642,0.003710421098158263,3.4627169485754695e-07,4.323752119936386,1.8674440993793702,1.6433935210680901,4.333531628459037,-1.0,-0.3822473151305283,-0.7327762733604443,-1.5329284020712448,1.1866923824730389,1.7583981281072298,-1.905831613235946,-2.929602853551927e-05,0.0,6.012585161935258e-05,-9.347955449290346e-05,0.00017860314585793624,-7.50577230268501e-05,-2.8392194791670988e-05,5.3954423253843586e-05
381,0.0036317059122150516,0.0036317058963709526,3.3848931466342814e-07,4.323752115044335,1.8673653841779267,1.643393526614853,4.333502951710402,-1.0,-0.3821884759222588,-0.7328677623676929,-1.5327535985157579,1.1866189168347459,1.7583703429675661,-1.9057788139569152,-2.8676748634381966e-05,0.0,5.883920826948996e-05,-9.148900724864628e-05,0.00017480355548693538,-7.346563829302433e-05,-2.778513966372742e-05,5.279927903090176e-05
382,0.0035546724005160943,0.0035546723850078984,3.3119485930938973e-07,4.323752110288277,1.8672883506668982,1.6433935320404518,4.333474881107772,-1.0,-0.3821308954047108,-0.7329573036638034,-1.5325825129349775,1.1865470092805028,1.7583431517162917,-1.9057271447025537,-2.807060262988159e-05,0.0,5.758051754800597e-05,-8.954129611049577e-05,0.0001710855807803835,-7.190755424302253e-05,-2.7191251274372163e-05,5.1669254361508266e-05
383,0.0034792841595450894,0.0034792841443655512,3.244212427299818e-07,4.323752105663917,1.8672129624265814,1.6433935373476254,4.333447403797437,-1.0,-0.38207454625002985,-0.7330449391443025,-1.5324150654989737,1.1864766265452298,1.7583165414800486,-1.9056765809157594,-2.747731033547751e-05,0.0,5.634915468094581e-05,-8.763548049905978e-05,0.00016744743600383138,-7.038273527304462e-05,-2.6610236243174157e-05,5.0563786794244336e-05
384,0.0034055055787944343,0.003405505563936416,3.175031505921871e-07,4.323752101167109,1.867139183846469,1.6433935425390462,4.333420507199836,-1.0,-0.3820194017404468,-0.7331307097855694,-1.5322511781231283,1.1864077360831498,1.758290499671999,-1.9056270985886155,-2.689659760068963e-05,0.0,5.5144509583049395e-05,-8.577064126691347e-05,0.00016388737584538404,-6.889046208002902e-05,-2.6041808049548365e-05,4.948232714396816e-05
385,0.0033333018381291953,0.0033333018235858864,3.1043092393874737e-07,4.323752096793862,1.8670669801064268,1.643393547617323,4.3333941790036565,-1.0,-0.38196543575396313,-0.7332146556657472,-1.5320907744286827,1.1863403060518638,1.7582650139851397,-1.9055786742494654,-2.632819617964799e-05,0.0,5.396598648366169e-05,-8.39458801777937e-05,0.00016040369444558777,-6.743003128595326e-05,-2.548568685933894e-05,4.842433915008826e-05
386,0.0032626388894325775,0.0032626388751978157,3.0392524681048417e-07,4.3237520925403174,1.8669963171583388,1.6433935525850016,4.333368407160058,-1.0,-0.3819126227504015,-0.7332968159851481,-1.531933779704231,1.1862743052967928,1.7582400723857845,-1.9055312849503188,-2.5771843598754174e-05,0.0,5.2813003561635874e-05,-8.216031940089241e-05,0.00015699472445174223,-6.600075507101621e-05,-2.4941599355177146e-05,4.738929914660517e-05
387,0.0031934834387152807,0.003193483424781941,2.9802322387695424e-07,4.323752088402762,1.866927161708215,1.6433935574445682,4.333343179877022,-1.0,-0.38186093775780944,-0.7333772290861656,-1.5317801208681323,1.1862097033359793,1.7582156631072108,-1.9054849082545773,-2.522728303588906e-05,0.0,5.1684992592060386e-05,-8.041310101758459e-05,0.00015365883609863573,-6.46019608134818e-05,-2.440927857372266e-05,4.637669574147907e-05
388,0.00312580292866295,0.003125802915024726,2.920019319991096e-07,4.323752084377608,1.8668594811987422,1.6433935621984488,4.33331848561383,-1.0,-0.38181035635920674,-0.7334559324727069,-1.5316297264318197,1.1861464703452376,1.7581917746434645,-1.9054395222250724,-2.469426319162693e-05,0.0,5.058139860270039e-05,-7.870338654125675e-05,0.0001503944363125953,-6.323299074173505e-05,-2.3888463746235544e-05,4.538602950487913e-05
389,0.003059565521626318,0.003059565508276975,2.8585383434967613e-07,4.323752080461395,1.8667932437922714,1.643393566849012,4.333294313075657,-1.0,-0.3817608546796669,-0.7335329628291577,-1.5314825264639818,1.1860845771436457,1.7581683957433218,-1.9053951054124072,-2.4172538172884117e-05,0.0,4.950167953982065e-05,-7.703035645079126e-05,0.00014719996783796319,-6.189320159188938e-05,-2.3378900142700942e-05,4.4416812665204475e-05
390,0.0029947400830298196,0.0029947400699635407,2.7957056521317034e-07,4.323752076650785,1.8667284183542276,1.6433935713985715,4.333270651208284,-1.0,-0.38171240937372347,-0.7336083560388932,-1.531338452555594,1.186023995179369,1.7581455154043986,-1.9053516368435905,-2.36618673730149e-05,0.0,4.8445305943445316e-05,-7.539320973548591e-05,0.00014407390838777623,-6.0581964276718026e-05,-2.288033892328123e-05,4.34685688166514e-05
391,0.002931296165188144,0.0029312961523984987,2.731427964541825e-07,4.323752072942554,1.8666649744369253,1.643393575849384,4.333247489192925,-1.0,-0.3816649976130914,-0.7336821472023451,-1.5311974377857782,1.1859646965158095,1.7581231228674086,-1.9053090960109589,-2.3162015359012855e-05,0.0,4.7411760632054545e-05,-7.37911634519639e-05,0.00014101476981576155,-5.9298663559470555e-05,-2.239253698999022e-05,4.254083263166564e-05
392,0.0028692039915259467,0.0028692039790068754,2.6739177770802997e-07,4.323752069333589,1.8666028822637895,1.6433935802036554,4.333224816441172,-1.0,-0.38161859707469553,-0.7337543706546383,-1.53105941668847,1.185906653818071,1.758101207610563,-1.905267462861376,-2.2672751753383125e-05,0.0,4.640053839588543e-05,-7.222345229318528e-05,0.00013802109730831624,-5.8042697738569515e-05,-2.1915256845472797e-05,4.163314958294251e-05
393,0.002808434441182921,0.002808434428929188,2.6236201616613655e-07,4.323752065820891,1.866542112713961,1.6433935844635388,4.333202622590042,-1.0,-0.3815731859289964,-0.7338250599828068,-1.5309243252198699,1.185849840339733,1.7580797593441082,-1.9052267177857007,-2.219385113022554e-05,0.0,4.541114569911464e-05,-7.068932816844953e-05,0.00013509146860002375,-5.6813478337858214e-05,-2.1448266454893172e-05,4.074507567519703e-05
394,0.002748959034000244,0.002748959022005676,2.563692708922222e-07,4.323752062401554,1.8664826373072803,1.6433935886311355,4.333180897497136,-1.0,-0.3815287428286077,-0.733894248042601,-1.5307921007266632,1.1857942299099278,1.758058768004998,-1.9051868416085216,-2.1725092905988674e-05,0.0,4.444310038870247e-05,-6.918805979416742e-05,0.0001322244932067118,-5.561042980528619e-05,-2.0991339110265628e-05,3.987617717915448e-05
395,0.0026907499158674284,0.002690749904126686,2.49344118396663e-07,4.32375205907278,1.8664244281896378,1.6433935927085004,4.333159631235907,-1.0,-0.38148524689719304,-0.7339619669748958,-1.530662681914984,1.1857397969207086,1.7580382237516972,-1.9051478155781418,-2.1266261228447547e-05,0.0,4.349593141467212e-05,-6.771893229484682e-05,0.00012941881167916058,-5.443298921914419e-05,-2.054425330078047e-05,3.902603037975183e-05
396,0.0026337798444352944,0.002633779832943214,2.45756246186356e-07,4.3237520558318625,1.8663674581186849,1.6433935966976376,4.333138814091025,-1.0,-0.3814426777186393,-0.7340282482217122,-1.530536008820108,1.1856865163147083,1.758018116959113,-1.9051096213568162,-2.0817144882556704e-05,0.0,4.2569178553719667e-05,-6.628124681640202e-05,0.0001266730948759065,-5.3280606000294384e-05,-2.0106792584240196e-05,3.819422132567141e-05
397,0.0025780221751713975,0.002578022163922281,2.4119636500237414e-07,4.323752052676188,1.8663117004498886,1.643393600600506,4.333118436553842,-1.0,-0.38140101532649523,-0.7340931225418582,-1.530412022776854,1.185634363573075,1.7579984382136487,-1.905072241011228,-2.0377537182980632e-05,0.0,4.166239214409284e-05,-6.487432014601335e-05,0.00012398604325403184,-5.215274163328232e-05,-1.9678745464268843e-05,3.738034558820047e-05
398,0.002523450847753138,0.0025234508367422592,2.3560804576936265e-07,4.323752049603226,1.8662571291229275,1.6433936044190187,4.333098489317963,-1.0,-0.3813602401936696,-0.7341566200262033,-1.5302906663906755,1.1855833147036838,1.75797917830838,-1.9050356570032014,-1.9947235879058667e-05,0.0,4.0775132825632276e-05,-6.349748434508751e-05,0.000121356386178606,-5.104886939122366e-05,-1.9259905268631528e-05,3.658400802653006e-05
399,0.0024700403727952944,0.002470040362017272,2.3084779657169732e-07,4.3237520466105455,1.866203718648416,1.6433936081550438,4.333078963274908,-1.0,-0.3813203332223818,-0.7342187701125924,-1.5301718835094271,1.1855333462296136,1.7579603282383465,-1.904999852180641,-1.9526043054440834e-05,0.0,3.99069712878064e-05,-6.215008638910113e-05,0.00011878288124833603,-4.9968474070238855e-05,-1.8850070033549216e-05,3.580482256038131e-05
400,0.002417765818893673,0.0024177658083439956,2.2500259981366294e-07,4.323752043695781,1.8661514440949507,1.643393611810407,4.333059849509868,-1.0,-0.3812812757343585,-0.7342796016004111,-1.5300556191957877,1.1854844351778846,1.7579418791959593,-1.9049648097686958,-1.911376504004636e-05,0.0,3.905748802329745e-05,-6.083148781865777e-05,0.0001162643136394248,-4.891105172899479e-05,-1.8449042387125303e-05,3.504241194529634e-05
401,0.00236660279998398,0.00236660278965733,2.2101993820356363e-07,4.323752040856652,1.8661002810764669,1.6433936153868909,4.333041139297554,-1.0,-0.38124304946126797,-0.7343391426648089,-1.5299418197003225,1.1854365590684515,1.7579238225665186,-1.904930513361136,-1.8710212314587693e-05,0.0,3.822627309052473e-05,-5.954106439787221e-05,0.00011379949546519441,-4.7876109433131475e-05,-1.8056629440765803e-05,3.429640755969743e-05
402,0.0023165274630018795,0.0023165274528938263,2.149076029934881e-07,4.323752038090959,1.866050205739901,1.643393618886238,4.333022824098137,-1.0,-0.38120563653538747,-0.7343974208705907,-1.5298304324351706,1.1853896959034425,1.7579061499238393,-1.904896946911944,-1.8315199416640837e-05,0.0,3.741292588049783e-05,-5.8278205781747694e-05,0.00011138726515191877,-4.686316500901455e-05,-1.767264267926727e-05,3.3566449192168335e-05
403,0.0022675164758420383,0.002267516465947315,2.11785292678355e-07,4.323752035396567,1.8660011947531474,1.6433936223101488,4.333004895553276,-1.0,-0.3811690194804975,-0.7344544631857837,-1.5297214059483413,1.1853438241566427,1.7578888530259835,-1.9048640947271065,-1.792854486115658e-05,0.0,3.6617054889998e-05,-5.704231519298997e-05,0.00010902648682931115,-4.587174679970829e-05,-1.7296897855789695e-05,3.285218483739527e-05
404,0.0022195470156023325,0.002219547005916976,2.0647654623614315e-07,4.3237520327714165,1.865953225293305,1.6433936256602872,4.3329873454822305,-1.0,-0.3811331812029948,-0.7345102959948888,-1.5296146898986025,1.1852989227632134,1.7578719238110934,-1.9048319414566093,-1.7550071045313587e-05,0.0,3.5838277502697746e-05,-5.583280910514965e-05,0.00010671604973877535,-4.490139342938626e-05,-1.6929214890160083e-05,3.215327049721495e-05
405,0.002172596757111523,0.002172596747630743,2.021291846968317e-07,4.323752030213513,1.8659062750352022,1.6433936289382765,4.332970165878061,-1.0,-0.3810981049832209,-0.7345649451118246,-1.52951023503095,1.185254971109641,1.7578553543933253,-1.9048004720866218,-1.7179604169470508e-05,0.0,3.507621977388853e-05,-5.464911693575658e-05,0.00010445486765253698,-4.3951653572404936e-05,-1.65694177680642e-05,3.146936998743577e-05
406,0.002126643861728309,0.002126643852448256,1.9880628681371146e-07,4.32375202772093,1.8658603221401986,1.6433936321457048,4.332953348903906,-1.0,-0.38106377446699896,-0.7346184357925699,-1.5294079931526394,1.1852119490239137,1.7578391370588808,-1.9047696719318745,-1.681697415545358e-05,0.0,3.43305162219254e-05,-5.349068074533836e-05,0.00010224187831053833,-4.3022085727262294e-05,-1.6217334444457165e-05,3.080015474732356e-05
407,0.0020816669664072717,0.002081666957323169,1.9428737179048833e-07,4.323752025291804,1.865815345245248,1.6433936352841219,4.332936886889344,-1.0,-0.38103017365737346,-0.7346707927475151,-1.5293079171097705,1.185169836765917,1.7578232642621323,-1.9047395266282163,-1.6462014561291483e-05,0.0,3.360080962550027e-05,-5.2356954945209644e-05,0.00010007604286887961,-4.211225799677365e-05,-1.5872796748528373e-05,3.0145303658191125e-05
408,0.002037645173022659,0.0020376451641310176,1.8966081829902343e-07,4.323752022924326,1.865771323452226,1.6433936383550438,4.332920772326836,-1.0,-0.38099728690654827,-0.7347220401535264,-1.529209960764407,1.185128615018043,1.7578077286218408,-1.904710022125354,-1.6114562508384722e-05,0.0,3.288675082518955e-05,-5.124740601125666e-05,9.795634536358122e-05,-4.1221747874020664e-05,-1.5535640291552966e-05,2.950450286243189e-05
409,0.001994558037950614,0.0019945580292466693,1.8611544365878127e-07,4.32375202061675,1.8657282363175076,1.643393641359951,4.332904997868237,-1.0,-0.38096509890801644,-0.7347722016657332,-1.5291140789722208,1.1850882648760126,1.7577925229174634,-1.9046811446797625,-1.5774458598905028e-05,0.0,3.218799853182963e-05,-5.016151220682552e-05,9.588179218611437e-05,-4.035014203029874e-05,-1.520570437740787e-05,2.8877445591435347e-05
410,0.0019523855618867245,0.0019523855533671304,1.8128044993574107e-07,4.323752018367388,1.86568606384179,1.6433936443002908,4.332889556321393,-1.0,-0.3809335946888786,-0.7348213004290434,-1.529020227560649,1.1850487678399004,1.7577776400855487,-1.9046528808477685,-1.5441546843852905e-05,0.0,3.150421913783452e-05,-4.9098763310162497e-05,9.385141157181032e-05,-3.949703611216826e-05,-1.4882831914642125e-05,2.8263831993946553e-05
411,0.001911108179915517,0.0019111081715757145,1.7756782901008428e-07,4.323752016174604,1.8656447864601566,1.643393647177477,4.332874440646806,-1.0,-0.38090275960234377,-0.734869359089394,-1.5289283633075466,1.1850101058053604,1.7577630732162173,-1.9046252174787957,-1.5115674587562467e-05,0.0,3.083508653484168e-05,-4.8058660350625004e-05,9.186425310248048e-05,-3.866203454006012e-05,-1.4566869331433807e-05,2.7663368972863367e-05
412,0.0018707067518039223,0.0018707067436406928,1.7377590819732272e-07,4.323752014036808,1.8656043850323758,1.643393649992892,4.332859643954368,-1.0,-0.38087257932040763,-0.7349163998047432,-1.5288384439203277,1.1849722610550468,1.757748815549725,-1.904598141708772,-1.4796692437535341e-05,0.0,3.018028193613187e-05,-4.7040715349222495e-05,8.991938721880643e-05,-3.784475031354262e-05,-1.4257666492323295e-05,2.7075770023587964e-05
413,0.001831162552529675,0.001831162544538653,1.698993779866605e-07,4.323752011952475,1.8655648408334242,1.6433936527478863,4.332845159500177,-1.0,-0.38084303982670425,-0.7349624442558116,-1.528750428015582,1.1849352162502271,1.7577348604731067,-1.9045716409536948,-1.4484454190721863e-05,0.0,2.9539493703378827e-05,-4.604445106837218e-05,8.801590474583065e-05,-3.7044804819696964e-05,-1.3955076618277218e-05,2.650075507726335e-05
414,0.001792457263024459,0.00179245725520212,1.6858739404357632e-07,4.3237520099201125,1.8655261355442345,1.6433936554437807,4.332830980683408,-1.0,-0.380814127409528,-0.7350075136565761,-1.5286642750991515,1.1848989544225799,1.7577212015169008,-1.9045457029033468,-1.4178816769572222e-05,0.0,2.8912417176230054e-05,-4.5069400764541356e-05,8.615291643043754e-05,-3.626182764726593e-05,-1.3658956205864214e-05,2.593805034800667e-05
415,0.0017545729611411112,0.0017545729534838976,1.659323085197815e-07,4.323752007938285,1.8654882512426596,1.6433936580818647,4.3328171010432595,-1.0,-0.38078582865501803,-0.7350516287645258,-1.528579945546663,1.1848634589661764,1.757707832351948,-1.9045203155151613,-1.3879640148317662e-05,0.0,2.8298754509992197e-05,-4.411510794966045e-05,8.432955248838248e-05,-3.5495456403467074e-05,-1.3369164952869994e-05,2.5387388185471593e-05
416,0.0017174921128249798,0.0017174921053299049,1.591008641128439e-07,4.3237520060056,1.8654511703946455,1.6433936606633999,4.332803514255967,-1.0,-0.3807581304405045,-0.7350948098906824,-1.5284974005845,1.184828713629639,1.7576947467862667,-1.9044954670082324,-1.3586787292574343e-05,0.0,2.7698214513538488e-05,-4.3181126156643934e-05,8.254496216308915e-05,-3.474533653746725e-05,-1.3085565681247857e-05,2.484850692896501e-05
417,0.001681197563496347,0.001681197556159628,1.5485740967710726e-07,4.3237520041207045,1.8654148758456117,1.6433936631896189,4.332790214131874,-1.0,-0.3807310199280106,-0.7351370769093939,-1.5284166022712036,1.1847947025084733,1.757681938762001,-1.904471145857466,-1.3300124092729959e-05,0.0,2.7110512493877525e-05,-4.2267018711461546e-05,8.079831329643739e-05,-3.401112116563354e-05,-1.2808024265620332e-05,2.4321150766448696e-05
418,0.0016456725296292302,0.001645672522447299,1.5485740967710726e-07,4.323752002282293,1.8653793508120327,1.6433936656617272,4.332777194612575,-1.0,-0.3807044845579069,-0.7351784492679044,-1.5283375134792967,1.1847614100375716,1.75766940235244,-1.9044473407878681,-1.3019519299106719e-05,0.0,2.6535370103719647e-05,-4.1372358510538554e-05,7.908879190687834e-05,-3.329247090166909e-05,-1.2536409561114681e-05,2.3805069597759854e-05
419,0.001610900590524395,0.0016109005834944743,1.5196262340524166e-07,4.323752000489096,1.86534457887321,1.643393668080902,4.332764449768113,-1.0,-0.38067851204271397,-0.7352189459957078,-1.5282600978775163,1.1847288209838809,1.7576571317591054,-1.9044240407689685,-1.2744844462453386e-05,0.0,2.597251519292909e-05,-4.04967278033741e-05,7.741560178042839e-05,-3.258905369074583e-05,-1.2270593334529067e-05,2.3300018899607977e-05
420,0.0015768656802802503,0.0015768656733984633,1.460009659995544e-07,4.323751998739886,1.865310543963241,1.6433936704482957,4.33275197379424,-1.0,-0.3806530903610499,-0.7352585857136877,-1.5281843199134466,1.184696920439232,1.7576451213089084,-1.9044012350093724,-1.2475973872660973e-05,0.0,2.5421681664083984e-05,-3.9639717979933486e-05,7.577796406965653e-05,-3.190054464896619e-05,-1.2010450197053046e-05,2.2805759596122854e-05
421,0.0015435520799405291,0.0015435520732041588,1.429269171748377e-07,4.323751997033472,1.8652772303631706,1.643393672765033,4.332739761009739,-1.0,-0.3806282077517188,-0.7352973866430529,-1.5281101447965435,1.1846656938133298,1.7576333654513714,-1.9043789129514415,-1.2212784501031138e-05,0.0,2.4882609331089434e-05,-3.88009293651459e-05,7.417511690310796e-05,-3.1226625902158744e-05,-1.1755857536988046e-05,2.2322057930956873e-05
422,0.0015109444098285057,0.0015109444032348391,1.3978528260658483e-07,4.3237519953687,1.8652446226933224,1.6433936750322151,4.332727805853798,-1.0,-0.3806038527079367,-0.7353353666140681,-1.5280375384815397,1.184635126826896,1.757621858755914,-1.9043570642660987,-1.1955155940768236e-05,0.0,2.43550437821205e-05,-3.797997101517847e-05,7.260631500383141e-05,-3.056698643377764e-05,-1.1506695457352834e-05,2.1848685342718e-05
423,0.001479027622057628,0.0014790276156030485,1.3978528260658483e-07,4.323751993744453,1.8652127059058088,1.6433936772509177,4.332716102883447,-1.0,-0.3805800139716911,-0.73537254307459,-1.5279664676522233,1.1846052055049634,1.7576105959092023,-1.9043356788477535,-1.1702970351024078e-05,0.0,2.3838736245562764e-05,-3.7176460521926025e-05,7.107082931634423e-05,-2.9921321932580014e-05,-1.1262846711712626e-05,2.1385418345287732e-05
424,0.001447786993209779,0.0014477869868917824,1.3657139822709094e-07,4.323751992159641,1.865181465277213,1.643393679422193,4.3327046467710435,-1.0,-0.3805566805282325,-0.7354089330984092,-1.5278968997055793,1.1845759161703182,1.7575995717125592,-1.9043147468093446,-1.1456112403607221e-05,0.0,2.333344345861743e-05,-3.639002381916612e-05,6.956794664403354e-05,-2.9289334645188347e-05,-1.1024196643116824e-05,2.0932038408805198e-05
425,0.0014172081171905547,0.0014172081110055423,1.2990531157078375e-07,4.323751990613216,1.8651508864014394,1.643393681547069,4.332693432301819,-1.0,-0.3805338416006912,-0.7354445533934051,-1.527828802736287,1.184547245437087,1.7575887810794333,-1.9042942584774984,-1.12144692243632e-05,0.0,2.283892754129102e-05,-3.562029499593056e-05,6.809696929233056e-05,-2.8670733231317413e-05,-1.0790633125923321e-05,2.0488331846202357e-05
426,0.001387276898237103,0.0013872768921828116,1.2818463544611084e-07,4.323751989104154,1.8651209551827268,1.6433936836265512,4.332682454371474,-1.0,-0.38051148664482065,-0.7354794203095173,-1.5277621455215633,1.1845191802044623,1.7575782190329279,-1.9042742043877996,-1.0977930345212883e-05,0.0,2.2354955870551585e-05,-3.486691611220838e-05,6.665721472365327e-05,-2.8065232624552294e-05,-1.0562046505402378e-05,2.005408969885103e-05
427,0.0013579795440943159,0.0013579795381681854,1.2467205919833125e-07,4.323751987631466,1.8650916578288197,1.6433936856616227,4.332671707983823,-1.0,-0.38048960534385995,-0.7355135498465377,-1.5276968975063454,1.1844917076505708,1.7575678807033843,-1.9042545752801703,-1.0746387650861777e-05,0.0,2.1881300960702177e-05,-3.4129537020421985e-05,6.524801521790025e-05,-2.7472553891572105e-05,-1.0338329543557734e-05,1.9629107629315357e-05
428,0.0013293025593470243,0.0013293025535457022,1.2467205919833125e-07,4.323751986194193,1.8650629808443022,1.6433936876532447,4.332661188248497,-1.0,-0.3804681876035165,-0.7355469576617285,-1.5276330287888031,1.1844648152264707,1.7575577613260231,-1.9042353620943562,-1.0519735326397495e-05,0.0,2.1417740343476765e-05,-3.340781519078906e-05,6.38687175422703e-05,-2.6892424100033452e-05,-1.0119377361172965e-05,1.921318581410425e-05
429,0.0013012327388945567,0.0013012327332158405,1.2287812309317777e-07,4.323751984791401,1.865034911024075,1.643393689602357,4.3326508903786864,-1.0,-0.38044722354706184,-0.7355796590772684,-1.5275705101061752,1.1844384906502843,1.7575478562386369,-1.904216555965517,-1.0297869810216298e-05,0.0,2.0964056454630953e-05,-3.270141553990413e-05,6.251868262796556e-05,-2.6324576186453896e-05,-9.90508738629714e-06,1.8806128839088387e-05
430,0.0012737571615903905,0.0012737571560312749,1.1920928955078133e-07,4.323751983422185,1.8650074354469905,1.6433936915098797,4.332640809688942,-1.0,-0.38042670351054203,-0.7356116690875336,-1.5275093128209203,1.1844127219014577,1.7575381608793377,-1.9041981482199175,-1.008068974428511e-05,0.0,2.0520036519811047e-05,-3.2010010265204336e-05,6.11972852548881e-05,-2.57687488265379e-05,-9.695359299177753e-06,1.840774559958014e-05
431,0.0012468631840074826,0.001246863178565862,1.1542389828584848e-07,4.3237519820856685,1.864980541469623,1.6433936933767108,4.332630941593015,-1.0,-0.3804066180380956,-0.7356430023662152,-1.5274494089071764,1.1843874972151471,1.7575286707843545,-1.9041801303707178,-9.868095927068055e-06,0.0,2.008547244641834e-05,-3.133327868154456e-05,5.990391374388615e-05,-2.5224686310609812e-05,-9.490094983188868e-06,1.801784919974736e-05
432,0.0012205384343643123,0.001220538429037722,1.1542389828584848e-07,4.323751980780997,1.8649542167201905,1.6433936952037285,4.332621281601748,-1.0,-0.3803869578773804,-0.7356736732732775,-1.5273907709375207,1.184362805076727,1.7575193815858814,-1.9041624941138602,-9.659991267341184e-06,0.0,1.966016071519583e-05,-3.067090706232456e-05,5.863796965566159e-05,-2.469213842015705e-05,-9.289198473094729e-06,1.7636256857578303e-05
433,0.0011947708065716874,0.0011947708013571126,1.1151007970493862e-07,4.323751979507348,1.8649284490926032,1.6433936969917928,4.332611825321007,-1.0,-0.38036771397510355,-0.7357036958617621,-1.5273333720700233,1.1843386342164186,1.7575102890099743,-1.9041452313240501,-9.45628074067173e-06,0.0,1.9243902276866454e-05,-3.002258848461281e-05,5.7398867497449046e-05,-2.4170860308370123e-05,-9.092575907088118e-06,1.726278981006857e-05
434,0.0011695484544249981,0.0011695484493206268,1.0950072449966577e-07,4.323751978263912,1.864903226740658,1.643393698741744,4.3326025684496665,-1.0,-0.38034887747265395,-0.7357330838844396,-1.5272771860355878,1.1843149736040361,1.7575013888744961,-1.9041283340508288,-9.256871340568296e-06,0.0,1.8836502449603998e-05,-2.9388022677490078e-05,5.61860344354681e-05,-2.366061238245898e-05,-8.900135478162596e-06,1.689727322129464e-05
435,0.0011448597859258871,0.0011448597809290732,1.0745380149674388e-07,4.323751977049915,1.8648785380723556,1.6433937004544044,4.332593506777627,-1.0,-0.38033043970183344,-0.7357618508003136,-1.5272221871255731,1.1842918124438475,1.757492677087108,-1.9041117945147348,-9.061672039401003e-06,0.0,1.84377708205008e-05,-2.8766915874056664e-05,5.499891001470303e-05,-2.31611601886339e-05,-8.711787388149261e-06,1.653953609404013e-05
436,0.0011206934577269417,0.0011206934528361372,1.0323827311807144e-07,4.323751975864596,1.8648543717443498,1.6433937021305767,4.332584636183881,-1.0,-0.3803123921806859,-0.735790009780981,-1.5271683501796882,1.1842691401695473,1.7574841496433058,-1.9040956051035545,-8.870593745768929e-06,0.0,1.804752114753505e-05,-2.8158980667325473e-05,5.3836945884899734e-05,-2.2672274300195028e-05,-8.52744380219761e-06,1.6189411180311808e-05
437,0.0010970383697137525,0.001097038364925831,1.0323827311807144e-07,4.323751974707221,1.8648307166565246,1.6433937037710473,4.332575952634622,-1.0,-0.38029472660942015,-0.7358175737168487,-1.5271156505741545,1.1842469464393386,1.7574758026245014,-1.9040797583686562,-8.683549259203005e-06,0.0,1.7665571265756963e-05,-2.7563935867780387e-05,5.269960553366815e-05,-2.21937302087305e-05,-8.347018804366613e-06,1.5846734898294912e-05
438,0.001073883659689944,0.0010738836550031842,9.884312124119404e-08,4.323751973577077,1.864807561946685,1.6433937053765857,4.3325674521813875,-1.0,-0.3802774348664257,-0.7358445552232158,-1.5270640642101305,1.1842252211311228,1.757467632196147,-1.9040642470214086,-8.500453234638883e-06,0.0,1.7291742994474113e-05,-2.6981506367040886e-05,5.15863640240255e-05,-2.1725308215758687e-05,-8.17042835432602e-06,1.5511347247532115e-05
439,0.001051218698202223,0.0010512186936143873,9.884312124119404e-08,4.323751972473468,1.8647848969853775,1.6433937069479425,4.332559130959248,-1.0,-0.38026050900437836,-0.7358709666462182,-1.5270135675023904,1.1842039543377947,1.7574596346059024,-1.9040490639296797,-8.321222139784368e-06,0.0,1.692586204732338e-05,-2.6411423002414836e-05,5.0496707740155244e-05,-2.1266793328145184e-05,-7.997590244723796e-06,1.5183091728987463e-05
440,0.0010290330834688557,0.0010290330789772917,9.424321830774487e-08,4.323751971395721,1.8647627113708198,1.6433937084858545,4.332550985185033,-1.0,-0.38024394124643385,-0.7358968200686432,-1.5269641373682534,1.1841831363626374,1.7574518061818418,-1.904034202114415,-8.145774215151391e-06,0.0,1.656775794450782e-05,-2.585342242500399e-05,4.943013413694075e-05,-2.0817975157294555e-05,-7.828424060551953e-06,1.4861815264666234e-05
441,0.0010073166364217834,0.0010073166320253735,9.424321830774487e-08,4.323751970343176,1.8647409949239455,1.6433937099910394,4.332543011155591,-1.0,-0.3802277239825075,-0.7359221273156152,-1.5269157512167566,1.1841627577148208,1.7574441433307038,-1.9040196547462942,-7.974029441193409e-06,0.0,1.62172639263658e-05,-2.5307246972028352e-05,4.838615149682646e-05,-2.037864781656573e-05,-7.662851138068305e-06,1.4547368120787496e-05
442,0.0009860593958713477,0.0009860593915676057,8.940696716308596e-08,4.323751969315203,1.8647197376835636,1.6433937114642017,4.332535205246098,-1.0,-0.38021184976563716,-0.7359468999601554,-1.526868386938066,1.184142809104995,1.7574366425361774,-1.904005415142461,-7.8059094930083e-06,0.0,1.5874216870326308e-05,-2.4772644540149713e-05,4.736427869067583e-05,-1.994860982579283e-05,-7.500794526382748e-06,1.4239603833177128e-05
443,0.0009652516137645077,0.0009652516095515801,9.185692672385244e-08,4.323751968311182,1.8646989299016217,1.6433937129060285,4.332527563908386,-1.0,-0.3801963113084293,-0.7359711493286193,-1.5268220228931195,1.184123281440981,1.7574293003572288,-1.9039914767633301,-7.641337712804841e-06,0.0,1.5538457207864287e-05,-2.4249368463902243e-05,4.6364044946400895e-05,-1.952766401402961e-05,-7.342178948599454e-06,1.393837913088447e-05
444,0.0009448837505587039,0.0009448837464345436,8.688795409866128e-08,4.323751967330506,1.864678562038577,1.6433937143171935,4.3325200836693165,-1.0,-0.3801811014795832,-0.7359948865060143,-1.5267766379034988,1.1841041658235545,1.757422113426465,-1.9039778332094623,-7.48023906904649e-06,0.0,1.5209828846063367e-05,-2.3737177395011244e-05,4.538498962070037e-05,-1.91156174265128e-05,-7.1869307638472435e-06,1.364355386779259e-05
445,0.0009249464706956859,0.0009249464666587961,8.688795409866128e-08,4.323751966372599,1.8646586247588721,1.6433937156983542,4.332512761129196,-1.0,-0.38016621330049405,-0.7360181223411997,-1.5267322112415225,1.1840854535423213,1.7574150784485332,-1.903964478218512,-7.322540120924259e-06,0.0,1.488817908917861e-05,-2.3235835185375642e-05,4.4426661976348925e-05,-1.8712281233179695e-05,-7.034977931752451e-06,1.3354990950453782e-05
446,0.0009054306381777862,0.0009054306342261173,8.429369702178808e-08,4.323751965436886,1.8646391089265086,1.6433937170501551,4.332505592960206,-1.0,-0.3801516399419331,-0.736040867451973,-1.5266887226205565,1.184067136071681,1.7574081921985576,-1.9039514056622433,-7.168168989934998e-06,0.0,1.4573358560976413e-05,-2.2745110773270127e-05,4.348862096592576e-05,-1.831747064029443e-05,-6.886249975579517e-06,1.3072556268589608e-05
447,0.0008863273122397827,0.0008863273083716739,8.161702118890975e-08,4.323751964522816,1.8646200056007218,1.6433937183732255,4.332498575904887,-1.0,-0.3801373747207996,-0.7360631322300436,-1.526646152185538,1.1840492050668805,1.7574014515206096,-1.9039386095436126,-7.017055319025189e-06,0.0,1.4265221133458184e-05,-2.226477807065752e-05,4.2570435018651764e-05,-1.79310048005199e-05,-6.740677948036122e-06,1.2796118630697961e-05
448,0.0008676277431212698,0.0008676277393347348,7.884953353001449e-08,4.323751963629852,1.864601306031751,1.6433937196681814,4.33249170677464,-1.0,-0.38012341109694847,-0.736084926845898,-1.526604480503704,1.1840316523601502,1.757394853326213,-1.9039260839939163,-6.869130246833777e-06,0.0,1.3963623851143137e-05,-2.1794615854386912e-05,4.167168183388803e-05,-1.755270673031717e-05,-6.598194396634227e-06,1.2525549696329463e-05
449,0.0008493233679293822,0.0008493233642228685,7.884953353001449e-08,4.323751962757472,1.8645830016567038,1.6433937209356255,4.332484982448269,-1.0,-0.38010974267008624,-0.7361062612535573,-1.526563688555527,1.1840144699569257,1.7573883945928814,-1.903913823270002,-6.724326370388667e-06,0.0,1.3668426862234462e-05,-2.1334407659279186e-05,4.0791948177076875e-05,-1.7182403224458298e-05,-6.458733331493605e-06,1.2260723914359062e-05
450,0.0008314058065960803,0.0008314058029678445,7.884953353001449e-08,4.323751961905166,1.864565084095512,1.6433937221761479,4.332478399870551,-1.0,-0.38009636317673784,-0.7361271451952313,-1.5265237577258437,1.183997650032151,1.75738207236269,-1.9039018217515435,-6.58257771846138e-06,0.0,1.337949334839772e-05,-2.0883941673988105e-05,3.993082968323236e-05,-1.681992477475802e-05,-6.322230191369016e-06,1.2001518458371052e-05
451,0.000813866857922245,0.0008138668543699092,7.598131170262078e-08,4.323751961072441,1.8645475451469757,1.643393723390324,4.332471956050833,-1.0,-0.3800832664872802,-0.7361475882058703,-1.5264846697951824,1.1839811849266602,1.757375883740877,-1.9038900739383755,-6.443819717816268e-06,0.0,1.3096689457647859e-05,-2.0443010639081827e-05,3.908793066131899e-05,-1.6465105490803822e-05,-6.188621813008055e-06,1.17478131680393e-05
452,0.0007966984957116464,0.000796698492234209,7.300048299977716e-08,4.3237519602588135,1.8645303767849004,1.6433937245787185,4.332465648061668,-1.0,-0.3800704466030421,-0.7361675996176166,-1.5264464069312755,1.1839650671436392,1.7573698258944779,-1.9038785744478872,-6.3079891647888076e-06,0.0,1.2819884238068902e-05,-2.0011411746234664e-05,3.826286390684608e-05,-1.611778302090805e-05,-6.057846399176725e-06,1.1499490488287023e-05
453,0.0007798928649901837,0.0007798928615864847,7.300048299977716e-08,4.32375195946382,1.8645135711543117,1.6433937257418836,4.332459473037474,-1.0,-0.3800578976534686,-0.7361871885641597,-1.5264089516807606,1.1839492893451633,1.7573638960509885,-1.9038673180124752,-6.175024194199352e-06,0.0,1.2548949573532031e-05,-1.9588946543080965e-05,3.745525051490617e-05,-1.5777798475946625e-05,-5.929843489349551e-06,1.1256435411999277e-05
454,0.0007634422783110941,0.0007634422749789147,6.989264130329237e-08,4.323751958687001,1.8644971205677618,1.6433937268803582,4.332453428173218,-1.0,-0.3800456138933484,-0.7362063639849953,-1.5263722869610599,1.1839338443488083,1.7573580914970592,-1.9038562994770525,-6.044864256260496e-06,0.0,1.2283760120190834e-05,-1.917542083562651e-05,3.6664719700763015e-05,-1.5444996354974094e-05,-5.804553929289469e-06,1.1018535422735454e-05
455,0.0007473392121325905,0.0007473392088707888,6.664001874625058e-08,4.3237519579279144,1.8644810175017101,1.643393727994671,4.332447510723138,-1.0,-0.3800335897001024,-0.7362251346295918,-1.5263363960524374,1.1839187251243364,1.757352409577216,-1.9038455137966126,-5.917450080161757e-06,0.0,1.2024193245974146e-05,-1.8770644596544095e-05,3.5890908622437934e-05,-1.5119224471948911e-05,-5.681919843292249e-06,1.078568043988426e-05
456,0.0007315763032897214,0.0007315763000968882,6.664001874625058e-08,4.323751957186131,1.8644652545929914,1.6433937290853387,4.332441717999484,-1.0,-0.3800218195711329,-0.7362435090614661,-1.5263012625902297,1.1839039247904526,1.757346847692612,-1.903834956033848,-5.792723653641474e-06,0.0,1.1770128969523785e-05,-1.8374431874246255e-05,3.5133462207737054e-05,-1.4800333883790984e-05,-5.561884603988432e-06,1.055776276470688e-05
457,0.0007161463455312628,0.0007161463424055877,6.664001874625058e-08,4.323751956461231,1.864449824635354,1.6433937301528665,4.33243604737129,-1.0,-0.38001029812123127,-0.7362614956621694,-1.5262668705572444,1.1838894366116308,1.7573414032998051,-1.9038246213568215,-5.670628193676919e-06,0.0,1.1521449901630287e-05,-1.798660070329028e-05,3.439203298527538e-05,-1.4488178821769893e-05,-5.444392806808196e-06,1.0334677026380135e-05
458,0.0007010422861393746,0.0007010422830793377,6.322027276634106e-08,4.323751955752803,1.8644347205760805,1.6433937311977485,4.332430496263169,-1.0,-0.37999902008004266,-0.7362791026351875,-1.5262332042763247,1.1838752539950093,1.7573360739095636,-1.9038145050366893,-5.5511081216153e-06,0.0,1.1278041188611532e-05,-1.760697301811387e-05,3.366628091971968e-05,-1.418261662156084e-05,-5.3293902415596506e-06,1.0116320132258494e-05
459,0.0006862572226228068,0.0006862572196273088,6.322027276634106e-08,4.323751955060451,1.86441993551268,1.6433937322204688,4.332425062154137,-1.0,-0.37998798028958697,-0.7362963380097551,-1.5262002484030754,1.183861370487352,1.7573308570856967,-1.9038046024454733,-5.43410903208752e-06,0.0,1.1039790455691367e-05,-1.7235374567659e-05,3.2955873249251866e-05,-1.38835076572974e-05,-5.216823866893705e-06,9.902591215915635e-06
460,0.0006717843994815447,0.0006717843965493146,6.322027276634106e-08,4.323751954383787,1.8644054626896525,1.6433937332215007,4.33241974257646,-1.0,-0.37997717370183476,-0.7363132096445878,-1.5261679879187462,1.1838477797720761,1.7573257504439126,-1.9037949090538846,-5.319577677020959e-06,0.0,1.0806587752210106e-05,-1.6871634832660298e-05,3.226048432924955e-05,-1.3590715275846321e-05,-5.1066417841028056e-06,9.69339158873872e-06
461,0.0006576172050445359,0.0006576172021745621,5.960464477539064e-08,4.323751953722436,1.864391295495327,1.6433937342013074,4.332414535114527,-1.0,-0.37996659537633626,-0.7363297252315321,-1.5261364081232702,1.183834475666343,1.7573207516506997,-1.9037854204291929,-5.20746193277688e-06,0.0,1.0578325498500352e-05,-1.6515586944265692e-05,3.1579795475966677e-05,-1.3304105733080718e-05,-4.9987932129180734e-06,9.488624691744718e-06
462,0.0006437491683770138,0.0006437491655672382,5.575503985246929e-08,4.323751953076029,1.8643774274587679,1.6433937351603412,4.332409437403745,-1.0,-0.3799562404779031,-0.7363458922991367,-1.5261054946284531,1.1838214521182113,1.7573158584222348,-1.9037761322331452,-5.097710781498677e-06,0.0,1.0354898433151405e-05,-1.6167067604655472e-05,3.0913494817097487e-05,-1.3023548131707585e-05,-4.893228464863952e-06,9.288196047618769e-06
463,0.0006301739562478462,0.0006301739534971549,5.960464477539064e-08,4.32375195244421,1.864363852246745,1.6433937360990463,4.332404447129459,-1.0,-0.37994610427434045,-0.7363617182161463,-1.5260752333513095,1.1838087032038522,1.7573110685233129,-1.9037670402199285,-4.9902742862428795e-06,0.0,1.013620356266065e-05,-1.5825917009548718e-05,3.026127714367277e-05,-1.2748914359095309e-05,-4.789898921941926e-06,9.09201321674935e-06
464,0.0006168853701777879,0.0006168853674852244,5.575503985246929e-08,4.3237519518266305,1.8643505636607791,1.6433937370178553,4.332399562025895,-1.0,-0.37993618213422936,-0.736377210194919,-1.5260456105075437,1.183796223124824,1.757306379766302,-1.9037581402341779,-4.885103564333804e-06,0.0,9.922140111084943e-06,-1.5491978772708137e-05,2.9622843765730877e-05,-1.24800790282098e-05,-4.688757010873346e-06,8.899985750598916e-06
465,0.000603877343540478,0.000603877340904444,5.16191365590357e-08,4.323751951222951,1.8643375556342434,1.6433937379171935,4.3323947798751234,-1.0,-0.37992646952475817,-0.7363923752947698,-1.5260166126051729,1.1837840062054057,1.7573017900101204,-1.9037494282090293,-4.782150771376337e-06,0.0,9.712609471190792e-06,-1.5165099850777963e-05,2.8997902370875295e-05,-1.2216919418328587e-05,-4.5897561815611e-06,8.712025148627234e-06
466,0.0005911439387307204,0.0005911439361506041,5.575503985246929e-08,4.323751950632841,1.8643248222295337,1.643393738797475,4.332390098506049,-1.0,-0.3799169620096008,-0.7364072204252419,-1.5259882264382856,1.1837720468899864,1.7572972971592362,-1.9037409001642138,-4.681369074610586e-06,0.0,9.507515157380908e-06,-1.4845130472118662e-05,2.8386166887273134e-05,-1.1959315419307615e-05,-4.492850884219024e-06,8.528044815436786e-06
467,0.0005786793443956883,0.0005786793418700615,5.16191365590357e-08,4.32375195005598,1.8643123576352962,1.643393739659107,4.332385515793417,-1.0,-0.3799076552468422,-0.7364217523493064,-1.5259604390809378,1.1837603397405125,1.7572928991626893,-1.9037325522041946,-4.582712631595598e-06,0.0,9.306762758565235e-06,-1.453192406453141e-05,2.778735734776383e-05,-1.1707149473849654e-05,-4.397996546945393e-06,8.347960019250422e-06
468,0.000566477872726101,0.0005664778702534592,4.712160915387242e-08,4.3237519494920535,1.8643001561637218,1.6433937405024863,4.332381029656845,-1.0,-0.37989854498694947,-0.7364359776864937,-1.5259332378811798,1.183748879433989,1.7572885940131335,-1.903724380516345,-4.486136572445787e-06,0.0,9.110259892752826e-06,-1.4225337187312448e-05,2.7201199757964645e-05,-1.1460306523547459e-05,-4.3051495557389075e-06,8.171687849500842e-06
469,0.000554533956804649,0.0005545339543845141,5.16191365590357e-08,4.323751948940756,1.864288212247894,1.6433937413280018,4.332376638059871,-1.0,-0.37988962707078605,-0.7364499029159558,-1.5259066104552115,1.1837376607600338,1.7572843797459015,-1.9037163813691658,-4.391596974073764e-06,0.0,8.917916163420081e-06,-1.3925229462086186e-05,2.6627425968372975e-05,-1.1218673955148972e-05,-4.2142672320721886e-06,7.999147179305055e-06
470,0.0005428421480162471,0.0005428421456472021,4.712160915387242e-08,4.32375194840179,1.8642765204391971,1.6433937421360343,4.3323723390090265,-1.0,-0.3798808974276715,-0.7364635343794638,-1.5258805446816646,1.1837266786184852,1.7572802544380886,-1.9037085511105412,-4.299050844203123e-06,0.0,8.729643114546715e-06,-1.3631463507968178e-05,2.606577354691275e-05,-1.098214154859889e-05,-4.125307812907764e-06,7.830258624608177e-06
471,0.0005313971135106469,0.0005313971111911191,4.712160915387242e-08,4.323751947874865,1.8642650754047805,1.6433937429269554,4.332368130552925,-1.0,-0.3798723520734818,-0.7364768782843394,-1.5258550286960084,1.1837159280170604,1.7572762162076572,-1.9037008861660354,-4.208456101828517e-06,0.0,8.545354189704035e-06,-1.3343904875617874e-05,2.551598565614377e-05,-1.0750601424858175e-05,-4.038230431380185e-06,7.66494450576971e-06
472,0.0005201936337208457,0.0005201936314503543,4.2146848510894035e-08,4.323751947359701,1.8642538719250783,1.64339374370113,4.3323640107813715,-1.0,-0.3798639871087921,-0.7364899407063236,-1.5258300508850757,1.1837054040690633,1.7572722632125608,-1.903693383037223,-4.119771553234841e-06,0.0,8.364964689699939e-06,-1.3062421984177952e-05,2.497781093269147e-05,-1.052394799705425e-05,-3.952995096367928e-06,7.503128812480497e-06
473,0.0005092265999400771,0.0005092265977178751,4.712160915387242e-08,4.32375194685602,1.8642429048913836,1.6433937444589144,4.332359977824494,-1.0,-0.3798557987170602,-0.7365027275923834,-1.5258055998817066,1.1836951019911437,1.7572683936498867,-1.9036860383000587,-4.0329568777863756e-06,0.0,8.188391731889233e-06,-1.2786886059878988e-05,2.4451003369119206e-05,-1.030207791963278e-05,-3.869562674063687e-06,7.344737164238779e-06
474,0.0004984910119457559,0.0004984910097703157,4.712160915387242e-08,4.323751946363555,1.864232169303473,1.6433937452006573,4.332356029851885,-1.0,-0.379847783162849,-0.7365152447634584,-1.5257816645595084,1.1836850171011017,1.7572646057550179,-1.9036788486032812,-3.947972608386863e-06,0.0,8.015554211204812e-06,-1.2517171074977185e-05,2.3935322198243014e-05,-1.0084890041950345e-05,-3.7878948688785385e-06,7.1896967774875975e-06
475,0.0004879819756781211,0.00048798197354805534,4.2146848510894035e-08,4.323751945882042,1.8642216602672868,1.6433937459267,4.332352165071773,-1.0,-0.379839936790088,-0.7365274979171463,-1.5257582340277271,1.183675144815741,1.757260897800813,-1.903671810666852,-3.864780111939581e-06,0.0,7.846372761022291e-06,-1.2253153687913354e-05,2.343053178122112e-05,-9.872285360756905e-06,-3.707954204790198e-06,7.037936429199476e-06
476,0.00047769470096882663,0.00047769469888370197,4.2146848510894035e-08,4.32375194541123,1.8642113729926577,1.643393746637376,4.332348381730203,-1.0,-0.3798322560203727,-0.7365394926303331,-1.5257352976262313,1.1836654806487672,1.757257268096804,-1.9036649212804289,-3.7833415706955975e-06,0.0,7.680769715301405e-06,-1.1994713186802564e-05,2.293640149586551e-05,-9.664166973788468e-06,-3.6297040091337607e-06,6.889386423125643e-06
477,0.00046762449931647145,0.0004676244972756506,4.2146848510894035e-08,4.3237519449508675,1.8642013027910842,1.6433937473330131,4.332344678110232,-1.0,-0.3798247373513017,-0.7365512343617645,-1.5257128449206014,1.1836560202087314,1.7572537149884107,-1.9036581773018726,-3.70361997070745e-06,0.0,7.5186690710049575e-06,-1.1741731431369473e-05,2.2452705629838476e-05,-9.460440035802264e-06,-3.5531083932838214e-06,6.743978556267294e-06
478,0.00045776678171857965,0.00045776677972070637,4.2146848510894035e-08,4.32375194450071,1.864191445073563,1.64339374801393,4.332341052531154,-1.0,-0.3798173773548485,-0.736562728454563,-1.5256908656973271,1.1836467591970177,1.7572502368561744,-1.9036515756557852,-3.6255790778483288e-06,0.0,7.359996453182305e-06,-1.1494092798547406e-05,2.1979223274293247e-05,-9.261011713723732e-06,-3.478132236223175e-06,6.601646087345259e-06
479,0.00044811705653852657,0.00044811705458245617,4.2146848510894035e-08,4.3237519440605245,1.8641817953484578,1.6433937486804404,4.3323375033477305,-1.0,-0.37981017267576983,-0.7365739801386902,-1.525669349959106,1.1836376934058734,1.7572468321150057,-1.903645113332081,-3.549183423601221e-06,0.0,7.204679078665066e-06,-1.1251684127189243e-05,2.1515738221067338e-05,-9.065791144236002e-06,-3.4047411687776474e-06,6.462323704159445e-06
480,0.0004386709274269626,0.0004386709255120429,2.9802322387695312e-08,4.323751943630081,1.8641723492194198,1.6433937493328499,4.33233402894944,-1.0,-0.37980312003004874,-0.7365849945333568,-1.5256482879202444,1.1836288187164825,1.7572434992134496,-1.9036387873845886,-3.4743982908480575e-06,0.0,7.0526457210950966e-06,-1.1014394666553073e-05,2.1062038861652255e-05,-8.874689390925283e-06,-3.3329015560745745e-06,6.325947492502593e-06
481,0.00042942409128772404,0.00042942408941312645,3.6500241499888574e-08,4.3237519432091505,1.8641631023833525,1.643393749971459,4.332330627759743,-1.0,-0.37979621620337034,-0.7365957766493796,-1.5256276700021565,1.1836201310970778,1.7572402366329674,-1.9036325949296828,-3.4011896969943223e-06,0.0,6.903826678394953e-06,-1.0782116022789445e-05,2.0617918087939557e-05,-8.68761940475693e-06,-3.262580482221722e-06,6.1924549057401634e-06
482,0.00042037233628375824,0.00042037233444881214,4.2146848510894035e-08,4.323751942797519,1.864154050628419,1.64339375059656,4.332327298235367,-1.0,-0.37978945804963166,-0.7366063313914893,-1.5256074868289602,1.1836116266010965,1.7572370428872328,-1.9036265331449467,-3.3295243753173054e-06,0.0,6.758153738684047e-06,-1.0554742109758486e-05,2.0183173196297588e-05,-8.504495981220828e-06,-3.1937457345421194e-06,6.061784736166587e-06
483,0.0004115115398907728,0.00041151153809431816,2.9802322387695312e-08,4.323751942394968,1.8641451898320949,1.6433937512084391,4.332324038865603,-1.0,-0.37978284248948396,-0.7366166635605876,-1.5255877292231677,1.1836033013653728,1.7572339165214441,-1.9036205992678628,-3.2593697643079622e-06,0.0,6.6155601476936e-06,-1.033216909829271e-05,1.975760579253638e-05,-8.325235723694036e-06,-3.126365788697072e-06,5.933877083919015e-06
484,0.00040283766699027065,0.00040283766523183416,2.9802322387695312e-08,4.3237519420012935,1.864136515959262,1.6433937518073791,4.332320848171612,-1.0,-0.3797763665089053,-0.7366267778559555,-1.525568388201468,1.1835951516083698,1.7572308561116508,-1.9036147905945322,-3.1906939907955234e-06,0.0,6.4759805786795965e-06,-1.0114295367902315e-05,1.9341021699759153e-05,-8.149757003028668e-06,-3.060409793365082e-06,5.808673330554015e-06
485,0.0003943467680032042,0.00039434676628223705,3.6500241499888574e-08,4.323751941616288,1.8641280250603414,1.6433937523936528,4.332317724705757,-1.0,-0.37977002715780567,-0.7366366788774158,-1.5255494549706006,1.1835871736284498,1.7572278602640954,-1.9036091044784222,-3.1234658548484617e-06,0.0,6.339351099615698e-06,-9.901021460256842e-06,1.8933230867324014e-05,-7.977979920026357e-06,-2.995847555364861e-06,5.686116109959727e-06
486,0.00038603497706708197,0.0003860349753825496,3.6500241499888574e-08,4.323751941239754,1.86411971326947,1.6433937529675309,4.332314667050943,-1.0,-0.3797638215486611,-0.7366463711274474,-1.5255309209233172,1.1835793638021799,1.7572249276145686,-1.9036035383291399,-3.057654814675459e-06,0.0,6.205609144549484e-06,-9.692250031556604e-06,1.853404728335839e-05,-7.809826269911113e-06,-2.9326495267767427e-06,5.566149282376642e-06
487,0.00037789851024916697,0.0003778985085998127,2.9802322387695312e-08,4.323751940871498,1.864111576802715,1.643393753529275,4.332311673819968,-1.0,-0.3797577468551782,-0.7366558590132551,-1.5255127776344295,1.183571718582676,1.757222056827779,-1.9035980896112332,-2.9932309750790864e-06,0.0,6.074693482904792e-06,-9.487885807790697e-06,1.8143288887717546e-05,-7.645219503915612e-06,-2.8707867896216044e-06,5.448717906642031e-06
488,0.0003699336638000275,0.0003699336621853718,3.6500241499888574e-08,4.323751940511332,1.8641036119563277,1.6433937540791432,4.332308743654896,-1.0,-0.37975180031098676,-0.7366651468487951,-1.525495016856943,1.1835642344979793,1.7572192465967365,-1.9035927558430181,-2.9301650714685934e-06,0.0,5.946544191448577e-06,-9.287835539995015e-06,1.7760777486497403e-05,-7.484084696640636e-06,-2.8102310425381916e-06,5.3337682150989e-06
489,0.00036213681244502666,0.0003621368108642443,2.9802322387695312e-08,4.323751940159069,1.864095815105033,1.6433937546173882,4.332305875226435,-1.0,-0.37974597920836156,-0.7366742388567564,-1.5254776305182718,1.1835569081494703,1.7572164956421485,-1.903587534595431,-2.868428460978123e-06,0.0,5.821102625203078e-06,-9.092007961286619e-06,1.738633867121031e-05,-7.3263485089736236e-06,-2.7509545879045305e-06,5.221247587172684e-06
490,0.0003545044077100586,0.0003545044061624581,2.9802322387695312e-08,4.323751939814534,1.8640881827003573,1.6433937551442557,4.332303067233335,-1.0,-0.37974028089697087,-0.7366831391705007,-1.525460610716536,1.183549736210315,1.7572138027118298,-1.9035824234909047,-2.8079931002622516e-06,0.0,5.698311390689437e-06,-8.90031374423117e-06,1.701980173574036e-05,-7.171939155448115e-06,-2.6929303187372966e-06,5.111104526278609e-06
491,0.00034703297628676177,0.00034703297477191476,2.9802322387695312e-08,4.323751939477549,1.864080711268992,1.6433937556599874,4.332300318401791,-1.0,-0.37973470278265276,-0.7366918518359593,-1.5254439497169379,1.1835427154239426,1.7572111665801242,-1.9035774202022708,-2.748831543719632e-06,0.0,5.5781143181166115e-06,-8.712665458654456e-06,1.666099959818368e-05,-7.0207863722693276e-06,-2.6361317055911826e-06,5.003288633842473e-06
492,0.00033971911843316436,0.00033971911695011424,2.9802322387695312e-08,4.32375193914794,1.8640733974111952,1.643393756164819,4.332297627484868,-1.0,-0.379729242326217,-0.7367003808134912,-1.5254276399482143,1.1835358426025606,1.7572085860473399,-1.903572522451684,-2.69091692306489e-06,0.0,5.460456435735228e-06,-8.528977531896409e-06,1.6309768723576923e-05,-6.8728213820090645e-06,-2.5805327843464454e-06,4.897750586874139e-06
493,0.00033255950640234525,0.0003325595049509657,2.1073424255447017e-08,4.323751938825543,1.8640662377992203,1.6433937566589822,4.3322949932619315,-1.0,-0.3797238970422735,-0.7367087299796996,-1.5254116739991677,1.1835291146256952,1.7572060599391957,-1.9035677280095704,-2.634222936670483e-06,0.0,5.345283943525292e-06,-8.349166208398984e-06,1.5965949046625738e-05,-6.727976865406049e-06,-2.5261081442184974e-06,4.79444211354263e-06
494,0.00032555088291475197,0.00032555088149356783,2.9802322387695312e-08,4.323751938510194,1.8640592291757867,1.6433937571427026,4.332292414538092,-1.0,-0.37971866449808583,-0.7367169031292107,-1.5253960446152681,1.1835225284387683,1.7572035871062806,-1.903563034693599,-2.578723839796737e-06,0.0,5.232544187661059e-06,-8.173149511070399e-06,1.5629383899540272e-05,-6.586186926949011e-06,-2.472832915101364e-06,4.693315971415757e-06
495,0.0003186900596541151,0.0003186900582627416,2.9802322387695312e-08,4.323751938201734,1.8640523683525791,1.6433937576162028,4.3322898901436595,-1.0,-0.37971354231244936,-0.736724903976414,-1.5253807446953307,1.1835160810517005,1.7572011664235234,-1.903558440367674,-2.524394432157351e-06,0.0,5.122185636474708e-06,-8.000847203315509e-06,1.5299919937428186e-05,-6.447387067787247e-06,-2.420682757131587e-06,4.5943259250336155e-06
496,0.00031197391580261116,0.0003119739144406492,2.9802322387695312e-08,4.323751937900008,1.8640456522087798,1.6433937580796985,4.332287418933616,-1.0,-0.37970852815459344,-0.7367327361571658,-1.525365767288262,1.1835097695375476,1.7571987967896754,-1.90355394294095,-2.4712100437085383e-06,0.0,5.014157855920409e-06,-7.832180751843332e-06,1.497740706879469e-05,-6.311514152868014e-06,-2.3696338480316825e-06,4.497426723926168e-06
497,0.00030539939660292675,0.00030539939526972145,2.1073424255447017e-08,4.323751937604863,1.8640390776896312,1.6433937585334017,4.332284999787088,-1.0,-0.3797036197431076,-0.7367404032304555,-1.5253511055898763,1.1835035910311629,1.7571964771268027,-1.9035495403668683,-2.419146527543603e-06,0.0,4.908411485815556e-06,-7.667073289696624e-06,1.4661698385598498e-05,-6.178506384735272e-06,-2.3196628726740443e-06,4.402574081741051e-06
498,0.0002989635119549695,0.00029896351064978024,0.0,4.323751937316152,1.864032641805033,1.64339375897752,4.332282631606844,-1.0,-0.3796988148448905,-0.7367479086800366,-1.5253367529397817,1.1834975427278893,1.7571942063797903,-1.9035452306422131,-2.3681802439057265e-06,0.0,4.804898217136699e-06,-7.50544958105781e-06,1.435265009464004e-05,-6.048303273553657e-06,-2.2707470124228024e-06,4.3097246551493384e-06
499,0.000292663335038952,0.0002926633337613613,2.9802322387695312e-08,4.323751937033728,1.864026341628166,1.643393759412257,4.332280313318788,-1.0,-0.3796941112741215,-0.7367552559160232,-1.5253227028183298,1.18349162188228,1.7571919835158565,-1.9035410118061893,-2.3182880566352537e-06,0.0,4.7035707689824235e-06,-7.347235986610023e-06,1.4050121451836262e-05,-5.920845609352909e-06,-2.222863933809549e-06,4.2188360238615275e-06
500,0.00028649600096976525,0.0002864959997190145,2.1073424255447017e-08,4.3237519367574535,1.8640201742941445,1.6433937598378106,4.332278043871476,-1.0,-0.3796895068912546,-0.736762448276452,-1.5253089488436327,1.183485825806845,1.7571898075240786,-1.9035368819395184,-2.269447311853412e-06,0.0,4.604382866923995e-06,-7.192360428787126e-06,1.3753974697161553e-05,-5.79607543493843e-06,-2.175991777875197e-06,4.129866670865567e-06
501,0.00028045870548215704,0.00028045870425813134,2.1073424255447017e-08,4.32375193648719,1.864014136998704,1.6433937602543762,4.332275822235635,-1.0,-0.37968499960203395,-0.7367694890288111,-1.5252954847686424,1.1834801518708253,1.7571876774149269,-1.9035328391635564,-2.2216358406268455e-06,0.0,4.5072892206343695e-06,-7.040752359133151e-06,1.3464074990254815e-05,-5.673936019690018e-06,-2.1301091517322845e-06,4.042775961998757e-06
502,0.00027454870364177923,0.00027454870244331185,2.9802322387695312e-08,4.3237519362228,1.8640082269969092,1.6433937606621436,4.332273647403698,-1.0,-0.37968058735653054,-0.736776381371536,-1.5252823044782933,1.1834745974989918,1.757185592219811,-1.9035288816394278,-2.1748319376513336e-06,0.0,4.412245503404577e-06,-6.8923427248845925e-06,1.3180290349135149e-05,-5.55437183358265e-06,-2.0851951159084336e-06,3.957524128628265e-06
503,0.00026876330858230775,0.0002687633074091495,2.9802322387695312e-08,4.323751935964155,1.8640024416018945,1.6433937610612992,4.332271518389342,-1.0,-0.3796762681481988,-0.7367831284354738,-1.5252694019867052,1.1834691601704714,1.7571835509906337,-1.90352500756718,-2.1290143559227204e-06,0.0,4.319208331715618e-06,-6.7470639377731345e-06,1.2902491588029363e-05,-5.437328520319085e-06,-2.041229177240922e-06,3.87407224788916e-06
504,0.0002630998902736716,0.00026309988912521923,2.1073424255447017e-08,4.323751935711125,1.8639967781836297,1.6433937614520255,4.332269434227041,-1.0,-0.379672040012955,-0.7367897332853163,-1.5252567714344458,1.1834638374175974,1.7571815527993562,-1.9035212151849557,-2.0841623005196652e-06,0.0,4.22813524381116e-06,-6.6048498424953195e-06,1.2630552259418337e-05,-5.32275287401518e-06,-1.998191277552408e-06,3.792382224254709e-06
505,0.00025755587431430506,0.000257555873190375,2.9802322387695312e-08,4.323751935463585,1.8639912341677136,1.6433937618345014,4.33226739397163,-1.0,-0.37966790102827397,-0.736796198921002,-1.5252444070858517,1.1834586268247835,1.7571795967375714,-1.9035175027681825,-2.040255410840075e-06,0.0,4.1389846810457875e-06,-6.465635685737325e-06,1.2364348594084973e-05,-5.210592813886805e-06,-1.9560617847691475e-06,3.712416773105076e-06
506,0.000252128740749882,0.00025212873964925255,2.9802322387695312e-08,4.323751935221415,1.8639858070341908,1.6433937622089008,4.33226539669787,-1.0,-0.37966384931230585,-0.7368025282790891,-1.5252323033264072,1.1834535260274228,1.7571776819160874,-1.9035138686287807,-1.9972737606011037e-06,0.0,4.0517159681230375e-06,-6.3293580870871224e-06,1.2103759444492823e-05,-5.100797360713116e-06,-1.9148214840392086e-06,3.634139401853531e-06
507,0.0002468160229156014,0.00024681602183830283,2.9802322387695312e-08,4.323751934984491,1.8639804943163978,1.6433937625753947,4.33226344150003,-1.0,-0.379659883023012,-0.7368087242340977,-1.5252204546601775,1.1834485327108095,1.7571758074645185,-1.9035103111143867,-1.9551978400755843e-06,0.0,3.966289293833025e-06,-6.195955008614362e-06,1.184866622971903e-05,-4.993316613299825e-06,-1.874451568850688e-06,3.557514393959238e-06
508,0.00024161530630696879,0.00024161530525247687,0.0,4.323751934752701,1.8639752935998295,1.643393762934151,4.332261527491475,-1.0,-0.37965600035731883,-0.7368147895998253,-1.5252088557072976,1.1834436446090844,1.7571739725308868,-1.9035068286075945,-1.9140085543156715e-06,0.0,3.882665693177856e-06,-6.065365727558891e-06,1.159895287994317e-05,-4.8881017251645176e-06,-1.8349336317058373e-06,3.4825067922739095e-06
509,0.0002365242274719732,0.00023652422643944356,2.9802322387695312e-08,4.323751934525927,1.8639702025210336,1.6433937632853335,4.3322596538042655,-1.0,-0.3796521995502901,-0.7368207271306328,-1.5251975012015144,1.183438859504201,1.7571721762812305,-1.903503419525213,-1.873687209830166e-06,0.0,3.800807028719877e-06,-5.937530807575975e-06,1.1354505783156554e-05,-4.785104883442415e-06,-1.7962496563495023e-06,3.4090823815002835e-06
510,0.0002315404729247888,0.00023154047191423552,2.9802322387695312e-08,4.32375193430406,1.8639652187665252,1.6433937636291018,4.332257819588758,-1.0,-0.379648478874317,-0.736826539522704,-1.5251863859877812,1.1834341752249156,1.7571704178992216,-1.9035000823175388,-1.8342155074790867e-06,0.0,3.7206759730956662e-06,-5.8123920712027655e-06,1.1115213733203788e-05,-4.684279285349646e-06,-1.758382008887338e-06,3.337207674203313e-06
511,0.0002266617780905618,0.00022666177710098452,2.1073424255447017e-08,4.32375193408699,1.8639603400717284,1.6433937639656135,4.332256024013223,-1.0,-0.3796448366383253,-0.7368322294152772,-1.5251755050199034,1.1834295896457978,1.757168696585792,-1.903496815467645,-1.7955755353682434e-06,0.0,3.642235991696552e-06,-5.689892573101929e-06,1.0880967877824332e-05,-4.585579117755145e-06,-1.7213134295701593e-06,3.266849893712731e-06
512,0.0002218859262620727,0.00022188592529353085,2.9802322387695312e-08,4.323751933874612,1.863955564219937,1.6433937642950214,4.3322542662634635,-1.0,-0.37964127118700003,-0.7368377993918517,-1.525164853358234,1.183425100686262,1.757167011558767,-1.9034936174906851,-1.7577497590792746e-06,0.0,3.5654513252936226e-06,-5.569976574526514e-06,1.0651661669358603e-05,-4.4889595358643675e-06,-1.6850270250223787e-06,3.1979769599121965e-06
513,0.00021721074758835474,0.00021721074664023503,0.0,4.323751933666822,1.8639508890412995,1.6433937646174763,4.332252545542449,-1.0,-0.37963778090002614,-0.7368432519813684,-1.5251544261674184,1.1834207063096192,1.7571653620525067,-1.9034904869332123,-1.7207210145642193e-06,0.0,3.4902869738839826e-06,-5.4525895166746e-06,1.0427190815676113e-05,-4.394376642791187e-06,-1.6495062602484012e-06,3.1305574728079932e-06
514,0.00021263411807875352,0.00021263411715077255,0.0,4.323751933463516,1.8639463124118254,1.6433937649331252,4.33225086106995,-1.0,-0.3796343641913454,-0.7368485896593643,-1.5251442187141873,1.1834164045221494,1.7571637473175552,-1.903487422372512,-1.6844724992637339e-06,0.0,3.4167086807590508e-06,-5.3376779959313225e-06,1.0207453231103614e-05,-4.301787469795926e-06,-1.614734951527197e-06,3.0645607003165765e-06
515,0.00020815395863261804,0.00020815395772402274,0.0,4.323751933264599,1.8639418322524137,1.643393765242112,4.332249212082185,-1.0,-0.3796310195084298,-0.7368538148491038,-1.525134226365196,1.1834121933721944,1.7571621666202972,-1.90348442241595,-1.6489877650016638e-06,0.0,3.34468291557366e-06,-5.225189739554992e-06,9.992348991350042e-06,-4.211149954969073e-06,-1.580697257974606e-06,2.999956562055317e-06
516,0.0002037682340832469,0.00020376823319416472,2.1073424255447017e-08,4.323751933069972,1.8639374465278986,1.6433937655445776,4.332247597831474,-1.0,-0.37962774533157,-0.736858929922685,-1.5251244445849101,1.1834080709492674,1.7571606192426226,-1.9034814857003342,-1.6142507108796167e-06,0.0,3.274176859802136e-06,-5.115073581141161e-06,9.781780285766928e-06,-4.122422927022029e-06,-1.5473776746599555e-06,2.9367156157977803e-06
517,0.00019947495226988173,0.00019947495139920038,0.0,4.323751932879539,1.863933153246118,1.64339376584066,4.332246017585896,-1.0,-0.3796245401731791,-0.7368639372021226,-1.5251148689335368,1.183404035383184,1.757159104481597,-1.9034786108912898,-1.5802455779478919e-06,0.0,3.2051583909176173e-06,-5.00727943764101e-06,9.575651373383565e-06,-4.035566083304687e-06,-1.5147610255006327e-06,2.8748090443730945e-06
518,0.00019527216312577862,0.00019527216227368068,2.1073424255447017e-08,4.323751932693211,1.8639289504570067,1.6433937661304943,4.33224447062896,-1.0,-0.37962140257711097,-0.7368688389604081,-1.5251054950649978,1.1834000848432111,1.7571576216491402,-1.9034757966826474,-1.546956935882804e-06,0.0,3.137596068125692e-06,-4.901758285491553e-06,9.373868538942176e-06,-3.950539972930045e-06,-1.4828324568227913e-06,2.8142086423432744e-06
519,0.00019115795778434772,0.0001911579569498682,0.0,4.323751932510896,1.8639248362516967,1.6433937664142122,4.332242956259278,-1.0,-0.3796183311179941,-0.7368736374225474,-1.5250963187249482,1.1833962175372323,1.7571561700717113,-1.9034730417958459,-1.5143696820985042e-06,0.0,3.0714591168767846e-06,-4.798462139299353e-06,9.176340049599219e-06,-3.867305978788593e-06,-1.451577428923656e-06,2.754886801570322e-06
520,0.00018713046770683022,0.0001871304668899875,2.1073424255447017e-08,4.323751932332504,1.8639208087616503,1.6433937666919431,4.332241473790245,-1.0,-0.3796153244005783,-0.7368783347665757,-1.5250873357488357,1.1833924317109328,1.7571547490900004,-1.903470344979345,-1.4824690328651968e-06,0.0,3.006717415765525e-06,-4.697344028303796e-06,8.982976112514862e-06,-3.7858262995627e-06,-1.4209817109644973e-06,2.6968165007801304e-06
521,0.00018318786382761132,0.0001831878630280224,2.1073424255447017e-08,4.323751932157952,1.8639168661578016,1.643393766963814,4.332240022549729,-1.0,-0.37961238105909656,-0.7368829331245518,-1.5250785420600013,1.1833887256470004,1.7571533580586272,-1.9034677050080546,-1.4512405162037112e-06,0.0,2.943341481764783e-06,-4.598357976060008e-06,8.793688834440871e-06,-3.706063932407133e-06,-1.3910313731990698e-06,2.63997129046345e-06
522,0.0001793283557189496,0.00017932835493616062,0.0,4.323751931987154,1.8639130066497227,1.6433937672299483,4.332238601879766,-1.0,-0.37960949975663977,-0.7368874345835305,-1.5250699336678208,1.1833850976643445,1.7571519963458455,-1.9034651206827717,-1.4206699630037178e-06,0.0,2.8813024567919676e-06,-4.501458978678485e-06,8.60839218042031e-06,-3.627982655851625e-06,-1.3617127816445418e-06,2.5843252828838814e-06
523,0.0001755501907704597,0.00017555019000411697,0.0,4.323751931820029,1.8639092284848033,1.6433937674904675,4.332237211136259,-1.0,-0.37960667918454516,-0.7368918411865147,-1.5250615066658857,1.1833815461173307,1.7571506633332545,-1.903462590829633,-1.3907435070237284e-06,0.0,2.820572094608398e-06,-4.406602984285968e-06,8.427001935151779e-06,-3.5515470138136607e-06,-1.3330125909760682e-06,2.5298531387552003e-06
524,0.00017185165338985857,0.00017185165264021655,2.1073424255447017e-08,4.323751931656493,1.8639055299474518,1.6433937677454904,4.332235849688687,-1.0,-0.3796039180617978,-0.7368961549333877,-1.5250532572302216,1.1833780693950315,1.7571493584155162,-1.9034601142995775,-1.3614475715684193e-06,0.0,2.7611227473856026e-06,-4.313746872930402e-06,8.24943566413161e-06,-3.4767222991671787e-06,-1.3049177383095412e-06,2.476530055472992e-06
525,0.00016823106421780417,0.0001682310634833591,2.1073424255447017e-08,4.323751931496472,1.8639019093583071,1.643393767995133,4.3322345169198195,-1.0,-0.37960121513444417,-0.7369003777818242,-1.5250451816175459,1.1833746659204942,1.7571480810000781,-1.9034576899678202,-1.332768867712275e-06,0.0,2.70292735360389e-06,-4.222848436485904e-06,8.07561267568424e-06,-3.4034745373112685e-06,-1.2774154380945646e-06,2.4243317573446888e-06
526,0.00016468677936060263,0.00016468677864162732,0.0,4.323751931339886,1.8638983650734773,1.6433937682395088,4.332233212225434,-1.0,-0.3795985691750195,-0.7369045116481835,-1.5250372761635622,1.1833713341500227,1.7571468305069031,-1.9034553167333386,-1.304694385417804e-06,0.0,2.6459594246741602e-06,-4.133866359334881e-06,7.905453983658717e-06,-3.3317704715152274e-06,-1.2504931750090265e-06,2.373234481600761e-06
527,0.00016121718963891892,0.00016121718893533722,0.0,4.323751931186661,1.8638948954837826,1.6433937684787292,4.332231935014043,-1.0,-0.37959597898198605,-0.7369085584083835,-1.52502953728129,1.1833680725724756,1.757145606368204,-1.9034529935183686,-1.2772113908710025e-06,0.0,2.590193033447097e-06,-4.0467602000493486e-06,7.738882272123604e-06,-3.2615775471533937e-06,-1.2241386990741177e-06,2.3232149699570215e-06
528,0.00015782071985540367,0.00015782071916695537,0.0,4.323751931036724,1.8638914990140256,1.6433937687129034,4.332230684706625,-1.0,-0.37959344337918427,-0.7369125198987553,-1.5250219614594307,1.1833648797085785,1.7571444080281842,-1.9034507192679115,-1.2503074184877505e-06,0.0,2.535602801778669e-06,-3.961490371739984e-06,7.575821859395759e-06,-3.192863897050202e-06,-1.1983400198811722e-06,2.2742504570683053e-06
529,0.0001544958280720422,0.00015449582739767752,0.0,4.323751930890002,1.8638881741222675,1.6433937689421376,4.332229460736361,-1.0,-0.3795909612152952,-0.7369163979168804,-1.5250145452607677,1.1833617541102515,1.7571432349427838,-1.9034484929492526,-1.2239702638083827e-06,0.0,2.482163889094835e-06,-3.8780181250697154e-06,7.416198662957285e-06,-3.1255983270472854e-06,-1.1730854003744184e-06,2.2263186589821515e-06
530,0.0001512410049063842,0.00015124100424598972,0.0,4.3237519307464245,1.8638849192991267,1.6433937691665368,4.332228262548379,-1.0,-0.3795885313633141,-0.7369201942224097,-1.5250072853206011,1.1833586943599497,1.7571420865794314,-1.9034463135514883,-1.1981879817213326e-06,0.0,2.429851981067266e-06,-3.7963055293799286e-06,7.259940166592926e-06,-3.0597503017926186e-06,-1.1483633524100867e-06,2.1793977642570184e-06
531,0.0001480547728440304,0.00014805477219822008,0.0,4.323751930605927,1.8638817330670896,1.6433937693862026,4.332227089599502,-1.0,-0.37958615272003593,-0.736923910537866,-1.525000178345215,1.18335569907002,1.7571409624168002,-1.9034441800850648,-1.172948877581348e-06,0.0,2.3786432781780498e-06,-3.716315456259167e-06,7.106975386195202e-06,-2.995289929641487e-06,-1.1241626312052944e-06,2.133466423526187e-06
532,0.0001449356855662957,0.0001449356849337446,0.0,4.323751930468439,1.8638786139798356,1.6433937696012353,4.332225941357997,-1.0,-0.3795838242055515,-0.736927548549428,-1.5249932211103772,1.1833527668820691,1.7571398619445708,-1.9034420915813257,-1.1482415045449557e-06,0.0,2.3285144844509276e-06,-3.6380115620016085e-06,6.957234837789983e-06,-2.932187950888121e-06,-1.1004722293428415e-06,2.0885037390616645e-06
533,0.00014188232728271844,0.0001418823266632948,0.0,4.323751930333894,1.8638755606215753,1.6433937698117322,4.33222481730334,-1.0,-0.379581544762754,-0.736931109907699,-1.5249864104598716,1.1833498964663458,1.7571387846631976,-1.9034400470920696,-1.1240546573532129e-06,0.0,2.2794427974592857e-06,-3.5613582709537184e-06,6.810650505562066e-06,-2.8704157233327976e-06,-1.0772813732184972e-06,2.0444892561144457e-06
534,0.00013889331209269987,0.0001388933114863603,0.0,4.323751930202228,1.8638725716064084,1.6433937700177903,4.332223716925974,-1.0,-0.37957931335685646,-0.7369345962284585,-1.5249797433040608,1.1833470865211362,1.7571377300836812,-1.9034380456891167,-1.1003773661144578e-06,0.0,2.231405897556993e-06,-3.4863207595270396e-06,6.667155810768932e-06,-2.8099452096252975e-06,-1.0545795163796612e-06,2.001402952922504e-06
535,0.00013596728334956603,0.0001359672827556978,0.0,4.323751930073384,1.8638696455776875,1.643393770219502,4.332222639727083,-1.0,-0.3795771289749192,-0.7369380090933985,-1.5249732166184793,1.183344335772173,1.757136697727345,-1.9034360864638857,-1.0771988909752395e-06,0.0,2.18438193727577e-06,-3.4128649399889355e-06,6.526685581542679e-06,-2.750748963276095e-06,-1.0323563361946952e-06,1.959225230940831e-06
536,0.00013310291304182863,0.00013310291246093408,2.1073424255447017e-08,4.323751929947294,1.8638667812074023,1.6433937704169594,4.33222158521836,-1.0,-0.3795749906253879,-0.7369413500508434,-1.524966827442457,1.1833416429720545,1.757135687125617,-1.9034341685269787,-1.054508723008496e-06,0.0,2.1383495312776724e-06,-3.340957444919468e-06,6.389176022247867e-06,-2.6928001184423067e-06,-1.010601728079763e-06,1.9179369070698726e-06
537,0.00013029890118836863,0.0001302989006199427,0.0,4.3237519298239,1.8638639771955707,1.643393770610253,4.3322205529217905,-1.0,-0.3795728973376405,-0.7369446206164553,-1.5249605728777715,1.1833390068996792,1.7571346978198157,-1.9034322910077743,-1.0322965691145214e-06,0.0,2.0932877474177936e-06,-3.2705656118903192e-06,6.254564685503894e-06,-2.6360723752727466e-06,-9.893058012799827e-07,1.8775192043296585e-06
538,0.00012755397524557638,0.0001275539746890934,0.0,4.323751929703145,1.863861232269649,1.64339377079947,4.332219542369432,-1.0,-0.37957084816154446,-0.736947822273924,-1.5249544500873287,1.1833364263596897,1.7571337293609413,-1.9034304530540318,-1.0105523582382148e-06,0.0,2.049176096030614e-06,-3.2016574686988264e-06,6.1227904428751145e-06,-2.5805399894718306e-06,-9.68458874428535e-07,1.8379537425339265e-06
539,0.00012486688952557454,0.00012486688898060666,0.0,4.323751929584972,1.8638585451839496,1.6433937709846975,4.332218553103204,-1.0,-0.3795688421670234,-0.7369509564756425,-1.5249484562938722,1.1833339001819296,1.7571327813094704,-1.9034286538315006,-9.892662280464037e-07,0.0,2.0059945210482155e-06,-3.134201718490992e-06,5.993793456449126e-06,-2.5261777600871227e-06,-9.480514708837262e-07,1.7992225311846965e-06
540,0.000122236424630221,0.00012223642409656238,0.0,4.323751929469324,1.8638559147190743,1.6433937711660183,4.332217584674678,-1.0,-0.3795668784436329,-0.7369540246433687,-1.524942588778719,1.183331427220912,1.7571318532351563,-1.9034268925235414,-9.68428525816023e-07,0.0,1.9637233905078766e-06,-3.068167726216764e-06,5.867515153301639e-06,-2.472961017740971e-06,-9.280743140660519e-07,1.7613079592582181e-06
541,0.00011966138689231237,0.00011966138637023532,0.0,4.3237519293561455,1.8638533396813566,1.6433937713435158,4.332216636644875,-1.0,-0.37956495610014485,-0.7369570281688715,-1.5249368448805225,1.1833290063552981,1.757130944716832,-1.9034251683307517,-9.480298031050438e-07,0.0,1.922343488058864e-06,-3.0035255028648677e-06,5.743898196408637e-06,-2.4208656137503226e-06,-9.08518324349572e-07,1.7241927896538556e-06
542,0.00011714060783696897,0.00011714060732563887,0.0,4.323751929245383,1.8638508189023204,1.6433937715172706,4.332215708584066,-1.0,-0.3795630742641411,-0.7369599684145653,-1.5249312219940625,1.1833266364873893,1.7571300553422184,-1.9034234804706025,-9.28060809535225e-07,0.0,1.8818360037475834e-06,-2.9402456938054655e-06,5.622886459999421e-06,-2.3698679088024477e-06,-8.89374613510796e-07,1.6878601492020806e-06
543,0.00011467294364248832,0.00011467294314173129,0.0,4.323751929136987,1.8638483512381447,1.6433937716873617,4.332214800071577,-1.0,-0.37956123208161585,-0.7369628467141295,-1.5249257175690587,1.1833243165426262,1.757129184707737,-1.903421828177081,-9.085124883512208e-07,0.0,1.842182525246816e-06,-2.8782995641352116e-06,5.50442500379944e-06,-2.319944763184978e-06,-8.706344813980138e-07,1.652293521559045e-06
544,0.00011225727462339028,0.00011225727413327529,0.0,4.323751929030904,1.8638459355691444,1.6433937718538667,4.3322139106956,-1.0,-0.3795594287165862,-0.7369656643731152,-1.5249203291090114,1.1833220454691018,1.7571283324183253,-1.9034202107003408,-8.893759773087595e-07,0.0,1.8033650296400694e-06,-2.8176589856876433e-06,5.388460047273114e-06,-2.271073524351408e-06,-8.52289411712448e-07,1.6174767401011536e-06
545,0.00010989250471940189,0.00010989250423946949,0.0,4.323751928927085,1.8638435707992584,1.64339377201686,4.332213040053002,-1.0,-0.37955766335071106,-0.73696842266954,-1.524915054170066,1.1833198222370833,1.757127498087257,-1.9034186273063616,-8.706425980165022e-07,0.0,1.7653658751504153e-06,-2.7582964248207276e-06,5.2749389454209705e-06,-2.223232018483401e-06,-8.343310682334959e-07,1.583393979265324e-06
546,0.00010757756099384273,0.00010757756052456977,0.0,4.323751928825479,1.8638412558555513,1.6433937721764178,4.332212187749145,-1.0,-0.3795559351829178,-0.7369711228544685,-1.5249098903599008,1.1833176458385437,1.7571266813359656,-1.9034170772766121,-8.523038568242214e-07,0.0,1.7281677932579065e-06,-2.7001849285390733e-06,5.163810165242921e-06,-2.1763985396106023e-06,-8.167512914880604e-07,1.5500297494419613e-06
547,0.00010531139315039636,0.00010531139269050203,0.0,4.323751928726041,1.8638389896877248,1.6433937723326106,4.3322113533977085,-1.0,-0.3795542434290376,-0.7369737661525826,-1.52490483533664,1.183315515286705,1.7571258817938717,-1.9034155599077245,-8.343514368291949e-07,0.0,1.6917538802063703e-06,-2.643298114057835e-06,5.0550232608692625e-06,-2.1305518387304545e-06,-7.995420938655684e-07,1.5173688876490843e-06
548,0.00010309297304666468,0.0001030929725968009,0.0,4.323751928628721,1.8638367712676385,1.6433937724855112,4.33221053662051,-1.0,-0.3795525873214478,-0.7369763537627372,-1.5248998868077877,1.1833134296155887,1.7571250990982152,-1.9034140745111727,-8.167771987643846e-07,0.0,1.6561075897869593e-06,-2.5876101545918573e-06,4.948528852244394e-06,-2.0856711162586805e-06,-7.826956565093468e-07,1.485396551759166e-06
549,0.00010092129423368277,0.00010092129379320673,0.0,4.323751928533478,1.8638345995888421,1.6433937726351877,4.332209737047335,-1.0,-0.3795509661087224,-0.736978886858507,-1.5248950425291865,1.1833113878795778,1.7571243328938888,-1.9034126204129596,-7.995731747811874e-07,0.0,1.6212127254000563e-06,-2.5330957698077583e-06,4.8442786011460015e-06,-2.0417360109270533e-06,-7.662043264300422e-07,1.4540982131716618e-06
550,9.87953714924302e-05,9.879537106114254e-05,0.0,4.323751928440264,1.8638324736661172,1.643393772781709,4.332208954315771,-1.0,-0.3795493790552895,-0.736981366588719,-1.5248903003039966,1.1833093891529867,1.757123582833277,-1.903411196953309,-7.82731564008543e-07,0.0,1.5870534328943364e-06,-2.479730212057163e-06,4.742225189868776e-06,-1.9987265911236562e-06,-7.500606118426845e-07,1.4234596505957597e-06
