iteration,err_norm,position_error,orientation_error,tcp_x,tcp_y,tcp_z,q0_dda_joint_linear_track,q1_dda_joint_carriage,q2_dda_joint_base,q3_dda_joint_shoulder,q4_dda_joint_elbow,q5_dda_joint_wrist1,q6_dda_joint_wrist2,q7_dda_joint_wrist3,dq0_dda_joint_linear_track,dq1_dda_joint_carriage,dq2_dda_joint_base,dq3_dda_joint_shoulder,dq4_dda_joint_elbow,dq5_dda_joint_wrist1,dq6_dda_joint_wrist2,dq7_dda_joint_wrist3
0,3.539933884586257,2.880074387244346,1.6378338250010505,0.47255,3.7499999999986655,2.697,0.0,0.0,0.0,0.0,0.0,0.0,0.0,0.0,0.0,0.0,0.0,0.0,0.0,0.0,0.0,0.0
1,2.986918382309127,2.32791017885875,1.6059757043844618,0.8262320639882648,3.278988138640175,2.6692559254177475,0.3475636984895075,-0.21420309046496874,0.024262086061947366,-0.1863111444255976,-0.055068910898754,0.0670589811288776,0.0577313189468328,0.09215287317664933,0.3475636984895075,-0.21420309046496874,0.024262086061947366,-0.1863111444255976,-0.055068910898754,0.0670589811288776,0.0577313189468328,0.09215287317664933
2,3.600932794033738,2.6859041676313593,2.045210347647415,0.1712912416925234,2.986443042975678,2.662359158366323,0.3098579950191893,-1.0,1.4322260609065627,0.19336172277763364,0.29688488181848915,0.1603436371718498,-1.2995429362199302,-0.7981302886062516,-0.03770570347031821,-0.7857969095350312,1.4079639748446153,0.37967286720323123,0.35195379271724314,0.09328465604297219,-1.357274255166763,-0.8902831617829009
3,2.9422984601045683,2.3263745879646534,1.6320217958369134,0.6117523445000321,2.952911503846753,2.7071619057890137,0.1645621034777679,-1.0,1.6000796168092308,-0.18495457096780793,0.07083055575876596,0.37573587858895696,-1.2257531272150668,-0.6559866049182568,-0.14529589154142142,0.0,0.16785355590266815,-0.37831629374544157,-0.2260543260597232,0.21539224141710717,0.07378980900486343,0.1421436836879948
4,2.455621810671193,2.0275771411893686,1.3130521642149156,0.987037069942575,2.963224235070817,2.658439996013942,0.9315248625404491,-1.0,1.5634812926366517,0.3118324075326693,-0.19627970475099704,-0.16523604032108685,-1.0692827458752088,-0.6169880033509407,0.7669627590626812,0.0,-0.03659832417257913,0.4967869785004772,-0.267110260509763,-0.5409719189100438,0.15647038133985802,0.03899860156731605
5,2.0935487773064114,1.792801626847233,1.0496767677369538,1.3019625138363389,2.9603746090854957,2.6169292780823006,1.1995809916339548,-1.0,1.6195545580451933,0.36994978767183406,-0.3724947736053715,-0.3255692405795031,-1.0424012317573288,-0.5286651589625945,0.26805612909350574,0.0,0.05607326540854163,0.05811738013916479,-0.17621506885437443,-0.16033320025841624,0.02688151411787998,0.08832284438834626
6,1.7973872362072585,1.5830592476773457,0.8392568752222128,1.5641065254423951,2.953447754379067,2.5139616230793154,1.5344686391137647,-1.0,1.651793618938252,0.6103979382136306,-0.7009974619713457,-0.4649232770243088,-1.025569906181754,-0.4591833119973187,0.3348876474798099,0.0,0.032239060893058724,0.24044815054179658,-0.32850268836597424,-0.1393540364448057,0.016831325575574763,0.06948184696527576
7,1.5706604273135538,1.41845850712772,0.6705692935987804,1.7667498628915501,2.9436281172598333,2.3984945945239624,1.7758874758960879,-1.0,1.6854375821188643,0.8123105796499785,-1.0004940240732458,-0.5476539422728626,-1.028424551752073,-0.4105078235283554,0.24141883678232312,0.0,0.033643963180612246,0.2019126414363479,-0.2994965621019001,-0.08273066524855377,-0.002854645570318892,0.0486754884689633
8,1.4041415924035965,1.2974850639586393,0.5357911066950617,1.919243460261999,2.9337437928295307,2.2893247669920775,1.9458989955263524,-1.0,1.718984896726449,0.9716630566854487,-1.2465497210212984,-0.6006308066856039,-1.0392866023038874,-0.38200234880008205,0.1700115196302645,0.0,0.033547314607584644,0.15935247703547017,-0.24605569694805252,-0.0529768644127413,-0.01086205055181444,0.02850547472827336
9,1.284805553798661,1.2112931085363616,0.4282354347217222,2.033719015120159,2.92451582416388,2.193046448300991,2.0688564671551095,-1.0,1.751511963503596,1.0991905879426327,-1.443370039547034,-0.6385121532748094,-1.0517984318738554,-0.36905948182706283,0.12295747162875714,0.0,0.03252706677714712,0.12752753125718397,-0.19682031852573556,-0.0378813465892055,-0.012511829569967992,0.012942866973019218
10,1.20052372095674,1.1506611314564004,0.34239301646520437,2.120239571701302,2.915849137200908,2.111379149265129,2.1606069793660425,-1.0,1.782999841324297,1.2028079093752206,-1.5987334950211283,-0.6684974417379743,-1.0634657145669875,-0.3674027285695517,0.091750512210933,0.0,0.03148787782070084,0.10361732143258795,-0.15536345547409436,-0.02998528846316495,-0.011667282693132108,0.0016567532575111343
11,1.1411903954087448,1.1078213844259666,0.273846218566402,2.1863410893063837,2.907451961191727,2.04375867249226,2.2312758646223343,-1.0,1.8136262362970859,1.288085467918955,-1.7201888672348105,-0.6941826817336653,-1.0735373509606072,-0.373827604194397,0.07066888525629178,0.0,0.03062639497278896,0.08527755854373442,-0.12145537221368219,-0.025685239995690945,-0.010071636393619743,-0.006424875624845283
12,1.09894221714519,1.076838519438962,0.21908219439075455,2.2374624124288607,2.899014052159715,1.9886547710234068,2.2874506644569292,-1.0,1.8435995067985007,1.3590668460928956,-1.8141883012783324,-0.7174449641211766,-1.0820192221341973,-0.38609453939076627,0.056174799834594946,0.0,0.02997327050141485,0.07098137817394057,-0.09399943404352196,-0.02326228238751138,-0.008481871173590116,-0.012266935196369289
13,1.0679664628281524,1.0534297828630217,0.17531121444411668,2.277480758382807,2.890249446903301,1.944241778874817,2.3335026512301735,-1.0,1.8731282781998326,1.4187911931980086,-1.8860153426212531,-0.7393264710841325,-1.0892128306426765,-0.4026829165846321,0.04605198677324429,0.0,0.02952877140133192,0.059724347105112985,-0.07182704134292073,-0.021881506962955877,-0.007193608508479166,-0.016588377193865855
14,1.044128274266937,1.0346124591393078,0.14031564568888535,2.309159646314023,2.880905757271222,1.9087246335109829,2.372374616212878,-1.0,1.9024130257894794,1.469595629488121,-1.939923274919712,-0.760447895854165,-1.0955001483330942,-0.4225687291094155,0.03887196498270429,0.0,0.02928474758964672,0.05080443629011233,-0.053907932298458805,-0.021121424770032426,-0.006287317690417682,-0.019885812524783386
15,1.0245645911072712,1.0183521405489877,0.11233001849725516,2.3344831254222607,2.8707653546721748,1.8804826739100589,2.4060660363900834,-1.0,1.931638571945489,1.5132948559356905,-1.9793092087499753,-0.7812043420764059,-1.1012488786527337,-0.4450562850923579,0.03369142017720561,0.0,0.029225546156009585,0.04369922644756952,-0.03938593383026334,-0.020756446222240932,-0.005748730319639517,-0.022487555982942387
16,1.0073271582920662,1.003276160834604,0.08994690884731565,2.3548931168611715,2.8596442809622755,1.8581192442449839,2.435942004534068,-1.0,1.960966571149413,1.5512969591220038,-2.0068747145924664,-0.8018606600514923,-1.1067763266860495,-0.4696599797796331,0.029875968143984633,0.0,0.02932799920392415,0.03800210318631336,-0.027565505842491067,-0.02065631797508638,-0.0055274480333158404,-0.02460369468727519
17,0.9911042542447407,0.9884628737033944,0.07204309618743257,2.371453725253881,2.8473907991948577,1.840464589976782,2.462934205591556,-1.0,1.9905292539651858,1.5846855678475622,-2.024762618157842,-0.8225994239485129,-1.1123404183333174,-0.4960243669308659,0.026992201057487897,0.0,0.02956268281577268,0.03338860872555838,-0.01788790356537584,-0.020738763897020673,-0.005564091647267899,-0.026364387151232793
18,0.9750197270575222,0.9732960826343747,0.05772143622221035,2.3849635196116172,2.8338846349873843,1.8265573692500374,2.487673240866602,-1.0,2.0204249207027454,1.6142828885224763,-2.0346708358742673,-0.8435457415819033,-1.1181420564423936,-0.523871191992847,0.02473903527504584,0.0,0.029895666737559612,0.02959732067491405,-0.009908217716425138,-0.020946317633390388,-0.00580163810907619,-0.027846825061981162
19,0.9584952064347994,0.9573687423820697,0.04626493122497625,2.39603189522625,2.8190374425884572,1.8156180203547603,2.5105766263730134,-1.0,2.050715104977199,1.6407007417118062,-2.03794664371529,-0.8647802295318558,-1.1243312177132887,-0.5529647140613562,0.022903385506411578,0.0,0.030290184274453846,0.026417853189329987,-0.003275807841022882,-0.02123448794995253,-0.006189161270895083,-0.029093522068509126
20,0.9411591149227054,0.9404213797918813,0.03710032219511326,2.405131099970061,2.802794528949139,1.8070206737328645,2.5319082925135477,-1.0,2.081423218878984,1.6643834114520941,-2.0356646911407377,-0.8863458618509865,-1.131013441409016,-0.5830893817285924,0.021331666140534278,0.0,0.03070811390178463,0.023682669740287876,0.002281952574552548,-0.021565632319130668,-0.006682223695727352,-0.030124667667236205
21,0.9227882028885257,0.9223037707150775,0.029769158143994164,2.412631950197667,2.7851374286492065,1.8002667727185244,2.551820112938631,-1.0,2.1125346035919614,1.685644570891181,-2.028691361098184,-0.908251889372231,-1.1382554965654703,-0.6140360665667781,0.019911820425083437,0.0,0.031111384712977586,0.021261159439086796,0.006973330042553627,-0.021906027521244487,-0.0072420551564542635,-0.030946684838185745
22,0.9032704957736696,0.9029513848137775,0.023904763889364557,2.4188286752321884,2.766086589735279,1.794961699906585,2.5703824465155343,-1.0,2.143998044587962,1.7046996596270376,-2.0177373358520647,-0.9304767995272624,-1.1460900478781288,-0.6455945066562909,0.01856233357690318,0.0,0.031463440996000624,0.019055088735856707,0.010954025246119325,-0.022224910155031363,-0.007834551312658533,-0.03155844008951281
23,0.8825814593498738,0.8823704711018011,0.0192138746441788,2.4239565311128843,2.745703241809931,1.7907947463221954,2.5876081777153863,-1.0,2.175728867066588,1.7216944217472059,-2.0033996410076296,-0.9529715561524955,-1.1545196004534786,-0.6775504747545165,0.017225731199852046,0.0,0.03173082247862613,0.01699476212016826,0.014337694844435145,-0.022494756625233148,-0.00842955257534972,-0.03195596809822554
24,0.8607675479454909,0.8606274494206604,0.015461968314750758,2.428204603605591,2.7240895119937516,1.7875222980700542,2.603472903453902,-1.0,2.2076136694447848,1.736729758287793,-1.9861940788218435,-0.9756638004973632,-1.163520153673899,-0.7096866089104608,0.015864725738515606,0.0,0.031884802378196575,0.015035336540587085,0.01720556218578606,-0.022692244344867718,-0.009000553220420482,-0.032136134155944296
25,0.8379331744274043,0.8378396865823359,0.01246152966591544,2.431725397975548,2.7013860590367105,1.7849539226300963,2.6179325408181904,-1.0,2.2395165898764864,1.7498826409241102,-1.966578856351674,-0.998463200439642,-1.1730449635478022,-0.7417859757070395,0.014459637364288458,0.0,0.03190292043170162,0.013152882636317198,0.019615222470169558,-0.022799399942278753,-0.00952480987390314,-0.032099366796578765
26,0.8142286707375732,0.8141659274265353,0.010062641488652945,2.4346422551818923,2.677766896639667,1.7829409852917526,2.6309386466982256,-1.0,2.271286777299309,1.7612226538268396,-1.9449703432944503,-1.0212677080207617,-1.1830286727482877,-0.7736374187121347,0.013006105880035257,0.0,0.03177018742282245,0.011340012902729457,0.021608513057223666,-0.022804507581119737,-0.009983709200485524,-0.031851443005095126
27,0.7898380730317288,0.7897956800932726,0.008145427649441794,2.4370552518808313,2.653431597228486,1.7813674397025823,2.6424511419065033,-1.0,2.30276652161639,1.7708238219673846,-1.921752173114217,-1.0439701801558157,-1.1933918734452962,-0.8050417032751904,0.011512495208277684,0.0,0.03147974431708134,0.009601168140545013,0.0232181701802332,-0.02270247213505394,-0.010363200697008468,-0.03140428456305577
28,0.7649665595952129,0.7649376890712167,0.006613977774547531,2.439045981502297,2.6285955772981344,1.780142471210744,2.6524479188283268,-1.0,2.333799357103608,1.7787717106145893,-1.897279193404026,-1.0664646874657955,-1.2040459738251363,-0.8358174984691855,0.009996776921823436,0.0,0.031032835487217802,0.007947888647204637,0.024472979710191023,-0.022494507309979817,-0.010654100379840159,-0.030775795193995092
29,0.7398280416218604,0.7398081952607042,0.005391466694515746,2.4406814455822428,2.6034795253256853,1.7791947053153159,2.66093093509988,-1.0,2.3642374364610417,1.7851662249061138,-1.871877937991401,-1.088651893807517,-1.2148980936043199,-0.8658063834051315,0.008483016271553456,0.0,0.0304380793574337,0.006394514291524489,0.025401255412625057,-0.022187206341721444,-0.010852119779183544,-0.02998888493594598
30,0.7146337232941233,0.7146199288377076,0.004416245880403415,2.4420171889285474,2.578299149328333,1.7784677193565173,2.667928742519812,-1.0,2.3939475875487046,1.7901209462348808,-1.8458452473418028,-1.1104430904085794,-1.2258556488491423,-0.894876318409479,0.006997807419931945,0.0,0.02971015108766295,0.004954721328767064,0.026032690649598234,-0.021791196601062435,-0.010957555244822448,-0.029069935004347514
31,0.6895824371926487,0.6895727247321674,0.0036387314474196028,2.443099770836383,2.5532562821908007,1.7779166162608715,2.673495816135764,-1.0,2.4228156772230993,1.7937600878170892,-1.819446403564701,-1.1317627314952277,-1.2368303082135002,-0.9229233290672894,0.0055670736159516565,0.0,0.028868089674394692,0.0036391415822083495,0.026398843777101666,-0.0213196410866483,-0.01097465936435782,-0.028047010657810345
32,0.6648533183570503,0.664846378204081,0.0030189469557785837,2.44396865743016,2.528532057452229,1.7775054404303867,2.677709389586107,-1.0,2.450749158291651,1.796214183536653,-1.7929137450162413,-1.1525495588936359,-1.2477410923758547,-0.9498714447929909,0.004213573450343233,0.0,0.027933481068551647,0.002454095719563787,0.026532658548459764,-0.020786827398408203,-0.010910784162354581,-0.02694811572570155
33,0.6406010331004311,0.6405959915696399,0.002524602361970137,2.4446576277275742,2.5042824675913544,1.777205241663275,2.680664681353154,-1.0,2.4776779064722128,1.7976154697145492,-1.76644628955488,-1.1727565664807178,-1.2585165120144914,-0.9756711576156688,0.002955291767047008,0.0,0.02692874818056179,0.0014012861778962549,0.02646745546136131,-0.020207007587081938,-0.010775419638636707,-0.0257997128226779
34,0.6169534443008174,0.616949716317576,0.0021296057828395273,2.445195793195911,2.4806362479000974,1.7769926235873954,2.682469396099689,-1.0,2.5035536222564145,1.7980936557767417,-1.740210518313491,-1.1923501266959793,-1.2690957618746297,-1.0002967941498735,0.0018047147465347635,0.0,0.02587571578420178,0.00047818606219252047,0.026235771241388983,-0.019593560215261485,-0.010579249860138251,-0.024625636534204687
35,0.5940113494979348,0.5940085414385937,0.0018129149218805804,2.445608329483919,2.457694761335876,1.7768486458771122,2.6832382456280746,-1.0,2.528348161339935,1.797772491885495,-1.7143422061404143,-1.2113085967042851,-1.2794290837294462,-1.0237432269441524,0.0007688495283857399,0.0,0.024794539083520473,-0.00032116389124681177,0.025868312173076724,-0.01895847000830586,-0.010333321854816502,-0.023446432794278937
36,0.5718497989921959,0.5718476444850898,0.0015576434524358714,2.445917008421669,2.4355334163181515,1.7767579809794853,2.6830880207632135,-1.0,2.5520511730337407,1.7967672925821656,-1.6889490398416371,-1.229620670878524,-1.2894774677345164,-1.0460223133663342,-0.00015022486486104825,0.0,0.02370301169380573,-0.0010051993033293183,0.025393166298777192,-0.018312074174238857,-0.010048384005070243,-0.022279086422181793
37,0.550520477396365,0.5505187948313289,0.001350348270935689,2.446140601248561,2.4142041166623742,1.776708253372223,2.682133521141592,-1.0,2.5746673885068665,1.7951833962101362,-1.6641137201927891,-1.2472836774457778,-1.2992118807207365,-1.0671593710195466,-0.0009544996216215296,0.0,0.022616215473125756,-0.0015838963720293808,0.024835319648847998,-0.017663006567253836,-0.00973441298622002,-0.021137057653212388
38,0.530054682986355,0.5300533473579971,0.0011804389133087342,2.4462952046684223,2.393738288070999,1.776689511104745,2.6804844575801394,-1.0,2.596213833302747,1.7931154337057036,-1.6398972651516843,-1.2643019501019097,-1.3086121999902793,-1.0871899057022327,-0.0016490635614525573,0.0,0.021546444795880415,-0.002067962504432641,0.024216455041104812,-0.017018272656131872,-0.009400319269542878,-0.02003053468268612
39,0.5104665300711221,0.5104654543074464,0.001039669668308297,2.4463945233856204,2.374150112981124,1.776693795447629,2.678243301563012,-1.0,2.616717161718355,1.7906472343061983,-1.6163422876612614,-1.2806853502006896,-1.3176660034592242,-1.1061567204699339,-0.002241156017127377,0.0,0.020503328415608202,-0.0024681993995052665,0.0235549774904229,-0.01638340009877992,-0.00905380346894491,-0.018966814767701123
40,0.4917561019692164,0.4917552245436384,0.0009216938579424627,2.4464501283778266,2.355439705755843,1.776714785653308,2.675503970373289,-1.0,2.6362112385174794,1.7878521911135934,-1.5934760877001994,-1.2964479746176367,-1.3263673318275,-1.1241074629544985,-0.0027393311897232486,0.0,0.019494076799124294,-0.002795043192604929,0.022866199961061984,-0.01576262441694709,-0.008701328368275751,-0.01795074248456463
41,0.47391237720592705,0.47391165391240897,0.0008216736474824558,2.4464716999666485,2.3375960538620855,1.7767475032160123,2.6723511957556676,-1.0,2.6547350337834446,1.7847939286718364,-1.5713134599731742,-1.3116070573588046,-1.3347155033792375,-1.1410926161754666,-0.0031527746176212013,0.0,0.01852379526596515,-0.003058262441756998,0.022162627727025264,-0.01515908274116784,-0.008348171551737504,-0.016985153220968163
42,0.45691582962179084,0.4569152281068352,0.0007359454616439223,2.44646725840385,2.320599627863672,1.776788064708514,2.6688604159328593,-1.0,2.6723308521005,1.7815271443791216,-1.54985916877031,-1.3261820565830564,-1.3427140314739787,-1.1571639045065252,-0.003490779822808321,0.0,0.01759581831705548,-0.003266784292714764,0.02145429120286413,-0.014574999224251872,-0.00799852809474122,-0.01607128833105853
43,0.4407406614004583,0.44074015751898793,0.0006617417004744647,2.446443381353264,2.3044246207728443,1.77683347517789,2.665098042868446,-1.0,2.6890428869841503,1.7780985269799279,-1.529110078249904,-1.3401939099003861,-1.3503696706846298,-1.1723730678523463,-0.0037623730644131825,0.0,0.01671203488365025,-0.0034286173991937563,0.020749090520405966,-0.014011853317329681,-0.007655639210651044,-0.01520916334582112
44,0.4253566678961756,0.4253562432728266,0.0005969668367118061,2.446405406371475,2.289040816750907,1.7768814558757804,2.6611219789148333,-1.0,2.704916073173101,1.7745476837941814,-1.5090569508239644,-1.353664437032615,-1.3576916000454762,-1.1867709494441785,-0.0039760639536128295,0.0,0.015873186188950505,-0.0035508431857464995,0.020053127425939676,-0.013470527132228849,-0.007321929360846413,-0.014397881591832196
45,0.41073075783230806,0.4107303982188711,0.0005400228595378716,2.446357616450067,2.2744151135304427,1.7769303012371074,2.6569822824807607,-1.0,2.7199952001356302,1.770908031709048,-1.489685940820431,-1.3666158682515321,-1.3646907402028805,-1.200406842293394,-0.004139696434072526,0.0,0.015079126962529443,-0.0036396520851333936,0.019371010003533362,-0.012951431218917175,-0.006999140157404327,-0.013635892849215514
46,0.39682816571931384,0.396827859878116,0.0004896768872304539,2.4463034072621106,2.2605127359791637,1.7769787607925909,2.6527219068797767,-1.0,2.734324247173389,1.76720762491721,-1.4709798177622426,-1.379070478107366,-1.3713791942287261,-1.213328043297886,-0.004260375600984023,0.0,0.014329047037758613,-0.003700406791838029,0.018706123058188417,-0.012454609855833798,-0.006688454025845614,-0.0129212010044919
47,0.38361339867032335,0.38361313760562543,0.00044496305236505027,2.4462454355475924,2.2472981833844887,1.7770259422737376,2.6483774579089463,-1.0,2.747945901543614,1.7634699054396983,-1.4529189557636704,-1.391050305952705,-1.377769798242504,-1.2255795701304004,-0.004344448970830417,0.0,0.013621654370225222,-0.0037377194775116696,0.018060861998572264,-0.01197982784533913,-0.006390604013777779,-0.012251526832514514
48,0.3710509599992062,0.3710507364197221,0.00040511106278506994,2.446185748839093,2.2347359531184443,1.7770712326367346,2.6439799331573073,-1.0,2.760901224343946,1.7597143714807773,-1.4354821245461902,-1.402576947109395,-1.3838757667222161,-1.2372040029175573,-0.004397524751639015,0.0,0.01295532280033207,-0.0037555339589210313,0.017436831217480186,-0.011526641156689887,-0.0061059684797122316,-0.011624432787156858
49,0.35910588918423675,0.35910569712013196,0.0003694948890238415,2.4461258973540745,2.2227910804488538,1.7771142341401132,2.6395554195741515,-1.0,2.7732294333064242,1.7559571645429304,-1.4186471147780784,-1.4136714008980016,-1.38971041761644,-1.2482414194678784,-0.004424513583155765,0.0,0.012328208962478104,-0.0037572069378468687,0.01683500976811181,-0.011094453788606629,-0.005834650894223969,-0.011037416550321089
50,0.347744153449539,0.3477439879736775,0.00033759622792020865,2.4460670293257247,2.2114295298662916,1.7771547129806833,2.6351257358751847,-1.0,2.7849677763432172,1.7522115798068496,-1.4023912267802654,-1.4243539639757299,-1.3952869634710288,-1.2587293989502195,-0.004429683698966791,0.0,0.011738343036792998,-0.003745584736080776,0.016255887997812968,-0.010682563077728302,-0.005576545854588666,-0.010487979482341148
51,0.3369329213269763,0.33693277834747204,0.00030897858215718526,2.4460099713162884,2.20061846836118,1.7771925583305481,2.6307090135299975,-1.0,2.7961514742047044,1.7484885062328224,-1.386691647722464,-1.4346441594247428,-1.4006183563167212,-1.2687030742497256,-0.004416722345187196,0.0,0.011183697861487207,-0.003723073574027236,0.015699579057801394,-0.010290195449012884,-0.005331392845692395,-0.009973675299506102
52,0.3266407437067252,0.32664061980910536,0.0002832688788604517,2.4459552951825074,2.1903264462001575,1.7772277499265179,2.6263202149713645,-1.0,2.8068137146988112,1.7447968036910768,-1.3715257386245463,-1.444560693768893,-1.4057171757419828,-1.2781952176898908,-0.004388798558633056,0.0,0.0106622404941068,-0.0036917025417455562,0.015165909097917707,-0.009916534344150296,-0.005098819425261691,-0.009492143440165135
53,0.31683766339571984,0.3168375557203341,0.00026014433543521755,2.4459033733762627,2.180523506241681,1.777260332641794,2.6219715908488213,-1.0,2.8169856844714896,1.7411436245680318,-1.3568712489790529,-1.454121435574755,-1.4105955512234505,-1.2872363484522358,-0.004348624122543221,0.0,0.010171969772678313,-0.0036531791230449695,0.01465448964549343,-0.009560741805861861,-0.004878375481467634,-0.009041130762345029
54,0.3074952702359314,0.3074951763809857,0.00023932298714956626,2.445854424197947,2.1711812388510143,1.777290396717972,2.6176730800777963,-1.0,2.8266966273432614,1.7375346870002877,-1.3427064737132162,-1.4633434105310508,-1.4152651113067969,-1.2958548529406835,-0.004298510771024944,0.0,0.009710942871771877,-0.0036089375677441637,0.014164775265836704,-0.009221974956295842,-0.004669560083346402,-0.008618504488447698
55,0.29858671543661874,0.29858663338029934,0.0002205567420161712,2.445808548503837,2.162272796069513,1.7773180625536744,2.6134326574780813,-1.0,2.835973920667471,1.733974506349817,-1.3290103645369284,-1.4722428089254014,-1.4197369535774997,-1.3040771116333842,-0.004240422599715021,0.0,0.009277293324209346,-0.00356018065047059,0.013696109176287719,-0.00889939839435061,-0.004471842270702853,-0.008222258692700768
56,0.2900866959306362,0.29008662396779406,0.00020362614932736557,2.445765759224267,2.1537728758450294,1.7773434691355967,2.6092566342319055,-1.0,2.844843163178904,1.7304665908798242,-1.3157626054613019,-1.4808350022774206,-1.424021630520138,-1.3119276277474725,-0.004176023246175831,0.0,0.008869242511433395,-0.0035079154699928505,0.013247759075626586,-0.008592193352019217,-0.0042846769426383435,-0.007850516114088268
57,0.28197141722558744,0.28197135391577677,0.00018833639380377515,2.4457260048933787,2.145657684789152,1.777366765360357,2.60514991642995,-1.0,2.853328269402374,1.7270136069030468,-1.3029436603848303,-1.4891345665704832,-1.4281291473417626,-1.319429154409702,-0.004106717801955373,0.0,0.008485106223469874,-0.0034529839767774018,0.012818945076471522,-0.008299564293062556,-0.004107516821624468,-0.007501526662229585
58,0.2742185413228616,0.2742184854473993,0.00017451411344628545,2.4456891882350638,2.137904886028704,1.7773881036335724,2.601116226762939,-1.0,2.861451566955168,1.7236175180029463,-1.2905347990858316,-1.4971553100766908,-1.432068968645077,-1.326602818062877,-0.004033689667011231,0.0,0.00812329755279384,-0.003396088900100569,0.012408861298998763,-0.008020743506207628,-0.003939821303314384,-0.007173663653174955
59,0.26680712475507556,0.26680707528137715,0.00016200480242316322,2.4456551807012437,2.1304935371966396,1.777407635248689,2.597158294062053,-1.0,2.8692338940652315,1.720279702301712,-1.2785181066842641,-1.5049103042133594,-1.4358500315006328,-1.3334682366154618,-0.003957932700886069,0.0,0.007782327110063658,-0.003337815701234259,0.012016692401567441,-0.00775499413666858,-0.0037810628555559056,-0.006865418552584712
60,0.2597175505824274,0.2597175066342836,0.00015067066271820675,2.44562383372194,2.1234040223980535,1.7774255071448402,2.5932780149650743,-1.0,2.876694695391518,1.717001051181447,-1.266876480598913,-1.5124119162242997,-1.439480763004995,-1.3400436314177637,-0.003880279096978523,0.0,0.007460801326286237,-0.0032786511202649304,0.011641626085351131,-0.007501612010940351,-0.003630731504362217,-0.006575394802301959
61,0.2529314572344955,0.2529314180672407,0.00014038873577816138,2.445594987304232,2.1166179810337904,1.7774418597230581,2.5894765915344133,-1.0,2.883852114819093,1.71378205236136,-1.2555936181873133,-1.519671842761831,-1.442969100844023,-1.346345932569224,-0.003801423430660922,0.0,0.007157419427575196,-0.0032189988200870268,0.011282862411599703,-0.007259926537531269,-0.0034883378390280217,-0.006302301151460243
62,0.24643166633743863,0.24643163131717244,0.00013104931928560872,2.4455684765096746,2.1101182356183203,1.777456825465863,2.5857546482081437,-1.0,2.8907230843467167,1.710622859793727,-1.2446539975806834,-1.5267011436696178,-1.4463225157252324,-1.3523908773644486,-0.0037219433262696278,0.0,0.0068709695276236715,-0.0031591925676330845,0.010939620606629896,-0.007029300907786862,-0.0033534148812093267,-0.0060449447952246604
63,0.24020211108620745,0.2402020796723925,0.00012255453124054627,2.445544136246789,2.1038887201488836,1.7774705281588488,2.5821123310440206,-1.0,2.897323408519166,1.7075233524610982,-1.2340428536847392,-1.5335102754434826,-1.4495480348165588,-1.358193101899524,-0.00364231716412311,0.0,0.00660032417244949,-0.003099507332628759,0.010611143895944197,-0.006809131773864774,-0.003225519091326401,-0.005802224535075284
64,0.23422776627337472,0.23422773800424604,0.00011481706641060912,2.445521804735945,2.0979144101355045,1.7774830825563082,2.5785493918290094,-1.0,2.9036678441051538,1.7044831838313383,-1.2237461508844756,-1.540109123986589,-1.4526522655442793,-1.3637662260071926,-0.0035629392150111627,0.0,0.006344435585987629,-0.003040168629759865,0.010296702800263624,-0.006598848543106328,-0.0031042307277204806,-0.005573124107668637
65,0.2284945807426545,0.2284945552229818,0.00010775906161668336,2.44550132593703,2.092181255058446,1.777494594367914,2.5750652592775243,-1.0,2.9097701749038234,1.7015018234496107,-1.213750553646074,-1.5465070363844413,-1.4556414192716813,-1.3691229317868259,-0.003484132551485164,0.0,0.00610233079866962,-0.0029813603817276935,0.009995597238401599,-0.006397912397852368,-0.0029891537274020497,-0.0053567057796333195
66,0.22298941277385115,0.22298938966467058,0.00010131109809255343,2.4454825511743326,2.086676113758739,1.7775051604714696,2.5716590992311947,-1.0,2.915643281693983,1.6985785919112952,-1.204043395934925,-1.552712851510089,-1.4585213345116446,-1.3742750360559097,-0.0034061600463295427,0.0,0.005873106790159621,-0.0029232315383154184,0.00970715771114894,-0.006205815125647662,-0.0028799152399632266,-0.005152104269083857
67,0.21769996870884203,0.21769994771883205,9.541128223208351e-05,2.4454653401467135,2.0813866930705913,1.777514869279048,2.568329865500282,-1.0,2.9212992074325523,1.6957126902613215,-1.194612650151424,-1.55873492933573,-1.4612974994282373,-1.3792335570839407,-0.0033292337309127618,0.0,0.005655925738569323,-0.00286590164997369,0.009430745783501004,-0.006022077825641015,-0.002776164916592716,-0.00495852102803096
68,0.21261474498099325,0.2126147258592303,9.000444947013307e-05,2.445449561472925,2.0763014898575403,1.7775238012014425,2.5650763427492485,-1.0,2.926749217871645,1.6929032246982691,-1.1854468961143858,-1.5645811788775243,-1.4639750734609032,-1.3840087759846988,-0.003253522751033522,0.0,0.005450010439092878,-0.0028094655630523935,0.009165754037038232,-0.005846249541794357,-0.002677574032665886,-0.00477521890075816
69,0.20772297360193284,0.20772295613180009,8.504140869300484e-05,2.445435092890733,2.0714097365058857,1.7775320291697614,2.5618971826233405,-1.0,2.93200385780457,1.6901492273211343,-1.1765352904865096,-1.5702590847390274,-1.4665589079647845,-1.3886102931444704,-0.0031791601259079094,0.0,0.005254639932924743,-0.002753997377134887,0.008911605627876185,-0.005677905861503074,-0.0025838345038813326,-0.004601517159771529
70,0.20301457108088924,0.20301455507495214,8.047830639522043e-05,2.445421821203143,2.066701349850398,1.7775396191837858,2.558790934135937,-1.0,2.9370730031754997,1.6874496735388083,-1.1678675369299392,-1.5757757322477883,-1.4690535658061712,-1.3930470800561154,-0.0031062484874033736,0.0,0.0050691453709297285,-0.002699553782326003,0.008667753556570457,-0.005516647508760908,-0.0024946578413866938,-0.004436786911645063
71,0.1984800906959837,0.19848007599167242,7.627602981986481e-05,2.4454096420445106,2.0621668834515283,1.7775466308651588,2.5557560691845085,-1.0,2.9419659092999675,1.6848034966634873,-1.159433857196711,-1.5811378312013278,-1.4714633398861352,-1.3973275269150323,-0.003034864951428684,0.0,0.0048929061244678,-0.0026461768753209824,0.008433679733228061,-0.005362098953539451,-0.002409774079964011,-0.00428044685891682
72,0.19411067799844023,0.19411066445441186,7.239967433519543e-05,2.4453984595228944,2.057797483105029,1.777553117999921,2.5527910039331303,-1.0,2.9466912554469857,1.6822096001264173,-1.1512249632940201,-1.5863517382545438,-1.473792270590623,-1.4014594863153196,-0.002965065251378185,0.0,0.00472534614701825,-0.002593896537069984,0.008208893902690972,-0.005213907053216005,-0.0023289307044878083,-0.004131959400287322
73,0.18989802940545267,0.1898980168985179,6.881808617058846e-05,2.445388185781824,2.053584845439693,1.777559129059853,2.5498941166886815,-1.0,2.951257186031021,1.6796668676849758,-1.1432320308139703,-1.5914234779918568,-1.476044162183616,-1.4054503133644496,-0.002896887244448809,0.0,0.004565930584035094,-0.002542732441441542,0.007992932480049841,-0.005071739737313008,-0.002251891592992994,-0.003990827049130008
74,0.18583435372213455,0.18583434214466127,6.55034504239428e-05,2.445378740514226,2.049521179443642,1.7775647076958205,2.547063762803488,-1.0,2.955671348655157,1.6771741719319309,-1.135446673478803,-1.5963587627351248,-1.4782225981729893,-1.409306902513715,-0.0028303538851934817,0.0,0.004414162624136075,-0.0024926957530448934,0.007785357335167387,-0.004935284743267987,-0.002178435989373284,-0.0038565891492654547
75,0.18191233642504603,0.181912325682763,6.243088274890315e-05,2.4453700504530254,2.0455991707516863,1.7775698931991066,2.54429828705693,-1.0,2.959940929236995,1.6747303813689494,-1.1278609189230646,-1.601163011143326,-1.4803309556876505,-1.413035721380434,-0.002765475746557833,0.0,0.004269580581838017,-0.002443790562981496,0.007585754555738289,-0.0048042484082011505,-0.0021083575146612077,-0.0037288188667190525
76,0.178125106537271,0.1781250965474031,5.9578144628630325e-05,2.4453620488564063,2.0418119485237622,1.7775747209287611,2.5415960339003343,-1.0,2.964072684437224,1.672334366265516,-1.1204671857118944,-1.605841365662874,-1.4823724189103606,-1.4166428418169816,-0.0027022531565958907,0.0,0.004131755200229126,-0.0023960151034334576,0.007393733211170206,-0.004678354519548122,-0.0020414632227101492,-0.0036071204365475396
77,0.17446620592639897,0.17446619661608617,5.6925314506113726e-05,2.4453546750007513,2.038153054745848,1.7775792227044809,2.538955355891596,-1.0,2.9680729715981653,1.669985003490084,-1.1132582615780118,-1.6103987088886855,-1.4843499916141116,-1.4201339684615286,-0.002640678008738462,0.0,0.004000287160941252,-0.0023493627754318513,0.007208924133882633,-0.004557343225811472,-0.001977572703750985,-0.0034911266445469824
78,0.17092956086095912,0.17092955216591046,5.445454381169067e-05,2.4453478736903063,2.0346164157889453,1.7775834271655844,2.5363746205968356,-1.0,2.9719477763864726,1.667681180471418,-1.10622728284787,-1.6148396788961663,-1.4862665088516258,-1.423514464986179,-0.002580735294760217,0.0,0.0038748047883072623,-0.0023038230186660513,0.00703097873014169,-0.004440970007480782,-0.0019165172375141815,-0.003380496524650445
79,0.16750945566689526,0.16750944753024324,5.214982356724687e-05,2.4453415947896473,2.0311963160677577,1.777587360097348,2.533852216194695,-1.0,2.9757027383210217,1.6654217984238182,-1.0993677150188255,-1.6191686836034391,-1.4881246478479293,-1.4267893782401204,-0.0025224044021405767,0.0,0.0037549619345491614,-0.0022593820475997894,0.006859567829044622,-0.004329004707272821,-0.0018581389963034933,-0.0032749132539413583
80,0.16420050833298425,0.16420050070430517,4.999676455869565e-05,2.4453357927827692,2.0278873736480136,1.7775910447264351,2.5313865559835036,-1.0,2.979343174354112,1.6632057749494906,-1.0926733344432786,-1.6233899142216295,-1.4899269381453677,-1.4299634604685405,-0.002465660211191434,0.0,0.0036404360330903884,-0.0022160234743275886,0.006694380575546832,-0.0042212306181903525,-0.0018022902974383914,-0.003174082228420083
81,0.16099764792213772,0.1609976407566146,4.79824378248657e-05,2.4453304263608784,2.0246845176594075,1.7775945019874326,2.5289760819615115,-1.0,2.9828741006616264,1.661032046114094,-1.086138211071978,-1.6275073578490618,-1.491675771049176,-1.4330411897724056,-0.002410474021992126,0.0,0.0035309263075142816,-0.002173728835396682,0.006535123371300688,-0.004117443627432271,-0.0017488329038082284,-0.0030777293038650733
82,0.15789609365396187,0.15789608691166773,4.6095219381302294e-05,2.4453254580397283,2.021582967379573,1.7775977507626268,2.5266192676248957,-1.0,2.986300252785887,1.6588995680769756,-1.0797566922065245,-1.631524809262943,-1.493373408419973,-1.4360267889597544,-0.00235681433661572,0.0,0.003426152124260451,-0.002132478037118357,0.006381518865453462,-0.004017451413881323,-0.0016976373707970893,-0.002985599187348864
83,0.15489133553245335,0.1548913291777355,4.432461046418785e-05,2.445320853806403,2.0185782128629883,1.7776008080972083,2.5243146201066007,-1.0,2.9896261042636985,1.6568073183453262,-1.073523387210222,-1.6354458819596356,-1.4950219908575075,-1.4389242429258702,-0.0023046475182950665,0.0,0.0033258514778116144,-0.0020922497316493427,0.006233304996302591,-0.003921072696692507,-0.0016485824375345182,-0.0028974539661157372
84,0.15197911640119047,0.15197911040213874,4.266113708438266e-05,2.445316582794844,2.0156659969972073,1.7776036893920544,2.522060681760678,-1.0,2.992855883861498,1.6547542967111017,-1.0674331531264494,-1.6392740184920254,-1.496623545317736,-1.441737314687515,-0.0022539383459228013,0.0,0.0032297795977993538,-0.0020530216342244945,0.006090234083772517,-0.003828136532389781,-0.0016015544602283605,-0.002813071761644803
85,0.1491554153165505,0.14915540964454238,4.1096267953679164e-05,2.4453126169889123,2.012842298876974,1.7776064085761571,2.5198560312811615,-1.0,2.995993591529662,1.6527395259207724,-1.0614810811544757,-1.6430125001498732,-1.4981799922029762,-1.4444695601852742,-0.0022046504795163457,0.0,0.0031377076681642357,-0.002014770790329301,0.0059520719719736714,-0.0037384816578478475,-0.001556446885240259,-0.0027322454977591892
86,0.14641643213743427,0.1464164267667399,3.9622246459483425e-05,2.4453089309515437,2.0101033183947106,1.7776089782606574,2.5176992844312243,-1.0,2.999043013178876,1.6507620521205038,-1.0556624839338773,-1.6466644560264023,-1.499693151962511,-1.4471243419578872,-0.0021567468499372744,0.0,0.003049421649214068,-0.001977473800268692,0.005818597220598409,-0.0036519558765291116,-0.00151315975953481,-0.002654781772613024
87,0.14375857323746186,0.14375856814490065,3.823207047349248e-05,2.44530550157837,2.0074454619533686,1.7776114098763232,2.5155890944470487,-1.0,3.002007734372966,1.6488209451130493,-1.0499728835903386,-1.6502328715118009,-1.5011647512386586,-1.4497048417831828,-0.002110189984175559,0.0,0.0029647211940897478,-0.0019411070074544234,0.005689600343538714,-0.003568415485398546,-0.001471599276147595,-0.0025804998252956235
88,0.14117843825275014,0.14117843341739533,3.69193642853441e-05,2.445302307874088,2.0048653292147756,1.7776137137961614,2.5135241521712226,-1.0,3.004891153024774,1.6469152984572597,-1.0444080004974665,-1.6537205962518085,-1.5025964285910336,-1.4522140723717991,-0.0020649422758260982,0.0,0.0028834186518080784,-0.0019056466557896279,0.005564883092872064,-0.0034877247400075806,-0.0014316773523750381,-0.0025092305886162958
89,0.13867280778503743,0.13867280318795916,3.567837772548885e-05,2.445299330749844,2.002359700803241,1.7776158994447206,2.5115031859622645,-1.0,3.0076964911744524,1.6450442294365433,-1.0389637427112708,-1.6571303516071385,-1.5039897398295015,-1.4546548881922008,-0.002020966208958086,0.0,0.002805338149678427,-0.0018710690207164316,0.0054442577861957275,-0.0034097553553300575,-0.0013933112384678648,-0.002440815820401676
90,0.13623863198619063,0.13623862761022962,3.450383100300832e-05,2.445296552839948,1.9999255268904799,1.7776179753955028,2.509524961419903,-1.0,3.01042680592291,1.6432068789187133,-1.0336361960360667,-1.6604647376471702,-1.50534616298421,-1.4570299954985353,-0.0019782245423614064,0.0,0.0027303147484576407,-0.001837350517829961,0.005327546675204076,-0.003334386040031667,-0.0013564231547085193,-0.0023751073063345007
91,0.13387301995592998,0.1338730157855034,3.3390945469526804e-05,2.4452939583362596,1.9975599165936977,1.7776199494577698,2.5075882809597743,-1.0,3.013084999587074,1.6414024111263465,-1.0284216146826972,-1.663726239709146,-1.5066671029390613,-1.4593419616265422,-0.0019366804601288479,0.0,0.002658193664164088,-0.0018044677923667596,0.005214581353369496,-0.0032615020619757296,-0.0013209399548512746,-0.0023119661280068815
92,0.13157322989003004,0.13157322591095774,3.233534811923843e-05,2.4452915328386977,1.9952601281240956,1.777621828753899,2.505691983266122,-1.0,3.0156738291380565,1.6396300133339414,-1.0233164124821152,-1.6669172345520153,-1.5079538957530907,-1.461593223616971,-0.0018962976936522935,0.0,0.0025888295509823855,-0.0017723977924051226,0.005105202200581971,-0.0031909948428694435,-0.001286792814029436,-0.00225126199042891
93,0.12933665992122753,0.12933665612058406,3.1333056837687104e-05,2.445289263220399,1.9930235596280481,1.7776236197883344,2.503834942646747,-1.0,3.018195914978202,1.637888895505747,-1.0183171546194674,-1.670039996132103,-1.5092078126924262,-1.4637860962207543,-0.0018570406193747502,0.0,0.0025220858401455715,-0.0017411178281945272,0.004999257862647877,-0.0031227615800877295,-0.0012539169393355198,-0.0021928726037832025
94,0.12716083959972968,0.12716083596571048,3.0380416401662405e-05,2.4452871375061616,1.9908477406678364,1.7776253285090653,2.5020160683107595,-1.0,3.0206537491083334,1.6361782898860668,-1.0134205498558773,-1.6730967010259128,-1.510430063993828,-1.4659227793354295,-0.001818874335987708,0.0,0.0024578341301313422,-0.0017106056196800612,0.004896604763590107,-0.003056704893809714,-0.0012222513014017444,-0.0021366831146751863
95,0.12504342196443494,0.12504341848624181,2.9474082499915993e-05,2.4452851447629063,1.9887303242930696,1.7776269603624613,2.5002343035865127,-1.0,3.0230497027322363,1.6344974505520797,-1.0086234432071055,-1.6760894335236507,-1.5116218023792447,-1.4680053649180105,-0.0017817647242468482,0.0,0.00239595362390288,-0.0016808393339871053,0.004797106648771754,-0.0029927324977379044,-0.0011917383854167518,-0.002082585582581009
96,0.12298217615994551,0.12298217282768313,2.8610990063156525e-05,2.4452832750009916,1.9866690796578657,1.7776285203422164,2.4984886250944176,-1.0,3.0253860333415217,1.632845652937696,-1.0039228090501682,-1.6790201904154087,-1.51278412633937,-1.470035843415594,-0.0017456784920950597,0.0,0.0023363306092853975,-0.001651797614383721,0.004700634156937333,-0.002930756891758035,-0.0011623239601252777,-0.002030478497583532
97,0.12097498055803983,0.12097497736262453,2.7788328483756914e-05,2.4452815190853143,1.9846618851424715,1.777630013033052,2.4967780418870142,-1.0,3.0276648913204336,1.6312221933356872,-0.9993157446308082,-1.6818908854904329,-1.5139180832028236,-1.4720161097514366,-0.00171058320740336,0.0,0.002278857978911919,-0.0016234596020088254,0.004607064419359985,-0.0028706950750241322,-0.0011339568634536334,-0.0019802663358425843
98,0.11901981634559265,0.11901981327867439,2.7003502616282845e-05,2.4452798686552333,1.9827067219413146,1.7776314426497752,2.495101594566718,-1.0,3.0298883261069216,1.6296263883842033,-0.99479946394644,-1.6847033537684724,-1.5150246720063365,-1.4739479689010173,-0.0016764473202961483,0.0,0.00222343478648801,-0.0015958049514839256,0.004516280684368157,-0.0028124682780394927,-0.0011065888035128868,-0.001931859149580717
99,0.11711476154401153,0.11711475859790109,2.6254137663082204e-05,2.445278316052428,1.9808016680825458,1.777632813072212,2.4934583543899747,-1.0,3.032058291943303,1.6280575745428523,-0.9903712919808221,-1.6874593554808843,-1.5161048461801485,-1.4758331410896615,-0.0016432401767434435,0.0,0.0021699658363814045,-0.0015688138413509911,0.004428171965617955,-0.0027560017124119707,-0.0010801741738120096,-0.0018851721886441464
100,0.11525798542801216,0.11525798259561872,2.5538034183900832e-05,2.44527685425589,1.9789448928469142,1.7776341278764711,2.4918474223651117,-1.0,3.0341766532471324,1.6265151075626942,-0.9860286592682492,-1.6901605798179293,-1.5171595160617593,-1.4776732666406422,-0.0016109320248629544,0.0,0.0021183613038293636,-0.0015424669801580304,0.004342632712572847,-0.002701224337045005,-0.001054669881610737,-0.0018401255509807868
101,0.11344774331416403,0.11344774058893918,2.4853171413293865e-05,2.4452754768233302,1.9771346515563963,1.7776353903629611,2.490267928349962,-1.0,3.036245189630404,1.6249983619538062,-0.9817690967665117,-1.692808648457544,-1.5181895512501766,-1.4794699105002493,-0.001579494015149674,0.0,0.0020685363832715353,-0.0015167456088880371,0.004259562501737535,-0.0026480686396146424,-0.0010300351884173775,-0.0017966438596070944
102,0.11168237169198277,0.1116823690678696,2.4197650591438818e-05,2.445274177838356,1.9753692807053602,1.777636603581507,2.488719030154277,-1.0,3.0382656005929394,1.6235067304534778,-0.9775902310192277,-1.695405118889815,-1.519195782811889,-1.481224566464106,-0.0015488981956850445,0.0,0.0020204109625354683,-0.001491631500328383,0.0041788657472839885,-0.0025964704322709586,-0.0010062315617123119,-0.0017546559638565995
103,0.10996028367249537,0.10996028114388494,2.3569774824254766e-05,2.445272951862814,1.9736471934091968,1.777637770353903,2.487199912651055,-1.0,3.0402395099137376,1.6220396234975765,-0.9734897795894368,-1.6979514875503752,-1.5201790053489428,-1.4829386611270108,-0.0015191175032218673,0.0,0.0019739093207982172,-0.0014671069559013539,0.0041004514297908745,-0.0025463686605602387,-0.0009832225370538517,-0.0017140946629048415
104,0.10827996473120607,0.10827996229289573,2.296792499984059e-05,2.4452717938937902,1.9719668751473387,1.7776388932941753,2.4857097869001525,-1.0,3.0421684697621627,1.6205964686971908,-0.9694655467475367,-1.7004491927750316,-1.5211399789387257,-1.4846135575767478,-0.0014901257509025712,0.0,0.0019289598484251158,-0.0014431548003857042,0.004024232841900122,-0.0024977052246564213,-0.0009609735897828653,-0.0016748964497370622
105,0.10663996872419772,0.10663996637135728,2.239060004463544e-05,2.445270699324784,1.970326879779414,1.7776399748268095,2.484247889286893,-1.0,3.044053964549112,1.6191767103222752,-0.9655154193977676,-1.702899617587072,-1.522079430954333,-1.486250558850642,-0.001461897613259655,0.0,0.0018854947869493266,-0.0014197583749155918,0.0039501273497690725,-0.002450424812040497,-0.0009394520156074115,-0.001637001273894212
106,0.10503891415777697,0.10503891188591488,2.1836430268365884e-05,2.445269663910631,1.9687258258149307,1.7776410172031645,2.482813480677839,-1.0,3.0458974145367117,1.6177798087937032,-0.9616373632284939,-1.705304092327907,-1.5229980577737334,-1.4878509111721154,-0.001434408609053861,0.0,0.0018434499875996657,-0.00139690152857197,0.0038780561692737248,-0.0024044747408349387,-0.0009186268194003588,-0.001600352321473375
107,0.1034754806935942,0.10347547849852871,2.130413757727094e-05,2.4452686837357933,1.9671623929184359,1.7776420225162715,2.481405845595423,-1.0,3.0477001792236353,1.6164052401848552,-0.9578294190725087,-1.7076638971409643,-1.5238965263853352,-1.489415806983115,-0.0014076350824159256,0.0,0.0018027646869236413,-0.0013745686088479925,0.0038079441559851768,-0.002359804813057309,-0.0008984686116018104,-0.0015648958109995004
108,0.10194840587257753,0.10194840375041145,2.079251883275302e-05,2.445267755185686,1.9656353186334834,1.777642992714191,2.480024291412735,-1.0,3.049463560521808,1.6150524957336347,-0.954089699464501,-1.7099802643180724,-1.5247754758969934,-1.490946387787012,-0.0013815541826880384,0.0,0.0017633812981725505,-0.0013527444512204667,0.0037397196080077855,-0.0023163671771080363,-0.0008789495116581225,-0.0015305808038970081
109,0.10045648204230805,0.10045647998940482,2.0300446433930045e-05,2.4452668749207094,1.9641433953100371,1.7776439296120798,2.4786681475694268,-1.0,3.051188805739038,1.6137210813656058,-0.9504163853836718,-1.7122543805169321,-1.5256355189549708,-1.492443746815421,-0.0013561438433082884,0.0,0.0017252452172300536,-0.0013314143680289714,0.0036733140808291598,-0.0022741161988597547,-0.0008600430579774887,-0.0014973590284090843
110,0.0989985534736456,0.0989985514866073,1.982692311968081e-05,2.4452660398527426,1.9626854672211218,1.7776448349031113,2.4773367648094133,-1.0,3.052877110381001,1.6124105172287702,-0.9468077231702813,-1.7144873888576897,-1.5264772430788969,-1.4939089315313234,-0.0013313827600134331,0.0,0.001688304641962901,-0.0013105641368356125,0.003608662213390512,-0.0022330083407575696,-0.0008417241239260242,-0.0014651847159024012
111,0.09757351365348299,0.09757351172913212,1.937093642224205e-05,2.4452652471238303,1.9612604278556018,1.7776457101683614,2.4760295144408078,-1.0,3.0545296207849697,1.6111203372403622,-0.9432620216056443,-1.7166803909060788,-1.5273012119183142,-1.4953429459799192,-0.0013072503686055725,0.0,0.0016525104039688543,-0.001290179988407969,0.0035457015646369605,-0.0021930020483891255,-0.0008239688394173772,-0.0014340144485958106
112,0.09618030274153418,0.09618030087689607,1.893161888542779e-05,2.445264494086849,1.9598672173749883,1.7776465568857758,2.474745787618324,-1.0,3.056147436596752,1.60985008864591,-0.9397776491457807,-1.7188344485500906,-1.528107966436003,-1.4967467529977432,-0.0012837268224838994,0.0,0.0016178158117821084,-0.001270248594452239,0.0034843724598636605,-0.0021540576440117754,-0.0008067545176888569,-0.0014038070178239437
113,0.094817905179947,0.09481790337223338,1.850810601829543e-05,2.4452637782879614,1.9585048202230686,1.7776473764383096,2.4734849946482216,-1.0,3.0577316131014247,1.6085993315907139,-0.9363530312995674,-1.7209505857766645,-1.5288980260228953,-1.4981212762897689,-0.0012607929701022869,0.0,0.0015841765046729073,-0.0012507570551960612,0.003424617846213285,-0.0021161372265738887,-0.0007900595868921556,-0.0013745232920256978
114,0.09348534744537931,0.09348534569197456,1.809960575071008e-05,2.445263097450673,1.9571722628780002,1.777648170121327,2.472246564315723,-1.0,3.0592831634176707,1.6073676387037992,-0.9329866481428362,-1.723029790354453,-1.5296718895490395,-1.4994674023834895,-0.0012384303324983748,0.0,0.0015515503162459865,-0.0012316928869147148,0.003366383156731212,-0.0020792045777884294,-0.0007738635261442806,-0.0013461260937206454
115,0.09218169593397085,0.09218169423241802,1.770540146321791e-05,2.4452624494613433,1.9558686117372943,1.7776489391493289,2.471029943234712,-1.0,3.0608030605647816,1.606154594694332,-0.929677031960415,-1.7250730154283127,-1.5304300363547658,-1.5007859824682734,-0.001216621081011393,0.0,0.0015198971471108713,-0.0012130440094670902,0.0033096161824212045,-0.002043225073859789,-0.0007581468057262786,-0.0013185800847839158
116,0.09090605497030928,0.09090605331829978,1.7324790060076015e-05,2.445261832355994,1.9545929711267973,1.7776496846620897,2.469834595219439,-1.0,3.0622922394107386,1.6049597959604203,-0.9264227650086287,-1.7270811810307956,-1.5311729271858934,-1.5020778341276788,-0.001195348015272657,0.0,0.0014891788459570066,-0.0011947987339118171,0.003254266951786211,-0.0020081656024828476,-0.0007428908311275517,-0.0012918516594053742
117,0.08965756493220164,0.08965756332756247,1.6957076231304954e-05,2.4452612443083064,1.9533444814254695,1.7776504077302475,2.4686600006778807,-1.0,3.06375159850915,1.603782850210176,-0.9232224773912592,-1.7290551755155665,-1.5319010050765598,-1.5033437429718313,-0.001174594541558438,0.0,0.00145935909841155,-0.001176945750244185,0.0032002876173695682,-0.00197399448477098,-0.0007280778906664231,-0.0012659088441524524
118,0.08843540048360556,0.08843539892429138,1.6601712642749065e-05,2.44526068361868,1.95212231729833,1.7776511093604124,2.4675056560263244,-1.0,3.06518200183227,1.6026233760948696,-0.9200748450424088,-1.7309958569173494,-1.532614696182995,-1.5045844641764454,-0.0011543446515562827,0.0,0.0014304033231198332,-0.0011594741153064803,0.0031476323488504043,-0.0019406814017828289,-0.0007136911064351548,-0.0012407212046141591
119,0.08723876890866845,0.08723876739275002,1.625808876904842e-05,2.44526014870425,1.9509256860305006,1.7776517904998321,2.4663710731247237,-1.0,3.0665842804067918,1.6014810028539737,-0.9169785878101342,-1.7329040542427043,-1.5333144105713281,-1.5058007239345894,-0.0011345829016007336,0.0,0.001402278574521798,-0.0011423732408959442,0.0030962572322745796,-0.0019081973253549656,-0.0006997143883331614,-0.0012162597581439893
120,0.08606690854031916,0.08606690706597775,1.5925653932510556e-05,2.445259638089784,1.9497538259558105,1.777652452040667,2.465255778732313,-1.0,3.0679592338586414,1.6003553699718673,-0.9139324676351028,-1.7347805686956563,-1.5340005429623063,-1.5069932208268422,-0.0011152943924108705,0.0,0.0013749534518496809,-0.00112563288210632,0.003046120175031364,-0.001876514452952005,-0.0006861323909781447,-0.001192496892252759
121,0.0849190872773268,0.08491908584284442,1.5603942179317488e-05,2.445259150399359,1.9486060049738567,1.7776530948239009,2.4641593139829494,-1.0,3.0693076318725363,1.5992461268459484,-0.9109352868188904,-1.7366261748419372,-1.534673473435596,-1.5081626271150896,-0.0010964647493634239,0.0,0.0013483980138948581,-0.0011092431259189794,0.0029971808162124747,-0.0018456061462808204,-0.0006729304732897567,-0.0011694062882474654
122,0.08379460118417621,0.08379459978792979,1.529242512128211e-05,2.445258684348759,1.94748151914989,1.7776537196429298,2.463081233879635,-1.0,3.070630215571682,1.5981529324658856,-0.9079858863768734,-1.7384416217153629,-1.535333568096165,-1.509309589964825,-0.0010780801033143383,0.0,0.0013225836991455076,-0.001093194380062723,0.0029494004420169695,-0.001815446873425719,-0.0006600946605690439,-0.0011469628497353668
123,0.08269277316850801,0.08269277180896296,1.499065703461247e-05,2.4452582387385147,1.9463796913922589,1.7776543272468595,2.4620211068076405,-1.0,3.0719276988225936,1.5970754551037292,-0.9050831444709883,-1.740227633869638,-1.5359811797050618,-1.5104347326004752,-0.0010601270719945433,0.0,0.001297483250911835,-0.0010774773621564648,0.002902741905885131,-0.0017860121542752072,-0.0006476116088967032,-0.0011251426356502225
124,0.08161295173125059,0.08161295040695388,1.4698256442684229e-05,2.445257812447533,1.945299870202546,1.7776549183435304,2.4609785140656677,-1.0,3.073200769469687,1.5960133720145888,-0.9022259749179198,-1.7419849123786775,-1.5366166482767578,-1.5115386553979528,-0.0010425927419728254,0.0,0.0012730706470933661,-0.0010620830891403532,0.0028571695530684726,-0.001757278509039395,-0.0006354685716960518,-0.001103922797477619
125,0.08055450978489007,0.08055450849446617,1.4414761340013699e-05,2.4452574044272612,1.9442414284938447,1.777655493602307,2.459953049414464,-1.0,3.074450090503953,1.5949663691475828,-0.8994133257685595,-1.7437141357883315,-1.537240301645072,-1.512621936918339,-0.001025464651203567,0.0,0.0012493210342658934,-0.001047002867005986,0.0028126491493603023,-0.0017292234096539794,-0.0006236533683141587,-0.001083281520386059
126,0.07951684353567336,0.07951684227781737,1.413984368820134e-05,2.4452570136963296,1.943203762472964,1.7776560536566404,2.4589443186423137,-1.0,3.075676301169745,1.593934140866758,-0.8966441779548262,-1.7454159610222306,-1.5378524559995568,-1.513685134886332,-0.001008730772150468,0.0,0.0012262106657923155,-0.0010322282808248318,0.002769147813733275,-0.001701825233899168,-0.0006121543544848063,-0.0010631979679931458
127,0.07849937142578574,0.07849937019926156,1.3873117118037879e-05,2.4452566393356423,1.9421862905826128,1.7776565991064346,2.4579519391468296,-1.0,3.0768800180134286,1.5929163896816774,-0.8939175440001838,-1.7470910242442859,-1.538453416394105,-1.5147287871168444,-0.0009923794954840304,0.0,0.0012037168436833667,-0.0010177511850806287,0.0027266339546424545,-0.0016750632220552397,-0.0006009603945482667,-0.001043652230512393
128,0.07750153313186547,0.07750153193549847,1.3614231269959174e-05,2.445256280483866,1.9411884524999141,1.77765713052023,2.45697553953248,-1.0,3.0780618358773815,1.5919128259873752,-0.89123246679041,-1.748739941680229,-1.5390434772294177,-1.5157534123928955,-0.0009763996143496989,0.0,0.0011818178639528831,-0.001003563694302212,0.002685077209773734,-0.001648917435943087,-0.0005900608353126557,-0.0010246252760510721
129,0.07652278861642034,0.07652278744909469,1.3362860877720686e-05,2.4452559363332744,1.9402097081878273,1.777657648437217,2.4560147592232844,-1.0,3.0792223288426106,1.5909231678133795,-0.8885880184013824,-1.7503633104004315,-1.5396229227108644,-1.516759511297739,-0.0009607803091955525,0.0,0.0011604929652291318,-0.0009896581739956556,0.002644448389027665,-0.0016233687202025227,-0.0005794454814467276,-0.0010060989048434887
130,0.07556261722896851,0.07556261608962461,1.3118710151189487e-05,2.4452556061259445,1.9392495369962925,1.7776581533691016,2.455069248090139,-1.0,3.080362051123028,1.5899471405815049,-0.8859832989808372,-1.751961709066102,-1.5401920272831713,-1.5177475670039617,-0.0009455111331453381,0.0,0.0011397222804174767,-0.000976027231874621,0.0026047194205451873,-0.001598398665670464,-0.0005691045723068555,-0.0009880557062227346
131,0.07462051685393745,0.07462051574156717,1.288153458493088e-05,2.445255289150236,1.9383074368101292,1.7776586458018306,2.4541386660922235,-1.0,3.081481537914221,1.5889844768721224,-0.883417435681244,-1.753535698640831,-1.5407510560432727,-1.5187180460221048,-0.0009305819979155139,0.0,0.0011194867911927808,-0.0009626637093824719,0.002565863299593185,-0.0015739895747290955,-0.0005590287601013877,-0.0009704790181430667
132,0.07369600310254158,0.07369600201618508,1.2650971768873648e-05,2.4452549847375638,1.9373829232409174,1.7776591261971848,2.453222682931971,-1.0,3.0825813061993754,1.5880349161986227,-0.8808895816411031,-1.7550858230693414,-1.5413002651325824,-1.519671398911194,-0.0009159831602523205,0.0,0.0010997682851545676,-0.0009495606734997164,0.0025278540401408867,-0.0015501244285103244,-0.0005492090893097767,-0.0009533528890892651
133,0.07278860854605147,0.072788607484795,1.2426817994901536e-05,2.4452546922594087,1.9364755288602702,1.7776595949942646,2.452320977723089,-1.0,3.0836618555148303,1.5870982047897852,-0.8783989150121355,-1.7566126099251815,-1.5418399021098572,-1.5206080609534032,-0.0009017052088822197,0.0,0.0010805493154548707,-0.0009367114088374429,0.002490666628967575,-0.0015267868558401787,-0.0005396369772747711,-0.0009366620422091021
134,0.07189788198803328,0.07189788095100626,1.2208807909634183e-05,2.445254411124574,1.9355848024720734,1.7776600526108612,2.4514332386711324,-1.0,3.084723668677582,1.5861740953797823,-0.8759446380299821,-1.7581165710290032,-1.542370206305748,-1.5215284527949304,-0.0008877390519566042,0.0,0.001061813162751779,-0.0009241094100029823,0.0024542769821533916,-0.0015039611038216716,-0.0005303041958908405,-0.0009203918415272572
135,0.07102338777330319,0.07102338675967532,1.1996721189906603e-05,2.4452541407766413,1.9347103084214423,1.7776604994447338,2.4505591627661474,-1.0,3.085767212476911,1.5852623470055474,-0.8735259761261678,-1.7595982030389619,-1.5428914091600712,-1.522432981055032,-0.0008740759049850055,0.0,0.0010435437993288055,-0.0009117483742349108,0.0024186619038143453,-0.0014816320099586555,-0.0005212028543231106,-0.000904528260101678
136,0.07016470513147537,0.07016470414045493,1.1790331339421548e-05,2.4452538806916264,1.9338516259382716,1.7776609358747941,2.4496984554869226,-1.0,3.0867929383321555,1.5843627248112462,-0.8711421770792154,-1.7610579880146915,-1.5434037345427607,-1.5233220389050328,-0.000860707279224826,0.0,0.0010257258552446302,-0.0008996221943011751,0.002383799046952406,-0.0014597849757296277,-0.0005123253826895269,-0.0008890578500007074
137,0.0693214275531268,0.06932142658395744,1.158936794018661e-05,2.4452536303758103,1.9330083485134004,1.777661362262212,2.448850830516389,-1.0,3.087801282918544,1.583474999859595,-0.8687925102029186,-1.7624963939562188,-1.543907399059409,-1.5241960066190134,-0.0008476249705333672,0.0,0.0010083445863884322,-0.0008877249516512364,0.0023496668762967854,-0.001438405941527332,-0.0005036645166482945,-0.0008739677139806279
138,0.0684931621967281,0.06849316124868816,1.1393728362708775e-05,2.445253389363734,1.9321800833055465,1.7776617789514395,2.4480160094677395,-1.0,3.0887926687628564,1.58259894894978,-0.866476265569894,-1.763913875319103,-1.5444026123422394,-1.5250552520977692,-0.0008348210486497365,0.0,0.0009913858443124646,-0.0008760509098149072,0.0023162446330246,-0.0014174813628842209,-0.0004952132828304201,-0.0008592454787557102
139,0.06767952932460491,0.06767952839700404,1.1203156382697989e-05,2.445253157216339,1.931366450577266,1.777662186271169,2.447193721620839,-1.0,3.0897675048105966,1.5817343544417388,-0.864192753268641,-1.7653108735070109,-1.5448895773273104,-1.5259001313675318,-0.0008222878469004158,0.0,0.0009748360477401796,-0.0008645945080412165,0.00228351230125301,-0.0013969981879078386,-0.0004869649850709479,-0.0008448792697626217
140,0.06688016176630543,0.06688016085848364,1.1017451429308641e-05,2.445252933519254,1.930567083158325,1.7776625845352263,2.4463837036685265,-1.0,3.0907261869662315,1.5808810040865666,-0.8619413026924382,-1.7666878173428722,-1.545368490518696,-1.5267309890548537,-0.0008100179523125028,0.0,0.0009586821556348823,-0.0008533503551721999,0.002251450576202796,-0.0013769438358612884,-0.0004789131913855993,-0.0008308576873219398
141,0.06609470440784804,0.06609470351917536,1.0836494893801293e-05,2.4452527178811887,1.9297816259349476,1.7776629740434022,2.4455856994724106,-1.0,3.0916690986079733,1.58003869086283,-0.8597212618584991,-1.7680451235196901,-1.5458395422403441,-1.5275481588389657,-0.0007980041961159756,0.0,0.0009429116417418726,-0.0008423132237365127,0.0022200408339391187,-0.0013573061768179517,-0.00047105172164818576,-0.0008171697841119485
142,0.06532281370542771,0.06532281283529952,1.0660070343632303e-05,2.4452525099324673,1.9290097353635196,1.7776633550822296,2.444799459827786,-1.0,3.0925966110784833,1.5792072128185648,-0.8575319967558964,-1.7693831970320233,-1.5463029168762739,-1.528351963882837,-0.0007862396446247644,0.0,0.000927512470509928,-0.0008314780442653102,0.0021892651026026444,-0.001338073512333171,-0.0004633746359297142,-0.0008038050438712308
143,0.06456415722222653,0.06456415637006462,1.0488046573315234e-05,2.4452523093236507,1.9282510790074052,1.7776637279257095,2.4440247422373043,-1.0,3.0935090841527892,1.578386372918749,-0.8553728907208497,-1.770702431589098,-1.546758793099728,-1.5291427172440952,-0.0007747175904815329,0.0,0.000912473074305975,-0.0008208398998157396,0.002159106035046765,-0.0013192345570747221,-0.0004558762234541103,-0.000790753361258334
144,0.06381841318709408,0.06381841235234434,1.0320256370658882e-05,2.4452521157242604,1.9275053350956248,1.7776640928359932,2.443261310693056,-1.0,3.0944068664846363,1.5775759788980508,-0.8532433438380457,-1.7720032100104555,-1.5472073440918674,-1.5299207222668876,-0.0007634315442484052,0.0,0.000897782331847008,-0.0008103940206982685,0.0021295468828039787,-0.0013007784213574514,-0.0004485509921394737,-0.0007780050227923496
145,0.06308527007388642,0.06308526925601782,1.0156559762051243e-05,2.445251928821598,1.9267721921021959,1.7776644500640144,2.4425089354667175,-1.0,3.095290296032416,1.5767758431186525,-0.8511427723667363,-1.7732859046049896,-1.5476487377505523,-1.5306862729557014,-0.0007523752263383088,0.0,0.0008834295477795351,-0.0008001357793983033,0.002100571471309376,-0.0012826945945341173,-0.00044139365868489655,-0.0007655506888137875
146,0.062364426200384945,0.06236442539888794,9.99682467175757e-06,2.445251748319641,1.9260513483450517,1.777664799850089,2.4417673929074555,-1.0,3.0961597004657437,1.5759857824329628,-0.849070608190425,-1.774550877534181,-1.5480831368897279,-1.5314396543321036,-0.000741542559262065,0.0,0.0008694044333279471,-0.000790060685689653,0.0020721641763112864,-0.0012649729291913658,-0.0004343991391755342,-0.0007533813764022401
147,0.06165558934572441,0.061655588560110816,9.840905556461987e-06,2.445251573938021,1.9253425116034715,1.7776651424244676,2.4410364652472643,-1.0,3.097015397553705,1.575205618051038,-0.8470262982890192,-1.7757984811602916,-1.5485106994298996,-1.5321811427752958,-0.0007309276601912273,0.0,0.0008556970879611825,-0.0007801643819247417,0.0020443099014058053,-0.0012476036261106493,-0.0004275625401717331,-0.0007414884431922175
148,0.060958476385374986,0.06095847561517593,9.688688714187325e-06,2.445251405411068,1.9246453987530612,1.777665478007865,2.440315940413451,-1.0,3.097857695535713,1.5744351754125314,-0.8450093042323846,-1.7770290583802422,-1.5489315785801565,-1.5329110063473337,-0.0007205248338131298,0.0,0.0008422979820079668,-0.0007704426385066743,0.00201699405663458,-0.0012305772199505682,-0.00042087915025690315,-0.0007298635720378588
149,0.06027281294273328,0.060272812187498394,9.540002236234649e-06,2.4452512424869224,1.9239597354173459,1.7776658068119455,2.439605611847975,-1.0,3.0986868934758807,1.5736742840630076,-0.843019101694296,-1.7782429429458524,-1.5493459230121713,-1.533629505103805,-0.0007103285654759262,0.0,0.0008291979401677807,-0.0007608913495238401,0.001990202538088681,-0.0012138845656102237,-0.00041434443201482374,-0.0007184987564712308
150,0.05959833305647358,0.0595983323157704,9.394824663523484e-06,2.445251084926707,1.9232852556351219,1.7776661290397884,2.4389052783333733,-1.0,3.0995032816017507,1.5729227775344552,-0.8410551799858307,-1.7794404597710907,-1.5497538770265873,-1.5343368913907172,-0.0007003335146018586,0.0,0.0008163881258700378,-0.0007515065285523814,0.001963921708465266,-0.0011975168252382762,-0.0004079540144159566,-0.0007073862869122483
151,0.05893477886282633,0.058934778136239215,9.252937206423922e-06,2.4452509325037592,1.922621701542735,1.7776664448863186,2.438214743825006,-1.0,3.1003071416281758,1.5721804932298453,-0.8391170416073042,-1.7806219252269455,-1.5501555807121723,-1.535033410128301,-0.0006905345083674241,0.0,0.0008038600264250739,-0.0007422843046098748,0.0019381383785265216,-0.0011814654558548465,-0.0004017036855850087,-0.0006965187375838067
152,0.05828190029203065,0.05828189957915959,9.114298624507981e-06,2.445250785002902,1.9219688230705332,1.7776667545387155,2.437533817289371,-1.0,3.1010987470671014,1.5714472723115804,-0.8372042018178899,-1.7817876474244958,-1.5505511700981025,-1.5357192990823938,-0.0006809265356348959,0.0,0.0007916054389256466,-0.0007332209182648874,0.0019128397894142557,-0.0011657221975502896,-0.0003955893859302062,-0.0006858889540928281
153,0.0576394547782185,0.05763945407867958,8.978812113988258e-06,2.4452506422197806,1.9213263776527532,1.7776670581767944,2.436862312548251,-1.0,3.1018783635239617,1.570722959593694,-0.8353161882221158,-1.7829379264867273,-1.5509407772997177,-1.5363947891240308,-0.0006715047411200992,0.0,0.0007796164568603103,-0.0007243127178864217,0.001888013595774063,-0.0011502790622315295,-0.00038960720161518303,-0.000675490041637028
154,0.057007206982065385,0.05700720629548845,8.84632130098655e-06,2.445250503960229,1.920694129950168,1.777667355973369,2.4362000481284505,-1.0,3.102646248981348,1.570007403437658,-0.8334525403724676,-1.7840730548096158,-1.5513245306580683,-1.5370601044778365,-0.0006622644198004402,0.0,0.0007678854573862637,-0.0007155561560359125,0.001863647849648209,-0.0011351283228884235,-0.00038375335835061364,-0.0006653153538056511
155,0.05638492852554779,0.05638492785157661,8.716809945582565e-06,2.4452503700396826,1.920071851584848,1.77766764809459,2.4355468471169144,-1.0,3.1034026540705866,1.5693004556516665,-0.8316128093873699,-1.7851933173129675,-1.5517025548735617,-1.5377154629597714,-0.0006532010115360976,0.0,0.0007564050892385765,-0.0007069477859915629,0.0018397309850977095,-0.0011202625033517322,-0.0003780242154933777,-0.0006553584819348757
156,0.05577239773820888,0.05577239707650122,8.590102625064507e-06,2.445250240282633,1.919459320886426,1.7776679347002657,2.4349025370210056,-1.0,3.104147822331818,1.568601971393265,-0.8297965575838551,-1.786298991681485,-1.5520749711339914,-1.5383610762047635,-0.0006443100959088177,0.0,0.0007451682612313881,-0.0006984842584014661,0.0018162518035148567,-0.0011056743685176063,-0.00037241626042971987,-0.000645613244992127
157,0.05516939941436041,0.055169398764585695,8.466194101214434e-06,2.4452501145221106,1.918856322649297,1.777668215944163,2.434266949633743,-1.0,3.104881990463138,1.5679118090752031,-0.8280033581242624,-1.7873903485964993,-1.5524418972372247,-1.5389971498847201,-0.0006355873872627704,0.0,0.0007341681313199899,-0.0006901623180619598,0.0017931994595926648,-0.0010913569150141633,-0.00036692610323330044,-0.0006360736799566613
158,0.05457572458066839,0.05457572394250848,8.344942964826201e-06,2.445249992599207,1.918262647900208,1.7776684919742933,2.4336399209038007,-1.0,3.105605388559334,1.5672298302743914,-0.8262327946763451,-1.7884676519587872,-1.5528034477088017,-1.5396238839173892,-0.0006270287299421362,0.0,0.0007233980961962594,-0.0006819788008116667,0.0017705634479172616,-0.0010773033622879513,-0.00036155047157704345,-0.0006267340326691073
159,0.05399117027362701,0.05399116964677467,8.226277777036447e-06,2.4452498743626254,1.9176780936757294,1.7776687629331802,2.433021290810087,-1.0,3.1063182403407157,1.5665558996438473,-0.8244844610861941,-1.7895311591028755,-1.553159733914692,-1.5402414726665146,-0.0006186300937138789,0.0,0.0007128517813814739,-0.0006739306305441062,0.00174833359015103,-0.001063507144088316,-0.00035628620589034377,-0.0006175887491253196
160,0.05341553932642654,0.053415538710586484,8.110147776733982e-06,2.445249759668253,1.917102462809125,1.7776690289581139,2.432410903240716,-1.0,3.1070207633725135,1.5658898848275218,-0.8227579610634154,-1.7905811210032068,-1.5535108641694377,-1.5408501051337031,-0.0006103875693708183,0.0,0.0007025230317978526,-0.0006660148163255553,0.001726500022778743,-0.0010499619003312421,-0.0003511302547456463,-0.0006086324671885635
161,0.05284864016476248,0.05284863955964887,7.996441274655977e-06,2.4452496483787733,1.9165355637261592,1.7776692901813917,2.4318086058762094,-1.0,3.1077131692752995,1.5652316563778983,-0.8210529078780283,-1.7916177824725257,-1.553856943839899,-1.5414499651424038,-0.0006022973645065655,0.0,0.0006924059027859641,-0.000658228449623488,0.001705053185387051,-0.0010366614693189113,-0.00034607967046129673,-0.0005998600087007144
162,0.05229028661115626,0.052290286016493895,7.885122314497728e-06,2.4452495403632883,1.91597721024942,1.777669546730544,2.4312142500767533,-1.0,3.1083956639268475,1.5645810876762678,-0.8193689240685764,-1.7926413823528313,-1.5541980754448108,-1.5420412315143674,-0.0005943557994561033,0.0,0.0006824946515480157,-0.000650568701630494,0.0016839838094518944,-0.0010235998803056479,-0.00034113160491178185,-0.0005912663719636058
163,0.05174029769737705,0.0517402971128999,7.776093550279541e-06,2.4452494354969767,1.9154272214107393,1.7776697987285481,2.4306276907733633,-1.0,3.1090684476558383,1.5639380548555764,-0.8177056411609682,-1.7936521536992136,-1.5545343587503446,-1.5426240782389482,-0.0005865593033900218,0.0,0.0006727837289908223,-0.0006430328206914471,0.001663282907608199,-0.0010107713463822776,-0.00033628330553381325,-0.0005828467245807545
164,0.05119849748458298,0.0511984969100344,7.669336846593022e-06,2.445249333660763,1.914885421271336,1.7776700462940331,2.430048786362796,-1.0,3.109731715427791,1.563302436725755,-0.8160626993975891,-1.7946503239568858,-1.5548658908618582,-1.5431986746355792,-0.0005789044105672936,0.0,0.0006632677719524693,-0.0006356181298212693,0.001642941763379091,-0.0009981702576722373,-0.0003315321115135994,-0.0005745963966310441
165,0.050664714890808954,0.050664714325941,7.564684223623102e-06,2.4452492347410133,1.9143516387493025,1.7776702895414713,2.4294773986060707,-1.0,3.1103856570235786,1.5626741147014427,-0.8144397474762475,-1.7956361151317062,-1.5551927663120133,-1.5437651855097416,-0.0005713877567252723,0.0,0.0006539415957877992,-0.0006283220243123999,0.0016229519213416532,-0.0009857911748203385,-0.0003268754501550841,-0.0005665108741623737
166,0.05013878352546572,0.05013878297003883,7.462224206801053e-06,2.445249138629244,1.9138257074541045,1.7776705285813592,2.428913392530457,-1.0,3.111030457210873,1.5620529727320127,-0.812836442298539,-1.796609743954464,-1.5555150771454218,-1.5443237713027267,-0.0005640060756135767,0.0,0.0006448001872945142,-0.0006211419694299725,0.0016033051777084584,-0.000973628822757755,-0.0003223108334085012,-0.0005585857929850668
167,0.049620541530512076,0.049620540984294484,7.361776890936502e-06,2.4452490452218525,1.9133074655277533,1.7776707635203914,2.428356636334798,-1.0,3.111666295908838,1.5614388972338222,-0.8112524487272346,-1.797571422039199,-1.5558329129999824,-1.5448745882354804,-0.0005567561956589806,0.0,0.0006358386979647968,-0.0006140754981904806,0.001583993571304454,-0.0009616780847350181,-0.0003178358545605775,-0.0005508169327537171
168,0.04910983142799918,0.04910983089076663,7.263272925834487e-06,2.445248954419865,1.9127967554923502,1.7776709944616254,2.4278070012980395,-1.0,3.1122933483463817,1.560831777024604,-0.8096874393523134,-1.7985213560358044,-1.5561463611850546,-1.545417788446796,-0.0005496350367586444,0.0,0.0006270524375437958,-0.0006071202092181593,0.0015650093749212113,-0.0009499339966054787,-0.00031344818507217376,-0.0005432002113154866
169,0.04860649997368595,0.04860649944522227,7.166792443085557e-06,2.44524886612869,1.9122934241037028,1.7776712215046333,2.4272643616908454,-1.0,3.112911785214258,1.560231503259924,-0.8081410942652838,-1.7994597477771537,-1.5564555067566133,-1.5459535201261154,-0.0005426396071941397,0.0,0.0006184368678763263,-0.0006002737646799705,0.0015463450870295548,-0.0009383917413492426,-0.00030914557155869993,-0.0005357316793195288
170,0.04811039801645393,0.04811039749654935,7.072135686648122e-06,2.445248780257901,1.9117973222107383,1.7776714447456525,2.426728594690179,-1.0,3.1135217728112945,1.5596379693716298,-0.806613100841449,-1.8003867944209804,-1.5567604325895181,-1.5464819276411812,-0.0005357670006662651,0.0,0.0006099875970364543,-0.0005935338882943064,0.0015279934238348059,-0.0009270466438267011,-0.00030492583290486763,-0.0005284075150657763
171,0.04762138036324995,0.04762137985170154,6.979313229897448e-06,2.4452486967210145,1.9113083046204475,1.7776716642777246,2.426199580296742,-1.0,3.1141234731850056,1.5590510710082204,-0.805103153529792,-1.801302688586729,-1.557061219447025,-1.5470031516607687,-0.0005290143934368885,0.0,0.0006017003737111004,-0.000586898363409416,0.0015099473116569895,-0.0009158941657485542,-0.00030078685750689615,-0.0005212240195875406
172,0.047139305649311854,0.04713930514592359,6.888334756370905e-06,2.4452486154352995,1.9108262299681111,1.7776718801908276,2.4256772012551586,-1.0,3.114717044266846,1.55847070597707,-0.8036109536501687,-1.8022076184875833,-1.557357946047662,-1.5475173292727218,-0.0005223790415835872,0.0,0.0005935710818403273,-0.0005803650311504427,0.001492199879623346,-0.0009049299008543343,-0.000296726600637065,-0.0005141776119530483
173,0.04666403621343486,0.04666403571801673,6.799045683793461e-06,2.4452485363215795,1.9103509605925646,1.7776720925720026,2.4251613429768044,-1.0,3.1153026400023345,1.557896774188437,-0.8021362091975133,-1.8031017680578714,-1.5576506891295854,-1.5480245940974948,-0.0005158582783542087,0.0,0.0005855957354885533,-0.0005739317886328532,0.0014747444526553855,-0.0008941495702881053,-0.0002927430819232857,-0.0005072648247730349
174,0.04619543797806085,0.046195437490428544,6.711480354978396e-06,2.4452484593040613,1.9098823624162884,1.777672301505475,2.4246518934651826,-1.0,3.115880410476277,1.5573291776011993,-0.8006786346527737,-1.8039853170760352,-1.5579395235125237,-1.548525076397404,-0.0005094495116217956,0.0,0.0005777704739426959,-0.0005675965872378175,0.0014575745447396038,-0.0008835490181637873,-0.0002888343829383633,-0.0005004822999092884
175,0.04573338033396167,0.04573337985393672,6.62550603466781e-06,2.445248384310163,1.9094203048300917,1.7776725070727666,2.424148743243748,-1.0,3.1164505020333033,1.5567678201702515,-0.7992379508003054,-1.8048584412833442,-1.5582245221574171,-1.549018903181772,-0.0005031502214345451,0.0,0.0005700915570261422,-0.000561357430947762,0.0014406838524683163,-0.0008731242073090062,-0.0002849986448933972,-0.0004938267843679345
176,0.045277736029331155,0.04527773555674097,6.541185457605249e-06,2.4452483112703574,1.9089646605822046,1.7776727093528066,2.4236517852860913,-1.0,3.1170130573939137,1.5562126077955096,-0.7978138845514688,-1.8057213124985254,-1.5585057562238482,-1.5495061983081468,-0.0004969579576568073,0.0,0.0005625553606103395,-0.0005552123747418758,0.0014240662488365086,-0.000862871215181249,-0.00028123406643110194,-0.0004872951263747982
177,0.04482838106307527,0.044828380597752175,6.458480255736006e-06,2.4452482401180236,1.908515305671567,1.7776729084220324,2.423160914948395,-1.0,3.117568215766239,1.555663448272465,-0.7964061687741831,-1.806574098728474,-1.55878329512536,-1.5499870825797628,-0.0004908703376962364,0.0,0.0005551583723253373,-0.0005491595230446844,0.0014077157772857118,-0.0008527862299485545,-0.0002775389015117202,-0.0004808842716159667
178,0.04438519458213083,0.044385194123912404,6.3772095511898355e-06,2.445248170789299,1.9080721192451486,1.777673104354491,2.422676029904077,-1.0,3.118116112953689,1.5551202512442326,-0.7950145421282014,-1.8074169642751974,-1.5590572065827524,-1.550461673839408,-0.0004848850443179842,0.0,0.0005478971874501859,-0.0005431970282323562,0.0013916266459816917,-0.0008428655467234147,-0.0002739114573924173,-0.0004745912596451074
179,0.043948058782626274,0.04394805833135505,6.2974288824052235e-06,2.4452481032229576,1.90763498349911,1.7776732972219325,2.4221970300805435,-1.0,3.1186568814586684,1.5545829281550463,-0.7936387489058846,-1.8082500698391475,-1.5593275566754397,-1.5509300870598475,-0.0004789998235334991,0.0,0.0005407685049791944,-0.0005373230891863034,0.0013757932223168456,-0.0008331055639501095,-0.00027035009268727705,-0.00046841322043955635
180,0.04351685881472804,0.043516858370250926,6.219159889568354e-06,2.4452480373602703,1.9072037835836475,1.777673487093896,2.4217238175979685,-1.0,3.119190650582522,1.5540513922051462,-0.7922785388782585,-1.8090735726190783,-1.559594409890953,-1.551392434430953,-0.0004732124825750361,0.0,0.0005337691238538333,-0.0005315359499000749,0.0013602100276260964,-0.0008235027799308181,-0.00026685321551345176,-0.0004623473711056203
181,0.04309148269100567,0.04309148225317456,6.142243460961217e-06,2.445247973144896,1.9067784075113605,1.777673674037799,2.4212562967100353,-1.0,3.119717546521879,1.5535255583070138,-0.7909336671461505,-1.8098876264085682,-1.5598578291726644,-1.551848825443676,-0.000467520887933226,0.0,0.0005268959393567307,-0.0005258338981324329,0.001344871732107955,-0.0008140537894898436,-0.0002634192817112524,-0.00045639101272287874
182,0.0426718211981731,0.042671820766843914,6.066694441362324e-06,2.445247910522765,1.9063587460689908,1.7776738581190175,2.4207943737465576,-1.0,3.1202376924615294,1.553005343042907,-0.7896038939962096,-1.8106923816893348,-1.560117875965804,-1.552299366970994,-0.00046192296347769,0.0,0.0005201459396504404,-0.000520215264106838,0.0013297731499409826,-0.0008047552807666225,-0.00026004679313973433,-0.00045054152731793806
183,0.04225776781206151,0.04225776738709455,5.992527494823289e-06,2.4452478494419694,1.9059446927323969,1.7776740394009622,2.420337957057921,-1.0,3.120751208663993,1.5524906646236516,-0.7882889847616226,-1.8114879857214683,-1.5603746102618479,-1.5527441633459627,-0.00045641668863671825,0.0,0.0005135162024636486,-0.0005146784192553433,0.0013149092345869917,-0.0007956040321335234,-0.0002567342960437813,-0.0004447963749687478
184,0.0418492186156747,0.04184921819693449,5.919569510744119e-06,2.445247789852667,1.9055361435846088,1.7776742179451552,2.419886956961276,-1.0,3.121258212555909,1.551981442848647,-0.7869887096873489,-1.812274582630701,-1.5606280906413332,-1.5531833164369886,-0.0004510000966448935,0.0,0.0005070038919159359,-0.0005092217750046757,0.0013002750742736602,-0.0007865969092326619,-0.0002534803794853602,-0.00043915309102593447
185,0.041446072220223514,0.04144607180757864,5.8480555862492145e-06,2.445247731706983,1.9051329972368627,1.7776743938112989,2.4194412856884187,-1.0,3.1217588188113776,1.5514775990670426,-0.7857028437997012,-1.8130523134928267,-1.5608783743151748,-1.553616925720438,-0.00044567127285732866,0.0,0.0005006062554686608,-0.0005038437816042851,0.0012858658876476747,-0.0007777308621257362,-0.00025028367384161143,-0.00043360928344937655
186,0.041048229688989066,0.041048229282310576,5.7776550369594034e-06,2.445247674958918,1.9047351547524627,1.777674567057343,2.4190008573353,-1.0,3.12225313943238,1.5509790561400505,-0.7844311667801095,-1.813821316415379,-1.561125517164537,-1.5540450883506933,-0.00044042835311852713,0.0,0.0004943206210024087,-0.0004985429269921404,0.0012716770195917437,-0.0007690029225522199,-0.0002471428493622252,-0.0004281626302553576
187,0.04065559446390749,0.04065559406307168,5.708486851143325e-06,2.4452476195642636,1.9043425195733699,1.7776747377395514,2.418565587813106,-1.0,3.1227412838263957,1.5504857384043491,-0.7831734628429106,-1.8145817266166704,-1.5613695737793232,-1.5544678992277587,-0.0004352695221943037,0.0,0.0004881443940156771,-0.0004933177357013818,0.0012577039371989285,-0.0007604102012914726,-0.0002440566147861034,-0.000422810877065416
188,0.040268072294773395,0.040268071899659266,5.640517633352682e-06,2.4452475654805235,1.9039549974494006,1.777674905912562,2.4181353948008506,-1.0,3.1232233588813263,1.5499975716365495,-0.7819295206170148,-1.815333676502296,-1.561610597495336,-1.5548854510625152,-0.00043019301225522,0.0,0.00048207505493058633,-0.00048816676779961377,0.0012439422258957444,-0.0007519498856256579,-0.00024102371601286698,-0.00041755183475644664
189,0.03988557117093842,0.03988557078142831,5.573751408553436e-06,2.44524751266683,1.903572496369928,1.777675071629446,2.417710197699434,-1.0,3.1236994690378412,1.549514483018682,-0.7806991330313049,-1.816077295739191,-1.561848640430164,-1.5552978344397208,-0.0004251971014164191,0.0,0.0004761101565149417,-0.0004830886178674998,0.0012303875857099245,-0.0007436192368950323,-0.00023804293482787564,-0.00041238337720561624
190,0.039508001255409236,0.03950800087138927,5.508070673965925e-06,2.445247461083876,1.9031949264979806,1.7776752349417655,2.417289917587107,-1.0,3.1241697163592392,1.5490364011046733,-0.7794820972036299,-1.816812711327338,-1.5620837535178413,-1.555705137878844,-0.0004202801123271982,0.0,0.0004702473213979985,-0.0004780819140086656,0.0012170358276749615,-0.0007354155881469371,-0.0002351130876774299,-0.00040730343912320777
191,0.03913527482125859,0.03913527444261732,5.443514721879477e-06,2.4452474106938453,1.9028222001066504,1.777675395899625,2.416874477176295,-1.0,3.1246342005989334,1.548563255787781,-0.7782782143332625,-1.8175400476692085,-1.5623159865423346,-1.556107447892819,-0.0004154404108120957,0.0,0.00046448423969414065,-0.0004731453168922428,0.0012038828703674342,-0.0007273363418704992,-0.00023223302449326688,-0.00040231001397494914
192,0.03876730619023148,0.03876730581686103,5.380041497951219e-06,2.4452473614603414,1.9024542315177024,1.7776755545517269,2.4164638007717385,-1.0,3.125093019265645,1.5480949782689517,-0.777087289596693,-1.8182594266370233,-1.562545388169896,-1.556504849044804,-0.0004106764045563871,0.0,0.00045881866671182436,-0.0004682775188293853,0.0011909247365694542,-0.000719378967814821,-0.0002294016275614652,-0.0003974011519849441
193,0.03840401167348952,0.038404011305284605,5.317564504437127e-06,2.4452473133483297,1.902090937042317,1.7776757109454175,2.416057814229899,-1.0,3.1255462676864045,1.5476315010260755,-0.7759091320466404,-1.8189709676379116,-1.5627720059803336,-1.5568974240030211,-0.0004059865418395425,0.0,0.00045324842075933347,-0.00046347724287620906,0.001178157550052683,-0.0007115410008882161,-0.00022661781043753493,-0.00039257495821720667
194,0.03804530951437719,0.03804530915123566,5.256203755873216e-06,2.4452472663240794,1.9017322349238568,1.7776758651267353,2.415656444919587,-1.0,3.1259940390674386,1.547172757784106,-0.7747435545141619,-1.8196747876770445,-1.5629958864972369,-1.5572852535937545,-0.00040136931031176104,0.0,0.00044777138103402336,-0.0004587432419695947,0.001165577532478479,-0.0007038200391329408,-0.00022388051690325206,-0.0003878295907333573
195,0.037691119833154624,0.037691119474976935,5.195785125161166e-06,2.4452472203550992,1.9013780452825997,1.7776760171404578,2.4152596216837745,-1.0,3.1264364245530274,1.5467186834860174,-0.7735903735137528,-1.8203710014188177,-1.5632170752171983,-1.5576684168525752,-0.0003968232358126933,0.0,0.0004423854855888365,-0.00045407429808852484,0.0011531810004090648,-0.0006962137417731995,-0.0002211887199614626,-0.0003831632588207068
196,0.03734136457360477,0.03734136422029391,5.136298628429895e-06,2.4452471754100933,1.9010282900623454,1.777676167030144,2.4148672748025435,-1.0,3.1268735132824146,1.5462692142645729,-0.7724494091513278,-1.8210597212461537,-1.5634356166380718,-1.5580469910738661,-0.00039234688123102046,0.0,0.0004370887293871917,-0.0004494692214445095,0.0011409643624250565,-0.0006887198273359818,-0.00021854142087351924,-0.0003785742212909504
197,0.036995967451446315,0.03699596710290757,5.077951937621056e-06,2.4452471314589013,1.9006828929788289,1.7776763148381747,2.4144793359571413,-1.0,3.127305392444837,1.5458242874148769,-0.7713204850349816,-1.8217410573179895,-1.5636515542863025,-1.5584210518587087,-0.0003879388454022248,0.0,0.0004318791624222662,-0.0004449268496959924,0.0011289241163461305,-0.0006813360718358474,-0.00021593764823069073,-0.0003740607848425892
198,0.036654853904480166,0.03665485356062184,5.020430976948402e-06,2.445247088472457,1.9003417794698674,1.7776764606057962,2.4140957381950954,-1.0,3.127732147332752,1.5453838413676868,-0.7702034281884325,-1.8224151176250165,-1.5638649307433632,-1.5587906731611956,-0.00038359776204588414,0.0,0.000426754887915326,-0.0004404460471900684,0.0011170568465491693,-0.0006740603070269913,-0.00021337645706065445,-0.00036962130248685554
199,0.03631795104440643,0.03631795070513899,4.963809185510822e-06,2.445247046422736,1.9000048766471762,1.7776766043731544,2.4137164158963604,-1.0,3.1281538613933315,1.5449478156634604,-0.7690980689670516,-1.8230820080437333,-1.5640757876713334,-1.5591559273332296,-0.00037932229873494094,0.0,0.0004217140605793368,-0.00043602570422640596,0.001105359221380886,-0.0006668904187168145,-0.00021085692797018218,-0.0003652541720340352
200,0.03598518761024127,0.035985187275477545,4.908117682815379e-06,2.4452470052827167,1.8996721132497865,1.7776767461793352,2.4133413047404555,-1.0,3.1285706162782807,1.544516150927113,-0.7680042409763906,-1.8237418323888719,-1.5642841658376512,-1.5595168851678667,-0.00037511115590493915,0.0,0.00041675488494918866,-0.00043166473634737024,0.0010938279906609338,-0.0006598243451385599,-0.00020837816631780193,-0.00036095783463707676
201,0.03565649392327355,0.03565649359292852,4.853296991787495e-06,2.4452469650263344,1.8993434195990013,1.7776768860623973,2.4129703416745625,-1.0,3.1289824918920552,1.5440887888434665,-0.7669217809931189,-1.8243946924642538,-1.5644901051390698,-1.5598736159412556,-0.0003709630658930152,0.0,0.0004118756137745372,-0.00042736208364657635,0.0010824599832717219,-0.0006528600753819003,-0.00020593930141865613,-0.0003567307733889358
202,0.03533180184351044,0.03533180151750117,4.799376952954129e-06,2.4452469256284455,1.8990187275548418,1.777677024059407,2.4126034648825523,-1.0,3.129389566438528,1.5436656721333624,-0.7658505288882874,-1.825040688112132,-1.5646936446248483,-1.5602261874532306,-0.00036687679201019563,0.0,0.00040707454647259667,-0.0004231167101040878,0.0010712521048314994,-0.0006459956478781503,-0.00020353948577844783,-0.00035257151197498615
203,0.035011044727539874,0.035011044405785695,4.746201130344848e-06,2.4452468870647825,1.8986979704739095,1.7776771602064714,2.4122406137549075,-1.0,3.1297919164661656,1.5432467445304243,-0.764790327552839,-1.8256799172610698,-1.5648948225192039,-1.5605746660666033,-0.000362851127644781,0.0,0.0004023500276377767,-0.0004189276029380462,0.0010602013354483741,-0.000639229148937881,-0.00020117789435558642,-0.0003484786133727269
204,0.03469415738777395,0.03469415707019595,4.693984037760601e-06,2.4452468493119275,1.8983810831686294,1.7776772945387687,2.4118817288595134,-1.0,3.130189616911775,1.5428319507584445,-0.7637410228252893,-1.8263124759724088,-1.565093676243056,-1.5609191167452061,-0.00035888489539415147,0.0,0.0003977004456094946,-0.0004147937719798378,0.0010493047275497158,-0.0006325587113389375,-0.00019885372385219924,-0.0003444506786027812
205,0.03438107605300337,0.03438107573952533,4.642423229658418e-06,2.4452468123472686,1.8980680018678056,1.7776774270905795,2.4115267519132852,-1.0,3.130582741142863,1.5424212365093775,-0.7627024634215023,-1.8269384584853736,-1.5652902424350839,-1.5612596030907295,-0.0003549769462281027,0.0,0.00039312423108794903,-0.0004107142490670235,0.0010385594037870538,-0.0006259825129648622,-0.00019656619202779169,-0.0003404863455234164
206,0.034071738330234635,0.03407173802078135,4.591782606493727e-06,2.445246776148975,1.8977586641784558,1.7776775578953132,2.4111756257546078,-1.0,3.130971360998669,1.5420145484219214,-0.761674500866491,-1.8275579572608611,-1.5654845569721254,-1.5615961873784006,-0.00035112615867749497,0.0,0.00038861985580584957,-0.0004066880874560308,0.0010279625550112526,-0.0006194987754875037,-0.0001943145370415511,-0.00033658428767102677
207,0.033766083167737805,0.03376608286223604,4.541848509888977e-06,2.4452467406959557,1.8974530090488624,1.7776776869855393,2.410828294316558,-1.0,3.1313555468299126,1.5416118340606693,-0.7606569894281751,-1.8281710630239576,-1.5656766549889416,-1.5619289305915434,-0.00034733143804954736,0.0,0.00038418583124366634,-0.00040271436125216553,0.0010175114383159656,-0.0006131057630964776,-0.000192098016816189,-0.0003327432131428054
208,0.03346405081928193,0.033464050517660555,4.492644498257045e-06,2.445246705967842,1.897150976732806,1.7776778143930114,2.4104847026008884,-1.0,3.131735367537308,1.541213041895811,-0.7596497860530281,-1.8287778648052282,-1.565866570897368,-1.5622578924550623,-0.00034359171566977764,0.0,0.0003798207073955062,-0.00039879216485827484,0.0010072033751469256,-0.0006068017812705939,-0.00018991590842643014,-0.0003289618635189395
209,0.03316558280950078,0.03316558251169042,4.4442447836864136e-06,2.4452466719449473,1.896852508754932,1.7776779401486937,2.4101447966527396,-1.0,3.1321108906088844,1.5408181212833725,-0.7586527503035534,-1.8293784499808188,-1.5660543384048746,-1.5625831314678873,-0.0003399059481488109,0.0,0.00037552307157628917,-0.0003949206124385096,0.0009970357494747395,-0.0006005851755905844,-0.00018776750750659765,-0.000325239012824996
210,0.03287062190035459,0.032870621606287474,4.3966254248439975e-06,2.445246638608247,1.896557547877211,1.7776780642827865,2.4098085235360687,-1.0,3.1324821821561595,1.5404270224459713,-0.7576657442975261,-1.8299729043114126,-1.566239990532558,-1.5629047049344191,-0.0003362731166709487,0.0,0.00037129154727510993,-0.00039109883740118256,0.0009870060060273023,-0.0005944543305937966,-0.00018565212768328898,-0.0003215734665318326
211,0.032579112058643,0.03257911176825271,4.349556808325687e-06,2.44524660593935,1.896266038066453,1.7776781868247484,2.40947583130976,-1.0,3.1328493069492045,1.5400396964540763,-0.7566886326489439,-1.8305613119800772,-1.5664235596325837,-1.5632226689950086,-0.00033269222630849526,0.0,0.000367124793045015,-0.000387325991894949,0.000977111648582163,-0.0005884076686646367,-0.0001835691000258155,-0.0003179640605894818
212,0.03229099842453154,0.032290998137753234,4.303315007151602e-06,2.445246573920473,1.895977924462834,1.7776783078033203,2.409146669004404,-1.0,3.1332123284506426,1.5396560952077556,-0.7557212824106297,-1.8311437556290402,-1.5666050774050992,-1.563537078655506,-0.0003291623053560677,0.0,0.00036302150143807665,-0.00038360124632075276,0.0009673502383141797,-0.0005824436489629825,-0.00018151777251551593,-0.00031440966049745
213,0.03200622728106173,0.03200622699783219,4.2576662088645396e-06,2.4452465425344214,1.8956931533494055,1.7776784272465476,2.4088209865997183,-1.0,3.133571308848615,1.5392761714188947,-0.7547635630184326,-1.8317203163954283,-1.5667845749146352,-1.563847987815914,-0.0003256824046857787,0.0,0.0003589803979724415,-0.00037992378886086975,0.0009577193921971316,-0.0005765607663881234,-0.0001794975095359419,-0.0003109091604078795
214,0.031724746024598814,0.03172474574485686,4.212682400093134e-06,2.445246511764558,1.8954116721225427,1.7776785451818002,2.408498735002591,-1.0,3.133926309088753,1.5388998785938774,-0.7538153462369744,-1.8322910739460052,-1.5669620826060142,-1.5641554492981715,-0.0003222515971272877,0.0,0.0003550002401380148,-0.000376292825017277,0.0009482167814581777,-0.0005707575505768947,-0.00017750769137903077,-0.0003074614822575761
215,0.031446503136194195,0.03144650285987976,4.168491646031981e-06,2.4452464815947885,1.8951334292633062,1.7776786616357956,2.4081798660257308,-1.0,3.134277388905193,1.5385271710167079,-0.7528765061068929,-1.8328561065109397,-1.567137630319784,-1.5644595148731069,-0.00031886897686028703,0.0,0.00035107981643989206,-0.00037270757716956204,0.0009388401300814975,-0.0005650325649344534,-0.00017554771376970812,-0.0003040655749353416
216,0.03117144815381857,0.031171447880872394,4.12479645652967e-06,2.4452464520095427,1.8948583743096752,1.7776787766346145,2.4078643323668976,-1.0,3.1346246068506627,1.5381580037325668,-0.7519469188935313,-1.833415490916637,-1.5673112473071904,-1.5647602352865804,-0.0003155336588331892,0.0,0.0003472179454697688,-0.0003691672841410476,0.0009295872133616712,-0.0005593844056972497,-0.00017361698740647746,-0.00030072041347350975
217,0.03089953164544531,0.030899531375810356,4.081775947546354e-06,2.4452464229937427,1.8945864578296328,1.7776788902037233,2.4075520875887015,-1.0,3.1349680203256747,1.5377923325317855,-0.7510264630370296,-1.833969302617661,-1.5674829622447075,-1.565057660284851,-0.0003122447781960247,0.0,0.0003434134750119888,-0.00036567120078134785,0.0009204558565016896,-0.0005538117010239763,-0.00017171493751710898,-0.0002974249982705679
218,0.030630705182952127,0.03063070491657218,4.039396705986327e-06,2.445246394532799,1.8943176313950647,1.7776790023679923,2.407243086098949,-1.0,3.135307685606858,1.5374301139342261,-0.7501150191037723,-1.8345176157277816,-1.567652803248139,-1.5653518386391905,-0.00030900148975243624,0.0,0.0003396652811833434,-0.0003622185975593606,0.000911443933257261,-0.0005483131101207128,-0.00016984100343142572,-0.000294178354339536
219,0.030364921316804336,0.030364921053624264,3.997568037754427e-06,2.445246366612582,1.8940518475564445,1.7776791131517096,2.4069372831315206,-1.0,3.135643657874454,1.5370713051740579,-0.7492124697391487,-1.8350605030501708,-1.5678207978863061,-1.5656428181697737,-0.00030580296742854784,0.0,0.0003359722675959631,-0.0003588087601682499,0.0009025493646236393,-0.0005428873223891628,-0.0001679946381671904,-0.000290979530583213
220,0.030102133551502538,0.03010213329146916,3.9564196527688294e-06,2.445246339219409,1.8937890598182816,1.777679222578603,2.4066346347277614,-1.0,3.135975991239009,1.5367158641849137,-0.7483186996215846,-1.8355980361067752,-1.5679869731943363,-1.565930645768866,-0.0003026484037591537,0.0,0.00033233336455484874,-0.00035544098914419564,0.0008937701175640855,-0.0005375330566044223,-0.00016617530803020308,-0.00028782759909229405
221,0.029842296321762076,0.029842296064822842,3.915802885453066e-06,2.445246312340025,1.8935292226152987,1.7776793306718528,2.406335097718373,-1.0,3.1363047387672887,1.5363637495854214,-0.7474335954178059,-1.836130285166896,-1.5681513556865654,-1.5662153674233352,-0.00029953700938856187,0.0,0.0003287475282798269,-0.0003521145994922481,0.0008851042037787415,-0.0005322490601207264,-0.00016438249222905377,-0.00028472165446924436
222,0.02958536496940156,0.02958536471550542,3.875677158121832e-06,2.44524628596159,1.8932722912893223,1.7776794374541105,2.4060386297057863,-1.0,3.1366299525074424,1.5360149206650933,-0.7465570457392946,-1.8366573192749933,-1.5683139713690666,-1.5664970282365103,-0.0002964680125865371,0.0,0.00032521374015370696,-0.00034882892032817026,0.0008765496785112514,-0.0005270341080974017,-0.0001626156825011993,-0.0002816608131750442
223,0.029331295720917354,0.02933129547001351,3.836231526542588e-06,2.445246260071661,1.8930182220668554,1.7776795429475118,2.405745189047004,-1.0,3.136951683513439,1.5356693373705674,-0.7456889410999006,-1.8371792062777488,-1.56847484575182,-1.5667756724494064,-0.0002934406587824512,0.0,0.0003217310059966394,-0.0003455832945258308,0.0008681046393940184,-0.0005218870027554612,-0.0001608743827534731,-0.0002786442128961397
224,0.029080045665711658,0.02908004541775119,3.79737023913375e-06,2.44524623465818,1.8927669720373084,1.7776796471736922,2.405454734836895,-1.0,3.137269981868804,1.5353269602921895,-0.7448291738745726,-1.837696012850401,-1.5686340038605326,-1.5670513434613411,-0.00029045421010875927,0.0,0.0003182983553648988,-0.0003423770783779201,0.0008597672253279898,-0.0005168065726521842,-0.00015915810871258707,-0.00027567101193470833
225,0.02883157273496722,0.028831572489902698,3.7588751376716718e-06,2.4452462097094565,1.8925184991318713,1.7776797501538013,2.4051672268919324,-1.0,3.1375848967096758,1.5349877506509242,-0.7439776382591743,-1.8382078045223826,-1.568791470248122,-1.5673240838499594,-0.00028750794496268384,0.0,0.0003149148408718716,-0.0003392096412653256,0.0008515356153983022,-0.0005117916719816762,-0.00015746638758940001,-0.00027274038861824224
226,0.028585835681131534,0.02858583543891636,3.7210559622143658e-06,2.445246185214157,1.8922727621029984,1.7776798519085162,2.4048826257343534,-1.0,3.137896476247208,1.5346516702855886,-0.7431342302313524,-1.8387146457022783,-1.5689472690058741,-1.5675939353906887,-0.00028460115757900084,0.0,0.0003115795375321362,-0.0003360803653356115,0.0008434080278219014,-0.000506841179895634,-0.00015579875775206808,-0.0002698515407293378
227,0.028342794058004665,0.02834279381859253,3.683692426926257e-06,2.4452461611612923,1.8920297205044958,1.7776799524580555,2.404600892576739,-1.0,3.138204767789337,1.534318681640396,-0.7422988475124233,-1.8392165997021241,-1.5691014237742855,-1.5678609390756424,-0.00028173315761437223,0.0,0.00030829154212907994,-0.0003329886451926001,0.0008353827189291341,-0.0005019539998458722,-0.00015415476841140752,-0.00026700368495369275
228,0.028102408201389695,0.028102407964735513,3.646859423751403e-06,2.4452461375402033,1.8917893346721733,1.777680051822192,2.4043219893069887,-1.0,3.1385098177619364,1.533988747752804,-0.7414713895302478,-1.839713728761071,-1.5692539577536027,-1.568125135131989,-0.0002789032697503302,0.0,0.0003050499725993916,-0.00032993388759194886,0.000827457982175428,-0.0004971290589468325,-0.00015253397931713764,-0.00026419605634653287
229,0.027864639210313073,0.02786463897637324,3.6105116903221485e-06,2.4452461143405504,1.891551565705064,1.777680150020265,2.4040458784736893,-1.0,3.138811671729378,1.5336618322416573,-0.7406517573830655,-1.840206094068429,-1.5694048937140643,-1.5683865630398064,-0.00027611083329937003,0.0,0.00030185396744153437,-0.00032691551114671924,0.0008196321471822809,-0.000492365307358078,-0.00015093596046167335,-0.0002614279078174686
230,0.02762944892877499,0.0276294486975063,3.574664029561283e-06,2.445246091552301,1.8913163754471742,1.7776802470711912,2.4037725232718596,-1.0,3.1391103744145186,1.533337899295615,-0.7398398538042563,-1.8406937557861138,-1.56955425400586,-1.5686452615494364,-0.00027335520182969475,0.0,0.00029870268514065046,-0.0003239329460422713,0.0008119035788092255,-0.00048766171768477307,-0.000149360291795686,-0.0002586985096300065
231,0.02739679992802008,0.0273967996993808,3.5392688993991106e-06,2.4452460691657216,1.8910837264697549,1.777680342993478,2.403501887529061,-1.0,3.139405969718134,1.5330169136618577,-0.7390355831280043,-1.841176773070511,-1.5697020605688121,-1.5689012686983568,-0.0002706357427988415,0.0,0.0002955953036152259,-0.00032098563375737577,0.0008042706762519947,-0.000483017284397258,-0.00014780656295210193,-0.00025600714892037857
232,0.027166655489314285,0.027166655263263013,3.5043400120416896e-06,2.4452460471713624,1.8908535820540773,1.7776804378052338,2.4032339356918637,-1.0,3.139698500737811,1.5326988406350628,-0.738238851255836,-1.8416552040937784,-1.5698483349417915,-1.5691546218275851,-0.00026795183719707794,0.0,0.00029253101967707806,-0.0003180730267948739,0.0007967318721683325,-0.0004784310232672784,-0.00014627437297942691,-0.00025335312922836195
233,0.026938979587205546,0.026938979363702105,3.4698914475048033e-06,2.4452460255600537,1.8906259061746955,1.7776805315241786,2.4029686328126605,-1.0,3.1399880097863253,1.5323836460466453,-0.7374495656240058,-1.8421291060646015,-1.5699930982718737,-1.5694053575976317,-0.00026530287920323303,0.0,0.0002895090485144358,-0.0003151945884174445,0.0007892856318302277,-0.0004739019708230874,-0.000144763330082176,-0.00025073577004652847
234,0.026759415953522207,0.026758023397658905,0.0002729864042915824,2.445010017225173,1.890443924678756,1.7776806241676555,2.4027059445368106,-1.0,3.14,1.5320712962542515,-0.7366676351717052,-1.8425985352484198,-1.5701363713232455,-1.5696535120040136,-0.0002626882758498539,0.0,1.199021367481734e-05,-0.0003123497923938068,0.0007819304523005721,-0.0004694291838183151,-0.0001432730513717395,-0.00024815440638192854
235,0.026588128800815142,0.02658269154740088,0.0005376673694489238,2.444781704517026,1.8902655931907428,1.7776807144668727,2.402462523849613,-1.0,3.14,1.531761587055004,-0.735892541844976,-1.843063814861993,-1.5702687185526507,-1.5698827385248313,-0.00024342068719773735,0.0,0.0,-0.0003097091992474432,0.0007750933267292037,-0.0004652796135733439,-0.00013234722940524968,-0.00022922652081769357
236,0.026422195920459576,0.026410640439287175,0.0007813279469734307,2.4445708634164687,1.8900889802641683,1.7776808025375992,2.4022377945624815,-1.0,3.14,1.5314544594157937,-0.7351241300568493,-1.8435250329475246,-1.5703905539232876,-1.5700937550724818,-0.00022472928713135332,0.0,0.0,-0.00030712763921036945,0.0007684117881266994,-0.00046121808553145627,-0.00012183537063692462,-0.00021101654765054434
237,0.02626074286307427,0.026241483098121982,0.001005545875569933,2.4443763091727324,1.8899140510448416,1.7776808885354731,2.402030480021609,-1.0,3.14,1.5311498635108314,-0.7343622678118207,-1.843982264018134,-1.5705026681390164,-1.5702879320626952,-0.00020731454087252743,0.0,0.0,-0.0003045959049623459,0.0007618622450286106,-0.0004572310706094651,-0.00011211421572876468,-0.00019417699021340162
238,0.0261030328033219,0.026074889020496466,0.0012117759289704045,2.4441969268350685,1.8897407723738038,1.7776809725972096,2.4018393807188043,-1.0,3.14,1.5308477520362804,-0.7336068299331358,-1.8444355796190934,-1.5706057887187157,-1.5704665302748206,-0.0001910993028046981,0.0,0.0,-0.0003021114745509479,0.0007554378786849281,-0.00045331560095940304,-0.00010312057969930066,-0.0001785982121254026
239,0.025948447132613545,0.02591057685006036,0.0014013586343616315,2.4440316692749446,1.8895691126574603,1.7776810548439663,2.401663371634301,-1.0,3.14,1.5305480800190174,-0.732857697518047,-1.8448850484575705,-1.5707005858400322,-1.5706307110143722,-0.0001760090845031037,0.0,0.0,-0.0002996720172629974,0.0007491324150887824,-0.000449468838477074,-9.479712131654772e-05,-0.0001641807395516004
240,0.02579646854233706,0.025748307840821483,0.0015755302115573718,2.4438795547413528,1.8893990417500073,1.7776811353839772,2.401501399192141,-1.0,3.14,1.5302508046425396,-0.7321147574463573,-1.8453307365346443,-1.570787677499626,-1.5707815450834381,-0.0001619724421604296,0.0,0.0,-0.00029727537647783464,0.000742940071689624,-0.00044568807707379143,-8.709165959364107e-05,-0.00015083406906590824
241,0.025646666321921474,0.025587880062329506,0.001735431651814644,2.4437396641054967,1.889230530846763,1.7776812143146254,2.401352477972521,-1.0,3.14,1.5299558850882278,-0.7313779019360124,-1.8457727072771193,-1.5708676340920562,-1.5709200207375338,-0.0001489212196199574,0.0,0.0,-0.00029491955431182326,0.0007368555103449692,-0.00044197074247498414,-7.995659243031916e-05,-0.00013847565409563778
242,0.025498683615760645,0.025429123291025618,0.0018821168663293543,2.4436111379151257,1.8890635523872135,1.7776812917240838,2.4012156872916015,-1.0,3.14,1.5296632823903988,-0.7306470281403761,-1.8462110216673426,-1.5709409824914555,-1.5710470507759715,-0.00013679068091931867,0.0,0.0,-0.00029260269782893644,0.0007308737956362998,-0.00043831439022334884,-7.334839939932003e-05,-0.00012703003843772542
243,0.025352226404442468,0.025271894527671156,0.002016559995101374,2.443493173350396,1.888898079966715,1.7776813676926235,2.401090167732548,-1.0,3.14,1.529372959303766,-0.7299220377825577,-1.8466457383697426,-1.5710082097055726,-1.5711634788873285,-0.0001255195590537106,0.0,0.0,-0.0002903230866329043,0.000724990357818367,-0.00043471670239991766,-6.722721411711596e-05,-0.00011642811135703646
244,0.025207053997771556,0.025116074080047453,0.002139661979319812,2.4433850211507395,1.8887340882559605,1.777681442293668,2.400975117690586,-1.0,3.14,1.529084880182091,-0.7292028368227688,-1.8470769138532008,-1.5710697661599644,-1.5712700853509365,-0.00011505004196177282,0.0,0.0,-0.0002880791216748335,0.0007192009597889459,-0.0004311754834582793,-6.15564543917646e-05,-0.0001066064636079389
245,0.025062970848673056,0.02496156215169778,0.00225225649456271,2.443285982564657,1.8885715529273956,1.777681515594648,2.4008697899783766,-1.0,3.14,1.5287990108669505,-0.7284893351552072,-1.847504602508663,-1.5711260686605253,-1.5713675921785413,-0.00010532771220939097,0.0,0.0,-0.00028586931514062996,0.0007135016675615669,-0.00042768865546216617,-5.63025005608786e-05,-9.750682760478746e-05
246,0.02491981951776458,0.024808275880619974,0.002355115317173435,2.4431954063605636,1.8884104505878982,1.7776815876577,2.4007734885251395,-1.0,3.14,1.528515318585656,-0.7277814463314055,-1.847928856761622,-1.5711775030747386,-1.5714566677666217,-9.630145323713535e-05,0.0,0.0,-0.00028369228129454527,0.0007078888238016834,-0.0004242542529591109,-5.1434414213291646e-05,-8.907558808046723e-05
247,0.0247774746377191,0.02465614677576,0.0024489531974753614,2.443112685926049,1.888250758717089,1.7776816585402544,2.4006855651929437,-1.0,3.14,1.52823377185748,-0.7270790873073534,-1.8483497271792748,-1.5712244267656608,-1.5715379311187108,-8.792333219576065e-05,0.0,0.0,-0.00028154672817581883,0.0007023590240521349,-0.00042087041765270783,-4.6923690922184846e-05,-8.126335208902269e-05
248,0.024635837744348084,0.024505118503566185,0.002534432294563617,2.443037256474555,1.8880924556107364,1.7776817282955177,2.4006054167258135,-1.0,3.14,1.5279543404074243,-0.726382178212027,-1.8487672625722782,-1.5712671708074322,-1.5716119556879409,-8.01484671302255e-05,0.0,0.0,-0.0002794314500558226,0.0006969090953263812,-0.0004175353930033765,-4.274404177140312e-05,-7.402456923011336e-05
249,0.024494832857735297,0.024355144981358403,0.0026121662228725203,2.4429685923719893,1.8879355203287644,1.7776817969728904,2.400532481841322,-1.0,3.14,1.5276769950868472,-0.7256906421352325,-1.8491815100911297,-1.5713060420068226,-1.5716792728825397,-7.293488449144903e-05,0.0,0.0,-0.0002773453205771048,0.0006915360767945078,-0.00041424751885155153,-3.8871199390388966e-05,-6.731719459884822e-05
250,0.024354402710780477,0.024206188738707845,0.002682723751421071,2.442906204590831,1.8877799326474354,1.7776818646183192,2.4004662384697797,-1.0,3.14,1.5274017078003428,-0.725004404932906,-1.8495925153172612,-1.5713413247517918,-1.5717403752708359,-6.624337154237381e-05,0.0,0.0,-0.0002752872865043887,0.0006862372023265229,-0.00041100522613146673,-3.528274496922279e-05,-6.110238829615255e-05
251,0.024214505536480302,0.024058219512235544,0.002746632193385152,2.442849638295446,1.8876256730153158,1.7776819312746055,2.4004062011426592,-1.0,3.14,1.5271284514383205,-0.7243233950482295,-1.8500003223489816,-1.5713732827051132,-1.5717957195172165,-6.003732712045462e-05,0.0,0.0,-0.000273256362022245,0.0006810098846764534,-0.00040780703172038635,-3.1957953321448684e-05,-5.534424638065083e-05
252,0.024075112335956505,0.023911213043196405,0.0028043805163826914,2.4427984705595196,1.8874727225126948,1.7776819969816746,2.400351918529324,-1.0,3.14,1.52685719981479,-0.7236475433470874,-1.8504049738824495,-1.5714021603586932,-1.5718457290762518,-5.428261333539908e-05,0.0,0.0,-0.0002712516235305884,0.0006758517011421494,-0.0004046515334679146,-2.8877653579950646e-05,-5.000955903522453e-05
253,0.02393620455997345,0.023765150050809845,0.00285642220037795,2.4427523082143328,1.887321062814127,1.7776820617768152,2.4003029711192103,-1.0,3.14,1.5265879276099055,-0.7229767829665555,-1.8508065112878667,-1.5714281844621814,-1.571890796668648,-4.894741011352011e-05,0.0,0.0,-0.00026927220488448533,0.0006707603805318207,-0.00040153740541715166,-2.6024103488175854e-05,-4.50675923961974e-05
254,0.023797772145524608,0.02362001535762669,0.002903177869056692,2.4427107858250454,1.8871706761538456,1.7776821256948865,2.400258969045264,-1.0,3.14,1.5263206103168667,-0.7223110491752494,-1.8512049746811083,-1.5714515653377736,-1.5719312865597355,-4.400207394628097e-05,0.0,0.0,-0.00026731729303874907,0.0006657337913061889,-0.000398463393241677,-2.3380875592282635e-05,-4.0489891087513996e-05
255,0.02365981185693535,0.02347579714613168,0.0029450377128033656,2.442673563791069,1.8870215452937733,1.7776821887685132,2.4002195500434618,-1.0,3.14,1.5260552241928094,-0.721650279244477,-1.851600402991006,-1.5714724980916752,-1.5719675366586912,-3.941900180226554e-05,0.0,0.0,-0.00026538612405735407,0.0006607699307723536,-0.00039542830989769406,-2.0932753901581336e-05,-3.625009895569242e-05
256,0.02352232588783322,0.023332486328473415,0.00298236372485105,2.4426403265657797,1.88687365349393,1.7776822510282528,2.400184377542627,-1.0,3.14,1.525791746213355,-0.7209944123292513,-1.8519928340225087,-1.5714911637314755,-1.5719998604545815,-3.517250083495682e-05,0.0,0.0,-0.0002634779794543629,0.000655866915225678,-0.00039243103150266023,-1.8665639800241607e-05,-3.232379589035439e-05
257,0.023385320686280405,0.023190076013507924,0.0030154917634849726,2.442610780990383,1.886726984485014,1.7776823125027539,2.4001531388783675,-1.0,3.14,1.525530154030519,-0.7203433893583083,-1.852382304515941,-1.5715077301976588,-1.5720285488035122,-3.123866425935873e-05,0.0,0.0,-0.00026159218283594576,0.0006510229709429938,-0.0003894704934324089,-1.6566466183309814e-05,-2.868834893066108e-05
258,0.023248805970611505,0.0230485610574541,0.0030447334597884083,2.442584654736387,1.8865815224429887,1.7776823732188944,2.4001255436247626,-1.0,3.14,1.5252704259337047,-0.7196971529323628,-1.8527688502025792,-1.571522353316581,-1.5720538715796193,-2.759525360485071e-05,0.0,0.0,-0.00025972809681440445,0.0006462364259455233,-0.00038654568663809563,-1.462311892219681e-05,-2.5322776107117306e-05
259,0.023112793907988812,0.022907937686246646,0.0030703779787344438,2.4425616948510425,1.8864372519654982,1.777682433201914,2.400101322037377,-1.0,3.14,1.5250125408135313,-0.7190556472299054,-1.8531525058567528,-1.5715351776814885,-1.5720760792013206,-2.422158738557556e-05,0.0,0.0,-0.000257885120173329,0.0006415057024573567,-0.00038365565417364245,-1.2824364907570995e-05,-2.2207621701353375e-05
260,0.022977298431631352,0.022768203179295288,0.0030926936497994544,2.4425416664000696,1.8862941580499717,1.7776824924755301,2.4000802236012375,-1.0,3.14,1.5247564781282723,-0.718418817919912,-1.8535333053446832,-1.5715463374674872,-1.5720954040430846,-2.1098436139510568e-05,0.0,0.0,-0.00025606268525901754,0.0006368293099934252,-0.00038079948793035,-1.1159785998637872e-05,-1.9324841763923573e-05
261,0.022842334676029977,0.02262935560572816,0.003111929475589519,2.4425243512020423,1.886152226073266,1.7776825510620484,2.400062015677534,-1.0,3.14,1.5245022178726948,-0.7177866120808948,-1.8539112816702512,-1.5715559571858,-1.5721120617419786,-1.8207923703439377e-05,0.0,0.0,-0.00025426025557750975,0.0006322058390172414,-0.0003779763255680191,-9.619718312814385e-06,-1.6657698894029238e-05
262,0.022707918512401008,0.02249139360544522,0.003128316528697866,2.4425095466489655,1.88601144177274,1.7776826089824644,2.4000464822430034,-1.0,3.14,1.5242497405491118,-0.7171589781257771,-1.8542864670178858,-1.5715641523821446,-1.5721262524073831,-1.5533434530645707e-05,0.0,0.0,-0.00025247732358302244,0.000627633955117668,-0.0003751853476345879,-8.195196344651379e-06,-1.4190665404534286e-05
263,0.022574066169130266,0.02235431620832722,0.003142069245071906,2.4424970646077235,1.8858717912286267,1.7776826662565512,2.400033422716173,-1.0,3.14,1.5239990271404744,-0.7165358657321198,-1.854658892792752,-1.5715710302836212,-1.5721381617414827,-1.3059526830616619e-05,0.0,0.0,-0.0002507134086373597,0.0006231123936573102,-0.0003724257748662918,-6.877901476576298e-06,-1.1909334099557967e-05
264,0.02244079392417048,0.022218122685909912,0.003153386623832233,2.4424867303973072,1.8857332608476192,1.7776827229029517,2.4000226508649014,-1.0,3.14,1.5237500590853448,-0.7159172257772713,-1.8550285896584104,-1.5715766903981057,-1.5721479620774679,-1.0771851271407229e-05,0.0,0.0,-0.00024896805512963915,0.0006186399548484545,-0.00036969686565835325,-5.6601144844403706e-06,-9.800335985188369e-06
265,0.02230811785818671,0.022082812430594522,0.0031624533369256306,2.4424783818369313,1.8855958373475634,1.7776827789392513,2.4000139937899165,-1.0,3.14,1.5235028182546055,-0.7153030102780502,-1.8553955875721075,-1.5715812250697985,-1.5721558133417737,-8.657074984874669e-06,0.0,0.0,-0.0002472408307392371,0.0006142154992211379,-0.000366997913697098,-4.534671692812964e-06,-7.85126430580263e-06
266,0.02217605365889229,0.02194838485817653,0.0031694407605317417,2.442471868360428,1.8854595077431762,1.7776828343820565,2.4000072909793264,-1.0,3.14,1.5232572869297725,-0.7146931723346024,-1.8557599158178526,-1.5715847199942659,-1.5721618639461408,-6.702810590120123e-06,0.0,0.0,-0.0002455313248330704,0.0006098379434478218,-0.0003643282457450603,-3.4949244673843083e-06,-6.050604367091594e-06
267,0.022044616468390083,0.021814839330069658,0.0031745079295674625,2.4424670501925085,1.8853242593327093,1.7776828892470586,2.4000023934293586,-1.0,3.14,1.5230134477827892,-0.7140876660781086,-1.8561216030374221,-1.5715872546960317,-1.5721662516148005,-4.897549967797232e-06,0.0,0.0,-0.00024383914698322684,0.0006055062564938041,-0.00036168721956952865,-2.5347017658106097e-06,-4.387668659733279e-06
268,0.02191382076653425,0.02168217509211562,0.003177802423329137,2.4424637975827475,1.8851900796854857,1.7776829435490984,2.3999991628268527,-1.0,3.14,1.5227712838571903,-0.7134864466220429,-1.8564806772594304,-1.5715889029715266,-1.5721691041516515,-3.2306025059547494e-06,0.0,0.0,-0.00024216392559894828,0.0006012194560657269,-0.0003590742220083154,-1.648275494980922e-06,-2.852536850950216e-06
269,0.021783680284355674,0.02155039122732379,0.003179461187996468,2.4424619900933937,1.8850569566302464,1.7776829973022246,2.3999974707892995,-1.0,3.14,1.5225307785505307,-0.7128894700167099,-1.8568371659265903,-1.5715897332999782,-1.5721705401518982,-1.69203755318037e-06,0.0,0.0,-0.0002405053066596441,0.0005969766053329773,-0.00035648866715987104,-8.303284515509546e-07,-1.4360002467128652e-06
270,0.0216542079424723,0.021419486620260008,0.003179611298328626,2.4424615159373233,1.8849248782442405,1.7776830505197458,2.3999971981584802,-1.0,3.14,1.522291915597988,-0.7122966932068102,-1.8571910959212865,-1.5715898092246128,-1.5721706696622695,-2.726308192535498e-07,0.0,0.0,-0.00023886295254271772,0.0005927768098996644,-0.00035392999469618935,-7.592463457939402e-08,-1.2951037131614385e-07
271,0.02152541581016702,0.021289459931146535,0.003178370665112594,2.442462271362705,1.884793832843008,1.7776831032142835,2.3999982343440087,-1.0,3.14,1.5220546790570482,-0.7117080739918048,-1.8575424935895715,-1.5715891897063639,-1.5721695947936116,1.0361855284912735e-06,0.0,0.0,-0.00023723654093976698,0.0005886192150054148,-0.00035139766828495844,6.195182489232565e-07,1.0748686578576638e-06
272,0.021397315081465695,0.021160309578015884,0.003175848692136049,2.442464160081135,1.8846638089708028,1.7776831553978152,2.400000476713312,-1.0,3.14,1.5218190532931957,-0.7111235709888685,-1.85789138476369,-1.571587929452101,-1.57216741028935,2.2423693031292657e-06,0.0,0.0,-0.00023562576385249834,0.0005845030029363318,-0.0003488911741185152,1.2602542629469582e-06,2.1845042617041344e-06
273,0.02126991606509964,0.021032033725503378,0.003172146884759232,2.442467092736241,1.8845347953916036,1.7776832070817201,2.400003830024819,-1.0,3.14,1.5215850229665342,-0.7105431435982387,-1.8582377947832296,-1.5715860792192469,-1.5721642040530546,3.3533115071371355e-06,0.0,0.0,-0.00023403032666147183,0.0005804273906298008,-0.00034641001953961137,1.850232854039291e-06,3.2062362953499957e-06
274,0.021143228185729716,0.020904630279091594,0.0031673594153732395,2.4424709864099254,1.8844067810806835,1.777683258276818,2.400008205901337,-1.0,3.14,1.5213525730192707,-0.7099667519707814,-1.85858174851499,-1.5715836860985029,-1.572160057638088,4.375876518025734e-06,0.0,0.0,-0.0002324499472634578,0.0005763916274572622,-0.000343953731760438,2.39312074401532e-06,4.1464149664882655e-06
275,0.021017259994194758,0.020778096883776836,0.003161573648838587,2.4424757641636137,1.8842797552166806,1.7776833089934059,2.4000135223407932,-1.0,3.14,1.521121688663998,-0.7093943569776121,-1.8589232703716556,-1.571580793776276,-1.572155046702098,5.316439456226618e-06,0.0,0.0,-0.00023088435527274243,0.0005723949931693006,-0.0003415218566655831,2.8923222268328885e-06,5.010935990146237e-06
276,0.020892019184913502,0.020652430926301292,0.003154870628697726,2.442481354612063,1.884153707174142,1.777683359241293,2.400019703261722,-1.0,3.14,1.5208923553727187,-0.7088259201816196,-1.8592623843293528,-1.5715774427782798,-1.5721492414289016,6.180920928855471e-06,0.0,0.0,-0.0002293332912792767,0.0005684367959924996,-0.0003391139576971458,3.350997996198757e-06,5.805273196379801e-06
277,0.020767512618874124,0.020527629540232642,0.00314732553015909,2.4424876915274294,1.884028626516513,1.7776834090298332,2.400026678081046,-1.0,3.14,1.5206645588665582,-0.7082614038107555,-1.8595991139441654,-1.5715736706956722,-1.5721427069201277,6.974819323879444e-06,0.0,0.0,-0.00022779650616056024,0.0005645163708640766,-0.0003367296148126808,3.7720826076004244e-06,6.53450877385886e-06
278,0.020643746350875288,0.020403689613265743,0.0031390080798065555,2.4424947134714707,1.8839045029895258,1.7776834583679528,2.4000343813218725,-1.0,3.14,1.520438285106116,-0.707700770732961,-1.8599334823676805,-1.5715695123949935,-1.5721355035587983,7.703240826550939e-06,0.0,0.0,-0.00022627376044215275,0.0005606330777945256,-0.00033436842351508567,4.158300678680504e-06,7.203361329422009e-06
279,0.02052072565993303,0.020280607796243667,0.0031299829451127345,2.4425023634538934,1.8837813265149745,1.7776835072641806,2.400042752249184,-1.0,3.14,1.5202135202824103,-0.707143984432613,-1.8602655123616245,-1.5715650002130706,-1.5721276873468768,8.37092731131861e-06,0.0,0.0,-0.00022476482370570317,0.0005567863003480555,-0.00033202999394399413,4.512181922988745e-06,7.816211921474192e-06
280,0.0203984550819182,0.020158380513458737,0.0031203100964380826,2.4425105886149994,1.8836590871848347,1.7776835557266726,2.400051734531445,-1.0,3.14,1.5199902508083727,-0.7065910089883812,-1.8605952263116572,-1.5715601641379737,-1.572119310218658,8.982282261094099e-06,0.0,0.0,-0.00022326947403761288,0.0005529754442317181,-0.0003297139500326729,4.836075096825709e-06,8.377128218883811e-06
281,0.0202769384436894,0.020037003973886924,0.0031100451430279563,2.4425193399309046,1.8835377752557179,1.7776836037632335,2.4000612759262956,-1.0,3.14,1.5197684633108568,-0.7060418090523971,-1.8609226462403756,-1.5715550319770282,-1.5721104203317375,9.541394850653973e-06,0.0,0.0,-0.00022178749751589066,0.0005491999359841238,-0.00032741992871843095,5.132160945553466e-06,8.889886920382395e-06
282,0.02015617889807382,0.019916474183045058,0.0030992396452458686,2.4425285719397416,1.8834173811436252,1.7776836513813437,2.400071327988616,-1.0,3.14,1.5195481446231198,-0.7054963498306385,-1.8612477938195797,-1.5715496295128102,-1.572101062337176,1.0052062320298205e-05,0.0,0.0,-0.0002203186877369756,0.0005454592217586374,-0.0003251475792040992,5.40246421798507e-06,9.357994561476346e-06
283,0.0200361789592027,0.019796786955237948,0.0030879414037739985,2.442538242487347,1.8832978954189894,1.7776836985881737,2.4000818457993778,-1.0,3.14,1.5193292817777493,-0.7049545970644485,-1.8615706903818543,-1.5715439806479918,-1.5720912776303466,1.0517810761889734e-05,0.0,0.0,-0.00021886284537053768,0.0005417527661899513,-0.0003228965622745772,5.648864818352806e-06,9.784706829440992e-06
284,0.019916940537779218,0.019677937925984403,0.0030761947288836565,2.442548312491058,1.883179308801977,1.777683745390609,2.400092787713805,-1.0,3.14,1.5191118619999993,-0.7044165170131069,-1.8618913569315054,-1.571538107539835,-1.572081104583857,1.0941914427409216e-05,0.0,0.0,-0.00021741977775002752,0.000538080051341594,-0.0003206665496511274,5.873108156917439e-06,1.0173046489647675e-05
285,0.019798464975951575,0.019559922564469204,0.003064040690128228,2.442558745720322,1.883061612158043,1.7776837917952644,2.400104115127471,-1.0,3.14,1.518895872701511,-0.703882076437382,-1.8622098141549013,-1.5715320307250746,-1.5720705787638287,1.1327413665718211e-05,0.0,0.0,-0.00021598929848831716,0.0005344405757249371,-0.0003184572233958516,6.076814760280769e-06,1.0525820028250976e-05
286,0.019680753081519727,0.01944273618587467,0.003051517348045392,2.44256950859294,1.882944796493707,1.7776838378085016,2.4001157922590557,-1.0,3.14,1.5186813014743892,-0.7033512425839941,-1.8625260824302519,-1.5715257692358826,-1.5720597331307273,1.1677131584786338e-05,0.0,0.0,-0.00021457122712176258,0.0005308338533879242,-0.0003162682753505841,6.261489192027625e-06,1.0845633101386198e-05
287,0.01956380516128608,0.019326373963506154,0.0030386599699206273,2.4425805699858163,1.882828852952554,1.777683883436444,2.400127785948582,-1.0,3.14,1.5184681360856112,-0.7028239831709294,-1.8628401818368676,-1.5715193407075483,-1.5720485982258485,1.1993689526423879e-05,0.0,0.0,-0.00021316538877802493,0.0005272594130646402,-0.0003140994066157532,6.428528334323502e-06,1.113490487880675e-05
288,0.019447621053369477,0.01921083094060736,0.003025501229269955,2.4425919010591888,1.8827137728114252,1.7776839286849917,2.400140065470024,-1.0,3.14,1.5182563644717437,-0.7023002663735457,-1.8631521321639282,-1.5715127614784712,-1.572037202344489,1.2279521441893593e-05,0.0,0.0,-0.0002117716138674286,0.000523716797383722,-0.0003119503270605506,6.579229077097182e-06,1.1395881359455018e-05
289,0.019332200158390617,0.019096102041824724,0.003012071391937891,2.4426034750933847,1.8825995474768051,1.7776839735598344,2.400152602357267,-1.0,3.14,1.5180459747339492,-0.7017800608114153,-1.8634619529187975,-1.5715060466830137,-1.5720255716967528,1.253688724300872e-05,0.0,0.0,-0.0002103897377945252,0.0005202055621303936,-0.0003098207548692944,6.714795457440914e-06,1.1630647736238231e-05
290,0.01921754146943055,0.0189821820842537,0.002998398488376041,2.4426152673372026,1.882486168481378,1.7776840180664641,2.4001653702424695,-1.0,3.14,1.5178369551332596,-0.7012633355358567,-1.8637696633349112,-1.5714992103377263,-1.5720137305568782,1.2767885202435991e-05,0.0,0.0,-0.00020901960068964165,0.0005167252755585716,-0.00030771041611377115,6.836345287419832e-06,1.1841139874624318e-05
291,0.019103643600706252,0.018869065788042642,0.002984508473447703,2.442627254867102,1.8823736274807477,1.7776840622101873,2.400178344705943,-1.0,3.14,1.5176292940861016,-0.7007500600181085,-1.8640752823792661,-1.571492265421417,-1.5720017014019068,1.2974463473369724e-05,0.0,0.0,-0.00020766104715796985,0.0005132755177482684,-0.00030561904435488785,6.944916309370441e-06,1.2029154971449074e-05
292,0.01899050481494571,0.018756747786532857,0.0029704253757164797,2.442639416456419,1.8822619162503134,1.7776841059961321,2.4001915031367282,-1.0,3.14,1.5174229801600556,-0.7002402041381017,-1.8643788287595378,-1.571485223949507,-1.5719895050404535,1.315843078542045e-05,0.0,0.0,-0.00020631392604597565,0.0005098558800067376,-0.0003035463802716354,7.041471909996488e-06,1.2196361453220561e-05
293,0.018878123049431213,0.018645222635915063,0.0029561714353894277,2.4426517324539074,1.8821510266822885,1.7776841494292643,2.4002048246031094,-1.0,3.14,1.5172180020698307,-0.6997337381737929,-1.8646803209308476,-1.57147809704308,-1.5719771607322899,1.332146638111098e-05,0.0,0.0,-0.00020497809022490543,0.000506465964308811,-0.000301492171309814,7.126906427012969e-06,1.2344308163658724e-05
294,0.018766495940724003,0.01853448482439375,0.00294176723188028,2.4426641846709325,1.8820409507828482,1.7776841925143914,2.400218289732353,-1.0,3.14,1.5170143486734455,-0.6992306327910194,-1.8649797771022059,-1.5714708949930027,-1.5719646862993901,1.34651292436061e-05,0.0,0.0,-0.00020365339638517277,0.0005031053827735388,-0.00029945617135829217,7.202050077204092e-06,1.2474432899756138e-05
295,0.01865562084808276,0.018424528780869753,0.002927231803774705,2.4426767562767,1.8819316806694097,1.7776842352561746,2.40023188059902,-1.0,3.14,1.5168120089685986,-0.698730859033843,-1.8652772152426482,-1.571463627319472,-1.571952098229056,1.3590866667190227e-05,0.0,0.0,-0.0002023397048469544,0.0004997737571763583,-0.00029743814044236316,7.267673530764185e-06,1.258807033410747e-05
296,0.018545494875600973,0.018315348883134446,0.0029125827591113505,2.4426894317009586,1.8818232085680286,1.7776842776591335,2.400245580621238,-1.0,3.14,1.5166109720892156,-0.6982343883153519,-1.8655726530870866,-1.5714563028273112,-1.5719394117696823,1.3700022218010588e-05,0.0,0.0,-0.00020103687938299863,0.0004964707184911266,-0.0002954378444384176,7.324492160787344e-06,1.2686459373689729e-05
297,0.01843611489308145,0.018206939465584267,0.002897836377784019,2.44270219654363,1.8817155268109007,1.7776843197276584,2.4002593744643645,-1.0,3.14,1.5164112273021628,-0.6977411924088884,-1.8658661081418915,-1.5714489296573217,-1.5719266410196886,1.3793843126386207e-05,0.0,0.0,-0.000199744787052758,0.0004931959064634617,-0.00029345505480482537,7.3731699894441505e-06,1.277074999372907e-05
298,0.0183274775557131,0.018099294826474654,0.0028830077070223434,2.4427150374908813,1.8816086278339739,1.7776843614660134,2.400273247951518,-1.0,3.14,1.516212764004117,-0.6972512434396786,-1.8661575976902245,-1.5714415153339711,-1.571913799010107,1.3873487153315267e-05,0.0,0.0,-0.00019846329804584784,0.0004899489692098413,-0.00029148954833302376,7.414323350607432e-06,1.2842009581515157e-05
299,0.0182195793225602,0.017992409234719054,0.0028681106506526946,2.442727942237184,1.8815025041746551,1.7776844028783447,2.4002871879804863,-1.0,3.14,1.5160155717185793,-0.6967645138768357,-1.8664471387971333,-1.5714340668096773,-1.5719008977812763,1.3940028968484341e-05,0.0,0.0,-0.00019719228553771728,0.0004867295628429025,-0.0002895411069088194,7.448524293796055e-06,1.2901228830797251e-05
300,0.018112416473934228,0.017886276936252936,0.0028531580500928467,2.4427408994129167,1.8813971484696097,1.7776844439686856,2.400301182446557,-1.0,3.14,1.5158196400930255,-0.6962809765257153,-1.8667347483144279,-1.5714265905059346,-1.571887948454063,1.3994466070865741e-05,0.0,0.0,-0.00019593162555375798,0.00048353735112038887,-0.0002876095172945625,7.476303742759427e-06,1.2949327213185313e-05
301,0.01800598512767644,0.017780892159975113,0.0028381617617861425,2.4427538985171453,1.8812925534526461,1.7776844847409647,2.400315220170851,-1.0,3.14,1.5156249588961836,-0.6958006045205999,-1.8670204428853474,-1.5714190923515041,-1.571874961296004,1.4037724293647358e-05,0.0,0.0,-0.00019468119684185048,0.0004803720051154148,-0.00028569457091953687,7.498154430463089e-06,1.2987158059196702e-05
302,0.017900281254415312,0.01767624912328734,0.002823132727525333,2.4427669298551744,1.8811887119526813,1.777684525199008,2.4003292908337595,-1.0,3.14,1.5154315180154319,-0.6953233713176923,-1.8673042389490344,-1.5714115778178799,-1.5718619457827245,1.4070662908594045e-05,0.0,0.0,-0.000193440880751794,0.00047723320290760096,-0.00028379606368700294,7.514533624242148e-06,1.3015513279368562e-05
303,0.017795300691832345,0.017572342037249226,0.0028080810406524753,2.442779984480569,1.8810856168917849,1.7776845653465458,2.400343384913134,-1.0,3.14,1.5152393074543062,-0.6948492506883989,-1.8675861527448239,-1.5714040519522239,-1.5718489106549796,1.4094079374693536e-05,0.0,0.0,-0.0001922105611256164,0.00047412062929341747,-0.00028191379578945686,7.525865655999553e-06,1.3035127744975838e-05
304,0.017691039157998738,0.01746916511136655,0.0027930160069280976,2.4427930541412968,1.8809832612832937,1.7776846051872177,2.4003574936268786,-1.0,3.14,1.515048317330115,-0.6943782167128855,-1.8678662003163613,-1.5713965194079509,-1.5718358639716195,1.4108713744409584e-05,0.0,0.0,-0.00019099012419121486,0.00047103397551340187,-0.000280047571537434,7.532544272992325e-06,1.304668336010728e-05
305,0.017587492263819785,0.01736671255803104,0.002777946201903646,2.4428061312297196,1.8808816382299962,1.7776846447245762,2.400371608879634,-1.0,3.14,1.514858537871651,-0.6939102437738893,-1.8681443975155598,-1.571388984473131,-1.571822813158779,1.4115252755519947e-05,0.0,0.0,-0.00018977945846399003,0.0004679729389961418,-0.0002781971991985266,7.534934819863892e-06,1.3050812840420534e-05
306,0.01748465552464109,0.017264978596627553,0.0027628795225918784,2.4428192087361404,1.8807807409223767,1.7776846839620908,2.4003857232132693,-1.0,3.14,1.5146699594169963,-0.6934453065507716,-1.8684207600064033,-1.5713814510968647,-1.571809765055555,1.411433363518455e-05,0.0,0.0,-0.00018857845465469758,0.0004649372231176896,-0.00027636249084350695,7.533376266355418e-06,1.304810322411143e-05
307,0.01738252437106026,0.01716395745733296,0.002747823237822728,2.4428322802056717,1.8806805626369263,1.7776847229031525,2.400399829760898,-1.0,3.14,1.5144825724114135,-0.6929833800137961,-1.8686953032686078,-1.5713739229137755,-1.5717967259564227,1.4106547628678356e-05,0.0,0.0,-0.00018738700558285082,0.000461926536975521,-0.0002745432622044408,7.528183089133833e-06,1.303909913219492e-05
308,0.017281094158988958,0.017063643384617123,0.0027327840323442955,2.4428453396981773,1.880581096734508,1.7776847615510758,2.4004139222041783,-1.0,3.14,1.5142963674053196,-0.6925244394186216,-1.8689680426011461,-1.5713664032667545,-1.5717837016506269,1.4092443280322442e-05,0.0,0.0,-0.000186205006093898,0.00045894059517448405,-0.00027273933253835203,7.519647021059228e-06,1.3024305795861224e-05
309,0.017180360179009715,0.016964030640465658,0.00271776805028198,2.442858381751068,1.8804823366587753,1.777684799909104,2.4004279947336564,-1.0,3.14,1.5141113350523352,-0.6920684603009951,-1.8692389931256463,-1.5713588952280813,-1.5717706974587582,1.4072529478159623e-05,0.0,0.0,-0.00018503235298439336,0.0004559791176265149,-0.00027095052450021306,7.508038673220696e-06,1.3004191868670745e-05
310,0.017080317665064175,0.016865113507341264,0.002702780933456544,2.4428714013447537,1.880384275934643,1.777684837980413,2.40044204201194,-1.0,3.14,1.5139274661074076,-0.6916154184716343,-1.8695081697896698,-1.5713514016190362,-1.5717577182667197,1.40472782836909e-05,0.0,0.0,-0.00018386894492761208,0.00045304182936078963,-0.00026917666402348495,7.493609045061689e-06,1.297919203846476e-05
311,0.01698096180252369,0.016766886290900417,0.0026878278584437747,2.4428843938705604,1.880286908166808,1.77768487576811,2.4004560591394988,-1.0,3.14,1.5137447514250009,-0.6911652900112887,-1.8697755873698756,-1.5713439250281134,-1.5717447685572676,1.4017127558663134e-05,0.0,0.0,-0.00018271468240671496,0.0004501284603456446,-0.00026741758020576434,7.476590922816939e-06,1.2949709452092506e-05
312,0.016882287735668383,0.016669343322478377,0.002672913569945535,2.442897355100937,1.8801902270383164,1.7776849132752408,2.400470041622905,-1.0,3.14,1.5135631819573503,-0.6907180512659695,-1.870041260475077,-1.5713364678279316,-1.5717318524392994,1.398248340622743e-05,0.0,0.0,-0.00018156946765057747,0.0004472387453191562,-0.00026567310520131393,7.457200181804069e-06,1.2916117968275742e-05
313,0.01678429057461504,0.016572478961357266,0.002658042412186981,2.442910281161785,1.8800942263091713,1.7776849505047905,2.400483985345343,-1.0,3.14,1.5133827487527773,-0.6902736788423394,-1.8703052035491976,-1.5713290321909386,-1.57171897367505,1.394372243801456e-05,0.0,0.0,-0.00018043320457294953,0.00044437242363015717,-0.0002639430741206983,7.435636993013972e-06,1.2878764249268926e-05
314,0.016686965401736014,0.016476287596832166,0.0026432183585310435,2.4429231685067645,1.8799988998149857,1.777684987459686,2.400497886539219,-1.0,3.14,1.5132034429540622,-0.6898321496032517,-1.870567430874132,-1.5713216201039923,-1.5717061357053452,1.3901193876009188e-05,0.0,0.0,-0.00017930579871516805,0.00044152923908769015,-0.00026222732493441647,7.412086946212426e-06,1.283796970485973e-05
315,0.01659030727758579,0.016380763650085912,0.0026284450382384234,2.4429360138934375,1.879904241465671,1.777685024142799,2.4005117417607322,-1.0,3.14,1.5130252557968693,-0.6893934406634337,-1.8708279565725139,-1.571314233381902,-1.5716933416730496,1.385522151320373e-05,0.0,0.0,-0.00017818715719286615,0.00043870893981801107,-0.0002605256983818638,7.386722090441111e-06,1.2794032295593283e-05
316,0.0164943112463881,0.01628590157589417,0.0026137257615431874,2.4429488143611113,1.8798102452441718,1.7776850605569472,2.400525547866256,-1.0,3.14,1.5128481786082248,-0.6889575293853039,-1.871086794610399,-1.571306873679998,-1.5716805944448409,1.380610552370598e-05,0.0,0.0,-0.00017707718864445887,0.000435911278129808,-0.00025883803788517845,7.359701903908444e-06,1.2747228208764838e-05
317,0.016398972341087358,0.016191695864153224,0.0025990635432394413,2.4429615672102614,1.8797169052052225,1.7776850967048967,2.4005393019904107,-1.0,3.14,1.5126722028050419,-0.6885243933749173,-1.8713439587998677,-1.5712995425058076,-1.5716678966314248,1.3754124154718994e-05,0.0,0.0,-0.00017597580318295947,0.0004331360103865256,-0.0002571641894686394,7.331174190383649e-06,1.2697813416062687e-05
318,0.016304285588020207,0.016098141041267295,0.0025844611241219225,2.4429742699834325,1.8796242154741534,1.7776851325893641,2.4005530015257,-1.0,3.14,1.512497319892691,-0.6880940104780328,-1.8715994628015475,-1.5712922412298929,-1.5716552506063075,1.369953528929102e-05,0.0,0.0,-0.00017488291235090436,0.00043038289688457354,-0.00025550400167984044,7.3012759147506046e-06,1.2646025117302173e-05
319,0.016210246011206384,0.01600523167138215,0.0025699209910605533,2.442986920447497,1.8795321702457177,1.7776851682130184,2.4005666441036038,-1.0,3.14,1.512323521463614,-0.6876663587762942,-1.871853320127065,-1.5712849710959136,-1.5716426585232226,1.3642577903816289e-05,0.0,0.0,-0.00017379842907705445,0.0004276517017385295,-0.0002538573255175258,7.2701339792757835e-06,1.259208308490578e-05
320,0.01611684863630411,0.01591296235749159,0.0025554453960019937,2.4429995165771827,1.8794407637829562,1.7776852035784831,2.400580227577022,-1.0,3.14,1.5121507991959793,-0.6872414165835223,-1.8721055441414256,-1.5712777332299714,-1.5716301223323135,1.3583473418066205e-05,0.0,0.0,-0.0001727222676346507,0.00042494219277189327,-0.0002522240143605359,7.2378659421445946e-06,1.2536190909129274e-05
321,0.016024088494242722,0.015821327742416055,0.0025410363733295916,2.4430120565397817,1.879349990416088,1.7776852386883357,2.4005937500039733,-1.0,3.14,1.5119791448523758,-0.6868191624421098,-1.8723561480653281,-1.571270528649285,-1.5716176437951566,1.352242695151773e-05,0.0,0.0,-0.00017165434360344456,0.0004222541414125036,-0.00025060392390252595,7.204580686481776e-06,1.2478537156912495e-05
322,0.015931960624555725,0.01573032250966862,0.002526695755249928,2.44302453868095,1.8792598445414317,1.7776852735451119,2.4006072096324615,-1.0,3.14,1.5118085502785432,-0.6863995751195152,-1.8726051449774155,-1.571263358270243,-1.5716052244987087,1.3459628488199371e-05,0.0,0.0,-0.00017059457383261645,0.00041958732259461673,-0.0002489969120873514,7.170379041854247e-06,1.2419296447907513e-05
323,0.015840460078443284,0.015639941384216073,0.002512425187863686,2.443036961511518,1.8791703206203556,1.7776853081513055,2.4006206048864205,-1.0,3.14,1.5116390074021373,-0.6859826336048512,-1.872852547816465,-1.5712562229158822,-1.5715928658682565,1.3395253958936593e-05,0.0,0.0,-0.0001695428764059148,0.0004169415146639821,-0.00024740283904955973,7.1353543609209424e-06,1.2358630452125041e-05
324,0.01574958192156187,0.015550179133133113,0.002498226144300251,2.4430493236952584,1.8790814131782472,1.777685342509371,2.4006339343526713,-1.0,3.14,1.5114705082315298,-0.6855683171055627,-1.8730983693835228,-1.5712491233228276,-1.571580569179438,1.3329466250766586e-05,0.0,0.0,-0.00016849917060746122,0.0004143164992885806,-0.00024582156705776903,7.099593054560316e-06,1.229668881852497e-05
325,0.015659321236590838,0.015461030566174839,0.0024840999372967246,2.4430616240375143,1.878993116803516,1.7776853766217229,2.400647196768807,-1.0,3.14,1.5113030448546385,-0.6851566050441902,-1.8733426223439806,-1.5712420601477375,-1.571568335569402,1.326241613552881e-05,0.0,0.0,-0.00016746337689133028,0.0004117120613724712,-0.00024425296045782474,7.063175090138429e-06,1.2233610036105347e-05
326,0.015569673125560903,0.015372490536256311,0.0024700477323634676,2.4430738614746534,1.8789054261466145,1.777685410490738,2.4006603910119493,-1.0,3.14,1.5111366094377883,-0.684747477055215,-1.8735853192296024,-1.5712350339732843,-1.5715561660471669,1.3194243142500284e-05,0.0,0.0,-0.00016643541685024132,0.00040912798897518865,-0.0002426968856217293,7.026174453139689e-06,1.216952223503931e-05
327,0.015480632711998418,0.015284553939857976,0.0024560705577575965,2.4430860350642694,1.8788183359190833,1.777685444118758,2.4006735160883093,-1.0,3.14,1.5109711942246007,-0.6843409129819824,-1.8738264724405005,-1.5712280453137077,-1.5715440615032383,1.3125076359976617e-05,0.0,0.0,-0.0001654152131875808,0.0004065640732325848,-0.00024115321089812625,6.988659576601108e-06,1.2104543928526112e-05
328,0.015392195142797476,0.015197215717357567,0.002442169315313683,2.4430981439760937,1.8787318408926215,1.7776854775080875,2.4006865711234977,-1.0,3.14,1.5108067915349108,-0.683936892873699,-1.8740660942470633,-1.5712210946199692,-1.5715320227185348,1.3055035188447306e-05,0.0,0.0,-0.0001644026896898687,0.0004040201082834427,-0.0002396218065627842,6.950693738572156e-06,1.2038784703571892e-05
329,0.01530435559006516,0.01511047085329288,0.0024283447896010705,2.443110187483551,1.8786459358981722,1.777685510660998,2.4006995553535275,-1.0,3.14,1.5106433937637114,-0.6835353969825029,-1.8743041967918368,-1.5712141822845347,-1.571520050372671,1.2984230029822186e-05,0.0,0.0,-0.0001633977711994472,0.00040149589119609086,-0.00023810254477352188,6.912335434483552e-06,1.1972345863808798e-05
330,0.015217109252648965,0.015024314376566603,0.002414597657358727,2.4431221649559243,1.878560615825035,1.7776855435797265,2.4007124681164655,-1.0,3.14,1.5104809933801204,-0.6831364057606001,-1.874540792091364,-1.571207308645816,-1.5715081450516497,1.2912762938022126e-05,0.0,0.0,-0.00016240038359094378,0.00039899122190278913,-0.00023659529952713143,6.8736387186518755e-06,1.1905321021243864e-05
331,0.015130451357585749,0.01493874136059081,0.002400928495734138,2.443134075851088,1.8784758756199937,1.7776855762664778,2.400725308844683,-1.0,3.14,1.5103195829263738,-0.6827398998574677,-1.8747758920379798,-1.5712004739922916,-1.5714963072549977,1.2840728217611286e-05,0.0,0.0,-0.00016141045374662433,0.00039650590313233813,-0.00023509994661585765,6.834653524467882e-06,1.1837796652036658e-05
332,0.015044377161390855,0.014853746923380694,0.0023873377890872133,2.443145919708755,1.878391710286465,1.7776856087234265,2.400738077057662,-1.0,3.14,1.5101591550168403,-0.6823458601171197,-1.8750095084015672,-1.57119367856633,-1.571484537402389,1.2768212978908622e-05,0.0,0.0,-0.0001604279095335226,0.0003940397403480178,-0.00023361636358743,6.795425961492185e-06,1.1769852608756182e-05
333,0.014958881951216115,0.014769326227598691,0.0023738259371033532,2.443157696144208,1.8783081148836622,1.7776856409527146,2.400750772355318,-1.0,3.14,1.5099997023370595,-0.6819542675754326,-1.8752416528312745,-1.5711869225677406,-1.5714728358397911,1.2695297655795912e-05,0.0,0.0,-0.00015945267978079158,0.00039159254168708024,-0.00023214442970731497,6.755998589458301e-06,1.1701562597776771e-05
334,0.01487396104588648,0.014685474480556899,0.0023603932605949663,2.4431694048424917,1.8782250845257826,1.777685672956455,2.400763394411805,-1.0,3.14,1.5098412176427993,-0.6815651034575301,-1.875472336857194,-1.5711802061570652,-1.571461202845169,1.2622056487110456e-05,0.0,0.0,-0.00015848469426016365,0.000389164117902574,-0.00023068402591941428,6.716410675400297e-06,1.1632994622035042e-05
335,0.014789609796820943,0.014602186934177938,0.0023470400082053777,2.4431810455530156,1.8781426143812074,1.7776857047367316,2.400775942969768,-1.0,3.14,1.5096836937591354,-0.6811783491752217,-1.8757015718920058,-1.571173529458635,-1.5714496386337768,1.2548557962954732e-05,0.0,0.0,-0.00015752388366396808,0.00038675428230838804,-0.0002292350348118699,6.676698430130301e-06,1.1564211392256496e-05
336,0.014705823588847202,0.014519458884915588,0.0023337663618589835,2.4431926180845456,1.8780606996717168,1.7776857362955991,2.400788417835005,-1.0,3.14,1.5095271235795484,-0.680793986324497,-1.8759293692325874,-1.5711668925634055,-1.571438143363068,1.2474865237255273e-05,0.0,0.0,-0.00015657017958692343,0.00038436285072473986,-0.000227797340581537,6.636895229616968e-06,1.149527070887224e-05
337,0.014622597840921554,0.014437285673646254,0.0023205724417643733,2.443204122300562,1.8779793356717258,1.7776857676350852,2.4008008188715197,-1.0,3.14,1.509371500065041,-0.6804119966830695,-1.876155740061588,-1.5711602955315864,-1.571426717137251,1.2401036514564368e-05,0.0,0.0,-0.0001556235145074858,0.0003819896414274382,-0.00022637082900067718,6.597031819044474e-06,1.1426225817068314e-05
338,0.014539928006757344,0.014355662685525974,0.0023074583118149307,2.4432155581149453,1.877898517707531,1.7776857987571906,2.400813145996926,-1.0,3.14,1.5092168162432722,-0.6800323622079721,-1.8763806954489741,-1.5711537383950829,-1.571415360011515,1.2327125406219608e-05,0.0,0.0,-0.00015468382176875295,0.0003796344750973679,-0.00022495538738609433,6.557136503548833e-06,1.1357125735855789e-05
339,0.01445780957537114,0.014274585349820507,0.002294423983560451,2.4432269254879806,1.8778182411565743,1.7776858296638887,2.400825399178189,-1.0,3.14,1.5090630652077102,-0.6796550650331987,-1.8766042463535402,-1.5711472211597584,-1.571404071995951,1.2253181262966706e-05,0.0,0.0,-0.00015375103556203307,0.0003772971747734166,-0.00022355090456604998,6.517235324521309e-06,1.1288015564048237e-05
340,0.014376238071551209,0.014194049139709394,0.002281469420927539,2.4432382244226476,1.8777385014467214,1.7776858603571273,2.4008375784276725,-1.0,3.14,1.5089102401167995,-0.6792800874673938,-1.876826403624393,-1.5711407438075342,-1.5713928530591859,1.2179249483601495e-05,0.0,0.0,-0.00015282509091063545,0.000374977565804957,-0.00022215727085272974,6.477352224143473e-06,1.121893676514496e-05
341,0.014295209056257276,0.014114049572067433,0.0022685945435623163,2.4432494549611787,1.8776592940555537,1.7776858908388298,2.4008496837994726,-1.0,3.14,1.5087583341931468,-0.6789074119915851,-1.8770471780024038,-1.571134306298337,-1.5713817031317563,1.2105371800075204e-05,0.0,0.0,-0.0001519059236527731,0.00037267547580865923,-0.00022077437801093502,6.437509197265712e-06,1.1149927429565665e-05
342,0.014214718126950037,0.01403458220722213,0.0022557992310995876,2.4432606171818687,1.8775806145096716,1.7776859211108937,2.4008617153860157,-1.0,3.14,1.5086073407227203,-0.6785370212569611,-1.8772665801216362,-1.5711279085719037,-1.5713706221092347,1.2031586543059802e-05,0.0,0.0,-0.00015099347042646372,0.000370390734623971,-0.0002194021192323259,6.397726433293727e-06,1.1081022521564066e-05
343,0.014134760917867441,0.013955642648694871,0.002243083325818921,2.4432717111961106,1.8775024583840139,1.7776859511751932,2.4008736733149063,-1.0,3.14,1.5084572530540654,-0.6781688980826891,-1.8774846205107427,-1.5711215505494565,-1.57135960985513,1.1957928890637959e-05,0.0,0.0,-0.00015008766865487466,0.0003681231742720392,-0.0002180403891065552,6.3580224471948554e-06,1.1012254104825203e-05
344,0.014055333100239712,0.01387722654292528,0.002230446636009648,2.44328273714566,1.8774248213011908,1.777685981033579,2.400885557746004,-1.0,3.14,1.5083080645975342,-0.6778030254537741,-1.8777013095943393,-1.571115232135255,-1.5713486662035745,1.1884431097897163e-05,0.0,0.0,-0.00014918845653122403,0.00036587262891496497,-0.00021668908359662176,6.318414201400557e-06,1.094365155540622e-05
345,0.013976430382459175,0.01379932957897685,0.0022178889394700884,2.4432936952000794,1.877347698930825,1.7776860106878773,2.4008973688687107,-1.0,3.14,1.508159768824529,-0.6774393865189575,-1.8779166576943516,-1.5711089532180356,-1.5713377909618174,1.1811122706539834e-05,0.0,0.0,-0.0001482957730052359,0.00036363893481661247,-0.00021534810001222482,6.278917219493252e-06,1.0875241757135612e-05
346,0.013898048510193247,0.013721947488229448,0.00220540998523074,2.443304585554389,1.8772710869889075,1.7776860401398928,2.4009091068994572,-1.0,3.14,1.5080123592667591,-0.6770779645886523,-1.878130675031338,-1.5711027136723443,-1.5713269839125346,1.1738030746499817e-05,0.0,0.0,-0.00014740955776981757,0.00036142193030519465,-0.00021401733698644954,6.239545691233417e-06,1.0807049282801628e-05
347,0.013820183266467926,0.01364507604406273,0.0021930094960608934,2.44331540842687,1.8771949812371658,1.7776860693914085,2.4009207720793735,-1.0,3.14,1.5078658295155114,-0.6767187431329167,-1.8783433717257885,-1.5710965133597743,-1.5713162448159685,1.1665179916242607e-05,0.0,0.0,-0.00014652975124773704,0.0003592214557356366,-0.0002126966944504538,6.20031257003717e-06,1.0739096566014794e-05
348,0.013742830471699765,0.013568711061524717,0.002180687172093728,2.4433261640570456,1.8771193774824426,1.7776860984441836,2.4009323646721294,-1.0,3.14,1.507720173220934,-0.6763617057794623,-1.8785547577994002,-1.5710903521301105,-1.5713055734119137,1.159259275596014e-05,0.0,0.0,-0.00014565629457741203,0.00035703735345438137,-0.00021138607361170791,6.161229663792511e-06,1.0671404054862776e-05
349,0.013665985983699126,0.013492848396990944,0.0021684426907993466,2.4433368527037964,1.877044271576084,1.777686127299958,2.400943884961934,-1.0,3.14,1.5075753840913304,-0.6760068363116978,-1.8787648431763306,-1.571084229822391,-1.571294969421553,1.1520289804334283e-05,0.0,0.0,-0.00014478912960358414,0.0003548694677645292,-0.0002100853769304578,6.12230771945832e-06,1.0603990360680271e-05
350,0.013589645697635879,0.01341748394781725,0.002156275711087804,2.4433474746436237,1.8769696594133416,1.7776861559604495,2.40095533325168,-1.0,3.14,1.5074314558924677,-0.6756541186668056,-1.8789736376844295,-1.571078146265891,-1.5712844325491617,1.1448289746418538e-05,0.0,0.0,-0.00014392819886266395,0.0003527176448921976,-0.00020879450809885292,6.083556500113829e-06,1.0536872391275764e-05
351,0.013513805545978239,0.013342613651982728,0.002144185873731159,2.4433580301690343,1.8768955369327824,1.7776861844273553,2.4009667098612293,-1.0,3.14,1.507288382446895,-0.6753035369338518,-1.8791811510564482,-1.571072101281032,-1.5712739624836838,1.137660954908526e-05,0.0,0.0,-0.00014307344557273893,0.0003505817329537697,-0.00020751337201874165,6.0449848588994826e-06,1.0470065477941048e-05
352,0.013438461498399615,0.013268233487727177,0.0021321728033714404,2.4433685195870485,1.8768219001157105,1.777686212702353,2.4009780151258178,-1.0,3.14,1.5071461576332736,-0.6749550753519278,-1.8793873929312295,-1.5710660946802264,-1.571263558900192,1.1305264588479247e-05,0.0,0.0,-0.00014222481362136108,0.0003484615819240311,-0.00020624187478124334,6.006600805630313e-06,1.0403583491802593e-05
353,0.013363609561668103,0.01319433947318523,0.0021202361105009775,2.443378943217816,1.8767487449856002,1.7776862407871006,2.4009892493945855,-1.0,3.14,1.5070047753857185,-0.6746087183083226,-1.879592372854877,-1.5710601262686572,-1.5712532214612402,1.1234268767701394e-05,0.0,0.0,-0.00014138224755511075,0.00034635704360519437,-0.00020497992364743034,5.968411569190479e-06,1.0337438951735223e-05
354,0.013289245779498906,0.013120927666008416,0.0021083753925698356,2.4433893013933337,1.8766760676075323,1.7776862686832358,2.401000413029211,-1.0,3.14,1.5068642296931498,-0.6742644503367259,-1.879796100281905,-1.5710541958450008,-1.5712429498181146,1.1163634625610541e-05,0.0,0.0,-0.00014054569256871652,0.0003442679715967012,-0.00020372742702812197,5.930423656375083e-06,1.027164312561446e-05
355,0.013215366232402494,0.013047994162992436,0.002096590235137589,2.443399594456263,1.8766038640876488,1.7776862963923779,2.4010115064026505,-1.0,3.14,1.5067245145986559,-0.6739222561154601,-1.8799985845763694,-1.5710483032020957,-1.5712327436119915,1.1093373439408083e-05,0.0,0.0,-0.00013971509449395292,0.00034219422126580135,-0.00020248429446434457,5.892642905180878e-06,1.0206206123131167e-05
356,0.013141967037498795,0.012975535099694234,0.0020848802132832356,2.4434098227588326,1.8765321305726101,1.7776863239161267,2.4010225298979675,-1.0,3.14,1.5065856241988649,-0.6735821204657411,-1.8801998350129796,-1.571042448127561,-1.5712226024750084,1.1023495317008525e-05,0.0,0.0,-0.00013889039979098072,0.00034013564971902,-0.00020125043661023412,5.855074534544258e-06,1.0141136983055077e-05
357,0.013069044348327776,0.012903546650052168,0.0020732448932824386,2.443419986661818,1.8764608632490662,1.777686351256064,2.4010334839072534,-1.0,3.14,1.5064475526433274,-0.673244028349967,-1.880399860778192,-1.571036630404369,-1.5712125260312557,1.0954009285857325e-05,0.0,0.0,-0.00013807155553746675,0.00033809211577406906,-0.00020002576521238602,5.817723192080848e-06,1.007644375272676e-05
358,0.012996594354631989,0.012832025025998105,0.0020616838325151154,2.4434300865336085,1.8763900583431314,1.777686378413754,2.4010443688306267,-1.0,3.14,1.5063102941339082,-0.6729079648700341,-1.8805986709712872,-1.571030849811373,-1.5712025138976917,1.088492337331104e-05,0.0,0.0,-0.000137258509419258,0.0003360634799328688,-0.0001988101930952002,5.7805929960519364e-06,1.0012133563996883e-05
359,0.012924613282133563,0.01276096647707382,0.0020501965815398785,2.443440122749336,1.8763197121198731,1.777686405390742,2.401055185075309,-1.0,3.14,1.5061738429241873,-0.6725739152656796,-1.8807962746054292,-1.5710251061237976,-1.57119256568499,1.0816244682132492e-05,0.0,0.0,-0.0001364512097208337,0.0003340496043545693,-0.00019760363414200732,5.743687575332501e-06,9.948212701615944e-06
360,0.012853097392292064,0.012690367290041298,0.0020387826844994726,2.443450095690074,1.876249820882804,1.7776864321885566,2.4010659330547703,-1.0,3.14,1.5060381933188707,-0.6722418649128493,-1.8809926806087063,-1.57101939911369,-1.5711826809983227,1.0747979461545043e-05,0.0,0.0,-0.0001356496053166456,0.00033205035283023765,-0.00019640600327708313,5.707010107602883e-06,9.884686667405163e-06
361,0.012782042982060936,0.012620223788498981,0.002027441679980607,2.443460005742089,1.8761803809733875,1.777686458808709,2.4010766131879393,-1.0,3.14,1.50590333967321,-0.6719117993220927,-1.8811878978251584,-1.5710137285503372,-1.5711728594380816,1.0680133168960992e-05,0.0,0.0,-0.00013485364566068192,0.0003300655907566563,-0.00019521721645210377,5.670563352877522e-06,9.821560241096705e-06
362,0.012711446383622324,0.012550532332491302,0.0020161731016848177,2.443469853296167,1.8761113887705474,1.7776864852526928,2.401087225898474,-1.0,3.14,1.5057692763924295,-0.6715837041369803,-1.881381935015786,-1.5710080942006515,-1.5711631006005473,1.0612710534818603e-05,0.0,0.0,-0.00013406328078047203,0.0003280951851123426,-0.00019403719062771607,5.634349685701423e-06,9.758837534290521e-06
363,0.012641303964118156,0.012481289318122242,0.0020049764795667478,2.443479638746969,1.876042840690186,1.7776865115219862,2.4010977716140887,-1.0,3.14,1.5056359979311638,-0.6712575651325473,-1.8815748008595445,-1.5710024958295266,-1.5711534040785042,1.054571561454054e-05,0.0,0.0,-0.00013327846126576226,0.0003261390044330126,-0.00019286584375843852,5.5983711249041335e-06,9.696522043078915e-06
364,0.012571612125375676,0.012412491177170307,0.0019938513397870857,2.4434893624924534,1.8759747331847119,1.7776865376180495,2.4011082507659305,-1.0,3.14,1.505503498792902,-0.6709333682137594,-1.881766503954322,-1.5709969332001652,-1.571143769461809,1.0479151841824574e-05,0.0,0.0,-0.00013249913826185455,0.00032419691878793344,-0.0001917030947775622,5.56262936135532e-06,9.634616695342046e-06
365,0.012502367303621593,0.012344134376702863,0.001982797206232641,2.4434990249333355,1.8759070627425745,1.7776865635423276,2.4011186637880075,-1.0,3.14,1.505371773529441,-0.6706110994140025,-1.8819570528179046,-1.570991406074382,-1.5711341963379144,1.0413022077049305e-05,0.0,0.0,-0.0001317252634609467,0.00032226879975683076,-0.0001905488635824959,5.527125783277853e-06,9.57312389449072e-06
366,0.01243356596919239,0.012276215418692235,0.001971813600173783,2.4435086264725876,1.875839825887804,1.7776865892962495,2.401129011116659,-1.0,3.14,1.5052408167403466,-0.6702907448935954,-1.8821464558889238,-1.5709859142128821,-1.5711246842923534,1.0347328651683085e-05,0.0,0.0,-0.00013095678909436081,0.000320354520407129,-0.00018940307101922293,5.491861499784534e-06,9.512045560988724e-06
367,0.012365204626240923,0.01220873083963458,0.001960900041495814,2.443518167514984,1.8757730191795619,1.7776866148812287,2.401139293190069,-1.0,3.14,1.5051106230724225,-0.6699722909383231,-1.8823347215277917,-1.5709804573755188,-1.5711152329091829,1.0282073409584314e-05,0.0,0.0,-0.00013019366792410558,0.000318453955272302,-0.0001882656388678683,5.456837363304601e-06,9.451383170544503e-06
368,0.01229727981243046,0.012141677210167737,0.001950056048491418,2.4435276484666777,1.8757066392116943,1.7776866402986629,2.401149510447815,-1.0,3.14,1.5049811872191863,-0.6696557239579938,-1.8825218580176215,-1.570975035321529,-1.5711058417713935,1.0217257746081287e-05,0.0,0.0,-0.00012943585323621498,0.00031656698032933583,-0.00018713648982982,5.422053989789788e-06,9.391137789416248e-06
369,0.012229788098637033,0.012075051134695909,0.0019392811387907239,2.4435370697348118,1.875640682612298,1.7776866655499344,2.401159663330457,-1.0,3.14,1.5048525039203535,-0.6693410304850155,-1.8827078735651344,-1.5709696478097517,-1.5710965104612866,1.0152882642167071e-05,0.0,0.0,-0.00012868329883275464,0.0003146934729783002,-0.0001860155475128522,5.387511777366072e-06,9.331310106830415e-06
370,0.01216272608863984,0.012008849251012527,0.0019285748298614727,2.44354643172716,1.8755751460432872,1.7776866906364117,2.401169752279156,-1.0,3.14,1.504724567961329,-0.6690281971729944,-1.882892776301552,-1.5709642945988271,-1.571087238560821,1.0088948699138456e-05,0.0,0.0,-0.0001279359590244944,0.0003128333120210325,-0.00018490273641758037,5.3532109245413295e-06,9.271900465623872e-06
371,0.01209609041881164,0.011943068229929065,0.0019179366388303342,2.4435557348517976,1.8755100261999726,1.7776867155594467,2.4011797777353245,-1.0,3.14,1.504597374172706,-0.6687172107953533,-1.8830765742834774,-1.5709589754473816,-1.5710780256519306,1.0025456168349933e-05,0.0,0.0,-0.00012719378862313668,0.00031098637764115367,-0.00018379798192547092,5.3191514455264155e-06,9.212908890443572e-06
372,0.012029877757804161,0.011877704774900839,0.0019073660833448794,2.4435649795168066,1.8754453198106407,1.7776867403203782,2.401189740140305,-1.0,3.14,1.5044709174297697,-0.6684080582439695,-1.8832592754937616,-1.5709536901141956,-1.5710688713168166,9.962404980523587e-06,0.0,0.0,-0.00012645674293620957,0.0003091525513837512,-0.0001827012102841863,5.285333186000329e-06,9.154335113947809e-06
373,0.01196408480623886,0.011812755621664443,0.0018968626815266691,2.4435741661299857,1.8753810236361461,1.7776867649205306,2.401199639935075,-1.0,3.14,1.5043451926520117,-0.6681007265278336,-1.8834408878423576,-1.5709484383583578,-1.5710597751382158,9.899794769729908e-06,0.0,0.0,-0.00012572477775796287,0.0003073317161359501,-0.00018161234859603859,5.25175583776516e-06,9.096178600787042e-06
374,0.011898708296391131,0.011748217537870215,0.0018864259526275185,2.443583295098603,1.8753171344695057,1.777686789361213,2.4012094775599766,-1.0,3.14,1.5042201948026481,-0.667795202771726,-1.8836214191671634,-1.5709432199394082,-1.5710507366996458,9.837624901809505e-06,0.0,0.0,-0.00012499784936359504,0.0003055237561075952,-0.00018053132480577716,5.218418949626269e-06,9.038438570030394e-06
375,0.01183374499187037,0.01168408732272141,0.0018760554166408156,2.4435923668291664,1.8752536491355003,1.7776868136437223,2.401219253454471,-1.0,3.14,1.504095918888145,-0.667491474214913,-1.88380087723485,-1.5709380346174666,-1.5710417555856293,9.775894494357118e-06,0.0,0.0,-0.00012427591450303588,0.0003037285568130432,-0.00017945806768659978,5.185321941603149e-06,8.98111401648194e-06
376,0.011769191687309158,0.011620361806615378,0.0018657505953262534,2.443601381727201,1.8751905644902815,1.77768683776934,2.4012289680569086,-1.0,3.14,1.5039723599577512,-0.6671895282098614,-1.8839792697416808,-1.570932882153352,-1.5710328313819,9.714602437593811e-06,0.0,0.0,-0.00012355893039384114,0.00030194600505151215,-0.00017839250683082675,5.152464114699384e-06,8.924203729332447e-06
377,0.011705045208045689,0.011557037850791964,0.001855511011950509,2.4436103401970612,1.875127877420989,1.7776868617393358,2.4012386218043233,-1.0,3.14,1.5038495131030363,-0.6668893522209712,-1.8841566043143163,-1.57092776230869,-1.5710239636755894,9.653747414795077e-06,0.0,0.0,-0.00012284685471497525,0.0003001759888902056,-0.00017733457263546804,5.11984466200488e-06,8.867706310589085e-06
378,0.01164130240980647,0.011494112346975777,0.0018453361914984746,2.4436192426417476,1.875065584845363,1.7776868855549648,2.401248215132243,-1.0,3.14,1.5037273734574361,-0.6665909338233256,-1.8843328885106092,-1.5709226748460123,-1.5710151520553983,9.593327919610317e-06,0.0,0.0,-0.00012213964560015,0.00029841839764566114,-0.00017628419629289738,5.087462677577648e-06,8.81162019106263e-06
379,0.01157796017839306,0.011431582217035144,0.0018352256613733955,2.4436280894627482,1.8750036837113777,1.7776869092174692,2.401257748474518,-1.0,3.14,1.5036059361958036,-0.6662942607014587,-1.8845081298203874,-1.5709176195288463,-1.571006396111752,9.533342275158674e-06,0.0,0.0,-0.00012143726163249546,0.000296673121866875,-0.00017524130977819574,5.055317165991724e-06,8.75594364635468e-06
380,0.011515015429366749,0.011369444412631869,0.0018251789504147955,2.443636881059887,1.8749421709968652,1.7776869327280784,2.4012672222631624,-1.0,3.14,1.5034851965339653,-0.6659993206481408,-1.8846823356662257,-1.5709125961217962,-1.5709976954369416,9.473788644243086e-06,0.0,0.0,-0.00012073966183834273,0.00029494005331787143,-0.00017420584583827114,5.02340705010873e-06,8.700674810402376e-06
381,0.011452465107736518,0.011307695914883445,0.0018151955903279954,2.443645617831192,1.8748810437091559,1.7776869560880089,2.401276636928213,-1.0,3.14,1.5033651497282847,-0.6657061015631801,-1.8848555134042075,-1.5709076043906176,-1.5709890496252523,9.41466505066657e-06,0.0,0.0,-0.00012004680568056258,0.00029321908496071636,-0.00017317773798186664,4.99173117862739e-06,8.645811689245164e-06
382,0.0113903061876444,0.01124633373402286,0.001805275114698822,2.443654300172773,1.874820298884717,1.777686979298465,2.4012859928975994,-1.0,3.14,1.5032457910752313,-0.6654145914522406,-1.8850276703246749,-1.5709026441022844,-1.57098045827308,9.355969386337648e-06,0.0,0.0,-0.0001193586530534585,0.00029151011093953016,-0.00017215692046734787,4.960288333188956e-06,8.591352172349076e-06
383,0.011328535672059308,0.011185354909068914,0.0017954170608176104,2.443662928478706,1.8747599335888032,1.7776870023606384,2.401295290597026,-1.0,3.14,1.5031271159109547,-0.6651247784256767,-1.8851988136529685,-1.5708977150250492,-1.5709719209790347,9.297699426813466e-06,0.0,0.0,-0.00011867516427654934,0.00028981302656383434,-0.00017114332829359924,4.929077235260593e-06,8.537294045263266e-06
384,0.011267150592461736,0.011124756507489163,0.001785620966960029,2.4436715031409433,1.8746999449151036,1.7776870252757078,2.4013045304498695,-1.0,3.14,1.5030091196108648,-0.664836650697384,-1.885368950550157,-1.5708928169284975,-1.5709634373440362,9.239852843290208e-06,0.0,0.0,-0.00011799630008990647,0.0002881277282927863,-0.00017013689718847758,4.898096551686493e-06,8.483634998501799e-06
385,0.011206148008545169,0.01106453562488117,0.0017758863757019515,2.4436800245492125,1.8746403299854049,1.7776870480448408,2.4013137128770787,-1.0,3.14,1.5028917975892173,-0.6645501965836647,-1.8855380881137573,-1.5708879495835972,-1.570955006971398,9.182427209264432e-06,0.0,0.0,-0.00011732202164749239,0.0002864541137193033,-0.00016913756360037446,4.86734490023899e-06,8.430372638201789e-06
386,0.011145525007904031,0.011004689384643206,0.0017662128315585116,2.4436884930909444,1.8745810859492484,1.7776870706691925,2.401322838297094,-1.0,3.14,1.5027751452987053,-0.6642654045021096,-1.8857062333784433,-1.5708831127627423,-1.5709466294669032,9.125420015188013e-06,0.0,0.0,-0.00011665229051205372,0.0002847920815550742,-0.00016814526468600377,4.836820854947632e-06,8.377504494783139e-06
387,0.011085278705734834,0.010945214937658765,0.0017565998824607828,2.4436969091511944,1.8745222099836008,1.7776870931499071,2.4013319071257677,-1.0,3.14,1.5026591582300548,-0.6639822629704943,-1.885873393316746,-1.5708783062397906,-1.570938304438872,9.068828673797213e-06,0.0,0.0,-0.00011598706865045827,0.0002831415316152386,-0.0001671599383026301,4.806522951650294e-06,8.325028031164194e-06
388,0.01102540624453187,0.010886109461978079,0.0017470470788638604,2.4437052731125823,1.8744636992925228,1.7776871154881158,2.401340919776299,-1.0,3.14,1.5025438319116275,-0.6637007606056908,-1.8860395748397432,-1.5708735297901004,-1.5709300314982224,9.012650531214916e-06,0.0,0.0,-0.00011532631842725571,0.00028150236480350976,-0.00016618152299718858,4.776449690213624e-06,8.272940649645122e-06
389,0.010965904793793328,0.010827370162508397,0.0017375539747396243,2.443713585355233,1.8744055511068487,1.7776871376849388,2.40134987665917,-1.0,3.14,1.5024291619090269,-0.6634208861225935,-1.8862047847977406,-1.5708687831905594,-1.5709218102585214,8.956882870947425e-06,0.0,0.0,-0.00011467000260068083,0.0002798744830972977,-0.00016520995799740312,4.7465995409723405e-06,8.22123970101174e-06
390,0.01090677154972289,0.010768994270705275,0.00172812012692918,2.4437218462567256,1.874347762683867,1.7776871597414854,2.4013587781820953,-1.0,3.14,1.5023151438247102,-0.6631426283330597,-1.8863690299809432,-1.570864066219612,-1.5709136403360329,8.901522925430783e-06,0.0,0.0,-0.00011401808431665827,0.0002782577895338312,-0.00016424518320268255,4.7169709473937615e-06,8.169922488532322e-06
391,0.010848003734936383,0.010710979044266876,0.0017187450955046446,2.44373005619205,1.874290331307005,1.777687181658854,2.4013676247499753,-1.0,3.14,1.5022017732976052,-0.6628659761448636,-1.8865323171201174,-1.5708593786572829,-1.5709055213497571,8.846567880027578e-06,0.0,0.0,-0.00011337052710502782,0.0002766521881960582,-0.00016328713917412863,4.687562329186434e-06,8.118986275729156e-06
392,0.010789598598172273,0.010653321766835087,0.0017094284436205555,2.443738215533569,1.874233254285522,1.7776872034381312,2.4013764167648537,-1.0,3.14,1.5020890460027323,-0.6625909185606657,-1.8866946528872441,-1.5708547202851963,-1.5708974529214659,8.792014878356014e-06,0.0,0.0,-0.00011272729487288302,0.00027505758419799076,-0.00016233576712676445,4.65837208651898e-06,8.06842829126353e-06
393,0.010731553414002329,0.010596019747695255,0.0017001697378800215,2.4437463246509803,1.8741765289542005,1.7776872250803928,2.401385154625884,-1.0,3.14,1.5019769576508313,-0.6623174446769935,-1.8868560438961635,-1.570850090886594,-1.570889434675732,8.737861030283511e-06,0.0,0.0,-0.00011208835190101851,0.0002734738836721595,-0.00016139100891932046,4.629398602240542e-06,8.018245733820706e-06
394,0.010673865482545784,0.010539070321484927,0.001690968548184864,2.443754383911296,1.8741201526730487,1.777687246586704,2.4013938387293003,-1.0,3.14,1.501865503987992,-0.6620455436832382,-1.8870164967032108,-1.5708454902463498,-1.5708814662399548,8.684103416367606e-06,0.0,0.0,-0.00011145366283926705,0.00027190099375529186,-0.000160452807047351,4.600640244323273e-06,7.968435777216953e-06
395,0.010616532129187915,0.010482470847902731,0.0016818244473139265,2.443762393678809,1.8740641228270019,1.77768726795812,2.40140246946839,-1.0,3.14,1.501754680795291,-0.6617752048606627,-1.887176017807843,-1.5708409181509804,-1.57087354724438,8.6307390896323e-06,0.0,0.0,-0.00011082319270094843,0.0002703388225755443,-0.0001595211046321321,4.572095369415052e-06,7.918995574840437e-06
396,0.010559550704301344,0.010426218711422271,0.0016727370116795305,2.4437703543150806,1.8740084368256316,1.777687289195684,2.4014110472334753,-1.0,3.14,1.5016444838884324,-0.6615064175814236,-1.8873346136532585,-1.5708363743886562,-1.5708656773221166,8.57776508533803e-06,0.0,0.0,-0.00011019690685865058,0.00026878727923906887,-0.0001585958454155545,4.543762324171752e-06,7.869922263425977e-06
397,0.010502918582966321,0.010370311321009506,0.0016637058210382855,2.443778266178922,1.8739530921028575,1.777687310300431,2.4014195724118963,-1.0,3.14,1.5015349091173924,-0.6612391713076056,-1.8874922906270073,-1.570831858749208,-1.5708578561091502,8.52517842098166e-06,0.0,0.0,-0.00010957477104001079,0.00026724627381802257,-0.0001576769737487993,4.5156394481438156e-06,7.821212966385716e-06
398,0.010446633164697482,0.010314746109841203,0.0016547304581895493,2.4437861296263788,1.873898086116661,1.7776873312733845,2.4014280453879966,-1.0,3.14,1.5014259523660691,-0.6609734555902682,-1.8876490550615932,-1.570827371024133,-1.5708500832443524,8.472976100293295e-06,0.0,0.0,-0.00010895675132327476,0.0002657157173373559,-0.00015676443458589873,4.4877250751085285e-06,7.772864797805923e-06
399,0.01039069187317303,0.010259520535031964,0.0016458105098755365,2.443793945010725,1.873843416348808,1.7776873521155572,2.401436466543116,-1.0,3.14,1.5013176095519374,-0.6607092600685059,-1.887804913235069,-1.570822911006598,-1.5708423583694868,8.421155119453516e-06,0.0,0.0,-0.00010834281413174551,0.0002641955217622671,-0.0001558581734757425,4.460017534846372e-06,7.72487486555562e-06
400,0.01033509215596716,0.01020463207735986,0.0016369455654020862,2.4438017126824567,1.8737890803045716,1.7776873728279536,2.401444836255583,-1.0,3.14,1.5012098766257063,-0.6604465744685192,-1.8879598713716224,-1.5708184784914425,-1.5708346811292133,8.369712467093393e-06,0.0,0.0,-0.00010773292623111885,0.0002626855999867672,-0.00015495813655341806,4.432515155583516e-06,7.677240273507024e-06
401,0.010279831484281797,0.01015007824099682,0.0016281352179391925,2.443809432989285,1.8737350755124582,1.7776873934115667,2.401453154900712,-1.0,3.14,1.5011027495709819,-0.6601853886026982,-1.8881139356421557,-1.570814073275178,-1.5708270511710885,8.318645128735369e-06,0.0,0.0,-0.00010712705472437634,0.0002611858658210231,-0.00015406427053332727,4.405216264435907e-06,7.62995812486622e-06
402,0.010224907352688793,0.010095856553247117,0.0016193790638046278,2.443817106276138,1.8736813995239439,1.7776874138673815,2.4014614228508004,-1.0,3.14,1.5009962244039343,-0.6599256923687185,-1.888267112164856,-1.5708096951559878,-1.5708194681455647,8.26795008856962e-06,0.0,0.0,-0.00010652516704756643,0.00025969623397970043,-0.00015317652270030457,4.378119190295848e-06,7.583025523727471e-06
403,0.010170317278865759,0.010041964564278593,0.0016106767028242252,2.44382473288516,1.8736280499132028,1.7776874341963722,2.401469640475135,-1.0,3.14,1.5008902971729687,-0.6596674757486477,-1.8884194070057603,-1.5708053439337248,-1.570811931705986,8.217624334339035e-06,0.0,0.0,-0.00010592723096558565,0.0002582166200707503,-0.0001522948409042879,4.351222262943821e-06,7.536439578625931e-06
404,0.01011605880333992,0.009988399846868374,0.0016020277378696098,2.4438323131557165,1.8735750242768507,1.7776874543995036,2.40147780813999,-1.0,3.14,1.5007849639584,-0.6594107288080644,-1.8885708261793108,-1.5708010194099087,-1.5708044415085831,8.167664855118772e-06,0.0,0.0,-0.00010533321456862588,0.0002567469405833078,-0.0001514191735505488,4.324523816157111e-06,7.490197402981735e-06
405,0.010062129489238146,0.009935159996147223,0.0015934317754929977,2.443839847424395,1.8735223202336875,1.7776874744777318,2.4014859262086383,-1.0,3.14,1.5006802208721326,-0.6591554416951875,-1.888721375648905,-1.570796721387721,-1.5707969972124645,8.118068648421684e-06,0.0,0.0,-0.00010474308626751139,0.00025528711287692296,-0.00015054946959414117,4.298022187709805e-06,7.444296118652716e-06
406,0.01000852692203209,0.009882242629344805,0.0015848884253190846,2.44384733602502,1.873469935424441,1.777687494432003,2.4014939950413567,-1.0,3.14,1.5005760640573422,-0.6589016046400171,-1.888871061327437,-1.5707924496719998,-1.5707895984796092,8.068832718421959e-06,0.0,0.0,-0.0001041568147903682,0.00025383705517034727,-0.00014968567853212988,4.27171572114915e-06,7.398732855268264e-06
407,0.009955248709291249,0.009829645385542252,0.0015763973004004476,2.4438547792886514,1.873417867511518,1.7776875142632542,2.401502014995435,-1.0,3.14,1.5004724896881636,-0.6586492079534864,-1.8890198890778334,-1.5707882040692343,-1.5707822449748547,8.019954078175573e-06,0.0,0.0,-0.00010357436917862728,0.00025239668653076475,-0.00014882775039626317,4.2456027655735085e-06,7.353504754448181e-06
408,0.009902292480439272,0.009777365925424608,0.0015679580168738393,2.4438621775436022,1.8733661141787559,1.7776875339724147,2.4015099864251885,-1.0,3.14,1.5003694939693812,-0.6583982420266239,-1.8891678647135797,-1.5707839843875566,-1.5707749363658852,7.971429753617087e-06,0.0,0.0,-0.00010299571878236158,0.00025096592686246755,-0.00014797563574631134,4.21968167763076e-06,7.308608969580632e-06
409,0.009849655886511625,0.009725401931041676,0.0015595701941722238,2.4438695311154457,1.873314673131182,1.777687553560403,2.40151790968197,-1.0,3.14,1.5002670731361234,-0.6581486973297268,-1.8893149939992437,-1.5707797904367355,-1.5707676723232182,7.923256781339205e-06,0.0,0.0,-0.00010242083325784357,0.000249544696897086,-0.00014712928566407157,4.1939508210742105e-06,7.264042666932369e-06
410,0.009797336599913711,0.009673751105563755,0.0015512334553842984,2.44387684032703,1.8732635420947699,1.7776875730281305,2.401525785114183,-1.0,3.14,1.5001652234535605,-0.6579005644115443,-1.8894612826509891,-1.5707756220281668,-1.5707604525201904,7.875432213033662e-06,0.0,0.0,-0.0001018496825628823,0.0002481329181824865,-0.0001462886517453743,4.168408568760995e-06,7.219803027869176e-06
411,0.009745332314187618,0.009622411173048554,0.0015429474264717473,2.4438841054984892,1.8732127188162042,1.7776875923764985,2.401533613067298,-1.0,3.14,1.5000639412166068,-0.6576538338984712,-1.8896067363370832,-1.5707714789748646,-1.5707532766329413,7.827953115047137e-06,0.0,0.0,-0.00010128223695371474,0.00024673051307311233,-0.00014545368609408804,4.1430533022079885e-06,7.175887249077917e-06
412,0.009693640743777928,0.00957137987820667,0.0015347117364713219,2.4438913269472606,1.8731622010626474,1.7776876116064009,2.4015413938838672,-1.0,3.14,1.499963222749626,-0.657408496493752,-1.8897513606783989,-1.5707673610914525,-1.5707461443403976,7.780816569269433e-06,0.0,0.0,-0.00010071846698078701,0.0002453374047192147,-0.00014462434131568003,4.117883412035894e-06,7.132292543676755e-06
413,0.009642259623799032,0.009520654986169455,0.0015265260181374523,2.4438985049880984,1.8731119866215065,1.7776876307187224,2.4015491279035426,-1.0,3.14,1.4998630644061406,-0.6571645429766946,-1.8898951612489094,-1.5707632681941528,-1.5707390553242553,7.73401967535392e-06,0.0,0.0,-0.00010015834348542363,0.00024395351705741586,-0.00014380057051055495,4.0928972997456015e-06,7.089016142325377e-06
414,0.009591186709808696,0.00947023428226343,0.0015183899068482519,2.443905639933092,1.873062073300208,1.7776876497143397,2.4015568154630924,-1.0,3.14,1.4997634625685436,-0.656921964201894,-1.8900381435761775,-1.5707592001007764,-1.5707320092689614,7.68755954982936e-06,0.0,0.0,-9.960183759694097e-05,0.00024257877480060586,-0.0001429823272680597,4.068093376385917e-06,7.046055293891129e-06
415,0.009540419777584226,0.00942011557178736,0.0015103030416789404,2.443912732091677,1.8730124589259742,1.7776876685941214,2.4015644568964216,-1.0,3.14,1.4996644136478152,-0.6566807510984654,-1.8901803131418378,-1.570755156630712,-1.570725005861696,7.641433329208525e-06,0.0,0.0,-9.904892072842841e-05,0.0002412131034286169,-0.00014216956566026617,4.043470064329924e-06,7.003407265449013e-06
416,0.009489956622896856,0.009370296679784966,0.0015022650642904547,2.443919781770665,1.8729631413455983,1.7776876873589267,2.4015720525345894,-1.0,3.14,1.4995659140832416,-0.6564408946692871,-1.8903216753820733,-1.5707511376049146,-1.5707180447923519,7.59563816776776e-06,0.0,0.0,-9.849956457363973e-05,0.00023985642917823125,-0.0001413622402355319,4.019025797497022e-06,6.961069344058046e-06
417,0.00943979506129455,0.009320775450832151,0.0014942756198600702,2.4439267892742462,1.8729141184252291,1.7776877060096083,2.40157960270583,-1.0,3.14,1.499467960342138,-0.6562023859902528,-1.8904622356880854,-1.5707471428458941,-1.5707111257535153,7.550171240655601e-06,0.0,0.0,-9.79537411036624e-05,0.0002385086790342994,-0.00014056030601206082,3.994759020464755e-06,6.919038836539215e-06
418,0.00938993292788378,0.009271549748817403,0.0014863343563964208,2.4439337549040214,1.8728653880501545,1.77768772454701,2.4015871077355735,-1.0,3.14,1.4993705489195748,-0.655965216209533,-1.8906019994065595,-1.5707431721777037,-1.5707042484404456,7.505029743448688e-06,0.0,0.0,-9.741142256314284e-05,0.00023716978071985917,-0.0001397637184741285,3.970668190467208e-06,6.8773130696975215e-06
419,0.009340368077116358,0.00922261745673024,0.0014784409250813248,2.443940678959014,1.8728169481245887,1.777687742971968,2.4015945679464656,-1.0,3.14,1.4992736763381067,-0.6557293765468452,-1.8907409718401225,-1.5707392254259278,-1.5706974125510536,7.460210892151764e-06,0.0,0.0,-9.687258146806599e-05,0.00023583966268780898,-0.00013897243356297828,3.946751775840696e-06,6.835889392098338e-06
420,0.009291098382576224,0.009173976476449278,0.0014705949801673524,2.443947561735691,1.872768796571462,1.7776877612853108,2.40160198365839,-1.0,3.14,1.4991773391475052,-0.6554948582927336,-1.8908791582477964,-1.57073530241767,-1.570690617785881,7.415711924529944e-06,0.0,0.0,-9.633719060153645e-05,0.000234518254111582,-0.00013818640767393475,3.92300825780012e-06,6.794765172513095e-06
421,0.009242121736770924,0.009125624728535679,0.0014627961790215336,2.443954403527985,1.8727209313322144,1.7776877794878585,2.4016093551884903,-1.0,3.14,1.4990815339244938,-0.6552616528078575,-1.8910165638454455,-1.57073140298154,-1.5706838638480791,7.371530100108714e-06,0.0,0.0,-9.580522301133598e-05,0.0002332054848760423,-0.00013740559764907623,3.899436129994882e-06,6.7539378019176866e-06
422,0.00919343605092722,0.009077560152028928,0.00145504418155773,2.4439612046273123,1.8726733503665929,1.7776877975804246,2.4016166828511905,-1.0,3.14,1.498986257272488,-0.6550297515222885,-1.8911531938062178,-1.5707275269476417,-1.570677150443387,7.327662700173931e-06,0.0,0.0,-9.527665200592672e-05,0.0002319012855690472,-0.0001366299607723498,3.876033898286835e-06,6.713404692160196e-06
423,0.00914503925478335,0.009029780704241824,0.0014473386510292928,2.443967965322594,1.8726260516524464,1.777687815563815,2.4016239669582196,-1.0,3.14,1.4988915058213357,-0.6547991459348155,-1.8912890532609816,-1.5707236741475603,-1.5706704772801088,7.284107029104092e-06,0.0,0.0,-9.475145115223071e-05,0.00023060558747300952,-0.00013585945476379813,3.852800081416419e-06,6.673163278181349e-06
424,0.009096929296390513,0.008982284360562077,0.0014396792536111288,2.4439746859002764,1.872579033185529,1.7776878334388266,2.4016312078186317,-1.0,3.14,1.4987972762270634,-0.6545698276122593,-1.8914241472987559,-1.5707198444143493,-1.5706638440690923,7.240860412149885e-06,0.0,0.0,-9.422959427229927e-05,0.00022931832255612683,-0.00013509403777423046,3.829733211002662e-06,6.633211016460194e-06
425,0.009049104141913842,0.008935069114256141,0.0014320656582761258,2.443981366644354,1.8725322929793045,1.777687851206251,2.4016384057388316,-1.0,3.14,1.4987035651716234,-0.654341788188795,-1.8915584809671355,-1.5707160375825182,-1.5706572505237066,7.197920199875085e-06,0.0,0.0,-9.371105543998226e-05,0.00022803942346438788,-0.00013433366837967142,3.806831831099089e-06,6.593545385680244e-06
426,0.009001561775434421,0.00888813297627333,0.0014244975371330757,2.443988007836387,1.8724858290647515,1.7776878688668716,2.401645561022595,-1.0,3.14,1.4986103693626447,-0.654115019365282,-1.8916920592727122,-1.570712253488019,-1.5706506963598192,7.155283763271569e-06,0.0,0.0,-9.319580897870772e-05,0.00022676882351291283,-0.00013357830557669814,3.784094499303947e-06,6.554163887395603e-06
427,0.008954300198757627,0.008841473975053069,0.0014169745648330149,2.4439946097555256,1.872439639490172,1.7776878864214642,2.401652673971092,-1.0,3.14,1.4985176855331872,-0.6538895129086039,-1.891824887181489,-1.5707084919682328,-1.570644181295774,7.112948497312033e-06,0.0,0.0,-9.268382945748499e-05,0.0002255064566781817,-0.00013282790877666706,3.7615197860940697e-06,6.515064045142793e-06
428,0.008907317431218984,0.008795090156336114,0.0014094964190571396,2.444001172678531,1.8723937223210034,1.7776879038707984,2.401659744882913,-1.0,3.14,1.4984255104414972,-0.6536652606510137,-1.8919569696192897,-1.5707047528619584,-1.5706377050523683,7.070911820949988e-06,0.0,0.0,-9.217509169001659e-05,0.00022425225759015177,-0.00013208243780082896,3.739106274380788e-06,6.476243405773019e-06
429,0.008860611509498522,0.008748979582977866,0.0014020627800680437,2.4440076968797935,1.8723480756396333,1.7776879212156362,2.4016667740540876,-1.0,3.14,1.4983338408707687,-0.6534422544894898,-1.892088311472165,-1.5707010360093974,-1.5706312673528304,7.029171174455229e-06,0.0,0.0,-9.166957072848092e-05,0.00022300616152393093,-0.00013134185287522193,3.7168525610642433e-06,6.437699537897856e-06
430,0.008814180487429945,0.008703140334760042,0.0013946733308813283,2.444014182631358,1.8723026975452122,1.7776879384567328,2.4016737617781105,-1.0,3.14,1.498242673628904,-0.6532204863850971,-1.8922189175867905,-1.5706973412521419,-1.570624867922797,6.987724022966546e-06,0.0,0.0,-9.116724186464253e-05,0.00022176810439267225,-0.00013060611462556437,3.6947572554790753e-06,6.399430033443565e-06
431,0.008768022435819924,0.008657570508214182,0.0013873277577607945,2.444020630202945,1.872257586153478,1.7776879555948364,2.401680708345965,-1.0,3.14,1.4981520055482795,-0.652999948362358,-1.8923487927708635,-1.5706936684331616,-1.5706185064902904,6.9465678542712794e-06,0.0,0.0,-9.066808062452303e-05,0.00022053802273913625,-0.0001298751840730361,3.6728189802825995e-06,6.361432506540865e-06
432,0.008722135442263296,0.008612268216434515,0.0013800257496010204,2.4440270398619672,1.8722127395965704,1.7776879726306882,2.401687614046144,-1.0,3.14,1.4980618334855136,-0.6527806325086289,-1.8924779417934923,-1.5706900173967906,-1.5706121827856963,6.905700179249408e-06,0.0,0.0,-9.017206276595857e-05,0.00021931585372902962,-0.0001291490226287273,3.6510363710107185e-06,6.323704594191071e-06
433,0.008676517610965778,0.008567231588905752,0.0013727669971263323,2.4440334118735585,1.87216815602286,1.7776879895650242,2.401694479164676,-1.0,3.14,1.497972154321236,-0.6525625309734862,-1.892606369385581,-1.5706863879887145,-1.5706058965417407,6.865118531873549e-06,0.0,0.0,-8.967916427748968e-05,0.00021810153514278952,-0.00012842759208875343,3.6294080760779224e-06,6.286243955599957e-06
434,0.008631167062563732,0.008522458771323852,0.001365551194826694,2.4440397465005876,1.8721238335967698,1.7776880063985716,2.4017013039851456,-1.0,3.14,1.4978829649598626,-0.6523456359681175,-1.892734080240212,-1.570682780055957,-1.5705996474934678,6.824820469653048e-06,0.0,0.0,-8.918936137347622e-05,0.0002168950053687002,-0.00012771085463092469,3.6079327574434217e-06,6.249048272843893e-06
435,0.008586081933951653,0.008477947925424834,0.0013583780393571707,2.444046044003686,1.872079770498606,1.7776880231320524,2.4017080887887188,-1.0,3.14,1.4977942623293694,-0.6521299397647217,-1.89286107901302,-1.5706791934468678,-1.5705934353782176,6.78480357318989e-06,0.0,0.0,-8.870263049320926e-05,0.00021569620339578766,-0.00012699877280808458,3.5866090892788804e-06,6.212115250203709e-06
436,0.008541260378105577,0.008433697228811175,0.0013512472298561435,2.444052304641265,1.8720359649243854,1.7776880397661818,2.401714833854164,-1.0,3.14,1.4977060433810716,-0.6519154346959155,-1.8929873703225655,-1.5706756280111085,-1.5705872599356034,6.745065445290521e-06,0.0,0.0,-8.821894829780241e-05,0.00021450506880615894,-0.00012629130954544543,3.5654357593006836e-06,6.1754426141646945e-06
437,0.008496700563916795,0.00838970487478653,0.0013441584684370795,2.4440585286695384,1.871992415085671,1.7776880563016686,2.4017215394578764,-1.0,3.14,1.4976183050894043,-0.6517021131541468,-1.8931129587507003,-1.570672083599641,-1.57058112090749,6.705603712298114e-06,0.0,0.0,-8.773829166730529e-05,0.00021332154176867402,-0.0001255884281348152,3.5444114674376692e-06,6.1390281134166e-06
438,0.008452400676017472,0.008345969072183147,0.0013371114595315575,2.4440647163425426,1.8719491192094015,1.777688072739215,2.4017282058738996,-1.0,3.14,1.4975310444517056,-0.6514899675911154,-1.8932378488429316,-1.5706685600647141,-1.5705750180379712,6.666416023204391e-06,0.0,0.0,-8.726063769870507e-05,0.0002121455630313962,-0.0001248900922312668,3.523534926941352e-06,6.1028695188536375e-06
439,0.008408358914618632,0.008302488045202824,0.0013301059103780243,2.444070867912157,1.8719060755377328,1.7776880890795173,2.4017348333739497,-1.0,3.14,1.4974442584880026,-0.6512789905172003,-1.8933620451087791,-1.570665057259851,-1.5705689510733476,6.627500050093715e-06,0.0,0.0,-8.678596370303993e-05,0.00021097707391515286,-0.00012419626584758703,3.5028048630536546e-06,6.066964623574478e-06
440,0.008364573495343244,0.00825926003325176,0.0013231415303495222,2.4440769836281295,1.871863282327875,1.7776881053232656,2.401741422227437,-1.0,3.14,1.4973579442407987,-0.6510691745008937,-1.8934855520221296,-1.5706615750398367,-1.570562919762106,6.588853487254909e-06,0.0,0.0,-8.631424720384473e-05,0.000209816016306541,-0.0001235069133505018,3.482220014339177e-06,6.031311241549986e-06
441,0.008321042649063673,0.008216283290778746,0.0013162180316078187,2.444083063738092,1.8718207378519311,1.7776881214711433,2.4017479727014885,-1.0,3.14,1.4972720987748658,-0.6508605121682419,-1.8936083740215872,-1.5706581132607051,-1.5705569238548964,6.5504740516253435e-06,0.0,0.0,-8.584546593293219e-05,0.0002086623326518211,-0.00012282199945756744,3.4617791315749713e-06,5.99590720962162e-06
442,0.008277764621741011,0.008173556087117525,0.001309335128419834,2.44408910848758,1.8717784403967412,1.7776881375238291,2.4017544850609696,-1.0,3.14,1.4971867191770356,-0.6506529962022924,-1.893730515510818,-1.5706546717797276,-1.570550963104511,6.512359481014585e-06,0.0,0.0,-8.53795978301708e-05,0.00020751596594947852,-0.00012214148923073154,3.4414809775284994e-06,5.960750385503033e-06
443,0.0082347376742686,0.008131076706331349,0.0013024925379848695,2.444095118120061,1.8717363882637286,1.7776881534819942,2.4017609595685077,-1.0,3.14,1.497101802555996,-0.6504466193425477,-1.8938519808588923,-1.5706512504553996,-1.5705450372658627,6.474507538101193e-06,0.0,0.0,-8.49166210397101e-05,0.00020637685974478348,-0.0001214653480743344,3.421324328067854e-06,5.925838648224158e-06
444,0.008191960082311697,0.008088843447057167,0.0012956899802580501,2.4441010928769455,1.8716945797687443,1.777688169346304,2.4017673964845128,-1.0,3.14,1.497017346042088,-0.6502413743844251,-1.8939727744006218,-1.5706478491474287,-1.5705391460959643,6.4369160051036545e-06,0.0,0.0,-8.445651390798226e-05,0.0002052449581225746,-0.00012079354172955803,3.4013079708294924e-06,5.8911698983532546e-06
445,0.00814943013615643,0.008046854622352294,0.0012889271760435086,2.4441070329976124,1.8716530132419162,1.7776881851174198,2.4017737960671997,-1.0,3.14,1.4969333467871055,-0.6500372541787236,-1.8940929004368932,-1.5706444677167228,-1.5705332893539072,6.399582686889005e-06,0.0,0.0,-8.399925498236982e-05,0.0002041202057014857,-0.00012012603627131746,3.3814307058843696e-06,5.8567420571087325e-06
446,0.008107146140554276,0.008005108559544269,0.0012822038503940837,2.4441129387194285,1.8716116870274997,1.7776882007959944,2.4017801585726097,-1.0,3.14,1.4968498019640988,-0.6498342516310961,-1.8942123632349974,-1.570641106025378,-1.5705274668008402,6.362505410084651e-06,0.0,0.0,-8.35448230067648e-05,0.00020300254762750658,-0.00011946279810426397,3.36169134484976e-06,5.822553067025282e-06
447,0.008065106414574022,0.007963603600082867,0.0012755197295018007,2.4441188102777667,1.8715705994837308,1.7776882163826775,2.401786484254633,-1.0,3.14,1.4967667087671768,-0.6496323597015279,-1.8943311670289553,-1.5706377639366662,-1.5705216781999491,6.325682023078372e-06,0.0,0.0,-8.309319692201278e-05,0.00020189192956820978,-0.00011880379395790008,3.3420887117774356e-06,5.788600891065698e-06
448,0.008023309291448486,0.007922338099389768,0.0012688745422128932,2.4441246479060266,1.8715297489826777,1.777688231878111,2.401792773365027,-1.0,3.14,1.4966840644113149,-0.6494315714038216,-1.8944493160198397,-1.5706344413150235,-1.5705159233164367,6.289110394241959e-06,0.0,0.0,-8.26443558619161e-05,0.00020078829770631135,-0.00011814899088435915,3.322621642709578e-06,5.754883512398834e-06
449,0.007981753118433058,0.007881310426718519,0.001262268019478371,2.4441304518356546,1.8714891339101014,1.777688247282933,2.401799026153442,-1.0,3.14,1.4966018661321634,-0.6492318798050878,-1.8945668143760932,-1.5706311380260392,-1.5705102019175017,6.252788415039845e-06,0.0,0.0,-8.21982791514575e-05,0.0001996915987337866,-0.00011749835625352034,3.3032889843465085e-06,5.721398935065736e-06
450,0.007940436256654864,0.007840518965005676,0.001255699895376992,2.4441362222961613,1.8714487526653087,1.7776882625977741,2.4018052428674377,-1.0,3.14,1.4965201111858584,-0.6490332780252414,-1.8946836662338427,-1.5706278539364427,-1.5705045137723186,6.216713995588208e-06,0.0,0.0,-8.175494630502378e-05,0.00019860177984643013,-0.00011685185774945595,3.2840895964891814e-06,5.688145183091464e-06
451,0.00789935708097285,0.007799962110732513,0.001249169904969201,2.4441419595151452,1.8714086036610154,1.7776882778232612,2.401811423752507,-1.0,3.14,1.4964387968488342,-0.6488357592365037,-1.8947998756972093,-1.570624588914093,-1.5704988586520185,6.180885069095865e-06,0.0,0.0,-8.131433702418533e-05,0.0001975187887376384,-0.00011620946336665661,3.2650223495966912e-06,5.6551203000410055e-06
452,0.007858513979835684,0.007759638273784129,0.0012426777869062114,2.444147663718305,1.8713686853232054,1.7776882929600148,2.4018175690520938,-1.0,3.14,1.496357920417639,-0.648639316662911,-1.894915446838616,-1.5706213428279678,-1.5704932363296684,6.1452995869792915e-06,0.0,0.0,-8.087643119525367e-05,0.00019644257359274775,-0.00011557114140670066,3.246086125230363e-06,5.622322350129494e-06
453,0.007817905355139324,0.007719545877311146,0.0012362232809109556,2.4441533351294624,1.8713289960909953,1.7776883080086503,2.4018236790076166,-1.0,3.14,1.4962774792087512,-0.6484439435798274,-1.895030383699091,-1.5706181155481505,-1.5704876465802524,6.109955522859423e-06,0.0,0.0,-8.04412088877271e-05,0.00019537308308359425,-0.00011493686047492346,3.2272798173860195e-06,5.589749416001766e-06
454,0.007777529622089175,0.007679683357592425,0.0012298061291501198,2.4441589739705836,1.8712895344164977,1.7776883229697777,2.401829753858486,-1.0,3.14,1.496197470558399,-0.6482496333134643,-1.8951446902885671,-1.5706149069458204,-1.570482089180652,6.07485086945303e-06,0.0,0.0,-8.000865035229232e-05,0.00019431026636307358,-0.00011430658947619854,3.208602330051491e-06,5.557399600508717e-06
455,0.007737385209069566,0.007640049163903895,0.001223426076740593,2.444164580461789,1.8712502987646906,1.7776883378440023,2.4018357938421255,-1.0,3.14,1.496117891822381,-0.6480563792404053,-1.8952583705861785,-1.5706117168932414,-1.5704765639096265,6.0399836394609e-06,0.0,0.0,-7.957873601793786e-05,0.00019325407305903486,-0.00011368029761138487,3.1900525789829715e-06,5.525271025375034e-06
456,0.007697470557497467,0.007600641758377974,0.0012170828698983645,2.444170154821381,1.8712112876132794,1.777688352631923,2.4018417991939915,-1.0,3.14,1.49603874037589,-0.6478641747871354,-1.8953714285405538,-1.5706085452637508,-1.5704710705477951,6.005351866011921e-06,0.0,0.0,-7.915144649106587e-05,0.0001922044532698397,-0.0001130579543753285,3.171629490594796e-06,5.4933618314212396e-06
457,0.007657784121699528,0.007561459615881379,0.001210776257878883,2.4441756972658553,1.871172499452575,1.7776883673341348,2.401847770147593,-1.0,3.14,1.4959600136133364,-0.6476730134295773,-1.895483868070105,-1.5706053919317484,-1.5704656088776172,5.9709536013308195e-06,0.0,0.0,-7.872676255349376e-05,0.000191161357558145,-0.00011243952955108938,3.1533320024035305e-06,5.46167017789756e-06
458,0.007618324368775636,0.007522501223877272,0.0012045059909213923,2.4441812080099243,1.8711339327853576,1.777688381951227,2.4018537069345096,-1.0,3.14,1.4958817089481773,-0.6474828886926313,-1.8955956930633144,-1.5706022567726858,-1.5704601786833738,5.936786916738157e-06,0.0,0.0,-7.830466515912349e-05,0.00019012473694601795,-0.00011182499320949724,3.135159062583881e-06,5.4301942433720995e-06
459,0.007579089778467746,0.00748376508230195,0.001198271822574486,2.4441866872665305,1.8710955861267546,1.777688396483784,2.4018596097844136,-1.0,3.14,1.4958038238127431,-0.6472937941497212,-1.8957069073790171,-1.570599139663056,-1.5704547797511497,5.902849903982599e-06,0.0,0.0,-7.788513543416364e-05,0.000189094542910051,-0.00011121431570271234,3.1171096297466505e-06,5.398932224176534e-06
460,0.007540078843036158,0.007445249703435619,0.0011920735076228206,2.444192135246864,1.8710574580041124,1.7776884109323847,2.4018654789250853,-1.0,3.14,1.4957263556580696,-0.6471057234223457,-1.8958175148466814,-1.570596040480383,-1.5704494118688146,5.8691406716882e-06,0.0,0.0,-7.74681546735767e-05,0.0001880707273754778,-0.00011060746766422547,3.099182673160783e-06,5.367882335072238e-06
461,0.007501290067126789,0.007406953611777388,0.0011859108033174075,2.444197552160384,1.8710195469568727,1.7776884252976037,2.401871314582434,-1.0,3.14,1.4956493019537294,-0.6469186701796338,-1.8959275192666838,-1.5705929591032104,-1.5704440748260058,5.8356573489071195e-06,0.0,0.0,-7.705370434019088e-05,0.00018705324271195423,-0.00011000442000241861,3.081377172531319e-06,5.337042808806203e-06
462,0.007462721967649877,0.007368875343922487,0.0011797834687610929,2.444202938214832,1.870981851536451,1.7776884395800119,2.4018771169805166,-1.0,3.14,1.495572660187667,-0.6467326281379057,-1.8960369244105841,-1.5705898954110928,-1.5704387684141097,5.802398082455085e-06,0.0,0.0,-7.664176606225759e-05,0.00018604204172811833,-0.00010940514390034295,3.0636921175553056e-06,5.30641189611103e-06
463,0.007424373073655137,0.0073310134484401756,0.0011736912648408347,2.444208293616249,1.8709443703061153,1.777688453780172,2.4018828863415553,-1.0,3.14,1.4954964278660354,-0.6465475910602391,-1.8961457340213945,-1.570586849284584,-1.5704334924262446,5.769361038687748e-06,0.0,0.0,-7.623232163167515e-05,0.00018503707766659439,-0.00010880961081038976,3.0461265088099765e-06,5.2759878650388e-06
464,0.007386241926208754,0.007293366485751623,0.0011676339549172017,2.444213618568996,1.870907101840866,1.777688467898645,2.4018886228859557,-1.0,3.14,1.4954206025130319,-0.6463635527560396,-1.8962539518138466,-1.5705838206052278,-1.5704282466572432,5.736544400392063e-06,0.0,0.0,-7.582535300354465e-05,0.0001840383041994409,-0.00010821779245206997,3.028679356198438e-06,5.245769001405165e-06
465,0.0073483270782717545,0.007255933028011359,0.001161611304004805,2.444218913275767,1.8708700447273179,1.7776884819359866,2.4018943268323256,-1.0,3.14,1.4953451816707395,-0.6461805070806164,-1.896361581474656,-1.5705808092555478,-1.5704230309036356,5.703946369894908e-06,0.0,0.0,-7.542084229239521e-05,0.00018304567542326566,-0.00010762966080934966,3.0113496800598938e-06,5.215753607679119e-06
466,0.0073106270945835486,0.007218711658990662,0.0011556230788863646,2.4442241779376066,1.8708331975635846,1.7776884958927464,2.401899998397492,-1.0,3.14,1.4952701628989682,-0.6459984479347621,-1.8964686266627835,-1.5705778151190377,-1.5704178449636312,5.671565166398551e-06,0.0,0.0,-7.501877177129579e-05,0.00018205914585422978,-0.00010704518812754138,2.9941365100594197e-06,5.18594000431527e-06
467,0.007273140551539431,0.007181700973958402,0.0011496690486153696,2.4442294127539252,1.8707965589591606,1.777688509769471,2.401905637796519,-1.0,3.14,1.495195543775097,-0.6458173692643382,-1.896575091009693,-1.5705748380801516,-1.570412688637103,5.63939902686883e-06,0.0,0.0,-7.461912387118907e-05,0.00018107867042393977,-0.00010646434690952944,2.9770388860761443e-06,5.1563265281995285e-06
468,0.007235866037078818,0.007144899579569266,0.001143748984062391,2.4442346179225196,1.8707601275348116,1.7776885235667015,2.401911245242725,-1.0,3.14,1.4951213218939197,-0.645637265059864,-1.8966809781196063,-1.5705718780242939,-1.5704075617255708,5.607446206035149e-06,0.0,0.0,-7.422188117733874e-05,0.0001801042044742296,-0.00010588710991332739,2.9600558577591585e-06,5.126911532205014e-06
469,0.00719880215056677,0.007108306093747782,0.0011378626578361095,2.4442397936395808,1.8707239019224577,1.7776885372849753,2.4019168209477004,-1.0,3.14,1.4950474948674906,-0.645458129356111,-1.8967862915697562,-1.5705689348378102,-1.5704024640321836,5.575704975502305e-06,0.0,0.0,-7.382702642910743e-05,0.00017913570375294174,-0.0001053134501498576,2.9431864836393373e-06,5.097693387190461e-06
470,0.007161947502679292,0.007071919145576278,0.001132009844592916,2.4442449400997184,1.8706878807650646,1.7776885509248244,2.4019223651213246,-1.0,3.14,1.494974060324973,-0.6452799562317014,-1.8968910349106354,-1.570566008407978,-1.570397395361705,5.5441736241945705e-06,0.0,0.0,-7.343454251751425e-05,0.00017817312440959743,-0.00010474334087917647,2.926429832239563e-06,5.068670478669546e-06
471,0.007125300715296179,0.007035737375186014,0.001126190320566218,2.4442500574959705,1.8706520627165344,1.7776885644867768,2.401927877971782,-1.0,3.14,1.494901015912489,-0.6451027398087108,-1.8969952116662434,-1.570563098622997,-1.5703923555204955,5.512850457467522e-06,0.0,0.0,-7.304441248412452e-05,0.00017721642299062257,-0.00010417675560803197,2.9097849809645027e-06,5.039841209475426e-06
472,0.007088860421382763,0.006999759433643884,0.0011204038640707046,2.444255146019821,1.8706164464415937,1.7776885779713558,2.4019333597055796,-1.0,3.14,1.4948283592929696,-0.6449264742522757,-1.8970988253343308,-1.57056020537198,-1.5703873443164975,5.481733797552124e-06,0.0,0.0,-7.265661951927349e-05,0.00017626555643512898,-0.00010361366808742112,2.893251016988785e-06,5.0112039979843814e-06
473,0.007052625264885431,0.006963983982848128,0.0011146502552242552,2.4442602058612155,1.870581030615691,1.7776885913790812,2.401938810527563,-1.0,3.14,1.4947560881460094,-0.6447511537702051,-1.8972018793866399,-1.5705573285449443,-1.5703823615592194,5.450821983554732e-06,0.0,0.0,-7.227114696028991e-05,0.00017532048207058448,-0.0001030540523090373,2.8768270357026893e-06,4.9827572781158125e-06
474,0.007016593900621633,0.006928409695419151,0.0011089292758601017,2.4442652372085742,1.8705458139248874,1.7776886047104676,2.4019442306409333,-1.0,3.14,1.4946842001677196,-0.6445767726125965,-1.8973043772691436,-1.5705544680328016,-1.5703774070597194,5.420113370124824e-06,0.0,0.0,-7.188797828971971e-05,0.00017438115760859407,-0.00010249788250371594,2.8605121427105473e-06,4.954499499998377e-06
475,0.006980764994170982,0.006893035254592848,0.0011032407092337701,2.44427024024881,1.8705107950657525,1.7776886179660254,2.4019496202472617,-1.0,3.14,1.4946126930705848,-0.6444033250714555,-1.8974063224022812,-1.5705516237273505,-1.5703724806305908,5.389606328343177e-06,0.0,0.0,-7.15070971348819e-05,0.00017344754114101413,-0.00010194513313765974,2.844305451166207e-06,4.9264291286377215e-06
476,0.00694513722177203,0.006857859354119051,0.0010975843411358832,2.44427521516734,1.8704759727452624,1.7776886311462614,2.4019549795465074,-1.0,3.14,1.4945415645833195,-0.6442308054803205,-1.8975077181811915,-1.5705487955212662,-1.5703675820859464,5.359299245721871e-06,0.0,0.0,-7.112848726520404e-05,0.0001725195911349564,-0.00010139577891021823,2.8282060842155232e-06,4.89854464436057e-06
477,0.006909709270215353,0.006822880698155769,0.0010919599585981553,2.444280162148103,1.8704413456806963,1.7776886442516782,2.4019603087370323,-1.0,3.14,1.4944708124507282,-0.6440592082138911,-1.8976085679759436,-1.5705459833080933,-1.570362711241404,5.329190524872018e-06,0.0,0.0,-7.075213259133406e-05,0.00017159726642945738,-0.00010084979475211142,2.812213172997957e-06,4.870844542370634e-06
478,0.006874479836740392,0.00678809800116688,0.0010863673501930072,2.4442850813735704,1.870406912599534,1.7776886572827733,2.401965608015616,-1.0,3.14,1.4944004344335653,-0.6438885276876597,-1.8977088751317648,-1.5705431869822357,-1.5703578679140706,5.299278583947853e-06,0.0,0.0,-7.03780171629198e-05,0.00017068052623137042,-0.00010030715582121097,2.796325857534754e-06,4.843327333414749e-06
479,0.006839447628935001,0.00675350998782444,0.0010808063067523496,2.444289973024765,1.87037267223936,1.777688670240041,2.4019708775774733,-1.0,3.14,1.4943304283083974,-0.6437187583575488,-1.8978086429692664,-1.5705404064389499,-1.5703530519225282,5.269561857090821e-06,0.0,0.0,-7.000612516794291e-05,0.00016976933011092488,-9.976783750165197e-05,2.780543285840764e-06,4.815991542450604e-06
480,0.006804611364631728,0.0067191153929050855,0.0010752766200424484,2.4442948372812707,1.870338623347761,1.7776886831239718,2.401976117616267,-1.0,3.14,1.4942607918674657,-0.6435498947195506,-1.897907874784667,-1.5705376415743348,-1.5703482630868193,5.240038793541402e-06,0.0,0.0,-6.963644093160859e-05,0.0001688636379981734,-9.92318154005023e-05,2.764864615034668e-06,4.788835708868788e-06
481,0.006769969771810242,0.006684912961194796,0.0010697780843023808,2.4442996743212504,1.870304764682231,1.777688695935051,2.401981328324124,-1.0,3.14,1.4941915229185527,-0.6433819313093715,-1.8980065738500123,-1.5705348922853244,-1.5703435012284324,5.210707857195018e-06,0.0,0.0,-6.926894891301494e-05,0.0001679634101791061,-9.869906534532014e-05,2.749289010450795e-06,4.761858386936879e-06
482,0.00673552158849651,0.006650901447389159,0.0010643104951169305,2.444304484321456,1.8702710950100732,1.7776887086737614,2.4019865098916506,-1.0,3.14,1.4941226192848465,-0.6432148627020801,-1.8981047434133944,-1.5705321584696792,-1.5703387661702874,5.181567526602038e-06,0.0,0.0,-6.890363370626318e-05,0.0001670686072914318,-9.816956338215554e-05,2.733815645195037e-06,4.735058144911264e-06
483,0.006701265562667718,0.006617079615998316,0.0010588736490920714,2.444309267457243,1.870237613108305,1.7776887213405808,2.4019916625079465,-1.0,3.14,1.4940540788048093,-0.6430486835117585,-1.8982023866991666,-1.5705294400259786,-1.5703340577367226,5.15261629585595e-06,0.0,0.0,-6.854048003712698e-05,0.00016617919032158035,-9.764328577221981e-05,2.718443700588935e-06,4.7084335648150955e-06
484,0.0066672004521540216,0.006583446241252355,0.001053467345837997,2.444314023902588,1.8702043177635657,1.7776887339359835,2.40199678636062,-1.0,3.14,1.493985899332047,-0.6428833883911586,-1.8982995069081576,-1.5705267368536122,-1.5703293757534795,5.123852673705187e-06,0.0,0.0,-6.817947276238634e-05,0.00016529512059992868,-9.712020899099727e-05,2.703172366391726e-06,4.681983243104426e-06
485,0.006633325024543279,0.006550000107006026,0.0010480913851396432,2.444318753830096,1.8701712077720212,1.7776887464604398,2.4020018816358024,-1.0,3.14,1.4939180787351782,-0.6427189720313607,-1.8983961072178823,-1.5705240488527725,-1.5703247200476902,5.09527518222086e-06,0.0,0.0,-6.782059686871733e-05,0.00016441635979780322,-9.660030972469258e-05,2.688000839690119e-06,4.65570578933594e-06
486,0.006599638057087355,0.006516740006647088,0.0010427455687232097,2.444323457411016,1.8701382819392731,1.777688758914417,2.4020069485181605,-1.0,3.14,1.493850614897707,-0.642555429161437,-1.8984921907827506,-1.5705213759244463,-1.5703200904478627,5.066882358129021e-06,0.0,0.0,-6.746383747113782e-05,0.00016354286992370515,-9.608356486823233e-05,2.6729283262305614e-06,4.62959982749922e-06
487,0.006566138336608502,0.006483664743002666,0.0010374297010063616,2.444328134815259,1.8701055390802674,1.7776887712983773,2.402011987190914,-1.0,3.14,1.4937835057178963,-0.6423927545481174,-1.8985877607342743,-1.5705187179704077,-1.5703154867838685,5.038672753254758e-06,0.0,0.0,-6.710917981078701e-05,0.0001626746133196466,-9.556995152371073e-05,2.6579540386428846e-06,4.603663994240392e-06
488,0.0065328246594089515,0.006450773128251012,0.001032143586643311,2.4443327862113997,1.8700729780192051,1.7776887836127802,2.402016997835845,-1.0,3.14,1.4937167491086407,-0.6422309429954598,-1.8986828201812707,-1.5705160748932099,-1.5703109088869285,5.010644931413566e-06,0.0,0.0,-6.675660925559157e-05,0.00016181155265759806,-9.50594469963928e-05,2.6430771977725698e-06,4.577896939972348e-06
489,0.0064996958311789085,0.006418063983831379,0.0010268870323175733,2.4443374117667003,1.8700405975894547,1.7776887958580814,2.4020219806333176,-1.0,3.14,1.4936503429973436,-0.6420699893445239,-1.8987773722100654,-1.5705134465961779,-1.5703063565896007,4.982797472408151e-06,0.0,0.0,-6.640611129715701e-05,0.0001609536509359355,-9.455202879471436e-05,2.628297032014615e-06,4.552297327764521e-06
490,0.006466750666904437,0.006385536140352206,0.0010216598457638967,2.4443420116471164,1.8700083966334604,1.7776888080347317,2.4020269357622848,-1.0,3.14,1.4935842853257937,-0.6419098884730478,-1.898871419884692,-1.5705108329834012,-1.5703018297257665,4.955128967143452e-06,0.0,0.0,-6.605767154987952e-05,0.00016010087147610985,-9.404767462672936e-05,2.6136127766474004e-06,4.526863834231065e-06
491,0.006433987990782461,0.006353188437507022,0.0010164618373803168,2.4443465860173137,1.8699763740026594,1.7776888201431804,2.4020318634003073,-1.0,3.14,1.493518574050043,-0.6417506352951287,-1.8989649662470898,-1.570508233959726,-1.5702973281306183,4.927638022511616e-06,0.0,0.0,-6.571127575072389e-05,0.0001592531779190942,-9.354636239766734e-05,2.5990236751649576e-06,4.501595148198589e-06
492,0.0064014066361304,0.006321019723987368,0.0010112928181562199,2.4443511350406757,1.869944528557395,1.7776888321838717,2.4020367637235642,-1.0,3.14,1.4934532071402864,-0.6415922247609065,-1.8990580143172993,-1.570505649430748,-1.5702928516406467,4.900323256951111e-06,0.0,0.0,-6.536690975655901e-05,0.00015841053422216422,-9.304807020948935e-05,2.5845289779447e-06,4.476489971594333e-06
493,0.0063690054453005,0.006289028857394686,0.0010061526006250013,2.4443556588793207,1.8699128591668304,1.777688844157247,2.402041636906867,-1.0,3.14,1.4933881825807425,-0.6414346518562514,-1.899150567093656,-1.5705030793028052,-1.5702884000936277,4.873183302667172e-06,0.0,0.0,-6.502455954393582e-05,0.0001575729046551233,-9.255277635666914e-05,2.570127942913558e-06,4.451547019002078e-06
494,0.006336783269591718,0.006257214704159045,0.0010010409989580432,2.4443601576941107,1.8698813647088672,1.7776888560637432,2.4020464831236716,-1.0,3.14,1.4933234983695354,-0.6412779116024536,-1.8992426275529817,-1.5705005234829708,-1.570283973328611,4.846216804743619e-06,0.0,0.0,-6.468421120708889e-05,0.00015674025379774914,-9.206045932574902e-05,2.555819834437756e-06,4.42676501677397e-06
495,0.006304738969168936,0.006225576139452324,0.0009959578286146576,2.444364631644664,1.8698500440700603,1.7776888679037948,2.402051302546093,-1.0,3.14,1.4932591525185777,-0.6411219990559178,-1.8993341986507737,-1.5704979818790457,-1.5702795711859066,4.8194224211428605e-06,0.0,0.0,-6.434585095771439e-05,0.0001559125465357969,-9.157109779200923e-05,2.5416039250991673e-06,4.402142704362788e-06
496,0.006272871412975516,0.006194112047108536,0.000990902907100679,2.444369080889366,1.8698188961455382,1.7776888796778327,2.4020560953449155,-1.0,3.14,1.4931951430534551,-0.6409669093078595,-1.8994252833213927,-1.5704954543995524,-1.570275193507074,4.79279882270589e-06,0.0,0.0,-6.400946512252759e-05,0.00015508974805833464,-9.108467061902381e-05,2.5274794932528266e-06,4.377678832545584e-06
497,0.006241179478650845,0.0061628213195379184,0.0009858760527223292,2.444373505585384,1.869787919838919,1.7776888913862834,2.4020608616896086,-1.0,3.14,1.493131468013312,-0.6408126374840054,-1.8995158844782478,-1.5704929409537274,-1.5702708401349097,4.766344693152291e-06,0.0,0.0,-6.367504014304082e-05,0.00015427182385407967,-9.060115685510794e-05,2.513445825025329e-06,4.353372164311864e-06
498,0.006209662052449008,0.006131702857650157,0.0009808770851117482,2.4443779058886763,1.8697571140622333,1.7776889030295715,2.402065601748336,-1.0,3.14,1.4930681254507376,-0.6406591787442967,-1.8996060050139798,-1.5704904414515142,-1.5702665109134348,4.740058727303875e-06,0.0,0.0,-6.334256257445325e-05,0.00015345873970873392,-9.012053573198564e-05,2.4995022132046074e-06,4.329221474863587e-06
499,0.006178318029160697,0.006100755570774304,0.0009759058257679048,2.4443822819540024,1.869726477735846,1.7776889146081172,2.4020703156879692,-1.0,3.14,1.493005113431654,-0.6405065282825951,-1.899695647800643,-1.5704879558035572,-1.570262205687884,4.713939633305131e-06,0.0,0.0,-6.30120190836525e-05,0.00015265046170154228,-8.964278666323544e-05,2.485647957017889e-06,4.305225550726988e-06
500,0.006147146312023733,0.006069978376573778,0.0009709620970123318,2.4443866339349376,1.8696960097883712,1.7776889261223376,2.402075003674101,-1.0,3.14,1.4929424300352052,-0.6403546813263925,-1.8997848156898842,-1.5704854839211946,-1.5702579243046941,4.687986131735045e-06,0.0,0.0,-6.268339644877052e-05,0.00015184695620262811,-8.91678892411818e-05,2.4718823625757835e-06,4.281383189974619e-06
501,0.006116145812656681,0.006039370200977092,0.0009660457232103339,2.4443909619838813,1.8696657091566045,1.7776889375726472,2.4020796658710557,-1.0,3.14,1.4928800733536474,-0.6402036331365234,-1.8998735115131211,-1.5704830257164522,-1.570253666611492,4.662196954718922e-06,0.0,0.0,-6.235668155785135e-05,0.0001510481898691074,-8.869582323689507e-05,2.458204742428194e-06,4.257693202225354e-06
502,0.006085315450969143,0.006008929978093133,0.0009611565304116618,2.4443952662520685,1.869635574785438,1.7776889489594558,2.4020843024419016,-1.0,3.14,1.4928180414922394,-0.64005337900688,-1.8999617380817173,-1.570480581102036,-1.5702494324570833,4.636570845928389e-06,0.0,0.0,-6.203186140796291e-05,0.00015025412964342344,-8.822656859619471e-05,2.4446144162304506e-06,4.234154408644386e-06
503,0.006054654155091133,0.005978656650138866,0.0009562943441214848,2.4443995468895836,1.8696056056277905,1.7776889602831718,2.402088913548463,-1.0,3.14,1.4927563325691358,-0.6399039142641306,-1.9000494981871565,-1.5704781499913263,-1.5702452216914422,4.611106561469569e-06,0.0,0.0,-6.170892310364273e-05,0.00014946474274935007,-8.77601054392052e-05,2.4311107096330886e-06,4.210765641055048e-06
504,0.0060241608612950324,0.005948549167363476,0.0009514589933034254,2.4444038040453653,1.8695758006445304,1.777688971544199,2.4020934993513317,-1.0,3.14,1.4926949447152795,-0.6397552342674415,-1.900136794601215,-1.570475732298372,-1.5702410341656996,4.5858028685508145e-06,0.0,0.0,-6.13878538562318e-05,0.00014867999668910503,-8.729641405857969e-05,2.417692954281847e-06,4.187525742604947e-06
505,0.005993834513913683,0.005918606487968984,0.000946650306764086,2.4444080378672237,1.8695461588043987,1.7776889827429385,2.402098060009878,-1.0,3.14,1.492633876074297,-0.6396073344082003,-1.9002236300761313,-1.570473327937883,-1.5702368697321318,4.560658546370888e-06,0.0,0.0,-6.106864098254228e-05,0.0001478998592412406,-8.683547491616928e-05,2.4043604889278924e-06,4.164433567765968e-06
506,0.005963674065279075,0.005888827578046085,0.000941868116498127,2.444412248501845,1.8695166790839444,1.7776889938797886,2.4021025956822624,-1.0,3.14,1.4925731248023926,-0.6394602101097431,-1.9003100073447743,-1.5704709368252248,-1.5702327282441508,4.535672384342604e-06,0.0,0.0,-6.075127190441343e-05,0.00014712429845720187,-8.637726864302309e-05,2.3911126583175957e-06,4.141487981002001e-06
507,0.005933678475633341,0.005859211411490063,0.0009371122530788068,2.444416436094808,1.8694873604674422,1.7776890049551444,2.4021071065254476,-1.0,3.14,1.4925126890682463,-0.6393138568270845,-1.9003959291208112,-1.570468558876412,-1.5702286095562925,4.510843185201452e-06,0.0,0.0,-6.043573414626913e-05,0.0001463532826585512,-8.592177603694573e-05,2.3779488127484427e-06,4.1186878583232556e-06
508,0.005903846713064996,0.005829756969935814,0.0009323825501943246,2.444420600790588,1.8694582019468275,1.7776890159693972,2.4021115926952077,-1.0,3.14,1.4924525670529107,-0.6391682700466502,-1.900481398098872,-1.5704661940081024,-1.570224513524207,4.486169760120617e-06,0.0,0.0,-6.012201533556194e-05,0.00014558678043430362,-8.546897806072096e-05,2.364868309623347e-06,4.096032085509904e-06
509,0.005874177753433204,0.005800463242683995,0.0009276788428598785,2.4444247427325716,1.8694292025216237,1.7776890269229357,2.4021160543461417,-1.0,3.14,1.4923927569497095,-0.639023445286012,-1.9005664169547116,-1.5704638421375907,-1.5702204400046478,4.461650934040051e-06,0.0,0.0,-5.981010320121882e-05,0.00014482476063826244,-8.501885583966917e-05,2.351870511674292e-06,4.073519559222305e-06
510,0.005844670580296525,0.005771329226630707,0.0009230009667765746,2.4444288620630656,1.8694003611988723,1.777689037816147,2.4021204916316825,-1.0,3.14,1.4923332569641368,-0.6388793780936257,-1.900650988345373,-1.5704615031828029,-1.5702163888554612,4.437285540781488e-06,0.0,0.0,-5.9499985572752934e-05,0.00014406719238624355,-8.457139066142538e-05,2.3389547878505113e-06,4.051149186556913e-06
511,0.005815324184840967,0.005742353926196786,0.0009183487586371411,2.444432958923305,1.869371676993063,1.7776890486494126,2.402124904704108,-1.0,3.14,1.4922740653137585,-0.6387360640485724,-1.9007351149093468,-1.57045917706229,-1.5702123599355766,4.413072425712983e-06,0.0,0.0,-5.919165037826524e-05,0.00014331404505329992,-8.412656397371876e-05,2.3261205128743967e-06,4.028919884602189e-06
512,0.005786137565812982,0.0057135363532606325,0.0009137220576554018,2.444437033453467,1.8693431489260677,1.777689059423113,2.402129293714552,-1.0,3.14,1.4922151802281132,-0.6385934987603012,-1.900818799266728,-1.5704568636952227,-1.570208353104996,4.389010443972552e-06,0.0,0.0,-5.888508564533268e-05,0.0001425652882711681,-8.368435738126401e-05,2.3133670672415008e-06,4.0068305806606475e-06
513,0.005757109729447474,0.00568487552708799,0.0009091207025009023,2.4444410857926746,1.8693147760270699,1.777689070137625,2.402133658813015,-1.0,3.14,1.4921565999486148,-0.6384516778683754,-1.9009020440193747,-1.5704545630013849,-1.5702043682247842,4.365098462688621e-06,0.0,0.0,-5.858027949834366e-05,0.0001418208919258257,-8.324475264664954e-05,2.3006938378866693e-06,3.984880211804764e-06
514,0.005728239689399918,0.005656370474265541,0.0009045445342760604,2.4444451160790135,1.8692865573325002,1.7776890807933234,2.4021380001483736,-1.0,3.14,1.492098322728456,-0.6383105970422209,-1.9009848517510612,-1.5704522749011687,-1.5702004051570588,4.341335358759579e-06,0.0,0.0,-5.8277220158720056e-05,0.0001410808261544938,-8.280773168656275e-05,2.28810021618564e-06,3.963067725321068e-06
515,0.005699526466677699,0.005628020228633008,0.0008999933953893789,2.4444491244495343,1.869258491885968,1.7776890913905792,2.402142317868392,-1.0,3.14,1.4920403468325136,-0.6381702519808774,-1.9010672250276333,-1.5704499993155683,-1.5701964637649808,4.3177200184096876e-06,0.0,0.0,-5.7975895942474764e-05,0.00014034506134352753,-8.237327657201199e-05,2.275585600397534e-06,3.941392078044004e-06
516,0.005670969089576433,0.00559982383121778,0.000895467128393181,2.4444531110402683,1.869230578738198,1.7776891019297598,2.402146612119731,-1.0,3.14,1.4919826705372525,-0.6380306384127518,-1.901149166397158,-1.5704477361661744,-1.5701925439127444,4.294251338965438e-06,0.0,0.0,-5.767629526109985e-05,0.00013961356812564052,-8.194136952477393e-05,2.2631493938884972e-06,3.919852236355936e-06
517,0.005642566593608141,0.005571780330169967,0.0008909655780251188,2.4444570759862323,1.8692028169469646,1.7776891124112315,2.4021508830479594,-1.0,3.14,1.4919252921306323,-0.6378917520953743,-1.9012306783900752,-1.5704454853751695,-1.570188645465568,4.270928228411464e-06,0.0,0.0,-5.73784066202343e-05,0.00013888631737746238,-8.151199291717148e-05,2.250791004909658e-06,3.898447176409192e-06
518,0.005614318021442028,0.0055438887806966855,0.0008864885898045311,2.4444610194214413,1.8691752055770279,1.7776891228353577,2.4021551307975626,-1.0,3.14,1.491868209912015,-0.6377535888151572,-1.9013117635193455,-1.5704432468653213,-1.570184768289684,4.247749603170092e-06,0.0,0.0,-5.7082218617221514e-05,0.00013816328021709623,-8.108512927029743e-05,2.2385098481514376e-06,3.877175884126061e-06
519,0.005586222422834022,0.005516148244998743,0.0008820360100955441,2.444464941478915,1.8691477437000705,1.7776891332024978,2.4021593555119534,-1.0,3.14,1.4918114221920735,-0.6376161443871554,-1.9013924242805984,-1.570441020559978,-1.5701809122523303,4.224714390765882e-06,0.0,0.0,-5.6787719941553405e-05,0.00013744442800178724,-8.066076125290422e-05,2.2263053434112834e-06,3.856037353644481e-06
520,0.005558278854567526,0.005488557792207777,0.0008776076869305187,2.4444688422906857,1.8691204303946354,1.777689143513009,2.4021635573334805,-1.0,3.14,1.4917549272926995,-0.6374794146548299,-1.9014726631522767,-1.5704388063830625,-1.5701770772217405,4.201821527161087e-06,0.0,0.0,-5.649489937398222e-05,0.00013672973232548014,-8.023887167829535e-05,2.214176915371624e-06,3.835030589760535e-06
521,0.005530486380384465,0.005461116498322695,0.0008732034698406441,2.444472721987812,1.869093264746063,1.7776891537672466,2.4021677364034404,-1.0,3.14,1.4916987235469141,-0.6373433954898138,-1.901552482595782,-1.5704366042590678,-1.5701732630671352,4.179069959864279e-06,0.0,0.0,-5.620374578541032e-05,0.00013601916501615463,-7.981944350521353e-05,2.2021239947100923e-06,3.8141546052639086e-06
522,0.0055028440709279335,0.005433823446147659,0.0008688232078914593,2.444476580700384,1.86906624584643,1.7776891639655619,2.4021718928620848,-1.0,3.14,1.4916428092987786,-0.6372080827916797,-1.901631885055616,-1.5704344141130513,-1.5701694696587125,4.156458644377636e-06,0.0,0.0,-5.59142481355579e-05,0.00013531269813404911,-7.940245983406591e-05,2.1901460165452136e-06,3.7934084227142506e-06
523,0.005475351003676899,0.005406677725232825,0.0008644667533089511,2.4444804185575326,1.8690393727944905,1.7776891741083043,2.4021760268486303,-1.0,3.14,1.4915871829033058,-0.6370734724877108,-1.9017108729595231,-1.5704322358706297,-1.5701656968676392,4.133986545529211e-06,0.0,0.0,-5.562639547274095e-05,0.00013461030396888507,-7.898790390714616e-05,2.178242421546628e-06,3.77279107333095e-06
524,0.0054480062628851755,0.005379678431811042,0.0008601339579869416,2.4444842356874372,1.8690126446956132,1.7776891841958204,2.4021801385012687,-1.0,3.14,1.491531842726373,-0.6369395605326732,-1.9017894487186293,-1.5704300694579738,-1.5701619445660422,4.111652638361107e-06,0.0,0.0,-5.5340176932761054e-05,0.00013391195503764663,-7.857575910619197e-05,2.1664126559350905e-06,3.752301596993135e-06
525,0.005420808939521188,0.005352824668739945,0.0008558246753358632,2.4444880322173383,1.8689860606617248,1.7776891942284547,2.402184227957176,-1.0,3.14,1.4914767871446348,-0.6368063429085908,-1.9018676147275813,-1.5704279148018039,-1.5701582126269995,4.089455907241302e-06,0.0,0.0,-5.505558173823921e-05,0.00013321762408236015,-7.816600895194092e-05,2.1546561699281597e-06,3.731939042683763e-06
526,0.005393758131209362,0.005326115545443044,0.0008515387601011898,2.4444918082735403,1.8689596198112506,1.7776892042065486,2.40218829535252,-1.0,3.14,1.4914220145454378,-0.6366738156245226,-1.9019453733646825,-1.5704257718293841,-1.570154500924532,4.067395344087288e-06,0.0,0.0,-5.477259919706157e-05,0.0001325272840682068,-7.775863710124398e-05,2.142972419738598e-06,3.711702467601441e-06
527,0.005366852942167114,0.00529955017784821,0.0008472760673892972,2.444495563981422,1.8689333212690542,1.7776892141304406,2.4021923408224715,-1.0,3.14,1.4913675233267354,-0.636541974716342,-1.90202272699203,-1.5704236404685181,-1.5701508093335936,4.0454699514747006e-06,0.0,0.0,-5.4491218702379385e-05,0.00013184090818063599,-7.73536273475095e-05,2.13136086602006e-06,3.6915909382706502e-06
528,0.005340092483148496,0.005273127688332593,0.0008430364542969956,2.4444992994654497,1.8689071641663837,1.7776892240004671,2.4021963645012123,-1.0,3.14,1.4913133118970032,-0.6364108162465182,-1.902099677955648,-1.5704215206475438,-1.570147137730065,4.023678740860959e-06,0.0,0.0,-5.421142973216497e-05,0.00013115846982381107,-7.695096361803877e-05,2.1198209743111818e-06,3.6716035285433435e-06
529,0.005313475871387126,0.005246847205665066,0.0008388197786779925,2.4445030148491766,1.8688811476408131,1.7776892338169625,2.4022003665219436,-1.0,3.14,1.4912593786751565,-0.6362803363039,-1.9021762285856205,-1.5704194122953288,-1.5701434859907433,4.002020731252998e-06,0.0,0.0,-5.3933221846769186e-05,0.00013047994261816687,-7.655062997247164e-05,2.1083522150355805e-06,3.6517393218193916e-06
530,0.005287002230535012,0.005220707864946874,0.0008346258994673445,2.444506710255257,1.868855270836185,1.7776892435802578,2.4022043470168946,-1.0,3.14,1.491205722090467,-0.636150531003502,-1.9022523811962238,-1.570417315341265,-1.5701398539933344,3.980494950983626e-06,0.0,0.0,-5.3656584689365516e-05,0.00012980530039796712,-7.615261060323064e-05,2.0969540637238993e-06,3.6319974088261375e-06
531,0.005260670690607893,0.005194708807558187,0.0008304546751434907,2.4445103858054544,1.868829532902557,1.7776892532906818,2.4022083061173327,-1.0,3.14,1.4911523405824818,-0.636021396486292,-1.902328138086056,-1.570415229715265,-1.5701362416164455,3.959100438155616e-06,0.0,0.0,-5.338150798528396e-05,0.0001291345172100833,-7.575688983219031e-05,2.085626000125629e-06,3.6123768889506636e-06
532,0.005234480387929829,0.005168849181101798,0.00082630596859254,2.4445140416206446,1.8688039329961461,1.7776892629485608,2.4022122439535702,-1.0,3.14,1.4910992326009413,-0.6358929289189812,-1.9024035015381662,-1.570413155347756,-1.5701326487395757,3.937836237533077e-06,0.0,0.0,-5.3107981540456706e-05,0.0001284675673107749,-7.53634521102331e-05,2.074367508875241e-06,3.5928768697957025e-06
533,0.005208430465075752,0.005143128139348231,0.000822179639965907,2.444517677820829,1.8687784702792745,1.7776892725542193,2.402216160654974,-1.0,3.14,1.4910463966057,-0.6357651244938165,-1.9024784738201823,-1.5704110921696768,-1.5701290752431094,3.91670140365008e-06,0.0,0.0,-5.283599524141813e-05,0.00012780442516469037,-7.497228201613915e-05,2.063178079270145e-06,3.5734964662914592e-06
534,0.005182520070817493,0.005117544842180727,0.0008180755534349205,2.4445212945251398,1.8687531439203149,1.7776892821079788,2.402220056349973,-1.0,3.14,1.4909938310666464,-0.6356379794283744,-1.9025530571844378,-1.5704090401124717,-1.570125521008307,3.895694999034305e-06,0.0,0.0,-5.2565539053528454e-05,0.00012714506544209137,-7.458336425547607e-05,2.0520572050486408e-06,3.5542348024719672e-06
535,0.005156748360067352,0.005092098455541355,0.0008139935721470432,2.4445248918518465,1.8687279530936374,1.7776892916101588,2.402223931166067,-1.0,3.14,1.490941534463625,-0.635511489965357,-1.9026272538680955,-1.570406999108087,-1.5701219859172981,3.874816094207034e-06,0.0,0.0,-5.229660302141781e-05,0.0001264894630174096,-7.419668365771237e-05,2.041004384834011e-06,3.5350910088105536e-06
536,0.005131114493826162,0.005066788151378672,0.0008099335612530646,2.444528469918365,1.8687028969795574,1.7776893010610757,2.4022277852298353,-1.0,3.14,1.4908895052863578,-0.6353856523723906,-1.9027010660932733,-1.5704049690889657,-1.5701184698530735,3.854063768127247e-06,0.0,0.0,-5.20291772672099e-05,0.0001258375929663602,-7.381222517777175e-05,2.0300191212463403e-06,3.5160642246623297e-06
537,0.005105617639128476,0.005041613107594393,0.0008058953863415615,2.4445320288412677,1.8686779747642834,1.7776893104610443,2.402231618666944,-1.0,3.14,1.4908377420343668,-0.6352604629418254,-1.9027744960671658,-1.5704029499880439,-1.570114972699477,3.833437108635707e-06,0.0,0.0,-5.17632519909661e-05,0.00012518943056527565,-7.34299738924804e-05,2.0191009217906952e-06,3.497153596487834e-06
538,0.005080256968991539,0.00501657250799259,0.0008018789148712232,2.4445355687362844,1.868653185639866,1.777689319810377,2.4022354316021537,-1.0,3.14,1.4907862432168983,-0.6351359179905374,-1.9028475459821654,-1.570400941738746,-1.5701114943411985,3.8129352097904246e-06,0.0,0.0,-5.1498817468464964e-05,0.00012454495128799703,-7.304991499967883e-05,2.008249297968945e-06,3.478358278519167e-06
539,0.0050550316623606956,0.004991665542225554,0.0007978840137497126,2.444539089718316,1.8686285288041449,1.7776893291093834,2.4022392241593287,-1.0,3.14,1.490735007352847,-0.6350120138597328,-1.9029202180159843,-1.5703989442749802,-1.5701080346637657,3.7925571749752862e-06,0.0,0.0,-5.123586405142433e-05,0.00012390413080454188,-7.267203381888798e-05,1.9974637657238503e-06,3.459677432759989e-06
540,0.005029940904060968,0.004966891405745936,0.0007939105527122165,2.4445425919014374,1.8686040034607008,1.7776893383583716,2.402242996461444,-1.0,3.14,1.4906840329706799,-0.6348887469147535,-1.9029925143317714,-1.5703969575311345,-1.570104593553538,3.7723021151236935e-06,0.0,0.0,-5.0974382167057186e-05,0.00012326694497932777,-7.229631578709039e-05,1.9867438456611097e-06,3.4411102276532546e-06
541,0.0050049838847387035,0.0049422492997521095,0.0007899584004932296,2.4445460753989097,1.8685796088188025,1.777689347557647,2.4022467486305934,-1.0,3.14,1.4906333186083633,-0.634766113544885,-1.903064437078232,-1.5703949814420728,-1.5701011708976977,3.7521691496067433e-06,0.0,0.0,-5.071436231651738e-05,0.0001226333698685078,-7.192274646050656e-05,1.97608906171709e-06,3.4226558403016583e-06
542,0.0049801598008211686,0.004917738431143424,0.000786027428791812,2.444549540323179,1.868555344093361,1.7776893567075127,2.4022504807879965,-1.0,3.14,1.490582862813289,-0.6346441101631658,-1.903135988389743,-1.5703930159431296,-1.5700977665842435,3.732157403124603e-06,0.0,0.0,-5.045579507445552e-05,0.00012200338171919345,-7.155131151104221e-05,1.965498943157229e-06,3.4043134542471876e-06
543,0.0049554678544579496,0.004893358012465596,0.000782117508406716,2.4445529867858937,1.8685312085048775,1.7776893658082695,2.4022541930540076,-1.0,3.14,1.4905326641422,-0.6345227332061991,-1.9032071703864706,-1.5703910609701068,-1.5700943805019831,3.712266011035581e-06,0.0,0.0,-5.019867108879694e-05,0.00012137695696667894,-7.11819967276206e-05,1.9549730227996776e-06,3.386082260359302e-06
544,0.004930907253476461,0.004869107261866178,0.0007782285123872319,2.4445564148979027,1.868507201279397,1.7776893748602172,2.4022578855481216,-1.0,3.14,1.4904827211611205,-0.6344019791339657,-1.9032779851744828,-1.5703891164592694,-1.5700910125405263,3.692494114027056e-06,0.0,0.0,-4.9942981079631465e-05,0.00012075407223344214,-7.081478801218566e-05,1.94451083745939e-06,3.3679614568349336e-06
545,0.0049064772113286284,0.0048449854030433795,0.0007743603138304474,2.4445598247692684,1.8684833216484598,1.7776893838636512,2.402261558388983,-1.0,3.14,1.4904330324452817,-0.634281844429639,-1.9033484348458636,-1.5703871823473412,-1.5700876625902773,3.6728408612241026e-06,0.0,0.0,-4.9688715838769326e-05,0.00012013470432670204,-7.044967138081226e-05,1.934111928170168e-06,3.349950248976441e-06
546,0.004882176947046564,0.0048209916651985535,0.0007705127873577003,2.444563216509269,1.8684595688490526,1.7776893928188664,2.402265211694392,-1.0,3.14,1.4903835965790533,-0.6341623255994022,-1.9034185214788257,-1.570385258571501,-1.570084330542429,3.6533054093013106e-06,0.0,0.0,-4.94358662284089e-05,0.00011951883023675336,-7.00866329621519e-05,1.9237758401846605e-06,3.332047848303432e-06
547,0.004858005685192399,0.004797125282989814,0.0007666858083180914,2.4445665902264087,1.8684359421235641,1.777689401726155,2.4022688455813133,-1.0,3.14,1.490334412155871,-0.6340434191722666,-1.9034882471378207,-1.5703833450693785,-1.5700810162889547,3.63388692115052e-06,0.0,0.0,-4.918442318224692e-05,0.00011890642713563437,-6.972565899499017e-05,1.913502122530275e-06,3.3142534743291208e-06
548,0.004833962655808541,0.004773385496484212,0.0007628792528405124,2.4445699460284223,1.8684124407197369,1.777689410585808,2.4022724601658814,-1.0,3.14,1.4902854777781689,-0.6339251216998916,-1.9035576138736499,-1.5703814417790505,-1.570077719722602,3.6145845681012645e-06,0.0,0.0,-4.893437770214781e-05,0.00011829747237501742,-6.9366735829135e-05,1.9032903280091773e-06,3.2965663527839695e-06
549,0.004810047094375258,0.004749771551110916,0.0007590929970091925,2.444573284022284,1.8683890638906213,1.7776894193981125,2.402276055563409,-1.0,3.14,1.4902367920573094,-0.633807429756407,-1.9036266237235733,-1.5703795486390364,-1.570074440736886,3.595397527700328e-06,0.0,0.0,-4.868572085947598e-05,0.00011769194348454359,-6.900984992341819e-05,1.8931400140864696e-06,3.2789857158377345e-06
550,0.004786258241761419,0.0047262826976177865,0.000755326920129665,2.4445766043142103,1.8683658108945322,1.777689428163356,2.402279631888394,-1.0,3.14,1.4901883536135145,-0.6336903399382369,-1.903695278711417,-1.5703776655882955,-1.5700711792260829,3.5763249850440104e-06,0.0,0.0,-4.843844379487372e-05,0.0001170898181701574,-6.865498784369706e-05,1.8830507408917896e-06,3.2615108032096884e-06
551,0.004762595344176679,0.004702918192021408,0.00075158090041086,2.4445799070096697,1.868342680995,1.7776894368818208,2.4022831892545264,-1.0,3.14,1.4901401610757998,-0.6335738488639243,-1.9037635808476814,-1.5703757925662223,-1.5700679350852222,3.557366132334039e-06,0.0,0.0,-4.819253771470855e-05,0.00011649107431255246,-6.830213626440873e-05,1.8730220732177116e-06,3.2441408606143085e-06
552,0.004739057653130783,0.004679677295567213,0.0007478548170486156,2.444583192213388,1.8683196734607304,1.7776894455537904,2.4022867277746944,-1.0,3.14,1.4900922130819052,-0.6334579531739589,-1.9038315321296455,-1.5703739295126427,-1.570064708210082,3.5385201679893896e-06,0.0,0.0,-4.7947993894625895e-05,0.00011589568996539512,-6.795128196412925e-05,1.8630535796315684e-06,3.2268751402053653e-06
553,0.004715644425382711,0.004656559274680813,0.0007441485514765321,2.4445864600293543,1.8682967875655572,1.7776894541795434,2.402290247560993,-1.0,3.14,1.4900445082782305,-0.6333426495306054,-1.903899134541473,-1.5703720763678106,-1.5700614984971808,3.5197862984226447e-06,0.0,0.0,-4.770480367466412e-05,0.00011530364335354815,-6.760241182757198e-05,1.8531448320313615e-06,3.2097129012420567e-06
554,0.004692354922899009,0.004633563400924875,0.0007404619844553742,2.444589710560828,1.868274022588399,1.7776894627593585,2.4022937487247282,-1.0,3.14,1.489997045319768,-0.6332279346177335,-1.903966390054316,-1.5703702330724045,-1.5700583058437723,3.5011637353754566e-06,0.0,0.0,-4.746295846258519e-05,0.00011471491287184943,-6.725551284292308e-05,1.843295406089851e-06,3.192653408534696e-06
555,0.004669188412811293,0.004610688950959028,0.0007367949981976817,2.444592943910345,1.8682513778132195,1.7776894712935116,2.4022972313764273,-1.0,3.14,1.4899498228700379,-0.6331138051406505,-1.904033300626417,-1.570368399567523,-1.570055130147838,3.4826516990271728e-06,0.0,0.0,-4.7222449730099925e-05,0.00011412947708300258,-6.69105721009533e-05,1.8335048814765997e-06,3.1756959342210678e-06
556,0.0046461441673670565,0.004587935206489243,0.0007331474758300948,2.444596160179724,1.8682288525289779,1.7776894797822764,2.402300695625842,-1.0,3.14,1.4899028396010239,-0.6330002578259338,-1.9040998682032118,-1.5703665757946819,-1.5700519713080823,3.4642494148862113e-06,0.0,0.0,-4.69832690139782e-05,0.00011354731471668877,-6.656757679479597e-05,1.8237728411918397e-06,3.158839755768028e-06
557,0.004623221463892982,0.004565301454234071,0.0007295193011432337,2.44459935947007,1.8682064460295946,1.7776894882259255,2.4023041415819573,-1.0,3.14,1.4898560941931085,-0.6328872894212668,-1.90416609471743,-1.5703647616958099,-1.570048829223925,3.4459561151223284e-06,0.0,0.0,-4.674540791538284e-05,0.00011296840466701319,-6.622651421817061e-05,1.814098872010561e-06,3.1420841573037706e-06
558,0.00460041958474623,0.0045427869858749095,0.0007259103589453311,2.444602541881785,1.868184157613903,1.7776894966247283,2.4023075693529963,-1.0,3.14,1.4898095853350106,-0.6327748966952748,-1.904231982089195,-1.5703629572132456,-1.5700457037954956,3.4277710390107075e-06,0.0,0.0,-4.65088580978712e-05,0.00011239272599206096,-6.588737176516091e-05,1.8044825642604678e-06,3.1254284293957824e-06
559,0.004577737817274266,0.004520391098017936,0.000722320535118553,2.4446057075145693,1.8681619865856112,1.7776895049789536,2.4023109790464283,-1.0,3.14,1.4897633117237212,-0.6326630764373633,-1.9042975322261235,-1.5703611622897344,-1.5700425949236276,3.409693432043781e-06,0.0,0.0,-4.627361128939356e-05,0.00011182025791145467,-6.555013692843836e-05,1.7949235111558437e-06,3.1088718679406213e-06
560,0.00455517545377433,0.0044981130921505595,0.000718749714822816,2.4446088564674326,1.8681399322532588,1.7776895132888675,2.4023143707689742,-1.0,3.14,1.4897172720644423,-0.6325518254575578,-1.9043627470234226,-1.5703593768684243,-1.570039502509852,3.3917225459312306e-06,0.0,0.0,-4.6039659278962475e-05,0.00011125097980546617,-6.521479729904023e-05,1.78542131012982e-06,3.092413775718228e-06
561,0.00453273179144893,0.004475952274603642,0.0007151977865443255,2.4446119888386924,1.8681179939301797,1.7776895215547337,2.402317744626613,-1.0,3.14,1.4896714650705243,-0.6324411405863449,-1.9044276283639878,-1.5703576008928621,-1.570036426456391,3.3738576385999863e-06,0.0,0.0,-4.580699391798504e-05,0.00011068487121290715,-6.48813405652593e-05,1.7759755621682416e-06,3.0760534608376133e-06
562,0.00451040613236736,0.0044539079565065615,0.0007116646369045918,2.444615104725988,1.8680961709344581,1.7776895297768158,2.402321100724588,-1.0,3.14,1.4896258894634054,-0.6323310186745145,-1.904492178118499,-1.5703558343069914,-1.5700333666661537,3.356097975082406e-06,0.0,0.0,-4.5575607118930606e-05,0.00011012191183046305,-6.454975451108957e-05,1.7665858706994442e-06,3.059790237402993e-06
563,0.004488197783422813,0.004431979453750473,0.00070815015597427,2.4446182042262805,1.8680744625888912,1.7776895379553737,2.402324439167413,-1.0,3.14,1.4895805439725507,-0.632221456593004,-1.9045563981455151,-1.5703540770551478,-1.5700303230427282,3.3384428248517395e-06,0.0,0.0,-4.534549085466466e-05,0.00010956208151047253,-6.422002701622631e-05,1.7572518435926554e-06,3.043623425513786e-06
564,0.00446610605629213,0.004410166086945883,0.0007046542314017255,2.4446212874358606,1.8680528682209478,1.7776895460906665,2.402327760058878,-1.0,3.14,1.489535427335392,-0.6321124512327441,-1.9046202902915699,-1.5703523290820562,-1.5700272954903771,3.3208914653748423e-06,0.0,0.0,-4.511663715867087e-05,0.00010900536025992835,-6.38921460547337e-05,1.7479730916036829e-06,3.027552351042573e-06
565,0.004444130267398769,0.004388467181386573,0.0007011767553489823,2.4446243544503545,1.8680313871627328,1.777689554182951,2.4023310635020576,-1.0,3.14,1.4894905382972687,-0.6320039995045053,-1.904683856391264,-1.5703505903328276,-1.5700242839140317,3.3034431794476404e-06,0.0,0.0,-4.4889038123274716e-05,0.000108451728238812,-6.356609969415672e-05,1.7387492285969586e-06,3.0115763454130473e-06
566,0.0044222697378682625,0.004366882067005696,0.0006977176173137854,2.4446274053647294,1.868010018750943,1.7776895622324826,2.4023343495993132,-1.0,3.14,1.4894458756113682,-0.6318960983387466,-1.9047470982673589,-1.5703488607529557,-1.5700212882192859,3.28609725563922e-06,0.0,0.0,-4.4662685900531685e-05,0.00010790116575865039,-6.324187609485499e-05,1.7295798719896283e-06,2.995694745822064e-06
567,0.0044005237934945105,0.004345410078342739,0.0006942767092092934,2.444630440273297,1.867988762326835,1.777689570239515,2.402337618452301,-1.0,3.14,1.4894014380386678,-0.631788744685465,-1.9048100177308676,-1.5703471402883136,-1.5700183083123906,3.268852987847737e-06,0.0,0.0,-4.44375727004509e-05,0.00010735365328162771,-6.29194635086705e-05,1.7204646420854175e-06,2.979906895239637e-06
568,0.004378891764695328,0.004324050554500133,0.0006908539241675324,2.444633459269722,1.867967617236182,1.777689578204299,2.402340870161979,-1.0,3.14,1.4893572243478765,-0.6316819355140466,-1.9048726165811458,-1.5703454288851506,-1.570015344100249,3.2517096779649535e-06,0.0,0.0,-4.4213690791217175e-05,0.00010680917141836499,-6.259885027826151e-05,1.7114031629628101e-06,2.9642121417428058e-06
569,0.004357372986478641,0.004302802839109082,0.0006874491556291644,2.444636462447024,1.8679465828292403,1.7776895861270856,2.4023441048286105,-1.0,3.14,1.4893132333153785,-0.6315756678131194,-1.9049348966059827,-1.5703437264900892,-1.5700123954904095,3.2346666314353456e-06,0.0,0.0,-4.3991032498080784e-05,0.0001062677009272539,-6.228002483688044e-05,1.7023950613648253e-06,2.948609839403815e-06
570,0.004335966798403011,0.004281666280290033,0.0006840622964055656,2.4446394498975885,1.8679256584607098,1.7776895940081214,2.4023473225517713,-1.0,3.14,1.4892694637251747,-0.6314699385904067,-1.9049968595816897,-1.5703420330501219,-1.5700094623910623,3.2177231608088164e-06,0.0,0.0,-4.3769590203801556e-05,0.00010572922271268048,-6.196297570704168e-05,1.6934399673651512e-06,2.9330993471798905e-06
571,0.004314672544539495,0.004260640230616777,0.0006806932422796138,2.444642421713165,1.8679048434896983,1.7776896018476545,2.402350523430355,-1.0,3.14,1.4892259143688271,-0.6313647448725828,-1.9050585072731883,-1.5703403485126077,-1.5700065447110323,3.2008785835202502e-06,0.0,0.0,-4.354935634753865e-05,0.00010519371782391485,-6.164769149852312e-05,1.6845375141461005e-06,2.9176800300234618e-06
572,0.004293489573434844,0.004239724047079273,0.0006773418885014632,2.444645377984876,1.8678841372796853,1.7776896096459287,2.402353707562578,-1.0,3.14,1.4891825840454036,-0.631260083705129,-1.9051198414340984,-1.5703386728252697,-1.5700036423597745,3.1841322232217806e-06,0.0,0.0,-4.333032342351828e-05,0.00010466116745377896,-6.133416091014254e-05,1.6756873379986104e-06,2.90235125777194e-06
573,0.004272417238072285,0.004218917091045089,0.0006740081311205759,2.444648318803224,1.8678635391984835,1.7776896174031869,2.4023568750459874,-1.0,3.14,1.4891394715614215,-0.6311559521521919,-1.9051808638068248,-1.5703370059361916,-1.570000755247369,3.1674834093387005e-06,0.0,0.0,-4.3112483982143956e-05,0.00010413155293709231,-6.1022372726426966e-05,1.6668890781001977e-06,2.8871124055918074e-06
574,0.004251454895841751,0.004198218728229536,0.00067069186637091,2.4446512442580937,1.8678430486182092,1.7776896251196708,2.4023600259774636,-1.0,3.14,1.4890965757307928,-0.6310523472964424,-1.9052415761226436,-1.5703353477938147,-1.5699978832845152,3.1509314761812846e-06,0.0,0.0,-4.28958306286642e-05,0.00010360485574945066,-6.071231581872283e-05,1.6581423769590486e-06,2.871962853756571e-06
575,0.004230601908494877,0.004177628328651545,0.0006673929930317368,2.4446541544387577,1.8678226649152387,1.777689632795619,2.4023631604532274,-1.0,3.14,1.4890538953747705,-0.6309492662389358,-1.905301980101786,-1.5703336983469354,-1.569995026382527,3.1344757638329668e-06,0.0,0.0,-4.268035602228437e-05,0.00010308105750667096,-6.040397914253148e-05,1.6494468793037953e-06,2.856901988090854e-06
576,0.004209857642116233,0.004157145266606074,0.0006641114091742933,2.4446570494338804,1.867802387470181,1.7776896404312712,2.402366278568845,-1.0,3.14,1.4890114293218935,-0.6308467060989738,-1.9053620774535243,-1.5703320575447013,-1.5699921844533276,3.118115617706252e-06,0.0,0.0,-4.246605287705485e-05,0.00010256013996201574,-6.009735173817532e-05,1.6408022340819173e-06,2.841929199526305e-06
577,0.00418922146708249,0.004136768920623024,0.0006608470121708554,2.4446599293315274,1.8677822156678372,1.777689648026862,2.402369380419234,-1.0,3.14,1.488969176407934,-0.6307446640139673,-1.9054218698762544,-1.5703304253366093,-1.5699893574094441,3.1018503889868043e-06,0.0,0.0,-4.225291395942854e-05,0.0001020420850064152,-5.9792422730131634e-05,1.632208092017251e-06,2.827043883435465e-06
578,0.004168692758032183,0.0041164986734375094,0.0006575997041067474,2.444662794219166,1.867762148897171,1.777689655582627,2.4023724660986683,-1.0,3.14,1.4889271354758447,-0.630643137139301,-1.9054813590575792,-1.5703288016725023,-1.5699865451640034,3.085679434189359e-06,0.0,0.0,-4.20409320893711e-05,0.00010152687466635779,-5.948918132481218e-05,1.6236641069422575e-06,2.8122454407419895e-06
579,0.004148270893828324,0.004096333911952734,0.0006543693841190474,2.44466564418367,1.8677421865512716,1.777689663098799,2.402375535700782,-1.0,3.14,1.488885305375705,-0.6305421226481979,-1.9055405466743902,-1.570327186502566,-1.5699837476307261,3.0696021138254537e-06,0.0,0.0,-4.183010013969479e-05,0.000101014491103113,-5.918761681100726e-05,1.6151699362421112e-06,2.797533277254516e-06
580,0.004127955257523676,0.004076274027206464,0.0006511559531234714,2.4446684793113262,1.867722328027321,1.7776896705756096,2.402378589318577,-1.0,3.14,1.4888436849646705,-0.6304416177315868,-1.9055994343929494,-1.5703255797773266,-1.5699809647239222,3.0536177950679644e-06,0.0,0.0,-4.16204110345042e-05,0.00010050491661106609,-5.888771855921959e-05,1.606725239522433e-06,2.7829068038887073e-06
581,0.004107745236326995,0.0040563184143378546,0.0006479593135419307,2.4446712996878426,1.8677025727265615,1.7776896780132887,2.402381627044427,-1.0,3.14,1.4888022731069201,-0.6303416195979699,-1.9056580238689693,-1.5703239814476473,-1.5699781963584867,3.0377258499747484e-06,0.0,0.0,-4.1411857750306424e-05,9.999813361694088e-05,-5.8589476019887954e-05,1.5983296792754231e-06,2.7683654355570297e-06
582,0.004087640221571986,0.00403646647255427,0.0006447793666105661,2.4446741053983447,1.8676829200542617,1.7776896854120647,2.4023846489700826,-1.0,3.14,1.4887610686736061,-0.6302421254732915,-1.905716316747693,-1.5703223914647266,-1.5699754424498935,3.0219256554886442e-06,0.0,0.0,-4.120443331401269e-05,9.94941246783565e-05,-5.829287872360922e-05,1.5899829206578175e-06,2.7539085931671536e-06
583,0.00406763960867834,0.0040167176050974855,0.0006416160168749003,2.444676896527388,1.8676633694196842,1.777689692772164,2.4023876551866765,-1.0,3.14,1.4887200705428025,-0.6301431326008086,-1.905774314663973,-1.5703208097800947,-1.569972702914192,3.006216593881561e-06,0.0,0.0,-4.099813080360448e-05,9.89928724829392e-05,-5.799791628002815e-05,1.5816846319349764e-06,2.7395357014015076e-06
584,0.004047742797125071,0.003997071219213111,0.0006384691667327146,2.44467967315896,1.8676439202360549,1.7776897000938119,2.402390645784728,-1.0,3.14,1.4886792775994546,-0.6300446382409618,-1.9058320192423501,-1.5703192363456109,-1.5699699776680016,2.990598051422211e-06,0.0,0.0,-4.07929433479115e-05,9.849435984676802e-05,-5.7704578377171245e-05,1.5734344838147507e-06,2.7252461904936354e-06
585,0.004027949190410557,0.0039775267261134995,0.0006353387212988622,2.4446824353764813,1.8676245719205256,1.7776897073772318,2.402393620854149,-1.0,3.14,1.48863868873533,-0.6299466396712484,-1.905889432097131,-1.570317671113461,-1.569967266628507,2.9750694210406436e-06,0.0,0.0,-4.0588864124613266e-05,9.799856971337562e-05,-5.741285478078062e-05,1.5652321498915711e-06,2.7110394946738836e-06
586,0.00400825819602807,0.003958083540952812,0.0006322245853366781,2.4446851832628163,1.8676053238941506,1.7776897146226462,2.4023965804842478,-1.0,3.14,1.488598302848969,-0.6298491341860958,-1.9059465548324641,-1.5703161140361546,-1.5699645697134537,2.959630098775534e-06,0.0,0.0,-4.038588636090523e-05,9.750548515263802e-05,-5.712273533320378e-05,1.5570773064244037e-06,2.696915053279625e-06
587,0.003988669225428116,0.0039387410827897845,0.0006291266643328171,2.4446879169002735,1.867586175581849,1.7776897218302756,2.402399524763735,-1.0,3.14,1.4885581188456356,-0.629752119096736,-1.9060033890424175,-1.5703145650665224,-1.5699618868411438,2.944279487326895e-06,0.0,0.0,-4.018400333349881e-05,9.701508935977543e-05,-5.683420995339361e-05,1.548969632114705e-06,2.6828723098670793e-06
588,0.003969181693986055,0.003919498774557509,0.0006260448656038309,2.4446906363706122,1.8675671264123752,1.7776897290003393,2.402402453780728,-1.0,3.14,1.488518135637268,-0.6296555917310819,-1.9060599363110533,-1.5703130241577141,-1.5699592179304311,2.929016992947453e-06,0.0,0.0,-3.9983208367511125e-05,9.6527365654131e-05,-5.6547268635798176e-05,1.5409088083284672e-06,2.6689107126554035e-06
589,0.003949795020976896,0.003900356043034172,0.0006229790948014835,2.4446933417550434,1.8675481758182892,1.7776897361330546,2.402405367622755,-1.0,3.14,1.4884783521424325,-0.6295595494336041,-1.9061161982125032,-1.5703114912631948,-1.5699565629007166,2.9138420267749154e-06,0.0,0.0,-3.978349483557686e-05,9.604229747772752e-05,-5.626190144991661e-05,1.532894519318262e-06,2.655029714526691e-06
590,0.003930508629536278,0.0038813123188102395,0.0006199292598357859,2.4446960331342398,1.8675293232359254,1.7776897432286376,2.40240826637676,-1.0,3.14,1.4884387672862738,-0.6294639895652091,-1.9061721763110424,-1.5703099663367432,-1.569953921671944,2.8987540052760608e-06,0.0,0.0,-3.9584856158736414e-05,9.555986839504538e-05,-5.597809853918889e-05,1.524926451557107e-06,2.641228772581883e-06
591,0.0039113219466340695,0.003862367036258186,0.0006168952691552744,2.4446987105883355,1.8675105681053612,1.777689750287303,2.4024111501291094,-1.0,3.14,1.488399380000469,-0.6293689095031183,-1.9062278721611627,-1.5703084493324493,-1.5699512941645954,2.8837523493585593e-06,0.0,0.0,-3.93872858048816e-05,9.508006209080211e-05,-5.569585012032974e-05,1.517004293960511e-06,2.6275073485848566e-06
592,0.003892234403043601,0.0038435196335047943,0.0006138770317840864,2.4447013741969323,1.8674919098703908,1.7776897573092643,2.402414018965594,-1.0,3.14,1.48836018922318,-0.6292743066407486,-1.9062832873076463,-1.5703069402047107,-1.5699486802996871,2.8688364843709735e-06,0.0,0.0,-3.9190777288977685e-05,9.460286236973037e-05,-5.5415146483550615e-05,1.509127738552607e-06,2.613864908296293e-06
593,0.003873245433309913,0.0038247695523966506,0.0006108744566328106,2.4447040240391025,1.8674733479784902,1.777689764294733,2.402416872971434,-1.0,3.14,1.4883211938990075,-0.6291801783875933,-1.9063384232856373,-1.5703054389082314,-1.5699460799987652,2.854005840102758e-06,0.0,0.0,-3.899532417239726e-05,9.412825315524564e-05,-5.513597799100545e-05,1.5012964793559291e-06,2.600300921917764e-06
594,0.0038543544757206577,0.00380611623847596,0.0006078874539802956,2.444706660193395,1.8674548818807937,1.7776897712439195,2.4024197122312856,-1.0,3.14,1.4882823929789448,-0.6290865221691047,-1.9063932816207134,-1.5703039453980183,-1.569943493183901,2.8392598516724377e-06,0.0,0.0,-3.8800920062698196e-05,9.365621848866912e-05,-5.4858335076124476e-05,1.4935102130575473e-06,2.58681486431378e-06
595,0.003835560972274612,0.0037875591409455367,0.0006049159344295714,2.44470928273784,1.8674365110320592,1.777689778157033,2.4024225368292433,-1.0,3.14,1.488243785420332,-0.6289933354265774,-1.9064478638289575,-1.5703024596293798,-1.5699409197776868,2.8245979577512514e-06,0.0,0.0,-3.860755861273546e-05,9.318674252722925e-05,-5.458220824405835e-05,1.485768638564977e-06,2.573406214123608e-06
596,0.0038168643686561964,0.003769097712644779,0.0006019598085700835,2.444711891749947,1.867418234890644,1.7776897850342808,2.4024253468488457,-1.0,3.14,1.488205370186811,-0.6289006156170329,-1.906502171417027,-1.570300981557922,-1.5699383597032324,2.8100196023395085e-06,0.0,0.0,-3.841523352110521e-05,9.271980954450587e-05,-5.430758806945768e-05,1.4780714576723142e-06,2.560074454427408e-06
597,0.0037982641142017127,0.0037507314100179256,0.0005990189892244825,2.4447144873067197,1.8674000529184744,1.7776897918758692,2.4024281423730787,-1.0,3.14,1.48816714624828,-0.6288083602131047,-1.9065562058822236,-1.5702995111395481,-1.5699358128841603,2.795524232990232e-06,0.0,0.0,-3.822393853103456e-05,9.225540392820974e-05,-5.403446519669508e-05,1.470418373950011e-06,2.5468190720800976e-06
598,0.0037797596618731194,0.003732459693085915,0.0005960933885464512,2.44471706948465,1.8673819645810166,1.7776897986820028,2.4024309234843813,-1.0,3.14,1.4881291125808498,-0.628716566702925,-1.9066099687125633,-1.5702980483304543,-1.5699332792446017,2.781111302585515e-06,0.0,0.0,-3.803366743015957e-05,9.179351017973847e-05,-5.376283033964313e-05,1.4628090938550997e-06,2.533639558599532e-06
599,0.003761350468227673,0.0037142820254183794,0.0005931829187753788,2.4447196383597274,1.8673639693472497,1.7776898054528856,2.402433690264649,-1.0,3.14,1.4880912681667993,-0.6286252325900121,-1.9066634613868438,-1.5702965930871282,-1.5699307587091924,2.766780267560165e-06,0.0,0.0,-3.784441405052519e-05,9.133411291284421e-05,-5.3492674280564145e-05,1.4552433260650588e-06,2.520535409278324e-06
600,0.0037430359933928754,0.0036961978741077975,0.0005902874941418636,2.444722194007441,1.86734606668964,1.7776898121887184,2.4024364427952376,-1.0,3.14,1.4880536119945313,-0.6285343553931588,-1.906716685374713,-1.570295145366347,-1.569928251203069,2.752530588789881e-06,0.0,0.0,-3.7656172267919175e-05,9.087719685330065e-05,-5.3223987869222e-05,1.447720781255768e-06,2.5075061234058893e-06
601,0.00372481570103422,0.0036782067097366825,0.0005874070282930183,2.444724736502784,1.8673282560841085,1.7776898188897028,2.4024391811569696,-1.0,3.14,1.4880161430585304,-0.6284439326463218,-1.9067696421367357,-1.570293705125174,-1.5699257566518643,2.7383617320353437e-06,0.0,0.0,-3.746893600098389e-05,9.042274683701557e-05,-5.2956762022660087e-05,1.440241172989687e-06,2.4945512047125362e-06
602,0.0037066890583305192,0.0036603080063565404,0.0005845414369592087,2.4447272659202586,1.86731053701001,1.7776898255560376,2.402441905430136,-1.0,3.14,1.4879788603593183,-0.628353961898512,-1.9068223331244607,-1.5702922723209574,-1.5699232749817045,2.724273166165858e-06,0.0,0.0,-3.7282699212104475e-05,8.997074780980885e-05,-5.2690987724979266e-05,1.432804216605632e-06,2.4816701598151525e-06
603,0.0036886555359445265,0.0036425012414551183,0.0005816906342100169,2.4447297823338774,1.867292908950101,1.7776898321879213,2.4024446156945007,-1.0,3.14,1.4879417629034122,-0.6282644407136857,-1.9068747597804863,-1.570290846911327,-1.5699208061192038,2.7102643649357105e-06,0.0,0.0,-3.7097455906076604e-05,8.952118482630222e-05,-5.242665602556151e-05,1.4254096303289998e-06,2.4688625006596965e-06
604,0.0036707146079952477,0.003624785895932165,0.0005788545366546737,2.444732285817171,1.867275371390515,1.7776898387855509,2.4024473120293077,-1.0,3.14,1.4879048497032825,-0.6281753666706372,-1.9069269235385262,-1.5702894288541935,-1.5699183499914617,2.6963348069841686e-06,0.0,0.0,-3.691320012966237e-05,8.907404304847599e-05,-5.21637580399581e-05,1.4180571334954095e-06,2.4561277420787064e-06
605,0.0036528657520337807,0.0036071614540733312,0.0005760330600570041,2.444734776443187,1.8672579238207376,1.7776898453491206,2.402449994513281,-1.0,3.14,1.487868119777311,-0.6280867373628917,-1.9069788258234746,-1.5702880181077445,-1.5699159065260588,2.682483973170946e-06,0.0,0.0,-3.6729925971590305e-05,8.8629307745558e-05,-5.1902284948335264e-05,1.4107464489931942e-06,2.4434654029015235e-06
606,0.0036351084490137985,0.003589627403522195,0.0005732261212728591,2.4447372542844974,1.867240565733578,1.7776898518788258,2.4024526632246306,-1.0,3.14,1.487831572149748,-0.6279985503985994,-1.9070304680514696,-1.5702866146304435,-1.5699134756510527,2.668711349684827e-06,0.0,0.0,-3.654762756299945e-05,8.818696429224726e-05,-5.1642227995030154e-05,1.4034773010429547e-06,2.4308750061763362e-06
607,0.0036174421832652834,0.0035721832352539756,0.0005704336386876293,2.4447397194132017,1.8672232966251434,1.7776898583748584,2.4024553182410577,-1.0,3.14,1.4877952058506732,-0.6279108034004309,-1.907081851629958,-1.5702852183810272,-1.5699110572949744,2.6550164271554877e-06,0.0,0.0,-3.6366299074774844e-05,8.774699816849196e-05,-5.138357848832875e-05,1.396249416307782e-06,2.4183560782820024e-06
608,0.003599866442469293,0.0035548284435514815,0.0005676555303191013,2.4447421719009297,1.8672061159948152,1.7776898648374102,2.402457959639756,-1.0,3.14,1.4877590199159532,-0.6278234940054725,-1.9071329779577575,-1.5702838293185035,-1.5699086513868246,2.6413986984330506e-06,0.0,0.0,-3.618593471998999e-05,8.73093949583792e-05,-5.112632779957771e-05,1.389062523671214e-06,2.405908149816227e-06
609,0.0035823807176319556,0.0035375625259776305,0.0005648917126500673,2.4447446118188445,1.8671890233452215,1.7776898712666716,2.4024605874974188,-1.0,3.14,1.4877230133872015,-0.6277366198651237,-1.9071838484251205,-1.5702824474021493,-1.56990625785607,2.627857662584887e-06,0.0,0.0,-3.600652875168642e-05,8.68741403488027e-05,-5.08704673629623e-05,1.3819163542372337e-06,2.39353075448534e-06
610,0.0035649845030556212,0.00352038498335002,0.0005621421073266431,2.4447470392376482,1.8671720181822122,1.7776898776628316,2.402463201890239,-1.0,3.14,1.4876871853117384,-0.6276501786449945,-1.9072344644137948,-1.5702810725915086,-1.56990387663264,2.614392820454725e-06,0.0,0.0,-3.582807546309574e-05,8.644122012924083e-05,-5.0615988674396206e-05,1.374810640664137e-06,2.381223429992474e-06
611,0.0035476772963197265,0.0035032953197174327,0.0005594066329702772,2.4447494542275865,1.867155100014836,1.7776898840260782,2.402465802893918,-1.0,3.14,1.487651534742551,-0.627564168024804,-1.9072848272970868,-1.5702797048463903,-1.5699015076469225,2.6010036786594526e-06,0.0,0.0,-3.56505691874176e-05,8.601062019053529e-05,-5.036288329196559e-05,1.3677451182747546e-06,2.3689857175934748e-06
612,0.003530458598248194,0.003486293042332457,0.0005566852087135917,2.444751856858446,1.8671382683553126,1.7776898903565972,2.4024683905836635,-1.0,3.14,1.4876160607382538,-0.62747858569828,-1.907334938439921,-1.570278344126866,-1.5698991508297602,2.5876897455923142e-06,0.0,0.0,-3.547400429715353e-05,8.5582326524003e-05,-5.0111142834152744e-05,1.3607195243903192e-06,2.356817162318947e-06
613,0.0035133279128894343,0.0034693776616293794,0.0005539777570393016,2.4447542471995654,1.8671215227190112,1.777689896654575,2.402470965034199,-1.0,3.14,1.4875807623630495,-0.6273934293730593,-1.9073847991989008,-1.5702769903932674,-1.5698968061124474,2.5744505354197145e-06,0.0,0.0,-3.529837520432899e-05,8.515632522065886e-05,-4.9860758979836106e-05,1.353733598552509e-06,2.344717312752209e-06
614,0.003496284747488228,0.003452548691196175,0.00055128419824373,2.444756625319833,1.8671048626244229,1.7776899029201947,2.402473526319764,-1.0,3.14,1.4875456386866899,-0.6273086967705891,-1.9074344109223695,-1.570275643606186,-1.569894473426727,2.561285564972593e-06,0.0,0.0,-3.512367635960523e-05,8.473260247021663e-05,-4.9611723468734326e-05,1.3467870814132255e-06,2.332685720363159e-06
615,0.003479328612464867,0.003435805647755382,0.0005486044544505418,2.4447589912876952,1.8670882875931416,1.7776899091536398,2.4024760745141185,-1.0,3.14,1.4875106887844378,-0.6272243856260284,-1.9074837749504683,-1.5702743037264688,-1.5698921527047858,2.548194354634603e-06,0.0,0.0,-3.4949902252057186e-05,8.431114456064481e-05,-4.936402809874174e-05,1.3398797171770838e-06,2.3207219412846314e-06
616,0.0034624590213860867,0.003419148051133706,0.0005459384472352606,2.4447613451711545,1.8670717971498338,1.777689915355092,2.402478609690548,-1.0,3.14,1.4874759117370282,-0.6271404936881517,-1.9075328926151962,-1.5702729707152183,-1.5698898438792515,2.5351764296743795e-06,0.0,0.0,-3.477704740961762e-05,8.389193787672333e-05,-4.911766472792678e-05,1.3330112504927882e-06,2.3088255343139963e-06
617,0.0034456754909443048,0.003402575424243023,0.0005432860996751678,2.4447636870377796,1.8670553908222205,1.7776899215247313,2.402481131921866,-1.0,3.14,1.4874413066306311,-0.6270570187192519,-1.9075817652404685,-1.5702716445337892,-1.56988754688319,2.522231318025092e-06,0.0,0.0,-3.46051063970787e-05,8.347496889982153e-05,-4.887262527231151e-05,1.3261814291176677e-06,2.296996061357248e-06
618,0.0034289775409339614,0.003386087293055379,0.0005406473335309111,2.444766016954701,1.8670390681410511,1.7776899276627376,2.4024836412804174,-1.0,3.14,1.4874068725568133,-0.6269739584950451,-1.9076303941421735,-1.570270325143787,-1.5698852616501013,2.5093585511726246e-06,0.0,0.0,-3.443407381786834e-05,8.306022420678794e-05,-4.862890170498346e-05,1.3193900021413185e-06,2.2852330887612737e-06
619,0.003412364694223903,0.0033696831865788796,0.0005380220758371425,2.444768334988621,1.867022828640081,1.7776899337692884,2.402486137838082,-1.0,3.14,1.4873726086125014,-0.6268913108045762,-1.9076787806282312,-1.5702690125070662,-1.5698829881139158,2.4965576645996634e-06,0.0,0.0,-3.4263944311829775e-05,8.264769046895104e-05,-4.838648605764995e-05,1.3126367208737832e-06,2.2735361855374947e-06
620,0.0033958364767377115,0.0033533626368339774,0.0005354102478535423,2.4447706412058134,1.867006671856047,1.7776899398445614,2.4024886216662793,-1.0,3.14,1.4873385138999449,-0.6268090734501244,-1.9077269259986496,-1.5702677065857278,-1.5698807262089918,2.4838281973416088e-06,0.0,0.0,-3.409471255655383e-05,8.223735445178626e-05,-4.81453704184176e-05,1.3059213384014612e-06,2.261904924028002e-06
621,0.0033793924174297884,0.0033371251788333126,0.0005328117749442367,2.4447729356721273,1.866990597328648,1.7776899458887319,2.4024910928359713,-1.0,3.14,1.4873045875266793,-0.6267272442471108,-1.9077748315455816,-1.5702664073421178,-1.5698784758701114,2.4711696919865744e-06,0.0,0.0,-3.392637326560255e-05,8.182920301358365e-05,-4.790554693201443e-05,1.2992436100311977e-06,2.250338880349645e-06
622,0.003363032048260203,0.0033209703505556187,0.0005302265825100117,2.4447752184529925,1.8669746046005193,1.777689951901975,2.402493551417666,-1.0,3.14,1.4872708286054899,-0.6266458210240057,-1.9078224985533805,-1.570265114738825,-1.5698762370324784,2.458581694675388e-06,0.0,0.0,-3.3758921189397384e-05,8.142322310511485e-05,-4.766700779890165e-05,1.292603292846195e-06,2.238837633061763e-06
623,0.0033467549041753526,0.0033048976929258146,0.0005276545968496721,2.4447774896134176,1.866958693217212,1.7776899578844643,2.4024959974814197,-1.0,3.14,1.4872372362543758,-0.6265648016222369,-1.9078699282986553,-1.5702638287386796,-1.5698740096317134,2.446063753769323e-06,0.0,0.0,-3.3592351114108965e-05,8.101940176874489e-05,-4.742974527482957e-05,1.286000145261923e-06,2.2274007649425442e-06
624,0.003330560523080486,0.00328890674979054,0.0005250957435092777,2.4447797492179992,1.8669428627271696,1.777689963836372,2.402498431096843,-1.0,3.14,1.4872038095965139,-0.6264841838960995,-1.9079171220503264,-1.5702625493047515,-1.569871793603852,2.433615423402813e-06,0.0,0.0,-3.342665786187915e-05,8.061772613743301e-05,-4.719375167105966e-05,1.279433928136342e-06,2.2160278614347106e-06
625,0.003314448445821379,0.0032729970678964586,0.0005225499485571563,2.444781997330922,1.8669271126817064,1.7776899697578696,2.402500852333102,-1.0,3.14,1.4871705477602237,-0.6264039657126652,-1.9079640810696794,-1.5702612764003474,-1.569869588885341,2.4212362590425585e-06,0.0,0.0,-3.326183629015489e-05,8.021818343428855e-05,-4.695901935303226e-05,1.2729044041037696e-06,2.2047185110896095e-06
626,0.00329841821616062,0.0032571681968703824,0.0005200171403233514,2.444784234015961,1.8669114426349875,1.7776899756491278,2.402503261258923,-1.0,3.14,1.4871374498789323,-0.6263241449516936,-1.9080108066104196,-1.5702600099890098,-1.5698673954130347,2.408925821040242e-06,0.0,0.0,-3.309788129146618e-05,7.982076097157176e-05,-4.6725540740144567e-05,1.2664113375748798e-06,2.193472306233346e-06
627,0.003282469380755752,0.003241419689194366,0.0005174972451825508,2.4447864593364876,1.8668958521440047,1.7776899815103144,2.4025056579425947,-1.0,3.14,1.4871045150911388,-0.6262447195055436,-1.9080572999187255,-1.5702587500345153,-1.5698652131241935,2.3966836715239026e-06,0.0,0.0,-3.293478779342607e-05,7.942544615002767e-05,-4.649330830597265e-05,1.259954494514659e-06,2.1822888411904273e-06
628,0.003266601489136475,0.003225751100186208,0.0005149901918361431,2.4447886733554696,1.8668803407685564,1.7776899873415983,2.402508042451972,-1.0,3.14,1.48707174254038,-0.6261656872790853,-1.908103562233302,-1.5702574965008722,-1.569863041956479,2.3845093770624715e-06,0.0,0.0,-3.2772550758730645e-05,7.903222645833097e-05,-4.62623145764951e-05,1.2535336431085398e-06,2.1711677145042074e-06
629,0.003250814093684453,0.003210161987977439,0.0005124959083545066,2.444790876135476,1.8668649080712265,1.7776899931431471,2.4025104148544796,-1.0,3.14,1.4870391313751967,-0.6260870461896134,-1.908149594785433,-1.5702562493523191,-1.5698608818479516,2.3724025077775934e-06,0.0,0.0,-3.2611165183382695e-05,7.864108947186477e-05,-4.603255213098123e-05,1.2471485530962667e-06,2.160108527382576e-06
630,0.0032351067496106936,0.003194651913492942,0.0005100143243564074,2.4447930677386798,1.8668495536173642,1.7776899989151256,2.402512775217115,-1.0,3.14,1.4870066807490987,-0.6260087941667609,-1.9081953987990334,-1.5702550085533233,-1.5698587327370677,2.3603626355672702e-06,0.0,0.0,-3.245062609802396e-05,7.825202285249855e-05,-4.580401360043673e-05,1.2407989957718968e-06,2.1491108839200024e-06
631,0.003219479014934337,0.0031792204404279324,0.0005075453688772704,2.4447952482268605,1.8668342769750605,1.7776900046576996,2.4025151236064524,-1.0,3.14,1.4869743898205314,-0.625930929152413,-1.9082409754907017,-1.570253774068579,-1.5698565945626763,2.348389337214485e-06,0.0,0.0,-3.2290928567269006e-05,7.786501434792203e-05,-4.557669166826983e-05,1.2344847444278884e-06,2.1381743913195805e-06
632,0.003203930450463775,0.0031638671352297158,0.000505088970812256,2.444797417661407,1.8668190777151312,1.7776900103710316,2.4025174600886436,-1.0,3.14,1.4869422577528428,-0.6258534491006229,-1.9082863260697704,-1.5702525458630048,-1.5698544672640165,2.336482191278577e-06,0.0,0.0,-3.2132067688595e-05,7.748005179009088e-05,-4.535057906873696e-05,1.2282055741330566e-06,2.127298659893029e-06
633,0.00318846061977149,0.0031485915670754873,0.0005026450620228958,2.4447995761033217,1.866803955411094,1.7776900160552858,2.4025197847294244,-1.0,3.14,1.4869102837142494,-0.6257763519775271,-1.9083314517383576,-1.5702513239017435,-1.5698523507807136,2.324640780759779e-06,0.0,0.0,-3.197403859345194e-05,7.709712309578176e-05,-4.5125668587164824e-05,1.2219612612884845e-06,2.1164833028386454e-06
634,0.003173069089178096,0.0031333933078521686,0.0005002135721001934,2.4448017236132213,1.866788909639149,1.7776900217106226,2.4025220975941153,-1.0,3.14,1.486878466877804,-0.6256996357612623,-1.9083763536914173,-1.5702501081501588,-1.5698502450527776,2.3128646908787687e-06,0.0,0.0,-3.1816836445486274e-05,7.671621626481606e-05,-4.490195305972833e-05,1.2157515847377454e-06,2.1057279360192638e-06
635,0.0031577554277267415,0.003118271932135435,0.0004977944327870699,2.444803860251344,1.8667739399781582,1.7776900273372034,2.4025243987476257,-1.0,3.14,1.4868468064213622,-0.6256232984418822,-1.9084210331167892,-1.5702488985738348,-1.569848150020599,2.3011535104089376e-06,0.0,0.0,-3.1660456441651164e-05,7.633731938005983e-05,-4.4679425371896286e-05,1.2095763239905466e-06,2.0950321786283865e-06
636,0.003142519207169532,0.0031032270171731957,0.000495387575358898,2.4448059860775446,1.8667590460096282,1.777690032935188,2.402526688254456,-1.0,3.14,1.4868153015275511,-0.6255473380212762,-1.9084654911952492,-1.5702476951385738,-1.569846065624946,2.2895068303441235e-06,0.0,0.0,-3.1504893811096224e-05,7.596042060609154e-05,-4.445807845998573e-05,1.2034352609990862e-06,2.0843956529681407e-06
637,0.003127360001939306,0.003088258142859719,0.0004929929319804017,2.444808101151305,1.8667442273176855,1.7776900385047345,2.4025289661787026,-1.0,3.14,1.4867839513837364,-0.625471752513087,-1.908509729100558,-1.5702464978103945,-1.569843991806963,2.2779242465631455e-06,0.0,0.0,-3.135014381472345e-05,7.558550818920207e-05,-4.4237905308719405e-05,1.1973281792698742e-06,2.0738179828949654e-06
638,0.0031122773891376016,0.0030733648917220047,0.0004906104352918191,2.444810205531734,1.8667294834890629,1.7776900440460008,2.4025312325840584,-1.0,3.14,1.4867527551819901,-0.6253965399426303,-1.9085537479995096,-1.570245306555531,-1.5698419285081662,2.266405355833001e-06,0.0,0.0,-3.119620174629745e-05,7.521257045661756e-05,-4.401889895166988e-05,1.191254863419644e-06,2.063298796928237e-06
639,0.003097270948507261,0.0030585468488955117,0.0004882400175277969,2.4448122992775687,1.866714814113075,1.7776900495591432,2.402533487533818,-1.0,3.14,1.48672171211906,-0.6253216983468152,-1.9085975490519809,-1.5702441213404308,-1.5698398756704415,2.2549497593615797e-06,0.0,0.0,-3.104306293022496e-05,7.484159581516714e-05,-4.380105247125954e-05,1.1852151002855749e-06,2.0528377246975538e-06
640,0.0030823402624205304,0.0030438036021082954,0.000485881613723292,2.4448143824471806,1.8667002187816029,1.7776900550443182,2.402535731090879,-1.0,3.14,1.486690821396337,-0.6252472257740637,-1.9086411334109783,-1.570242942131753,-1.5698378332360416,2.2435570610213063e-06,0.0,0.0,-3.0890722722887176e-05,7.447257275150498e-05,-4.3584358997428296e-05,1.179208677815069e-06,2.042434399829318e-06
641,0.0030674849158513276,0.0030291347416588122,0.00048353515536944555,2.4448164550985756,1.8666856970890722,1.7776900605016788,2.402537963317746,-1.0,3.14,1.4866600822198253,-0.6251731202842328,-1.9086845022226866,-1.5702417688963668,-1.5698358011475837,2.2322268673491408e-06,0.0,0.0,-3.073917651175151e-05,7.410548983088905e-05,-4.336881170829976e-05,1.1732353861759748e-06,2.0320884579483334e-06
642,0.0030527044963654824,0.0030145398604006853,0.00048120057726537503,2.4448185172893955,1.8666712486324375,1.7776900659313803,2.4025401842765337,-1.0,3.14,1.4866294938001101,-0.6250993799485361,-1.9087276566265154,-1.5702406016013501,-1.5698337793480457,2.2209587875465786e-06,0.0,0.0,-3.0588419715149584e-05,7.374033569662597e-05,-4.315440382884894e-05,1.1672950166463636e-06,2.0217995380100717e-06
643,0.003037998594092273,0.0030000185537192824,0.0004788778157607323,2.444820569076925,1.86665687301116,1.7776900713335742,2.402542394028968,-1.0,3.14,1.4865990553523285,-0.6250260028494664,-1.9087705977551466,-1.5702394402139883,-1.5698317677807645,2.2097524343678288e-06,0.0,0.0,-3.043844778161109e-05,7.3377099069738e-05,-4.2941128631124315e-05,1.1613873618365744e-06,2.0115672811904517e-06
644,0.003023366801711253,0.002985570419516514,0.0004765668036843276,2.444822610518091,1.8666425698271913,1.7776900767084127,2.4025445926363913,-1.0,3.14,1.4865687660961373,-0.6249529870807184,-1.90881332673458,-1.570238284701772,-1.5698297663894332,2.1986074232316355e-06,0.0,0.0,-3.0289256191196046e-05,7.301576874796378e-05,-4.2728979433359626e-05,1.1555122163553477e-06,2.001391331329927e-06
645,0.0030088087144323713,0.0029711950581908313,0.0004742674768291786,2.4448246416694674,1.8666283386849554,1.777690082056047,2.4025467801597635,-1.0,3.14,1.4865386252556845,-0.6248803307471131,-1.90885584468418,-1.5702371350323954,-1.569827775118098,2.1875233722212784e-06,0.0,0.0,-3.0140840452830275e-05,7.265633360531432e-05,-4.25179495999739e-05,1.1496693765877808e-06,1.991271335155531e-06
646,0.0029943239299777334,0.002956892072621277,0.00047197977262966134,2.4448266625872743,1.8666141791913307,1.7776900873766261,2.402548956659666,-1.0,3.14,1.4865086320595786,-0.6248080319645218,-1.9088981527167213,-1.570235991173756,-1.5698257939111557,2.1764999025286613e-06,0.0,0.0,-2.999319610585971e-05,7.229878259129574e-05,-4.2308032541349405e-05,1.14385863936306e-06,1.9812069422808776e-06
647,0.0029799120485591896,0.002942661068142486,0.0004697036250171414,2.444828673327386,1.866600090955627,1.7776900926702996,2.4025511221963036,-1.0,3.14,1.4864787857408586,-0.624736088859791,-1.9089402519384342,-1.5702348530939518,-1.5698238227133514,2.1655366375661345e-06,0.0,0.0,-2.984631872005039e-05,7.194310473079835e-05,-4.2099221712943447e-05,1.1380798041749074e-06,1.971197804317981e-06
648,0.002965572672866442,0.002928501652536302,0.0004674389714759877,2.444830673945327,1.8665860735895765,1.7776900979372146,2.402553276829508,-1.0,3.14,1.4864490855369652,-0.6246644995706683,-1.908982143449049,-1.5702337207612802,-1.5698218614697756,2.1546332042987615e-06,0.0,0.0,-2.9700203893368027e-05,7.15892891227643e-05,-4.189151061484431e-05,1.1323326716272675e-06,1.9612435757654367e-06
649,0.0029513054080451103,0.0029144134360071265,0.00046518574932739057,2.44483266449628,1.8665721267073092,1.7776901031775187,2.40255542061874,-1.0,3.14,1.4864195306897114,-0.6245932622457285,-1.9090238283418413,-1.5702325941442368,-1.5698199101258619,2.143789231912052e-06,0.0,0.0,-2.9554847253754346e-05,7.123732493974355e-05,-4.168489279221532e-05,1.1266170434343081e-06,1.951343913786374e-06
650,0.002937109861678646,0.0029003960311653086,0.0004629438957408902,2.4448346450350864,1.866558249925337,1.777690108391358,2.4025575536230916,-1.0,3.14,1.4863901204452534,-0.6245223750443004,-1.9090653077036757,-1.5702314732115137,-1.5698179686273839,2.1330043518119624e-06,0.0,0.0,-2.9410244458016876e-05,7.088720142811589e-05,-4.14793618344067e-05,1.120932723086554e-06,1.941498477986414e-06
651,0.002922985643772005,0.002886449053011853,0.0004607133487101314,2.4448366156162473,1.8665444428625382,1.7776901135788776,2.402559675901291,-1.0,3.14,1.4863608540540618,-0.6244518361363942,-1.9091065826150502,-1.5702303579319983,-1.5698160369204535,2.1222781994012507e-06,0.0,0.0,-2.92663911916069e-05,7.053890790620354e-05,-4.127491137451145e-05,1.1152795154067974e-06,1.931706930413668e-06
652,0.0029089323667326025,0.0028725721189183187,0.0004584940456354711,2.4448385762939293,1.8665307051401376,1.7776901187402214,2.402561787511703,-1.0,3.14,1.4863317307708932,-0.6243816437026294,-1.9091476541501389,-1.570229248274771,-1.5698141149515177,2.111610411859033e-06,0.0,0.0,-2.912328316861945e-05,7.019243376482631e-05,-4.107153508869921e-05,1.109657227216232e-06,1.9219689357807823e-06
653,0.0028949496453548685,0.0028587648486123165,0.00045628592673138956,2.444840527121964,1.8665170363816925,1.7776901238755332,2.4025638885123324,-1.0,3.14,1.4863027498547619,-0.6243117959341634,-1.9091885233768358,-1.5702281442091053,-1.5698122026673567,2.1010006294730488e-06,0.0,0.0,-2.8980916131349233e-05,6.98477684659693e-05,-4.086922669688242e-05,1.1040656657801406e-06,1.9122841610208496e-06
654,0.0028810370968000588,0.0028450268641571257,0.0004540889292421535,2.4448424681538508,1.866503436213072,1.777690128984955,2.4025659789608262,-1.0,3.14,1.4862739105689113,-0.6242422910326209,-1.9092291913567974,-1.5702270457044647,-1.5698103000150812,2.090448493863306e-06,0.0,0.0,-2.8839285850512653e-05,6.950490154256084e-05,-4.066797996160609e-05,1.0985046405842525e-06,1.9026522755094533e-06
655,0.0028671943405822005,0.0028313577899381297,0.0004519029927896364,2.4448443994427627,1.8664899042624439,1.777690134068629,2.4025680589144778,-1.0,3.14,1.4862452121807872,-0.6241731272100228,-1.9092696591454847,-1.5702259527305025,-1.5698084069421296,2.079953651534794e-06,0.0,0.0,-2.8698388124137608e-05,6.916382259802845e-05,-4.0467788687381656e-05,1.0929739622245194e-06,1.8930729515087563e-06
656,0.0028534209985483115,0.0028177572526428443,0.0004497280569776313,2.4448463210415414,1.8664764401602547,1.7776901391266957,2.4025701284302268,-1.0,3.14,1.486216653962009,-0.6241043026887177,-1.9093099277922063,-1.5702248652570598,-1.5698065233962661,2.069515748992501e-06,0.0,0.0,-2.8558218778229616e-05,6.882452130507755e-05,-4.026864672157515e-05,1.087473442629161e-06,1.883545863501368e-06
657,0.0028397166948633664,0.0028042248812476986,0.00044756406289464914,2.4448482330027086,1.866463043539217,1.7776901441592947,2.4025721875646644,-1.0,3.14,1.4861882351883426,-0.6240358157013116,-1.909349998340159,-1.5702237832541648,-1.5698046493255784,2.0591344376263976e-06,0.0,0.0,-2.8418773666327724e-05,6.848698740613557e-05,-4.0070547952630875e-05,1.0820028950586646e-06,1.8740706877462543e-06
658,0.0028260810559922593,0.002790760306998029,0.00044541095067209804,2.4448501353784624,1.8664497140342895,1.7776901491665649,2.4025742363740346,-1.0,3.14,1.486159955139674,-0.6239676644905998,-1.9093898718264697,-1.5702227066920305,-1.5698027846784748,2.0488093701587218e-06,0.0,0.0,-2.828004866861633e-05,6.815121071179764e-05,-3.9873486310737505e-05,1.0765621343278298e-06,1.8646471036110057e-06
659,0.002812513710683094,0.002777363163393136,0.0004432686594756584,2.444852028220681,1.8664364512826614,1.7776901541486447,2.402576274914236,-1.0,3.14,1.4861318130999808,-0.6238998473094988,-1.9094295492822368,-1.570221635541054,-1.569800929403682,2.0385402015321574e-06,0.0,0.0,-2.814203969325746e-05,6.781718110104862e-05,-3.967745576716197e-05,1.0711509763616789e-06,1.8552747926836588e-06
660,0.0027990142899549397,0.002764033086172149,0.00044113713152344657,2.4448539115809256,1.8664232549237398,1.7776901591056715,2.4025783032408263,-1.0,3.14,1.4861038083573068,-0.6238323624209787,-1.9094690317325709,-1.5702205697718152,-1.5697990834502435,2.028326590242102e-06,0.0,0.0,-2.8004742673948257e-05,6.748488852004186e-05,-3.948245033402742e-05,1.0657692388615914e-06,1.8459534385506515e-06
661,0.002785582427073491,0.0027507697132942797,0.00043901630964580913,2.4448557855104425,1.8664101245991291,1.7776901640377807,2.4025803214090224,-1.0,3.14,1.4860759402037342,-0.6237652080979962,-1.9095083201966343,-1.5702195093550746,-1.5697972467675163,2.0181681961162212e-06,0.0,0.0,-2.786815357258554e-05,6.715432298254331e-05,-3.928846406342501e-05,1.0604167406391696e-06,1.8366827272409125e-06
662,0.0027722177575422897,0.0027375726849246536,0.00043690613375676113,2.4448576500601646,1.8663970599526174,1.7776901689451088,2.4025823294737045,-1.0,3.14,1.4860482079353583,-0.6236983826234279,-1.9095474156876822,-1.5702184542617732,-1.5697954193051693,2.0080646820908044e-06,0.0,0.0,-2.773226837593512e-05,6.682547456826615e-05,-3.909549104785803e-05,1.0550933013941943e-06,1.8274623470038165e-06
663,0.0027589199190831354,0.002724441643419212,0.0004348065474363819,2.4448595052807147,1.8663840606301614,1.7776901738277902,2.4025843274894183,-1.0,3.14,1.486020610852261,-0.623631884290005,-1.9095863192131015,-1.5702174044630304,-1.56979360101318,1.9980157137666765e-06,0.0,0.0,-2.759708309740816e-05,6.649833342287081e-05,-3.890352541935371e-05,1.0497987428248479e-06,1.8182919891973626e-06
664,0.0027456885516208003,0.0027113762333084413,0.00043271749238951176,2.444861351222408,1.8663711262798706,1.7776901786859591,2.4025863155103764,-1.0,3.14,1.4859931482584838,-0.6235657114002472,-1.9096250317744512,-1.570216359930143,-1.5697917918418343,1.9880209580769304e-06,0.0,0.0,-2.7462593777061173e-05,6.617288975785396e-05,-3.871256134968526e-05,1.0445328872954462e-06,1.8091713458456837e-06
665,0.002732523297267652,0.0026983761012801355,0.00043063891202364915,2.4448631879352516,1.8663582565519896,1.7776901835197478,2.4025882935904623,-1.0,3.14,1.4859658194620042,-0.6234998622663981,-1.9096635543675011,-1.570215320634584,-1.5697899917417217,1.9780800859514613e-06,0.0,0.0,-2.7328796479597628e-05,6.584913384910518e-05,-3.852259304992778e-05,1.039295559168707e-06,1.8001001125256266e-06
666,0.002719423800307953,0.002685440896167745,0.00042857075046810885,2.4448650154689506,1.8663454510988875,1.7776901883292893,2.402590261783231,-1.0,3.14,1.4859386237747079,-0.6234343352103608,-1.9097018879822705,-1.5702142865480004,-1.5697882006637356,1.968192768764254e-06,0.0,0.0,-2.7195687296366344e-05,6.552705603724007e-05,-3.8333614769348046e-05,1.0340865834734814e-06,1.7910779861463055e-06
667,0.0027063897071805164,0.0026725702689297786,0.0004265129489610634,2.444866833872908,1.8663327095750366,1.7776901931147144,2.4025922201419134,-1.0,3.14,1.4859115605123647,-0.6233691285636341,-1.9097400336030668,-1.5702132576422139,-1.5697864185590689,1.9583586823301857e-06,0.0,0.0,-2.7063262343141048e-05,6.520664672671206e-05,-3.814562079629269e-05,1.0289057865708884e-06,1.7821046667254592e-06
668,0.0026934206664670592,0.0026597638726406953,0.00042446545364022826,2.4448686431962257,1.8663200316370039,1.7776901978761546,2.4025941687194163,-1.0,3.14,1.4858846289946028,-0.6233042406672489,-1.9097779922085234,-1.5702122338892175,-1.5697846453792135,1.948577502908222e-06,0.0,0.0,-2.6931517761896728e-05,6.488789638525727e-05,-3.7958605456633876e-05,1.0237529963763592e-06,1.7731798553910494e-06
669,0.002680516328874411,0.0026470213624717816,0.00042242820779079664,2.4448704434877095,1.866307416943432,1.7776902026137382,2.402596107568326,-1.0,3.14,1.4858578285448847,-0.6232396698717053,-1.9098157647716385,-1.5702112152611756,-1.569782881075957,1.9388489098659534e-06,0.0,0.0,-2.6800449718145103e-05,6.457079554356149e-05,-3.7772563115101576e-05,1.018628041915548e-06,1.7643032563796623e-06
670,0.00266767634721915,0.002634342395676078,0.00042040115759974493,2.444872234795872,1.8662948651550244,1.7776902073275964,2.4025980367409114,-1.0,3.14,1.4858311584904804,-0.6231754145369106,-1.9098533522598116,-1.5702102017304225,-1.5697811256013818,1.9291725852355057e-06,0.0,0.0,-2.6670054404265287e-05,6.425533479470502e-05,-3.758748817306312e-05,1.0135307531022875e-06,1.755474575260152e-06
671,0.002654900376413354,0.00262172663157676,0.00041838424587099885,2.4448740171689267,1.8662823759345335,1.7776902120178555,2.402599956289124,-1.0,3.14,1.4858046181624456,-0.6231114730321171,-1.9098907556348814,-1.5702091932694606,-1.5697793789078613,1.9195482123812724e-06,0.0,0.0,-2.6540328034840854e-05,6.394150479349658e-05,-3.740337506985547e-05,1.0084609618488116e-06,1.746693520487952e-06
672,0.0026421880734509586,0.002609173731549304,0.0004163774183563762,2.4448757906548018,1.8662699489467436,1.7776902166846438,2.4026018662646016,-1.0,3.14,1.4857782068955947,-0.6230478437358606,-1.909927975853163,-1.5702081898509603,-1.5697776409480595,1.909975477776271e-06,0.0,0.0,-2.641126685087869e-05,6.362929625647329e-05,-3.722021828167499e-05,1.0034185002893992e-06,1.7379598018507636e-06
673,0.0026295390973914102,0.002596683359009583,0.000414380622768873,2.444877555301133,1.8662575838584585,1.777690221328088,2.4026037667186717,-1.0,3.14,1.4857519240284782,-0.6229845250358996,-1.9099650138654842,-1.5702071914477576,-1.569775911674928,1.900454070113966e-06,0.0,0.0,-2.6282867116478315e-05,6.331869996101247e-05,-3.703801232113335e-05,9.984032027787748e-07,1.729273131578779e-06
674,0.0026169531093442173,0.002584255179396409,0.00041239380292042133,2.4448793111552707,1.8662452803384848,1.7776902259483136,2.402605657702351,-1.0,3.14,1.485725768903358,-0.622921515329155,-1.9100018706172217,-1.5702061980328534,-1.5697741910417038,1.8909836794200885e-06,0.0,0.0,-2.6155125120164158e-05,6.300970674466555e-05,-3.68567517374796e-05,9.934149041157525e-07,1.7206332241226363e-06
675,0.0026044297724579996,0.0025718888601606363,0.00041041690621499284,2.4448810582642797,1.8662330380576206,1.7776902305454458,2.40260753926635,-1.0,3.14,1.4856997408661836,-0.6228588130216497,-1.9100385470483376,-1.570205209579413,-1.569772479001908,1.8815639988289945e-06,0.0,0.0,-2.6028037174441465e-05,6.270230750526906e-05,-3.6676431115933994e-05,9.884534404314138e-07,1.7120397957093303e-06
676,0.002591968751902471,0.0025595840707484862,0.00040844987885612814,2.4448827966749413,1.8662208566886394,1.7776902351196096,2.402609411461073,-1.0,3.14,1.4856738392665685,-0.6227964165284495,-1.9100750440934156,-1.570204226060764,-1.5697707755093435,1.872194723251397e-06,0.0,0.0,-2.5901599615130166e-05,6.239649320016749e-05,-3.649704507791007e-05,9.835186489670633e-07,1.7034925645642573e-06
677,0.0025795697148553566,0.002547340482588141,0.0004064926685620685,2.444884526433756,1.8662087359062762,1.7776902396709278,2.4026112743366226,-1.0,3.14,1.4856480634577667,-0.6227343242736038,-1.9101113626816957,-1.5702032474503953,-1.5697690805180924,1.8628755493743654e-06,0.0,0.0,-2.5775808801808964e-05,6.209225484576919e-05,-3.631858828012646e-05,9.786103687403624e-07,1.6949912511332599e-06
678,0.002567232330490095,0.0025351577690767707,0.0004045452213220543,2.4448862475869473,1.866196675387216,1.777690244199524,2.4026131279427996,-1.0,3.14,1.485622412796649,-0.6226725346900869,-1.91014750373711,-1.5702022737219563,-1.5697673939825145,1.853606176993594e-06,0.0,0.0,-2.5650661117593287e-05,6.178958351688024e-05,-3.614105541438484e-05,9.737284389910172e-07,1.6865355778605817e-06
679,0.002554956269958787,0.002523035605565747,0.0004026074852280461,2.4448879601804574,1.866184674810077,1.7776902487055195,2.4026149723291064,-1.0,3.14,1.485596886643681,-0.6226110462197402,-1.910183468178318,-1.5702013048492556,-1.5697657158572456,1.8443863067929556e-06,0.0,0.0,-2.5526152968025073e-05,6.148847034670446e-05,-3.596444120801401e-05,9.688727007350906e-07,1.6781252689668236e-06
680,0.0025427412063817063,0.0025109736693472015,0.0004006794099842697,2.444889664259957,1.8661727338553997,1.7776902531890362,2.402616807544749,-1.0,3.14,1.4855714843628989,-0.6225498573132142,-1.9102192569187406,-1.5702003408062597,-1.5697640460971949,1.8352156425649468e-06,0.0,0.0,-2.5402280782182984e-05,6.118890652595521e-05,-3.578874042253766e-05,9.640429958768237e-07,1.6697600506709875e-06
681,0.0025305868148297822,0.002498971639640616,0.00039876094194707975,2.4448913598708417,1.8661608522056319,1.7776902576501945,2.402618633638639,-1.0,3.14,1.4855462053218866,-0.6224889664299114,-1.910254870866595,-1.5701993815670923,-1.5697623846575437,1.8260938898784218e-06,0.0,0.0,-2.5279041012238324e-05,6.0890883302855414e-05,-3.5613947854340466e-05,9.59239167430681e-07,1.6614396511904772e-06
682,0.0025184927723145806,0.0024870291975789766,0.0003968520285327723,2.4448930470582373,1.8661490295451157,1.7776902620891146,2.4026204506593953,-1.0,3.14,1.4855210488917545,-0.6224283720379292,-1.9102903109249285,-1.5701984271060323,-1.5697607314937432,1.8170207565226804e-06,0.0,0.0,-2.5156430132122765e-05,6.059439198213834e-05,-3.54400583335579e-05,9.54461059965439e-07,1.653163800519053e-06
683,0.0025064587577707945,0.0024751460261958347,0.0003949526216293185,2.444894725866999,1.8661372655600748,1.7776902665059158,2.402622258655347,-1.0,3.14,1.4854960144471157,-0.6223680726140042,-1.9103255779916535,-1.5701974773975143,-1.5697590865615123,1.80799595161929e-06,0.0,0.0,-2.503444463886062e-05,6.029942392504761e-05,-3.526706672496438e-05,9.497085180498743e-07,1.6449322308709213e-06
684,0.0024944844520475005,0.002463321810411772,0.0003930626681131653,2.4448963963417154,1.8661255599386004,1.7776902709007163,2.402624057674534,-1.0,3.14,1.4854711013660642,-0.6223080666434554,-1.91036067295958,-1.5701965324161256,-1.569757449816836,1.7990191869543537e-06,0.0,0.0,-2.491308105145862e-05,6.0005970548782095e-05,-3.5094967926418974e-05,9.449813886952541e-07,1.6367446762366455e-06
685,0.002482569537891855,0.0024515562370210574,0.00039118211825480694,2.4448980585267073,1.8661139123706387,1.7776902752736339,2.40262584776471,-1.0,3.14,1.485446309030153,-0.6222483526201291,-1.910395596716449,-1.5701955921366066,-1.5697558212159641,1.790090176090331e-06,0.0,0.0,-2.479233591112795e-05,5.9714023326273846e-05,-3.492375686908744e-05,9.402795189128454e-07,1.6286008719390566e-06
686,0.0024707136999351275,0.002439848994679649,0.0003893109223910975,2.4448997124660354,1.8661023225479791,1.7776902796247853,2.4026276289733453,-1.0,3.14,1.4854216368243718,-0.622188929046344,-1.9104303501449664,-1.570194656533849,-1.5697542007154082,1.7812086352542167e-06,0.0,0.0,-2.4672205781284262e-05,5.94235737850779e-05,-3.475342851744223e-05,9.356027577123172e-07,1.6205005559655206e-06
687,0.0024589166246829193,0.002428199773891504,0.0003874490297926957,2.4449013582034946,1.8660907901642398,1.7776902839542872,2.4026294013476264,-1.0,3.14,1.485397084137125,-0.6221297944328363,-1.9104649341228357,-1.5701937255828948,-1.5697525882719403,1.772374281117095e-06,0.0,0.0,-2.4552687246881533e-05,5.9134613507705325e-05,-3.458397786926248e-05,9.309509541033378e-07,1.612443467857716e-06
688,0.0024471780004992776,0.0024166082669959863,0.00038559639152970323,2.4449029957826234,1.8660793149148565,1.7776902882622558,2.4026311649344607,-1.0,3.14,1.4853726503602105,-0.6220709472987055,-1.9104993495227898,-1.5701927992589357,-1.5697509838425914,1.763586834346853e-06,0.0,0.0,-2.4433776914412064e-05,5.884713413084608e-05,-3.441539995407972e-05,9.263239590939776e-07,1.604429348933678e-06
689,0.002435497517594356,0.002405074168153735,0.00038375295705546895,2.444904625246698,1.866067896497067,1.7776902925488054,2.4026329197804768,-1.0,3.14,1.4853483348887986,-0.6220123861713603,-1.9105335972126247,-1.5701918775373114,-1.5697493873846493,1.7548460160554669e-06,0.0,0.0,-2.4315471411906486e-05,5.856112734514696e-05,-3.424768983495419e-05,9.217216243584403e-07,1.5964579420657543e-06
690,0.0024238748680136006,0.00239359717333712,0.00038191867883072825,2.444906246638742,1.8660565346099032,1.77769029681405,2.402634665932026,-1.0,3.14,1.4853241371214099,-0.6219541095864658,-1.9105676780552305,-1.5701909603935087,-1.5697477988556567,1.7461515491312696e-06,0.0,0.0,-2.419776738871171e-05,5.827658489454546e-05,-3.4080842605810346e-05,9.171438026811529e-07,1.5885289925687829e-06
691,0.0024123097456211474,0.0023821769803146976,0.0003800935071503574,2.4449078600015204,1.8660452289541747,1.7776903010581038,2.402636403435186,-1.0,3.14,1.4853000564598942,-0.6218961160878896,-1.9106015929086237,-1.5701900478031612,-1.56974621821341,1.737503160015308e-06,0.0,0.0,-2.4080661515712976e-05,5.7993498576158764e-05,-3.391485339321321e-05,9.125903475126762e-07,1.5806422466457803e-06
692,0.0024008018460930335,0.002370813288641316,0.0003782773942117809,2.4449094653775485,1.8660339792324596,1.7776903052810795,2.402638132335761,-1.0,3.14,1.4852760923094104,-0.6218384042276504,-1.9106353426259792,-1.5701891397420473,-1.569744645415957,1.7289005751486286e-06,0.0,0.0,-2.3964150483779534e-05,5.771186023928454e-05,-3.374971735548016e-05,9.080611138578831e-07,1.5727974531642985e-06
693,0.00238935086689719,0.002359505799642858,0.0003764702912235923,2.4449110628090893,1.8660227851490891,1.7776903094830894,2.402639852679285,-1.0,3.14,1.4852522440784046,-0.6217809725658643,-1.9106689280556608,-1.5701882361860897,-1.5697430804215948,1.7203435240809029e-06,0.0,0.0,-2.3848231005763054e-05,5.743166178606707e-05,-3.3585429681570744e-05,9.035559576098251e-07,1.5649943621021123e-06
694,0.0023779565072904415,0.002348254216408766,0.0003746721507639012,2.444912652338154,1.86601164641014,1.7776903136642443,2.402641564511023,-1.0,3.14,1.4852285111785901,-0.6217238196706943,-1.9107023500412532,-1.5701873371113544,-1.5697415231888692,1.7118317376940695e-06,0.0,0.0,-2.373289981449922e-05,5.715289516994293e-05,-3.3421985592418935e-05,8.990747353276873e-07,1.5572327256574425e-06
695,0.0023666184682961775,0.0023370582437732307,0.0003728829244430249,2.4449142340065095,1.8660005627234162,1.7776903178246561,2.402643267875972,-1.0,3.14,1.4852048930249266,-0.6216669441182983,-1.9107356094215922,-1.5701864424940495,-1.5697399736765718,1.7033649490905134e-06,0.0,0.0,-2.3618153663473862e-05,5.6875552396085105e-05,-3.325938033893472e-05,8.946173049029227e-07,1.5495122973607778e-06
696,0.0023553364527002544,0.0023259175883105767,0.00037110256648172177,2.4449158078556743,1.8659895337984445,1.777690321964435,2.4026449628188646,-1.0,3.14,1.4851813890355998,-0.6216103444927776,-1.910768707030796,-1.5701855523105244,-1.569738431843739,1.694942892704887e-06,0.0,0.0,-2.350398932682296e-05,5.659962552062581e-05,-3.3097609203780465e-05,8.901835251151624e-07,1.541832832741008e-06
697,0.002344110165034912,0.0023148319583170505,0.00036933102837457697,2.444917373926924,1.865978559346456,1.77769032608369,2.40264664938417,-1.0,3.14,1.4851579986320014,-0.6215540193861273,-1.9108016436982953,-1.5701846665372685,-1.5697368976496502,1.686565305192289e-06,0.0,0.0,-2.3390403598444465e-05,5.632510665032342e-05,-3.293666749937252e-05,8.857732558542608e-07,1.5341940888813355e-06
698,0.002332939311568337,0.0023038010638038774,0.0003675682654806479,2.444918932261288,1.8659676390803792,1.7776903301825302,2.4026483276160944,-1.0,3.14,1.485134721238709,-0.6214979673981852,-1.9108344202488636,-1.570183785150911,-1.5697353710538258,1.6782319245400856e-06,0.0,0.0,-2.3277393292442383e-05,5.605198794211841e-05,-3.277655056832529e-05,8.813863574541614e-07,1.5265958244192745e-06
699,0.0023218236002907127,0.002292824616482097,0.0003658142280229652,2.4449204828995605,1.865956772714826,1.7776903342610644,2.4026499975585867,-1.0,3.14,1.4851115562834656,-0.6214421871365821,-1.910867037502647,-1.570182908128219,-1.5697338520160262,1.6699424922883566e-06,0.0,0.0,-2.3164955243348828e-05,5.578026160313332e-05,-3.261725378345126e-05,8.770226920251645e-07,1.519037799546652e-06
700,0.0023107627409048974,0.0022819023297519798,0.00036406887256420204,2.444922025882291,1.86594595996608,1.7776903383193996,2.4026516592553353,-1.0,3.14,1.485088503197161,-0.6213866772166924,-1.9108994962751944,-1.5701820354460971,-1.5697323404962493,1.6616967486449141e-06,0.0,0.0,-2.3053086304569703e-05,5.5509919889673576e-05,-3.245877254731688e-05,8.72682121899615e-07,1.511519776897785e-06
701,0.0022997564448143664,0.0022710339186937643,0.00036233215175261193,2.4449235612497935,1.8659352005520875,1.777690342357643,2.4026533127497736,-1.0,3.14,1.485065561413811,-0.6213314362615849,-1.910931797377486,-1.5701811670815862,-1.5697308364547293,1.6534944382584627e-06,0.0,0.0,-2.2941783349939016e-05,5.524095510744953e-05,-3.2301102291576456e-05,8.683645109641702e-07,1.5040415199951696e-06
702,0.00228880442511073,0.0022602191000523947,0.0003606040203962394,2.4449250890421452,1.8659244941924433,1.7776903463759006,2.4026549580850793,-1.0,3.14,1.485042730370539,-0.6212764629019741,-1.910963941615964,-1.5701803030118626,-1.5697293398519352,1.6453353057777065e-06,0.0,0.0,-2.2831043272164564e-05,5.49733596107993e-05,-3.214423847808234e-05,8.640697235495765e-07,1.496602794137658e-06
703,0.0022779063965615146,0.00224945759222873,0.00035888443428860883,2.44492660929919,1.8659138406083813,1.7776903503742782,2.4026565953041787,-1.0,3.14,1.4850200095075548,-0.6212217557761716,-1.9109959297925607,-1.5701794432142375,-1.569727850648569,1.6372190994040636e-06,0.0,0.0,-2.2720862984160206e-05,5.470712580257775e-05,-3.198817659666453e-05,8.597976250968031e-07,1.4892033661784154e-06
704,0.0022670620756020314,0.0022387491152682363,0.0003571733465131382,2.444928122060537,1.865903239522763,1.7776903543528821,2.402658224449746,-1.0,3.14,1.4849973982681375,-0.6211673135300381,-1.9110277627047276,-1.5701785876661556,-1.569726368805564,1.629145567338952e-06,0.0,0.0,-2.2611239417269502e-05,5.444224613349036e-05,-3.183291216690698e-05,8.555480819349981e-07,1.4818430049690079e-06
705,0.0022562711803199927,0.0022280933908486187,0.0003554707136353293,2.444929627365564,1.8658926906600661,1.7776903583118155,2.4026598455642065,-1.0,3.14,1.4849748960986155,-0.6211131348169358,-1.9110594411454638,-1.5701777363451939,-1.5697248942840833,1.6211144604483252e-06,0.0,0.0,-2.2502169521931847e-05,5.417871310231526e-05,-3.167844073614923e-05,8.513209617255768e-07,1.4745214806932694e-06
706,0.002245533430447374,0.0022174901422696122,0.0003537764882656936,2.4449311252534214,1.8658821937463739,1.7776903622511828,2.4026614586897375,-1.0,3.14,1.4849525024483479,-0.621059218297681,-1.9110909659033448,-1.5701768892290617,-1.5697234270455187,1.6131255309304038e-06,0.0,0.0,-2.2393650267682474e-05,5.3916519254793016e-05,-3.15247578810407e-05,8.471161321299547e-07,1.4672385646452568e-06
707,0.0022348485473469982,0.0022069390944427776,0.00035209062969645524,2.4449326157630287,1.865871748509365,1.777690366171087,2.40266306386827,-1.0,3.14,1.4849302167697047,-0.6210055626404971,-1.9111223377625508,-1.5701760462955991,-1.5697219670514884,1.6051785327597656e-06,0.0,0.0,-2.228567864315245e-05,5.365565718384868e-05,-3.1371859205986397e-05,8.429334625859042e-07,1.4599940303394732e-06
708,0.0022242162540052944,0.002196439973877716,0.00035041309266685205,2.444934098933079,1.8658613546783,1.7776903700716309,2.4026646611414915,-1.0,3.14,1.4849080385180498,-0.6209521665209682,-1.9111535575028942,-1.570175207522776,-1.5697205142638353,1.597273221243256e-06,0.0,0.0,-2.217825165495846e-05,5.3396119528925645e-05,-3.121974034336894e-05,8.387728231973313e-07,1.4527876530667783e-06
709,0.0022136362750153986,0.0021859925086756314,0.0003487438329941987,2.444935574802042,1.8658510119840155,1.7776903739529166,2.402666250550846,-1.0,3.14,1.4848859671517207,-0.6208990286219922,-1.9111846258998473,-1.5701743728886912,-1.569719068644627,1.5894093543522558e-06,0.0,0.0,-2.2071366329035058e-05,5.313789897598564e-05,-3.106839695310448e-05,8.346340847342759e-07,1.4456192083400765e-06
710,0.0022031083365727008,0.002175596428514979,0.000347082806331015,2.4449370434081614,1.8658407201589087,1.7776903778150457,2.402667832137536,-1.0,3.14,1.4848640021320116,-0.6208461476337356,-1.9112155437245708,-1.5701735423715724,-1.569717630156152,1.5815866900581455e-06,0.0,0.0,-2.196501970908038e-05,5.2880988256620576e-05,-3.0917824723530885e-05,8.305171188549565e-07,1.4384884750029414e-06
711,0.002192632166459511,0.0021652514646419204,0.0003454299713856744,2.44493850478946,1.865830478936929,1.7776903816581187,2.4026694059425258,-1.0,3.14,1.4848421429231546,-0.6207935222535872,-1.9112463117439404,-1.570172715949774,-1.5697161987609203,1.5738049898850193e-06,0.0,0.0,-2.1859208857000212e-05,5.262538014838558e-05,-3.076801936963136e-05,8.264217983278144e-07,1.4313952316769019e-06
712,0.002182207494034913,0.002154957349860213,0.00034378528290139425,2.44493995898374,1.8658202880535681,1.7776903854822363,2.402670972006541,-1.0,3.14,1.4848203889923013,-0.6207411511861134,-1.9112769307205737,-1.5701718936017774,-1.5697147744216606,1.5660640153569716e-06,0.0,0.0,-2.1753930853352088e-05,5.2371067473799826e-05,-3.061897663325652e-05,8.223479965874247e-07,1.424339259648022e-06
713,0.0021718340502271476,0.002144713818521253,0.0003421486993589186,2.4449414060285837,1.865810147245849,1.7776903892874976,2.402672530370072,-1.0,3.14,1.4847987398095053,-0.620689033143013,-1.911307401412858,-1.5701710753061895,-1.5697133571013193,1.558363530662632e-06,0.0,0.0,-2.1649182796013022e-05,5.211804310034651e-05,-3.0470692284234602e-05,8.182955879565412e-07,1.417320341312589e-06
714,0.0021615115675207705,0.002134520606512113,0.0003405201791642392,2.4449428459613576,1.8658000562523156,1.7776903930740025,2.4026740810733727,-1.0,3.14,1.4847771948477038,-0.6206371668430726,-1.911337724574976,-1.5701702610417416,-1.569711946763059,1.5507033008788085e-06,0.0,0.0,-2.1544961801511775e-05,5.186629994047287e-05,-3.0323162118151004e-05,8.142644478681405e-07,1.4103382603991577e-06
715,0.0021512397799475025,0.002124377451247566,0.000338899676725556,2.444944278819208,1.8657900148130233,1.7776903968418483,2.402675624156465,-1.0,3.14,1.4847557535827005,-0.6205855510121222,-1.9113679009569342,-1.5701694507872894,-1.5697105433702565,1.5430830924145766e-06,0.0,0.0,-2.1441265003252497e-05,5.1615830950368924e-05,-3.0176381958124665e-05,8.102544521992883e-07,1.4033928024126396e-06
716,0.002141018423071585,0.0021142840916566125,0.00033728715421748326,2.444945704639071,1.8657800226695271,1.777690400591134,2.40267715965914,-1.0,3.14,1.4847344154931474,-0.6205341843829916,-1.9113979313045866,-1.5701686445218117,-1.5697091468865025,1.5355026747876366e-06,0.0,0.0,-2.133808955306904e-05,5.136662913063361e-05,-3.0030347652365563e-05,8.062654777152289e-07,1.3964837539681696e-06
717,0.0021308472339867674,0.002104240268175355,0.00033568256854808905,2.444947123457666,1.8657700795648737,1.7776904043219568,2.4026786876209574,-1.0,3.14,1.4847131800605282,-0.6204830656954663,-1.911427816359663,-1.5701678422244092,-1.569707757275599,1.5279618175156884e-06,0.0,0.0,-2.1235432619226557e-05,5.11186875252756e-05,-2.988505507639516e-05,8.022974025134744e-07,1.389610903457239e-06
718,0.0021207259513005144,0.0020942457227356276,0.00033408587456522446,2.4449485353115015,1.8657601852435903,1.7776904080344131,2.4026802080812493,-1.0,3.14,1.4846920467691396,-0.6204321936962447,-1.911457556859794,-1.5701670438743043,-1.5697063745015587,1.520460291892789e-06,0.0,0.0,-2.113329138864195e-05,5.087199922160224e-05,-2.974050013104801e-05,7.98350104913581e-07,1.3827740403815625e-06
719,0.002110654315125671,0.0020843001987555457,0.0003324970350346971,2.4449499402368766,1.8657503394516757,1.7776904117285997,2.402681721079121,-1.0,3.14,1.4846710151060756,-0.6203815671388947,-1.9114871535385374,-1.5701662494508402,-1.5697049985286027,1.5129978718775305e-06,0.0,0.0,-2.1031663063997286e-05,5.062655734999755e-05,-2.9596678743359917e-05,7.944234641232839e-07,1.3759729560192113e-06
720,0.002100632067071831,0.0020744034411289865,0.0003309160087621601,2.4449513382698793,1.8657405419365891,1.7776904154046118,2.4026832266534526,-1.0,3.14,1.484650084561209,-0.6203311847838112,-1.9115166071254033,-1.5701654589334793,-1.5697036293211601,1.5055743314285053e-06,0.0,0.0,-2.0930544866626377e-05,5.03823550834781e-05,-2.9453586865901826e-05,7.905173609046301e-07,1.3692074425364353e-06
721,0.0020906589502320914,0.002064555196215885,0.0003293427518557943,2.4449527294463915,1.8657307924472415,1.7776904190625447,2.402684724842899,-1.0,3.14,1.4846292546271755,-0.6202810453981736,-1.9115459183458792,-1.5701646723018037,-1.569702266843866,1.4981894462806622e-06,0.0,0.0,-2.082993403340616e-05,5.0139385637582023e-05,-2.931122047589163e-05,7.866316755755776e-07,1.3624772940978858e-06
722,0.002080734709176833,0.0020547552118332538,0.00032777722715563877,2.4449541138020874,1.8657210907339858,1.777690422702493,2.4026862156858932,-1.0,3.14,1.4846085247993566,-0.6202311477559042,-1.9115750879214557,-1.5701638895355134,-1.5697009110615603,1.4908429943893964e-06,0.0,0.0,-2.0729827818977142e-05,4.989764226948079e-05,-2.916957557652644e-05,7.827662902304411e-07,1.3557823057563922e-06
723,0.0020708590899411335,0.002045003237244537,0.0003262193928335265,2.4449554913724385,1.8657114365486074,1.7776904263245508,2.4026876992206487,-1.0,3.14,1.4845878945758622,-0.6201814906376255,-1.911604116569652,-1.5701631106144258,-1.5696995619392862,1.4835347554864597e-06,0.0,0.0,-2.0630223494411126e-05,4.9657118278645385e-05,-2.9028648196316453e-05,7.789210876296693e-07,1.3491222741190967e-06
724,0.0020610318400169827,0.0020352990231512573,0.00032466920844566007,2.444956862192708,1.8657018296443142,1.7776904299288114,2.402689175485158,-1.0,3.14,1.484567363457515,-0.6201320728306199,-1.9116330050040395,-1.570162335518475,-1.5696982194422886,1.4762645093036042e-06,0.0,0.0,-2.053111834721122e-05,4.9417807005625036e-05,-2.8888434387530637e-05,7.750959507557553e-07,1.3424969975694978e-06
725,0.0020512527083432043,0.002025642321682185,0.0003231266336012339,2.4449582262979623,1.865692269775728,1.7776904335153678,2.402690644517196,-1.0,3.14,1.484546930947833,-0.6200828931287877,-1.9116617539342673,-1.570161564227711,-1.5696968835360137,1.4690320377930277e-06,0.0,0.0,-2.043250968197796e-05,4.917970183215825e-05,-2.8748930227751046e-05,7.712907641455047e-07,1.3359062749351835e-06
726,0.0020415214452946316,0.0020160328863846983,0.0003215916307351144,2.4449595837230644,1.8656827566988747,1.7776904370843123,2.402692106354321,-1.0,3.14,1.484526596553014,-0.6200339503326067,-1.9116903640660867,-1.5701607967222986,-1.5696955541861066,1.4618371251273743e-06,0.0,0.0,-2.0334394818855017e-05,4.894279618106179e-05,-2.861013181942873e-05,7.675054123357228e-07,1.3293499070421433e-06
727,0.0020318378026744407,0.0020064704722153655,0.000320064158247341,2.444960934502676,1.8656732901711746,1.7776904406357372,2.402693561033876,-1.0,3.14,1.484506359781919,-0.6199852432490912,-1.9117188361013748,-1.5701600329825174,-1.5696942313584106,1.4546795550351987e-06,0.0,0.0,-2.0236771095083483e-05,4.87070835154535e-05,-2.8472035288107378e-05,7.637397811954827e-07,1.322827696048634e-06
728,0.0020222015337020716,0.0019969548355294876,0.0003185441780834364,2.4449622786712633,1.865663869951433,1.7776904441697334,2.4026950085929912,-1.0,3.14,1.4844862201460556,-0.6199367706917525,-1.9117471707381597,-1.5701592729887603,-1.5696929150189654,1.4475591152418588e-06,0.0,0.0,-2.013963586344758e-05,4.847255733875233e-05,-2.8334636784865808e-05,7.599937570379467e-07,1.3163394452231358e-06
729,0.00201261239300826,0.001987485734074347,0.0003170316509261326,2.4449636162630948,1.8656544957998333,1.7776904476863917,2.4026964490685834,-1.0,3.14,1.4844661771595629,-0.6198885314805579,-1.9117753686706433,-1.5701585167215328,-1.5696916051340064,1.4404755921404444e-06,0.0,0.0,-2.004298649271874e-05,4.823921119456731e-05,-2.8197932483653432e-05,7.562672275085447e-07,1.3098849589443518e-06
730,0.002003070136622323,0.0019780629269790014,0.0003155265368779931,2.444964947312242,1.8656451674779266,1.7776904511858025,2.402697882497359,-1.0,3.14,1.4844462303391943,-0.619840524441892,-1.911803430589226,-1.5701577641614528,-1.5696903016699628,1.4334287756767594e-06,0.0,0.0,-1.9946820368543783e-05,4.8007038665920376e-05,-2.8061918582622525e-05,7.52560080030662e-07,1.3034640435893863e-06
731,0.0019935745219629374,0.001968686174742948,0.00031402879969938565,2.444966271852583,1.8656358847486205,1.7776904546680559,2.402699308915815,-1.0,3.14,1.4844263792043033,-0.6197927484085166,-1.9118313571805294,-1.5701570152892492,-1.5696890045934568,1.4264184557966075e-06,0.0,0.0,-1.985113489100243e-05,4.777603337535741e-05,-2.792659130346209e-05,7.488722035819961e-07,1.2970765059794331e-06
732,0.0019841253078312837,0.0019593552392308793,0.0003125383998005802,2.444967589917803,1.8656266473761742,1.7776904581332407,2.4027007283602395,-1.0,3.14,1.4844066232768265,-0.6197452022195322,-1.9118591491274208,-1.5701562700857619,-1.5696877138713021,1.4194444246662385e-06,0.0,0.0,-1.975592747682775e-05,4.754618898439311e-05,-2.7791946891397856e-05,7.452034873622893e-07,1.2907221547120429e-06
733,0.001974722254399458,0.0019500698836603747,0.0003110552998811999,2.4449689015413956,1.8656174551261862,1.7776904615814453,2.4027021408667153,-1.0,3.14,1.4843869620812686,-0.6196978847203385,-1.9118868071090354,-1.57015552853194,-1.5696864294705024,1.4125064757841699e-06,0.0,0.0,-1.966119555785184e-05,4.731749919373307e-05,-2.765798161452615e-05,7.415538219035511e-07,1.2844007997170337e-06
734,0.001965365123204414,0.001940829872596999,0.0003095794606906728,2.4449702067566617,1.865608307765589,1.7776904650127594,2.4027035464711184,-1.0,3.14,1.4843673951446865,-0.6196507947625963,-1.9119143318007994,-1.5701547906088422,-1.5696851513582508,1.4056044030930082e-06,0.0,0.0,-1.9566936582116057e-05,4.708995774216351e-05,-2.7524691764035936e-05,7.379230977377915e-07,1.2781122515903576e-06
735,0.001956053677135339,0.0019316349719397672,0.00030811084531455653,2.444971505596716,1.8655992050626355,1.7776904684272687,2.402704945209121,-1.0,3.14,1.4843479219966749,-0.6196039312041892,-1.9119417238744545,-1.5701540562976357,-1.5696838795019277,1.398738002755806e-06,0.0,0.0,-1.9473148011650565e-05,4.686355840710643e-05,-2.7392073655096993e-05,7.343112065072432e-07,1.2718563231484126e-06
736,0.001946787680427875,0.0019224849489186287,0.0003066494163430777,2.4449727980944815,1.865590146786896,1.7776904718250621,2.402706337116193,-1.0,3.14,1.4843285421693495,-0.6195572929091853,-1.9119689839980785,-1.5701533255795947,-1.5696826138691,1.3919070718237947e-06,0.0,0.0,-1.937982732536092e-05,4.6638295003953445e-05,-2.7260123623973342e-05,7.307180409643621e-07,1.265632827651686e-06
737,0.0019375668986559341,0.0019133795720826,0.00030519513514049577,2.4449740842826975,1.8655811327092466,1.7776904752062255,2.4027077222276025,-1.0,3.14,1.4843092551973336,-0.6195108787477998,-1.9119961128361092,-1.570152598436101,-1.5696813544275203,1.3851114095686512e-06,0.0,0.0,-1.9286972015919446e-05,4.641416138551069e-05,-2.7128838030687774e-05,7.271434936395593e-07,1.2594415796929326e-06
738,0.0019283910987173694,0.0019043186112893383,0.00030374796694183795,2.4449753641939167,1.8655721626018589,1.7776904785708454,2.402709100578418,-1.0,3.14,1.4842900606177414,-0.6194646875963574,-1.9120231110493664,-1.5701518748486427,-1.5696801011451251,1.3783508152620527e-06,0.0,0.0,-1.9194579592207717e-05,4.619115144233188e-05,-2.6998213257245496e-05,7.235874583955137e-07,1.253282395197175e-06
739,0.001919260048834721,0.001895301837702691,0.00030230787434372007,2.4449766378605053,1.865563236238197,1.7776904819190071,2.4027104722035078,-1.0,3.14,1.4842709579701643,-0.6194187183372551,-1.9120499792950743,-1.570151154798813,-1.5696788539900333,1.3716250899520332e-06,0.0,0.0,-1.910264757709612e-05,4.596925910227423e-05,-2.6868245707856175e-05,7.20049829761038e-07,1.2471550918657925e-06
740,0.0019101735185363476,0.001886329023776589,0.0003008748202016991,2.444977905314649,1.865554353393003,1.7776904852507962,2.4027118371375447,-1.0,3.14,1.4842519467966555,-0.6193729698589254,-1.9120767182268834,-1.57015043826831,-1.569677612930546,1.3649340369070728e-06,0.0,0.0,-1.9011173508776125e-05,4.574847832972129e-05,-2.6738931809155986e-05,7.165305029310787e-07,1.24105948717812e-06
741,0.0019011312786552728,0.00187739994325225,0.00029944876764525347,2.4449791665883502,1.8655455138422925,1.7776904885662974,2.402713195415004,-1.0,3.14,1.4842330266417154,-0.6193274410557993,-1.912103328494893,-1.5701497252389367,-1.5696763779351446,1.3582774593956515e-06,0.0,0.0,-1.8920154940094136e-05,4.552880312613805e-05,-2.661026800954147e-05,7.130293733226267e-07,1.234995401500072e-06
742,0.0018921331013189843,0.0018685143711481625,0.0002980296815831372,2.4449804217134306,1.865536717363346,1.7776904918655954,2.4027145470701665,-1.0,3.14,1.4842141970522769,-0.6192821308282701,-1.9121298107456717,-1.5701490156925988,-1.5696751489724896,1.351655162462606e-06,0.0,0.0,-1.882958943855151e-05,4.531022752918279e-05,-2.6482250778725458e-05,7.095463379069855e-07,1.2289626549755184e-06
743,0.0018831787599383192,0.0018596720837511346,0.00029661752650864815,2.444981670721532,1.865527963734699,1.7776904951487733,2.402715892137119,-1.0,3.14,1.4841954575776906,-0.6192370380826575,-1.9121561656222805,-1.5701483096113051,-1.5696739260114196,1.3450669524850412e-06,0.0,0.0,-1.873947458630454e-05,4.509274561259602e-05,-2.6354876608847277e-05,7.060812936554584e-07,1.2229610699687754e-06
744,0.0018742680292033835,0.0018508728586097338,0.0002952122634893902,2.4449829136441172,1.8655192527361368,1.7776904984159145,2.402717230649756,-1.0,3.14,1.484176807769711,-0.6191921617311713,-1.9121823937642934,-1.5701476069771667,-1.5696727090209506,1.3385126371723288e-06,0.0,0.0,-1.8649807979498334e-05,4.4876351486200505e-05,-2.6228142012918454e-05,7.02634138427527e-07,1.2169904690662037e-06
745,0.0018654006850723662,0.0018421164745237957,0.00029381386067435614,2.444984150512473,1.8655105841486828,1.777690501667102,2.4027185626417813,-1.0,3.14,1.4841582471824821,-0.6191475006918759,-1.912208495807819,-1.570146907772396,-1.5696714979702737,1.3319920251220196e-06,0.0,0.0,-1.8560587228932945e-05,4.466103929545717e-05,-2.610204352548884e-05,6.992047707488069e-07,1.2110506768525653e-06
746,0.001856576504763806,0.0018334027115386791,0.0002924222813223154,2.444985381357708,1.8655019577545933,1.7776905049024188,2.4027198881467076,-1.0,3.14,1.4841397753725223,-0.6191030538886549,-1.9122344723855214,-1.5701462119793062,-1.5696702928287551,1.3255049262639318e-06,0.0,0.0,-1.8471809959841323e-05,4.444680322090999e-05,-2.5976577702424564e-05,6.957930898110476e-07,1.2051415185787562e-06
747,0.001847795266748869,0.0018247313509353123,0.0002910374897964956,2.4449866062107573,1.865493373337348,1.7776905081219456,2.40272120719786,-1.0,3.14,1.4841213918987115,-0.6190588202511763,-1.9122603241266416,-1.5701455195803107,-1.5696690935659343,1.3190511523042403e-06,0.0,0.0,-1.8383473810779094e-05,4.423363747863007e-05,-2.585174112024191e-05,6.923989954721321e-07,1.1992628208279399e-06
748,0.001839056750743832,0.0018161021752239111,0.0002896594508329154,2.444987825102382,1.8654848306816436,1.7776905113257646,2.4027225198283757,-1.0,3.14,1.484103096322276,-0.6190147987148569,-1.9122860516570181,-1.5701448305579229,-1.5696679001515232,1.3126305158372986e-06,0.0,0.0,-1.8295576435400918e-05,4.4021536319438503e-05,-2.57275303765514e-05,6.890223878119883e-07,1.1934144110714584e-06
749,0.001830360737701989,0.0018075149681352808,0.00028828813186827264,2.444989038063169,1.8654763295733847,1.777690514513957,2.402723826071205,-1.0,3.14,1.4840848882067754,-0.6189709882208282,-1.912311655599108,-1.5701441448947542,-1.5696667125554051,1.3062428294574602e-06,0.0,0.0,-1.820811550068413e-05,4.381049402868431e-05,-2.560394208983574e-05,6.856631686869008e-07,1.1875961181129213e-06
750,0.0018217070098035366,0.0017989695146124333,0.0002869234953736365,2.4449902451235337,1.865467869799676,1.7776905176866025,2.4027251259591145,-1.0,3.14,1.484066767118088,-0.6189273877159019,-1.9123371365720065,-1.570143462573515,-1.5696655307476335,1.299887909311792e-06,0.0,0.0,-1.8121088687372833e-05,4.3600504926244454e-05,-2.548097289856166e-05,6.823212392870204e-07,1.1818077716441167e-06
751,0.0018130953504509066,0.001790465600804682,0.0002855655088523164,2.4449914463137223,1.8654594511488167,1.7776905208437817,2.4027264195246856,-1.0,3.14,1.4840487326243976,-0.6188839961525359,-1.9123624951914688,-1.5701427835770128,-1.5696643546984304,1.2935655711032723e-06,0.0,0.0,-1.8034493690421982e-05,4.3391563366079744e-05,-2.5358619462290122e-05,6.789965021347655e-07,1.1760492031331893e-06
752,0.0018045255442595226,0.001782003014057123,0.00028421413715571606,2.4449926416638106,1.8654510734102894,1.7776905239855745,2.4027277068003174,-1.0,3.14,1.48403078429618,-0.6188408124887997,-1.912387732069929,-1.5701421078881526,-1.5696631843781863,1.2872756318671463e-06,0.0,0.0,-1.794832821766512e-05,4.318366373612381e-05,-2.5236878460122014e-05,6.756888601966438e-07,1.170320244048284e-06
753,0.0017959973770485444,0.0017735815429054849,0.00028286934635277886,2.444993831203705,1.8654427363747552,1.7776905271120589,2.402728987818228,-1.0,3.14,1.4840129217061888,-0.6187978356883417,-1.9124128478165212,-1.570141435489935,-1.5696620197574584,1.2810179104150166e-06,0.0,0.0,-1.786258999114665e-05,4.297680045806107e-05,-2.5115746592252464e-05,6.723982175493859e-07,1.1646207278559473e-06
754,0.0017875106358364562,0.0017652009770673675,0.00028153110376716165,2.4449950149631454,1.8654344398340454,1.7776905302233148,2.402730262610454,-1.0,3.14,1.4839951444294421,-0.6187550647203547,-1.9124378430370992,-1.570140766365457,-1.5696608608069698,1.2747922260025746e-06,0.0,0.0,-1.7777276746677728e-05,4.2770967986993647e-05,-2.4995220577972432e-05,6.691244780476779e-07,1.158950488688859e-06
755,0.0017790651088302647,0.001756861107435271,0.00028019937405273986,2.444996192971706,1.8654261835811545,1.77769053331942,2.402731531208853,-1.0,3.14,1.4839774520432099,-0.6187124985595437,-1.912462718334256,-1.5701401004979103,-1.569659707497608,1.2685983992177796e-06,0.0,0.0,-1.7692386232281976e-05,4.256616081099729e-05,-2.487529715677894e-05,6.65867546656429e-07,1.1533093617899226e-06
756,0.0017706605854193413,0.0017485617260678031,0.00027887412550756915,2.4449973652587933,1.865417967410231,1.777690536400452,2.4027327936451055,-1.0,3.14,1.4839598441269994,-0.6186701361860922,-1.912487474307344,-1.5701394378705813,-1.5696585598004245,1.2624362524249477e-06,0.0,0.0,-1.7607916210415908e-05,4.236237345145444e-05,-2.4755973087930983e-05,6.62627329006682e-07,1.147697183512264e-06
757,0.0017622968561682125,0.001740302626183682,0.00027755532456872505,2.444998531853653,1.865409791116572,1.7776905394664888,2.4027340499507144,-1.0,3.14,1.4839423202625435,-0.6186279765856298,-1.912512111552494,-1.5701387784668501,-1.5696574176866331,1.2563056088765734e-06,0.0,0.0,-1.752386445597054e-05,4.215960046238809e-05,-2.4637245150005427e-05,6.59403731173569e-07,1.1421137913192325e-06
758,0.001753973712809187,0.0017320836021548895,0.00027624293738312,2.444999692785365,1.865401654496616,1.7776905425176073,2.402735300157006,-1.0,3.14,1.483924880033786,-0.6185860187491996,-1.9125366306626352,-1.5701381222701902,-1.5696562811276094,1.250206291825151e-06,0.0,0.0,-1.7440228757381604e-05,4.195783643023976e-05,-2.4519110141341116e-05,6.56196659898356e-07,1.1365590237844003e-06
759,0.001745690948233401,0.001723904449497032,0.0002749369306160827,2.4450008480828482,1.8653935573479343,1.7776905455538836,2.4027365442951334,-1.0,3.14,1.4839075230268706,-0.6185442616732256,-1.9125610322275148,-1.5701374692641676,-1.5696551500948894,1.2441381271877106e-06,0.0,0.0,-1.7357006915519335e-05,4.1757075973980484e-05,-2.4401564879594773e-05,6.530060225884426e-07,1.1310327199254289e-06
760,0.001737448356484848,0.0017157649648635617,0.000273637273905951,2.44500199777486,1.8653854994692238,1.7776905485753944,2.4027377823960747,-1.0,3.14,1.4838902488301255,-0.6185027043594812,-1.912585316833716,-1.570136819432441,-1.5696540245601687,1.2381009413253707e-06,0.0,0.0,-1.727419674502073e-05,4.155731374444471e-05,-2.4284606201074865e-05,6.498317266512288e-07,1.125534720758381e-06
761,0.0017292457327523615,0.0017076649460385231,0.00027234393260466816,2.445003141889998,1.865377480660301,1.7776905515822143,2.402739014490636,-1.0,3.14,1.4838730570340528,-0.6184613458150569,-1.9126094850646775,-1.5701361727587597,-1.5696529044953014,1.232094561487429e-06,0.0,0.0,-1.7191796072735244e-05,4.135854442433029e-05,-2.416823096162979e-05,6.46673681270471e-07,1.1200648672993196e-06
762,0.0017210828733630083,0.001699604191929644,0.00027105687423656084,2.4450042804567,1.8653695007220945,1.7776905545744202,2.4027402406094525,-1.0,3.14,1.4838559472313142,-0.6184201850523288,-1.9126335375007133,-1.5701355292269645,-1.5696517898722988,1.2261188162554504e-06,0.0,0.0,-1.7109802738612956e-05,4.116076272808744e-05,-2.4052436035759683e-05,6.435317951858366e-07,1.114623002562709e-06
763,0.0017129595757752586,0.0016915825025604237,0.00026977606855799647,2.445005413503247,1.8653615594566377,1.7776905575520852,2.4027414607829884,-1.0,3.14,1.4838389190167196,-0.6183792210889271,-1.9126574747190297,-1.5701348888209863,-1.5696506806633288,1.2201735359873567e-06,0.0,0.0,-1.702821459459436e-05,4.0963963401696724e-05,-2.3937218316394393e-05,6.40405978247216e-07,1.1092089700071028e-06
764,0.0017048756385703656,0.0016835996790648868,0.0002685014818291006,2.445006541057761,1.8653536566670632,1.7776905605152848,2.402742675041539,-1.0,3.14,1.4838219719872132,-0.6183384529477052,-1.9126812972937457,-1.5701342515248458,-1.569649576840715,1.2142585505969805e-06,0.0,0.0,-1.6947029506386713e-05,4.0768141221891874e-05,-2.3822574716003686e-05,6.372961405265443e-07,1.1038226137571883e-06
765,0.0016968308614458073,0.0016756555236761555,0.0002672330833850621,2.4450076631482114,1.8653457921575918,1.7776905634640927,2.4027438834152313,-1.0,3.14,1.4838051057418624,-0.6182978796567083,-1.9127050057959105,-1.570133617322653,-1.569648478376935,1.2083736922186006e-06,0.0,0.0,-1.6866245350799502e-05,4.057329099682594e-05,-2.37085021648209e-05,6.342021927618902e-07,1.0984637799360542e-06
766,0.0016888250452102103,0.001667749839725693,0.00026597084070789526,2.4450087798024085,1.8653379657335312,1.777690566398582,2.402745085934025,-1.0,3.14,1.4837883198818445,-0.6182575002491432,-1.9127286007935218,-1.5701329861986066,-1.5696473852446204,1.202518793874674e-06,0.0,0.0,-1.6785860017964893e-05,4.03794075651831e-05,-2.3594997611287027e-05,6.311240463574563e-07,1.0931323146667893e-06
767,0.001680857991771453,0.0016598824316313731,0.0002647147235836579,2.4450098910480116,1.865330177201265,1.7776905693188267,2.4027462826277146,-1.0,3.14,1.483771614010434,-0.6182173137633468,-1.9127520828515445,-1.570132358136993,-1.569646297416555,1.1966936894758362e-06,0.0,0.0,-1.6705871410449546e-05,4.018648579640072e-05,-2.3482058022716856e-05,6.280616136056238e-07,1.08782806540475e-06
768,0.001672929504136654,0.0016520531048938682,0.0002634646991079661,2.4450109969125244,1.8653224263682482,1.7776905722248988,2.4027474735259284,-1.0,3.14,1.4837549877329919,-0.6181773192427567,-1.912775452531929,-1.5701317331221862,-1.569645214865674,1.1908982138209012e-06,0.0,0.0,-1.66262774421444e-05,3.999452059011421e-05,-2.3369680384410785e-05,6.250148067987737e-07,1.0825508809375606e-06
769,0.0016650393863991372,0.0016442616660875427,0.00026222073755671386,2.4450120974233007,1.8653147130429992,1.7776905751168712,2.4027486586581315,-1.0,3.14,1.4837384406569518,-0.6181375157358806,-1.912798710393628,-1.5701311111386473,-1.5696441375650636,1.1851322030409506e-06,0.0,0.0,-1.654707604004102e-05,3.980350687604606e-05,-2.325786169898869e-05,6.219835388954209e-07,1.077300610496934e-06
770,0.0016571874437344685,0.0016365079228547377,0.00026098280736434936,2.445013192607541,1.8653070370350933,1.7776905779948153,2.4027498380536256,-1.0,3.14,1.4837219723918094,-0.6180979022962666,-1.9128218569926159,-1.5701304921709238,-1.5696430654879592,1.1793954941552443e-06,0.0,0.0,-1.6468265142455252e-05,3.961343961400576e-05,-2.3146598987944245e-05,6.18967723520214e-07,1.0720771044248067e-06
771,0.0016493734823938273,0.0016287916838997423,0.0002597508785064761,2.4450142824922976,1.865299398155157,1.7776905808588033,2.402751011741551,-1.0,3.14,1.4837055825491088,-0.6180584779824733,-1.9128448928819053,-1.5701298762036489,-1.569641998607745,1.1736879255153099e-06,0.0,0.0,-1.6389842700581525e-05,3.9424313793334775e-05,-2.303588928942446e-05,6.159672749639356e-07,1.066880214173338e-06
772,0.0016415973096966343,0.0016211127589808802,0.0002585249216848491,2.4450153671044723,1.8652917962148607,1.7776905837089059,2.402752179750887,-1.0,3.14,1.4836892707424323,-0.61801924185804,-1.9128678186115657,-1.5701292632215411,-1.5696409368979531,1.1680093359167643e-06,0.0,0.0,-1.6311806676494456e-05,3.923612443323954e-05,-2.2925729660450145e-05,6.129821077394126e-07,1.061709791860821e-06
773,0.0016338587340242266,0.001613470958905045,0.0002573049014478714,2.445016446470817,1.865284231026912,1.7776905865451935,2.402753342110452,-1.0,3.14,1.4836730365873874,-0.6179801929914581,-1.9128906347287398,-1.5701286532094036,-1.5696398803322624,1.1623595650434027e-06,0.0,0.0,-1.6234155044925203e-05,3.904886658190332e-05,-2.2816117174029316e-05,6.100121374696954e-07,1.0565656907157717e-06
774,0.0016261575648118948,0.001605866095519789,0.0002560907916585231,2.4450175206179403,1.8652767024050494,1.7776905893677375,2.402754498848907,-1.0,3.14,1.4836568797015954,-0.6179413304561412,-1.9129133417776616,-1.570128046152124,-1.5696388288844976,1.1567384547994664e-06,0.0,0.0,-1.61568857919292e-05,3.886253531693029e-05,-2.2707048921821738e-05,6.070572795557894e-07,1.0514477648548848e-06
775,0.001618493612544924,0.001598297981709175,0.000254882563527065,2.445018589572299,1.865269210164037,1.777690592176607,2.402755649994754,-1.0,3.14,1.48364079970468,-0.6179026533303968,-1.9129359402996742,-1.5701274420346736,-1.569637782528628,1.1511458470891966e-06,0.0,0.0,-1.607999691533024e-05,3.867712574434634e-05,-2.259852201258461e-05,6.041174505089231e-07,1.0463558695050779e-06
776,0.001610866688748133,0.0015907664313834168,0.00025368018292836917,2.44501965336021,1.865261754119655,1.7776905949718722,2.402756795576339,-1.0,3.14,1.4836247962182556,-0.6178641606973971,-1.9129584308332452,-1.5701268408421067,-1.5696367412387677,1.1455815851491025e-06,0.0,0.0,-1.6003486424498448e-05,3.8492632999709286e-05,-2.2490533571062343e-05,6.011925668403251e-07,1.0412898603373577e-06
777,0.0016032766059834694,0.0015832712594764594,0.00025248362259436497,2.4450207120078407,1.865254334088697,1.777690597753602,2.402757935621851,-1.0,3.14,1.4836088688659153,-0.6178258516451509,-1.912980813913986,-1.5701262425595603,-1.5696357049891734,1.1400455117716035e-06,0.0,0.0,-1.5927352340350254e-05,3.83090522462215e-05,-2.2383080740651096e-05,5.982825463934915e-07,1.0362495943549987e-06
778,0.0015957231778423817,0.001575812281938255,0.00025129285433194115,2.445021765541216,1.865246949888962,1.777690600521865,2.4027590701593247,-1.0,3.14,1.48359301727322,-0.6177877252664749,-1.9130030900746662,-1.5701256471722536,-1.569634673754244,1.1345374737459224e-06,0.0,0.0,-1.5851592695348415e-05,3.812637867606217e-05,-2.2276160680290147e-05,5.953873067898741e-07,1.0312349294494538e-06
779,0.0015882062189369415,0.001568389315727226,0.00025010784545618044,2.44502281398622,1.8652396013392478,1.7776906032767295,2.402760199216641,-1.0,3.14,1.4835772410676866,-0.6177497806589655,-1.9130252598452326,-1.5701250546654872,-1.56963364750852,1.129057316529014e-06,0.0,0.0,-1.5776205533279963e-05,3.7944607509388106e-05,-2.21697705664603e-05,5.92506766317058e-07,1.026245723956265e-06
780,0.0015807255448976583,0.0015610021788053973,0.0002489285685025204,2.4450238573685916,1.8652322882593455,1.777690606018264,2.4027613228215277,-1.0,3.14,1.4835615398787774,-0.6177120169249712,-1.9130473237528247,-1.570124465024643,-1.5696326262266824,1.123604886466012e-06,0.0,0.0,-1.5701188909256203e-05,3.7763733994222726e-05,-2.206390759207366e-05,5.896408441508072e-07,1.021281837543242e-06
781,0.001573280972362196,0.0015536506901317722,0.00024775499508438413,2.4450248957139316,1.8652250104700332,1.7776906087465358,2.40276244100156,-1.0,3.14,1.483545913337888,-0.6176744331715649,-1.9130692823217914,-1.5701238782351836,-1.5696316098835517,1.1181800321224955e-06,0.0,0.0,-1.5626540889268625e-05,3.758375340634501e-05,-2.195856896669568e-05,5.867894594668854e-07,1.0163431307663728e-06
782,0.0015658723189749728,0.00154633466965649,0.0002465870958777147,2.4450259290476977,1.86521776779307,1.777690611461613,2.402763553784162,-1.0,3.14,1.483530361078337,-0.6176370285105156,-1.9130911360737075,-1.5701232942826515,-1.5696305984540868,1.1127826020640441e-06,0.0,0.0,-1.5552259551077086e-05,3.740466104928952e-05,-2.185375191610106e-05,5.839525321071903e-07,1.0114294648477795e-06
783,0.0015584994033755863,0.0015390539383135736,0.0002454248415100934,2.445026957395211,1.865210560051189,1.7776906141635613,2.4027646611966076,-1.0,3.14,1.4835148827353541,-0.6175998020582617,-1.9131128855273902,-1.5701227131526687,-1.569629591913385,1.1074124457444157e-06,0.0,0.0,-1.5478342982877535e-05,3.722645225390231e-05,-2.1749453682717856e-05,5.81129982801798e-07,1.0065407018977623e-06
784,0.0015511620451955212,0.0015318083180161854,0.0002442682034754083,2.4450279807816506,1.8652033870680926,1.7776906168524482,2.4027657632660224,-1.0,3.14,1.48349947794607,-0.6175627529358837,-1.9131345311989152,-1.5701221348309364,-1.56962859023668,1.102069414837814e-06,0.0,0.0,-1.54047892841902e-05,3.704912237800784e-05,-2.164567152496133e-05,5.783217322807843e-07,1.0016767049148e-06
785,0.0015438600650522218,0.0015245976316498784,0.0002431171514211942,2.445028999232062,1.8651962486684461,1.77769061952834,2.4027668600193826,-1.0,3.14,1.4834841463495043,-0.6175258802690767,-1.9131560736016324,-1.5701215593032345,-1.5696275933993422,1.0967533601302648e-06,0.0,0.0,-1.533159656563754e-05,3.6872666806964105e-05,-2.1542402717233955e-05,5.755277019403593e-07,9.9683733778555e-07
786,0.001536593284540925,0.0015174217030670064,0.00024197166137035326,2.445030012771351,1.8651891446778714,1.7776906221913016,2.402767951483517,-1.0,3.14,1.4834688875865565,-0.6174891831881244,-1.913177513246183,-1.5701209865554209,-1.5696266013768772,1.0914641346282394e-06,0.0,0.0,-1.5258762947834015e-05,3.6697080952330374e-05,-2.1439644550591552e-05,5.727478136208219e-07,9.920224650628029e-07
787,0.0015293615262305358,0.0015102803570800339,0.0002408317029711924,2.445031021424288,1.865182074922941,1.7776906248413993,2.4027690376851085,-1.0,3.14,1.483453701299993,-0.6174526608278714,-1.9131988506405142,-1.570120416573431,-1.5696256141449243,1.0862015913382095e-06,0.0,0.0,-1.5186286563384499e-05,3.652236025297739e-05,-2.1337394331188975e-05,5.699819898286052e-07,9.872319528536622e-07
788,0.0015221646136572278,0.0015031734194563557,0.0002396972476893149,2.4450320252155087,1.865175039231173,1.7776906274786979,2.402770118650694,-1.0,3.14,1.4834385871344382,-0.6174163123276976,-1.9132200862898954,-1.5701198493432778,-1.5696246316792575,1.0809655854870925e-06,0.0,0.0,-1.5114165554885872e-05,3.634850017386615e-05,-2.1235649381168287e-05,5.672301532921864e-07,9.824656668211418e-07
789,0.001515002371318146,0.0014961007169121741,0.00023856826792690065,2.445033024169514,1.8651680374310242,1.7776906301032618,2.4027711944066654,-1.0,3.14,1.4834235447363628,-0.6173801368314912,-1.9132412206969338,-1.5701192848510503,-1.5696236539557828,1.0757559714136278e-06,0.0,0.0,-1.504239807537111e-05,3.617549620638094e-05,-2.113440703843672e-05,5.64492227406177e-07,9.777234746266572e-07
790,0.001507874624665808,0.0014890620771069395,0.00023744473705146076,2.445034018310672,1.8651610693518856,1.777690632715156,2.402772264979271,-1.0,3.14,1.4834085737540736,-0.6173441334876232,-1.9132622543615907,-1.5701187230829141,-1.5696226809505385,1.0705726056770004e-06,0.0,0.0,-1.4970982289197465e-05,3.600334386799631e-05,-2.1033664656888718e-05,5.61768136231322e-07,9.730052443757131e-07
791,0.0015007812001013286,0.0014820573286365372,0.00023632662754591806,2.445035007663218,1.8651541348240752,1.7776906353144446,2.402773330394617,-1.0,3.14,1.4833936738377034,-0.617308301448921,-1.9132831877811958,-1.5701181640251105,-1.5696217126396939,1.065415345724574e-06,0.0,0.0,-1.4899916370270105e-05,3.5832038702166e-05,-2.0933419605073667e-05,5.590578036063221e-07,9.683108446179034e-07
792,0.0014937219249703418,0.0014750863010289225,0.0002352139091058157,2.445035992251254,1.8651472336788333,1.7776906379011905,2.4027743906786654,-1.0,3.14,1.4833788446391996,-0.6172726398726429,-1.9133040214504635,-1.570117607663956,-1.5696207489995486,1.0602840485596232e-06,0.0,0.0,-1.4829198503818475e-05,3.566157627810096e-05,-2.083366926775021e-05,5.563611544801006e-07,9.636401452350896e-07
793,0.0014866966275552602,0.0014681488247376509,0.00023410655711603997,2.4450369720987526,1.8651403657483168,1.7776906404754578,2.4027754458572392,-1.0,3.14,1.4833640858123145,-0.6172371479204521,-1.9133247558615074,-1.5701170539858418,-1.5696197900065318,1.0551785738499575e-06,0.0,0.0,-1.4758826885064025e-05,3.549195219076928e-05,-2.0734411043887846e-05,5.536781142456704e-07,9.58993016775267e-07
794,0.0014797051370713749,0.001461244731136698,0.00023300454421569067,2.445037947229556,1.8651335308655936,1.7776906430373094,2.40277649595602,-1.0,3.14,1.4833493970125953,-0.6172018247583918,-1.913345391503856,-1.5701165029772333,-1.5696188356372016,1.0500987808192974e-06,0.0,0.0,-1.4688799719220214e-05,3.532316206034114e-05,-2.063564234866533e-05,5.510086085180887e-07,9.5436933023052e-07
795,0.0014727472836592256,0.001454373852513331,0.00023190784502618528,2.4450389176673766,1.865126728864636,1.7776906455868076,2.4027775410005505,-1.0,3.14,1.4833347778973731,-0.6171666695568593,-1.913365928864468,-1.5701159546246701,-1.5696178858682435,1.0450445304677203e-06,0.0,0.0,-1.461911522215864e-05,3.515520153252183e-05,-2.0537360611916355e-05,5.483525631344577e-07,9.497689581472457e-07
796,0.0014658228983817911,0.0014475360220653137,0.00023081642947046292,2.4450398834357987,1.8651199595803174,1.7776906481240151,2.402778581016234,-1.0,3.14,1.4833202281257534,-0.6171316814905813,-1.9133863684277461,-1.570115408914765,-1.5696169406764706,1.0400156833512142e-06,0.0,0.0,-1.4549771619742913e-05,3.4988066277996666e-05,-2.043956327812957e-05,5.457099050421022e-07,9.45191772849796e-07
797,0.0014589318132151876,0.0014407310738926158,0.00022973027329976247,2.4450408445582763,1.865113222848404,1.7776906506489936,2.402779616028336,-1.0,3.14,1.4833057473586055,-0.617096859738589,-1.913406710675553,-1.570114865834204,-1.5696160000388224,1.0350121022462133e-06,0.0,0.0,-1.4480767147828644e-05,3.482175199231996e-05,-2.0342247806892644e-05,5.430805611883471e-07,9.406376482168355e-07
798,0.0014520738610463246,0.0014339588429934577,0.00022864934852717694,2.44504180105814,1.8651065185055518,1.7776906531618049,2.402780646061986,-1.0,3.14,1.4832913352585528,-0.6170622034841929,-1.9134269560872255,-1.570114325369745,-1.5696150639323638,1.0300336499291518e-06,0.0,0.0,-1.4412100052707544e-05,3.465625439602604e-05,-2.02454116724482e-05,5.404644589646068e-07,9.361064585711176e-07
799,0.0014452488756656993,0.001427219165258751,0.0002275736301748268,2.4450427529585914,1.8650998463893,1.7776906556625103,2.402781671142177,-1.0,3.14,1.483276991489963,-0.6170277119149591,-1.9134471051395896,-1.5701137875082185,-1.5696141323342845,1.0250801909528207e-06,0.0,0.0,-1.4343768589775152e-05,3.4491569233852104e-05,-2.0149052364137887e-05,5.378615264284292e-07,9.315980793456191e-07
800,0.001438456691761532,0.0014205118774657257,0.00022650309144983566,2.445043700282709,1.8650932063380659,1.7776906581511707,2.4027826912937664,-1.0,3.14,1.4832627157189378,-0.6169933842226836,-1.913467158306975,-1.5701132522365266,-1.569613205221898,1.0201515894259217e-06,0.0,0.0,-1.4275771025307193e-05,3.4327692275515354e-05,-2.005316738529217e-05,5.352716918594069e-07,9.271123864174058e-07
801,0.001431697144916073,0.001413836817273123,0.0002254377076469934,2.4450446430534427,1.8650865981911384,1.7776906606278462,2.402783706541477,-1.0,3.14,1.4832485076133028,-0.6169592196033687,-1.9134871160612288,-1.5701127195416424,-1.5696122825726417,1.0152477107894242e-06,0.0,0.0,-1.4208105634905266e-05,3.416461931482484e-05,-1.9957754253896454e-05,5.326948842032664e-07,9.226492563296773e-07
802,0.0014249700715981807,0.0014071938232162674,0.00022437744828742538,2.445045581293621,1.865080021788675,1.777690663092598,2.402784716909899,-1.0,3.14,1.483234366842599,-0.6169252172571993,-1.913506978871731,-1.5701121894106098,-1.569611364364075,1.0103684218165654e-06,0.0,0.0,-1.414077070394093e-05,3.400234616945941e-05,-1.9862810502147e-05,5.301310326277786e-07,9.182085667358564e-07
803,0.0014182753091594286,0.0014005827347016023,0.0002233222938906226,2.445046515025951,1.8650734769716952,1.7776906655454856,2.4027857224234888,-1.0,3.14,1.4832202930780711,-0.616891376388518,-1.9135267472054076,-1.5701116618305428,-1.5696104505738793,1.0055135897246714e-06,0.0,0.0,-1.4073764527777755e-05,3.384086868130076e-05,-1.9768333676672967e-05,5.275800669668484e-07,9.137901957334549e-07
804,0.001411612695829008,0.001394003392001163,0.0002222722142637746,2.445047444273013,1.8650669635820756,1.777690667986569,2.402786723106571,-1.0,3.14,1.4832062859926602,-0.6168576962058019,-1.913546421526746,-1.5701111367886258,-1.5696095411798567,1.0006830821751578e-06,0.0,0.0,-1.4007085410883136e-05,3.3680182716100404e-05,-1.967432133831437e-05,5.250419170543807e-07,9.093940225302077e-07
805,0.0014049820707060423,0.001387455636246705,0.00022122718531605878,2.445048369057268,1.8650604814625436,1.7776906704159068,2.402787718983339,-1.0,3.14,1.4831923452609925,-0.6168241759216389,-1.9135660022978083,-1.5701106142721122,-1.5696086361599304,9.958767681617076e-07,0.0,0.0,-1.3940731667716477e-05,3.352028416303554e-05,-1.9580771062344127e-05,5.225165136124588e-07,9.050199263338499e-07
806,0.001398383273756561,0.0013809393094257455,0.00022018718215063648,2.445049289401055,1.8650540304566736,1.7776906728335586,2.4027887100778558,-1.0,3.14,1.4831784705593702,-0.6167908147527038,-1.9135854899782452,-1.5701100942683244,-1.5696077354921423,9.910945166780039e-07,0.0,0.0,-1.3874701622285102e-05,3.336116893504215e-05,-1.9487680436913735e-05,5.20003787807255e-07,9.00667788128473e-07
807,0.0013918161458088608,0.0013744542543761347,0.00021915218006435692,2.4450502053265946,1.8650476104088825,1.7776906752395831,2.402789696414055,-1.0,3.14,1.4831646615657623,-0.6167576119197355,-1.9136048850253102,-1.5701095767646538,-1.5696068391546536,9.86336199382265e-07,0.0,0.0,-1.3808993607922204e-05,3.320283296825988e-05,-1.9395047065051685e-05,5.175036705828973e-07,8.963374886761244e-07
808,0.001385280528545173,0.0013680003147798032,0.00021812215252208696,2.445051116855986,1.865041221164422,1.7776906776340389,2.4027906780157418,-1.0,3.14,1.483150917959795,-0.6167245666475136,-1.9136241878938736,-1.5701090617485598,-1.5696059471257435,9.816016866004418e-07,0.0,0.0,-1.3743605967286854e-05,3.3045272221920996e-05,-1.9302868563331188e-05,5.150160939937365e-07,8.920289100711187e-07
809,0.0013787762644996379,0.0013615773351592776,0.00021709707418750558,2.4450520240112095,1.8650348625693765,1.7776906800169832,2.4027916549065917,-1.0,3.14,1.483137239422743,-0.616691678164835,-1.9136433990364357,-1.5701085492075695,-1.5696050593838087,9.768908499907525e-07,0.0,0.0,-1.3678537052141948e-05,3.288848267857247e-05,-1.921114256209222e-05,5.125409903161682e-07,8.8774193485186e-07
810,0.0013723031970510767,0.00135518516087093,0.0002160769230127326,2.4450529268141272,1.8650285344706552,1.7776906823884737,2.4027926271101543,-1.0,3.14,1.4831236256375184,-0.6166589457044916,-1.9136625189031404,-1.5701080391292772,-1.5696041759073622,9.722035625436831e-07,0.0,0.0,-1.3613785224464436e-05,3.273246034340982e-05,-1.911986670477539e-05,5.10078292270677e-07,8.834764464449307e-07
811,0.00136586117041983,0.0013488236381018676,0.00021506167102953883,2.4450538252864864,1.8650222367159905,1.777690684748569,2.4027935946498524,-1.0,3.14,1.4831100762886638,-0.6166263685032473,-1.9136815479417895,-1.5701075315013446,-1.5696032966750335,9.67539698137898e-07,0.0,0.0,-1.3549348854668963e-05,3.257720124438812e-05,-1.902903864903216e-05,5.076279325777477e-07,8.792323287210024e-07
812,0.0013594500296605907,0.001342492613863748,0.0002140512966627982,2.445054719449914,1.8650159691539305,1.7776906870973253,2.402794557548983,-1.0,3.14,1.4830965910623415,-0.616593945801815,-1.913700486597855,-1.5701070263114998,-1.5696024216655668,9.628991306520618e-07,0.0,0.0,-1.3485226322274002e-05,3.2422701432222034e-05,-1.8938656065614623e-05,5.051898448460435e-07,8.750094666609698e-07
813,0.001353069620660153,0.0013361919359881937,0.00021304577238090327,2.445055609325922,1.865009731633835,1.7776906894348,2.402795515830718,-1.0,3.14,1.4830831696463256,-0.616561676844835,-1.9137193353144937,-1.5701065235475367,-1.5696015508578216,9.58281734853017e-07,0.0,0.0,-1.3421416015901855e-05,3.226895698005272e-05,-1.884871663859755e-05,5.027639631283165e-07,8.708077452457275e-07
814,0.0013467197901290225,0.0013299214531202607,0.00021204507607889964,2.4450564949359093,1.8650035240058693,1.7776906917610484,2.4027964695181048,-1.0,3.14,1.4830698117299919,-0.616529560880852,-1.9137380945325593,-1.5701060231973152,-1.5696006842307706,9.536873868398743e-07,0.0,0.0,-1.3357916333722741e-05,3.211596398300376e-05,-1.8759218065600436e-05,5.003502214773192e-07,8.666270510104823e-07
815,0.0013404003855978517,0.0013236810147167742,0.00021104918384813934,2.4450573763011563,1.864997346121002,1.7776906940761283,2.4027974186340675,-1.0,3.14,1.483056517004309,-0.6164975971622934,-1.9137567646906162,-1.5701055252487608,-1.5695998217634999,9.49115962711744e-07,0.0,0.0,-1.3294725682788666e-05,3.196371855862523e-05,-1.867015805689931e-05,4.979485543898932e-07,8.624672707124859e-07
816,0.001334111255415323,0.0013174704710393263,0.00021005807099586096,2.4450582534428333,1.864991197830999,1.7776906963800947,2.402798363201408,-1.0,3.14,1.4830432851618307,-0.6164657849454467,-1.9137753462249523,-1.5701050296898638,-1.5695989634352083,9.445673403440935e-07,0.0,0.0,-1.3231842478367284e-05,3.181221684667168e-05,-1.8581534336092886e-05,4.955588970290137e-07,8.583282915530788e-07
817,0.0013278522487394815,0.0013112896731499735,0.00020907171097012359,2.4450591263819947,1.8649850789884177,1.7776906986730032,2.4027993032428046,-1.0,3.14,1.4830301158966854,-0.6164341234904385,-1.9137938395695928,-1.5701045365086788,-1.5695981092252063,9.400413967242116e-07,0.0,0.0,-1.3169265145274167e-05,3.1661455008213935e-05,-1.849334464054664e-05,4.931811850017453e-07,8.542100020658694e-07
818,0.0013216232155319227,0.0013051384729047993,0.00020809008599221164,2.4450599951395824,1.864978989446602,1.777690700954909,2.402800238780816,-1.0,3.14,1.4830170089045684,-0.6164026120612118,-1.9138122451563118,-1.5701040456933248,-1.5695972591129153,9.355380115039225e-07,0.0,0.0,-1.3106992116984628e-05,3.15114292266383e-05,-1.8405586718950318e-05,4.908153539151527e-07,8.501122910065106e-07
819,0.0013154240065598544,0.0012990167229530356,0.00020711316582775805,2.445060859736429,1.8649729290596813,1.7776907032258673,2.40280116983788,-1.0,3.14,1.4830039638827326,-0.6163712499255055,-1.9138305634146462,-1.5701035572319846,-1.5695964130778677,9.31057063890961e-07,0.0,0.0,-1.3045021835855763e-05,3.13621357063143e-05,-1.8318258334426574e-05,4.884613402644788e-07,8.460350475747447e-07
820,0.0013092544733833294,0.00129292427672874,0.00020614093227153455,2.445061720193253,1.8649668976825613,1.7776907054859332,2.4028020964363135,-1.0,3.14,1.48299098052998,-0.6163400363548317,-1.9138487947719078,-1.5701030711129043,-1.5695955710997054,9.265984335371513e-07,0.0,0.0,-1.2983352752682364e-05,3.1213570673815916e-05,-1.8231357261644376e-05,4.861190803229221e-07,8.419781623025813e-07
821,0.0013031144683555496,0.0012868609884480965,0.00020517335887564915,2.4450625765306624,1.8649608951709222,1.77769070773516,2.402803018598315,-1.0,3.14,1.4829780585466532,-0.6163089706244554,-1.9138669396531964,-1.5701025873243932,-1.5695947331581794,9.221620014265852e-07,0.0,0.0,-1.2921983326696918e-05,3.106573037625626e-05,-1.814488128859537e-05,4.837885110298146e-07,8.379415259440748e-07
822,0.0012970038446156729,0.0012808267131025383,0.00020421042380736827,2.445063428769158,1.864954921381212,1.7776907099736032,2.402803936345965,-1.0,3.14,1.4829651976346265,-0.6162780520133732,-1.9138849984814124,-1.5701021058548232,-1.5695938992331497,9.177476498756221e-07,0.0,0.0,-1.2860912026679827e-05,3.091861108228677e-05,-1.8058828215927747e-05,4.814695699906224e-07,8.339250296973688e-07
823,0.001290922456085026,0.0012748213064574594,0.0002032521045016694,2.4450642769291293,1.8649489761706444,1.777690712201316,2.402804849701225,-1.0,3.14,1.4829523974972978,-0.6162472798042913,-1.9139029716772684,-1.5701016266926282,-1.5695930693045834,9.133552603124429e-07,0.0,0.0,-1.280013732873897e-05,3.077220908187517e-05,-1.7973195856058055e-05,4.791621950328562e-07,8.299285663149192e-07
824,0.001284870157463252,0.001268844625044742,0.00020229837545375457,2.445065121030856,1.8649430593971918,1.7776907144183511,2.4028057586859406,-1.0,3.14,1.4829396578395797,-0.6162166532836061,-1.9139208596593031,-1.5701011498263044,-1.5695922433525553,9.089847154974962e-07,0.0,0.0,-1.273965771808605e-05,3.0626520685195224e-05,-1.7887982034725525e-05,4.768663237619819e-07,8.259520281050925e-07
825,0.0012788468042230939,0.0012628965261609025,0.00020134921587440513,2.445065961094512,1.864937170919584,1.7776907166247633,2.4028066633218406,-1.0,3.14,1.4829269783678911,-0.6161861717413823,-1.9139386628438924,-1.5701006752444093,-1.5695914213572466,9.046358999675874e-07,0.0,0.0,-1.2679471688592514e-05,3.0481542223737e-05,-1.7803184589215704e-05,4.7458189511573323e-07,8.21995308708523e-07
826,0.0012728522526033786,0.001256976867858427,0.00020040460205107176,2.4450667971401634,1.864931310597299,1.7776907188206041,2.4028075636305384,-1.0,3.14,1.4829143587901492,-0.6161558344713328,-1.9139563816452623,-1.5701002029355615,-1.5695906032989446,9.003086978154329e-07,0.0,0.0,-1.2619577741901367e-05,3.0337270049529685e-05,-1.7718801369914772e-05,4.723088478097992e-07,8.180583019878895e-07
827,0.001266886359609417,0.0012510855089461134,0.0001994645106233479,2.445067629187768,1.8649254782905633,1.7776907210059274,2.402808459633532,-1.0,3.14,1.4829017988157605,-0.6161256407707979,-1.9139740164755006,-1.5700997328884405,-1.569589789158042,8.96002993577838e-07,0.0,0.0,-1.2559974388759443e-05,3.0193700534919543e-05,-1.763483023831114e-05,4.7004712100395807e-07,8.141409026940494e-07
828,0.0012609489830036557,0.001245222308980031,0.00019852892195203163,2.44506845725718,1.8649196738603433,1.7776907231807846,2.4028093513522055,-1.0,3.14,1.4828892981556137,-0.6160955899407252,-1.91399156774457,-1.5700992650917864,-1.5695889789150355,8.91718673567965e-07,0.0,0.0,-1.250066014679696e-05,3.0050830072680945e-05,-1.7551269069437936e-05,4.677966540800327e-07,8.102430064660382e-07
829,0.0012550399813050065,0.0012393871282639576,0.00019759781122237303,2.4450692813681476,1.8649138971683457,1.7776907253452283,2.4028102388078296,-1.0,3.14,1.4828768565220698,-0.6160656812856492,-1.9140090358603186,-1.5700987995343991,-1.5695881725505267,8.874556240989762e-07,0.0,0.0,-1.2441633543858188e-05,2.9908655076016366e-05,-1.7468115748542346e-05,4.655573873080243e-07,8.063645087208471e-07
830,0.001249159213781767,0.0012335798278412793,0.00019667115735874988,2.445070101540313,1.864908148077009,1.7776907274993103,2.4028111220215616,-1.0,3.14,1.4828644736289556,-0.6160359141136712,-1.914026421228493,-1.5700983362051384,-1.56958737004522,8.83213731928123e-07,0.0,0.0,-1.238289311422669e-05,2.9767171978001272e-05,-1.738536817441627e-05,4.6332926073588965e-07,8.02505306651824e-07
831,0.0012433065404484332,0.0012278002694914095,0.00019574893631240663,2.4450709177932137,1.8649024264495009,1.7776907296430824,2.4028120010144463,-1.0,3.14,1.4828521491915545,-0.6160062877364394,-1.9140437242527497,-1.5700978750929233,-1.569586571379923,8.789928847008355e-07,0.0,0.0,-1.2324437401067811e-05,2.9626377231806167e-05,-1.7303024256731803e-05,4.6111221507771916e-07,7.986652970082275e-07
832,0.0012374818220601664,0.0012220483157256764,0.0001948311278342987,2.4450717301462856,1.864896732149713,1.7776907317765953,2.4028128758074176,-1.0,3.14,1.482839882926599,-0.6159768014691289,-1.9140609453346675,-1.570097416186732,-1.5695857765355454,8.74792971394811e-07,0.0,0.0,-1.2266264955540507e-05,2.9486267310474545e-05,-1.722108191781757e-05,4.5890619126964793e-07,7.948443776495395e-07
833,0.0012316849201104356,0.0012163238297833343,0.0001939177109898826,2.4450725386188608,1.8648910650422579,1.7776907338999013,2.4028137464212986,-1.0,3.14,1.4828276745522622,-0.6159474546304223,-1.9140780848737584,-1.5700969594756011,-1.5695849854930983,8.706138809877473e-07,0.0,0.0,-1.2208374336797334e-05,2.934683870658983e-05,-1.7139539090882394e-05,4.567111309139449e-07,7.910424471013755e-07
834,0.001225915696825028,0.0012106266756280791,0.00019300865954583764,2.445073343230169,1.8648854249924653,1.7776907360130494,2.402814612876801,-1.0,3.14,1.4828155237881506,-0.6159182465424896,-1.914095143267479,-1.5700965049486257,-1.569584198233694,8.664555024573417e-07,0.0,0.0,-1.2150764111540369e-05,2.920808793271945e-05,-1.705839372068141e-05,4.545269753908343e-07,7.872594043334402e-07
835,0.0012201740151574713,0.0012049567179412948,0.00019210395456449,2.4450741439993378,1.8648798118663754,1.777690738116091,2.402815475194528,-1.0,3.14,1.4828034303552953,-0.6158891765309692,-1.914112120911244,-1.570096052594959,-1.5695834147385452,8.623177270017379e-07,0.0,0.0,-1.209343285535347e-05,2.9070011520415662e-05,-1.6977643764848338e-05,4.523536667466743e-07,7.834951487595276e-07
836,0.001214459738785893,0.0011993138221198254,0.0001912035776137652,2.4450749409453936,1.8648742255307365,1.777690740209076,2.402816333394973,-1.0,3.14,1.4827913939761446,-0.6158602439249482,-1.9141290181984347,-1.5700956024038113,-1.5695826349889643,8.582004449309011e-07,0.0,0.0,-1.203637915070388e-05,2.893260602099268e-05,-1.689728719078687e-05,4.5019114769395685e-07,7.797495809036548e-07
837,0.001208772732109935,0.0011936978542723949,0.0001903075026160346,2.4450757340872626,1.8648686658530016,1.777690742292055,2.4028171874985214,-1.0,3.14,1.4827794143745563,-0.6158314480569435,-1.914145835520413,-1.5700951543644508,-1.569581858966363,8.541035483311532e-07,0.0,0.0,-1.1979601588274491e-05,2.8795868004749536e-05,-1.6817321978335187e-05,4.480393605010846e-07,7.760226012898386e-07
838,0.0012031128602412882,0.0011881086812115063,0.0001894157097394672,2.445076523443772,1.8648631327013208,1.777690744365077,2.402818037525451,-1.0,3.14,1.4827674912757898,-0.6158027882628823,-1.914162573266532,-1.5700947084662022,-1.5695810866522515,8.500269297329055e-07,0.0,0.0,-1.1923098766519757e-05,2.8659794061192123e-05,-1.6737746118877794e-05,4.4589824854668336e-07,7.723141115523191e-07
839,0.0011974799890079797,0.001182546170455638,0.00018852817848430279,2.445077309033647,1.8648576259445424,1.7776907464281912,2.4028188834959323,-1.0,3.14,1.4827556244064979,-0.6157742638820833,-1.914179231824146,-1.570094264698447,-1.569580318028238,8.4597048122248e-07,0.0,0.0,-1.1866869291887738e-05,2.8524380798922166e-05,-1.6658557614013247e-05,4.4376775520937883e-07,7.68624013547381e-07
840,0.0011918739849408656,0.001177010190219071,0.00018764488648832328,2.445078090875517,1.8648521454522042,1.7776907484814475,2.4028197254300294,-1.0,3.14,1.48274381349472,-0.6157458742572383,-1.9141958115786237,-1.570093823050623,-1.5695795530760284,8.419340971066447e-07,0.0,0.0,-1.181091177793192e-05,2.8389624845082118e-05,-1.65797544777746e-05,4.416478240898414e-07,7.64952209575398e-07
841,0.0011862947152771162,0.0011715006094118886,0.00018676581424326066,2.4450788689879097,1.8648466910945323,1.7776907505248944,2.4028205633477007,-1.0,3.14,1.482732058269874,-0.6157176187343922,-1.9142123129133581,-1.5700933835122237,-1.5695787917774255,8.379176712480785e-07,0.0,0.0,-1.1755224845977352e-05,2.8255522846021286e-05,-1.6501334734408957e-05,4.3953839923283056e-07,7.612986028249225e-07
842,0.0011807420479518211,0.001166017297633068,0.00018589093800011063,2.44507964338926,1.8648412627424351,1.7776907525585808,2.4028213972687995,-1.0,3.14,1.4827203584627489,-0.6156894966629259,-1.9142287362097778,-1.5700929460727986,-1.5695780341143282,8.339210988417278e-07,0.0,0.0,-1.1699807125120643e-05,2.812207146629664e-05,-1.6423296419709743e-05,4.3743942512719514e-07,7.57663097372685e-07
843,0.0011752158515943149,0.001160560125168753,0.0001850202392746667,2.445080414097901,1.864835860267501,1.7776907545825542,2.402822227213074,-1.0,3.14,1.4827087138054966,-0.6156615073955367,-1.914245081847358,-1.570092510721952,-1.569577280068731,8.2994427463845e-07,0.0,0.0,-1.1644657252229962e-05,2.7989267389227912e-05,-1.6345637580128525e-05,4.353508464838285e-07,7.540455970733717e-07
844,0.001169715995527408,0.0011551289629868524,0.00018415369894800014,2.4450811811320716,1.8648304835419935,1.7776907565968636,2.402823053200169,-1.0,3.14,1.4826971240316258,-0.6156336502882204,-1.9142613502036312,-1.5700920774493439,-1.5695765296227242,8.259870947213699e-07,0.0,0.0,-1.1589773870834819e-05,2.78571073163425e-05,-1.6268356273219098e-05,4.332726082356686e-07,7.504460068918917e-07
845,0.0011642423497576593,0.0011497236827332418,0.00018329129241001081,2.445081944509915,1.8648251324388472,1.7776907586015571,2.4028238752496254,-1.0,3.14,1.4826855888759929,-0.6156059247002528,-1.9142775416541988,-1.5700916462446879,-1.5695757827584922,8.2204945650588e-07,0.0,0.0,-1.1535155632902416e-05,2.7725587967597498e-05,-1.619145056763749e-05,4.3120465598178725e-07,7.468642320151986e-07
846,0.001158794784976789,0.0011443441567285594,0.00018243300160590003,2.4450827042494767,1.8648198068316644,1.7776907605966807,2.4028246933808814,-1.0,3.14,1.482674108074796,-0.6155783299941716,-1.9142936565727409,-1.5700912170977528,-1.5695750394583137,8.181312560751053e-07,0.0,0.0,-1.1480801196839252e-05,2.759470608115766e-05,-1.611491854203173e-05,4.2914693509921165e-07,7.433001785184246e-07
847,0.0011533731725556005,0.0011389902579645949,0.00018157880663595993,2.44508346036871,1.8648145065947122,1.777690762582284,2.4028255076132736,-1.0,3.14,1.482662681365567,-0.6155508655357586,-1.9143096953310277,-1.570090789998361,-1.5695742997045605,8.142323921767058e-07,0.0,0.0,-1.1426709229045429e-05,2.746445841306233e-05,-1.6038758286818222e-05,4.270993918531474e-07,7.397537531428355e-07
848,0.001147977384537558,0.0011336618600967224,0.00018072868571628533,2.4450842128854733,1.8648092316029143,1.7776907645584124,2.4028263179660363,-1.0,3.14,1.482651308487164,-0.615523530694021,-1.9143256582989296,-1.5700903649363884,-1.5695735634796981,8.103527626701634e-07,0.0,0.0,-1.1372878403026476e-05,2.7334841737558513e-05,-1.5962967901961278e-05,4.2506197250880007e-07,7.362248624076528e-07
849,0.0011426072936404328,0.0011283588374462546,0.0001798826200765272,2.44508496181753,1.864803981731854,1.7776907665251136,2.402827124458303,-1.0,3.14,1.4826399891797646,-0.6154963248411747,-1.9143415458444288,-1.5700899419017649,-1.569572830766284,8.064922667472274e-07,0.0,0.0,-1.1319307399393352e-05,2.7205852846323708e-05,-1.5887545499193578e-05,4.230346235534199e-07,7.327134141643654e-07
850,0.0011372627732476712,0.0011230810649916828,0.00017904058907493493,2.445085707182552,1.8647987568577649,1.777690768482434,2.402827927109107,-1.0,3.14,1.4826287231848585,-0.6154692473526256,-1.9143573583336282,-1.5700895208844727,-1.5695721015469675,8.026508040437363e-07,0.0,0.0,-1.1265994906084487e-05,2.7077488549021034e-05,-1.581248919935163e-05,4.2101729214039096e-07,7.292193164865068e-07
851,0.0011319436974052074,0.0011178284183658805,0.00017820257389668614,2.4450864489981163,1.8647935568575282,1.7776907704304192,2.4028287259373817,-1.0,3.14,1.4826175102452401,-0.6154422976069527,-1.9143730961307635,-1.5700891018745475,-1.5695713758044894,7.98828274639618e-07,0.0,0.0,-1.121293961836578e-05,2.6949745672966152e-05,-1.5737797135262355e-05,4.190099252010526e-07,7.257424781137445e-07
852,0.0011266499408195251,0.0011126007738533105,0.00017736855134211014,2.445087187281711,1.8647883816086708,1.7776907723691162,2.4028295209619612,-1.0,3.14,1.4826063501050017,-0.6154154749858899,-1.914388759598212,-1.5700886848620768,-1.5695706535216813,7.950245795029787e-07,0.0,0.0,-1.1160140238386518e-05,2.6822621062794205e-05,-1.566346744863445e-05,4.1701247077696735e-07,7.222828080077903e-07
853,0.0011213813788541111,0.0011073980083872283,0.0001765385050477929,2.445087922050729,1.864783230989361,1.777690774298571,2.4028303122015813,-1.0,3.14,1.4825952425095261,-0.6153887788743092,-1.9144043490965044,-1.5700882698372005,-1.5695699346814653,7.912396200460137e-07,0.0,0.0,-1.1107595475623455e-05,2.6696111580681858e-05,-1.5589498292278847e-05,4.1502487624356377e-07,7.188402160185348e-07
854,0.0011161378875206723,0.0011022199995414565,0.00017571241554307788,2.445088653322475,1.864778104878402,1.7776907762188292,2.4028310996748785,-1.0,3.14,1.48258418720548,-0.6153622086602032,-1.914419864984334,-1.5700878567901104,-1.5695692192668529,7.874732972368292e-07,0.0,0.0,-1.1055304046214687e-05,2.6570214106014234e-05,-1.551588782966462e-05,4.1304709008649354e-07,7.154146124399574e-07
855,0.0011109193434840888,0.0010970666255335562,0.00017489026018074373,2.445089381114162,1.8647730031552339,1.7776907781299351,2.4028318834003937,-1.0,3.14,1.4825731839408067,-0.615335763734668,-1.9144353076185674,-1.5700874457110496,-1.5695685072609449,7.83725515152156e-07,0.0,0.0,-1.100326467318169e-05,2.6444925535162866e-05,-1.544263423336467e-05,4.110790607914083e-07,7.120059080101271e-07
856,0.0011057256240483877,0.001091937765213771,0.00017407202199589395,2.4450901054429126,1.864767925699923,1.7776907800319353,2.402832663396569,-1.0,3.14,1.4825622324647192,-0.6153094434918862,-1.9144506773542542,-1.5700870365903128,-1.5695677986469312,7.799961752041895e-07,0.0,0.0,-1.0951476087539547e-05,2.632024278181877e-05,-1.5369735686832087e-05,4.091207368439598e-07,7.086140136891572e-07
857,0.0011005566071620799,0.001086833298066758,0.0001732576808735233,2.445090826325761,1.864762872393164,1.7776907819248737,2.402833439681751,-1.0,3.14,1.4825513325276933,-0.6152832473291096,-1.914465974544638,-1.570086629418245,-1.5695670934080896,7.762851819137495e-07,0.0,0.0,-1.0899937025854456e-05,2.619616277665937e-05,-1.5297190383734005e-05,4.071720678400226e-07,7.052388415473843e-07
858,0.0010954121714094182,0.001081753104205713,0.00017244721862877554,2.445091543779652,1.8647578431162735,1.7776907838087954,2.40283421227419,-1.0,3.14,1.4825404838814609,-0.6152571746466425,-1.9144811995411648,-1.5700862241852422,-1.5695663915277855,7.725924393575667e-07,0.0,0.0,-1.0848646232464176e-05,2.607268246701544e-05,-1.5224996526841394e-05,4.052330027093376e-07,7.018803040992339e-07
859,0.0010902921960075954,0.0010766970643693564,0.0001716406151758713,2.4450922578214405,1.8647528377511873,1.777690785683745,2.402834981192042,-1.0,3.14,1.4825296862790027,-0.6152312248478256,-1.9144963526934944,-1.5700858208817512,-1.5695656929894717,7.68917852056461e-07,0.0,0.0,-1.079760245814576e-05,2.5949798816982117e-05,-1.5153152329583364e-05,4.033034910477795e-07,6.985383138591317e-07
860,0.0010851965608048757,0.001071665059917946,0.00017083785108704298,2.4450929684678964,1.864747856180457,1.7776907875497665,2.4028357464533676,-1.0,3.14,1.4825189394745422,-0.615205397339018,-1.9145114343495093,-1.570085419498268,-1.5695649977766877,7.652613254194307e-07,0.0,0.0,-1.0746804460559645e-05,2.582750880752993e-05,-1.508165601493694e-05,4.0138348311735683e-07,6.952127840076372e-07
861,0.0010801251462736782,0.001066656972829696,0.00017003890761253993,2.4450936757356994,1.8647428982872452,1.7776907894069038,2.4028365080761325,-1.0,3.14,1.4825082432235384,-0.6151796915295822,-1.9145264448553254,-1.5700850200253391,-1.569564305873059,7.616227648554741e-07,0.0,0.0,-1.0696251003805557e-05,2.5705809435838667e-05,-1.50105058160932e-05,3.9947292895803344e-07,6.919036286134883e-07
862,0.0010750778335093785,0.00106167268569701,0.00016924376801293268,2.4450943796414433,1.864737963955323,1.7776907912552005,2.402837266078209,-1.0,3.14,1.4824975972826788,-0.6151541068318664,-1.9145413845553008,-1.5700846224535598,-1.569563617262297,7.580020766617679e-07,0.0,0.0,-1.0645940859532743e-05,2.5584697715741456e-05,-1.4939699975347054e-05,3.9757177927590703e-07,6.886107619674675e-07
863,0.0010700545042288036,0.0010567120817246275,0.00016845241101985366,2.4450950802016354,1.8647330530690676,1.777690793094701,2.4028380204773776,-1.0,3.14,1.4824870014098739,-0.615128642661189,-1.914556253792046,-1.570084226773575,-1.569562931928198,7.543991684677565e-07,0.0,0.0,-1.0595872804941564e-05,2.5464170677391706e-05,-1.486923674520746e-05,3.9567998477707533e-07,6.853340990264911e-07
864,0.0010650550407600747,0.0010517750447232807,0.00016766482000376922,2.4450957774326976,1.864728165513456,1.7776907949254472,2.402838771291325,-1.0,3.14,1.4824764553642493,-0.6151032984358218,-1.9145710529064337,-1.5700838329760785,-1.5695622498546435,7.508139474587949e-07,0.0,0.0,-1.0546045624559852e-05,2.5344225367263107e-05,-1.4799114387731294e-05,3.9379749661172525e-07,6.820735545254308e-07
865,0.0010600793260459047,0.0010468614591088157,0.0001668809751043906,2.4450964713509666,1.8647233011740645,1.7776907967474838,2.4028395185376463,-1.0,3.14,1.4824659589061397,-0.6150780735769742,-1.9145857822376078,-1.5700834410518125,-1.5695615710255986,7.472463212643277e-07,0.0,0.0,-1.0496458109576778e-05,2.522485884759451e-05,-1.4729331174079263e-05,3.919242659300437e-07,6.788290449755152e-07
866,0.0010551272436365642,0.0010419712098974504,0.0001661008571689853,2.445097161972692,1.8647184599370632,1.7776907985608519,2.4028402622338443,-1.0,3.14,1.482455511797083,-0.6150529675087771,-1.9146004421229934,-1.5700830509915678,-1.5695608954251121,7.436961979578882e-07,0.0,0.0,-1.0447109056732629e-05,2.5106068197056075e-05,-1.4659885385626126e-05,3.90060244770396e-07,6.756004864438836e-07
867,0.0010501986776883603,0.0010371041827029169,0.00016532444911656374,2.445097849314041,1.8647136416892143,1.7776908003655958,2.4028410023973317,-1.0,3.14,1.4824451137998123,-0.6150279796582669,-1.9146150328983058,-1.570082662786183,-1.569560223037317,7.40163487389367e-07,0.0,0.0,-1.0397997270761294e-05,2.4987850510194143e-05,-1.4590775312406379e-05,3.8820538472705834e-07,6.723877952197199e-07
868,0.0010452935129558534,0.0010322602637308734,0.00016455173329206756,2.445098533391097,1.8647088463178656,1.7776908021617566,2.4028417390454306,-1.0,3.14,1.4824347646782507,-0.6150031094553697,-1.9146295548975607,-1.5700822764265447,-1.5695595538464278,7.366480989645652e-07,0.0,0.0,-1.0349121561503694e-05,2.4870202897209204e-05,-1.4521999254890616e-05,3.863596382824852e-07,6.691908891465204e-07
869,0.0010404116347952528,0.001027439339780534,0.00016378269010102535,2.4450992142198578,1.8647040737109526,1.777690803949377,2.4028424721953727,-1.0,3.14,1.4824244641975048,-0.6149783563328856,-1.9146440084530822,-1.5700818919035868,-1.5695588878367421,7.33149942089284e-07,0.0,0.0,-1.0300480745906171e-05,2.4753122484177936e-05,-1.4453555521543038e-05,3.8452295791913116e-07,6.660096856236919e-07
870,0.0010355529291554088,0.0010226412982356282,0.0001630173034163819,2.4450998918162394,1.8646993237569893,1.7776908057284992,2.4028432018643002,-1.0,3.14,1.4824142121238573,-0.6149537197264727,-1.9146583938955135,-1.5700815092082907,-1.5695582249926392,7.296689275015922e-07,0.0,0.0,-1.025207364757641e-05,2.4636606412831163e-05,-1.438544243126394e-05,3.8269529611945075e-07,6.628441029388199e-07
871,0.0010307172825758792,0.0010178660270642736,0.0001622555538218801,2.445100566196076,1.8646945963450685,1.7776908074991644,2.402843928069267,-1.0,3.14,1.4824040082247618,-0.6149291990746323,-1.9146727115538251,-1.5700811283316845,-1.5695575652985794,7.26204966827737e-07,0.0,0.0,-1.0203899095451163e-05,2.452065184044283e-05,-1.4317658311613357e-05,3.8087660625407693e-07,6.59694059823579e-07
872,0.0010259045821855303,0.0010131134148149252,0.0001614974212883232,2.4451012373751184,1.8646898913648573,1.7776908092614145,2.402844650827238,-1.0,3.14,1.482393852268836,-0.6149047938186927,-1.9146869617553242,-1.570080749264843,-1.5695569087391044,7.227579708057874e-07,0.0,0.0,-1.0155955925794657e-05,2.440525593960796e-05,-1.425020149903311e-05,3.790668414715981e-07,6.565594750096437e-07
873,0.0010211147156968803,0.0010083833506132672,0.00016074289483312558,2.4451019053690377,1.8646852087065944,1.7776908110152907,2.4028453701550903,-1.0,3.14,1.4823837440258556,-0.6148805034027942,-1.9147011448256641,-1.5700803719988878,-1.5695562552988358,7.193278523942581e-07,0.0,0.0,-1.0108242980422233e-05,2.42904158984647e-05,-1.4183070339957027e-05,3.7726595514264716e-07,6.534402685609564e-07
874,0.0010163475714037203,0.0010036757241589775,0.00015999194775586127,2.44510257019342,1.8646805482610862,1.777690812760834,2.4028460860696135,-1.0,3.14,1.4823736832667478,-0.6148563272738737,-1.914715261088853,-1.570079996524986,-1.5695556049624755,7.159145232193964e-07,0.0,0.0,-1.0060759107810568e-05,2.4176128920472273e-05,-1.4116263188812539e-05,3.7547390174808015e-07,6.503363603194146e-07
875,0.0010116030381780937,0.000998990425721961,0.00015924457073660214,2.445103231863775,1.8646759099197043,1.7776908144980856,2.4028467985875106,-1.0,3.14,1.4823636697635851,-0.6148322648816498,-1.914729310867263,-1.5700796228343514,-1.5695549577148047,7.125178971278956e-07,0.0,0.0,-1.0013503162653592e-05,2.406239222396689e-05,-1.4049778410019087e-05,3.7369063465853003e-07,6.472476707930497e-07
876,0.0010068810054654881,0.0009943273461385492,0.00015850074142982842,2.44510389039553,1.8646712935743808,1.777690816227086,2.402847507725398,-1.0,3.14,1.48235370328958,-0.6148083156786072,-1.9147432944816392,-1.5700792509182429,-1.5695543135406835,7.091378875223597e-07,0.0,0.0,-9.966474005196346e-06,2.3949203042605838e-05,-1.3983614376211762e-05,3.719161085768974e-07,6.44174121156027e-07
877,0.0010021813632834639,0.0009896863768107144,0.00015776044245815787,2.4451045458040324,1.8646666991176073,1.7776908179478752,2.402848213499806,-1.0,3.14,1.4823437836190776,-0.6147844791199822,-1.914757212251108,-1.5700788807679649,-1.5695536724250512,7.057744078053929e-07,0.0,0.0,-9.919670502345213e-06,2.38365586249234e-05,-1.3917769468907437e-05,3.701502779840382e-07,6.411156323604672e-07
878,0.0009975040022177821,0.0009850674097002618,0.0001570236601198531,2.4451051981045517,1.8646621264424303,1.777690819660494,2.4028489159271795,-1.0,3.14,1.4823339105275506,-0.6147607546637477,-1.9147710644931872,-1.5700785123748668,-1.5695530343529245,7.024273736000453e-07,0.0,0.0,-9.873091527001776e-06,2.3724456234552882e-05,-1.3852242079170907e-05,3.683930980269423e-07,6.380721266907585e-07
879,0.000992848813419006,0.0009804703373264105,0.00015629037453393572,2.4451058473122766,1.8646575754424477,1.7776908213649818,2.4028496150238783,-1.0,3.14,1.4823240837915923,-0.614737141770598,-1.914784851523793,-1.570078145730343,-1.5695523993093983,6.990966987530101e-07,0.0,0.0,-9.826735958284871e-06,2.361289314967152e-05,-1.3787030605838524e-05,3.666445238525995e-07,6.350435262092446e-07
880,0.0009882156886000283,0.0009758950527647576,0.00015556056949001578,2.445106493442319,1.8646530460118083,1.7776908230613793,2.402850310806178,-1.0,3.14,1.4823143031889112,-0.6147136399039347,-1.9147985736572501,-1.5700777808258326,-1.5695517672796446,6.957822997755159e-07,0.0,0.0,-9.780602681086492e-06,2.3501866663333537e-05,-1.3722133457072516e-05,3.6490451038595495e-07,6.320297536444031e-07
881,0.0009836045200295371,0.0009713414496393647,0.0001548342253684667,2.4451071365097112,1.8646485380452036,1.7776908247497256,2.40285100329027,-1.0,3.14,1.4823045684983254,-0.6146902485298515,-1.9148122312062998,-1.5700774176528187,-1.5695511382489122,6.924840918465236e-07,0.0,0.0,-9.734690585849748e-06,2.3391374083137073e-05,-1.365754904969485e-05,3.631730138842215e-07,6.290307323908451e-07
882,0.0009790152005351516,0.0009668094221254909,0.00015411132770895737,2.4451077765294102,1.8646440514378713,1.7776908264300604,2.4028516924922623,-1.0,3.14,1.4822948794997555,-0.6146669671171202,-1.9148258244821086,-1.570077056202829,-1.5695505122025262,6.892019923654402e-07,0.0,0.0,-9.68899856990113e-06,2.3281412731335216e-05,-1.3593275808743144e-05,3.614499897164336e-07,6.260463860652266e-07
883,0.0009744476234941555,0.0009622988649416464,0.00015339186154560497,2.445108413516293,1.8646395860855862,1.7776908281024224,2.4028523784281792,-1.0,3.14,1.48228523597422,-0.6146437951371757,-1.9148393537942772,-1.5700766964674346,-1.5695498891258877,6.859359169553159e-07,0.0,0.0,-9.643525535452113e-06,2.317197994450293e-05,-1.3529312168580887e-05,3.5973539436184865e-07,6.230766385062481e-07
884,0.0009699016828343921,0.000957809673349814,0.0001526758041266091,2.445109047485163,1.8646351418846618,1.7776908297668512,2.4028530611139636,-1.0,3.14,1.4822756377038286,-0.614620732064102,-1.914852819450848,-1.5700763384382503,-1.5695492690044732,6.826857843478251e-07,0.0,0.0,-9.598270391375507e-06,2.30630730737591e-05,-1.3465656570899043e-05,3.580291842997241e-07,6.201214144407885e-07
885,0.0009653772730287786,0.0009533417431495439,0.00015196314519149353,2.4451096784507445,1.8646307187319433,1.7776908314233852,2.402853740565475,-1.0,3.14,1.4822660844717765,-0.6145977773746177,-1.9148662217583154,-1.5700759821069343,-1.5695486518238346,6.794515114982858e-07,0.0,0.0,-9.55323205209524e-06,2.295468948421142e-05,-1.3402307467380581e-05,3.5633131600931733e-07,6.171806385957268e-07
886,0.0009608742890931863,0.0009488949706771702,0.00015125386378068365,2.445110306427688,1.8646263165248074,1.7776908330720633,2.402854416798492,-1.0,3.14,1.482256576062339,-0.6145749305480622,-1.9148795610216318,-1.5700756274651881,-1.5695480375695983,6.762330171383724e-07,0.0,0.0,-9.508409437586351e-06,2.2846826555511512e-05,-1.333926331636981e-05,3.5464174619193045e-07,6.142542363640757e-07
887,0.0009563926265832354,0.0009444692528023562,0.0001505479456858963,2.445110931430568,1.8646219351611588,1.7776908347129234,2.402855089828712,-1.0,3.14,1.4822471122608651,-0.614552191066381,-1.9148928375442178,-1.5700752745047557,-1.569547426227465,6.730302199997595e-07,0.0,0.0,-9.463801473819089e-06,2.2739481681188778e-05,-1.3276522585980999e-05,3.529604324370439e-07,6.113421333608926e-07
888,0.0009519321815929922,0.0009400644869250475,0.0001498453747221734,2.445111553473883,1.8646175745394271,1.7776908363460042,2.402855759671751,-1.0,3.14,1.4822376928537724,-0.6145295584141124,-1.9149060516279695,-1.5700749232174238,-1.5695468177832088,6.698430388141219e-07,0.0,0.0,-9.419407092758902e-06,2.263265226865041e-05,-1.3214083751655892e-05,3.512873318900489e-07,6.084442560894132e-07
889,0.0009474928507483929,0.0009356805709712654,0.0001491461341735153,2.4451121725720593,1.8646132345585629,1.7776908379713436,2.402856426343145,-1.0,3.14,1.4822283176285407,-0.6145070320783727,-1.9149192035732674,-1.570074573595022,-1.5695462122226775,6.666713940894908e-07,0.0,0.0,-9.375225231700313e-06,2.2526335739736503e-05,-1.315194529794006e-05,3.4962240191838134e-07,6.055605312749179e-07
890,0.0009430745312067625,0.0009313174033911594,0.00014845020379257107,2.445112788739446,1.8646089151180352,1.7776908395889794,2.402857089858351,-1.0,3.14,1.4822189863737074,-0.6144846115488429,-1.9149322936789845,-1.5700742256294211,-1.5695456095317921,6.635152058898086e-07,0.0,0.0,-9.331254833266911e-06,2.2420529529720845e-05,-1.3090105717150635e-05,3.479656007776555e-07,6.026908854206425e-07
891,0.0009386771206544698,0.0009269748831577517,0.00014775757324649475,2.445113401990322,1.8646046161178311,1.777690841198949,2.4028577502327453,-1.0,3.14,1.482209698878861,-0.6144622963177552,-1.9149453222424937,-1.5700738793125346,-1.569545009696546,6.603743942790175e-07,0.0,0.0,-9.287494846521582e-06,2.2315231087755016e-05,-1.3028563509154267e-05,3.46316886501441e-07,5.998352461400458e-07
892,0.0009343005172999363,0.0009226529097591478,0.000147068224236169,2.44511401233889,1.8646003374584474,1.7776908428012903,2.402858407481626,-1.0,3.14,1.4822004549346353,-0.6144400858798784,-1.9149582895596768,-1.5700735346363173,-1.5695444127030047,6.572488806533272e-07,0.0,0.0,-9.243944225634237e-06,2.221043787675736e-05,-1.2967317183143479e-05,3.4467621734535214e-07,5.969935412686311e-07
893,0.0009299446198767625,0.000918351383202339,0.00014638213941314452,2.4451146197992815,1.8645960790408946,1.77769084439604,2.4028590616202123,-1.0,3.14,1.4821912543327052,-0.6144179797325053,-1.9149711959249323,-1.5700731915927653,-1.5695438185373054,6.541385864089477e-07,0.0,0.0,-9.200601930103858e-06,2.210614737307992e-05,-1.2906365255416219e-05,3.430435520090924e-07,5.941656993080358e-07
894,0.0009256093276358081,0.000914070204003967,0.0001456993039300195,2.4451152243855545,1.8645918407666877,1.7776908459832357,2.4028597126636457,-1.0,3.14,1.4821820968657795,-0.6143959773754385,-1.9149840416311827,-1.5700728501739163,-1.5695432271856566,6.510434333861781e-07,0.0,0.0,-9.157466925646673e-06,2.2002357066841505e-05,-1.2845706250486089e-05,3.414188489703207e-07,5.913516487598969e-07
895,0.0009212945403434965,0.0009098092731912064,0.00014501970397180305,2.4451158261116954,1.864587622537847,1.7776908475629132,2.4028603606269896,-1.0,3.14,1.4821729823275966,-0.614374078310977,-1.914996826969884,-1.5700725103718487,-1.569542638634338,6.479633438694066e-07,0.0,0.0,-9.114538182863896e-06,2.1899064461483597e-05,-1.2785338701304383e-05,3.398020675948743e-07,5.885513185699409e-07
896,0.0009170001582816155,0.000905568492299218,0.00014434331909189493,2.445116424991619,1.864583424256896,1.7776908491351104,2.402861005525231,-1.0,3.14,1.4821639105129185,-0.6143522820439034,-1.915009552231032,-1.5700721721786814,-1.5695420528696997,6.448982414752891e-07,0.0,0.0,-9.071814678129897e-06,2.1796267073659337e-05,-1.2725261147927824e-05,3.381931672485905e-07,5.857646383500281e-07
897,0.0009127260822402646,0.0009013477633647139,0.00014367013751499238,2.4451170210391684,1.8645792458268542,1.7776908506998637,2.402861647373279,-1.0,3.14,1.4821548812175256,-0.6143305880814698,-1.9150222177031708,-1.5700718355865746,-1.5695414698781618,6.418480480441247e-07,0.0,0.0,-9.029295392926073e-06,2.1693962433566583e-05,-1.266547213885083e-05,3.365921068532174e-07,5.829915379340633e-07
898,0.0009084722135186722,0.0008971469889279353,0.00014300014081723207,2.4451176142681166,1.86457508715124,1.7776908522572077,2.4028622861859676,-1.0,3.14,1.4821458942382113,-0.6143089959333853,-1.9150348236734012,-1.570071500587728,-1.5695408896462144,6.388126885248369e-07,0.0,0.0,-8.986979314284937e-06,2.1592148084503826e-05,-1.260597023033938e-05,3.349988466627707e-07,5.80231947377996e-07
899,0.0009042384539191782,0.0008929660720249889,0.00014233331781338818,2.4451182046921662,1.8645709481340629,1.77769085380718,2.402862921978054,-1.0,3.14,1.482136949372776,-0.6142875051118025,-1.915047370427387,-1.5700711671743814,-1.5695403121604172,6.357920865340816e-07,0.0,0.0,-8.944865435234206e-06,2.1490821582759168e-05,-1.254675398576488e-05,3.334133464871769e-07,5.774857971818648e-07
900,0.0009000247057472552,0.0008888049161897637,0.00014166965062448796,2.4451187923249478,1.8645668286798243,1.7776908553498165,2.4028635547642203,-1.0,3.14,1.4821280464200228,-0.6142661151313045,-1.9150598582493643,-1.5700708353388149,-1.5695397374073983,6.32786166132604e-07,0.0,0.0,-8.902952753242488e-06,2.1389980498054406e-05,-1.248782197738052e-05,3.3183556658045177e-07,5.747530189559313e-07
901,0.0008958308718065687,0.000884663425447243,0.00014100912082227923,2.4451193771800246,1.8645627286935125,1.7776908568851528,2.402864184559073,-1.0,3.14,1.4821191851797517,-0.6142448255088919,-1.9150722874221482,-1.5700705050733477,-1.5695391653738546,6.297948527134167e-07,0.0,0.0,-8.861240271107462e-06,2.128962241254584e-05,-1.2429172783878784e-05,3.30265467196611e-07,5.720335436443236e-07
902,0.0008916568553985123,0.0008805415043139115,0.00014035171733066672,2.4451199592708885,1.864558648080602,1.7776908584132238,2.4028648113771442,-1.0,3.14,1.482110365452754,-0.6142236357639703,-1.915084658227141,-1.5700701763703386,-1.5695385960465513,6.268180712254434e-07,0.0,0.0,-8.819726997622013e-06,2.1189744921601417e-05,-1.237080499283394e-05,3.287030090337595e-07,5.693273033013924e-07
903,0.0008875025603161825,0.0008764390577916005,0.0001396974254757374,2.4451205386109662,1.8645545867470483,1.777690859934066,2.4028654352328926,-1.0,3.14,1.482101587040808,-0.6142025454183369,-1.915096970944339,-1.5700698492221858,-1.5695380294123216,6.238557483939644e-07,0.0,0.0,-8.778411946019915e-06,2.1090345633467678e-05,-1.2312717198037504e-05,3.271481527900022e-07,5.66634229759444e-07
904,0.0008833678908452739,0.0008723559913689647,0.00013904622690399845,2.44512111521361,1.864550544599288,1.777690861447714,2.402866056140702,-1.0,3.14,1.4820928497466725,-0.6141815539961678,-1.915109225852341,-1.5700695236213262,-1.5695374654580656,6.209078091679032e-07,0.0,0.0,-8.73729413553015e-06,2.0991422169047702e-05,-1.2254908001940734e-05,3.2560085960753327e-07,5.639542559610078e-07
905,0.0008792527517579108,0.0008682922110146678,0.0001383981075214639,2.445121689092111,1.8645465215442338,1.7776908629542023,2.402866674114883,-1.0,3.14,1.482084153374083,-0.614160661024006,-1.915121423228355,-1.5700691995602354,-1.5695369041707512,6.179741811607187e-07,0.0,0.0,-8.696372589600543e-06,2.089297216179009e-05,-1.2197376014100314e-05,3.2406109085059143e-07,5.612873144045238e-07
906,0.0008751570483119495,0.0008642476231775383,0.0001377530495379772,2.4451222602596854,1.864542517489273,1.7776908644535658,2.4028672891696736,-1.0,3.14,1.482075497727745,-0.6141398660307481,-1.915133563348206,-1.5700688770314273,-1.5695363455374123,6.150547906536019e-07,0.0,0.0,-8.655646337896172e-06,2.079499325791101e-05,-1.214011985095631e-05,3.2252880810546003e-07,5.586333389206999e-07
907,0.0008710806862505888,0.0008602221347843098,0.0001371110443394421,2.445122828729487,1.864538532342266,1.7776908659458401,2.402867901319239,-1.0,3.14,1.4820668826133307,-0.6141191685476322,-1.915145646486343,-1.5700685560274545,-1.5695357895451494,6.121495652600117e-07,0.0,0.0,-8.615114414300962e-06,2.06974831159501e-05,-1.2083138136942395e-05,3.210039727363778e-07,5.559922628961544e-07
908,0.0008670235717926705,0.000856215653232053,0.00013647207480925135,2.4451233945146003,1.8645345660115396,1.7776908674310592,2.402868510577672,-1.0,3.14,1.4820583078374725,-0.6140985681082249,-1.9151576729158473,-1.5700682365409075,-1.5695352361811292,6.092584330374962e-07,0.0,0.0,-8.57477585824995e-06,2.0600439407214566e-05,-1.2026429504263803e-05,3.1948654699576196e-07,5.533640201615952e-07
909,0.0008629856116370735,0.0008522280863929491,0.00013583612657374396,2.4451239576280464,1.8645306184058903,1.777690868909257,2.402869116958994,-1.0,3.14,1.4820497732077584,-0.61407806424841,-1.915169642908439,-1.5700679185644149,-1.5695346854325838,6.063813220436032e-07,0.0,0.0,-8.534629714063158e-06,2.0503859814891e-05,-1.1969992591787104e-05,3.179764926919404e-07,5.507485454359085e-07
910,0.0008589667129588248,0.0008482593426065631,0.0001352031782164234,2.445124518082774,1.8645266894345771,1.7776908703804677,2.402869720477154,-1.0,3.14,1.482041278532727,-0.6140576565063751,-1.9151815567344845,-1.5700676020906421,-1.5695341372868101,6.035181598917916e-07,0.0,0.0,-8.494675031389676e-06,2.0407742034933563e-05,-1.19138260454843e-05,3.164737727434641e-07,5.481457736600248e-07
911,0.000854966783401156,0.0008443093306773342,0.0001345732242162084,2.445125075891671,1.8645227790073198,1.7776908718447255,2.402870321146031,-1.0,3.14,1.4820328236218625,-0.6140373444225998,-1.9151934146630034,-1.5700672871122932,-1.5695335917311706,6.006688773041446e-07,0.0,0.0,-8.454910864541532e-06,2.0312083775286816e-05,-1.1857928518876903e-05,3.1497834895866106e-07,5.455556395528305e-07
912,0.0008509857310791905,0.00084037795987448,0.00013394624548537787,2.445125631067559,1.864518887034298,1.7776908733020638,2.402870918979434,-1.0,3.14,1.4820244082855896,-0.6140171275398438,-1.9152052169616762,-1.5700669736221087,-1.5695330487530916,5.978334027822996e-07,0.0,0.0,-8.415336272937779e-06,2.0216882755996757e-05,-1.1802298672813905e-05,3.134901844781268e-07,5.429780789434346e-07
913,0.0008470234645746688,0.0008364651399278514,0.00013332223236994607,2.4451261836231923,1.864515013426147,1.7776908747525169,2.4028715139911,-1.0,3.14,1.482016032335269,-0.6139970054031344,-1.9152169638968513,-1.5700666616128662,-1.5695325083400642,5.950116661601612e-07,0.0,0.0,-8.375950320660408e-06,2.012213670943286e-05,-1.1746935175027673e-05,3.12009242442457e-07,5.404130274389018e-07
914,0.0008430798929339794,0.0008325707810272118,0.00013270116312220513,2.445126733571263,1.8645111580939582,1.7776908761961174,2.4028721061946974,-1.0,3.14,1.4820076955831913,-0.6139769775597547,-1.9152286557335516,-1.5700663510773805,-1.5695319704796429,5.922035972716344e-07,0.0,0.0,-8.336752077564569e-06,2.0027843379732957e-05,-1.1691836700356006e-05,3.105354857702025e-07,5.378604213124305e-07
915,0.0008391549256647901,0.0008286947938156094,0.0001320830271552861,2.445127280924396,1.8645073209492709,1.777690877632899,2.4028726956038247,-1.0,3.14,1.4819993978425745,-0.6139570435592316,-1.9152402927354826,-1.5700660420085026,-1.5695314351594458,5.894091272828916e-07,0.0,0.0,-8.29774061683608e-06,1.9934000523025297e-05,-1.1637001930964175e-05,3.090688778240036e-07,5.353201970592636e-07
916,0.0008352484727343825,0.0008248370893912001,0.00013146781348639697,2.445127825695155,1.8645035019040754,1.7776908790628945,2.4028732822320116,-1.0,3.14,1.4819911389275562,-0.6139372029533243,-1.9152518751650383,-1.5700657343991202,-1.5695309023671538,5.866281869160161e-07,0.0,0.0,-8.2589150183221e-06,1.984060590731751e-05,-1.1582429555678786e-05,3.0760938241058966e-07,5.327922920628225e-07
917,0.0008313604445658856,0.000820997579303509,0.00013085549885184802,2.4451283678960367,1.8644997008708086,1.7776908804861375,2.4028738660927185,-1.0,3.14,1.4819829186531905,-0.6139174552960118,-1.9152634032833085,-1.5700654282421571,-1.5695303720905107,5.838607068930912e-07,0.0,0.0,-8.220274365644542e-06,1.9747657312496614e-05,-1.152811827020983e-05,3.0615696311464546e-07,5.302766430403949e-07
918,0.0008274907520389568,0.0008171761755496017,0.00013024607810875168,2.4451289075394778,1.8644959177623508,1.77769088190266,2.4028744471993386,-1.0,3.14,1.4819747368354435,-0.6138978001434817,-1.9152748773500865,-1.5700651235305734,-1.5695298443173227,5.811066201566462e-07,0.0,0.0,-8.18181774708826e-06,1.9655152530106967e-05,-1.147406677803886e-05,3.047115837429004e-07,5.277731880415359e-07
919,0.0008236393064806502,0.0008133727905717899,0.00012963953554678105,2.4451294446378493,1.8644921524920226,1.777690883312495,2.402875025565196,-1.0,3.14,1.4819665932911872,-0.6138782370541184,-1.915286297623875,-1.5700648202573644,-1.569529319035458,5.783658574287642e-07,0.0,0.0,-8.143544256267177e-06,1.9563089363350272e-05,-1.1420273788420587e-05,3.0327320899026233e-07,5.252818646717117e-07
920,0.0008198060196733573,0.0008095873372586055,0.00012903585496692037,2.44512997920346,1.8644884049735866,1.7776908847156743,2.4028756012035477,-1.0,3.14,1.4819584878381957,-0.6138587655884914,-1.915297664361893,-1.5700645184155615,-1.5695287962328466,5.756383516519747e-07,0.0,0.0,-8.10545299145815e-06,1.947146562697455e-05,-1.136673801815924e-05,3.018418028855052e-07,5.228026114245665e-07
921,0.0008159908038387857,0.0008058197289356003,0.00012843502140239308,2.4451305112485584,1.864484675121238,1.777690886112231,2.402876174127584,-1.0,3.14,1.4819504202951406,-0.6138393853093439,-1.9153089778200838,-1.5700642179982316,-1.56952827589748,5.729240362128962e-07,0.0,0.0,-8.06754305515689e-06,1.9380279147496182e-05,-1.1313458190720382e-05,3.004173299014923e-07,5.203353665717003e-07
922,0.0008121935716496204,0.0008020698793712804,0.00012783702462496952,2.445131040785328,1.8644809628496106,1.7776908875021968,2.4028767443504275,-1.0,3.14,1.4819423904815854,-0.6138200957815815,-1.9153202382531198,-1.5700639189984764,-1.5695277580174103,5.702228436099688e-07,0.0,0.0,-8.02981355518817e-06,1.9289527762422765e-05,-1.1260433036008877e-05,2.9899975517722055e-07,5.178800697169805e-07
923,0.0008084142362169002,0.0007983377027676545,0.00012724184878877283,2.445131567825892,1.8644772680737671,1.7776908888856033,2.402877311885135,-1.0,3.14,1.4819343982179818,-0.6138008965722603,-1.915331445914411,-1.570063621409433,-1.5695272425807503,5.675347076739001e-07,0.0,0.0,-7.992263603595617e-06,1.9199209321141275e-05,-1.1207661291257054e-05,2.9758904340759784e-07,5.154366600201854e-07
924,0.0008046527110917005,0.0007946231137614902,0.00012664948106729974,2.4451320923823134,1.864473590709201,1.7776908902624828,2.4028778767446974,-1.0,3.14,1.4819264433256645,-0.6137817872505762,-1.915342601056111,-1.570063325224273,-1.5695267295756734,5.64859562235398e-07,0.0,0.0,-7.954892317307838e-06,1.9109321684140923e-05,-1.1155141699914495e-05,2.961851599536658e-07,5.130050768631378e-07
925,0.000800908910263351,0.0007909260274218952,0.00012605990820472145,2.4451326144665915,1.864469930671833,1.7776908916328666,2.402878438942039,-1.0,3.14,1.4819185256268466,-0.6137627673878532,-1.9153537039291233,-1.570063030436203,-1.5695262189904131,5.621973415692594e-07,0.0,0.0,-7.917698817916374e-06,1.9019862723013148e-05,-1.1102873012314163e-05,2.947880699544214e-07,5.105852602937944e-07
926,0.0007971827481544591,0.0007872463592459534,0.00012547311473904966,2.4451331340906663,1.8644662878780085,1.7776908929967863,2.402878998490019,-1.0,3.14,1.4819106449446156,-0.6137438365575323,-1.9153647547831085,-1.570062737038464,-1.5695257108132623,5.595479799502812e-07,0.0,0.0,-7.880682231009573e-06,1.893083032089571e-05,-1.1050853985228315e-05,2.9339773899295096e-07,5.08177150804201e-07
927,0.000793474139619678,0.0007835840251569662,0.0001248890882873154,2.4451336512664192,1.8644626622444942,1.777690894354273,2.402879555401432,-1.0,3.14,1.481902801102928,-0.6137249943351605,-1.9153757538664908,-1.5700624450243312,-1.5695252050325734,5.569114129855279e-07,0.0,0.0,-7.843841687504849e-06,1.884222237180655e-05,-1.0999083382312591e-05,2.9201413287438527e-07,5.057806888864036e-07
928,0.000789782999945109,0.0007799389415052369,0.00012430781604850924,2.4451341660056682,1.8644590536884795,1.7776908957053577,2.402880109689008,-1.0,3.14,1.4818949939266055,-0.6137062402983796,-1.9153867014264638,-1.5700621543871138,-1.5695247016367577,5.542875758379751e-07,0.0,0.0,-7.807176322538467e-06,1.8754036780865846e-05,-1.094755997299579e-05,2.906372174038552e-07,5.033958156985818e-07
929,0.0007861092448431577,0.0007763110250608807,0.00012372928120737032,2.445134678320174,1.8644554621275697,1.7776908970500713,2.402880661365412,-1.0,3.14,1.4818872232413298,-0.6136875740269154,-1.915397597708998,-1.570061865120155,-1.5695242006142853,5.516764041146871e-07,0.0,0.0,-7.770685275687583e-06,1.866627146418498e-05,-1.089628253425623e-05,2.8926695883058073e-07,5.010224723989154e-07
930,0.0007824527904527026,0.0007727001930150794,0.00012315348087330882,2.445135188221638,1.8644518874797869,1.7776908983884459,2.4028812104432458,-1.0,3.14,1.4818794888736389,-0.6136689951025666,-1.9154084429588467,-1.5700615772168316,-1.569523701953685,5.490778338668179e-07,0.0,0.0,-7.734367690970245e-06,1.8578924348866543e-05,-1.084524984862334e-05,2.87903323403782e-07,4.986606003676286e-07
931,0.0007788135533341627,0.0007691063629765663,0.00012258038836982893,2.4451356957217003,1.864448329663566,1.77769089972051,2.402881756935047,-1.0,3.14,1.481871790650922,-0.6136505031091937,-1.9154192374195524,-1.570061290670554,-1.5695232056435429,5.464918011455211e-07,0.0,0.0,-7.698222716845393e-06,1.849199337289331e-05,-1.0794460705731979e-05,2.865462775947236e-07,4.963101420951688e-07
932,0.0007751914504690996,0.0007655294529681384,0.00012200999999630158,2.4451362008319437,1.8644447885977526,1.7776909010462956,2.4028823008532902,-1.0,3.14,1.4818641284014153,-0.6136320976327088,-1.9154299813334539,-1.5700610054747661,-1.5695227116725037,5.439182433342182e-07,0.0,0.0,-7.662249506656948e-06,1.8405476484906202e-05,-1.0743913901434254e-05,2.8519578787467026e-07,4.939710391838048e-07
933,0.0007715863992584522,0.0007619693814280401,0.00012144229900300098,2.4451367035638945,1.8644412642016033,1.7776909023658325,2.4028828422103876,-1.0,3.14,1.4818565019541978,-0.6136137782610642,-1.915440674941691,-1.5700607216229447,-1.5695222200292689,5.413570973722415e-07,0.0,0.0,-7.626447217523591e-06,1.831937164453734e-05,-1.069360823713339e-05,2.838518213810204e-07,4.916432347901178e-07
934,0.0007679983175180467,0.000758426067203179,0.00012087727181943855,2.445137203929018,1.864437756394779,1.7776909036791513,2.402883381018688,-1.0,3.14,1.4818489111391866,-0.6135955445842423,-1.9154513184842128,-1.5700604391085997,-1.5695217307025975,5.38808300198923e-07,0.0,0.0,-7.590815011226937e-06,1.8233676821965972e-05,-1.0643542521782123e-05,2.8251434502912787e-07,4.893266714045552e-07
935,0.0007644271234769711,0.0007548994295495033,0.00012031490813239382,2.4451377019387226,1.8644342650973456,1.7776909049862812,2.402883917290478,-1.0,3.14,1.4818413557871328,-0.6135773961942445,-1.9154619121997827,-1.5700601579252735,-1.569521243681305,5.362717900858627e-07,0.0,0.0,-7.55535205376745e-06,1.8148389997807435e-05,-1.059371556988431e-05,2.811833261784358e-07,4.870212924057427e-07
936,0.000760872735777872,0.0007513893881301803,0.0001197551898401304,2.4451381976043596,1.8644307902297723,1.777690906287253,2.4028844510379828,-1.0,3.14,1.4818338357296168,-0.6135593326850808,-1.9154724563259848,-1.5700598780665418,-1.5695207589542637,5.337475048605711e-07,0.0,0.0,-7.520057516030576e-06,1.806350916366828e-05,-1.0544126202161053e-05,2.79858731744298e-07,4.847270413943505e-07
937,0.0007573350734707247,0.0007478958630114832,0.00011919811322653403,2.445138690937223,1.8644273317129274,1.777690907582096,2.402884982273366,-1.0,3.14,1.4818263507990446,-0.6135413536527594,-1.9154829510992306,-1.570059599526012,-1.569520276510402,5.312353832387373e-07,0.0,0.0,-7.484930572232429e-06,1.7979032321369104e-05,-1.0494773245772748e-05,2.785405297522914e-07,4.824438617490046e-07
938,0.0007538140560147984,0.0007444187746627899,0.00011864365935687343,2.4451391819485497,1.864423889468078,1.7776909088708401,2.40288551100873,-1.0,3.14,1.4818189008286429,-0.6135234586952764,-1.9154933967547645,-1.5700593222973243,-1.5695197963387038,5.287353639360504e-07,0.0,0.0,-7.449970401696149e-06,1.7894957483055585e-05,-1.0445655533874998e-05,2.7722868778390364e-07,4.801716981805981e-07
939,0.0007503096032715756,0.0007409580439520951,0.00011809181252576433,2.4451396706495214,1.8644204634168862,1.7776909101535139,2.402886037256116,-1.0,3.14,1.4818114856524554,-0.6135056474126047,-1.9155037935266703,-1.5700590463741504,-1.569519318428209,5.262473861122885e-07,0.0,0.0,-7.415176187519634e-06,1.781128267164256e-05,-1.0396771905840652e-05,2.7592317386471166e-07,4.779104947338908e-07
940,0.0007468216355079334,0.0007375135921460068,0.00011754256789305843,2.4451401570512616,1.8644170534814082,1.7776909114301476,2.402886561027505,-1.0,3.14,1.4818041051053377,-0.6134879194066849,-1.9155141416478776,-1.5700587717501946,-1.5695188427680127,5.2377138892723e-07,0.0,0.0,-7.380547117685765e-06,1.7728005919814827e-05,-1.0348121207259808e-05,2.746239557982477e-07,4.7566019634182055e-07
941,0.0007433500733882828,0.0007340853409057293,0.00011699590896656936,2.4451406411648393,1.8644136595840912,1.7776909127007703,2.402887082334817,-1.0,3.14,1.4817967590229544,-0.6134702742814137,-1.915524441350167,-1.5700584984191925,-1.569518369347265,5.213073119847422e-07,0.0,0.0,-7.3460823832860456e-06,1.7645125271248396e-05,-1.0299702289495727e-05,2.7333100205417793e-07,4.7342074771528075e-07
942,0.0007398948379782938,0.0007306732122861527,0.0001164518206782105,2.4451411230012674,1.8644102816477721,1.77769091396541,2.402887601189913,-1.0,3.14,1.481789447241774,-0.6134527116426346,-1.9155346928641772,-1.5700582263749117,-1.5695178981551703,5.188550962209604e-07,0.0,0.0,-7.311781180296961e-06,1.7562638779056172e-05,-1.0251514010128915e-05,2.720442808801238e-07,4.711920946753878e-07
943,0.000736455850738831,0.0007272771287339351,0.00011591029516790672,2.4451416025715025,1.8644069195956754,1.7776909152240965,2.4028881176045944,-1.0,3.14,1.481782169599065,-0.6134352310981276,-1.9155448964194097,-1.5700579556111505,-1.569517429180988,5.164146812397519e-07,0.0,0.0,-7.27764270913589e-06,1.74805445070092e-05,-1.020355523251304e-05,2.707637611898406e-07,4.689741823771243e-07
944,0.0007330330335240517,0.0007238970130836429,0.00011537131848305161,2.4451420798864487,1.86440357335141,1.7776909164768582,2.4028886315906024,-1.0,3.14,1.4817749259328914,-0.6134178322575987,-1.915555052244236,-1.5700576861217388,-1.569516962414031,5.139860079772518e-07,0.0,0.0,-7.243666173550878e-06,1.739884052887053e-05,-1.0155824826219018e-05,2.6948941167503904e-07,4.667669568636512e-07
945,0.0007296263085807358,0.000720532788558063,0.00011483487817235294,2.4451425549569525,1.8644002428389685,1.7776909177237237,2.40288914315962,-1.0,3.14,1.481767716082109,-0.6134005147326705,-1.9155651605659025,-1.5700574179005378,-1.5695164978436664,5.115690178136845e-07,0.0,0.0,-7.209850782396998e-06,1.7317524928173178e-05,-1.0108321666590925e-05,2.6822120102742986e-07,4.645703646222188e-07
946,0.0007262355985461835,0.0007171843787645296,0.00011430096332399996,2.4451430277938084,1.864396927982725,1.777690918964721,2.4028896523232723,-1.0,3.14,1.4817605398863614,-0.6133832781368719,-1.9155752216105373,-1.5700571509414392,-1.5695160354593145,5.091636521292742e-07,0.0,0.0,-7.176195747637948e-06,1.723659579866421e-05,-1.0061044634745997e-05,2.6695909860485756e-07,4.623843519180326e-07
947,0.0007228608264444849,0.0007138517076932908,0.0001137695587492713,2.445143498407755,1.864393628707432,1.7776909201998787,2.4028901590931246,-1.0,3.14,1.4817533971860755,-0.6133661220856278,-1.9155852356031553,-1.5700568852383654,-1.569515575250449,5.067698523042452e-07,0.0,0.0,-7.142700285900361e-06,1.7156051244082704e-05,-1.0013992618018719e-05,2.6570307376516666e-07,4.6020886546038753e-07
948,0.0007195019156854667,0.0007105346997140864,0.00011324065468918731,2.4451439668094785,1.8643903449382182,1.7776909214292254,2.402890663480685,-1.0,3.14,1.4817462878224579,-0.61334904619625,-1.9155952027676644,-1.5700566207852698,-1.5695151172065964,5.043875601629111e-07,0.0,0.0,-7.109363617585629e-06,1.707588937782667e-05,-9.967164509072646e-06,2.644530956441571e-07,4.5804385262471214e-07
949,0.0007161587900617982,0.0007072332795769323,0.00011271423906476436,2.44514443300961,1.8643870766005881,1.7776909226527882,2.4028911654974037,-1.0,3.14,1.4817392116374906,-0.6133320500879269,-1.9156051233268714,-1.5700563575761357,-1.5695146613173359,5.02016718861853e-07,0.0,0.0,-7.076184967313992e-06,1.6996108323064085e-05,-9.920559207010626e-06,2.6320913404376256e-07,4.558892605643905e-07
950,0.0007128313737496346,0.0007039473724082274,0.00011219029940419112,2.4451448970187295,1.8643838236204195,1.7776909238705954,2.402891665154674,-1.0,3.14,1.4817321684739273,-0.613315133381714,-1.9156149975024872,-1.5700560956049767,-1.569514207572299,4.996572702253843e-07,0.0,0.0,-7.043163563258403e-06,1.6916706212954935e-05,-9.87417561582049e-06,2.619711589879614e-07,4.537450368768958e-07
951,0.0007095195913033277,0.0007006769037089316,0.00011166882084792068,2.4451453588473617,1.8643805859239606,1.777690925082675,2.4028921624638313,-1.0,3.14,1.4817251581752888,-0.613298295700524,-1.915624825515133,-1.5700558348658369,-1.5695137559611694,4.973091574100863e-07,0.0,0.0,-7.010298638476797e-06,1.6837681189985076e-05,-9.828012645707318e-06,2.607391398345982e-07,4.5161112960379057e-07
952,0.0007062233676537574,0.0006974217993517394,0.0001111497960842225,2.4451458185059796,1.8643773634378276,1.7776909262890541,2.402892657436155,-1.0,3.14,1.48171818058586,-0.6132815366691172,-1.9156346075843456,-1.5700555753527896,-1.5695133064736821,4.949723235725401e-07,0.0,0.0,-6.977589428913689e-06,1.6759031406743397e-05,-9.782069212649347e-06,2.59513047273785e-07,4.494874872307264e-07
953,0.0007029426281097771,0.0006941819855818039,0.00011063321348649259,2.445146276005004,1.8643741560890055,1.7776909274897597,2.4028931500828676,-1.0,3.14,1.4817112355506847,-0.6132648559140924,-1.9156443439285837,-1.5700553170599385,-1.5695128590996243,4.926467127575052e-07,0.0,0.0,-6.945035175176528e-06,1.668075502481159e-05,-9.736344238175931e-06,2.582928511074556e-07,4.4737405779926576e-07
954,0.0006996772983512252,0.0006909573890115844,0.00011011905903055426,2.445146731354803,1.864370963804843,1.7776909286848201,2.402893640415136,-1.0,3.14,1.4817043229155633,-0.6132482530638765,-1.915654034765233,-1.5700550599814163,-1.5695124138288339,4.903322685656519e-07,0.0,0.0,-6.912635121425481e-06,1.6602850215874376e-05,-9.69083664936754e-06,2.5707852224776673e-07,4.452707904611941e-07
955,0.0006964273044293096,0.0006877479366200949,0.00010960732231873057,2.4451471845656947,1.8643677865130515,1.7776909298742622,2.4028941284440712,-1.0,3.14,1.4816974425270473,-0.6132317277487157,-1.915663680310612,-1.5700548041113855,-1.5695119706512,4.880289350417399e-07,0.0,0.0,-6.8803885160395595e-06,1.6525315160831333e-05,-9.645545378855758e-06,2.5587003071869674e-07,4.431776339242077e-07
956,0.0006931925727668295,0.0006845535557523375,0.00010909799056177951,2.445147635647943,1.864364624141705,1.7776909310581126,2.402894614180728,-1.0,3.14,1.4816905942324365,-0.6132152796006659,-1.9156732807799766,-1.5700545494440379,-1.5695115295566622,4.85736656674618e-07,0.0,0.0,-6.848294610728445e-06,1.6448148049796885e-05,-9.600469364601238e-06,2.54667347654447e-07,4.410945377841813e-07
957,0.0006899730301517539,0.0006813741741144983,0.00010859104852538123,2.4451480846117617,1.8643614766192345,1.7776909322363983,2.402895097636106,-1.0,3.14,1.4816837778797751,-0.6131989082535833,-1.9156828363875276,-1.570054295973594,-1.5695110905352105,4.834553779531348e-07,0.0,0.0,-6.816352661420666e-06,1.637134708265542e-05,-9.55560755100393e-06,2.534704439671742e-07,4.3902145163698947e-07
958,0.0006867686037382095,0.0006782097197746078,0.00010808649285617026,2.445148531467315,1.86435834387443,1.777690933409146,2.4028955788211506,-1.0,3.14,1.481676993317847,-0.613182613343115,-1.9156923473464142,-1.5700540436943033,-1.5695106535768852,4.811850446984067e-07,0.0,0.0,-6.784561928041555e-06,1.629491046828413e-05,-9.51095888668263e-06,2.522792905690352e-07,4.3695832530055156e-07
959,0.0006835792210446299,0.0006750601211598066,0.00010758430553153905,2.4451489762247127,1.8643552258364362,1.7776909345763823,2.402896057746752,-1.0,3.14,1.4816702403961732,-0.61316639450669,-1.9157018138687412,-1.5700537926004448,-1.5695102186717764,4.789256013992826e-07,0.0,0.0,-6.752921673847112e-06,1.6218836424997107e-05,-9.46652232691747e-06,2.510938585942313e-07,4.3490510881483146e-07
960,0.0006804048099498596,0.0006719253070533651,0.00010708448254768591,2.4451494188940184,1.864352122434751,1.7776909357381339,2.4028965344237467,-1.0,3.14,1.481663518965007,-0.6131502513835098,-1.9157112361655724,-1.5700535426863251,-1.5695097858100238,4.766769947650573e-07,0.0,0.0,-6.721431166312186e-06,1.614312318021227e-05,-9.422296831207433e-06,2.4991411962105303e-07,4.3286175266388227e-07
961,0.0006772452986928126,0.0006688052065938959,0.00010658700300240047,2.4451498594852423,1.8643490335992237,1.7776909368944274,2.402897008862916,-1.0,3.14,1.4816568288753307,-0.6131341836145393,-1.9157206144469379,-1.57005329394628,-1.5695093549818162,4.744391692845795e-07,0.0,0.0,-6.6900896762422946e-06,1.6067768970451368e-05,-9.378281365490793e-06,2.4874004522779103e-07,4.308282075538017e-07
962,0.0006741006158684534,0.0006656997492726556,0.0001060918600958279,2.4451502980083477,1.8643459592600529,1.777690938045288,2.4028974810749886,-1.0,3.14,1.4816501699788522,-0.6131181908424977,-1.9157299489218387,-1.5700530463746731,-1.5695089261773918,4.722120725553225e-07,0.0,0.0,-6.6588964784397575e-06,1.599277204156202e-05,-9.33447490081285e-06,2.4757160677069123e-07,4.2880442441273203e-07
963,0.0006709706904321872,0.0006626088649344844,0.00010559904674516517,2.445150734473244,1.8643428993477869,1.7776909391907432,2.4028979510706385,-1.0,3.14,1.481643542128001,-0.6131022727118496,-1.9157392397982516,-1.5700527999658969,-1.5695084993870372,4.699956499543134e-07,0.0,0.0,-6.627850851259609e-06,1.591813064816261e-05,-9.290876412881843e-06,2.464087762721334e-07,4.267903546129048e-07
964,0.000667855451687236,0.0006595324837701776,0.00010510854501693566,2.4451511688897956,1.864339853793317,1.7776909403308176,2.402898418860488,-1.0,3.14,1.4816369451759237,-0.6130864288687955,-1.9157484872831352,-1.570052554714371,-1.569508074601088,4.6778984952311475e-07,0.0,0.0,-6.596952077275731e-06,1.584384305408637e-05,-9.247484883623258e-06,2.452515257544974e-07,4.2478594908246237e-07
965,0.0006647548292937607,0.000656470536320912,0.000104620347099245,2.4451516012678143,1.8643368225278807,1.7776909414655375,2.402898884455105,-1.0,3.14,1.481630378976482,-0.6130706589612634,-1.915757691582435,-1.5700523106145439,-1.5695076518099278,4.655946170828429e-07,0.0,0.0,-6.566199441726539e-06,1.5769907532048322e-05,-9.204299299847563e-06,2.440998272401629e-07,4.227911603038592e-07
966,0.0006616687532586695,0.0006534229534718086,0.00010413444061587907,2.4451520316170656,1.8643338054830567,1.777690942594929,2.402899347865006,-1.0,3.14,1.4816238433842472,-0.6130549626388999,-1.9157668529010883,-1.570052067660891,-1.5695072310039881,4.6340990067506027e-07,0.0,0.0,-6.535592234735432e-06,1.5696322363534243e-05,-9.161318653250206e-06,2.429536529735543e-07,4.208059396493269e-07
967,0.0006585971539389816,0.0006503896664532526,0.00010365081709050231,2.445152459947266,1.8643308025907652,1.7776909437190171,2.4028998091006537,-1.0,3.14,1.4816173382544982,-0.6130393395530608,-1.9157759714430298,-1.5700518258479153,-1.5695068121737485,4.6123564789724014e-07,0.0,0.0,-6.505129749090344e-06,1.5623085839133743e-05,-9.11854194152184e-06,2.4181297564318527e-07,4.1883023960131993e-07
968,0.0006555399620373676,0.0006473706068358043,0.00010316946343144951,2.4451528862680805,1.8643278137832628,1.7776909448378277,2.40290026817246,-1.0,3.14,1.4816108634432168,-0.6130237893568028,-1.9157850474111968,-1.5700515851701475,-1.5695063953097357,4.5907180634685574e-07,0.0,0.0,-6.474811281353965e-06,1.555019625798515e-05,-9.075968167016057e-06,2.4067776771552474e-07,4.168640128643375e-07
969,0.0006524971086024922,0.0006443657065330588,0.00010269036831276376,2.4451533105891308,1.8643248389931464,1.7776909459513859,2.4029007250907846,-1.0,3.14,1.4816044188070847,-0.6130083117048747,-1.9157940810075338,-1.5700513456221459,-1.569505980402524,4.569183245095587e-07,0.0,0.0,-6.44463613208579e-06,1.547765192810857e-05,-9.033596336971428e-06,2.395480016570417e-07,4.149072116987895e-07
970,0.0006494685250227209,0.0006413748977935116,0.00010221352439064296,2.4451537329199873,1.8643218781533437,1.7776909470597162,2.4029011798659354,-1.0,3.14,1.4815980042034795,-0.6129929062537085,-1.9158030724329986,-1.5700511071984955,-1.5695055674427345,4.5477515087100073e-07,0.0,0.0,-6.414603605175984e-06,1.540545116618386e-05,-8.991425464843772e-06,2.384236503782944e-07,4.12959789475309e-07
971,0.000646454143030104,0.0006383981132049235,0.00010173891748635915,2.445154153270175,1.864318931197119,1.7776909481628453,2.40290163250817,-1.0,3.14,1.4815916194904712,-0.612977572661411,-1.9158120218875663,-1.5700508698938083,-1.5695051564210352,4.5264223436092266e-07,0.0,0.0,-6.3847130082894665e-06,1.5333592297550602e-05,-8.949454567641624e-06,2.3730468723393017e-07,4.110216993424842e-07
972,0.0006434538946941174,0.0006354352856887634,0.00010126653519917483,2.44515457164917,1.8643159980580661,1.7776909492607964,2.4029020830276933,-1.0,3.14,1.4815852645268193,-0.6129623105877549,-1.9158209295702353,-1.5700506337027231,-1.56950474732814,4.5051952346497615e-07,0.0,0.0,-6.354963651977741e-06,1.5262073656097108e-05,-8.907682669034855e-06,2.3619108513450726e-07,4.0909289511503744e-07
973,0.0006404677124228579,0.000632486348499579,0.00010079637135675321,2.4451549880664016,1.8643130786701094,1.7776909503535954,2.4029025314346613,-1.0,3.14,1.4815789391719683,-0.6129471196941704,-1.9158297956790316,-1.5700503986199055,-1.56950434015481,4.484069680010805e-07,0.0,0.0,-6.325354851011156e-06,1.5190893584482446e-05,-8.866108796246053e-06,2.3508281765671768e-07,4.0717332994155697e-07
974,0.0006374955289591153,0.0006295512352236789,0.00010032841509726695,2.4451554025312525,1.8643101729675011,1.7776909514412664,2.4029029777391786,-1.0,3.14,1.4815726432860452,-0.6129319996437369,-1.9158386204110145,-1.5700501646400478,-1.5695039348918518,4.4630451734306575e-07,0.0,0.0,-6.29588592304664e-06,1.5120050433470311e-05,-8.824731982937095e-06,2.3397985771111962e-07,4.052629583028988e-07
975,0.000634537277379421,0.0006266298797762433,9.986264853790957e-05,2.4451558150530595,1.8643072808848193,1.7776909525238345,2.4029034219512995,-1.0,3.14,1.481566376729855,-0.6129169501011742,-1.915847403962281,-1.5700499317578684,-1.5695035315301176,4.4421212086476203e-07,0.0,0.0,-6.2665561901820155e-06,1.5049542562706186e-05,-8.78355126654462e-06,2.328821793184943e-07,4.0336173423582977e-07
976,0.0006315928910930797,0.0006237222164013552,9.939907342001921e-05,2.4451562256411123,1.8643044023569677,1.7776909536013235,2.402903864081029,-1.0,3.14,1.481560139364878,-0.6129019707328341,-1.9158561465279709,-1.5700496999681124,-1.5695031300605053,4.421297297163562e-07,0.0,0.0,-6.237364976957593e-06,1.4979368340051202e-05,-8.742565689834336e-06,2.3178975605553376e-07,4.014696122212058e-07
977,0.0006286623038382735,0.0006208281796674471,9.89376689291524e-05,2.4451566343046536,1.8643015373191707,1.7776909546737585,2.402904304138322,-1.0,3.14,1.4815539310532664,-0.6128870612066926,-1.915864848302272,-1.5700494692655507,-1.5695027304739584,4.400572928275892e-07,0.0,0.0,-6.208311611688444e-06,1.4909526141582141e-05,-8.701774301123066e-06,2.3070256172097459e-07,3.995865469619275e-07
978,0.0006257454496814275,0.0006179477044676479,9.847842949959775e-05,2.4451570410528833,1.8642986857069748,1.7776909557411626,2.4029047421330842,-1.0,3.14,1.4815477516578404,-0.6128722211923405,-1.9158735094784252,-1.5700492396449803,-1.5695023327614648,4.379947622368263e-07,0.0,0.0,-6.1793954260203066e-06,1.4840014352035524e-05,-8.661176153168526e-06,2.2962057033559802e-07,3.9771249360498473e-07
979,0.0006228422630176159,0.0006150807260197484,9.802134705236294e-05,2.445157445894952,1.8642958474562472,1.777690956803561,2.402905178075172,-1.0,3.14,1.4815416010420845,-0.6128574503609765,-1.9158821302487279,-1.570049011101224,-1.5695019369140573,4.3594208776198684e-07,0.0,0.0,-6.150615755817768e-06,1.4770831364030457e-05,-8.620770302725234e-06,2.2854375636427449e-07,3.9584740751941183e-07
980,0.0006199526785662571,0.0006122271798599243,9.756640183449167e-05,2.4451578488399677,1.8642930225031709,1.777690957860977,2.4029056119743935,-1.0,3.14,1.4815354790701458,-0.6128427483853978,-1.9158907108045413,-1.5700487836291304,-1.5695015429228136,4.338992214414361e-07,0.0,0.0,-6.121971938721771e-06,1.470197557873476e-05,-8.58055581343109e-06,2.274720936057406e-07,3.9399124363015403e-07
981,0.0006170766313681563,0.0006093870018442407,9.711359187244297e-05,2.445158249896991,1.864290210784245,1.7776909589134349,2.4029060438405074,-1.0,3.14,1.4815293856068288,-0.6128281149399923,-1.9158992513362927,-1.5700485572235736,-1.5695011507788557,4.3186611398127184e-07,0.0,0.0,-6.093463317036196e-06,1.4633445405420886e-05,-8.540531751366487e-06,2.2640555674691143e-07,3.9214395797237955e-07
982,0.0006142140567881072,0.0006065601281466449,9.66629081228003e-05,2.44515864907504,1.8642874122362838,1.7776909599609576,2.402906473683225,-1.0,3.14,1.4815233205175926,-0.6128135497007311,-1.9159077520334822,-1.5700483318794534,-1.5695007604733493,4.2984271741985935e-07,0.0,0.0,-6.065089236173549e-06,1.4565239261243867e-05,-8.500697189495199e-06,2.2534412025265738e-07,3.90305506359212e-07
983,0.0006113648905101956,0.0006037464952575824,9.621433200009534e-05,2.445159046383086,1.8642846267964146,1.7776909610035694,2.4029069015122078,-1.0,3.14,1.4815172836685477,-0.6127990523451592,-1.9159162130846863,-1.5700481075916946,-1.5695003719975043,4.278289829073856e-07,0.0,0.0,-6.036849044877002e-06,1.4497355571907455e-05,-8.46105120411167e-06,2.242877588098935e-07,3.8847584504786425e-07
984,0.0006085290685356844,0.0006009460399803243,9.576786066066923e-05,2.4451594418300573,1.8642818544020745,1.777690962041294,2.4029073273370716,-1.0,3.14,1.4815112749264532,-0.6127846225523885,-1.9159246346775631,-1.5700478843552472,-1.569499985342574,4.258248638144835e-07,0.0,0.0,-6.008742094554265e-06,1.4429792770664918e-05,-8.421592876839412e-06,2.232364473275794e-07,3.866549302955491e-07
985,0.0006057065271821089,0.000598158699430591,9.532348175051866e-05,2.4451598354248394,1.8642790949910102,1.7776909630741535,2.4029077511673838,-1.0,3.14,1.4815052941587126,-0.6127702600030893,-1.9159330169988573,-1.5700476621650865,-1.5694996004998552,4.238303121795184e-07,0.0,0.0,-5.980767740609849e-06,1.4362549299207217e-05,-8.382321294186923e-06,2.221901607146748e-07,3.8484271880356857e-07
986,0.0006028972030839161,0.0005953844110363297,9.488118722569556e-05,2.4451602271762694,1.8642763485012768,1.7776909641021728,2.402908173012664,-1.0,3.14,1.481499341233371,-0.6127559643794825,-1.915941360234404,-1.5700474410162124,-1.5694992174606877,4.2184528004085564e-07,0.0,0.0,-5.952925341556892e-06,1.4295623606774832e-05,-8.3432355466595e-06,2.2114887410218387e-07,3.8303916749526934e-07
987,0.0006001010331871284,0.0005926231125337611,9.444096405090125e-05,2.4451606170931446,1.864273614871235,1.7776909651253738,2.4029085928823846,-1.0,3.14,1.481493416019112,-0.6127417353653317,-1.9159496645691343,-1.5700472209036498,-1.5694988362164544,4.198697207691282e-07,0.0,0.0,-5.925214259017153e-06,1.4229014150823893e-05,-8.304334730313556e-06,2.201125626211109e-07,3.8124423329399804e-07
988,0.0005973179547492833,0.0005898747419665605,9.400280353336516e-05,2.4451610051842163,1.86427089403955,1.7776909661437803,2.402909010785972,-1.0,3.14,1.4814875183852543,-0.6127275726459351,-1.9159579301870793,-1.5700470018224482,-1.5694984567585808,4.1790358729087984e-07,0.0,0.0,-5.8976338577210186e-06,1.416271939658209e-05,-8.265617944980264e-06,2.1908120162450473e-07,3.794578735671905e-07
989,0.000594547905338927,0.0005871392376857339,9.356669668069175e-05,2.4451613914581967,1.8642681859451913,1.7776909671574153,2.4029094267328057,-1.0,3.14,1.4814816482017479,-0.6127134759081181,-1.915966157271375,-1.5700467837676817,-1.5694980790785351,4.1594683386492193e-07,0.0,0.0,-5.8701835063956764e-06,1.4096737817048677e-05,-8.227084295819864e-06,2.1805476646541422e-07,3.7768004568228264e-07
990,0.000591790822830983,0.0005844165383443411,9.313262942744704e-05,2.4451617759237494,1.8642654905274267,1.7776909681663007,2.4029098407322187,-1.0,3.14,1.4814758053391723,-0.612699444840225,-1.9159743460042673,-1.5700465667344488,-1.5694977031678274,4.13999412973709e-07,0.0,0.0,-5.842862575544672e-06,1.4031067893105487e-05,-8.188732892211448e-06,2.1703323294097743e-07,3.7591070767284407e-07
991,0.000589046645409624,0.0005817065829009193,9.270059689065802e-05,2.4451621585894983,1.8642628077258272,1.7776909691704597,2.402910252793498,-1.0,3.14,1.481469989668732,-0.6126854791321119,-1.9159824965671155,-1.570046350717872,-1.56949732901801,4.120612793201417e-07,0.0,0.0,-5.815670440334486e-06,1.396570811307285e-05,-8.15056284819704e-06,2.1601657684833242e-07,3.7414981735039987e-07
992,0.0005863153115617304,0.0005790093106132974,9.227058914817592e-05,2.4451625394640257,1.8642601374802599,1.7776909701699146,2.402910662925885,-1.0,3.14,1.4814642010622536,-0.6126715784751384,-1.9159906091403973,-1.5700461357130981,-1.5694969566206771,4.1013238716303135e-07,0.0,0.0,-5.788606478374092e-06,1.3900656973486747e-05,-8.112573281815472e-06,2.1500477376257265e-07,3.723973329705643e-07
993,0.0005835967600789615,0.0005763246610393162,9.184259595767308e-05,2.4451629185558694,1.8642574797308886,1.7776909711646882,2.402911071138575,-1.0,3.14,1.481458439392183,-0.6126577425621603,-1.9159986839037138,-1.570045921715298,-1.569496585967464,4.0821268987301096e-07,0.0,0.0,-5.761670070603131e-06,1.3835912978099607e-05,-8.074763316434641e-06,2.1399780014697e-07,3.706532130109963e-07
994,0.000580890930053673,0.0005736525740352292,9.141660432244459e-05,2.4451632958735257,1.8642548344181729,1.7776909721548027,2.402911477440718,-1.0,3.14,1.4814527045315826,-0.6126439710875218,-1.9160067210357932,-1.5700457087196664,-1.5694962170500482,4.063021430411595e-07,0.0,0.0,-5.734860600403735e-06,1.3771474638546444e-05,-8.037132079419251e-06,2.1299563157661794e-07,3.689174159493547e-07
995,0.0005781977608794946,0.0005709929897532838,9.099261063074151e-05,2.4451636714254494,1.864252201482865,1.7776909731402806,2.4029118818414195,-1.0,3.14,1.481446996354127,-0.6126302637470481,-1.9160147207144962,-1.5700454967214217,-1.5694958498601475,4.0440070137037765e-07,0.0,0.0,-5.708177455598928e-06,1.370734047367872e-05,-7.999678703018986e-06,2.1199824473683293e-07,3.6718990070738755e-07
996,0.0005755171922486296,0.0005683458486414696,9.057060126432748e-05,2.445164045220053,1.8642495808660104,1.7776909741211433,2.402912284349739,-1.0,3.14,1.4814413147341012,-0.6126166202380379,-1.9160226831168194,-1.570045285715806,-1.569495484389521,4.025083195635659e-07,0.0,0.0,-5.681620025788092e-06,1.3643509010230481e-05,-7.962402323258289e-06,2.1100561564679765e-07,3.654706264288876e-07
997,0.0005728491641506304,0.0005657110914405673,9.015056714441904e-05,2.4451644172657088,1.8642469725089441,1.7776909750974137,2.4029126849746922,-1.0,3.14,1.4814356595463964,-0.6126030402592556,-1.9160306084189005,-1.5700450756980848,-1.569495120629969,4.0062495321180336e-07,0.0,0.0,-5.655187704789455e-06,1.3579978782263247e-05,-7.925302081046581e-06,2.100177212138732e-07,3.6375955203560295e-07
998,0.0005701936168696131,0.0005630886591830812,8.97325013659186e-05,2.445164787570746,1.8642443763532899,1.7776909760691135,2.40291308372525,-1.0,3.14,1.481430030666508,-0.6125895235109243,-1.916038496796022,-1.5700448666635471,-1.5694947585733314,3.98750557906169e-07,0.0,0.0,-5.628879888419647e-06,1.3516748331277029e-05,-7.888377121512136e-06,2.0903453767928681e-07,3.620566375595047e-07
999,0.000567550490984022,0.000560478493191856,8.931639179191544e-05,2.445165156143453,1.8642417923409589,1.7776909770362639,2.4029134806103394,-1.0,3.14,1.481424427970532,-0.6125760696947181,-1.9160463484226165,-1.5700446586075054,-1.5694943982114888,3.968850892377418e-07,0.0,0.0,-5.602695976048011e-06,1.3453816206210334e-05,-7.85162659444616e-06,2.08056041728355e-07,3.603618425884747e-07
1000,0.0005649197273652208,0.0005578805350786347,8.890222592860133e-05,2.44516552299208,1.8642392204141487,1.777690977998887,2.402913875638843,-1.0,3.14,1.4814188513351616,-0.6125626785137547,-1.9160541634722696,-1.5700444515252947,-1.569494039536362,3.9502850368577924e-07,0.0,0.0,-5.576635370374561e-06,1.3391180963440164e-05,-7.815049653192574e-06,2.0708221071252808e-07,3.586751269324395e-07
1001,0.0005623012671768005,0.0005552947267440564,8.849000346594329e-05,2.4451658881248335,1.8642366605153424,1.7776909789570046,2.4029142688196004,-1.0,3.14,1.481413300637685,-0.6125493496725883,-1.9160619421177258,-1.5700442454122736,-1.5694936825399113,3.9318075728544954e-07,0.0,0.0,-5.550697476541799e-06,1.3328841166337924e-05,-7.778645456202327e-06,2.061130210950779e-07,3.5699645062337027e-07
1002,0.0005596950518687993,0.000552721010371001,8.807970883374942e-05,2.445166251549882,1.864234112587303,1.7776909799106377,2.402914660161407,-1.0,3.14,1.4814077757559818,-0.6125360828772023,-1.9160696845308918,-1.5700440402638234,-1.5694933272141374,3.9134180651601014e-07,0.0,0.0,-5.524881703244944e-06,1.3266795386046581e-05,-7.742413165923168e-06,2.0514845022745476e-07,3.5532577391528264e-07
1003,0.0005571010231804525,0.000550159328429046,8.767133110788358e-05,2.4451666132753513,1.8642315765730766,1.777690980859808,2.4029150496730147,-1.0,3.14,1.4814022765685202,-0.6125228778350017,-1.9160773908828408,-1.570043836075348,-1.5694929735510794,3.8951160785671846e-07,0.0,0.0,-5.499187461621702e-06,1.3205042200592487e-05,-7.706351949021695e-06,2.0418847546110896e-07,3.536630579503708e-07
1004,0.0005545191231389467,0.0005476096236712031,8.726486412189693e-05,2.4451669733093295,1.8642290524159906,1.777690981804537,2.4029154373631334,-1.0,3.14,1.481396802954354,-0.6125097342548064,-1.9160850613438172,-1.5700436328422742,-1.5694926215428164,3.8769011867501035e-07,0.0,0.0,-5.47361416614045e-06,1.3143580195329463e-05,-7.670460976383353e-06,2.032330737034016e-07,3.520082629826504e-07
1005,0.000551949294055199,0.0005450718391307449,8.686030402388921e-05,2.445167331659862,1.8642265400596492,1.7776909827448453,2.402915823240429,-1.0,3.14,1.4813913547931201,-0.6124966518468438,-1.9160926960832405,-1.5700434305600512,-1.5694922711814665,3.8587729545014327e-07,0.0,0.0,-5.448161233934101e-06,1.3082407962605735e-05,-7.63473942333448e-06,2.0228222297191678e-07,3.503613499322711e-07
1006,0.0005493914785234148,0.0005425459181206094,8.645763135403569e-05,2.445167688334959,1.8642240394479341,1.777690983680754,2.4029162073135257,-1.0,3.14,1.4813859319650349,-0.6124836303227416,-1.9161002952697095,-1.5700432292241508,-1.5694919224591863,3.840730968818207e-07,0.0,0.0,-5.422828085244191e-06,1.3021524102208026e-05,-7.599186468976171e-06,2.013359003960602e-07,3.487222801634715e-07
1007,0.0005468456194194172,0.0005400318042323317,8.605684680491507e-05,2.4451680433425884,1.8642215505250026,1.7776909846122844,2.4029165895910047,-1.0,3.14,1.4813805343508915,-0.6124706693955208,-1.9161078590710066,-1.5700430288300669,-1.5694915753681713,3.822774790052108e-07,0.0,0.0,-5.397614143420881e-06,1.296092722080644e-05,-7.563801297072459e-06,2.0039408399341596e-07,3.4709101504049045e-07
1008,0.0005443116599007703,0.0005375294413352895,8.565793540389548e-05,2.445168396690678,1.8642190732352866,1.7776909855394574,2.4029169700814057,-1.0,3.14,1.4813751618320572,-0.6124577687795888,-1.9161153876541017,-1.5700428293733155,-1.569491229900655,3.8049040096410636e-07,0.0,0.0,-5.372518834256823e-06,1.2900615931954462e-05,-7.5285830951621335e-06,1.9945675133747898e-07,3.4546751637165585e-07
1009,0.0005417895434027711,0.0005350387735730317,8.526088698260942e-05,2.44516874838712,1.86421660752349,1.7776909864622934,2.402917348793226,-1.0,3.14,1.4813698142904705,-0.6124449281907322,-1.9161228811851567,-1.5700426308494353,-1.5694908860489096,3.787118201259432e-07,0.0,0.0,-5.347541586653293e-06,1.2840588856644075e-05,-7.493531055002833e-06,1.9852388022378875e-07,3.4385174529916185e-07
1010,0.0005392792136398762,0.0005325597453647831,8.486569629210719e-05,2.4451690984397656,1.8642141533345895,1.7776909873808133,2.4029177257349206,-1.0,3.14,1.481364491608638,-0.6124321473461097,-1.9161303398295293,-1.570042433253986,-1.5694905438052453,3.7694169474633554e-07,0.0,0.0,-5.322681832620191e-06,1.2780844622417575e-05,-7.458644372571044e-06,1.975954493360632e-07,3.422436642974702e-07
1011,0.0005367806146002653,0.0005300923014006408,8.44723578624157e-05,2.4451694468564273,1.8642117106138296,1.7776909882950378,2.402918100914904,-1.0,3.14,1.4813591936696313,-0.6124194259642457,-1.916137763751777,-1.5700422365825497,-1.5694902031620097,3.7517998352498694e-07,0.0,0.0,-5.2979390066099086e-06,1.272138186403371e-05,-7.423922247618009e-06,1.9667143624779726e-07,3.406432356189981e-07
1012,0.0005342936905498177,0.0005276363866429562,8.408085543516696e-05,2.44516979364488,1.8642092793067246,1.7776909892049866,2.4029184743415493,-1.0,3.14,1.4813539203570854,-0.6124067637650228,-1.9161451531156615,-1.5700420408307303,-1.5694898641115886,3.7342664516160085e-07,0.0,0.0,-5.273312545961417e-06,1.2662199222912562e-05,-7.389363884557909e-06,1.9575181942066422e-07,3.390504210720735e-07
1013,0.0005318183860260163,0.000525191946325016,8.369118293878936e-05,2.44517013881286,1.864206859359057,1.7776909901106803,2.4029188460231876,-1.0,3.14,1.481348671555194,-0.6123941604696752,-1.9161525080841524,-1.570041845994153,-1.5694895266464048,3.7168163835588075e-07,0.0,0.0,-5.248801891344357e-06,1.2603295347579646e-05,-7.354968490913549e-06,1.948365773163374e-07,3.3746518379729196e-07
1014,0.0005293546458378812,0.0005227589259461117,8.3303334067244e-05,2.4451704823680678,1.864204450716873,1.7776909910121401,2.4029192159681103,-1.0,3.14,1.4813434471487084,-0.6123816158007821,-1.9161598288194317,-1.5700416520684648,-1.5694891907589186,3.6994492269570856e-07,0.0,0.0,-5.224406485648814e-06,1.2544668893110789e-05,-7.320735279314761e-06,1.9392568817444555e-07,3.3588748626911524e-07
1015,0.0005269024150656736,0.0005203372712747745,8.291729692009579e-05,2.4451708243181622,1.8642020533264843,1.7776909919093848,2.402919584184567,-1.0,3.14,1.4813382470229335,-0.6123691294822606,-1.9161671154828972,-1.570041459049334,-1.569488856441627,3.6821645688078775e-07,0.0,0.0,-5.200125774873499e-06,1.24863185214652e-05,-7.2866634654999984e-06,1.9301913090075118e-07,3.3431729162813895e-07
1016,0.0005244616390589778,0.0005179269283439385,8.253306463516779e-05,2.4451711646707666,1.8641996671344652,1.7776909928024354,2.402919950680768,-1.0,3.14,1.481333071063726,-0.6123567012393591,-1.9161743682351666,-1.5700412669324497,-1.5694885236870642,3.6649620094308943e-07,0.0,0.0,-5.175959207459613e-06,1.2428242901485476e-05,-7.252752269426566e-06,1.9211688417897221e-07,3.3275456279291404e-07
1017,0.0005220322634335088,0.0005155278434511626,8.215062739974337e-05,2.4451715034334685,1.864197292087652,1.7776909936913114,2.402920315464883,-1.0,3.14,1.481327919157491,-0.6123443307986505,-1.9161815872360817,-1.5700410757135232,-1.569488192487801,3.6478411491458473e-07,0.0,0.0,-5.151906234956982e-06,1.2370440708675545e-05,-7.219000915048568e-06,1.9121892647078198e-07,3.311992631260807e-07
1018,0.0005196142340736331,0.0005131399631576547,8.176998052983775e-05,2.445171840613816,1.8641949281331416,1.7776909945760324,2.4029206785450414,-1.0,3.14,1.4813227911911793,-0.6123320178880256,-1.9161887726447122,-1.570040885388286,-1.5694878628364446,3.6308015838315555e-07,0.0,0.0,-5.1279663118020125e-06,1.2312910624867612e-05,-7.185408630538959e-06,1.9032523734807683e-07,3.296513564343684e-07
1019,0.0005172074971266504,0.0005107632342849123,8.139110822301381e-05,2.4451721762193217,1.8641925752182888,1.777690995456619,2.402921039929333,-1.0,3.14,1.4813176870522846,-0.6123197622366865,-1.9161959246193594,-1.5700406959524904,-1.5694875347256385,3.61384291380773e-07,0.0,0.0,-5.104138894651555e-06,1.225565133911033e-05,-7.1519746471793155e-06,1.8943579549457468e-07,3.281108060804172e-07
1020,0.0005148119990047997,0.0005083976039161992,8.101401070882405e-05,2.445172510257459,1.8641902332907074,1.7776909963330905,2.402921399625807,-1.0,3.14,1.4813126066288416,-0.61230756357514,-1.9162030433175605,-1.5700405074019104,-1.5694872081480622,3.596964743834974e-07,0.0,0.0,-5.0804234430490425e-06,1.2198661546447553e-05,-7.118698201136198e-06,1.8855058003808267e-07,3.265775763150458e-07
1021,0.0005124276863802571,0.0005060430193917099,8.063866882891855e-05,2.4451728427356687,1.864187902298266,1.777690997205466,2.4029217576424755,-1.0,3.14,1.4813075498094221,-0.612295421635191,-1.9162101288960922,-1.57004031973234,-1.5694868830964313,3.5801666831147827e-07,0.0,0.0,-5.056819419424485e-06,1.2141939949028568e-05,-7.0855785316847886e-06,1.8766957032845255e-07,3.2505163094498357e-07
1022,0.0005100545061885643,0.0005036994283103885,8.02650878480643e-05,2.4451731736613502,1.8641855821890883,1.7776909980737652,2.4029221139873087,-1.0,3.14,1.4813025164831335,-0.6122833361499359,-1.9162171815109745,-1.5700401329395943,-1.5694865595634968,3.5634483319668675e-07,0.0,0.0,-5.033326288650386e-06,1.2085485255108885e-05,-7.052614882319119e-06,1.8679274571553606e-07,3.235329344430937e-07
1023,0.0005076924056239234,0.0005013667785282362,7.989324799990622e-05,2.445173503041872,1.8641832729115537,1.7776909989380074,2.4029224686682396,-1.0,3.14,1.4812975065396148,-0.6122713068537562,-1.9162242013174746,-1.5700399470195088,-1.5694862375420455,3.546809308474508e-07,0.0,0.0,-5.009943518707871e-06,1.2029296179716376e-05,-7.0198065000859344e-06,1.8592008554918493e-07,3.2202145128223947e-07
1024,0.0005053413321382276,0.0004990450181542579,7.952314578636206e-05,2.445173830884563,1.8641809744142914,1.777690999798212,2.4029228216931617,-1.0,3.14,1.4812925198690348,-0.6122593334823121,-1.9162311884701106,-1.570039761967939,-1.5694859170248996,3.530249221839199e-07,0.0,0.0,-4.986670580020558e-06,1.197337144409616e-05,-6.987152636028782e-06,1.8505156984538473e-07,3.20517145935284e-07
1025,0.0005030012334403147,0.0004967340955526617,7.915477191894601e-05,2.4451741571967167,1.8641786866461834,1.7776910006543987,2.4029231730699308,-1.0,3.14,1.4812875563620895,-0.6122474157725359,-1.9162381431226554,-1.570039577780761,-1.5694855980049163,3.5137676901442205e-07,0.0,0.0,-4.96350694523251e-06,1.1917709776154695e-05,-6.954652544743922e-06,1.841871779539872e-07,3.190199833191798e-07
1026,0.0005006720574945468,0.000494433959338651,7.878811963955799e-05,2.445174481985592,1.86417640955636,1.7776910015065852,2.402923522806363,-1.0,3.14,1.4812826159099994,-0.6122355534626259,-1.9162450654281407,-1.570039394453871,-1.569485280474988,3.497364322591068e-07,0.0,0.0,-4.940452090096414e-06,1.186230991001569e-05,-6.9223054852685095e-06,1.833268898909779e-07,3.1752992835087923e-07
1027,0.0004983537525192624,0.0004921445583781411,7.842317911867174e-05,2.4451748052584126,1.8641741430942,1.777691002354792,2.402923870910237,-1.0,3.14,1.4812776984045066,-0.6122237462920396,-1.9162519555388597,-1.5700392119831859,-1.5694849644280413,3.4810387417039124e-07,0.0,0.0,-4.91750549280745e-06,1.1807170586353166e-05,-6.8901107190821875e-06,1.8247068522825316e-07,3.1604694661346855e-07
1028,0.0004960462669868034,0.0004898658417895498,7.805994591898042e-05,2.445175127022365,1.864171887209332,1.7776910031990372,2.4029242173892933,-1.0,3.14,1.4812728037378722,-0.6122119940014878,-1.9162588136063725,-1.5700390303646417,-1.569484649857038,3.4647905611251417e-07,0.0,0.0,-4.8946666344473755e-06,1.175229055172533e-05,-6.858067512771626e-06,1.8161854420384316e-07,3.145710032459448e-07
1029,0.0004937495496184869,0.0004875977589354443,7.769840683413133e-05,2.445175447284602,1.8641696418516263,1.7776910040393394,2.402924562251234,-1.0,3.14,1.481267931802874,-0.6122002963329283,-1.9162656397815083,-1.5700388495941946,-1.5694843367549745,3.4486194078198196e-07,0.0,0.0,-4.87193499809635e-06,1.169766855957377e-05,-6.826175135810075e-06,1.8077044705577805e-07,3.1310206360934956e-07
1030,0.0004914635493899263,0.0004853402594295439,7.733855404106064e-05,2.445175766052242,1.8641674069712018,1.777691004875718,2.402924905503725,-1.0,3.14,1.481263082492804,-0.6121886530295592,-1.9162724342143695,-1.5700386696678208,-1.569484025114881,3.4325249087530096e-07,0.0,0.0,-4.8493100701652025e-06,1.1643303369113234e-05,-6.794432861223498e-06,1.799263738000434e-07,3.116400935088137e-07
1031,0.0004891882155208976,0.00048309329312814684,7.698038522812713e-05,2.4451760833323672,1.8641651825184176,1.7776910057081912,2.4029252471543936,-1.0,3.14,1.4812582557014649,-0.6121770638358132,-1.916279197054336,-1.570038490581516,-1.5694837149298217,3.4165066864488836e-07,0.0,0.0,-4.826791339063163e-06,1.1589193745997761e-05,-6.762839966478751e-06,1.7908630489671395e-07,3.101850591935573e-07
1032,0.0004869234974822099,0.00048085681013336533,7.662388344008426e-05,2.445176399132026,1.864162968443876,1.7776910065367777,2.4029255872108304,-1.0,3.14,1.481253451323169,-0.6121655284973512,-1.9162859284500677,-1.5700383123312953,-1.5694834061928953,3.400564367872505e-07,0.0,0.0,-4.804378295863998e-06,1.1535338461987621e-05,-6.731395731707224e-06,1.782502205838199e-07,3.087369264687112e-07
1033,0.0004846693449908116,0.0004786307607924977,7.626904876261833e-05,2.4451767134582334,1.8641607646984226,1.7776910073614953,2.402925925680589,-1.0,3.14,1.481248669252735,-0.6121540467610561,-1.9162926285495092,-1.570038134913194,-1.5694830988972337,3.38469758442983e-07,0.0,0.0,-4.782070434083963e-06,1.148173629506033e-05,-6.7000994414812e-06,1.7741810132143598e-07,3.072956615834954e-07
1034,0.00048242570800629593,0.0004764150956907728,7.591586947368396e-05,2.4451770263179675,1.8641585712331377,1.7776910081823634,2.402926262571185,-1.0,3.14,1.4812439093854848,-0.6121426183750269,-1.916299297499893,-1.5700379583232658,-1.5694827930360025,3.368905963085922e-07,0.0,0.0,-4.759867250125893e-06,1.1428386029188609e-05,-6.668950383703631e-06,1.765899282357708e-07,3.058612312312192e-07
1035,0.00048019253673654285,0.00047420976565936004,7.556434233822867e-05,2.4451773377181745,1.8641563879993455,1.7776910089993996,2.402926597890099,-1.0,3.14,1.481239171617242,-0.6121312430885725,-1.9163059354477425,-1.5700377825575842,-1.5694824886024006,3.353189139687629e-07,0.0,0.0,-4.7377682428351164e-06,1.1375286454451405e-05,-6.637947849608139e-06,1.757656815648545e-07,3.044336018831473e-07
1036,0.0004779697816272846,0.0004720147217641257,7.521445214309346e-05,2.4451776476657665,1.8641542149486026,1.7776910098126222,2.4029269316447746,-1.0,3.14,1.4812344558443291,-0.6121199206522052,-1.9163125425388767,-1.570037607612242,-1.5694821855896606,3.337546754522691e-07,0.0,0.0,-4.715772912833316e-06,1.132243636725594e-05,-6.6070911342031025e-06,1.7494534221285107e-07,3.0301274001054423e-07
1037,0.00047575739336797154,0.0004698299153119456,7.486619514622437e-05,2.4451779561676226,1.8641520520327042,1.7776910106220494,2.402927263842619,-1.0,3.14,1.4812297619635648,-0.6121086508176355,-1.9163191189184126,-1.5700374334833507,-1.5694818839910476,3.321978443437956e-07,0.0,0.0,-4.693880764294889e-06,1.1269834569671566e-05,-6.57637953582757e-06,1.741288913059691e-07,3.015986129728532e-07
1038,0.000473555322889299,0.0004676552978466222,7.451956444838808e-05,2.445178263230586,1.8641498992036798,1.7776910114276987,2.4029275944910027,-1.0,3.14,1.4812250898722619,-0.6120974333377657,-1.9163256647307694,-1.5700372601670411,-1.56948158379986,3.30648383783938e-07,0.0,0.0,-4.6720913029485445e-06,1.121747986987387e-05,-6.545812356817393e-06,1.7331630952632793e-07,3.0019118768542796e-07
1039,0.0004713635213587298,0.0004654908211475031,7.417454992056988e-05,2.4451785688614684,1.8641477564137923,1.7776910122295886,2.402927923597261,-1.0,3.14,1.481220439468224,-0.6120862679666838,-1.916332180119672,-1.570037087659463,-1.5694812850094282,3.291062582455595e-07,0.0,0.0,-4.6504040378536615e-06,1.1165371081922615e-05,-6.5153889026170475e-06,1.7250757822218077e-07,2.987904317297563e-07
1040,0.0004691819401826721,0.0004633364372282885,7.383114715277417e-05,2.4451788730670483,1.8641456236155365,1.7776910130277366,2.4029282511686936,-1.0,3.14,1.4812158106497444,-0.6120751544596577,-1.916338665228154,-1.5700369159567842,-1.569480987613116,3.275714326456125e-07,0.0,0.0,-4.628818479623931e-06,1.1113507026094815e-05,-6.485108482001678e-06,1.717026787417808e-07,2.973963122432366e-07
1041,0.0004670105310035357,0.0004611920983373755,7.34893424819774e-05,2.4451791758540704,1.8641435007616396,1.7776910138221607,2.4029285772125646,-1.0,3.14,1.4812112033156024,-0.6120640925731293,-1.9163451201985615,-1.570036745055192,-1.5694806916043191,3.26043871012871e-07,0.0,0.0,-4.607334141981667e-06,1.1061886528329623e-05,-6.454970407521188e-06,1.709015922113366e-07,2.960087968073566e-07
1042,0.0004648492456988729,0.00045905775695402807,7.314913706197055e-05,2.445179477229248,1.8641413878050574,1.7776910146128782,2.402928901736102,-1.0,3.14,1.4812066173650615,-0.6120530820647091,-1.9163515451725566,-1.570036574950892,-1.5694803969764655,3.2452353737610906e-07,0.0,0.0,-4.585950540869632e-06,1.1010508420228327e-05,-6.424973995056149e-06,1.7010429997910137e-07,2.9462785366973776e-07
1043,0.00046269803638140965,0.0004569333657897577,7.281051366504434e-05,2.4451797771992596,1.8641392846989755,1.7776910153999068,2.4029292247464995,-1.0,3.14,1.4812020526978675,-0.6120421226931695,-1.9163579402911208,-1.5700364056401084,-1.5694801037230153,3.2301039754045746e-07,0.0,0.0,-4.564667194006944e-06,1.0959371539609464e-05,-6.395118564261892e-06,1.6931078361537288e-07,2.932534501898232e-07
1044,0.0004605568553948179,0.00045481887778499596,7.247347301998743e-05,2.445180075770753,1.8641371913968061,1.777691016183264,2.4029295462509155,-1.0,3.14,1.481197509214245,-0.6120312142184396,-1.9163643056945585,-1.5700362371190837,-1.5694798118374602,3.2150441597877943e-07,0.0,0.0,-4.5434836224433894e-06,1.0908474729842688e-05,-6.365403437680328e-06,1.6852102469044894e-07,2.9188555505932356e-07
1045,0.00045842565531603016,0.0004527142461096276,7.213800653090264e-05,2.4451803729503436,1.8641351078521888,1.7776910169629672,2.4029298662564735,-1.0,3.14,1.4811929868148956,-0.6120203564015995,-1.9163706415225,-1.5700360693840787,-1.569479521313324,3.200055580521166e-07,0.0,0.0,-4.522399349449202e-06,1.0857816840181833e-05,-6.33582794140608e-06,1.6773500499667193e-07,2.905241363038158e-07
1046,0.00045630438895161716,0.0004506194241613258,7.180410224497906e-05,2.4451806687446127,1.8641330340189883,1.7776910177390337,2.402930184770262,-1.0,3.14,1.4811884854009956,-0.6120095490048738,-1.9163769479139046,-1.5700359024313724,-1.5694792321441615,3.185137886774214e-07,0.0,0.0,-4.501413900070972e-06,1.0807396725653895e-05,-6.3063914046423974e-06,1.6695270632638426e-07,2.8916916239296597e-07
1047,0.00045419300933784986,0.00044853436556370084,7.147175409656954e-05,2.445180963160112,1.8641309698512933,1.777691018511481,2.4029305017993363,-1.0,3.14,1.4811840048741935,-0.6119987917916271,-1.9163832250070654,-1.570035736257262,-1.5694789443235597,3.170290741039139e-07,0.0,0.0,-4.480526802019824e-06,1.075721324672596e-05,-6.277093160811376e-06,1.6617411047192832e-07,2.878206017964402e-07
1048,0.0004520914697400602,0.00044645902416585965,7.114095892548929e-05,2.44518125620336,1.8641289153034157,1.7776910192803252,2.402930817350716,-1.0,3.14,1.481179545136608,-0.6119880845263573,-1.9163894729396111,-1.5700355708580624,-1.5694786578451363,3.155513796926357e-07,0.0,0.0,-4.459737585449375e-06,1.07072652697493e-05,-6.247932545777601e-06,1.653991994476911e-07,2.864784234279938e-07
1049,0.000449999723647445,0.0004443933540400501,7.081169773166445e-05,2.445181547880844,1.864126870329888,1.7776910200455844,2.4029311314313873,-1.0,3.14,1.481175106090825,-0.6119774269746906,-1.9163956918485103,-1.5700354062301074,-1.5694783727025399,3.1408067124871764e-07,0.0,0.0,-4.439045783177775e-06,1.065755166673732e-05,-6.21890889918042e-06,1.6462795504601502e-07,2.8514259642342665e-07
1050,0.0004479177247790513,0.00044233730948370315,7.048398256185754e-05,2.44518183819902,1.8641248348854662,1.7776910208072756,2.4029314440483023,-1.0,3.14,1.4811706876398953,-0.6119668189033753,-1.9164018818700739,-1.5700352423697475,-1.5694780888894502,3.126169150213798e-07,0.0,0.0,-4.418450929577489e-06,1.0608071315254541e-05,-6.190021563545756e-06,1.6386035994742087e-07,2.838130896964941e-07
1051,0.00044584542707566075,0.00044029084501412576,7.015779393693395e-05,2.445182127164312,1.8641228089251234,1.777691021565415,2.4029317552083795,-1.0,3.14,1.4811662896873339,-0.6119562600802768,-1.9164080431399593,-1.5700350792733515,-1.569477806399578,3.111600772598422e-07,0.0,0.0,-4.39795256146347e-06,1.0558823098527625e-05,-6.1612698853963366e-06,1.6309639594425107e-07,2.8248987216095145e-07
1052,0.0004437827847033474,0.00043825391537016453,6.983312463143017e-05,2.4451824147831127,1.8641207924040522,1.7776910223200193,2.4029320649185033,-1.0,3.14,1.4811619121371151,-0.6119457502743716,-1.916414175793173,-1.5700349169373058,-1.5694775252266642,3.097101237692357e-07,0.0,0.0,-4.377550218759296e-06,1.0509805905223324e-05,-6.132653213697381e-06,1.6233604571702642e-07,2.8117291384077703e-07
1053,0.00044172975204905614,0.00043622647551016494,6.950996718494443e-05,2.4451827010617855,1.8641187852776626,1.7776910230711063,2.4029323731855254,-1.0,3.14,1.4811575548936724,-0.611935289255742,-1.916420279964074,-1.5700347553580143,-1.56947724536448,3.0826702213104795e-07,0.0,0.0,-4.357243442720815e-06,1.0461018629559504e-05,-6.104170900966821e-06,1.6157929150217853e-07,2.7986218409381536e-07
1054,0.00043968628372221776,0.00043420848061084133,6.91883106889795e-05,2.4451829860066603,1.8641167875015807,1.7776910238186918,2.402932680016264,-1.0,3.14,1.4811532178618951,-0.6119248767955708,-1.9164263557863777,-1.5700345945318985,-1.5694769668068278,3.0683073859449905e-07,0.0,0.0,-4.3370317772684075e-06,1.0412460171194127e-05,-6.0758223037193915e-06,1.6082611575818362e-07,2.7855765227791096e-07
1055,0.0004376523345509495,0.00043219988606548663,6.886816005361917e-05,2.4451832696240388,1.8641147990316471,1.7776910245627924,2.4029329854175034,-1.0,3.14,1.4811489009471268,-0.6119145126661353,-1.916432403393158,-1.5700344344553971,-1.569476689547539,3.0540123940880903e-07,0.0,0.0,-4.316914768320856e-06,1.0364129435558311e-05,-6.047606780246184e-06,1.600765013876071e-07,2.772592888611314e-07
1056,0.0004356278595848324,0.0004302006474859813,6.854950074653488e-05,2.445183551920189,1.8641128198239185,1.7776910253034248,2.4029332893959965,-1.0,3.14,1.4811446040551621,-0.6119041966408022,-1.9164384229168507,-1.5700342751249665,-1.5694764135804755,3.03978493043644e-07,0.0,0.0,-4.296891964683525e-06,1.0316025333079182e-05,-6.019523692835094e-06,1.5933043062688057e-07,2.7596706342336574e-07
1057,0.00043361281408873153,0.0004282107206964833,6.82323243739849e-05,2.4451838329013524,1.8641108498346621,1.7776910260406051,2.4029335919584622,-1.0,3.14,1.4811403270922454,-0.6118939284940222,-1.916444414489258,-1.57003411653708,-1.5694761388995293,3.02562465748224e-07,0.0,0.0,-4.276962916716087e-06,1.0268146779957021e-05,-5.9915724073267285e-06,1.5858788660061407e-07,2.74680946210637e-07
1058,0.0004316071535461127,0.0004262300617376659,6.791662882666475e-05,2.445184112573738,1.8641088890203594,1.7776910267743502,2.402933893111588,-1.0,3.14,1.481136069965068,-0.6118837080013247,-1.91645037824155,-1.5700339586882277,-1.5694758654986216,3.011531255481259e-07,0.0,0.0,-4.257127177442754e-06,1.022049269749914e-05,-5.9637522920041874e-06,1.5784885221137301e-07,2.7340090769101266e-07
1059,0.000429610833654311,0.0004242586268610029,6.760240200476489e-05,2.445184390943525,1.8641069373377004,1.7776910275046758,2.4029341928620274,-1.0,3.14,1.4811318325807663,-0.6118735349393122,-1.9164563143042688,-1.5700338015749173,-1.5694755933717033,2.997504395807482e-07,0.0,0.0,-4.237384301664093e-06,1.017306201256396e-05,-5.936062718703283e-06,1.5711331036172282e-07,2.721269183325603e-07
1060,0.0004276238103280535,0.00042229637253187764,6.728964468509325e-05,2.4451846680168616,1.8641049947435868,1.777691028231598,2.402934491216403,-1.0,3.14,1.4811276148469197,-0.611863409085655,-1.916462222807331,-1.5700336451936736,-1.5694753225127547,2.983543754275786e-07,0.0,0.0,-4.217733846623162e-06,1.0125853657227957e-05,-5.9085030621464085e-06,1.5638124373218432e-07,2.7085894860334747e-07
1061,0.0004256460396917888,0.00042034325542477855,6.697834098642935e-05,2.4451849437998687,1.8641030611951277,1.7776910289551333,2.402934788181305,-1.0,3.14,1.481123416671548,-0.6118533302190861,-1.916468103880031,-1.5700334895410375,-1.569475052915785,2.9696490200237236e-07,0.0,0.0,-4.1981753717834636e-06,1.0078866568896672e-05,-5.88107270016458e-06,1.5565263611350133e-07,2.695969696375755e-07
1062,0.0004236774780854751,0.00041839923242449205,6.666848795746215e-05,2.445185218298636,1.86410113664964,1.7776910296752975,2.402935083763291,-1.0,3.14,1.481119237963109,-0.6118432981193959,-1.916473957651045,-1.5700333346135673,-1.569474784574833,2.9558198599843877e-07,0.0,0.0,-4.178708438828949e-06,1.0032099690193697e-05,-5.853771013919484e-06,1.5492747018619468e-07,2.683409521253566e-07
1063,0.0004217180820601823,0.00041646426062594543,6.636007580437815e-05,2.445185491519222,1.8640992210646488,1.7776910303921065,2.4029353779688876,-1.0,3.14,1.4811150786304974,-0.6118333125674268,-1.9164797842484327,-1.5700331804078378,-1.5694745174839657,2.9420559677362235e-07,0.0,0.0,-4.159332611664013e-06,9.985551969071693e-06,-5.8265973876814314e-06,1.542057295189636e-07,2.6709086720089203e-07
1064,0.0004197678083745784,0.0004145382973292151,6.605310117894196e-05,2.4451857634676606,1.8640973143978823,1.7776910311055762,2.40293567080459,-1.0,3.14,1.4811109385830417,-0.6118233733450681,-1.916485583799641,-1.5700330269204403,-1.5694742516372797,2.928357023535e-07,0.0,0.0,-4.140047455747364e-06,9.939222358701372e-06,-5.799551208385267e-06,1.5348739745846274e-07,2.6584668599838324e-07
1065,0.000417826613999229,0.0004126213000422887,6.574755719871858e-05,2.4451860341499523,1.8640954166072745,1.7776910318157222,2.402935962276861,-1.0,3.14,1.4811068177305025,-0.611813480235251,-1.9164913564315076,-1.570032874147983,-1.5694739870288996,2.914722712077378e-07,0.0,0.0,-4.120852539202247e-06,9.893109817138424e-06,-5.772631866518552e-06,1.527724573513467e-07,2.6460838009612075e-07
1066,0.000415894456113078,0.00041071322647930633,6.544343675861477e-05,2.445186303572069,1.8640935276509634,1.7776910325225608,2.402936252392133,-1.0,3.14,1.4811027159830699,-0.6118036330219428,-1.9164971022702626,-1.57003272208709,-1.5694737236529788,2.9011527180600183e-07,0.0,0.0,-4.101747432594394e-06,9.847213308100677e-06,-5.745838755011334e-06,1.5206089298835934e-07,2.6337592085035055e-07
1067,0.0004139712920993995,0.00040881403455748526,6.51407325272135e-05,2.445186571739956,1.8640916474872882,1.7776910332261069,2.4029365411568064,-1.0,3.14,1.4810986332513618,-0.6117938314901428,-1.9165028214415327,-1.570032570734402,-1.569473461503699,2.8876467350613666e-07,0.0,0.0,-4.082731708043852e-06,9.801531800079921e-06,-5.719171270124335e-06,1.513526879381999e-07,2.621492798393632e-07
1068,0.0004120570795494543,0.0004069236823978083,6.483944036760168e-05,2.4451868386595277,1.8640897760747897,1.7776910339263763,2.4029368285772517,-1.0,3.14,1.4810945694464221,-0.611784075425876,-1.9165085140703442,-1.5700324200865763,-1.5694732005752696,2.874204452218976e-07,0.0,0.0,-4.063804939669069e-06,9.756064266785991e-06,-5.692628811448941e-06,1.506478257695676e-07,2.609284293075831e-07
1069,0.00041015177625926995,0.00040504212832408334,6.453954909186555e-05,2.445187104336671,1.8640879133722095,1.777691034623384,2.402937114659808,-1.0,3.14,1.4810905244797181,-0.6117743646161891,-1.9165141802811254,-1.570032270140286,-1.569472940861929,2.860825563111291e-07,0.0,0.0,-4.044966704030983e-06,9.710809686924726e-06,-5.666210781241077e-06,1.4994629027320627e-07,2.5971334061125617e-07
1070,0.00040825534022949047,0.00040316933086253414,6.424105066747374e-05,2.4451873687772436,1.8640860593384896,1.7776910353171465,2.4029373994107837,-1.0,3.14,1.481086498263138,-0.6117646988491448,-1.9165198201977096,-1.5700321208922203,-1.5694726823579426,2.8475097568758656e-07,0.0,0.0,-4.026216580133024e-06,9.665767044308993e-06,-5.639916584199156e-06,1.49248065683949e-07,2.5850398643889605e-07
1071,0.00040636772966214953,0.0004013052487373735,6.394395071049132e-05,2.4451876319870753,1.864084213932768,1.777691036007678,2.402937682836457,-1.0,3.14,1.4810824907089897,-0.6117550779138169,-1.9165254339433384,-1.5700319723390845,-1.569472425057604,2.8342567315320366e-07,0.0,0.0,-4.007554148310888e-06,9.620935327858682e-06,-5.613745628796352e-06,1.485531357925396e-07,2.573003385908379e-07
1072,0.0004044889029625078,0.00039944984087403746,6.364822345231662e-05,2.445187893971969,1.8640823771143822,1.7776910366949947,2.4029379649430753,-1.0,3.14,1.4810785017299986,-0.6117455016002856,-1.9165310216406648,-1.5700318244776001,-1.5694721689552342,2.8210661850991414e-07,0.0,0.0,-3.988978991120717e-06,9.576313531267644e-06,-5.587697326392416e-06,1.478614843897219e-07,2.561023697555953e-07
1073,0.00040261881873540086,0.0003976030663955105,6.335388110600135e-05,2.4451881547376972,1.8640805488428647,1.7776910373791113,2.402938245736857,-1.0,3.14,1.481074531239305,-0.6117359696996322,-1.9165365834117551,-1.5700316773045042,-1.569471914045182,2.8079378155965173e-07,0.0,0.0,-3.970490693561146e-06,9.531900653447778e-06,-5.561771090345502e-06,1.471730959323736e-07,2.5491005217759266e-07
1074,0.00040075743578672725,0.00039576488462242094,6.306090433189497e-05,2.4451884142900053,1.864078729077944,1.7776910380600428,2.4029385252239885,-1.0,3.14,1.4810705791504626,-0.6117264820039341,-1.9165421193780934,-1.5700315308165496,-1.5694716603218233,2.7948713166026096e-07,0.0,0.0,-3.952088842407164e-06,9.487695698084941e-06,-5.535966338232612e-06,1.464879546553277e-07,2.5372335876738816e-07
1075,0.0003989047131208122,0.00039393525507178405,6.276929102666304e-05,2.445188672634612,1.8640769177795429,1.777691038737804,2.402938803410628,-1.0,3.14,1.4810666453774362,-0.6117170383062602,-1.9165476296605828,-1.570031385010505,-1.5694714077795613,2.7818663950185396e-07,0.0,0.0,-3.9337730264321635e-06,9.443697673860996e-06,-5.510282489407103e-06,1.458060445713727e-07,2.525422619914508e-07
1076,0.00039706060993981884,0.00039211413745536935,6.247903895834684e-05,2.4451889297772076,1.8640751149077772,1.7776910394124104,2.4029390803029034,-1.0,3.14,1.4810627298345997,-0.6117076384006658,-1.9165531143795493,-1.5700312398831546,-1.5694711564128263,2.768922753304537e-07,0.0,0.0,-3.915542836407937e-06,9.399905594453806e-06,-5.484718966553004e-06,1.451273503594308e-07,2.513667349823834e-07
1077,0.0003952250856425757,0.00039030149168042263,6.219013505259188e-05,2.4451891857234545,1.864073320422956,1.7776910400838768,2.4029393559069123,-1.0,3.14,1.4810588324367344,-0.6116982820821878,-1.9165585736547446,-1.5700310954312984,-1.5694709062160752,2.7560400894799386e-07,0.0,0.0,-3.897397865326724e-06,9.356318477982128e-06,-5.45927519524092e-06,1.444518562543351e-07,2.501967510948333e-07
1078,0.0003933980998234844,0.00038849727784633797,6.19025802503163e-05,2.445189440478988,1.8640715342855787,1.7776910407522177,2.4029396302287243,-1.0,3.14,1.4810549530990262,-0.6116889691468399,-1.9165640076053485,-1.5700309516517517,-1.569470657183792,2.7432181193276506e-07,0.0,0.0,-3.879337708179165e-06,9.312935347893792e-06,-5.433950603928039e-06,1.4377954671296322e-07,2.490322832393588e-07
1079,0.0003915796122738528,0.000386701456246573,6.161635740311344e-05,2.4451896940494176,1.8640697564563369,1.7776910414174483,2.402939903274379,-1.0,3.14,1.4810510917370647,-0.6116796993916076,-1.9165694163499725,-1.5700308085413448,-1.5694704093104874,2.730456545307902e-07,0.0,0.0,-3.861361961510212e-06,9.269755232299559e-06,-5.408744623958128e-06,1.4311040685832666e-07,2.478733045485626e-07
1080,0.00038976958297569565,0.00038491398736434666,6.133147067735173e-05,2.445189946440324,1.8640679868961099,1.7776910420795824,2.402940175049886,-1.0,3.14,1.4810472482668406,-0.6116704726144436,-1.9165748000066616,-1.570030666096924,-1.5694701625906986,2.717755074321815e-07,0.0,0.0,-3.843470224085266e-06,9.226777163973132e-06,-5.383656689117444e-06,1.4244442070321384e-07,2.467197888211814e-07
1081,0.00038796797210644,0.0003831348318743659,6.104790240631268e-05,2.4451901976572614,1.8640662255659666,1.7776910427386357,2.402940445561228,-1.0,3.14,1.4810434226047435,-0.611661288614263,-1.9165801586928977,-1.5700305243153507,-1.5694699170189887,2.705113417711402e-07,0.0,0.0,-3.825662097112215e-06,9.184000180573193e-06,-5.3586862360788245e-06,1.4178157337063624e-07,2.455717098559518e-07
1082,0.0003861747400332693,0.00038136395063968667,6.076566373982307e-05,2.445190447705758,1.8640644724271624,1.7776910433946218,2.4029407148143567,-1.0,3.14,1.4810396146675604,-0.6116521471909386,-1.9165854925256023,-1.570030383193501,-1.569469672589948,2.692531286818678e-07,0.0,0.0,-3.807937183131216e-06,9.14142332442136e-06,-5.333832704623731e-06,1.4112184976156072e-07,2.4442904078547656e-07
1083,0.0003843898473174483,0.00037960130471453884,6.048473657995431e-05,2.445190696591314,1.864062727441142,1.7776910440475555,2.4029409828151964,-1.0,3.14,1.4810358243724737,-0.611643048145296,-1.9165908016211395,-1.5700302427282662,-1.5694694292981919,2.6800083974265476e-07,0.0,0.0,-3.7902950866808283e-06,9.099045642613213e-06,-5.309095537198161e-06,1.4046523477695416e-07,2.4329175607462616e-07
1084,0.00038261325470739246,0.00037784685533741866,6.020511715702458e-05,2.445190944319405,1.8640609905695327,1.7776910446974514,2.4029412495696425,-1.0,3.14,1.481032051637059,-0.611633991279109,-1.916596086095318,-1.5700301029165529,-1.5694691871383626,2.667544460877025e-07,0.0,0.0,-3.772735414742101e-06,9.056866187018286e-06,-5.284474178468557e-06,1.3981171331778341e-07,2.421598293000926e-07
1085,0.00038084492314196345,0.00037610056393630096,5.9926790429424206e-05,2.445191190895478,1.8640592617741487,1.7776910453443235,2.402941515083562,-1.0,3.14,1.4810282963792833,-0.611624976395095,-1.9166013460633948,-1.5700299637552826,-1.5694689461051277,2.6551391929530155e-07,0.0,0.0,-3.755257775628351e-06,9.014884013947011e-06,-5.25996807687612e-06,1.3916127028501535e-07,2.4103323492674633e-07
1086,0.00037908481374665043,0.00037436239212279907,5.9649763324945784e-05,2.445191436324956,1.8640575410169868,1.777691045988186,2.402941779362793,-1.0,3.14,1.4810245585175037,-0.6116160032969105,-1.9166065816400775,-1.5700298252413913,-1.5694687061931805,2.642792313878317e-07,0.0,0.0,-3.737861779651297e-06,8.973098184594797e-06,-5.23557668263841e-06,1.3851389124575064e-07,2.3991194719741316e-07
1087,0.000377332887837389,0.0003726323016952722,5.937402785660019e-05,2.4451916806132337,1.8640558282602282,1.7776910466290536,2.402942042413147,-1.0,3.14,1.481020837970464,-0.611607071789146,-1.9166117929395265,-1.5700296873718305,-1.56946846739724,2.6305035394358356e-07,0.0,0.0,-3.720547039787192e-06,8.931507764486923e-06,-5.211299449081608e-06,1.3786956087891156e-07,2.387959403549189e-07
1088,0.00037558910691295886,0.00037091025463474483,5.909957204617735e-05,2.4451919237656803,1.864054123466235,1.7776910472669398,2.4029423042404057,-1.0,3.14,1.4810171346572942,-0.6115981816773218,-1.9166169800753585,-1.5700295501435655,-1.5694682297120512,2.6182725854084765e-07,0.0,0.0,-3.703313169678424e-06,8.890111824144675e-06,-5.187135831974388e-06,1.3722826497364338e-07,2.3768518886413403e-07
1089,0.00037385343265807343,0.0003691962131052202,5.882639493161983e-05,2.4451921657876414,1.8640524265975504,1.777691047901859,2.402942564850324,-1.0,3.14,1.4810134484975082,-0.6115893327678835,-1.9166221431606487,-1.5700294135535768,-1.5694679931323836,2.606099185342714e-07,0.0,0.0,-3.6861597860760043e-06,8.848909438308183e-06,-5.163085290194047e-06,1.3658998865295757e-07,2.3657966763401816e-07
1090,0.00037212582694289015,0.00036749013945258093,5.8554487864899475e-05,2.4451924066844355,1.8640507376168982,1.7776910485338246,2.4029428242486297,-1.0,3.14,1.4810097794110018,-0.6115805248681973,-1.916627282307934,-1.5700292775988594,-1.5694677576530323,2.593983055021454e-07,0.0,0.0,-3.669086506397079e-06,8.807899686269494e-06,-5.139147285282419e-06,1.3595471748395482e-07,2.3547935135148634e-07
1091,0.0003704062518216136,0.00036579199620571847,5.8283838143492914e-05,2.445192646461352,1.8640490564871823,1.7776910491628515,2.4029430824410216,-1.0,3.14,1.4810061273180504,-0.611571757786545,-1.9166323976292148,-1.5700291422764223,-1.5694675232688173,2.5819239191093857e-07,0.0,0.0,-3.652092951389463e-06,8.767081652205633e-06,-5.115321280779739e-06,1.353224370337358e-07,2.343842149254982e-07
1092,0.00036869466952893563,0.00036410174607135506,5.8014459537345965e-05,2.445192885123662,1.8640473831714839,1.7776910497889529,2.4029433394331723,-1.0,3.14,1.4810024921393083,-0.6115630313321208,-1.9166374892359583,-1.5700290075832897,-1.569467289974584,2.569921506712092e-07,0.0,0.0,-3.6351787420230153e-06,8.72645442429043e-06,-5.091606743556909e-06,1.346931326473566e-07,2.3329423326501342e-07
1093,0.00036699104248168256,0.000362419351936238,5.774632369311964e-05,2.445193122676605,1.8640457176330614,1.7776910504121426,2.402943595230726,-1.0,3.14,1.4809988737958062,-0.6115543453150251,-1.9166425572391013,-1.5700288735164996,-1.5694670577652023,2.55797553805337e-07,0.0,0.0,-3.6183435021541754e-06,8.686017095693721e-06,-5.068003142927324e-06,1.340667901139625e-07,2.322093817230808e-07
1094,0.0003652953332779575,0.00036074477686594904,5.747943641381534e-05,2.4451933591253985,1.8640440598353507,1.7776910510324346,2.4029438498393008,-1.0,3.14,1.4809952722089486,-0.6115456995462615,-1.9166476017490517,-1.5700287400731043,-1.569466826635567,2.546085746679694e-07,0.0,0.0,-3.601586857637784e-06,8.64576876358214e-06,-5.044509950424825e-06,1.3344339522269877e-07,2.3112963543070464e-07
1095,0.00036360750469651294,0.0003590779841042121,5.721379188633592e-05,2.4451935944752323,1.864042409741964,1.777691051649842,2.402944103264487,-1.0,3.14,1.4809916873005133,-0.6115370938377318,-1.9166526228756926,-1.5700286072501708,-1.5694665965805967,2.534251861696646e-07,0.0,0.0,-3.5849084352168603e-06,8.605708529674239e-06,-5.02112664091392e-06,1.328229335406661e-07,2.3005497018502297e-07
1096,0.00036192751969187927,0.00035741893706922037,5.6949384107509335e-05,2.4451938287312753,1.864040767316686,1.777691052264379,2.402944355511848,-1.0,3.14,1.4809881189926488,-0.6115285280022313,-1.9166576207283834,-1.5700284750447795,-1.5694663675952358,2.522473612209808e-07,0.0,0.0,-3.568307864521003e-06,8.565835500462526e-06,-4.997852690813431e-06,1.3220539130109898e-07,2.2898536089499544e-07
1097,0.00036025534140034205,0.0003557675993575603,5.668620296386417e-05,2.4451940618986674,1.8640391325234786,1.7776910528760586,2.4029446065869218,-1.0,3.14,1.480984567207873,-0.6115200018534452,-1.9166625954159642,-1.5700283434540252,-1.569466139674452,2.510750736206546e-07,0.0,0.0,-3.5517847758459453e-06,8.52614878610325e-06,-4.974687580761028e-06,1.315907542931427e-07,2.2792078380184932e-07
1098,0.00035859093313318687,0.00035412393473852933,5.64242420080677e-05,2.445194293982527,1.8640375053264742,1.7776910534848944,2.402944856495218,-1.0,3.14,1.4809810318690704,-0.6115115152059433,-1.916667547046756,-1.570028212475017,-1.5694659128132376,2.4990829627924427e-07,0.0,0.0,-3.535338802596044e-06,8.486647501970701e-06,-4.951630791838468e-06,1.3097900830594256e-07,2.2686121448067809e-07
1099,0.0003569342583778304,0.00035248790715683475,5.616350645330799e-05,2.445194524987945,1.8640358856899786,1.7776910540908997,2.4029451052422206,-1.0,3.14,1.4809775128994913,-0.6115030678751763,-1.9166724757285654,-1.5700280821048769,-1.5694656870066088,2.4874700255139714e-07,0.0,0.0,-3.5189695790638353e-06,8.44733076699189e-06,-4.928681809346358e-06,1.3037014001682223e-07,2.2580662872861978e-07
1100,0.00035528528079803294,0.00035085948072976917,5.590397769832517e-05,2.4451947549199913,1.8640342735784692,1.777691054694088,2.4029453528333873,-1.0,3.14,1.4809740102227498,-0.6114946596774714,-1.916677381568686,-1.570027952340742,-1.5694654622496063,2.475911666799391e-07,0.0,0.0,-3.502676741540256e-06,8.408197704867781e-06,-4.905840120583704e-06,1.2976413477083781e-07,2.247570025648571e-07
1101,0.0003536439642303077,0.0003492386197465185,5.5645656667168165e-05,2.445194983783708,1.864032668956593,1.7776910552944725,2.4029455992741493,-1.0,3.14,1.480970523762822,-0.6114862904300279,-1.9166822646739008,-1.5700278231797624,-1.569465238537294,2.464407620195175e-07,0.0,0.0,-3.4864599278705555e-06,8.36924744351819e-06,-4.883105214847916e-06,1.291609796894022e-07,2.2371231223061727e-07
1102,0.000352010272687867,0.0003476252886690102,5.538853219559849e-05,2.4451952115841147,1.864031071789168,1.7776910558920664,2.402945844569912,-1.0,3.14,1.4809670534440438,-0.6114779599509129,-1.9166871251504858,-1.570027694619102,-1.5694650158647598,2.4529576281295817e-07,0.0,0.0,-3.4703187781204292e-06,8.330479114970757e-06,-4.860476584989115e-06,1.285606603396161e-07,2.226725341891722e-07
1103,0.00035038417035322396,0.0003460194521281769,5.513261297003702e-05,2.445195438326207,1.8640294820411798,1.7776910564868824,2.402946088726055,-1.0,3.14,1.4809635991911099,-0.6114696680590571,-1.9166919631042112,-1.5700275666559387,-1.5694647942271156,2.441561428589978e-07,0.0,0.0,-3.454252933909885e-06,8.291891855805034e-06,-4.837953725411737e-06,1.279631633988032e-07,2.2163764423765997e-07
1104,0.0003487656215821411,0.00034442107492502314,5.4877875390647045e-05,2.4451956640149564,1.8640278996777824,1.7776910570789346,2.4029463317479314,-1.0,3.14,1.4809601609290712,-0.6114614145742506,-1.9166967786403446,-1.5700274392874634,-1.569464573619496,2.4302187640046213e-07,0.0,0.0,-3.438262038635287e-06,8.253484806486355e-06,-4.815536133406795e-06,1.273684753222426e-07,2.2060761950548624e-07
1105,0.00034715459090209864,0.0003428301220299671,5.462432379423737e-05,2.4451958886553102,1.8640263246642972,1.7776910576682348,2.402946573640869,-1.0,3.14,1.480956738583334,-0.6114531993171387,-1.9167015718636535,-1.5700273125108808,-1.5694643540370596,2.4189293768017706e-07,0.0,0.0,-3.422345737247312e-06,8.215257111920948e-06,-4.793223308929839e-06,1.267765825652134e-07,2.195824364559229e-07
1106,0.0003455510430096572,0.00034124655858133203,5.43719461858625e-05,2.4451961122521926,1.864024756966212,1.777691058254797,2.4029468144101704,-1.0,3.14,1.4809533320796573,-0.6114450221092176,-1.916706342878407,-1.5700271863234092,-1.5694641354749879,2.407693013850576e-07,0.0,0.0,-3.4065036766950385e-06,8.177207921122864e-06,-4.771014753490732e-06,1.261874715829947e-07,2.1856207177428644e-07
1107,0.0003439549427712653,0.0003396703498842794,5.412074668096952e-05,2.4451963348105026,1.8640231965491798,1.777691058838633,2.402947054061112,-1.0,3.14,1.480949941344152,-0.6114368827728304,-1.9167110917883796,-1.57002706072228,-1.5694639179284857,2.3965094175792956e-07,0.0,0.0,-3.390735505259812e-06,8.13933638721398e-06,-4.748909972596138e-06,1.2560112927495481e-07,2.1754650214589333e-07
1108,0.00034236625522032684,0.00033810146140992957,5.3870712907434676e-05,2.4451965563351177,1.8640216433790178,1.7776910594197566,2.4029472925989457,-1.0,3.14,1.4809465663032786,-0.6114287811311628,-1.9167158186968523,-1.5700269357047378,-1.5694637013927812,2.38537833485708e-07,0.0,0.0,-3.3750408734434245e-06,8.10164166753502e-06,-4.7269084726409005e-06,1.2501754209637284e-07,2.1653570447810466e-07
1109,0.0003407849455616484,0.0003365398587963981,5.362184046767699e-05,2.445196776830891,1.8640200974217085,1.7776910599981797,2.4029475300288974,-1.0,3.14,1.4809432068838455,-0.6114207170082393,-1.9167205237066156,-1.570026811268041,-1.569463485863125,2.3742995169939718e-07,0.0,0.0,-3.3594194330799354e-06,8.064122923534534e-06,-4.705009763350532e-06,1.2443669694661708e-07,2.1552965634441534e-07
1110,0.0003392109791618076,0.0003349855078439908,5.3374124806097546e-05,2.445196996302652,1.864018558643395,1.7776910605739153,2.4029477663561685,-1.0,3.14,1.4809398630130077,-0.6114126902289186,-1.916725206919972,-1.5700266874094604,-1.5694632713347902,2.3632727108591212e-07,0.0,0.0,-3.343870837779761e-06,8.026779320657873e-06,-4.683213356448945e-06,1.2385858050301124e-07,2.1452833465218646e-07
1111,0.00033764432155704576,0.00033343837451991457,5.312756120637219e-05,2.445197214755209,1.864017027010386,1.7776910611469763,2.4029480015859357,-1.0,3.14,1.4809365346182646,-0.61140470061889,-1.916729868438738,-1.5700265641262803,-1.5694630578030737,2.3522976722034628e-07,0.0,0.0,-3.328394743151719e-06,7.98961002868026e-06,-4.661518765880501e-06,1.2328318010901285e-07,2.135317165308237e-07
1112,0.0003360849384470851,0.0003318984249519021,5.2882136391000354e-05,2.445197432193344,1.8640155024891483,1.7776910617173753,2.40294823572335,-1.0,3.14,1.4809332216274587,-0.6113967480046689,-1.916734508364247,-1.5700264414157983,-1.569462845263294,2.3413741434552549e-07,0.0,0.0,-3.3129908059148505e-06,7.952614221040655e-06,-4.639925509142273e-06,1.227104819978564e-07,2.1253977977586658e-07
1113,0.00033453279569655423,0.00033036562543116465,5.2637862070436416e-05,2.4451976486218183,1.864013985046311,1.7776910622851243,2.4029484687735385,-1.0,3.14,1.4809299239687739,-0.6113888322135934,-1.9167391267973515,-1.5700263192753243,-1.5694626337107922,2.3305018848063241e-07,0.0,0.0,-3.2976586847865974e-06,7.915791075507883e-06,-4.618433104397468e-06,1.221404739570886e-07,2.1155250173876539e-07
1114,0.00033298785933395775,0.00032883994241063313,5.239470771905576e-05,2.4451978640453715,1.864012474648664,1.7776910628502363,2.4029487007416037,-1.0,3.14,1.4809266415707336,-0.6113809530738196,-1.9167437238384248,-1.5700261977021817,-1.5694624231409322,2.3196806520076052e-07,0.0,0.0,-3.282398040260759e-06,7.879139773847577e-06,-4.597041073362007e-06,1.2157314266403318e-07,2.1056985999301503e-07
1115,0.0003314500955479306,0.0003273213425019741,5.215269325952928e-05,2.445198078468717,1.8640109712631527,1.777691063412723,2.402948931632623,-1.0,3.14,1.4809233743621997,-0.6113731104143177,-1.9167482995873646,-1.5700260766937064,-1.5694622135490999,2.3089101919282484e-07,0.0,0.0,-3.267208533941357e-06,7.842659501822169e-06,-4.575748939750213e-06,1.2100847524010305e-07,2.0959183233415501e-07
1116,0.0003299194706933658,0.0003258097924798617,5.191180469309099e-05,2.445198291896548,1.8640094748568854,1.7776910639725971,2.40294916145165,-1.0,3.14,1.4809201222723698,-0.6113653040648689,-1.9167528541435939,-1.5700259562472474,-1.569462004930703,2.2981902692009726e-07,0.0,0.0,-3.2520898298749046e-06,7.80634944885783e-06,-4.554556229274809e-06,1.2044645902875573e-07,2.0861839677976945e-07
1117,0.0003283959512818264,0.0003243052592744406,5.16720319829135e-05,2.445198504333536,1.8640079853971236,1.7776910645298711,2.4029493902037142,-1.0,3.14,1.4809168852307766,-0.6113575338560601,-1.9167573876060644,-1.570025836360166,-1.569461797281172,2.2875206440176044e-07,0.0,0.0,-3.2370415932181373e-06,7.770208808821621e-06,-4.533462470535099e-06,1.1988708137344872e-07,2.0764953112539786e-07
1118,0.00032687950398784546,0.00032280770997697813,5.143336914907805e-05,2.4451987157843273,1.8640065028512884,1.7776910650845568,2.4029496178938206,-1.0,3.14,1.480913663167286,-0.6113497996192809,-1.9167619000732585,-1.5700257170298362,-1.5694615905959581,2.2769010632472941e-07,0.0,0.0,-3.2220634906821033e-06,7.734236779133319e-06,-4.512467194128789e-06,1.1933032983968417e-07,2.0668521383271354e-07
1119,0.0003253700956444991,0.00032131711183440046,5.119581870204134e-05,2.4451989262535485,1.864005027186955,1.777691065636667,2.4029498445269506,-1.0,3.14,1.480910456012095,-0.6113421011867196,-1.9167663916431914,-1.5700255982536448,-1.5694613848705354,2.266331300404545e-07,0.0,0.0,-3.207155190976252e-06,7.698432561320523e-06,-4.491569932874029e-06,1.1877619132683037e-07,2.0572542269725602e-07
1120,0.0003238676932433611,0.0003198334322513348,5.095936569718679e-05,2.4451991357458045,1.864003558371855,1.7776910661862129,2.402950070108062,-1.0,3.14,1.4809072636957308,-0.6113344383913588,-1.9167708624134137,-1.5700254800289914,-1.5694611801003995,2.2558111156811833e-07,0.0,0.0,-3.1923163641423002e-06,7.662795360796615e-06,-4.470770222253506e-06,1.1822465340038946e-07,2.04770135958654e-07
1121,0.0003223722639345042,0.00031835663878712394,5.0724021104385225e-05,2.4451993442656743,1.8640020963738726,1.777691066733207,2.402950294642088,-1.0,3.14,1.480904086149049,-0.6113268110669722,-1.9167753124810132,-1.5700253623532874,-1.569460976281067,2.245340260387252e-07,0.0,0.0,-3.1775466817762776e-06,7.627324386638712e-06,-4.450067599526264e-06,1.1767570406995276e-07,2.0381933252267004e-07
1122,0.0003208837750240107,0.0003168866991578698,5.048976084301541e-05,2.4451995518177196,1.8640006411610477,1.7776910672776616,2.4029505181339395,-1.0,3.14,1.4809009233032313,-0.6113192190481203,-1.9167797419426174,-1.570025245223957,-1.5694607734080765,2.2349185124781457e-07,0.0,0.0,-3.1628458176946594e-06,7.592018851920734e-06,-4.429461604171792e-06,1.1712933045693319e-07,2.0287299040688822e-07
1123,0.00031940219397592,0.0003154235812333855,5.025659123977192e-05,2.445199758406477,1.863999192701572,1.7776910678195883,2.402950740588502,-1.0,3.14,1.4808977750897854,-0.6113116621701465,-1.9167841508943961,-1.5700251286384366,-1.5694605714769878,2.2245456277047992e-07,0.0,0.0,-3.1482134459359656e-06,7.556877973713405e-06,-4.408951778778203e-06,1.1658552034887748e-07,2.019310887391157e-07
1124,0.0003179274884080773,0.00031396725303550136,5.0024505352096636e-05,2.445199964036463,1.863997750963788,1.7776910683589986,2.4029509620106397,-1.0,3.14,1.4808946414405417,-0.6113041402691738,-1.9167885394320634,-1.5700250125941748,-1.569460370483382,2.2142213751408235e-07,0.0,0.0,-3.1336492436473407e-06,7.521900972751183e-06,-4.388537667265879e-06,1.1604426175537697e-07,2.0099360575898118e-07
1125,0.00031645962609465106,0.00031251768274167467,4.979349157762395e-05,2.4452001687121725,1.863996315916192,1.7776910688959053,2.402951182405192,-1.0,3.14,1.4808915222876533,-0.6112966531821005,-1.9167929076508794,-1.5700248970886328,-1.5694601704228615,2.2039455238598293e-07,0.0,0.0,-3.119152888420018e-06,7.487087073321241e-06,-4.368218815997693e-06,1.1550554201988916e-07,2.000605205942918e-07
1126,0.00031499857496242065,0.00031107483867886724,4.9563555947591e-05,2.4452003724380775,1.8639948875274286,1.7776910694303187,2.402951401776976,-1.0,3.14,1.480888417563593,-0.6112892007465967,-1.9167972556456534,-1.5700247821192834,-1.569459971291049,2.1937178384945355e-07,0.0,0.0,-3.1047240602877224e-06,7.4524355038185774e-06,-4.347994774001052e-06,1.1496934937405001e-07,1.991318123728547e-07
1127,0.00031354430309246933,0.0003096386893275329,4.933468203135297e-05,2.4452005752186303,1.863993465766294,1.7776910699622515,2.4029516201307857,-1.0,3.14,1.4808853272011528,-0.6112817828011001,-1.9168015835107448,-1.5700246676836118,-1.5694597730835893,2.183538097000337e-07,0.0,0.0,-3.090362440172356e-06,7.41794549652397e-06,-4.327865091413585e-06,1.1443567160540624e-07,1.9820745977838783e-07
1128,0.0003120967787174269,0.00030820920331687656,4.9106875630675566e-05,2.445200777058262,1.863992050601732,1.7776910704917148,2.402951837471392,-1.0,3.14,1.480882251133442,-0.6112743991848133,-1.916805891340067,-1.5700245537791155,-1.5694595757961471,2.1734060640099528e-07,0.0,0.0,-3.076067710772179e-06,7.383616286826822e-06,-4.307829322147683e-06,1.1390449627945998e-07,1.972874421607429e-07
1129,0.00031065597022332975,0.00030678634942755365,4.888012895788779e-05,2.445200977961382,1.8639906420028363,1.7776910710187208,2.4029520538035434,-1.0,3.14,1.4808791892938855,-0.6112670497376989,-1.9168101792270877,-1.5700244404033035,-1.5694593794244085,2.1633215130378858e-07,0.0,0.0,-3.0618395565618073e-06,7.349447114446406e-06,-4.2878870207818665e-06,1.1337581207193637e-07,1.9637173864772706e-07
1130,0.00030922184614372067,0.00030537009658674057,4.8654429446852494e-05,2.445201177932377,1.8639892399388451,1.7776910715432808,2.4029522691319647,-1.0,3.14,1.4808761416162226,-0.6112597343004762,-1.9168144472648327,-1.5700243275536967,-1.5694591839640797,2.1532842131577468e-07,0.0,0.0,-3.047677662904036e-06,7.315437222654708e-06,-4.268037745003284e-06,1.1284960677038214e-07,1.9546032881123665e-07
1131,0.0003077943751667869,0.0003039604138735995,4.842977798334436e-05,2.4452013769756156,1.863987844379148,1.7776910720654062,2.4029524834613594,-1.0,3.14,1.4808731080345052,-0.6112524527146181,-1.9168186955458872,-1.5700242152278283,-1.5694589894108877,2.143293946765823e-07,0.0,0.0,-3.0335817173821056e-06,7.281585858054385e-06,-4.2482810544974825e-06,1.1232586838438863e-07,1.9455319200112342e-07
1132,0.0003063735261266084,0.0003025572705109237,4.820616618904187e-05,2.4452015750954432,1.863986455293276,1.7776910725851085,2.4029526967964077,-1.0,3.14,1.4808700884830968,-0.6112452048223468,-1.916822924162398,-1.570024103423243,-1.56945879576058,2.1333504829357253e-07,0.0,0.0,-3.0195514084674357e-06,7.247892271355916e-06,-4.2286165107263685e-06,1.1180458536763638e-07,1.9365030778928372e-07
1133,0.00030495926800857165,0.0003011606358725188,4.7983599344034395e-05,2.445201772296186,1.8639850726509097,1.7776910731023987,2.4029529091417676,-1.0,3.14,1.48086708289667,-0.6112379904666301,-1.9168271332060756,-1.5700239921374972,-1.5694586030089241,2.1234535996228487e-07,0.0,0.0,-3.0055864268518917e-06,7.2143557167114736e-06,-4.209043677594337e-06,1.1128574572971672e-07,1.9275165574761388e-07
1134,0.00030355156994406286,0.0002997704794747231,4.77620641625825e-05,2.4452019685821496,1.8639836964218714,1.7776910736172882,2.4029531205020755,-1.0,3.14,1.4808640912102058,-0.6112308094911783,-1.9168313227681966,-1.570023881368159,-1.5694584111517083,2.1136030792234806e-07,0.0,0.0,-2.991686464115517e-06,7.180975451825944e-06,-4.189562121004187e-06,1.1076933814635481e-07,1.9185721589209948e-07
1135,0.00030215040121286724,0.00029838677098114924,4.7541551714105416e-05,2.4452021639576174,1.8639823265761286,1.7776910741297884,2.4029533308819446,-1.0,3.14,1.480861113358992,-0.6112236617404401,-1.9168354929396056,-1.5700237711128084,-1.5694582201847402,2.1037986908112316e-07,0.0,0.0,-2.9778512138367574e-06,7.147750738178971e-06,-4.17017140907916e-06,1.1025535062714198e-07,1.9096696801668145e-07
1136,0.0003007557312418618,0.00029700948020017275,4.732206691146671e-05,2.4452023584268536,1.8639809630837922,1.7776910746399108,2.4029535402859667,-1.0,3.14,1.4808581492786215,-0.6112165470595994,-1.9168396438107178,-1.5700236613690366,-1.569458030103848,2.0940402212232812e-07,0.0,0.0,-2.964080370482236e-06,7.114680840691889e-06,-4.150871112162946e-06,1.0974377184780337e-07,1.9008089213734536e-07
1137,0.0002993675296009271,0.00029563857708295334,4.710359583620451e-05,2.445202551994103,1.8639796059151148,1.7776910751476667,2.402953748718712,-1.0,3.14,1.4808551989049912,-0.6112094652945714,-1.9168437754715197,-1.5700235521344463,-1.56945784090488,2.0843274528559164e-07,0.0,0.0,-2.9503736302949335e-06,7.081765027949771e-06,-4.131660801931503e-06,1.0923459026201954e-07,1.8919896804803216e-07
1138,0.00029798576601003553,0.00029427403172635534,4.6886143187385876e-05,2.445202744663587,1.8639782550404926,1.777691075653066,2.402953956184728,-1.0,3.14,1.4808522621743,-0.6112024162919995,-1.9168478880115734,-1.570023443406652,-1.5694576525837038,2.0746601592236402e-07,0.0,0.0,-2.9367306910721425e-06,7.049002571979379e-06,-4.1125400536135e-06,1.0872779432347102e-07,1.883211762088166e-07
1139,0.00029661041032765553,0.00029291581436647837,4.666969465403339e-05,2.445202936439509,1.8639769104304602,1.777691076156121,2.402954162688541,-1.0,3.14,1.4808493390230477,-0.6111953998992509,-1.9168519815200162,-1.5700233351832793,-1.5694574651362072,2.065038131604524e-07,0.0,0.0,-2.9231512523875125e-06,7.016392748582234e-06,-4.093508442881699e-06,1.0822337270788296e-07,1.8744749663568427e-07
1140,0.00029524143256052723,0.0002915638953838405,4.6454254712136616e-05,2.445203127326055,1.8639755720556952,1.7776910766568421,2.402954368234657,-1.0,3.14,1.4808464293880337,-0.6111884159644142,-1.916856056085565,-1.5700232274619652,-1.5694572785582972,2.0554611568357473e-07,0.0,0.0,-2.9096350140367377e-06,6.983934836668482e-06,-4.074565548739528e-06,1.0772131409098051e-07,1.8657791001075452e-07
1141,0.0002938788028561443,0.0002902182452987909,4.623980864721276e-05,2.4452033173273855,1.8639742398870132,1.7776910771552399,2.4029545728275576,-1.0,3.14,1.480843533206355,-0.6111814643362953,-1.9168601117965163,-1.570023120240358,-1.5694570928459008,2.0459290084318127e-07,0.0,0.0,-2.896181678702092e-06,6.9516281189230256e-06,-4.0557109513006395e-06,1.0722160714848883e-07,1.857123963500129e-07
1142,0.00029252249150556826,0.00028887883477414944,4.602636552698741e-05,2.4452035064476454,1.8639729138953711,1.7776910776513262,2.4029547764717054,-1.0,3.14,1.4808406504154048,-0.6111745448644137,-1.9168641487407494,-1.5700230135161173,-1.569456907994964,2.0364414776707918e-07,0.0,0.0,-2.882790950176073e-06,6.919471881583483e-06,-4.036944233121176e-06,1.0672424077817766e-07,1.8485093677966802e-07
1143,0.0002911724689397559,0.0002875456346093967,4.581390544272127e-05,2.4452036946909574,1.863971594051861,1.7776910781451112,2.402954979171541,-1.0,3.14,1.480837780952872,-0.6111676573989996,-1.9168681670057286,-1.5700229072869136,-1.5694567240014525,2.0269983558307558e-07,0.0,0.0,-2.869462532695266e-06,6.887465414107119e-06,-4.0182649791997704e-06,1.0622920365577215e-07,1.8399351153775e-07
1144,0.0002898287057319054,0.0002862186157455106,4.5602432395922495e-05,2.4452038820614264,1.8639702803277154,1.7776910786366051,2.402955180931484,-1.0,3.14,1.4808349247567392,-0.6111608017909901,-1.9168721666785045,-1.570022801550429,-1.5694565408613508,2.0175994297488842e-07,0.0,0.0,-2.8561961329387486e-06,6.855608009503911e-06,-3.9996727758673245e-06,1.0573648467904206e-07,1.8314010175046747e-07
1145,0.000288491172594667,0.0002848977492612277,4.5391940615017116e-05,2.4452040685631355,1.8639689726943025,1.7776910791258203,2.4029553817559326,-1.0,3.14,1.48083208176528,-0.6111539778920259,-1.916876147845716,-1.570022696304356,-1.5694563585706631,2.008244486262356e-07,0.0,0.0,-2.8429914591399097e-06,6.823898964225528e-06,-3.9811672114531405e-06,1.0524607296780175e-07,1.8229068765585055e-07
1146,0.00028715984038037715,0.0002835830063729203,4.518242907109633e-05,2.445204254200151,1.8639676711231274,1.777691079612766,2.4029555816492647,-1.0,3.14,1.4808292519170603,-0.6111471855544478,-1.9168801105935929,-1.5700225915463988,-1.5694561771254123,1.998933321090135e-07,0.0,0.0,-2.829848219754183e-06,6.792337578054308e-06,-3.962747876951056e-06,1.0475795719777636e-07,1.8144525082419705e-07
1147,0.00028583468007976887,0.000282274358433527,4.497388184037098e-05,2.44520443897652,1.8639663755858304,1.7776910800974535,2.402955780615837,-1.0,3.14,1.4808264351509346,-0.6111404246312935,-1.9168840550079578,-1.570022487274272,-1.5694559965216404,1.9896657210694002e-07,0.0,0.0,-2.816766125679493e-06,6.7609231543253046e-06,-3.944414364909221e-06,1.0427212671082486e-07,1.8060377193762633e-07
1148,0.0002845156628237165,0.0002809717769336198,4.4766307439736746e-05,2.4452046228962656,1.8639650860541874,1.777691080579893,2.402955978659984,-1.0,3.14,1.4808236314060454,-0.611133694976294,-1.9168879811742277,-1.5700223834857017,-1.5694558167554082,1.980441473037331e-07,0.0,0.0,-2.8037448891460315e-06,6.729654999482193e-06,-3.926166269874187e-06,1.03788570404717e-07,1.79766232122347e-07
1149,0.0002832027598767642,0.0002796752334982659,4.455969454911843e-05,2.4452048059633977,1.8639638025001082,1.7776910810600952,2.4029561757860227,-1.0,3.14,1.480820840621822,-0.6111269964438704,-1.916891889177416,-1.5700222801784238,-1.5694556378227955,1.971260386035567e-07,0.0,0.0,-2.7907842234942137e-06,6.698532423632386e-06,-3.908003188390907e-06,1.0330727784335636e-07,1.789326127266122e-07
1150,0.0002818959426438019,0.00027838469988818767,4.435404158686258e-05,2.4452049881819025,1.8639625248956362,1.7776910815380709,2.4029563719982465,-1.0,3.14,1.4808180627379788,-0.6111203288891304,-1.9168957791021348,-1.5700221773501861,-1.5694554597199002,1.9621222380195036e-07,0.0,0.0,-2.7778838431746777e-06,6.667554739991921e-06,-3.889924718780691e-06,1.0282823770246807e-07,1.7810289532071977e-07
1151,0.0002805951826642162,0.0002771001479983515,4.4149336820366615e-05,2.445205169555751,1.8639612532129484,1.7776910820138299,2.4029565673009303,-1.0,3.14,1.4808152976945141,-0.6111136921678653,-1.9168996510325966,-1.5700220749987466,-1.5694552824428396,1.9530268380307803e-07,0.0,0.0,-2.765043464636463e-06,6.636721265107504e-06,-3.871930461807338e-06,1.0235143954595571e-07,1.7727706058678905e-07
1152,0.00027930045161316935,0.0002758215498580909,4.394557834197014e-05,2.4452053500888917,1.8639599874243542,1.777691082487383,2.4029567616983276,-1.0,3.14,1.4808125454317085,-0.6111070861365462,-1.916903505052616,-1.570021973121874,-1.5694551059877488,1.9439739729065764e-07,0.0,0.0,-2.7522628056608767e-06,6.6060313190785536e-06,-3.854020019344873e-06,1.0187687249363364e-07,1.7645509076125165e-07
1153,0.0002780117212990416,0.0002745488776275923,4.3742774299261036e-05,2.445205529785258,1.863958727502293,1.77769108295874,2.4029569551946723,-1.0,3.14,1.4808098058901242,-0.6111005106523212,-1.9169073412456124,-1.5700218717173478,-1.5694549303507819,1.9349634472476396e-07,0.0,0.0,-2.7395415842512705e-06,6.575484225002093e-06,-3.836192996375942e-06,1.0140452633145003e-07,1.7563696697031617e-07
1154,0.0002767289636668137,0.00027328210360200584,4.354090743083437e-05,2.4452057086487606,1.8639574734193376,1.777691083427912,2.4029571477941776,-1.0,3.14,1.4808070790106027,-0.6110939655730118,-1.9169111596946107,-1.5700217707829578,-1.5694547555281106,1.9259950523320413e-07,0.0,0.0,-2.7268795215196207e-06,6.545079309416835e-06,-3.818448998327284e-06,1.0093438995717463e-07,1.7482267122836959e-07
1155,0.00027545215079351887,0.0002720212002073344,4.3339975462104164e-05,2.445205886683295,1.8639562251481903,1.7776910838949087,2.402957339501037,-1.0,3.14,1.4808043647342641,-0.6110874507571099,-1.9169149604822446,-1.5700216703165044,-1.5694545815159255,1.917068592760529e-07,0.0,0.0,-2.7142763385779034e-06,6.5148159018590945e-06,-3.800787633956304e-06,1.0046645337880022e-07,1.740121851057097e-07
1156,0.0002741812548888525,0.00027076614000021214,4.313997086815383e-05,2.4452060638927366,1.8639549826616828,1.7776910843597404,2.402957530319424,-1.0,3.14,1.4808016630025054,-0.6110809660637744,-1.9169187436907575,-1.570021570315799,-1.5694544083104354,1.9081838731338507e-07,0.0,0.0,-2.701731758758541e-06,6.484693335528924e-06,-3.783208512908587e-06,1.0000070549409656e-07,1.7320549017263431e-07
1157,0.00027291624829508447,0.00026951689566828154,4.2940901436269195e-05,2.4452062402809434,1.8639537459327766,1.7776910848224174,2.402957720253493,-1.0,3.14,1.4807989737569995,-0.6110745113528279,-1.916922509402005,-1.5700214707786624,-1.5694542359078665,1.8993406891709697e-07,0.0,0.0,-2.689245505838045e-06,6.454710946512954e-06,-3.7657112474942522e-06,9.953713653310103e-08,1.7240256888761962e-07
1158,0.0002716571034855834,0.0002682734400286864,4.2742749063241175e-05,2.445206415851752,1.863952514934561,1.7776910852829493,2.402957909307377,-1.0,3.14,1.480796296939694,-0.6110680864847535,-1.9169262576974562,-1.5700213717029268,-1.5694540643044632,1.8905388410317414e-07,0.0,0.0,-2.676817305591328e-06,6.424868074339507e-06,-3.748295451133643e-06,9.907573561562799e-08,1.7160340326505263e-07
1159,0.00027040379306466993,0.0002670357460279465,4.2545516124477744e-05,2.445206590608986,1.8639512896402541,1.7776910857413468,2.402958097485191,-1.0,3.14,1.4807936324928088,-0.6110616913206922,-1.9169299886581956,-1.570021273086434,-1.5694538934964881,1.8817781377578058e-07,0.0,0.0,-2.664446885125571e-06,6.395164061312464e-06,-3.730960739467548e-06,9.861649274967021e-08,1.7080797509727574e-07
1160,0.00026915628976737746,0.0002658037867412033,4.234919973667422e-05,2.4452067645564455,1.8639500700232006,1.777691086197619,2.402958284791029,-1.0,3.14,1.4807909803588366,-0.6110553257224387,-1.916933702364926,-1.5700211749270365,-1.5694537234802213,1.8730583795090183e-07,0.0,0.0,-2.652133972214088e-06,6.365598253510463e-06,-3.7137067303572024e-06,9.815939749913127e-08,1.7001626684276516e-07
1161,0.00026791456645751984,0.0002645775353710582,4.215378636792607e-05,2.445206937697917,1.8639488560568718,1.777691086651777,2.4029584712289664,-1.0,3.14,1.4807883404805398,-0.6110489895524391,-1.9169373988979688,-1.5700210772225969,-1.5694535542519605,1.8643793753270188e-07,0.0,0.0,-2.6398782968506396e-06,6.336169999565655e-06,-3.696533042774064e-06,9.770443964995934e-08,1.692282607379525e-07
1162,0.00026667859612803627,0.00026335696524832665,4.1959288634892994e-05,2.445207110037164,1.8639476477148655,1.7776910871038294,2.4029586568030594,-1.0,3.14,1.4807857128009503,-0.6110426826737874,-1.916941078337267,-1.5700209799709877,-1.5694533858080215,1.855740929812555e-07,0.0,0.0,-2.6276795894730753e-06,6.306878651773928e-06,-3.679439298132081e-06,9.72516092101472e-08,1.6844393901926935e-07
1163,0.00026544835190059655,0.00026214204982968274,4.176568743097615e-05,2.445207281577938,1.863946444970905,1.777691087553787,2.402958841517344,-1.0,3.14,1.4807830972633678,-0.6110364049502223,-1.9169447407623865,-1.570020883170092,-1.569453218144737,1.8471428475663743e-07,0.0,0.0,-2.6155375825176463e-06,6.277723565095705e-06,-3.6624251196215596e-06,9.68008957435984e-08,1.6766328458928115e-07
1164,0.0002642238070230451,0.0002609327626976277,4.1572984599154576e-05,2.445207452323969,1.863945247798837,1.7776910880016592,2.402959025375839,-1.0,3.14,1.4807804938113585,-0.6110301562461243,-1.9169483862525185,-1.5700207868178024,-1.5694530512584575,1.8385849465119009e-07,0.0,0.0,-2.603452009308782e-06,6.2487040979331e-06,-3.645490131987117e-06,9.635228948035035e-08,1.668862794623749e-07
1165,0.0002630049348727732,0.0002597290775609293,4.1381171226634626e-05,2.4452076222789683,1.863944056172634,1.777691088447456,2.402959208382541,-1.0,3.14,1.4807779023887542,-0.6110239364265125,-1.9169520148864803,-1.5700206909120222,-1.569452885145551,1.8300670223680982e-07,0.0,0.0,-2.591422604281135e-06,6.219819611796851e-06,-3.6286339617497276e-06,9.590578020635121e-08,1.66112906541116e-07
1166,0.0002617917089516433,0.00025853096825327235,4.11902489580132e-05,2.4452077914466326,1.8639428700663918,1.7776910888911868,2.4029593905414304,-1.0,3.14,1.4807753229396503,-0.6110177453570416,-1.9169556267427177,-1.570020595450664,-1.5694527198024022,1.82158889305839e-07,0.0,0.0,-2.579449103867759e-06,6.191069470973254e-06,-3.6118562374287677e-06,9.546135815163836e-08,1.6534314872806988e-07
1167,0.0002605841028869687,0.0002573384087308093,4.1000213994796107e-05,2.4452079598306407,1.863941689454328,1.7776910893328606,2.4029595718564676,-1.0,3.14,1.4807727554084056,-0.6110115829039985,-1.916959221899307,-1.570020500431651,-1.5694525552254137,1.8131503720653086e-07,0.0,0.0,-2.567531244723753e-06,6.1624530430792746e-06,-3.59515658931997e-06,9.501901310215999e-08,1.6457698848171276e-07
1168,0.00025938209043341776,0.0002561513730758949,4.0811051528108216e-05,2.445208127434651,1.8639405143107841,1.7776910897724887,2.402959752331594,-1.0,3.14,1.4807701997396394,-0.6110054489342999,-1.9169628004339565,-1.5700204058529155,-1.5694523914110046,1.8047512639896013e-07,0.0,0.0,-2.5556687661687505e-06,6.133969698618458e-06,-3.578534649495424e-06,9.457873550999807e-08,1.6381440914869927e-07
1169,0.000258185645467473,0.0002549698354915319,4.062277374645402e-05,2.445208294262308,1.8639393446102221,1.7776910902100793,2.4029599319707327,-1.0,3.14,1.4807676558782323,-0.6109993433154886,-1.9169663624240083,-1.5700203117124,-1.5694522283556114,1.796391386754692e-07,0.0,0.0,-2.543861407078296e-06,6.105618811313995e-06,-3.5619900518035763e-06,9.414051538314538e-08,1.6305539318750562e-07
1170,0.00025699474199301296,0.000253793770305324,4.043537104243393e-05,2.4452084603172364,1.8639381803272268,1.7776910906456427,2.4029601107777876,-1.0,3.14,1.4807651237693233,-0.6109932659157309,-1.9169699079464402,-1.5700202180080571,-1.5694520660556872,1.788070549402221e-07,0.0,0.0,-2.5321089089924698e-06,6.077399757664637e-06,-3.5455224318692302e-06,9.370434295163932e-08,1.6229992416683103e-07
1171,0.00025580935413341873,0.0002526231519645168,4.0248828055422724e-05,2.445208625603045,1.8639370214365014,1.777691091079188,2.402960288756645,-1.0,3.14,1.4807626033583092,-0.6109872166038135,-1.916973437077867,-1.5700201247378487,-1.5694519045077022,1.7797885742965036e-07,0.0,0.0,-2.520411014117485e-06,6.049311917388778e-06,-3.5291314268715013e-06,9.327020844551726e-08,1.6154798498924094e-07
1172,0.000254629456137094,0.0002514579550386977,4.006315125215964e-05,2.445208790123326,1.8639358679128706,1.7776910915107247,2.4029604659111725,-1.0,3.14,1.4807600945908437,-0.6109811952491405,-1.9169769498945435,-1.5700200318997464,-1.5694517437081434,1.7715452749200722e-07,0.0,0.0,-2.5087674655477343e-06,6.021354672980372e-06,-3.5128166764319957e-06,9.283810231686118e-08,1.6079955877934538e-07
1173,0.0002534550223739397,0.00025029815421819337,3.987833602755993e-05,2.4452089538816524,1.8639347197312781,1.777691091940262,2.4029606422452185,-1.0,3.14,1.480757597412835,-0.6109752017217304,-1.9169804464723643,-1.5700199394917316,-1.5694515836535143,1.7633404603145664e-07,0.0,0.0,-2.4971780085980555e-06,5.993527410153021e-06,-3.4965778208384535e-06,9.240801479570848e-08,1.6005462910584356e-07
1174,0.00025228602733543866,0.00024914372431268953,3.969437763447167e-05,2.445209116881582,1.8639335768667862,1.7776910923678093,2.4029608177626143,-1.0,3.14,1.4807551117704465,-0.6109692358922129,-1.9169839268868671,-1.570019847511795,-1.5694514243403352,1.7551739572851943e-07,0.0,0.0,-2.4856423885832868e-06,5.965829517506904e-06,-3.4804145028211053e-06,9.197993655618575e-08,1.5931317909334552e-07
1175,0.00025112244563511865,0.00024799464025201533,3.9511271181385326e-05,2.4452092791266558,1.863932439294576,1.777691092793376,2.4029609924671718,-1.0,3.14,1.4807526376100932,-0.6109632976318266,-1.916987391213234,-1.5700197559579374,-1.5694512657651427,1.7470455748735958e-07,0.0,0.0,-2.474160353260757e-06,5.938260386306737e-06,-3.4643263668865387e-06,9.155385760628576e-08,1.585751925325951e-07
1176,0.00024996425200507304,0.000246850877084573,3.932900598429765e-05,2.4452094406203972,1.863931306989946,1.7776910932169718,2.402961166362686,-1.0,3.14,1.4807501748784428,-0.6109573868124154,-1.9169908395262927,-1.5700196648281686,-1.56945110792449,1.738955144325871e-07,0.0,0.0,-2.462731650387795e-06,5.910819411147905e-06,-3.4483130586515642e-06,9.112976884217971e-08,1.5784065277024695e-07
1177,0.00024881142129742673,0.0002457124099763338,3.9147599465473026e-05,2.445209601366313,1.8639301799283108,1.777691093638605,2.4029613394529337,-1.0,3.14,1.480747723522413,-0.6109515033064262,-1.916994271900519,-1.5700195741205079,-1.5694509508149463,1.73090247468366e-07,0.0,0.0,-2.4513560299421755e-06,5.883505989179305e-06,-3.4323742263975277e-06,9.07076607159496e-08,1.5710954359704488e-07
1178,0.00024766392848435387,0.00024457921421184203,3.896702372946964e-05,2.4452097613678947,1.863929058085203,1.7776910940582855,2.402961511741673,-1.0,3.14,1.4807452834891701,-0.6109456469869055,-1.9169976884100381,-1.5700194838329842,-1.5694507944330978,1.7228873927521704e-07,0.0,0.0,-2.440033242789852e-06,5.856319520769482e-06,-3.4165095190719086e-06,9.02875236796774e-08,1.5638184858168813e-07
1179,0.00024652174865741664,0.0002434512651927081,3.878727893016392e-05,2.445209920628615,1.8639279414362706,1.777691094476022,2.402961683232645,-1.0,3.14,1.4807428547261297,-0.6109398177274964,-1.917001089128626,-1.5700193939636358,-1.569450638775546,1.7149097208957187e-07,0.0,0.0,-2.4287630404629112e-06,5.829259409062537e-06,-3.4007185878426327e-06,8.986934840748972e-08,1.5565755173696516e-07
1180,0.00024538485702426424,0.00024232853843713756,3.860837667306108e-05,2.445210079151931,1.863926829957277,1.7776910948918239,2.4029618539295727,-1.0,3.14,1.480740437180953,-0.6109340154024365,-1.9170044741297116,-1.5700193045105098,-1.5694504838389096,1.7069692770377287e-07,0.0,0.0,-2.4175451767138867e-06,5.802325059867108e-06,-3.3850010856539825e-06,8.945312601760236e-08,1.549366364095306e-07
1181,0.0002442532289102895,0.00024121100957858092,3.8430299835610004e-05,2.445210236941285,1.8639257236241003,1.7776910953056997,2.4029620238361615,-1.0,3.14,1.4807380308015476,-0.6109282398865543,-1.9170078434863789,-1.570019215471663,-1.5694503296198223,1.6990658879834086e-07,0.0,0.0,-2.4063794052953114e-06,5.775515882211479e-06,-3.3693566672265973e-06,8.903884674005269e-08,1.542190872783067e-07
1182,0.0002431268397588301,0.00024009865436686365,3.825305414074653e-05,2.445210394000101,1.8639246224127328,1.7776910957176588,2.402962192956099,-1.0,3.14,1.4807356355360655,-0.6109224910552667,-1.917011197271367,-1.5700191268451615,-1.5694501761149344,1.6911993760970745e-07,0.0,0.0,-2.3952654821801644e-06,5.748831287566425e-06,-3.353784988169295e-06,8.862650147101192e-08,1.5350488791199268e-07
1183,0.00024200566512850552,0.0002389914486652346,3.807661620619278e-05,2.4452105503317867,1.86392352629928,1.7776910961277106,2.402962361293056,-1.0,3.14,1.4807332513329017,-0.6109167687845762,-1.9170145355570734,-1.5700190386290804,-1.5694500233209119,1.6833695681839345e-07,0.0,0.0,-2.3842031637855143e-06,5.722270690511344e-06,-3.338285706311339e-06,8.821608110665125e-08,1.5279402254542163e-07
1184,0.00024088968069509132,0.00023788936845309903,3.79009973128853e-05,2.4452107059397363,1.863922435259962,1.777691096535863,2.4029625288506855,-1.0,3.14,1.4807308781406936,-0.610911072951068,-1.9170178584155548,-1.5700189508215037,-1.5694498712344365,1.6755762954900888e-07,0.0,0.0,-2.3731922080827417e-06,5.695833508290171e-06,-3.322858481480395e-06,8.780757676518647e-08,1.5208647541342657e-07
1185,0.00023977886224811222,0.00023679238982246803,3.7726197127584585e-05,2.4452108608273244,1.8639213492711102,1.7776910969421251,2.402962695632623,-1.0,3.14,1.4807285159083197,-0.6109054034319068,-1.9170211659185294,-1.5700188634205248,-1.5694497198522057,1.6678193759389615e-07,0.0,0.0,-2.3622323739314055e-06,5.669519161144443e-06,-3.3075029746143514e-06,8.740097889869958e-08,1.5138223075084056e-07
1186,0.00023867318569250164,0.0002357004889789967,3.7552215257283836e-05,2.445211014997913,1.8639202683091691,1.7776910973465065,2.402962861642487,-1.0,3.14,1.480726164584898,-0.6108997601048348,-1.9170244581373774,-1.5700187764242461,-1.5694495691709327,1.6600986407766527e-07,0.0,0.0,-2.351323421745377e-06,5.643327071980231e-06,-3.2922188479833636e-06,8.699627862540638e-08,1.5068127301454126e-07
1187,0.0002375726270457013,0.00023461364223981618,3.737902154614131e-05,2.4452111684548443,1.8639191923506928,1.7776910977490152,2.4029630268838793,-1.0,3.14,1.480723824119785,-0.6108941428481686,-1.917027735143144,-1.570018689830779,-1.5694494191873463,1.6524139212492628e-07,0.0,0.0,-2.3404651128267062e-06,5.61725666625712e-06,-3.277005766522123e-06,8.659346706352267e-08,1.4998358643936172e-07
1188,0.00023647716244102972,0.00023353182603601553,3.720663893635566e-05,2.445211321201448,1.8639181213723488,1.7776910981496603,2.4029631913603837,-1.0,3.14,1.4807214944625755,-0.610888551540796,-1.9170309970065396,-1.5700186036382437,-1.5694492698981906,1.6447650441619999e-07,0.0,0.0,-2.3296572095876655e-06,5.591307372543319e-06,-3.26186339560941e-06,8.619253533126425e-08,1.4928915570422419e-07
1189,0.00023538676812405817,0.00023245501690890403,3.703505477183559e-05,2.445211473241037,1.8639170553509135,1.7776910985484502,2.402963355075568,-1.0,3.14,1.4807191755631002,-0.6108829860621741,-1.9170342437979428,-1.5700185178447694,-1.5694491213002255,1.6371518407609642e-07,0.0,0.0,-2.3188994753287062e-06,5.565478621960551e-06,-3.2467914032885403e-06,8.579347432480233e-08,1.4859796504396172e-07
1190,0.00023430142045064903,0.00023138319151073356,3.686425610842611e-05,2.4452116245769084,1.863915994263273,1.7776910989453942,2.402963518032982,-1.0,3.14,1.4807168673714248,-0.6108774462923257,-1.9170374755874011,-1.570018432448494,-1.5694489733902262,1.629574142292256e-07,0.0,0.0,-2.308191675348681e-06,5.539769848406095e-06,-3.2317894582689632e-06,8.539627538439731e-08,1.479099993595412e-07
1191,0.00023322109589157534,0.00023031632660526437,3.6694259966019955e-05,2.4452117752123437,1.8639149380864242,1.7776910993405002,2.40296368023616,-1.0,3.14,1.4807145698378499,-0.6108719321118373,-1.9170406924446328,-1.5700183474475646,-1.5694488261649826,1.6220317800019757e-07,0.0,0.0,-2.297533574946442e-06,5.514180488330744e-06,-3.216857231702619e-06,8.50009294062204e-08,1.4722524355192945e-07
1192,0.00023214577102749254,0.00022925439906512643,3.652504107453228e-05,2.445211925150608,1.8639138867974712,1.777691099733777,2.4029638416886185,-1.0,3.14,1.4807122829129085,-0.610866443401856,-1.9170438944390285,-1.570018262840137,-1.5694486796213005,1.6145245851362233e-07,0.0,0.0,-2.286924941419244e-06,5.4887099812939155e-06,-3.201994395629626e-06,8.460742773053198e-08,1.4654368207800417e-07
1193,0.00023107542254933707,0.00022819738587282517,3.635661028691863e-05,2.4452120743949535,1.8639128403736274,1.7776911001252336,2.4029640023938583,-1.0,3.14,1.4807100065473657,-0.6108609800440868,-1.917047081639652,-1.570018178624375,-1.5694485337560005,1.6070523978228834e-07,0.0,0.0,-2.276365542730474e-06,5.463357769186494e-06,-3.187200623644415e-06,8.421576191963709e-08,1.458653000607768e-07
1194,0.00023001002725859946,0.00022714526411948504,3.618896020006719e-05,2.445212222948614,1.8639117987922134,1.7776911005148774,2.402964162355363,-1.0,3.14,1.4807077406922178,-0.6108555419207903,-1.9170502541152443,-1.5700180947984521,-1.569448388565918,1.5996150448671642e-07,0.0,0.0,-2.2658551479537437e-06,5.4381232965639015e-06,-3.172475592227997e-06,8.382592286970691e-08,1.4519008240121423e-07
1195,0.00022894956206789913,0.00022609801100528876,3.6022083221964654e-05,2.4452123708148097,1.8639107620306579,1.7776911009027179,2.4029643215765994,-1.0,3.14,1.4807054852986898,-0.6108501289147793,-1.9170534119342215,-1.57001801136055,-1.569448244047904,1.59221236639695e-07,0.0,0.0,-2.2553935279390203e-06,5.41300601097916e-06,-3.157818977195248e-06,8.343790214304647e-08,1.445180140002833e-07
1196,0.00022789400399625355,0.0002250556038365263,3.585598395428535e-05,2.4452125179967457,1.8639097300664946,1.777691101288763,2.402964480061019,-1.0,3.14,1.4807032403182363,-0.6108447409094171,-1.917056555164679,-1.5700179283088591,-1.569448100198824,1.5848441936583413e-07,0.0,0.0,-2.2449804535362716e-06,5.388005362205739e-06,-3.14323045746967e-06,8.305169085787156e-08,1.438490799809955e-07
1197,0.00022684333017419537,0.00022401802002898532,3.569064214826429e-05,2.4452126644976095,1.8639087028773655,1.7776911016730212,2.4029646378120555,-1.0,3.14,1.480701005702539,-0.6108393777886142,-1.9170596838743925,-1.570017845641578,-1.5694479570155584,1.5775103667792223e-07,0.0,0.0,-2.2346156973718223e-06,5.363120802903687e-06,-3.1287097135290765e-06,8.266728102057641e-08,1.431832656884069e-07
1198,0.00022579751783736833,0.0002229852371028341,3.5526080880179275e-05,2.4452128103205784,1.8639076804410164,1.777691102055501,2.402964794833128,-1.0,3.14,1.480698781403506,-0.6108340394368258,-1.9170627981308193,-1.5700177633569146,-1.5694478144950026,1.5702107258874776e-07,0.0,0.0,-2.2242990329601753e-06,5.338351788397588e-06,-3.114256426739459e-06,8.228466352733221e-08,1.4252055580143974e-07
1199,0.00022475654433204233,0.00022195723268654554,3.5362260813825646e-05,2.445212955468811,1.8639066627352998,1.7776911024362103,2.4029649511276387,-1.0,3.14,1.480696567373271,-0.6108287257390494,-1.9170658980010997,-1.5700176814530844,-1.569447672634066,1.5629451066700994e-07,0.0,0.0,-2.2140302349260566e-06,5.313697776343496e-06,-3.099870280465211e-06,8.190383016248859e-08,1.4186093655332854e-07
1200,0.00022372038710966548,0.0002209339845134428,3.5199223839191065e-05,2.4452130999454504,1.863905649738172,1.7776911028151576,2.4029651066989732,-1.0,3.14,1.4806943635641916,-0.610823436580822,-1.9170689835520587,-1.570017599928312,-1.5694475314296734,1.5557133448140803e-07,0.0,0.0,-2.2038090794485043e-06,5.289158227395063e-06,-3.0855509589589047e-06,8.152477248835055e-08,1.4120439262299556e-07
1201,0.0002226890237294306,0.00021991547042166877,3.503693018859817e-05,2.4452132437536265,1.8639046414276934,1.7776911031923512,2.402965261550502,-1.0,3.14,1.480692169928849,-0.6108181718482176,-1.9170720548502076,-1.5700175187808298,-1.5694473908787638,1.5485152893290888e-07,0.0,0.0,-2.193635342706557e-06,5.264732604426392e-06,-3.071298148915602e-06,8.114748206722311e-08,1.4055090957754146e-07
1202,0.00022166243185413434,0.0002189016683546574,3.487538387248942e-05,2.445213386896456,1.8639036377820286,1.7776911035677994,2.4029654156855793,-1.0,3.14,1.4806899864200458,-0.6108129314278445,-1.917075111961745,-1.5700174380088792,-1.5694472509782909,1.541350771461225e-07,0.0,0.0,-2.1835088030996985e-06,5.24042037308714e-06,-3.057111537474455e-06,8.077195068345588e-08,1.3990047298406694e-07
1203,0.0002206405892558259,0.00021789255636015843,3.471458892786497e-05,2.4452135293770367,1.863902638779445,1.77769110394151,2.402965569107543,-1.0,3.14,1.4806878129908068,-0.610807715206843,-1.9170781549525595,-1.5700173576107095,-1.5694471117252222,1.534219635779266e-07,0.0,0.0,-2.1734292390274135e-06,5.216221001580479e-06,-3.0429908144391504e-06,8.039816967730928e-08,1.3925306863171727e-07
1204,0.0002196234738074927,0.00021688811258841834,3.455454299211222e-05,2.4452136711984562,1.8639016443983123,1.777691104313491,2.4029657218197156,-1.0,3.14,1.4806856495943757,-0.6108025230728825,-1.9170811838882298,-1.5700172775845784,-1.5694469731165401,1.5271217268519877e-07,0.0,0.0,-2.163396431109632e-06,5.192133960441048e-06,-3.028935670279509e-06,8.002613105517753e-08,1.3860868208759314e-07
1205,0.0002186110634899556,0.00021588831529472177,3.439522424257043e-05,2.4452138123637823,1.863900654617103,1.7776911046837505,2.402965873825404,-1.0,3.14,1.480683496184216,-0.6107973549141595,-1.9170841988340268,-1.5700171979287518,-1.5694468351492412,1.5200568848072749e-07,0.0,0.0,-2.15341015974424e-06,5.168158722979044e-06,-3.0149457970196636e-06,7.965582660141024e-08,1.3796729891879522e-07
1206,0.00021760333638586453,0.00021489314283534258,3.423665580219515e-05,2.4452139528760743,1.863899669414391,1.777691105052297,2.4029660251279,-1.0,3.14,1.4806813527140084,-0.6107922106193945,-1.917087199854915,-1.570017118641504,-1.5694466978203363,1.5130249586547961e-07,0.0,0.0,-2.1434702075495693e-06,5.144294765058177e-06,-3.0010208882380596e-06,7.928724787831243e-08,1.373289049144688e-07
1207,0.00021660027068247186,0.0002139025736694582,3.4078815566441226e-05,2.4452140927383743,1.8638986887688511,1.7776911054191384,2.4029661757304788,-1.0,3.14,1.480679219137651,-0.6107870900778298,-1.9170901870155546,-1.570017039721117,-1.56944656112685,1.506025788522436e-07,0.0,0.0,-2.133576357365996e-06,5.120541564651582e-06,-2.9871606395115435e-06,7.892038689227832e-08,1.366934863078484e-07
1208,0.00021560184466995648,0.00021291658635814488,3.392170715468335e-05,2.445214231953708,1.863897712659259,1.7776911057842821,2.4029663256364007,-1.0,3.14,1.4806770954092576,-0.610781993179227,-1.9170931603803014,-1.5700169611658814,-1.5694464250658213,1.499059218978971e-07,0.0,0.0,-2.1237283933661644e-06,5.096898602841016e-06,-2.9733647468610513e-06,7.855523564970213e-08,1.3606102866603464e-07
1209,0.0002146080367397209,0.00021193515956331017,3.376532105400582e-05,2.4452143705250884,1.8638967410644907,1.7776911061477365,2.40296647484891,-1.0,3.14,1.480674981483157,-0.6107769198138644,-1.91709612001321,-1.5700168829740957,-1.5694462896343033,1.4921250945931774e-07,0.0,0.0,-2.1139261006108967e-06,5.0733653625956165e-06,-2.959632908527965e-06,7.819178571288887e-08,1.3543151800021747e-07
1210,0.00021361882538788372,0.00021095827204816443,3.360966074060085e-05,2.445214508455516,1.863895773963522,1.7776911065095093,2.4029666233712375,-1.0,3.14,1.4806728773138915,-0.6107718698725346,-1.9170990659780343,-1.5700168051440664,-1.5694461548293628,1.4852232732565085e-07,0.0,0.0,-2.104169265493283e-06,5.0499413297711016e-06,-2.9459648243079783e-06,7.783002931027738e-08,1.3480494054363135e-07
1211,0.0002126341892080617,0.0002099859026743311,3.3454723071104126e-05,2.445214645747975,1.8638948113354266,1.7776911068696084,2.402966771206596,-1.0,3.14,1.4806707828562164,-0.6107668432465423,-1.917101998338229,-1.570016727674108,-1.5694460206480803,1.4783535862150643e-07,0.0,0.0,-2.0944576750725474e-06,5.026625992332612e-06,-2.9323601946629196e-06,7.746995844826188e-08,1.3418128252951078e-07
1212,0.00021165410689903214,0.00020901803040592975,3.330049146065552e-05,2.4452147824054378,1.8638938531593794,1.7776911072280412,2.4029669183581857,-1.0,3.14,1.4806686980650985,-0.6107618398277012,-1.9171049171569512,-1.570016650562543,-1.5694458870875503,1.4715158958011898e-07,0.0,0.0,-2.084791117962226e-06,5.003418841131868e-06,-2.9188187222750628e-06,7.711156491119198e-08,1.3356052996904566e-07
1213,0.00021067855725602326,0.00020805463430354531,3.31469824638423e-05,2.445214918430859,1.8638928994146506,1.7776911075848163,2.40296706482919,-1.0,3.14,1.4806666228957155,-0.6107568595083321,-1.9171078224970617,-1.5700165738077017,-1.569445754144881,1.4647100421427695e-07,0.0,0.0,-2.075169382997899e-06,4.980319369018993e-06,-2.9053401104928156e-06,7.675484137159572e-08,1.3294266931751508e-07
1214,0.00020970751917826364,0.0002070956935294116,3.299418597734862e-05,2.445215053827182,1.8638919500806115,1.7776911079399407,2.4029672106227777,-1.0,3.14,1.480664557303455,-0.6107519021812606,-1.9171107144211266,-1.5700164974079225,-1.5694456218171944,1.457935878690364e-07,0.0,0.0,-2.06559226056946e-06,4.957327071508644e-06,-2.891924064885032e-06,7.63997791697335e-08,1.3232768658610894e-07
1215,0.00020874097166209032,0.00020614118734156925,3.2842091663022335e-05,2.4452151885973366,1.863891005136728,1.7776911082934221,2.402967355742103,-1.0,3.14,1.480662501243913,-0.6107469677398142,-1.9171135929914185,-1.5700164213615515,-1.5694454901016257,1.451193254453642e-07,0.0,0.0,-2.05605954195498e-06,4.934441446446947e-06,-2.878570291908744e-06,7.604637097813338e-08,1.3171556867419554e-07
1216,0.0002077788938032068,0.00020519109509647176,3.2690709321483766e-05,2.4452153227442373,1.8638900645625631,1.777691108645269,2.4029675001903055,-1.0,3.14,1.4806604546728934,-0.6107420560778201,-1.9171164582699178,-1.5700163456669427,-1.5694453589953241,1.4444820228831645e-07,0.0,0.0,-2.0465710195427533e-06,4.911661994122518e-06,-2.865278499353252e-06,7.569460880318957e-08,1.3110630159296477e-07
1217,0.00020682126479588508,0.00020424539624861013,3.2540014770739905e-05,2.445215456270786,1.8638891283377776,1.7776911089954879,2.402967643970509,-1.0,3.14,1.4806584175464073,-0.6107371670896029,-1.917119310318315,-1.5700162703224578,-1.5694452284954519,1.437802037429492e-07,0.0,0.0,-2.037126486165164e-06,4.888988217155443e-06,-2.8520483972283017e-06,7.534448487334089e-08,1.3049987224178494e-07
1218,0.0002058680639331389,0.0002033040703489724,3.2390024465971756e-05,2.44521558917987,1.8638881964421272,1.7776911093440866,2.4029677870858235,-1.0,3.14,1.4806563898206708,-0.6107323006699822,-1.9171221491980106,-1.5700161953264662,-1.5694450985991848,1.431153142661401e-07,0.0,0.0,-2.027725736430952e-06,4.86641962071932e-06,-2.838879695543639e-06,7.499599163907078e-08,1.2989626707593516e-07
1219,0.00020491927060563533,0.00020236709704535882,3.224072757480741e-05,2.4452157214743635,1.8638872688554637,1.7776911096910735,2.4029679295393436,-1.0,3.14,1.4806543714521054,-0.6107274567142703,-1.9171249749701178,-1.570016120677345,-1.5694449693037122,1.4245352009112366e-07,0.0,0.0,-2.0183685653929473e-06,4.843955711875125e-06,-2.82577210719559e-06,7.464912110677346e-08,1.292954725506945e-07
1220,0.0002039748642992678,0.00020143445608046607,3.2092119936857494e-05,2.445215853157127,1.8638863455577328,1.7776911100364554,2.4029680713341497,-1.0,3.14,1.4806523623973362,-0.6107226351182696,-1.9171277876954629,-1.5700160463734791,-1.5694448406062365,1.4179480611886675e-07,0.0,0.0,-2.0090547692142025e-06,4.8215960006814385e-06,-2.81272534508048e-06,7.430386594897698e-08,1.2869747578747592e-07
1221,0.00020303482460032424,0.00020050612729421112,3.194420422053328e-05,2.445215984231007,1.8638854265289764,1.7776911103802395,2.4029682124733074,-1.0,3.14,1.4806503626131913,-0.6107178357782705,-1.9171305874345874,-1.570015972413261,-1.569444712503973,1.4113915769442542e-07,0.0,0.0,-1.9997841449459486e-06,4.799339999084218e-06,-2.799739124537126e-06,7.396021817207554e-08,1.281022634636031e-07
1222,0.0002020991311868514,0.00019958209061895758,3.179696913244698e-05,2.445216114698838,1.863884511749328,1.777691110722434,2.4029683529598684,-1.0,3.14,1.4806483720567003,-0.6107130585910492,-1.9171333742477492,-1.5700158987950905,-1.5694445849941507,1.4048656105103419e-07,0.0,0.0,-1.9905564909716844e-06,4.77718722136089e-06,-2.786813161792523e-06,7.36181704485972e-08,1.2750982225639973e-07
1223,0.0002011677638362148,0.0001986623260837245,3.165041715574039e-05,2.445216244563441,1.8638836011990167,1.7776911110630464,2.40296849279687,-1.0,3.14,1.4806463906850942,-0.6107083034538647,-1.9171361481949234,-1.5700158255173753,-1.5694444580740115,1.3983700153374912e-07,0.0,0.0,-1.981371606118998e-06,4.755137184453417e-06,-2.7739471741838884e-06,7.327771522902538e-08,1.2692013928727874e-07
1224,0.00020024070241892047,0.00019774681381107699,3.150453667939437e-05,2.4452163738276216,1.8638826948583644,1.7776911114020824,2.4029686319873345,-1.0,3.14,1.4806444184558039,-0.6107035702644575,-1.9171389093358047,-1.5700157525785305,-1.56944433174081,1.3919046448762629e-07,0.0,0.0,-1.9722292903257e-06,4.733189407191141e-06,-2.7611408812688865e-06,7.29388447417989e-08,1.2633320145560845e-07
1225,0.00019931792690167858,0.00019683553401718818,3.1359329994011896e-05,2.4452165024941745,1.8638817927077855,1.7776911117395515,2.40296877053427,-1.0,3.14,1.4806424553264588,-0.6106988589210465,-1.9171416577298073,-1.5700156799769787,-1.5694442059918141,1.3854693570181098e-07,0.0,0.0,-1.963129345083914e-06,4.711343411067936e-06,-2.748394002605181e-06,7.260155188149042e-08,1.2574899588280175e-07
1226,0.00019839941734583116,0.00019592846701209214,3.1214799389284276e-05,2.445216630565879,1.8638808947277872,1.77769111207546,2.402968908440671,-1.0,3.14,1.480640501254887,-0.6106941693223269,-1.9171443934360677,-1.5700156077111496,-1.5694440808243044,1.3790640096544848e-07,0.0,0.0,-1.954071571663718e-06,4.6895987195760824e-06,-2.7357062604149718e-06,7.226582909858337e-08,1.2516750969027157e-07
1227,0.00019748515390393995,0.0001950255931960721,3.1070932860721435e-05,2.4452167580455035,1.8638800008989662,1.7776911124098147,2.402969045709518,-1.0,3.14,1.4806385561991138,-0.6106895013674684,-1.9171471165134453,-1.5700155357794807,-1.5694439562355744,1.372688469558625e-07,0.0,0.0,-1.9450557733335927e-06,4.667954858539325e-06,-2.7230773775865913e-06,7.193166884356117e-08,1.2458872999943083e-07
1228,0.0001965751168255892,0.00019412689306484097,3.0927739675571577e-05,2.445216884935803,1.8638791112020139,1.7776911127426236,2.4029691823437767,-1.0,3.14,1.48063662011736,-0.6106848549561122,-1.9171498270205234,-1.5700154641804167,-1.5694438322229303,1.366342585740199e-07,0.0,0.0,-1.936081753806107e-06,4.646411356112878e-06,-2.710507078118596e-06,7.159906401099647e-08,1.2401264415373703e-07
1229,0.00019566928644968815,0.0001932323472038895,3.078520759161822e-05,2.4452170112395177,1.86387822561771,1.7776911130738935,2.402969318346399,-1.0,3.14,1.4806346929680423,-0.6106802299883696,-1.9171525250156114,-1.5700153929124099,-1.569443708783691,1.3600262249724437e-07,0.0,0.0,-1.9271493176820087e-06,4.624967742672403e-06,-2.697995088007943e-06,7.12680068293281e-08,1.234392392746031e-07
1230,0.00019476764321199244,0.0001923419362912504,3.064332409555368e-05,2.445217136959378,1.8638773441269265,1.7776911134036317,2.402969453720324,-1.0,3.14,1.4806327747097714,-0.6106756263648186,-1.9171552105567453,-1.5700153219739195,-1.5694435859151883,1.3537392495877043e-07,0.0,0.0,-1.918258270894313e-06,4.603623550925029e-06,-2.6855411339177238e-06,7.09384904151733e-08,1.2286850270548655e-07
1231,0.0001938701676372058,0.00019145564109586388,3.0502105517938774e-05,2.4452172620980983,1.863876466710625,1.7776911137318454,2.402969588468476,-1.0,3.14,1.4806308653013518,-0.6106710439865032,-1.9171578837016896,-1.570015251363412,-1.5694434636147663,1.3474815174774335e-07,0.0,0.0,-1.90940841959808e-06,4.582378315465263e-06,-2.6731449442873867e-06,7.061050744106012e-08,1.223004220118895e-07
1232,0.0001929768403423264,0.0001905734424763857,3.0361546510143366e-05,2.4452173866583817,1.8638755933498556,1.7776911140585416,2.4029697225937645,-1.0,3.14,1.4806289647017798,-0.6106664827549295,-1.917160544507938,-1.5700151810793614,-1.5694433418797813,1.3412528865330842e-07,0.0,0.0,-1.9005995719467705e-06,4.5612315736631714e-06,-2.6608062484445583e-06,7.028405057951659e-08,1.217349849813587e-07
1233,0.00019208764203594887,0.00018969532138165762,3.0221626886199964e-05,2.4452175106429186,1.8638747240257585,1.7776911143837275,2.4029698560990873,-1.0,3.14,1.4806270728702442,-0.610661942572065,-1.9171631930327155,-1.570015111120249,-1.5694432207076028,1.3350532279687854e-07,0.0,0.0,-1.8918315356497573e-06,4.540182864554154e-06,-2.648524777493222e-06,6.995911250307074e-08,1.2117217851326245e-07
1234,0.00019120255351771275,0.00018882125885152419,3.008235556785285e-05,2.4452176340543867,1.8638738587195633,1.77769111470741,2.4029699889873277,-1.0,3.14,1.4806251897661236,-0.6106574233403353,-1.917165829332979,-1.5700150414845626,-1.5694431000956122,1.3288824041168823e-07,0.0,0.0,-1.8831041206368582e-06,4.519231729616102e-06,-2.6363002634255395e-06,6.963568632833983e-08,1.2061199061719208e-07
1235,0.0001903215556767466,0.00018795123601293834,2.9943726770315476e-05,2.445217756895451,1.8638729974125863,1.7776911150295962,2.4029701212613555,-1.0,3.14,1.480623315348987,-0.6106529249626229,-1.9171684534654183,-1.5700149721707977,-1.5694429800412033,1.3227402773097197e-07,0.0,0.0,-1.8744171366158469e-06,4.49837771243633e-06,-2.624132439343896e-06,6.93137649498965e-08,1.200544088586497e-07
1236,0.00018944462949339202,0.00018708523408413852,2.9805734559376406e-05,2.445217879168764,1.8638721400862337,1.7776911153502928,2.4029702529240264,-1.0,3.14,1.4806214495785919,-0.610648447342264,-1.9171710654864587,-1.5700149031774568,-1.5694428605417823,1.3166267098796425e-07,0.0,0.0,-1.8657703950708537e-06,4.4776203589336205e-06,-2.6120210403490773e-06,6.899334081822417e-08,1.1949942102518207e-07
1237,0.0001885717560354391,0.0001862232343685876,2.966838781762196e-05,2.4452180008769653,1.8638712867219964,1.7776911156695068,2.4029703839781837,-1.0,3.14,1.480619592414884,-0.610643990383047,-1.9171736654522606,-1.5700148345030494,-1.5694427415947676,1.31054157304078e-07,0.0,0.0,-1.8571637079300984e-06,4.456959217025158e-06,-2.5999658019859595e-06,6.867440749402931e-08,1.189470146822913e-07
1238,0.00018770291646265271,0.0001853652182609392,2.953167299436522e-05,2.4452181220226814,1.8638704373014554,1.777691115987245,2.402970514426656,-1.0,3.14,1.480617743817996,-0.6106395539892101,-1.9171762534187222,-1.5700147661460917,-1.5694426231975895,1.3044847246845848e-07,0.0,0.0,-1.848596888009979e-06,4.436393836848573e-06,-2.5879664615757747e-06,6.835695764983996e-08,1.1839717806161332e-07
1239,0.00018683809202067265,0.00018451116724138643,2.9395591352832095e-05,2.4452182426085307,1.8638695918062769,1.777691116303515,2.4029706442722607,-1.0,3.14,1.4806159037482465,-0.6106351380654395,-1.9171788294414798,-1.5700146981051075,-1.5694425053476908,1.2984560449069704e-07,0.0,0.0,-1.8400697494591611e-06,4.41592377065092e-06,-2.5760227575499783e-06,6.804098418022875e-08,1.1784989872865026e-07
1240,0.00018597726404559093,0.00018366106287854886,2.9260144138697276e-05,2.4452183626371125,1.8638687502182136,1.7776911166183227,2.4029707735177994,-1.0,3.14,1.4806140721661398,-0.6106307425168668,-1.9171813935759094,-1.570014630378627,-1.569442388042526,1.2924553871584976e-07,0.0,0.0,-1.831582106648355e-06,4.395548572677654e-06,-2.5641344296722934e-06,6.772648042385754e-08,1.1730516491503806e-07
1241,0.0001851204139587638,0.00018281488682580054,2.9125317331875034e-05,2.4452184821110188,1.863867912519103,1.7776911169316751,2.402970902166062,-1.0,3.14,1.4806122490323645,-0.6106263672490672,-1.917183945877128,-1.5700145629651876,-1.5694422712795615,1.2864826270941876e-07,0.0,0.0,-1.8231337752805388e-06,4.375267799616722e-06,-2.5523012185946214e-06,6.741343949734357e-08,1.1676296440832346e-07
1242,0.0001842675232712451,0.00018197262082456607,2.8991111929153836e-05,2.4452186010328285,1.8638670786908698,1.7776911172435792,2.4029710302198257,-1.0,3.14,1.4806104343077928,-0.6106220121680571,-1.9171864863999948,-1.5700144958633335,-1.5694421550562763,1.2805376359281695e-07,0.0,0.0,-1.814724571724824e-06,4.355081010043449e-06,-2.5405228667452207e-06,6.71018540732149e-08,1.1622328521809777e-07
1243,0.00018341857357939684,0.00018113424670118046,2.885752890576474e-05,2.4452187194051076,1.863866248715522,1.7776911175540417,2.4029711576818533,-1.0,3.14,1.4806086279534796,-0.6106176771802925,-1.917189015199112,-1.570014429071616,-1.5694420393701605,1.2746202759927883e-07,0.0,0.0,-1.8063543132385007e-06,4.334987764642584e-06,-2.528799117218483e-06,6.679171749013335e-08,1.1568611579804156e-07
1244,0.00018257354656739527,0.000180299746367643,2.872456148453732e-05,2.44521883723041,1.863865422575153,1.7776911178630694,2.4029712845548956,-1.0,3.14,1.4806068299306612,-0.6106133621926664,-1.9171915323288269,-1.5700143625885927,-1.5694419242187163,1.2687304229430652e-07,0.0,0.0,-1.7980228184111269e-06,4.3149876260972775e-06,-2.517129714885158e-06,6.64830233088054e-08,1.1515144415774614e-07
1245,0.00018173242400465144,0.00017946910182164915,2.8592218254001867e-05,2.445218954511279,1.863864600251941,1.777691118170669,2.40297141084169,-1.0,3.14,1.4806050402007553,-0.610609067112507,-1.9171940378432322,-1.5700142964128285,-1.5694418095994578,1.2628679435522372e-07,0.0,0.0,-1.7897299058322602e-06,4.295080159422149e-06,-2.5055144052821277e-06,6.617576420175908e-08,1.1461925852884747e-07
1246,0.00018089518774654995,0.00017864229514473647,2.846046891246762e-05,2.4452190712502433,1.863863781728147,1.7776911184768467,2.4029715365449613,-1.0,3.14,1.48060325872536,-0.6106047918475755,-1.917196531796168,-1.5700142305428948,-1.5694416955099106,1.2570327134753256e-07,0.0,0.0,-1.7814753954237261e-06,4.275264931408174e-06,-2.493952935722632e-06,6.586993372970085e-08,1.1408954714298147e-07
1247,0.00018006181973334365,0.00017781930850190944,2.8329345259743815e-05,2.4452191874498226,1.8638629669861146,1.7776911187816093,2.4029716616674213,-1.0,3.14,1.4806014854662517,-0.6106005363060643,-1.917199014241222,-1.5700141649773696,-1.5694415819476122,1.2512245994855675e-07,0.0,0.0,-1.773259108217573e-06,4.255541511288818e-06,-2.4824450541860443e-06,6.556552523129255e-08,1.135622984538287e-07
1248,0.00017923230199173826,0.00017700012414414995,2.8198816652886842e-05,2.4452193031125224,1.8638621560082729,1.7776911190849642,2.402971786211769,-1.0,3.14,1.4805997203853858,-0.6105963003965943,-1.9172014852317323,-1.5700140997148377,-1.5694414689101113,1.245443477237984e-07,0.0,0.0,-1.7650808659119832e-06,4.235909469962884e-06,-2.4709905102060503e-06,6.526253182315145e-08,1.130375009150697e-07
1249,0.00017840661662983268,0.0001761847244036148,2.8068891393313203e-05,2.4452194182408387,1.863861348777131,1.7776911193869167,2.4029719101806912,-1.0,3.14,1.4805979634448954,-0.6105920840282139,-1.917203944820787,-1.570014034753891,-1.5694413563949683,1.2396892223875966e-07,0.0,0.0,-1.7569404904271835e-06,4.216368380438595e-06,-2.4595890546486032e-06,6.496094684393938e-08,1.1251514298038501e-07
1250,0.0001775847458428613,0.00017537309169655415,2.7939569950806522e-05,2.4452195328372537,1.8638605452752812,1.7776911196874736,2.4029720335768614,-1.0,3.14,1.48059621460709,-0.6105878871103958,-1.9172063930612258,-1.570013970093127,-1.569441244399755,1.233961701707642e-07,0.0,0.0,-1.7488378054597575e-06,4.1969178180556455e-06,-2.4482404388237455e-06,6.466076385436281e-08,1.1199521332549978e-07
1251,0.00017676667190867016,0.00017456520852287272,2.7810852764579413e-05,2.4452196469042398,1.8638597454853991,1.7776911199866423,2.402972156402941,-1.0,3.14,1.4805944738344547,-0.6105837095530361,-1.9172088300056416,-1.570013905731151,-1.5694411329220548,1.228260795294034e-07,0.0,0.0,-1.7407726351503783e-06,4.1775573597080395e-06,-2.4369444158178766e-06,6.436197597103899e-08,1.1147770018204994e-07
1252,0.00017595237718829996,0.00017376105746264405,2.7682724200361724e-05,2.445219760444254,1.8638589493902389,1.7776911202844283,2.4029722786615784,-1.0,3.14,1.4805927410896504,-0.6105795512664515,-1.9172112557063816,-1.570013841666574,-1.5694410219594623,1.222586374360901e-07,0.0,0.0,-1.7327448043058524e-06,4.158286584621251e-06,-2.4257007400496633e-06,6.406457697671897e-08,1.1096259244780526e-07
1253,0.00017514184412408513,0.00017296062117815253,2.7555184411056578e-05,2.4452198734597475,1.863858156972637,1.7776911205808383,2.4029724003554103,-1.0,3.14,1.4805910163355116,-0.6105754121613775,-1.9172136702155482,-1.5700137778980139,-1.5694409115095838,1.2169383190041572e-07,0.0,0.0,-1.7247541388432097e-06,4.139105074019156e-06,-2.4145091666039065e-06,6.37685602100646e-08,1.1044987857644628e-07
1254,0.000174335055243874,0.00017216388241470833,2.7428241609976437e-05,2.445219985953156,1.8638573682155113,1.7776911208758785,2.4029725214870603,-1.0,3.14,1.4805892995350463,-0.6105712921489665,-1.9172160735850003,-1.5700137144240949,-1.5694408015700363,1.2113165004379312e-07,0.0,0.0,-1.7168004653456137e-06,4.120012410901985e-06,-2.403369452119719e-06,6.347391900973776e-08,1.0993954746574275e-07
1255,0.00017353199315557426,0.0001713708239972253,2.7301871592624834e-05,2.445220097926904,1.863856583101859,1.7776911211695556,2.40297264205914,-1.0,3.14,1.4805875906514352,-0.6105671911407863,-1.9172184658663545,-1.5700136512434477,-1.5694406921384483,1.2057207987581364e-07,0.0,0.0,-1.7088836110623618e-06,4.101008180268373e-06,-2.3922813541243926e-06,6.318064715848948e-08,1.0943158801346442e-07
1256,0.0001727326405472798,0.00017058142883031547,2.7176106861170546e-05,2.445220209383406,1.863855801614756,1.777691121461876,2.402972762074249,-1.0,3.14,1.4805858896480306,-0.6105631090488168,-1.917220847110986,-1.5700135883547097,-1.5694405832124592,1.2001510896197942e-07,0.0,0.0,-1.7010034045750189e-06,4.08209196944842e-06,-2.381244631477486e-06,6.288873799498162e-08,1.0892598911738105e-07
1257,0.00017193698019306916,0.0001697956799017118,2.705089839912034e-05,2.445220320325066,1.8638550237373606,1.7776911217528457,2.4029728815349745,-1.0,3.14,1.480584196488356,-0.6105590457854495,-1.91722321737003,-1.5700135257565244,-1.5694404747897197,1.194607253118818e-07,0.0,0.0,-1.6931596746871946e-06,4.063263367326542e-06,-2.3702590441487814e-06,6.259818530196526e-08,1.0842273945321779e-07
1258,0.00017114499494377093,0.00016901356027692897,2.6926295198477187e-05,2.445220430754273,1.8638542494529078,1.777691122042471,2.4029730004438914,-1.0,3.14,1.4805825111361044,-0.6105550012634847,-1.9172255766943833,-1.570013463447542,-1.5694403668678918,1.1890891693511207e-07,0.0,0.0,-1.6853522515347663e-06,4.044521964785552e-06,-2.359324353218284e-06,6.230898241810223e-08,1.0792182791874438e-07
1259,0.00017035666773220612,0.00016823505310193347,2.6802247708975905e-05,2.4452205406734078,1.8638534787447125,1.7776911223307583,2.4029731188035623,-1.0,3.14,1.4805808335551387,-0.6105509753961298,-1.917227925134704,-1.5700134014264184,-1.569440259444648,1.183596709530832e-07,0.0,0.0,-1.6775809656977003e-06,4.025867354928714e-06,-2.348440320654177e-06,6.202112357023282e-08,1.074232438558198e-07
1260,0.0001695719815700798,0.00016746014160025477,2.6678772005136346e-05,2.4452206500848397,1.8638527115961665,1.7776911226177137,2.402973236616538,-1.0,3.14,1.4805791637094903,-0.6105469680969973,-1.9172302627414142,-1.5700133396918166,-1.5694401525176718,1.178129758194757e-07,0.0,0.0,-1.669845648422097e-06,4.007299132524622e-06,-2.337606710201001e-06,6.173460187497426e-08,1.069269761622138e-07
1261,0.00016879091955104494,0.00016668880907543375,2.655587606278059e-05,2.445220758990926,1.8638519479907405,1.7776911229033434,2.4029733538853577,-1.0,3.14,1.480577501563358,-0.610542979280103,-1.9172325895647002,-1.5700132782424052,-1.5694400460846578,1.1726881954388091e-07,0.0,0.0,-1.662146132286324e-06,3.988816894229252e-06,-2.326823286047386e-06,6.144941133712223e-08,1.0643301395774074e-07
1262,0.0001680134648464836,0.00016592103890989297,2.643355116805219e-05,2.4452208673940135,1.8638511879119835,1.7776911231876535,2.4029734706125483,-1.0,3.14,1.4805758470811077,-0.6105390088598641,-1.9172349056545142,-1.5700132170768597,-1.5694399401433115,1.1672719057997938e-07,0.0,0.0,-1.6544822503128387e-06,3.970420238919026e-06,-2.316089813936273e-06,6.116554551738318e-08,1.0594134636221497e-07
1263,0.00016723960070675662,0.00016515681456273819,2.6311788407488328e-05,2.445220975296438,1.8638504313435202,1.7776911234706505,2.402973586800625,-1.0,3.14,1.4805742002272713,-0.6105350567510971,-1.9172372110605744,-1.5700131561938613,-1.5694398346913487,1.1618807649327323e-07,0.0,0.0,-1.6468538364122765e-06,3.952108767024676e-06,-2.305406060276738e-06,6.088299842055278e-08,1.0545196271749546e-07
1264,0.00016646931046201518,0.00016439611957157994,2.6190578665286395e-05,2.445221082700524,1.8638496782690535,1.7776911237523403,2.4029737024520905,-1.0,3.14,1.4805725609665463,-0.610531122869016,-1.9172395058323677,-1.5700130955920977,-1.5694397297264966,1.15651465737443e-07,0.0,0.0,-1.639260724939362e-06,3.9338820810863595e-06,-2.2947717932542133e-06,6.060176360733749e-08,1.0496485214339657e-07
1265,0.00016570257751916703,0.00016363893755077502,2.6069938172339343e-05,2.4452211896085854,1.8638489286723616,1.7776911240327284,2.402973817569437,-1.0,3.14,1.4805709292637945,-0.6105272071292306,-1.9172417900191494,-1.5700130352702626,-1.5694396252464924,1.1511734632208004e-07,0.0,0.0,-1.6317027518031324e-06,3.915739785420591e-06,-2.2841867817202655e-06,6.032183508253297e-08,1.0448000420382186e-07
1266,0.0001649393853638849,0.00016288525219158276,2.594984919790346e-05,2.4452212960229254,1.8638481825372994,1.777691124311822,2.402973932155144,-1.0,3.14,1.4805693050840416,-0.6105233094477444,-1.9172440636699446,-1.5700129752270557,-1.5694395212490844,1.1458570714495409e-07,0.0,0.0,-1.6241797529126245e-06,3.897681486231264e-06,-2.2736507951925944e-06,6.00432068509349e-08,1.039974080185857e-07
1267,0.0001641797175586604,0.00016213504726213482,2.583031943425321e-05,2.445221401945835,1.8638474398477975,1.777691124589626,2.4029740462116798,-1.0,3.14,1.4805676883924765,-0.6105194297409526,-1.91724632683355,-1.5700129154611833,-1.5694394177320312,1.1405653577156727e-07,0.0,0.0,-1.6166915650650537e-06,3.879706791720672e-06,-2.2631636054093462e-06,5.976587247324971e-08,1.0351705315159165e-07
1268,0.00016342355774375997,0.00016138830660614707,2.5711339408441187e-05,2.4452215073795975,1.8638467005878618,1.7776911248661473,2.4029741597415013,-1.0,3.14,1.4805660791544502,-0.6105155679256409,-1.9172485795585343,-1.570012855971357,-1.5694393146931023,1.1352982154377855e-07,0.0,0.0,-1.609238026389903e-06,3.861815311756445e-06,-2.2527249843307118e-06,5.9489826176317706e-08,1.0303892894469868e-07
1269,0.00016267088963643357,0.00016064501414370447,2.559291678756909e-05,2.445221612326482,1.8638459647415733,1.7776911251413907,2.4029742727470533,-1.0,3.14,1.480564477335475,-0.6105117239189828,-1.9172508218932391,-1.5700127967562956,-1.569439212130077,1.1300555202709006e-07,0.0,0.0,-1.6018189752387002e-06,3.8440066580935905e-06,-2.24233470480506e-06,5.9215061520845325e-08,1.0256302518385496e-07
1270,0.00016192169702840823,0.0001599051538694397,2.547502448039735e-05,2.4452217167887493,1.863845232293087,1.7776911254153638,2.40297438523077,-1.0,3.14,1.4805628829012238,-0.6105078976385383,-1.917253053885781,-1.5700127378147226,-1.5694391100407459,1.1248371656336076e-07,0.0,0.0,-1.5944342510731957e-06,3.826280444485519e-06,-2.2319925419012066e-06,5.894157295571745e-08,1.0208933121091945e-07
1271,0.00016117596378967695,0.0001591687098544184,2.5357678639999676e-05,2.4452218207686482,1.8638445032266335,1.7776911256880708,2.4029744971950726,-1.0,3.14,1.4805612958175303,-0.6105040890022521,-1.9172552755840517,-1.5700126791453684,-1.569439008422909,1.1196430271809277e-07,0.0,0.0,-1.5870836935771848e-06,3.8086362862399525e-06,-2.2216982706879662e-06,5.8669354263685136e-08,1.0161783681184033e-07
1272,0.00016043367386451028,0.00015843566624268327,2.5240895685030683e-05,2.4452219242684183,1.863843777526516,1.7776911259595185,2.402974608642373,-1.0,3.14,1.4805597160503863,-0.6105002979284512,-1.9172574870357189,-1.570012620746969,-1.5694389072743775,1.1144730027723426e-07,0.0,0.0,-1.579767143988775e-06,3.7910738008850586e-06,-2.2114516671223328e-06,5.839839944954406e-08,1.0114853155052117e-07
1273,0.000159694811272594,0.00015770600725354767,2.5124630438294985e-05,2.4452220272902876,1.8638430551771117,1.7776911262297126,2.40297471957507,-1.0,3.14,1.480558143565943,-0.6104965243358439,-1.9172596882882285,-1.5700125626182662,-1.569438806592972,1.1093269725037658e-07,0.0,0.0,-1.5724844433240293e-06,3.773592607281273e-06,-2.2012525096037905e-06,5.8128702740134486e-08,1.0068140543495474e-07
1274,0.0001589593601090717,0.00015697971718074718,2.5008907877450588e-05,2.445222129836474,1.8638423361628718,1.777691126498659,2.4029748299955527,-1.0,3.14,1.4805565783305084,-0.6104927681435174,-1.9172618793888048,-1.570012504758008,-1.5694387063765245,1.1042048253528947e-07,0.0,0.0,-1.5652354345974118e-06,3.7561923265094777e-06,-2.191100576309779e-06,5.7860258140252085e-08,1.002164475849554e-07
1275,0.00015822730454318485,0.00015625678039061881,2.489373557078837e-05,2.445222231909185,1.8638416204683192,1.777691126766363,2.4029749399061977,-1.0,3.14,1.4805550203105482,-0.6104890292709363,-1.9172640603844515,-1.5700124471649484,-1.5694386066228758,1.0991064502974268e-07,0.0,0.0,-1.558019960157253e-06,3.738872581093844e-06,-2.180995646750006e-06,5.7593059654692524e-08,9.975364867464975e-08
1276,0.0001574986288188038,0.0001555371813235447,2.4779085347135623e-05,2.4452223335106185,1.8638409080780505,1.777691127032831,2.4029750493093713,-1.0,3.14,1.4805534694726838,-0.6104853076379407,-1.9172662313219533,-1.5700123898378469,-1.569438507329878,1.0940317363150598e-07,0.0,0.0,-1.5508378643502851e-06,3.721632995556945e-06,-2.1709375017664456e-06,5.7327101510296075e-08,9.929299782385215e-08
1277,0.00015677331725256002,0.00015482090449197439,2.4664946482027525e-05,2.445222434642961,1.863840198976733,1.7776911272980687,2.402975158207428,-1.0,3.14,1.4805519257836928,-0.6104816031647444,-1.9172683922478766,-1.570012332775469,-1.5694384084953925,1.088980567942599e-07,0.0,0.0,-1.5436889910791507e-06,3.704473196308733e-06,-2.1609259233112965e-06,5.706237793390301e-08,9.883448548464457e-08
1278,0.00015605135423626325,0.00015410793448218324,2.45513441955569e-05,2.4452225353083885,1.8638394931491076,1.777691127562081,2.4029752666027124,-1.0,3.14,1.4805503892105065,-0.6104779157719332,-1.91727054320857,-1.5700122759765855,-1.569438310117291,1.0839528430395262e-07,0.0,0.0,-1.536573186244894e-06,3.68739281120245e-06,-2.1509606933367564e-06,5.67988833743982e-08,9.837810144297521e-08
1279,0.0001553327242335241,0.00015339825595160318,2.443828597064249e-05,2.4452226355090683,1.8638387905799854,1.7776911278248744,2.4029753744975566,-1.0,3.14,1.480548859720211,-0.6104742453804632,-1.9172726842501666,-1.570012219439974,-1.5694382121934554,1.0789484417017547e-07,0.0,0.0,-1.5294902955265144e-06,3.6703914699787177e-06,-2.141041596681603e-06,5.653661161453272e-08,9.792383570683683e-08
1280,0.00015461741178139098,0.0001526918536300158,2.4325733753328403e-05,2.4452227352471563,1.8638380912542492,1.7776911280864547,2.402975481894283,-1.0,3.14,1.480547337280045,-0.6104705919116588,-1.917274815418584,-1.5700121631644166,-1.569438114721777,1.0739672617887663e-07,0.0,0.0,-1.5224401659352793e-06,3.6534688044875807e-06,-2.1311684172964362e-06,5.6275557325236036e-08,9.747167828422221e-08
1281,0.00015390540148861937,0.00015198871231842263,2.4213703770028098e-05,2.4452228345247993,1.8638373951568523,1.7776911283468269,2.402975588795202,-1.0,3.14,1.4805458218574008,-0.6104669552872112,-1.9172769367595253,-1.5700121071487023,-1.5694380177001577,1.0690091922782585e-07,0.0,0.0,-1.5154226442604113e-06,3.636624447578285e-06,-2.121340941352301e-06,5.601571428925922e-08,9.702161940516874e-08
1282,0.00015319667803582145,0.00015128881688876122,2.410219409033642e-05,2.445222933344132,1.8638367022728182,1.7776911286059967,2.4029756952026147,-1.0,3.14,1.4805443134198215,-0.6104633354291766,-1.917279048318481,-1.570012051391625,-1.5694379211265084,1.064074126588821e-07,0.0,0.0,-1.5084375792895344e-06,3.619858034542567e-06,-2.1115589556863767e-06,5.575707739957636e-08,9.657364929971379e-08
1283,0.00015249122617830752,0.00015059215228541378,2.3991174948253493e-05,2.445223031707282,1.8638360125872422,1.7776911288639703,2.40297580111881,-1.0,3.14,1.480542811935002,-0.6104597322599746,-1.9172811501407292,-1.5700119958919843,-1.5694378249987504,1.0591619536981511e-07,0.0,0.0,-1.501484819588228e-06,3.6031692020044304e-06,-2.1018222482460658e-06,5.549964066098312e-08,9.612775797585016e-08
1284,0.0001517890307387256,0.00014989870352112426,2.3880690377539064e-05,2.4452231296163647,1.8638353260852871,1.7776911291207524,2.402975906546067,-1.0,3.14,1.480541317370787,-0.610456145702386,-1.9172832422713366,-1.5700119406485855,-1.5694377293148147,1.0542725714657308e-07,0.0,0.0,-1.4945642148322946e-06,3.586557588586281e-06,-2.0921306074228596e-06,5.524339874440898e-08,9.568393566361522e-08
1285,0.00015109007661289029,0.00014920845568032698,2.377072914995184e-05,2.445223227073487,1.863834642752187,1.777691129376349,2.4029760114866536,-1.0,3.14,1.4805398296951717,-0.6104525756795519,-1.9172853247551604,-1.5700118856602399,-1.5694376340726417,1.0494058644283655e-07,0.0,0.0,-1.4876756153636705e-06,3.5700228341317697e-06,-2.082483823828696e-06,5.4988345654649606e-08,9.524217303713556e-08
1286,0.00015039434876795441,0.00014852139391685398,2.3661251640374112e-05,2.4452233240807444,1.8638339625732443,1.777691129630766,2.402976115942827,-1.0,3.14,1.4805383488762998,-0.6104490221149712,-1.917287397636848,-1.5700118309257638,-1.5694375392701818,1.0445617348864289e-07,0.0,0.0,-1.4808188719683812e-06,3.553564580704993e-06,-2.0728816876314227e-06,5.4734476062634485e-08,9.480245988235936e-08
1287,0.0001497018322400663,0.00014783750345359072,2.3552292877376625e-05,2.445223420640224,1.86383328553383,1.777691129884008,2.4029762199168347,-1.0,3.14,1.4805368748824632,-0.6104454849324993,-1.9172894609608389,-1.5700117764439796,-1.5694374449053947,1.0397400762585107e-07,0.0,0.0,-1.4739938365426752e-06,3.5371824719243605e-06,-2.0633239907752454e-06,5.4481784195203886e-08,9.436478709545781e-08
1288,0.00014901251213488627,0.00014715676958294586,2.3443831679795808e-05,2.445223516754003,1.863832611619384,1.777691130136081,2.402976323410913,-1.0,3.14,1.4805354076821013,-0.6104419640563464,-1.9172915147713652,-1.5700117222137147,-1.5694373509762498,1.0349407819632006e-07,0.0,0.0,-1.4672003618709795e-06,3.520876152851571e-06,-2.0538105263145923e-06,5.4230264945331896e-08,9.392914490646831e-08
1289,0.00014832637363089627,0.00014647917766682036,2.333587498543224e-05,2.445223612424148,1.8638319408154147,1.7776911303869902,2.402976426427287,-1.0,3.14,1.480533947243801,-0.610438459411076,-1.9172935591124531,-1.5700116682338023,-1.569437257480726,1.0301637409781961e-07,0.0,0.0,-1.4604383002936316e-06,3.5046452704357023e-06,-2.0443410879700252e-06,5.397991231781418e-08,9.349552376747283e-08
1290,0.00014764340197287597,0.00014580471313453512,2.322840115095031e-05,2.445223707652717,1.8638312731074975,1.7776911306367411,2.4029765289681726,-1.0,3.14,1.4805324935362951,-0.6104349709216026,-1.9172955940279237,-1.570011614503081,-1.569437164416812,1.025408855603871e-07,0.0,0.0,-1.4537075059273263e-06,3.48848947340219e-06,-2.0349154705723294e-06,5.373072142766944e-08,9.306391413055337e-08
1291,0.0001469635824748545,0.00014513336148383558,2.3121455323328582e-05,2.4452238024417565,1.8638306084812755,1.777691130885339,2.402976631035775,-1.0,3.14,1.4805310465284616,-0.6104314985131908,-1.917297619561393,-1.5700115610203946,-1.569437071782505,1.020676023699707e-07,0.0,0.0,-1.447007833554892e-06,3.472408411808736e-06,-2.025533469396379e-06,5.3482686279693326e-08,9.263430689188112e-08
1292,0.00014628690052185853,0.00014446510828199064,2.301497732844598e-05,2.4452238967933053,1.8638299469224604,1.7776911311327896,2.402976732632289,-1.0,3.14,1.4805296061893236,-0.6104280421114532,-1.9172996357562748,-1.5700115077845929,-1.5694369795758125,1.0159651386842938e-07,0.0,0.0,-1.4403391379591568e-06,3.456401737600423e-06,-2.0161948817154496e-06,5.3235801766859936e-08,9.220669250353808e-08
1293,0.00014561334156577908,0.0001437999391610836,2.2908993074522024e-05,2.4452239907093936,1.8638292884168286,1.7776911313790977,2.402976833759899,-1.0,3.14,1.4805281724880486,-0.6104246016423489,-1.91730164265578,-1.5700114547945303,-1.569436887794751,1.0112761028580053e-07,0.0,0.0,-1.4337012750331724e-06,3.4404691042766444e-06,-2.0068995052469063e-06,5.299006256009875e-08,9.178106141760622e-08
1294,0.00014494289112571503,0.0001431378398219036,2.2803499708560445e-05,2.4452240841920383,1.8638286329502238,1.777691131624269,2.402976934420779,-1.0,3.14,1.480526745393947,-0.6104211770321817,-1.917303640302918,-1.5700114020490672,-1.5694367964373463,1.0066088007576468e-07,0.0,0.0,-1.4270941015581684e-06,3.4246101672241736e-06,-1.9976471379301586e-06,5.2745463108294643e-08,9.135740475230136e-08
1295,0.00014427553479060467,0.00014247879603272344,2.269849429255446e-05,2.4452241772432504,1.8638279805085571,1.7776911318683084,2.402977034617094,-1.0,3.14,1.4805253248764725,-0.6104177682075987,-1.9173056287404981,-1.5700113495470691,-1.5694367055016334,1.0019631480062685e-07,0.0,0.0,-1.4205174745374194e-06,3.4088245829400066e-06,-1.9884375801471066e-06,5.25019980823771e-08,9.093571295970548e-08
1296,0.0001436112582149044,0.00014182279362691153,2.2593983629739378e-05,2.4452242698650295,1.8638273310778037,1.777691132111221,2.402977134350997,-1.0,3.14,1.4805239109052206,-0.6104143750955887,-1.91730760801113,-1.570011297287407,-1.5694366149856565,9.973390291406758e-08,0.0,0.0,-1.4139712518623782e-06,3.3931120100305634e-06,-1.9792706318355613e-06,5.22596621532756e-08,9.051597693598978e-08
1297,0.0001429500471210007,0.00014116981850535005,2.2489935125226295e-05,2.4452243620593674,1.863826684644006,1.7776911323530131,2.4029772336246324,-1.0,3.14,1.4805225034499283,-0.6104109976234802,-1.9173095781572245,-1.5700112452689567,-1.5694365248874689,9.927363553430268e-08,0.0,0.0,-1.407455292312676e-06,3.377472108545554e-06,-1.970146094487646e-06,5.201845021396423e-08,9.009818757732546e-08
1298,0.0001422918872983498,0.00014051985663401774,2.2386384979371423e-05,2.445224453828245,1.8638260411932701,1.7776911325936888,2.402977332440134,-1.0,3.14,1.4805211024804739,-0.6104076357189403,-1.9173115392209954,-1.5700111934905998,-1.569436435205133,9.88155015591019e-08,0.0,0.0,-1.4009694544458995e-06,3.3619045398669556e-06,-1.961063770927751e-06,5.177835693537247e-08,8.968233577988372e-08
1299,0.00014163676460273125,0.00013987289404533958,2.2283300281316237e-05,2.4452245451736356,1.863825400711769,1.7776911328332536,2.4029774307996257,-1.0,3.14,1.4805197079668748,-0.6104042893099728,-1.9173134912444596,-1.5700111419512228,-1.5694363459367209,9.835949166259184e-08,0.0,0.0,-1.3945135990400814e-06,3.3464089674861697e-06,-1.9520234642023127e-06,5.153937698842981e-08,8.926841221779114e-08
1300,0.00014098466495570864,0.00013922891683664757,2.2180707541991367e-05,2.445224636097501,1.8638247631857388,1.7776911330717127,2.402977528705221,-1.0,3.14,1.4805183198792886,-0.6104009583249167,-1.9173154342694383,-1.5700110906497176,-1.5694362570803126,9.790559518663144e-08,0.0,0.0,-1.3880875862071207e-06,3.3309850561158427e-06,-1.9430249786900333e-06,5.1301505266110325e-08,8.885640823130814e-08
1301,0.00014033557434528547,0.00013858791117021344,2.207857339132037e-05,2.4452247266017966,1.8638241286014807,1.7776911333090715,2.402977626159024,-1.0,3.14,1.4805169381880117,-0.6103976426924446,-1.9173173683375575,-1.5700110395849811,-1.5694361686339982,9.745380324943653e-08,0.0,0.0,-1.3816912769470946e-06,3.315632472133956e-06,-1.9340681192137055e-06,5.1064736439343505e-08,8.844631449456131e-08
1302,0.00013968947882412176,0.0001379498632727763,2.19769143264977e-05,2.4452248166884654,1.8638234969453593,1.7776911335453347,2.4029777231631297,-1.0,3.14,1.4805155628634783,-0.6103943423415611,-1.9173192934902499,-1.5700109887559157,-1.5694360805958758,9.700410563695527e-08,0.0,0.0,-1.3753245333703035e-06,3.3003508834728024e-06,-1.9251526923724782e-06,5.0829065401103435e-08,8.803812234781105e-08
1303,0.00013904636451016642,0.00013731475943595242,2.187573697086003e-05,2.4452249063594453,1.8638228682038038,1.7776911337805075,2.4029778197196223,-1.0,3.14,1.4805141938762603,-0.6103910572016013,-1.917321209768755,-1.5700109381614284,-1.5694359929640531,9.655649257922505e-08,0.0,0.0,-1.3689872180311369e-06,3.2851399598410325e-06,-1.91627850520959e-06,5.0594487266408805e-08,8.763182268722858e-08
1304,0.00013840621758786536,0.00013668258601566788,2.1774997053087467e-05,2.445224995616661,1.8638222423633066,1.777691134014595,2.4029779158305757,-1.0,3.14,1.4805128311970666,-0.6103877872022291,-1.9173231172141203,-1.570010887800432,-1.569435905736646,9.611095341810483e-08,0.0,0.0,-1.362679193706029e-06,3.2699993721685416e-06,-1.907445365212368e-06,5.0360996484144493e-08,8.722740707511889e-08
1305,0.00013776902430436762,0.0001360533294312187,2.167475189457577e-05,2.445225084462031,1.8638216194104231,1.7776911342476018,2.4029780114980555,-1.0,3.14,1.480511474796742,-0.6103845322734359,-1.917325015867202,-1.5700108376718436,-1.56943581891178,9.566747971589962e-08,0.0,0.0,-1.3564003245036815e-06,3.2549287931615822e-06,-1.8986530816444969e-06,5.0128588391373796e-08,8.682486596356398e-08
1306,0.00013713477097144081,0.00013542697616473546,2.157495693299402e-05,2.445225172897465,1.8638209993317711,1.777691134479534,2.402978106724117,-1.0,3.14,1.480510124646267,-0.610381292345539,-1.9173269057686657,-1.5700107877745861,-1.569435732487589,9.52260617026468e-08,0.0,0.0,-1.3501504749768856e-06,3.2399278969696965e-06,-1.889901463769661e-06,4.989725743698159e-08,8.642419113691346e-08
1307,0.00013650344396669766,0.00013480351276303675,2.1475618444397832e-05,2.445225260924861,1.863820382114032,1.7776911347103954,2.402978201510806,-1.0,3.14,1.4805087807167574,-0.6103780673491795,-1.9173287869589883,-1.570010738107587,-1.5694356464622152,9.478668872020535e-08,0.0,0.0,-1.343929509678432e-06,3.2249963594077613e-06,-1.8811903226279014e-06,4.966699918007578e-08,8.602537371338315e-08
1308,0.00013587502972859752,0.00013418292583480275,2.137674279252704e-05,2.4452253485461113,1.8638197677439488,1.7776911349401916,2.402978295860158,-1.0,3.14,1.4805074429794625,-0.6103748572153219,-1.917330659478458,-1.5700106886697789,-1.56943556083381,9.434935233088027e-08,0.0,0.0,-1.3377372949374688e-06,3.210133857622921e-06,-1.8725194697033487e-06,4.9437808069541234e-08,8.562840525527804e-08
1309,0.00013524951475968775,0.00013356520205060675,2.1278336429477652e-05,2.445225435763098,1.8638191562083255,1.7776911351689273,2.402978389774201,-1.0,3.14,1.4805061114057658,-0.6103716618752515,-1.9173325233671754,-1.5700106394600994,-1.5694354756005333,9.391404276470894e-08,0.0,0.0,-1.3315736966390546e-06,3.1953400704276547e-06,-1.8638887173683116e-06,4.9209679442441256e-08,8.523327665876934e-08
1310,0.00013462688562794375,0.00013295032814533255,2.1180363962336856e-05,2.4452255225776924,1.8638185474940299,1.7776911353966078,2.402978483254951,-1.0,3.14,1.4805047859671836,-0.6103684812605734,-1.9173343786650543,-1.5700105904774913,-1.5694353907605538,9.348074980763954e-08,0.0,0.0,-1.32543858222256e-06,3.180614678077731e-06,-1.8552978788832775e-06,4.898260819174993e-08,8.483997948616206e-08
1311,0.0001340071289614883,0.0001323382909145022,2.1082852504093047e-05,2.4452256089917626,1.86381794158799,1.7776911356232377,2.402978576304416,-1.0,3.14,1.4805034666353651,-0.6103653153032109,-1.917336225411823,-1.5700105417209018,-1.5694353063120485,9.304946502197708e-08,0.0,0.0,-1.3193318184612224e-06,3.165957362494254e-06,-1.8467467686189565e-06,4.875658943248595e-08,8.444850529976122e-08
1312,0.00013339023145156041,0.00013172907721534067,2.0985787319623488e-05,2.4452256950071605,1.8638173384771946,1.7776911358488217,2.402978668924594,-1.0,3.14,1.4805021533820908,-0.6103621639354041,-1.9173380636470243,-1.5700104931892835,-1.5694352222532029,9.262017819366974e-08,0.0,0.0,-1.3132532743487246e-06,3.1513678068195716e-06,-1.8382352013901482e-06,4.853161827966801e-08,8.405884566187183e-08
1313,0.00013277617985247718,0.00013112267396668466,2.0889164000343107e-05,2.445225780625735,1.8638167381486934,1.7776911360733647,2.4029787611174744,-1.0,3.14,1.4805008461792726,-0.6103590270897082,-1.9173398934100174,-1.570010444881594,-1.5694351385822112,9.219288044093332e-08,0.0,0.0,-1.307202818212616e-06,3.1368456958613677e-06,-1.829762993121875e-06,4.830768962627019e-08,8.367099169070968e-08
1314,0.0001321649609805357,0.00013051906814932606,2.0793010063818166e-05,2.445225865849324,1.8638161405895979,1.777691136296872,2.402978852885037,-1.0,3.14,1.4804995449989526,-0.6103559046989924,-1.9173417147399785,-1.570010396796795,-1.5694350552972758,9.176756243789441e-08,0.0,0.0,-1.3011803199347582e-06,3.1223907158706155e-06,-1.8213299610714273e-06,4.808479880935579e-08,8.328493539266901e-08
1315,0.00013155656171085636,0.00012991824680243358,2.0697278410961662e-05,2.4452259506797587,1.863815545787077,1.7776911365193473,2.402978944229252,-1.0,3.14,1.4804982498133035,-0.6103527966964376,-1.9173435276759008,-1.5700103489338544,-1.569434972396608,9.134421530276882e-08,0.0,0.0,-1.295185649174968e-06,3.1080025547636225e-06,-1.8129359222740504e-06,4.7862940721898894e-08,8.290066788596562e-08
1316,0.0001309509689829127,0.00012932019702810422,2.060199648412985e-05,2.44522603511886,1.8638149537283624,1.7776911367407968,2.4029790351520814,-1.0,3.14,1.4804969605946263,-0.6103497030155361,-1.9173453322565963,-1.5700103012917432,-1.5694348898784267,9.092282926559392e-08,0.0,0.0,-1.2892186771473746e-06,3.0936809014558975e-06,-1.8045806955413468e-06,4.764211114505201e-08,8.251818117699372e-08
1317,0.00013034816979606704,0.00012872490598794215,2.05071488966492e-05,2.445226119168441,1.8638143644007439,1.7776911369612245,2.4029791256554764,-1.0,3.14,1.480495677315352,-0.6103466235900893,-1.9173471285206969,-1.5700102538694387,-1.5694348077409597,9.050339500049631e-08,0.0,0.0,-1.2832792743999732e-06,3.0794254468613502e-06,-1.7962641005730973e-06,4.742230452770002e-08,8.213746705010294e-08
1318,0.00012974815121157712,0.00012813236090409414,2.041276345845915e-05,2.4452262028303045,1.8638137777915718,1.7776911371806348,2.4029792157413805,-1.0,3.14,1.4804943999480387,-0.6103435583542063,-1.917348916506654,-1.5700102066659223,-1.5694347259824428,9.008590406978101e-08,0.0,0.0,-1.2773673132571162e-06,3.0652358830041138e-06,-1.7879859570690826e-06,4.720351642895082e-08,8.175851684555369e-08
1319,0.0001291509003479426,0.00012754254905664313,2.0318781041731634e-05,2.445226286106248,1.8638131938882536,1.7776911373990334,2.402979305411727,-1.0,3.14,1.4804931284653722,-0.6103405072423027,-1.9173506962527402,-1.57001015968018,-1.5694346446011205,8.967034670348539e-08,0.0,0.0,-1.2714826664872447e-06,3.0511119035736556e-06,-1.7797460862833958e-06,4.698574218586771e-08,8.138132234769557e-08
1320,0.0001285564043876287,0.00012695545778684337,2.0225229221945638e-05,2.4452263689980582,1.8638126126782575,1.7776911376164242,2.4029793946684417,-1.0,3.14,1.4804918628401655,-0.6103374701890992,-1.9173524677970508,-1.570010112911203,-1.5694345635952447,8.925671446391448e-08,0.0,0.0,-1.2656252066367557e-06,3.0370532034806885e-06,-1.771544310580353e-06,4.676897713551398e-08,8.100587578496743e-08
1321,0.00012796465057047813,0.0001263710744940108,2.0132125031288857e-05,2.4452264515075144,1.863812034149109,1.7776911378328117,2.4029794835134397,-1.0,3.14,1.4804906030453582,-0.6103344471296199,-1.917354231177503,-1.570010066357987,-1.5694344829630762,8.884499802519485e-08,0.0,0.0,-1.259794807362269e-06,3.02305947930126e-06,-1.7633804521022256e-06,4.6553215948819116e-08,8.063216849762966e-08
1322,0.00012737562619745814,0.00012578938663737607,2.0039452548136737e-05,2.4452265336363883,1.863811458288393,1.7776911380482017,2.4029795719486287,-1.0,3.14,1.4804893490540145,-0.6103314379991912,-1.9173559864318375,-1.5700100200195324,-1.5694344027028835,8.843518894963154e-08,0.0,0.0,-1.2539913436526717e-06,3.0091304287216403e-06,-1.7552543345455973e-06,4.633845462898023e-08,8.02601927141211e-08
1323,0.00012678931862736831,0.00012521038173338438,1.994719552625265e-05,2.445226615386442,1.863810885083751,1.7776911382625975,2.402979659975906,-1.0,3.14,1.480488100839325,-0.61032844273344,-1.9173577335976202,-1.570009973894844,-1.5694343228129435,8.802727746726191e-08,0.0,0.0,-1.2482146896086732e-06,2.9952657512044567e-06,-1.7471657827172749e-06,4.6124688291016014e-08,7.988993999674676e-08
1324,0.0001262057152779458,0.00012463404735720178,1.9855382123103456e-05,2.44522669675943,1.8638103145228826,1.7776911384760046,2.4029797475971613,-1.0,3.14,1.480486858374604,-0.6103254612682925,-1.9173594727122418,-1.570009927982932,-1.5694342432915407,8.762125514039099e-08,0.0,0.0,-1.2424647208852946e-06,2.981465147544604e-06,-1.7391146216461095e-06,4.591191204994516e-08,7.952140279599007e-08
1325,0.00012562480362773086,0.00012406037114243384,1.976397358194683e-05,2.4452267777570986,1.8638097465935455,1.7776911386884267,2.4029798348142744,-1.0,3.14,1.4804856216332902,-0.6103224935399728,-1.9173612038129193,-1.5700098822828106,-1.5694341641369682,8.721711308723457e-08,0.0,0.0,-1.236741313803691e-06,2.9677283196472004e-06,-1.7311006774711757e-06,4.5700121464875565e-08,7.915457245211144e-08
1326,0.00012504657121183025,0.00012348934078043345,1.9673009406557272e-05,2.4452268583811856,1.8638091812835542,1.7776911388998693,2.402979921629117,-1.0,3.14,1.4804843905889453,-0.6103195394850016,-1.917362926936696,-1.5700098367934985,-1.5694340853475266,8.681484287009766e-08,0.0,0.0,-1.2310443449070618e-06,2.9540549711937203e-06,-1.7231237767756369e-06,4.5489312094915135e-08,7.87894416376389e-08
1327,0.00012447100562418357,0.0001229209440193914,1.9582439094663437e-05,2.4452269386334216,1.8638086185807798,1.7776911391103367,2.402980008043553,-1.0,3.14,1.4804831652152544,-0.6103165990401945,-1.9173646421204438,-1.5700097915140194,-1.5694340069215247,8.641443560719608e-08,0.0,0.0,-1.2253736909606516e-06,2.940444807086884e-06,-1.715183747696969e-06,4.527947905508256e-08,7.842600191487747e-08
1328,0.0001238980945162977,0.00012235516866515207,1.9492302310724047e-05,2.4452270185155274,1.8638080584731502,1.777691139319833,2.402980094059435,-1.0,3.14,1.480481945486024,-0.6103136721426609,-1.9173663494008624,-1.5700097464434013,-1.5694339288572792,8.601588197265642e-08,0.0,0.0,-1.2197292302840168e-06,2.926897533672701e-06,-1.7072804185946922e-06,4.507061812653035e-08,7.806424551226598e-08
1329,0.00012332782559791488,0.0001217920025802088,1.940257076452052e-05,2.445227098029218,1.8638075009486497,1.777691139528363,2.402980179678609,-1.0,3.14,1.480480731375183,-0.6103107587298022,-1.917368048814481,-1.5700097015806769,-1.5694338511531143,8.56191744169621e-08,0.0,0.0,-1.2141108409746693e-06,2.9134128586294494e-06,-1.6994136187165054e-06,4.486272442427719e-08,7.770416488028786e-08
1330,0.00012276018663559036,0.00012123143368351539,1.9313261601400162e-05,2.445227177176198,1.863806945995318,1.7776911397359307,2.4029802649029124,-1.0,3.14,1.4804795228567813,-0.6103078587393113,-1.9173697403976595,-1.5700096569248834,-1.5694337738073625,8.52243031701505e-08,0.0,0.0,-1.2085184017962547e-06,2.8999904909676744e-06,-1.6915831784203306e-06,4.4655793507430985e-08,7.734575180329273e-08
1331,0.00012219516545291595,0.00012067344995127124,1.9224357607730684e-05,2.4452272559581667,1.8638063936012519,1.7776911399425415,2.402980349734173,-1.0,3.14,1.4804783199049882,-0.6103049721091701,-1.9173714241865878,-1.5700096124750622,-1.5694336968183638,8.483126068270508e-08,0.0,0.0,-1.202951793066731e-06,2.886630141141211e-06,-1.683788928286134e-06,4.444982115714424e-08,7.698899873176401e-08
1332,0.00012163274993005686,0.00012011803941437743,1.9135876034266645e-05,2.445227334376812,1.8638058437546021,1.7776911401481996,2.4029804341742107,-1.0,3.14,1.4804771224940945,-0.6103020987776491,-1.9173731002172882,-1.5700095682302597,-1.569433620184466,8.444003762875241e-08,0.0,0.0,-1.1974108937717887e-06,2.8733315210471844e-06,-1.6760307004481945e-06,4.424480248843565e-08,7.663389767209594e-08
1333,0.00012107292800556998,0.00011956519016145285,1.9047799453281257e-05,2.4452274124338187,1.863805296443577,1.777691140352909,2.402980518224837,-1.0,3.14,1.4804759305985096,-0.6102992386833054,-1.9173747685256155,-1.5700095241895264,-1.5694335439040248,8.405062645877592e-08,0.0,0.0,-1.1918955848955193e-06,2.8600943436929427e-06,-1.6683083272628352e-06,4.404073328245772e-08,7.628044129681655e-08
1334,0.0001205156876714862,0.00011901489033440421,1.896012179764429e-05,2.4452274901308595,1.8638047516564369,1.7776911405566738,2.4029806018878546,-1.0,3.14,1.4804747441927617,-0.6102963917649817,-1.9173764291472573,-1.5700094803519171,-1.5694334679754034,8.366301740281301e-08,0.0,0.0,-1.1864057478661039e-06,2.8469183236401463e-06,-1.6606216417525133e-06,4.383760932036296e-08,7.592862139027545e-08
1335,0.00011996101697771828,0.00011846712813250961,1.8872836861925774e-05,2.445227567469601,1.8638042093814995,1.7776911407594989,2.402980685165058,-1.0,3.14,1.4804735632514974,-0.610293557961805,-1.9173780821177355,-1.5700094367164914,-1.5694333923969723,8.327720335543631e-08,0.0,0.0,-1.180941264333768e-06,2.833803176782723e-06,-1.6529704782719534e-06,4.363542571717005e-08,7.55784310690899e-08
1336,0.00011940890402934218,0.00011792189180849311,1.878598557931218e-05,2.4452276444517023,1.8638036696071352,1.7776911409613887,2.402980768058233,-1.0,3.14,1.480472387749481,-0.6102907372131848,-1.9173797274724074,-1.5700093932823131,-1.5694333171671104,8.289317499077242e-08,0.0,0.0,-1.1755020163928265e-06,2.8207486201248244e-06,-1.6453546718420142e-06,4.343417825403151e-08,7.522986189556491e-08
1337,0.00011885933698750445,0.00011737916967144512,1.869951462052531e-05,2.445227721078813,1.86380313232177,1.7776911411623475,2.4029808505691572,-1.0,3.14,1.480471217661594,-0.6102879294588124,-1.9173813652464653,-1.5700093500484504,-1.5694332422842034,8.251092431521556e-08,0.0,0.0,-1.1700878870257725e-06,2.807754372446958e-06,-1.6377740579276434e-06,4.3233862712099835e-08,7.488290698631772e-08
1338,0.00011831230406745451,0.00011683895008336868,1.8613441215353433e-05,2.4452277973525782,1.863802597513883,1.777691141362379,2.4029809326996006,-1.0,3.14,1.4804700529628345,-0.6102851346386591,-1.9173829954749384,-1.5700093070139756,-1.569433167746645,8.213044333515995e-08,0.0,0.0,-1.1646987594371438e-06,2.7948201533067873e-06,-1.6302284731040118e-06,4.303447487252754e-08,7.453755834774256e-08
1339,0.00011776779353960527,0.00011630122146156437,1.8527770904473623e-05,2.4452278732746318,1.863802065172007,1.7776911415614887,2.4029810144513237,-1.0,3.14,1.4804688936283164,-0.610282352692975,-1.9173846181926926,-1.5700092641779657,-1.5694330935528364,8.17517231688214e-08,0.0,0.0,-1.159334518163746e-06,2.781945684038334e-06,-1.6227177541683346e-06,4.283600985033331e-08,7.419380865236747e-08
1340,0.00011722579373080457,0.00011576597227756515,1.8442509305324047e-05,2.445227948846602,1.8638015352847295,1.777691141759679,2.40298109582608,-1.0,3.14,1.4804677396332695,-0.6102795835622882,-1.917386233434432,-1.5700092215395018,-1.5694330197011859,8.137475626668333e-08,0.0,0.0,-1.153995046854206e-06,2.7691306868637966e-06,-1.6152417394721397e-06,4.263846387075887e-08,7.385165057272047e-08
1341,0.000116686293019973,0.00011523319105524947,1.835761373069748e-05,2.44522802407011,1.863801007840689,1.7776911419569563,2.402981176825614,-1.0,3.14,1.4804665909530381,-0.6102768271874023,-1.9173878412346996,-1.5700091790976693,-1.5694329461901095,8.099953419105077e-08,0.0,0.0,-1.1486802313775968e-06,2.756374885892754e-06,-1.607800267588999e-06,4.244183249291211e-08,7.351107633724041e-08
1342,0.0001161492798412996,0.00011470286637379569,1.8273125736498242e-05,2.4452280989467687,1.8638004828285795,1.7776911421533237,2.402981257451663,-1.0,3.14,1.4804654475630814,-0.6102740835093964,-1.9173894416278776,-1.570009136851558,-1.5694328730180305,8.062604894831793e-08,0.0,0.0,-1.1433899567148131e-06,2.743678005900918e-06,-1.6003931779806635e-06,4.2246111275900944e-08,7.317207906254453e-08
1343,0.00011561474268283222,0.00011417498686403734,1.81890021718969e-05,2.445228173478182,1.8637999602371453,1.7776911423487853,2.402981337705955,-1.0,3.14,1.4804643094389722,-0.6102713524696232,-1.9173910346481886,-1.570009094800262,-1.5694328001833797,8.025429165670062e-08,0.0,0.0,-1.1381241091790173e-06,2.7310397732183134e-06,-1.593020310997062e-06,4.205129600087787e-08,7.283465075502704e-08
1344,0.00011508267008662048,0.00011364954121044255,1.8105297173051846e-05,2.4452282476659484,1.8637994400551845,1.7776911425433457,2.40298141759021,-1.0,3.14,1.4804631765563971,-0.6102686340097074,-1.917392620329696,-1.5700090529428792,-1.569432727684595,7.988425521077147e-08,0.0,0.0,-1.1328825750833715e-06,2.7184599157292766e-06,-1.5856815074322128e-06,4.1857382893084605e-08,7.249878475334981e-08
1345,0.00011455305064766381,0.00011312651815133403,1.8021967289138604e-05,2.445228321511659,1.8637989222715483,1.777691142737009,2.402981497106141,-1.0,3.14,1.480462048891155,-0.6102659280715453,-1.917394198706305,-1.5700090112785121,-1.5694326555201217,7.951593117283551e-08,0.0,0.0,-1.1276652420733058e-06,2.7059381620953005e-06,-1.5783766089683127e-06,4.166436706753984e-08,7.216447328595166e-08
1346,0.00011402587301393341,0.00011260590647549652,1.793903012532361e-05,2.445228395016895,1.8637984068751376,1.7776911429297795,2.402981576255453,-1.0,3.14,1.4804609264191573,-0.6102632345973028,-1.9173957698117634,-1.5700089698062674,-1.5694325836884122,7.914931199337616e-08,0.0,0.0,-1.1224719977942499e-06,2.69347424253219e-06,-1.5711054583977813e-06,4.14722447494853e-08,7.183170946944983e-08
1347,0.0001135011258859577,0.00011208769502487897,1.7856466283830015e-05,2.4452284681832337,1.8637978938549065,1.7776911431216609,2.402981655039842,-1.0,3.14,1.4804598091164272,-0.6102605535294143,-1.9173973336796621,-1.5700089285252554,-1.5694325121879265,7.878438879060923e-08,0.0,0.0,-1.1173027301136784e-06,2.6810678884769956e-06,-1.563867898735083e-06,4.1281011942118084e-08,7.150048575432777e-08
1348,0.00011297879801945949,0.00011157187269409053,1.777428096705045e-05,2.445228541012242,1.8637973831998604,1.7776911433126572,2.4029817334609964,-1.0,3.14,1.4804586969590994,-0.6102578848105815,-1.9173988903434362,-1.5700088874345914,-1.5694324410171314,7.842115445910736e-08,0.0,0.0,-1.1121573277872443e-06,2.6687188328100575e-06,-1.556663774104905e-06,4.1090663982501496e-08,7.117079503515811e-08
1349,0.00011245887821950099,0.0001110584284292084,1.7692479449968265e-05,2.4452286135054813,1.8637968748990565,1.7776911435027727,2.4029818115205974,-1.0,3.14,1.4804575899234187,-0.6102552283837722,-1.917400439836365,-1.5700088465333943,-1.5694323701745012,7.805960100526477e-08,0.0,0.0,-1.1070356806808235e-06,2.6564268092998944e-06,-1.5494929288539794e-06,4.090119709587725e-08,7.084263020651349e-08
1350,0.00011194135534370816,0.00011054735122630108,1.7611054472462478e-05,2.4452286856645054,1.863796368941601,1.777691143692012,2.402981889220318,-1.0,3.14,1.4804564879857407,-0.610252584192219,-1.9174019821915738,-1.5700088058207873,-1.5694322996585168,7.769972043547568e-08,0.0,0.0,-1.101937677994158e-06,2.644191553269337e-06,-1.5423552086613057e-06,4.0712607063397854e-08,7.051598438501117e-08
1351,0.00011142621830373598,0.00011003863013475798,1.7529998614943353e-05,2.4452287574908604,1.863795865316653,1.7776911438803784,2.402981966561823,-1.0,3.14,1.4804553911225304,-0.6102499521794179,-1.9174035174420332,-1.5700087652958974,-1.5694322294676668,7.734150520022354e-08,0.0,0.0,-1.096863210259258e-06,2.6320128010404176e-06,-1.5352504594279281e-06,4.052488988826042e-08,7.019085002113457e-08
1352,0.00011091345606079419,0.00010953225425421105,1.744932974645114e-05,2.4452288289860857,1.8637953640134215,1.7776911440678764,2.40298204354677,-1.0,3.14,1.4804542993103622,-0.6102473322891275,-1.9174050456205614,-1.5700087249578558,-1.5694321596004464,7.698494686181334e-08,0.0,0.0,-1.0918121682301773e-06,2.619890290378457e-06,-1.528178528165114e-06,4.0338041573662053e-08,6.986722045354554e-08
1353,0.00011040305762878371,0.0001090282127348805,1.7369027691123858e-05,2.4452289001517125,1.863794865021165,1.7776911442545102,2.4029821201768082,-1.0,3.14,1.4804532125259189,-0.6102447244653673,-1.917406566759824,-1.5700086848057981,-1.5694320900553578,7.663003831481774e-08,0.0,0.0,-1.0867844433271046e-06,2.6078237602700227e-06,-1.521139262550264e-06,4.015205767871066e-08,6.954508857681674e-08
1354,0.00010989501207217767,0.00010852649477735591,1.7289084717087664e-05,2.445228970989267,1.8637943683291929,1.7776911444402834,2.4029821964535802,-1.0,3.14,1.4804521307459915,-0.6102421286524166,-1.9174080808923346,-1.5700086448388637,-1.5694320208309105,7.627677200972016e-08,0.0,0.0,-1.081779927414317e-06,2.595812950700882e-06,-1.5141325107048687e-06,3.996693442864796e-08,6.92244472855208e-08
1355,0.00010938930850648919,0.00010802708963350525,1.7209544535717225e-05,2.4452290415002658,1.8637938739268642,1.7776911446252,2.40298227237872,-1.0,3.14,1.480451053947479,-0.6102395447948133,-1.9174095880504562,-1.5700086050561957,-1.5694319519256206,7.592513995291483e-08,0.0,0.0,-1.0767985125781365e-06,2.583857603211115e-06,-1.5071581216385965e-06,3.9782668048715664e-08,6.890528991831957e-08
1356,0.00010888593609748053,0.00010752998660424663,1.713033498552697e-05,2.4452291116862206,1.8637933818035874,1.777691144809264,2.402982347953855,-1.0,3.14,1.480449982107387,-0.6102369728373531,-1.9174110882664015,-1.5700085654569416,-1.5694318833380114,7.557513459488518e-08,0.0,0.0,-1.0718400917930637e-06,2.5719574602289796e-06,-1.5002159452492947e-06,3.9599254098021675e-08,6.858760914774109e-08
1357,0.00010838488406279753,0.0001070351750406779,1.705149974022426e-05,2.4452291815486333,1.86379289194882,1.7776911449924793,2.4029824231806027,-1.0,3.14,1.4804489152028286,-0.6102344127250875,-1.9174125815722334,-1.5700085260402528,-1.569431815066613,7.522674794202544e-08,0.0,0.0,-1.0669045584776882e-06,2.5601122656260245e-06,-1.4933058318788994e-06,3.941668880180771e-08,6.827139853449182e-08
1358,0.00010788614166885035,0.00010654264434370072,1.6973030933251744e-05,2.445229251089002,1.8637924043520693,1.7776911451748498,2.402982498060576,-1.0,3.14,1.480447853211022,-0.6102318644033232,-1.917414067999866,-1.5700084868052844,-1.5694317471099621,7.487997333299745e-08,0.0,0.0,-1.0619918067167333e-06,2.5483217642729983e-06,-1.4864276325354808e-06,3.923496838531548e-08,6.79566507510998e-08
1359,0.00010738969823168583,0.00010605238396260666,1.6894920527718305e-05,2.4452293203088162,1.8637919190028902,1.7776911453563802,2.402982572595379,-1.0,3.14,1.4804467961092915,-0.6102293278176207,-1.917415547581065,-1.5700084477511957,-1.569431679466603,7.453480277419544e-08,0.0,0.0,-1.057101730372878e-06,2.53658570248394e-06,-1.4795811991152874e-06,3.90540886296975e-08,6.764335913622688e-08
1360,0.00010689554311977223,0.0001055643833982496,1.681717351760569e-05,2.445229389209559,1.863791435890889,1.7776911455370734,2.402982646786608,-1.0,3.14,1.480445743875067,-0.6102268029137932,-1.917417020347449,-1.57000840887715,-1.5694316121350858,7.419122916019205e-08,0.0,0.0,-1.0522342244190241e-06,2.524903827572089e-06,-1.4727663839586569e-06,3.8874045760195486e-08,6.733151725057951e-08
1361,0.00010640366574744229,0.00010507863219685843,1.673978170174071e-05,2.445229457792705,1.8637909550057161,1.7776911457169333,2.402982720635852,-1.0,3.14,1.4804446964858828,-0.6102242896379052,-1.9174184863304897,-1.5700083701823142,-1.5694315451139678,7.38492440532923e-08,0.0,0.0,-1.0473891842721628e-06,2.5132758879609085e-06,-1.4659830407381946e-06,3.869483578000654e-08,6.702111798873034e-08
1362,0.00010591405558094985,0.00010459511995594185,1.6662736703516995e-05,2.4452295260597245,1.8637904763370738,1.7776911458959643,2.4029827941446933,-1.0,3.14,1.480443653919377,-0.6102217879362717,-1.9174199455615126,-1.5700083316658593,-1.5694314784018129,7.350884123624724e-08,0.0,0.0,-1.0425665057933742e-06,2.5017016335171505e-06,-1.4592310229044614e-06,3.851645491437239e-08,6.671215491138582e-08
1363,0.00010542670213565182,0.0001041138363213355,1.658608351827777e-05,2.445229594012078,1.8637899998747114,1.7776911460741698,2.4029828673147056,-1.0,3.14,1.4804426161532915,-0.6102192977554566,-1.9174213980716979,-1.57000829332696,-1.569431411997192,7.317001227136188e-08,0.0,0.0,-1.0377660855098725e-06,2.4901808151067684e-06,-1.4525101852402855e-06,3.833889938853474e-08,6.64046209131186e-08
1364,0.00010494159497333756,0.00010363477098547581,1.650974690782185e-05,2.4452296616512226,1.8637895256084247,1.777691146251554,2.4029829401474565,-1.0,3.14,1.4804415831654716,-0.6102168190422717,-1.9174228438920806,-1.570008255164795,-1.5694313458986824,7.28327509413873e-08,0.0,0.0,-1.0329878199488718e-06,2.478713184927983e-06,-1.44582038275054e-06,3.816216498364611e-08,6.609850955463514e-08
1365,0.00010445872370697459,0.00010315791369069664,1.6433771818225573e-05,2.445229728978606,1.8637890535280588,1.7776911464281204,2.4029830126445058,-1.0,3.14,1.4804405549338655,-0.6102143517437757,-1.9174242830535524,-1.5700082171785466,-1.569431280104868,7.249704925271772e-08,0.0,0.0,-1.0282316060816754e-06,2.4672984959561717e-06,-1.4391614717723655e-06,3.798624836903741e-08,6.579381439664189e-08
1366,0.00010397807799615002,0.00010268325422542968,1.63581632867141e-05,2.4452297959956697,1.8637885836235044,1.7776911466038727,2.4029830848074054,-1.0,3.14,1.4804395314365235,-0.610211895807273,-1.9174257155868613,-1.5700081793674012,-1.5694312146143394,7.216289965583655e-08,0.0,0.0,-1.0234973419898097e-06,2.4559365027210234e-06,-1.4325333088649472e-06,3.781114532586116e-08,6.54905285557561e-08
1367,0.00010349964755012815,0.00010221078242671626,1.6282885509533976e-05,2.4452298627038482,1.8637881158847003,1.7776911467788152,2.4029831566377013,-1.0,3.14,1.4804385126515973,-0.6102094511803122,-1.9174271415226123,-1.570008141730549,-1.5694311494256938,7.183029593349488e-08,0.0,0.0,-1.0187849261988902e-06,2.444626960751428e-06,-1.4259357510315596e-06,3.763685230140368e-08,6.518864559268422e-08
1368,0.00010302342212400732,0.00010174048817797953,1.620795679498457e-05,2.4452299291045723,1.8637876503016315,1.777691146952951,2.4029832281369314,-1.0,3.14,1.4804374985573403,-0.6102070178106854,-1.9174285608912685,-1.5700081042671834,-1.569431084537535,7.149923009208692e-08,0.0,0.0,-1.0140942570124878e-06,2.4333696267975213e-06,-1.4193686561636554e-06,3.746336552090668e-08,6.488815884608812e-08
1369,0.00010254939152319491,0.00010127236141143923,1.613336824349075e-05,2.44522999519926,1.8637871868643308,1.7776911471262846,2.4029832993066265,-1.0,3.14,1.4804364891321065,-0.6102045956464268,-1.917429973723152,-1.5700080669765022,-1.569431019948473,7.116969502618531e-08,0.0,0.0,-1.0094252338443965e-06,2.422164258608639e-06,-1.4128318834849551e-06,3.7290681209611876e-08,6.458906209871884e-08
1370,0.0001020775455974248,0.00010080639210387657,1.6059138421527146e-05,2.445230060989331,1.8637867255628757,1.7776911472988188,2.4029833701483105,-1.0,3.14,1.4804354843543504,-0.6102021846358118,-1.9174313800484437,-1.5700080298577068,-1.5694309556571244,7.08416840744519e-08,0.0,0.0,-1.0047777561084104e-06,2.41101061504434e-06,-1.4063252917750901e-06,3.7118795370716384e-08,6.429134846719364e-08
1371,0.0001016078742473506,0.00010034257028033543,1.5985244545353304e-05,2.44523012647619,1.863786266387391,1.7776911474705577,2.4029834406635002,-1.0,3.14,1.4804344842026262,-0.6101997847273555,-1.9174327798971846,-1.5700079929100024,-1.5694308916621125,7.051518968737014e-08,0.0,0.0,-1.0001517241065017e-06,2.3999084562964512e-06,-1.3998487409239146e-06,3.6947704451506524e-08,6.399501195630819e-08
1372,0.00010114036741696195,9.988088601195835e-05,1.59116912953655e-05,2.4452301916612402,1.8637858093280473,1.7776911476415054,2.402983510853705,-1.0,3.14,1.4804334886555877,-0.6101973958698118,-1.9174341732992766,-1.5700079561325972,-1.5694308279620666,7.019020475951265e-08,0.0,0.0,-9.95547038584732e-07,2.3888575436670223e-06,-1.393402091931506e-06,3.677740512131322e-08,6.370004590472433e-08
1373,0.00010067501509915819,9.942132941516993e-05,1.5838469397809484e-05,2.4452302565458783,1.8637853543750602,1.777691147811665,2.402983580720428,-1.0,3.14,1.4804324976919876,-0.6101950180121726,-1.9174355602844824,-1.570007919524704,-1.5694307645556225,6.986672307363051e-08,0.0,0.0,-9.909636000671185e-07,2.377857639235259e-06,-1.3869852057979415e-06,3.6607893161288985e-08,6.340644409519314e-08
1374,0.00010021180733327489,9.89638906544076e-05,1.5765597553628255e-05,2.4452303211314925,1.8637849015186927,1.77769114798104,2.4029836502651647,-1.0,3.14,1.480431511290677,-0.6101926511036659,-1.917436940882427,-1.570007883085539,-1.5694307014414226,6.954473663611793e-08,0.0,0.0,-9.864013106319902e-07,2.3669085066346796e-06,-1.3805979446335215e-06,3.643916501872013e-08,6.311419986637645e-08
1375,9.975073420475504e-05,9.850855993747425e-05,1.5693038191639176e-05,2.4452303854194644,1.8637844507492505,1.7776911481496347,2.4029837194894035,-1.0,3.14,1.4804305294306048,-0.6101902950937556,-1.9174383151225975,-1.5700078468143217,-1.5694306386181154,6.922423878563677e-08,0.0,0.0,-9.818600721356319e-07,2.3560099103869803e-06,-1.3742401705485463e-06,3.627121736293759e-08,6.282330722306995e-08
