iteration,err_norm,position_error,orientation_error,tcp_x,tcp_y,tcp_z,q0_rt_joint_linear_track,q1_rt_joint_carriage,q2_rt_base,q3_rt_shoulder,q4_rt_elbow,q5_rt_wrist1,q6_rt_wrist2,q7_rt_wrist3,dq0_rt_joint_linear_track,dq1_rt_joint_carriage,dq2_rt_base,dq3_rt_shoulder,dq4_rt_elbow,dq5_rt_wrist1,dq6_rt_wrist2,dq7_rt_wrist3
0,6.741417985955638,4.270703928637525,3.0182576636531593,0.267,-3.2807478955731993e-13,2.541,0.0,0.0,0.0,0.0,0.0,0.0,0.0,0.0,0.0,0.0,0.0,0.0,0.0,0.0,0.0,0.0
1,5.6455829797782435,3.7194254335927823,2.763758248751428,0.3408480363247891,1.0447548001500284,2.417419448019345,0.0,0.402914648669832,-0.12396336977680814,0.36913591071550134,0.012556446643784103,-0.15095865123760482,-0.3440230174279333,-0.15095865123760482,0.0,0.402914648669832,-0.12396336977680814,0.36913591071550134,0.012556446643784103,-0.15095865123760482,-0.3440230174279333,-0.15095865123760482
2,5.767037193307308,4.1791979147084115,2.6792476739641,0.005715363581340165,0.6538288772258917,2.4821230585509815,0.0,1.0,-0.5994097870536006,-0.11772706640504671,-0.21558029841850165,0.6842233524629351,0.4016160858806488,-0.7981263802670009,0.0,0.5970853513301679,-0.4754464172767925,-0.48686297712054805,-0.22813674506228576,0.83518200370054,0.7456391033085821,-0.647167729029396
3,4.238753193213656,3.319381876716954,2.0673646165304826,0.6774451837607118,1.352671017644542,2.4425281167770905,0.0,1.0,-0.7917306403069346,0.36483768403513905,-0.069874018715564,0.6434786801354007,-0.22642196404408554,-1.0625123451873009,0.0,0.0,-0.19232085325333403,0.48256475044018576,0.14570627970293765,-0.040744672327534426,-0.6280380499247343,-0.2643859649203
4,3.6132269282276686,3.1155732295509586,1.5219017498975334,1.0010710442249062,1.0057164685623103,2.3154795151288523,0.5194782382169205,1.0,-1.0686195357571822,-0.33136948024503343,0.9302507139279086,1.1526946101400992,-0.5642152707209273,-1.4910414618256316,0.5194782382169205,0.0,-0.27688889545024753,-0.6962071642801725,1.0001247326434726,0.5092159300046986,-0.3377933066768417,-0.4285291166383307
5,3.0062344237249854,2.6764476970178785,1.2015454588318373,1.4218825927633634,1.150230839678361,2.2767265184210723,0.5518425206316122,1.0,-1.1227107015054874,0.04988530787452111,0.669934042053536,1.2852410450216112,-0.7818620995893525,-1.6754501042830399,0.03236428241469169,0.0,-0.05409116574830519,0.38125478811955454,-0.2603166718743726,0.13254643488151197,-0.21764682886842524,-0.1844086424574083
6,2.5467452268709807,2.3205344825423935,0.9563781507200955,1.7997797764700052,1.2042082267326897,2.2478948348351007,0.8280228759890056,1.0,-1.0935943153978005,0.19137034442955314,0.5189097359402446,1.4027368833376488,-0.974783852248611,-1.9201307221939554,0.2761803553573934,0.0,0.029116386107686854,0.14148503655503203,-0.15102430611329143,0.1174958383160376,-0.19292175265925848,-0.24468061791091555
7,2.167263748866199,2.0081048586957593,0.7645367707876078,2.1272808467104065,1.2544348795475044,2.187306487776904,1.0577508152765667,1.0,-1.081790795772119,0.30192365506586644,0.445976484595378,1.4051905242800091,-1.1463690218788674,-2.0005424622990717,0.22972793928756108,0.0,0.011803519625681602,0.1105533106363133,-0.07293325134486661,0.0024536409423603356,-0.17158516963025638,-0.08041174010511631
8,1.8525670351733836,1.7385435361074666,0.6122007962162276,2.406890824622398,1.3044723012751618,2.1146412726235058,1.248516036625406,1.0,-1.073265548512347,0.39641504471036393,0.40454798524010976,1.3899275752901514,-1.288900915493547,-2.0321962465489483,0.19076522134883933,0.0,0.008525247259771884,0.09449138964449749,-0.04142849935526821,-0.015262948989857694,-0.14253189361467955,-0.031653784249876527
9,1.5927152307267927,1.5102253331925932,0.4904807308054762,2.6422788218037527,1.3542650794981945,2.04094572729956,1.4113541556160174,1.0,-1.061944508151198,0.4765228035383842,0.37811383180180363,1.3750233599166481,-1.4093923294259192,-2.0466788246070777,0.1628381189906114,0.0,0.011321040361149004,0.08010775882802029,-0.02643415343830613,-0.014904215373503282,-0.12049141393237228,-0.01448257805812947
10,1.3792362374907083,1.3193735870959307,0.3930216244634843,2.8387501485589213,1.4030459938417068,1.9721176589530816,1.5525578886656781,1.0,-1.047242767980151,0.5438138984428069,0.3591224143901778,1.363452619688339,-1.5120920925525976,-2.054427039360228,0.14120373304966072,0.0,0.014701740171046973,0.0672910949044227,-0.018991417411625855,-0.011570740228309173,-0.10269976312667839,-0.00774821475315024
11,1.2044929064184158,1.1611232288348876,0.3149426358040363,3.001895930870712,1.4502817560831205,1.9109090533864401,1.6759944645866431,1.0,-1.0297390874470298,0.5999317370926414,0.3440488006191596,1.3546755801021055,-1.600029398069561,-2.05950587907649,0.12343657592096502,0.0,0.017503680533121235,0.05611783864983444,-0.01507361377101818,-0.008777039586233437,-0.08793730551696344,-0.005078839716261996
12,1.0616717359964642,1.030401468966431,0.2523849562440155,3.1369277906826416,1.4956482449399642,1.8582027964632442,1.7843653686201386,1.0,-1.0101570648538145,0.6464692344208458,0.33123426278901835,1.3475411287990011,-1.675660162833333,-2.0636926647631206,0.10837090403349547,0.0,0.019582022593215287,0.04653749732820445,-0.012814537830141248,-0.0071344513031044166,-0.07563076476377195,-0.004186785686630667
13,0.9448284183311391,0.9224309695359993,0.2022643857372158,3.2484394240094594,1.5389407993362845,1.8138313196270694,1.8797676105088814,1.0,-0.9891478002757165,0.6848896472377043,0.3199020061693442,1.3410575831515068,-1.741038616108305,-2.06781763751187,0.0954022418887428,0.0,0.02100926457809804,0.038420412816858485,-0.01133225661967413,-0.006483545647494315,-0.06537845327497194,-0.004124972748749567
14,0.8488947410067086,0.8329717868594607,0.16210839066234653,3.3403687489445275,1.580029484692022,1.7770879888019482,1.9639373002945801,1.0,-0.9672527748191809,0.7164953753377228,0.30969230105369827,1.3345421805606272,-1.7978757487646007,-2.072265474181413,0.08416968978569872,0.0,0.021895025456535544,0.03160572810001849,-0.01020970511564595,-0.006515402590879571,-0.05683713265629575,-0.004447836669542848
15,0.7696429980209177,0.7584084865932551,0.12993451430546726,3.4160434791675818,1.6188410945864697,1.7470367505090794,2.038359595480923,1.0,-0.9449083049801932,0.7424220824779502,0.3004372677430958,1.3275919222684347,-1.8475825982637528,-2.077190358968624,0.07442229518634291,0.0,0.022344469838987746,0.02592670714022738,-0.009255033310602456,-0.006950258292192535,-0.04970684949915216,-0.004924884787210981
16,0.7036183149140082,0.6957488548954229,0.10415417579289626,3.4782544874752177,1.655350237244282,1.7226918030700107,2.1043226206261476,1.0,-0.9224593317224064,0.7636453305776636,0.2920512566270241,1.3200140997503522,-1.891314437210604,-2.0826215606911576,0.06596302514522456,0.0,0.02244897325778683,0.021223248099713432,-0.008386011116071734,-0.007577822518082478,-0.04373183894685129,-0.00543120172253353
17,0.6480497898096558,0.6425736787149003,0.08349510366863304,3.529332584412907,1.6895722679183018,1.7031152940445735,2.1629479265363396,1.0,-0.9001741732756687,0.780993328539376,0.284478730877523,1.3117591153487127,-1.9300141353464466,-2.088521242484212,0.058625305910191994,0.0,0.02228515844673762,0.01734799796171238,-0.007572525749501069,-0.00825498440163952,-0.03869969813584251,-0.005899681793054334
18,0.6007508424413365,0.5969623347067226,0.06693864792185658,3.571219259176919,1.7215561780893345,1.6874646528505954,2.215211253258528,1.0,-0.8782579085038272,0.7951624058078163,0.27767107906173727,1.3028668315765046,-1.9644515028840566,-2.094818299512273,0.052263326722188364,0.0,0.021916264771841498,0.0141690772684403,-0.006807651815785742,-0.008892283772208076,-0.03443736753760995,-0.006297057028060937
19,0.5600182686992519,0.5574104663101621,0.05366925833237698,3.605528575465747,1.7513774128879547,1.6750100233900767,2.261959264108472,1.0,-0.8568638617930063,0.8067332674315478,0.2715778012212489,1.2934273580288023,-1.9952569449726234,-2.1014286401241784,0.046748010849944066,0.0,0.021394046710820902,0.011570861623731554,-0.006093277840488354,-0.00943947354770236,-0.030805442088566837,-0.006610340611905574
20,0.5245375835558349,0.5227502071977367,0.04303390832083749,3.6336001240453464,1.7791310064167118,1.6651347979150148,2.3039243997290693,1.0,-0.8361032520659251,0.8161868704637618,0.26614452340272327,1.283554059635941,-2.0229491462785876,-2.1082671772277757,0.04196513562059723,0.0,0.02076060972708127,0.009453603032213986,-0.00543327781852565,-0.00987329839286133,-0.02769220130596417,-0.006838537103597275
21,0.4932995615870551,0.4920789278701489,0.034509593041300204,3.656543886476809,1.8049253820593727,1.6573273294600086,2.3417385294477517,1.0,-0.816053241567184,0.8239192414944995,0.2613139397034838,1.2733659684690597,-2.0479572970294364,-2.1152545612477853,0.037814129718682477,0.0,0.02005001049874111,0.00773237103073765,-0.0048305836992394435,-0.010188091166881241,-0.025008150750848834,-0.006987384020009646
22,0.4655301939471639,0.4646991164683791,0.027677336844825245,3.6752780893410515,1.828877022815669,1.6511687011764098,2.3759455249989534,1.0,-0.7967636387588052,0.8302548725474007,0.25702771656743884,1.2629770361710253,-2.070638694444533,-2.12232056015367,0.03420699555120166,0.0,0.01928960280837877,0.006335631052901247,-0.0042862231360449865,-0.010388932298034392,-0.022681397415096782,-0.007065998905884552
23,0.44063416266273975,0.4400697305023443,0.02220142116514531,3.690561082832237,1.8511060856698458,1.6463193867234078,2.407012724706171,1.0,-0.7782624779622365,0.835458546598363,0.2532284276358474,1.2524901558429788,-2.0912925990756834,-2.1294053392016545,0.031067199707217608,0.0,0.018501160796568716,0.005203674050962337,-0.003799288931591427,-0.010486880328046455,-0.020653904631150244,-0.007084779047984657
24,0.4181505983651319,0.41776803946024244,0.017812785447023992,3.703018152129705,1.8717329389743336,1.642506354488911,2.4353412511448087,1.0,-0.7605606578512432,0.8397455849447208,0.2498611326177139,1.2419943805360054,-2.110171137922653,-2.1364594749567214,0.028328526438637702,0.0,0.017701820110993305,0.004287038346357797,-0.003367295018133515,-0.010495775306973432,-0.01887853884696966,-0.007054135755066859
25,0.39771925456829527,0.3974603816797537,0.014295758373882809,3.713164036554147,1.8908755422249417,1.6395113841077755,2.461275184641364,1.0,-0.7436557858918529,0.8432905964463203,0.24687449141700746,1.2315641923543805,-2.127487911854042,-2.1434432560489394,0.025933933496555372,0.0,0.016904871959390277,0.003545011501599471,-0.002986641200706436,-0.010430188181624889,-0.017316773931388862,-0.006983781092217978
26,0.37905509408933247,0.3788801279908692,0.011477445545419724,3.7214218129629435,1.908647556377065,1.6371608986496073,2.4851096360898395,1.0,-0.7275353491913262,0.8462348582600129,0.2442214364927549,1.2212600143581798,-2.1434248286933517,-2.150325629210376,0.023834451448475402,0.0,0.016120436700526652,0.0029442618136925613,-0.0026530549242525514,-0.010304177996200758,-0.015936916839309756,-0.0068823731614364725
27,0.3619294323122137,0.361811269996637,0.00921923664762586,3.728138700150768,1.9251570621625063,1.6353173523115145,2.507097792204382,1.0,-0.7121793126906079,0.8486924807634716,0.2418594798356608,1.2111294131217314,-2.1581375645820438,-2.157083016056153,0.021988156114542523,0.0,0.015356036500718373,0.002457622503458712,-0.0023619566570940997,-0.010130601236448378,-0.014712735888692041,-0.006757386845777091
28,0.34615605992461645,0.34607628777770644,0.007410004831774829,3.733599258122276,1.9405057667580388,1.6338720745941666,2.5274570231550046,1.0,-0.6975622310690885,0.850755514825433,0.23975074398748872,1.2012086267215514,-2.1717599603291577,-2.1636981359048946,0.020359230950622642,0.0,0.014617081621519312,0.0020630340619613996,-0.0021087358481720886,-0.009920786400180015,-0.013622395747113991,-0.006615119848741635
29,0.3315810755962405,0.33152721378112615,0.005960658300575342,3.738036386712834,1.954788590060888,1.6327394081864066,2.5463741491721397,1.0,-0.6836549493006899,0.8524981540115502,0.23786180035334642,1.1915241858578598,-2.184407585302628,-2.1701589100744383,0.018917126017135022,0.0,0.013907281768398616,0.0017426391861171675,-0.0018889436341422983,-0.009684440863691579,-0.012647624973470162,-0.006460774169543715
30,0.3180754445527108,0.3180390522325414,0.0047997733438773435,3.741640469259246,1.9680935366271815,1.6318519576444264,2.564009962387145,1.0,-0.6704259572736585,0.8539801724104327,0.23616338418327215,1.1820944879598092,-2.1961806454646005,-2.176457484416757,0.017635813215005403,0.0,0.013228992027031428,0.001482018398882512,-0.0016984161700742684,-0.009429697898050593,-0.011773060161972548,-0.00629857434231873
31,0.3055295404263008,0.3055049184906741,0.0038700929501833295,3.7445669566955453,1.9805017752208038,1.6311567697822487,2.5805030955932975,1.0,-0.657842455548521,0.855249723746091,0.23463004003229904,1.1729312463418953,-2.207166370434802,-2.1825893827547294,0.01649313320615242,0.0,0.012583501725137447,0.0012695513356583144,-0.001533344150973115,-0.009163241617913931,-0.01098572497020145,-0.006131898337972341
32,0.2938491207556703,0.2938324268294971,0.003125718655901726,3.7469426440317144,1.9920878631600307,1.630612282512519,2.595973322697481,1.0,-0.6458711818203385,0.8563456114351107,0.23323973712320706,1.1640407772625525,-2.2174409834565805,-2.1885527895997203,0.015470227104183554,0.0,0.011971273728182519,0.0010958876890196922,-0.0013903029090919783,-0.008890469079342767,-0.010274613021778567,-0.0059634068449909705
33,0.2829523351203472,0.2829409816774373,0.0025298578808927255,3.74887085357968,2.0029200662903275,1.630185899604245,2.6105243676619247,1.0,-0.6344790408213665,0.8572991235782917,0.23197348198104362,1.1554251135090907,-2.2270713350159483,-2.1943479527015395,0.014551044964443705,0.0,0.011392140998972011,0.0009535121431810678,-0.0012662551421634416,-0.008615663753461789,-0.009630351559367867,-0.005795163101819156
34,0.2727674763871196,0.27275972248387786,0.0020530165388190037,3.7504357067254714,2.013060737053111,1.6298520704437736,2.624246290503066,1.0,-0.6236335742001734,0.858135512317284,0.2308149462214482,1.14708294862559,-2.2361162634894587,-2.199976692277328,0.013721922841141154,0.0,0.010845466621193123,0.0008363887389922775,-0.0011585357595954304,-0.008342164883500702,-0.00904492847351035,-0.005628739575788355
35,0.263231267620949,0.2632259426009489,0.0016715486932745078,3.7517056378901126,2.0225667227079365,1.629590774275185,2.6372175108933718,1.0,-0.613303301333924,0.8588751839266688,0.2297501202561008,1.1390104245174304,-2.244627733010138,-2.2054420025953223,0.012971220390305849,0.0,0.010330272866249435,0.0007396716093848177,-0.0010648259653473768,-0.008072524108159618,-0.00851146952067916,-0.005465310317994465
36,0.2542875367969252,0.2542838536818919,0.0013664926333738692,3.7527362800601485,2.031489783442461,1.6293863265701678,2.6495065223671466,1.0,-0.603457957067936,0.8595346545911912,0.22876699855360486,1.1312017793102267,-2.2526517886199704,-2.2107477318966393,0.012289011473774814,0.0,0.009845344265987932,0.0006594706645223214,-0.0009831217024959538,-0.007808645207203702,-0.008024055609832548,-0.005305729301317008
37,0.2458861742377604,0.2458836039164135,0.0011226368955668045,3.7535728304522102,2.039877006109226,1.6292264408063368,2.6611733431992786,1.0,-0.5940686480170959,0.8601273170208512,0.22785529855259437,1.1236498736740181,-2.260229360922766,-2.215898327737688,0.011666820832131997,0.0,0.009389309050840122,0.0005926624296600513,-0.0009117000010104848,-0.007551905636208556,-0.007577572302795765,-0.005150595841048489
38,0.2379822981978539,0.23798048473489194,0.0009277711613474957,3.754251987098,2.0477712039293006,1.6291014920492923,2.6722707437622333,1.0,-0.58510794528079,0.8606640547770771,0.22700621298747692,1.1163466134728894,-2.2673969462914445,-2.2208986362959124,0.011097400562954718,0.0,0.008960702736305892,0.0005367377562258691,-0.0008490855651174523,-0.007303260201128703,-0.007167585368678342,-0.005000308558224642
39,0.23053557560015622,0.23053427930201809,0.000772086171082484,3.7548035320249964,2.055211295962056,1.6290039395509657,2.682845284579344,1.0,-0.5765499281774593,0.861153734268656,0.22621219393624278,1.1092832853129184,-2.2741871838090177,-2.2257537457412657,0.010574540817110734,0.0,0.008558017103330706,0.0004896794915789648,-0.000794019051234135,-0.007063328159971016,-0.006790237517573239,-0.004855109445353278
40,0.22350966015349202,0.22350871933702565,0.0006476941511753284,3.7552516239228764,2.062232662692346,1.6289278743837292,2.6929381943586903,1.0,-0.568370190850132,0.8616035986562176,0.22546676607875007,1.1024508198209808,-2.280629346234286,-2.230468865285434,0.010092909779346293,0.0,0.008179737327327352,0.00044986438756156044,-0.0007454278574927087,-0.0068324654919376115,-0.006442162425268183,-0.004715119544168367
41,0.2168717207741301,0.21687102611767484,0.0005482470227181828,3.7556158524154744,2.0688674759319396,1.628868665230622,2.702586112972242,1.0,-0.5605458212785854,0.8620195832088899,0.22476436626657548,1.095839995595434,-2.286749759161763,-2.2350492329024196,0.009647918613551631,0.0,0.00782436957154653,0.0004159845526723327,-0.0007023998121745978,-0.006610824225546708,-0.006120412927477226,-0.004580367616985548
42,0.21059204074192373,0.2105915180894559,0.0004686339357894339,3.7559120970225206,2.075145002536357,1.6288226811347448,2.711821720590197,1.0,-0.5530553603046149,0.8624065678269448,0.22410020640589087,1.0894415949075937,-2.2925721600259936,-2.2395000459337657,0.009235607617954944,0.0,0.0074904609739705474,0.00038698461805486417,-0.0006641598606846044,-0.0063984006878403665,-0.00582240086423047,-0.00445081303134609
43,0.20464367328969033,0.20464327212700822,0.0004047427098058237,3.7561532263434083,2.0810918823343023,1.628787074532473,2.72067427093704,1.0,-0.5458787466830348,0.8627685793363816,0.22347015673716078,1.0832465205004953,-2.2981180065580613,-2.2438264098421397,0.008852550346843291,0.0,0.0071766136215800636,0.0003620115094368215,-0.0006300496687300927,-0.006195074407098433,-0.005545846532067689,-0.004326363908373931
44,0.19900214302949523,0.19900182876249456,0.00035327183011905325,3.756349666705101,2.086732381258974,1.6287596114767195,2.729170043849494,1.0,-0.5389972528645124,0.8631089536499981,0.2228706467851713,1.077245881277495,-2.303406742640344,-2.2480333012654734,0.008495772912453958,0.0,0.006881493818522433,0.00034037431361644277,-0.0005995099519894853,-0.006000639223000315,-0.005288736082282863,-0.004206891423333747
45,0.19364518523569985,0.19364493401519514,0.00031158132421405985,3.7565098642933585,2.0920886210398715,1.6287385387835056,2.7373327299342143,1.0,-0.5323934151532925,0.863430465867057,0.22229858149878703,1.0714310533144928,-2.3084560281492488,-2.2521255422653526,0.00816268608472015,0.0,0.006603837711219862,0.00032151221705889466,-0.0005720652863842601,-0.005814827963002145,-0.0050492855089046,-0.004092240999879149
46,0.18855251686426377,0.18855231211541368,0.00027757262485667754,3.7566406604621667,2.097180787022117,1.6287224800604319,2.745183758094864,1.0,-0.5260509610242449,0.8637354347595331,0.22175127036778836,1.0657937214635447,-2.313281938265556,-2.256107783275666,0.007851028160649864,0.0,0.006342454129047659,0.0003049688924761096,-0.0005473111309986789,-0.0056373318509481685,-0.004825910116307064,-0.003982241010313636
47,0.18370563452213098,0.18370546461450693,0.000249589676000188,3.756747596344882,2.1020273157745364,1.6287103543236225,2.7527425749777485,1.0,-0.5199547356951321,0.8640258067915936,0.22122636757233788,1.060325905829309,-2.3178991368211252,-2.259984492759072,0.0075588168828844005,0.0,0.006096225329112803,0.0002903720320605041,-0.000524902795450477,-0.0054678156342355955,-0.004617198555569413,-0.0038767094834057936
48,0.17908763556984705,0.17908749225072038,0.0002263358956646037,3.756835159948181,2.1066450641627785,1.6287013122804945,2.7600268839305433,1.0,-0.5140906295019532,0.8643032237781538,0.22072182147582128,1.0550199765749226,-2.3223210275014945,-2.263759951986843,0.007284308952794749,0.0,0.005864106193178897,0.0002774169865602527,-0.0005045460965165949,-0.005305929254386443,-0.004421890680369245,-0.0037754592277710053
49,0.17468305925557587,0.17468293659403342,0.0002068037301430775,3.75690698649035,2.111049461525435,1.6286946864293295,2.7670528498421567,1.0,-0.5084455071923475,0.8645690774570685,0.22023583200666771,1.0498686598304565,-2.326559886106221,-2.267438253687788,0.007025965911613419,0.0,0.005645122309605677,0.0002658536789146293,-0.00048598946915356933,-0.005151316744466117,-0.004238858604726392,-0.0036783017009449637
50,0.17047774531579538,0.1704776389889791,0.00019021503599756277,3.756966020759966,2.1152546465182676,1.6286899519667553,2.773835275200119,1.0,-0.5030071399129968,0.8648245535863086,0.2197668146858657,1.0448650369152381,-2.3306269765584045,-2.271023303577746,0.006782425357962474,0.0,0.005438367279350653,0.00025547612924015084,-0.0004690173208020121,-0.005003622915218386,-0.004067090452183564,-0.003585049889958114
51,0.16645870788943137,0.16645861469818102,0.00017597129353804568,3.7570146486441396,2.1192735900980373,1.6286866961511937,2.7803877518359013,1.0,-0.49776414040383676,0.8650706676487736,0.21931337024339626,1.040002538626472,-2.334532652932033,-2.2745188239943346,0.006552476635782067,0.0,0.005242999509160073,0.0002461140624649971,-0.00045344444246944726,-0.0048624982887661705,-0.003905676373628708,-0.0034955204165885156
52,0.16261402291433155,0.16261394045288785,0.00016361281211423422,3.7570548036447176,2.1231182060126303,1.6286845942838375,2.7867227921028572,1.0,-0.49270590170982737,0.8653082938261449,0.2188742589294125,1.0352749359740845,-2.338286449414769,-2.2779283590319404,0.006335040266955971,0.0,0.005058238694009398,0.00023762617737133063,-0.0004391113139837477,-0.004727602652387475,-0.0037537964827358827,-0.003409535037605771
53,0.15893272743228215,0.1589326538617017,0.00015278606394433322,3.757088053113679,2.1267994500551404,1.6286833908699567,2.792851942624201,1.0,-0.48782253956778465,0.8655381885676904,0.21844837876631856,1.030676328440923,-2.341897159831618,-2.2812552807075575,0.006129150521343885,0.0,0.004883362142042713,0.00022989474154544443,-0.0004258801630939446,-0.004598607533161436,-0.0036107104168490167,-0.0033269216756171005
54,0.15540472943866657,0.15540466333025804,0.00014321804412361044,3.75711566805189,2.1303274092308127,1.628682884836815,2.7987858832407415,1.0,-0.48310483851128516,0.8657610098127485,0.2180347471080211,1.026201130605754,-2.345372908111141,-2.2845027957957096,0.005933940616540401,0.0,0.00471770105649949,0.00022282124505812462,-0.00041363165829746973,-0.004475197835169142,-0.0034757482795231276,-0.003247515088152131
55,0.1520207270869646,0.152020667313182,0.0001346965078710688,3.757138679592473,2.133711381880475,1.6286829179294073,2.8045345133640844,1.0,-0.4785442016527608,0.8659773327128614,0.21763248497478616,1.0218440577732542,-2.348721210871925,-2.2876739530558243,0.005748630123342924,0.0,0.0045606368585243695,0.00021632290011286415,-0.0004022621332349374,-0.004357072832499753,-0.0033483027607839055,-0.003171157260114743
56,0.14877213620503887,0.1487720818626979,0.00012705499195896298,3.757157924701423,2.136959949704156,1.628683365596552,2.8101070275870126,1.0,-0.47413260404195323,0.8661876625300651,0.21724080371857063,1.0176001111013884,-2.3519490331359796,-2.2907716506425566,0.005572514222928149,0.0,0.0044115976108075605,0.0002103298172037027,-0.00039168125621552585,-0.004243946671865784,-0.003227822264054492,-0.0030976975867322842
57,0.14565102520543788,0.14565097556107506,0.0001201615447728893,3.7571740831493354,2.140081042535141,1.6286841298294148,2.8155119821073438,1.0,-0.4698625494585785,0.8663924452528408,0.21685899364652264,1.0134645625947574,-2.3550628380318908,-2.2937986435422903,0.005404954520331184,0.0,0.004270054583374705,0.0002047827227756871,-0.0003818100720479889,-0.004135548506631004,-0.0031138048959111764,-0.003026992899733738
58,0.14265005657990476,0.14265001103040467,0.00011391037493827448,3.757187707418962,2.1430819966283954,1.6286851335313879,2.820757353275034,1.0,-0.46572703047006686,0.866592076363628,0.21648641429149826,1.0094329402365203,-2.358068631229273,-2.2967575509203146,0.005245371167690305,0.0,0.004135518988511666,0.00019963111078724616,-0.0003725793550243828,-0.004031622358237064,-0.003005793197382367,-0.002958907378024289
59,0.1397624342621278,0.13976239230598153,0.00010821561623253495,3.757199246897271,2.145969607148071,1.6286863160895932,2.825850589366519,1.0,-0.46171949156918646,0.8667869081059971,0.21612248606965614,1.005501013456275,-2.3609720007435335,-2.2996508632953283,0.005093236091485043,0.0,0.004007538900880403,0.00019483174236911704,-0.0003639282218421136,-0.003931926780245343,-0.002903369514260401,-0.002893312375013668
60,0.13698185622479456,0.13698181744081644,0.00010300674906769009,3.757209067444205,2.1487501754668252,1.6286876298897355,2.830798656518489,1.0,-0.45783379519853723,0.8669772555311107,0.21576668310798908,1.0016647790726845,-2.363778152663025,-2.3024809494828538,0.004948067151969937,0.0,0.0038856963706492276,0.0001903474251135906,-0.0003558029616670677,-0.0038362343835904866,-0.0028061519194912954,-0.002830086187525449
61,0.13430247174898663,0.13430243578032686,9.822517234056442e-05,3.757217467222267,2.1514295518244246,1.6286890375718737,2.835608079609736,1.0,-0.4540641904671623,0.8671634015484335,0.2154185270603609,0.9979204478043218,-2.366491943276799,-2.3052500632683577,0.004809423091246767,0.0,0.0037696047313749426,0.000186146017322808,-0.00034815604762816754,-0.0037443312683627106,-0.00271379061377397,-0.0027691137855039294
62,0.1317188428673576,0.13171880940932162,9.382166806082606e-05,3.757224689502428,2.15401317383432,1.628690509868428,2.8402849787596933,1.0,-0.4504052843672218,0.8673456011619561,0.2150775817603748,0.9942644314074159,-2.369117908018197,-2.3079603497855863,0.004676899149957503,0.0,0.003658906099940462,0.0001821996135226156,-0.0003409452999861007,-0.0036560163969058257,-0.0026259647413984233,-0.0027102865172285995
63,0.12922590953847207,0.12922587832910284,8.975448970496028e-05,3.7572309330251854,2.1565061012740805,1.628692023899952,2.8448351020118205,1.0,-0.4468520153044944,0.8675240850382444,0.21474344858417663,0.9906933304727575,-2.3716602875857222,-2.310613851586779,0.004550123252127225,0.0,0.0035532690627274044,0.00017848387628827123,-0.0003341331761981814,-0.0035711009346584,-0.0025423795675250105,-0.002653501801192615
64,0.12681895815910982,0.12681892897181574,8.598791473015814e-05,3.757236360384949,2.15891304754825,1.6286935618309928,2.8492638546857973,1.0,-0.4433996287644211,0.8676990625246404,0.2144157624169188,0.9872039228941671,-2.3741230515565332,-2.3132125143998055,0.004428752673976799,0.0,0.0034523865400732934,0.00017497748639594413,-0.00032768616725784017,-0.0034894075785903977,-0.0024627639708110216,-0.0025986628130265643
65,0.12449359306508213,0.12449356570278709,8.249113261434254e-05,3.75724110481631,2.1612384081699205,1.6286951098093587,2.853576325811834,1.0,-0.4400436549447143,0.8678707242134968,0.21409418813376946,0.9837931530062468,-2.376509919768341,-2.3157581925734805,0.004312471126036499,0.0,0.0033559738197068145,0.00017166168885640598,-0.00032157428314932845,-0.0034107698879203285,-0.00238686821180778,-0.0025456781736750145
66,0.12224571070981625,0.1222456850002689,7.923741471744006e-05,3.757245275688274,2.163486286569581,1.6286966571285768,2.8577773120010326,1.0,-0.4367798881956475,0.8680392441303161,0.21377841752063156,0.9804581213784814,-2.3788243817113823,-2.318252654216811,0.00420098618919873,0.0,0.00326376674906681,0.00016851991681932077,-0.00031577061313789456,-0.0033350316277653835,-0.0023144619430413016,-0.00249446164333067
67,0.1200714762442521,0.1200714520362169,7.62033932326935e-05,3.757248962953865,2.1656605175061996,1.6286981955662,2.861871339055718,1.0,-0.43360436811957875,0.8682047816091853,0.21346816657162293,0.9771960752452394,-2.3810697141427455,-2.3206975860411427,0.004094027054685423,0.0,0.0031755200760687496,0.00016553747886927095,-0.0003102509490086336,-0.0032620461332419914,-0.002245332431363156,-0.0024449318243315865
68,0.11796730225194596,0.11796727941209575,7.33685785042402e-05,3.7572522407550606,2.167764688325578,1.6286997188607606,2.865862681581484,1.0,-0.4305133621917311,0.868367482907239,0.21316317311027186,0.9740043995461191,-2.3832489971098663,-2.3230945979163535,0.003991342525766051,0.0,0.0030910059278476676,0.00016270129805362465,-0.00030499346135107186,-0.0031916756991203776,-0.002179282967120777,-0.002397011875210797
69,0.11592982942026915,0.11592980783060934,7.071488250112888e-05,3.7572551703447012,2.169802158284407,1.6287012222980954,2.8697553808270393,1.0,-0.4275033497745268,0.8685274826004821,0.2128631946896354,0.9708806085478345,-2.3853651285479516,-2.3254452271536556,0.0038926992455552423,0.0,0.0030100124172042775,0.00015999969324309582,-0.00029997842063644864,-0.0031237909982845258,-0.0021161314380853113,-0.0023506292373021154
70,0.11395590895233644,0.11395588850807413,6.82262972486373e-05,3.757257802455945,2.1717760761348313,1.6287027023839984,2.873553260947722,1.0,-0.4245710074076861,0.8686849047957139,0.21256800673343745,0.967822338016986,-2.3874208375969053,-2.327750942528396,0.0037978801206826063,0.0,0.002932342366840701,0.00015742219523184886,-0.00029518795619795646,-0.003058270530848506,-0.002055709048953691,-0.002305715374740558
71,0.11204258654558324,0.11204256715333785,6.588860450325837e-05,3.757260179224841,2.1736893961432893,1.628704156585071,2.877259943862896,1.0,-0.42171319526575735,0.8688398641871441,0.21227740088607733,0.9648273379122632,-2.389418696766628,-2.3300131480566226,0.0037066829151739533,0.0,0.0028578121419287617,0.00015495939143017612,-0.00029060584736012585,-0.002995000104722867,-0.0019978591697227266,-0.002262205528226424
72,0.1101870877815605,0.11018706935785828,6.368911789869795e-05,3.7572623357513124,2.175544892698788,1.628705583123461,2.880878862855598,1.0,-0.4189269446836685,0.8689924669813098,0.21199118354417593,0.9618934655646106,-2.3913611330649847,-2.3322331865392365,0.0036189189927022802,0.0,0.0027862505820888672,0.00015260279416573486,-0.00028621734190140136,-0.002933872347652522,-0.0019424362983566645,-0.002220038482613873
73,0.10838680478823179,0.1083867872582325,6.161649794582135e-05,3.7572643013674654,2.1773451736491523,1.6287069808142223,2.884413275044149,1.0,-0.4162094466592517,0.8691428117098535,0.21170917454636118,0.9590186793144287,-2.3932504381899795,-2.33441234288737,0.003534412188550995,0.0,0.002717498024416787,0.0001503447285436943,-0.00028200899781474775,-0.0028747862501818933,-0.0018893051249948556,-0.002179156348133482
74,0.10663928405080539,0.10663926734722112,5.966057984940003e-05,3.75726610066896,2.179092692489088,1.6287083489364091,2.8878662728394944,1.0,-0.4135580412494781,0.8692909899464167,0.21143120600138182,0.9562010325758251,-2.395088777876505,-2.336551847242258,0.0034529977953452473,0.0,0.0026514054097735995,0.00014817823656321227,-0.00027796854497935675,-0.0028176467386036297,-0.0018383396865253587,-0.0021395043548881887
75,0.10494221526023777,0.10494219932240768,5.78122269587888e-05,3.7572677543544493,2.1807897595108408,1.628709687130881,2.8912407944883283,1.0,-0.41097020778434745,0.8694370869412139,0.21115712123748764,0.953438668299145,-2.396878200478219,-2.338652877902407,0.0033745216488338947,0.0,0.00258783346513064,0.00014609699479717353,-0.0002740847638941779,-0.002762364276680085,-0.001789422601714108,-0.0021010306601487727
76,0.10329342110020456,0.10329340587330167,5.606318277967753e-05,3.757269279909516,2.1824385520165737,1.628710995319275,2.8945396337902793,1.0,-0.40844355582903114,0.8695811821846421,0.2108867738584153,0.9507298138043944,-2.398620644856473,-2.340716564070294,0.003298839301951073,0.0,0.002526651955316317,0.00014409524342817726,-0.0002703473790723332,-0.0027088544947506676,-0.0017424443782538823,-0.002063686167887102
77,0.10169084788367261,0.10169083331802135,5.4406023055124826e-05,3.75727069216452,2.1840411236812924,1.6287122736397635,2.897765449067239,1.0,-0.4059758168309778,0.86972334990947,0.21062002689334672,0.9480727759596544,-2.400317947640604,-2.342743988430242,0.0032258152769597537,0.0,0.0024677389980533593,0.00014216772482789075,-0.00026674696506859275,-0.002657037844739918,-0.0016973027841311605,-0.0020274243599480712
78,0.10013255695942552,0.10013254300991277,5.283399556089916e-05,3.7572720037501868,2.1855994131459244,1.6287135223961333,2.9009207714541225,1.0,-0.40356483639429636,0.8698636595396585,0.21035675202992396,0.9454659366801158,-2.4019718499171945,-2.344736189568475,0.00315532238688343,0.0,0.0024109804366814203,0.0001403096301885176,-0.00026327486342275774,-0.002606839279538642,-0.0016539022765904576,-0.00199220113823273
79,0.09861671681704641,0.09861670344261134,5.1340994564704146e-05,3.757273225470158,2.187115251912025,1.628714742017434,2.9040080125726835,1.0,-0.4012085671288566,0.8700021760926328,0.21009682892086134,0.9429077487248915,-2.4035840033999585,-2.3466941642457257,0.003087241118560957,0.0,0.0023562692654397477,0.00013851655297425491,-0.0002599231090626153,-0.0025581879552243336,-0.0016121534827640005,-0.0019579746772508955
80,0.09714159582618939,0.0971415829893789,4.9921460944688165e-05,3.7572743666061377,2.18859037160226,1.6287159330260397,2.9070294716433542,1.0,-0.3989050620262252,0.8701389605408025,0.20984014455593442,0.9403967317702795,-2.4051559761266565,-2.348618869532155,0.003021459070670751,0.0,0.002303505102631387,0.00013678444816977997,-0.00025668436492692903,-0.0025110169546119776,-0.0015719727266980676,-0.0019247052864290737
81,0.09570555555243056,0.09570554321901158,4.857032520144947e-05,3.757275435168191,2.1900264106443585,1.6287170960123816,2.909987342084256,1.0,-0.3966524683188195,0.870274070137282,0.2095865926921832,0.9379314687396006,-2.406689257724777,-2.3505112248136966,0.0029578704409018997,0.0,0.0022525937074057145,0.00013510959647944354,-0.00025355186375122796,-0.0024652630306788437,-0.001533281598120606,-0.0018923552815417466
82,0.0943070445977829,0.0943070327364053,4.7282974122112095e-05,3.757276438100462,2.1914249204304355,1.6287182316149968,2.9128837176414306,1.0,-0.39444902178254265,0.8704075587100493,0.20933607333607024,0.9355106023711421,-2.408185264283568,-2.352372113678389,0.00289637555717448,0.0,0.002203446536276854,0.00013348857276729298,-0.0002505193561129493,-0.0024208663684585074,-0.0014960065587907856,-0.0018608888646922672
83,0.09294459291912219,0.09294458150102093,4.605516718443238e-05,3.757277381450555,2.1927873709984405,1.6287193405048104,2.9157205980898646,1.0,-0.3922930414466948,0.8705394769281941,0.20908849227210968,0.9331328320070658,-2.4096453428663187,-2.354202385690649,0.0028368804484339982,0.0,0.0021559803358478513,0.00013191821814484417,-0.0002475810639605558,-0.0023777703640763814,-0.0014600785827507679,-0.00183027201226027
84,0.09161680658238205,0.09161679558111693,4.4883049497567236e-05,3.7572782705092984,2.1941151562778556,1.6287204233727768,2.9184998945409397,1.0,-0.3901829246781612,0.8706698725434039,0.20884376063314933,0.9307969105873964,-2.4110707756935033,-2.356002858060941,0.0027792964510751084,0.0,0.002110116768533621,0.00013039561520977738,-0.0002447316389603549,-0.002335921419669318,-0.0014254328271845473,-0.0018004723702920167
85,0.09032236291448634,0.0903223523057112,4.3763053868294185e-05,3.757279109926327,2.1954095989376783,1.6287214809202069,2.9212234343884496,1.0,-0.38811714260979274,0.8707987906094187,0.20860179450806265,0.9285016418343871,-2.4124627840244566,-2.35777431721775,0.002723539847509837,0.0,0.002065782068368438,0.00012891806601478262,-0.00024196612508667337,-0.0022952687530093385,-0.0013920083309533204,-0.0017714591568087634
86,0.08906000601866745,0.0890599957799278,4.269192824501114e-05,3.7572799038059124,2.19667195487103,1.628722513851232,2.9238929659222532,1.0,-0.38609423588554104,0.87092627368183,0.20836251458310381,0.9262458776136578,-2.4138225317626385,-2.3595175202883203,0.0026695315338036707,0.0,0.002022906724251705,0.00012748307241128298,-0.00023927992495884065,-0.0022557642207292616,-0.0013597477381819267,-0.0017432030705704094
87,0.08782854262211856,0.0878285327326706,4.16666630643678e-05,3.757280655786602,2.197903417347447,1.6287235228669672,2.92651016263588,1.0,-0.38411281069730746,0.8710523620002965,0.2081258458136099,0.9240285154595342,-2.4151511288071865,-2.3612331964941506,0.0026171967136265906,0.0,0.0019814251882335765,0.0001260883184664996,-0.00023666876949390847,-0.0022173621541236033,-0.0013285970445480189,-0.001715676205830352
88,0.08662683822787638,0.08662682866852804,4.068448189113218e-05,3.757281369107616,2.1991051208609456,1.6287245086610265,2.9290766272519817,1.0,-0.38217153509065055,0.8711770936549921,0.20789171712310772,0.9218484962529663,-2.41644963417136,-2.362922048466821,0.0025664646161018823,0.0,0.0019412756066569115,0.0001247316546956201,-0.00023412869050218332,-0.0021800192065679624,-0.001298505364173419,-0.0016888519726703244
89,0.08545381354548133,0.08545380429844708,3.974281883299683e-05,3.7572820466643373,2.200278144699325,1.6287254719161264,2.9315938954873366,1.0,-0.38026913551846836,0.871300504738882,0.20766006112721025,0.9197048020412896,-2.4177190588865893,-2.364584753489345,0.002517268235354919,0.0,0.0019023995721821896,0.00012341108388991273,-0.00023165599589747288,-0.0021436942116767055,-0.0012694247152293947,-0.0016627050225239692
90,0.08430844117732117,0.08430843222609956,3.8839321394037745e-05,3.757282691054856,2.2014235162577807,1.6287264133015376,2.934063439577179,1.0,-0.3784043936235733,0.8714226294872327,0.20743081387997048,0.9175964539899132,-2.418960368709149,-2.366221964667859,0.002469544089842568,0.0,0.00186474189489505,0.00012212474835071596,-0.0002292472472397722,-0.0021083480513763853,-0.0012413098225598773,-0.0016372111785138976
91,0.08318974253972491,0.08318973386898132,3.7971801965197585e-05,3.7572833046191216,2.2025422141177895,1.6287273334712242,2.9364866715768785,1.0,-0.37657614323270305,0.8715435004055998,0.20720391464061216,0.9155225104567699,-2.4201744866449446,-2.367834312038133,0.0024232319996992935,0.0,0.0018282503908702563,0.00012087091836709973,-0.00022689923935831358,-0.0020739435331432743,-0.0012141179357954002,-0.0016123473702740476
92,0.08209678499975322,0.0820967765952199,3.713821399906481e-05,3.7572838894719975,2.203635170910288,1.6287282330625255,2.9388649464574303,1.0,-0.37478326754599484,0.8716631483873944,0.20697930565877523,0.9134820651810653,-2.421362295306535,-2.369422403611072,0.002378274880551867,0.0,0.0017928756867082174,0.00011964798179464609,-0.00022460898183693234,-0.002040445275704572,-0.001187808661590406,-0.0015880915729389322
93,0.08102867921039679,0.08102867105878234,3.6336682464859506e-05,3.757284447531266,2.204703275980453,1.6287291126952606,2.9411995650098146,1.0,-0.3730246965072937,0.8717816028220098,0.20675693197660597,0.9114742455785018,-2.422524639115275,-2.370986826361073,0.00233461855238426,0.0,0.00175857103870114,0.00011845443461533378,-0.00022237368216926345,-0.0020078196025635764,-0.0011623438087400295,-0.0015644227500013486
94,0.07998457662841728,0.07998456871732224,3.556544773942968e-05,3.7572849805414386,2.2057473778698458,1.628729972971178,2.9434917765720074,1.0,-0.3712994043418894,0.8718988916943791,0.20653674124619395,0.9094982111357464,-2.4236623263603363,-2.372528147160847,0.0022922115621928363,0.0,0.0017252921654042908,0.0001172888723692811,-0.00022019073041201764,-0.0019760344427554033,-0.0011376872450612474,-0.001541320799773871
95,0.07896366720047326,0.07896365951831805,3.482288829567128e-05,3.7572854900940826,2.2067682866302647,1.6287308144736656,2.9457427815912847,1.0,-0.3696064072493865,0.8720150416767459,0.20631868356100672,0.907553151897458,-2.4247761311253653,-2.3740469136660503,0.002251005019277219,0.0,0.0016929970925029236,0.00011614998236686436,-0.000218057685187234,-0.0019450592382883602,-0.0011138047650289806,-0.0015187665052032173
96,0.07796517720445681,0.07796516974041423,3.410747875502447e-05,3.7572859776452345,2.207766775982398,1.6287316377676753,2.9479537340334243,1.0,-0.36794476124042624,0.8721300782133448,0.20610271130010793,0.9056382870396873,-2.425866795092616,-2.375543655152847,0.0022109524421396465,0.0,0.001661646008960238,0.00011503653659883373,-0.00021597226089878352,-0.001914864857770704,-0.0010906639672505491,-0.0014967414867967932
97,0.0769883672340746,0.07698835997801057,3.341780004364501e-05,3.7572864445303766,2.208743585331227,1.6287324433998052,2.9501257436494686,1.0,-0.36631356010689703,0.8722440255986182,0.20588877898406238,0.9037528635239269,-2.426935029233573,-2.377018883311301,0.002172009616044246,0.0,0.0016312011335292143,0.00011394738527348292,-0.00021393231604555085,-0.001885423515760376,-0.0010682341409573581,-0.0014752281584540228
98,0.07603253031577582,0.07603252325819357,3.275253536344036e-05,3.757286891977375,2.2096994216490926,1.628733231898505,2.9522598781098606,1.0,-0.36471193351611025,0.8723569070495354,0.20567684314153745,0.9018961548265145,-2.4279815153943285,-2.3784730929972997,0.002134134460392012,0.0,0.0016016265907867755,0.00011288145091714608,-0.00021193584252493514,-0.0018567086974123903,-0.001046486160755311,-0.0014542096859986309
99,0.07509699014802694,0.07509698328001693,3.2110449988250725e-05,3.757287321117693,2.2106349612364067,1.6287340037743852,2.9543571650149927,1.0,-0.36313904522018225,0.8724687447725156,0.20546686218570434,0.9000674597384788,-2.429006907783289,-2.3799067629455286,0.002097286905132112,0.0,0.0015728882959279988,0.00011183772298017924,-0.0002099809558331056,-0.0018286950880357367,-0.0010253923889607108,-0.0014336699482289106
100,0.0741810994538048,0.07418109276700309,3.1490366972637186e-05,3.757287732996145,2.2115508513691493,1.6287347595205879,2.9564185937904965,1.0,-0.36159409137255993,0.8725795600254194,0.20525879629962665,0.8982661012312811,-2.4300118343681905,-2.3813203564458387,0.0020614287755038596,0.0,0.0015449538476223212,0.00011081525290379535,-0.00020806588607769072,-0.001801358507197648,-0.0010049265849012556,-0.0014135935003101174
101,0.07328423843795039,0.07328423192449209,3.089123209059663e-05,3.757288128579427,2.2124477118415156,1.6287354996132148,2.9584451174749695,1.0,-0.3600762989442638,0.8726893731750174,0.205052607329899,0.8964914253842354,-2.430996898188807,-2.382714321985195,0.0020265236844729806,0.0,0.0015177924282961386,0.0001098131495980148,-0.00020618896972765532,-0.0017746758470457147,-0.0009850638206163609,-0.0013939655393562234
102,0.07240581334167986,0.07240580699416767,3.031201667332747e-05,3.7572885087635957,2.2133261364113865,1.6287362245117964,2.960437654407238,1.0,-0.35858492423300276,0.8727982037503123,0.20484825868786583,0.8947428003696931,-2.431962678591258,-2.3840890938572454,0.0019925369322684183,0.0,0.0014913747112610398,0.0001088305752948715,-0.00020434864203316971,-0.0017486250145423154,-0.0009657804024509886,-0.0013747718720504842
103,0.07154525508724285,0.0715452488987097,2.9751757104974915e-05,3.7572888743806496,2.2141866941556745,1.6287369346597766,2.962397089819725,1.0,-0.35711925145884493,0.8729060704920548,0.20464571525781175,0.893019615492361,-2.4329097323893287,-2.385445092741414,0.0019594354124872204,0.0,0.0014656727741578224,0.00010786674174256827,-0.00020254343005407516,-0.00172318487733214,-0.0009470537980709182,-0.0013559988841684856
104,0.07070201800624255,0.07070201197011992,2.920958289922928e-05,3.757289226204346,2.2150299307419945,1.6287376304850234,2.9643242773440037,1.0,-0.3556785914406161,0.8730129913987604,0.2044449433115678,0.8913212802793785,-2.4338385949578103,-2.386782726253293,0.0019271875242785619,0.0,0.0014406600182288454,0.00010692090670560983,-0.00020077194624396055,-0.0016983352129824603,-0.0009288625684815699,-0.0013376335118788774
105,0.06987557864566643,0.06987557275575922,2.8684630797299867e-05,3.7572895649553533,2.2158563696226254,1.6287383124003403,2.966220040434159,1.0,-0.3542622803476385,0.8731189837695071,0.204245910429029,0.8896472236180192,-2.434749781262464,-2.3881023894679974,0.001895763090155267,0.0,0.0014163110929775735,0.00010599237074671031,-0.00019903288253877993,-0.0016740566613593355,-0.0009111863046538105,-0.0013196632147045584
106,0.06906543464618484,0.06906542889664156,2.8176121798597137e-05,3.7572898913058452,2.216666513156214,1.6287389808039856,2.9680851737131864,1.0,-0.3528696785218326,0.8732240642437709,0.20404858542412088,0.8879968929381004,-2.435643786830873,-2.3894044654180293,0.0018651332790273756,0.0,0.001392601825805917,0.00010508047426371903,-0.00019732500490812765,-0.001650330679918821,-0.0008940055684090176,-0.0013020759500319556
107,0.06827110368764444,0.06827109807293597,2.7683325772819198e-05,3.757290205883587,2.217460843662271,1.6287396360801836,2.969920444247257,1.0,-0.35150016936557327,0.8733282488385298,0.20385293827579404,0.8863697534363891,-2.4365210886681097,-2.3906893255671036,0.00183527053407051,0.0,0.0013695091562593298,0.00010418459475891595,-0.00019564714832684404,-0.0016271395017112278,-0.0008773018372365549,-0.0012848601490742517
108,0.06749212249715586,0.06749211701205216,2.7205513216527047e-05,3.757290509275606,2.218239824413085,1.6287402785996346,2.9717265927523484,1.0,-0.3501531582910373,0.8734315529828494,0.20365894006366142,0.8847652873404778,-2.437382146120857,-2.3919573302612935,0.0018061485050915316,0.0,0.001347011074535942,0.00010330414431958257,-0.0001939982121326178,-0.001604466095911361,-0.000861057452747449,-0.0012680046941899725
109,0.06672804591546093,0.06672804055501191,2.6742034226838607e-05,3.7572908020314784,2.219003900567348,1.628740908720012,2.9735043347374166,1.0,-0.3488280717270897,0.8735339915501428,0.20346656290792564,0.8831829932097769,-2.4382274016933496,-2.3932088291587648,0.001777741985068193,0.0,0.0013250865639476417,0.00010243856729341694,-0.00019237715573577896,-0.0015822941307008787,-0.0008452555724924871,-0.001251498897471226
110,0.06597844601765733,0.06597844077717295,2.6292270250914913e-05,3.757291084666296,2.2197535000494324,1.6287415267864536,2.975254361587988,1.0,-0.3475243561800456,0.8736355788882836,0.20327577991327317,0.8816223852714327,-2.439057281818244,-2.3944441616392846,0.0017500268505714622,0.0,0.0013037155470440598,0.00010158733814080723,-0.00019078299465247195,-0.0015606079383442273,-0.0008298801248942667,-0.0012353324805198795
111,0.06524291128461683,0.06524290615965063,2.585562307891096e-05,3.7572913576633358,2.2204890343779664,1.6287421331320342,2.9769773415937832,1.0,-0.3462414773449097,0.8737363288477327,0.20308656511643983,0.8800829927891224,-2.4398721975853155,-2.3956636571946244,0.0017229800057951827,0.0,0.0012828788351359477,0.00010074995944908682,-0.0001892147968333424,-0.0015393924823102756,-0.0008149157670716001,-0.0012194955553397335
112,0.06452104582173271,0.06452104080806634,2.5431554725260553e-05,3.7572916214764844,2.221210899447086,1.6287427280782278,2.9786739209237387,1.0,-0.34497891926393626,0.8738362548078273,0.20289889343717554,0.8785643594628207,-2.4406725454306475,-2.3968676358008976,0.0016965793299554832,0.0,0.0012625580809734194,9.992596009467114e-05,-0.00018767167926428407,-0.0015186333263016438,-0.0008003478453320056,-0.0012039786062731928
113,0.0638124686218821,0.06381246371550996,2.501952445427063e-05,3.757291876532434,2.22191947626347,1.6287433119353576,2.980344724551553,1.0,-0.3437361835295804,0.8739353697013699,0.20271274063235917,0.8770660428577529,-2.4414587077888052,-2.3980564082738116,0.0016708036278143545,0.0,0.0012427357343558487,9.9114893542529e-05,-0.0001861528048163752,-0.0014983166050678287,-0.0007861623581577604,-0.0011887724729140459
114,0.0631168128697036,0.06311680806682085,2.4619045361794124e-05,3.75729212323268,2.222615131642061,1.6287438850030285,2.9819903571346815,1.0,-0.3425127885291129,0.87403368603764,0.20252808325303429,0.8755876138608697,-2.442231053710299,-2.3992302766077542,0.0016456325831284424,0.0,0.001223395000467531,9.831633627011005e-05,-0.0001846573793248818,-0.0014784289968832187,-0.0007723459214936668,-0.0011738683339426181
115,0.06243372528453793,0.062433720581526075,2.422961801455087e-05,3.757292361955333,2.223298218863123,1.6287444475705422,2.9836114038495007,1.0,-0.3413082687283646,0.8741312159239456,0.20234489860415505,0.8741286561632888,-2.442989939446478,-2.400389534299576,0.0016210467148192187,0.0,0.0012045198007482605,9.752988630562509e-05,-0.00018318464887923103,-0.001458957697580865,-0.0007588857361788826,-0.0011592576918215691
116,0.06176286549952713,0.061762860892943416,2.3850834170597526e-05,3.7572925930567886,2.22396907829314,1.6287449999173031,2.9852084311851916,1.0,-0.3401221739922418,0.8742279710858182,0.2021631647068483,0.8726887657672446,-2.4437357090038536,-2.4015344666578775,0.0015970273356908926,0.0,0.0011860947361228003,9.675516187257482e-05,-0.00018173389730674616,-0.0014398903960441967,-0.0007457695573758194,-0.001144932358301709
117,0.061103905474598846,0.06110390096116725,2.348224439727907e-05,3.757292816873243,2.2246280379718284,1.6287455423132053,2.9867819876987083,1.0,-0.3389540689398116,0.8743239628859489,0.2019828602630133,0.8712675505161841,-2.444468694669703,-2.4026653510985674,0.0015735565135166496,0.0,0.0011681050524302017,9.599180013075692e-05,-0.00018030444383501654,-0.001421215251060537,-0.0007329856658495615,-0.0011308844406898722
118,0.060456528941188234,0.0604565245177859,2.3123471949574448e-05,3.7572930337220827,2.2252754141674203,1.6287460750190041,2.9883326047330563,1.0,-0.33780353233191107,0.8744192023419557,0.20180396462209432,0.8698646296467334,-2.445189217510681,-2.403782457427399,0.0015506170343480008,0.0,0.001150536607900543,9.52394560067571e-05,-0.00017889564091896903,-0.0014029208694507078,-0.0007205228409778996,-0.001117106328831774
119,0.059820430876716964,0.05982042654036722,2.277410331521491e-05,3.7572932439031637,2.2259115119021757,1.6287465982866753,2.9898607971009565,1.0,-0.3366701564893686,0.8745137001430628,0.2016264577498749,0.8684796333613382,-2.44589758784605,-2.404886048110167,0.0015281923679002496,0.0,0.0011333758425424723,9.449780110715178e-05,-0.0001775068722194295,-0.0013849962853952347,-0.0007083703353689685,-0.0011035906827676634
120,0.05919531700698595,0.0591953127548504,2.2433795918522946e-05,3.7572934476999835,2.2265366254499916,1.6287471123597594,2.9913670637358343,1.0,-0.3355535467400544,0.8746074666657697,0.20145032019915285,0.8671122024204571,-2.4465941056970304,-2.4059763785311894,0.0015062666348777398,0.0,0.0011166097493142124,9.376652270687291e-05,-0.00017613755072204418,-0.001367430940881098,-0.0006965178509803494,-0.0010903304210225784
121,0.05858090333478212,0.05858089916415144,2.2102214839639313e-05,3.757293645380763,2.2271510388077953,1.6287476174736912,2.992851888311954,1.0,-0.3344533208930958,0.8747005119885786,0.20127553308216736,0.8657619877532582,-2.447279061213665,-2.4070536972406784,0.0014848245761198697,0.0,0.001100225846958569,9.304532280884903e-05,-0.00017478711698548643,-0.001350214667198868,-0.000684955516634389,-0.0010773187094890169
122,0.05797691569308444,0.05797691160137125,2.1779014390248764e-05,3.757293837199437,2.227755026142336,1.6287481138561157,2.9943157398354003,1.0,-0.33336910873870196,0.8747928459058449,0.20110207804465818,0.8644286500858294,-2.447952735080511,-2.408118246191555,0.0014638515234461913,0.0,0.0010842121543938599,9.233391726637397e-05,-0.00017345503750917923,-0.0013333376674288244,-0.0006736738668462472,-0.0010645489508767092
123,0.057383089321404394,0.05738308530613592,2.1463890383743383e-05,3.757294023396585,2.2283488522138444,1.6287486017271933,2.995759073207503,1.0,-0.33230055157214355,0.8748844779408124,0.20092993724144684,0.8631118595859784,-2.448615398902377,-2.4091702609662433,0.001443333372102451,0.0,0.0010685571665584037,9.1632034967426e-05,-0.00017214080321134584,-0.001316790499851006,-0.000662663821866083,-0.0010520147746881925
124,0.05679916846386048,0.05679916452267295,2.1156553005407636e-05,3.7572942042002673,2.2289327727779558,1.6287490812998884,2.9971823297622016,1.0,-0.33124730174052763,0.8749754173578849,0.20075909331343744,0.8618112955237506,-2.4492673155712397,-2.4102099709939333,0.0014232565546987708,0.0,0.0010532498316159211,9.093941707249975e-05,-0.0001708439280093954,-0.0013005640622277825,-0.0006519166688625511,-0.0010397100276899884
125,0.056224905987707324,0.05622490211833875,2.0856707708885396e-05,3.7572943798268166,2.2295070349671824,1.6287495527802502,2.9985859377787545,1.0,-0.33020902221109477,0.8750656731741895,0.20058952936594243,0.8605266459468478,-2.449908739615417,-2.411237599758796,0.0014036080165529263,0.0,0.0010382795294328617,9.025581630461854e-05,-0.00016956394749501058,-0.0012846495769027744,-0.000641424044177441,-0.0010276287648625093
126,0.055660063021121385,0.05566005922140804,2.0564099147246523e-05,3.757294550481567,2.2300718776531236,1.6287500163676785,2.9999703129711106,1.0,-0.32918538615984755,0.8751552541704751,0.20042122894824552,0.8592576073701781,-2.4505399175319873,-2.412253364999581,0.0013843751923561243,0.0,0.0010236360512472231,8.958099628564309e-05,-0.00016830041769691495,-0.001269038576669712,-0.0006311779165701914,-0.0010157652407851714
127,0.05510440860910031,0.055104404876969736,2.0278471201829367e-05,3.7572947163595227,2.23062753179057,1.628750472255178,3.001335858955178,1.0,-0.3281760765793913,0.8752441689013926,0.20025417603432105,0.8580038844788124,-2.4511610881033894,-2.4132574789010266,0.0013655459840675732,0.0,0.0010093095804562524,8.891473091743318e-05,-0.00016705291392446475,-0.0012537228913657161,-0.0006211705714020965,-0.0010041139014456135
128,0.05455771938645556,0.05455771571992193,1.9999556733615036e-05,3.7572948776459927,2.2311742207445073,1.6287509206296074,3.0026829676951605,1.0,-0.32718078590494365,0.8753324257051955,0.20008835500463376,0.8567651898436682,-2.451772482699082,-2.4142501482774685,0.001347108739982339,0.0,0.0009952906744476464,8.82568038029774e-05,-0.00016582102968729084,-0.0012386946351441441,-0.0006113945956927047,-0.0009926693764419348
129,0.05401977926688427,0.05401977566404403,1.9727133990935652e-05,3.7572950345171616,2.2317121606010453,1.6287513616719094,3.004012019930044,1.0,-0.3261992156575275,0.8754200327129006,0.1999237506289497,0.8555412436492772,-2.4523743255630794,-2.415231574749029,0.0013290522348836653,0.0,0.0009815702474161303,8.760700770504837e-05,-0.00016460437568405206,-0.0012239461943910346,-0.0006018428639973372,-0.0009814264715606313
130,0.05349037914724253,0.053490375606269444,1.9461030616849725e-05,3.75729518714064,2.2322415604631436,1.6287517955573363,3.005323385581275,1.0,-0.325231076103429,0.8755069978569409,0.19976034805009307,0.8543317734330329,-2.45296683408813,-2.4162019549107354,0.0013113656512309113,0.0,0.0009681395540985238,8.696514404027411e-05,-0.00016340257885663623,-0.0012094702162442905,-0.0005925085250506612,-0.0009703801617062524
131,0.0529693166261213,0.05296931314526337,1.9200954267429286e-05,3.7572953356759595,2.2327626227320345,1.628752222455668,3.0066174241425845,1.0,-0.32427608592905316,0.8755933288793463,0.19959813276858873,0.8531365138353486,-2.4535502190772625,-2.4171614804949,0.0012940385613093852,0.0,0.000954990174375836,8.633102240540591e-05,-0.00016221528150434095,-0.001195259597684295,-0.0005833849891323517,-0.0009595255841645667
132,0.05245639573595691,0.052456392313532434,1.8946731238253665e-05,3.757295480275049,2.233275543375113,1.628752642531414,3.00789448505288,1.0,-0.3233339719303662,0.8756790333394796,0.19943709062813453,0.8519552063601885,-2.454124684993376,-2.4181103385270846,0.0012770609102954467,0.0,0.0009421139986869331,8.57044601333401e-05,-0.00016104214045420395,-0.0011813074751600983,-0.0005744659161135424,-0.0009488580321845852
133,0.0519514266879126,0.0519514233223059,1.869819652108041e-05,3.7572956210826667,2.2337805121810543,1.6287530559440129,3.0091549080530573,1.0,-0.32240446871616013,0.8757641186213575,0.1992772078018514,0.850787599145464,-2.4546904301975054,-2.419048711475939,0.0012604230001773686,0.0,0.0009295032142060955,8.508528187789466e-05,-0.00015988282628312533,-0.0011676072147245309,-0.000565745204129442,-0.0009383729488545711
134,0.05145422562880937,0.05145422231846815,1.8455122729716898e-05,3.7572957582368063,2.2342777130028835,1.62875346284802,3.010399023527543,1.0,-0.32148731842442047,0.8758485919405814,0.1991184707792625,0.8496334467428172,-2.455247647176365,-2.4199767773972054,0.001244115474485774,0.0,0.0009171502917396657,8.447331922389889e-05,-0.0001587370225888951,-0.0011541524026468242,-0.000557216978859465,-0.0009280659212662634
135,0.0509646144094828,0.05096461115291489,1.821736280097173e-05,3.7572958918690853,2.2347673239896166,1.62875386339329,3.0116271528313274,1.0,-0.320582270451124,0.8759324603509032,0.1989608663539565,0.8484925099063403,-2.4557965227597274,-2.420894710072148,0.0012281293037843533,0.0,0.0009050479732964911,8.386841032181902e-05,-0.00015760442530601826,-0.001140936836476869,-0.0005488755833624737,-0.0009179326749424455
136,0.050482420363904774,0.05048241715967502,1.798473240407463e-05,3.7572960221050904,2.2352495178071403,1.6287542577251481,3.012839608603211,1.0,-0.3196890811908275,0.8760157307504481,0.19880438161189334,0.8473645553898023,-2.4563372383281665,-2.4218026791406713,0.0012124557718835582,0.0,0.0008931892602964675,8.327039954492133e-05,-0.00015648474206314544,-0.0011279545165380211,-0.000540715568439154,-0.0009079690685234176
137,0.05000747609852359,0.05000747294525101,1.7757058004197833e-05,3.757296149064716,2.2357244618488705,1.6287546459845579,3.014036695065939,1.0,-0.3188075137884519,0.8760984098876156,0.19864900392031246,0.8462493557519809,-2.456869970011663,-2.4227008502293588,0.001197086462727981,0.0,0.0008815674023756048,8.267913716741848e-05,-0.000155377691580888,-0.0011151996378213624,-0.0005327316834966567,-0.000898171088687505
138,0.04953961929125559,0.0495396161876115,1.7534178078232633e-05,3.7572962728624772,2.23619231843676,1.6287550283082781,3.015218708313866,1.0,-0.3179373379016947,0.8761805043666777,0.19849472091720805,0.8451466891697175,-2.4573948888795383,-2.4235893850746644,0.001182013247927216,0.0,0.0008701758867571963,8.209447906215583e-05,-0.00015428300310441068,-0.001102666582263434,-0.0005249188678750905,-0.0008885348453055997
139,0.04907869249962446,0.04907868944432733,1.731599565222099e-05,3.757296393607793,2.236653245013162,1.6287554048290183,3.016385936588755,1.0,-0.31707832947354114,0.8762620206530938,0.1983415205013368,0.844056339258333,-2.4579121611221537,-2.4244684416414746,0.0011672282748889096,0.0,0.0008590084281535626,8.151628641606123e-05,-0.00015320041587124633,-0.0010903499113844584,-0.0005172722426154408,-0.0008790565668101991
140,0.04862454297756054,0.0486245399693784,1.710232697945681e-05,3.7572965114052694,2.237107394324024,1.6287557756755815,3.0175386605442815,1.0,-0.31623027051437214,0.8763429650785577,0.19818939082272613,0.842978094899066,-2.458421948224801,-2.4253381742372415,0.001152723955526458,0.0,0.0008480589591690069,8.094442546391356e-05,-0.0001521296786106685,-0.0010782443592669555,-0.0005097871026471523,-0.0008697325957669477
141,0.048177022500416646,0.048177019538160185,1.6893014731020808e-05,3.7572966263549463,2.2375549145938796,1.6287561409730076,3.018677153499784,1.0,-0.3153929488931954,0.8764233438457938,0.198038320273654,0.8419117500732063,-2.4589244071341603,-2.426198733621887,0.0011384929555022794,0.0,0.0008373216211767232,8.037876723610005e-05,-0.00015107054907212425,-0.0010663448258597663,-0.0005024589093594045,-0.0008605593846455761
142,0.04773598719776228,0.04773598428028582,1.6687956717771874e-05,3.757296738552541,2.2379959496930475,1.6287565008427043,3.0198016816837687,1.0,-0.3145661581375547,0.8765031630331173,0.19788829748007206,0.8408571037026196,-2.459419690417707,-2.4270502671136596,0.0011245281839848964,0.0,0.0008267907556407383,7.981918732347104e-05,-0.0001500227935819498,-0.0010546463705867204,-0.0004952832835467547,-0.0008515334917724715
143,0.04730129739356569,0.047301294519763594,1.6487015384382414e-05,3.7572968480896773,2.238430639297454,1.6287568554025775,3.020912504467657,1.0,-0.31374969724169427,0.8765824285987706,0.19773931129344638,0.839813959496373,-2.4599079464164078,-2.427892918691119,0.001110822783888299,0.0,0.0008164608958604047,7.926556565329701e-05,-0.00014898618662567698,-0.0010431442062465157,-0.0004882559987007262,-0.0008426515774595522
144,0.04687281745337772,0.04687281462218353,1.6290084088776298e-05,3.7572969550540876,2.238859119041445,1.628757204767156,3.0220098745902226,1.0,-0.31294337048258175,0.8766611463850512,0.1975913507829921,0.8387821258031855,-2.4603893193910364,-2.4287268290914215,0.0010973701225656107,0.0,0.0008063267591125189,7.871778628065762e-05,-0.00014796051045429248,-0.0010318336931876004,-0.000481372974628691,-0.0008339104003023401
145,0.04645041563816617,0.0464504128485507,1.6097020331242693e-05,3.7572970595298227,2.2392815206639543,1.6287575490477069,3.0230940383731624,1.0,-0.31214698724341255,0.8767393221222418,0.19744440522827825,0.8377614154694426,-2.460863949662422,-2.429552135905054,0.00108416378293974,0.0,0.0007963832391691961,7.81757371906e-05,-0.00014694555471383985,-0.001020710333742847,-0.00047463027138539005,-0.0008253068136325759
146,0.04603396396446631,0.04603396121543516,1.59077276360707e-05,3.757297161597433,2.2396979721483525,1.628757888352352,3.024165235928202,1.0,-0.3113603618442404,0.8768169614323538,0.19729846411218313,0.8367516457025295,-2.461331973745919,-2.4303689736671807,0.0010711975550394826,0.0,0.0007866253991721806,7.763931011195435e-05,-0.00014594111609511629,-0.0010097697669131378,-0.00046802408349710944,-0.0008168377621267098
147,0.04562333807052846,0.04562333536112074,1.5722087997798677e-05,3.757297261334142,2.2401085978562985,1.6287582227861748,3.0252237013561265,1.0,-0.31058331337939726,0.876894069832695,0.19715351711417914,0.8357526379392443,-2.461793524480378,-2.4311774739457337,0.0010584654279246486,0.0,0.0007770484648431109,7.710840034125255e-05,-0.0001449469980039919,-0.000999007763285209,-0.0004615507344589709,-0.0008085002785529483
148,0.04521841708816278,0.04521841441745149,1.5540018005383555e-05,3.7572973588140175,2.2405135186558924,1.6287585524513268,3.026269662938109,1.0,-0.3098156655613858,0.876970652739273,0.1970095541039291,0.8347642177190729,-2.462248731151876,-2.4319777654263914,0.0010459615819824464,0.0,0.0007676478180114743,7.658290657797107e-05,-0.00014396301025004776,-0.0009884202201713155,-0.0004552066714982317,-0.0008002914806577444
149,0.04481908352000814,0.044819080887096414,1.536139885616538e-05,3.7572974541081257,2.2409128520444117,1.6287588774471267,3.027303343319675,1.0,-0.30905724657094136,0.8770467154700395,0.1968665651351768,0.8337862145621103,-2.462697719612461,-2.432769973994573,0.0010336803815662599,0.0,0.0007584189904444316,7.606273076654624e-05,-0.0001429889687522834,-0.0009780031569626146,-0.00044898846058494257,-0.0007922085681815183
150,0.0444252231219497,0.04442522052597058,1.5186132993755802e-05,3.7572975472846752,2.241306712265889,1.6287591978701563,3.028324959687645,1.0,-0.30830788891297956,0.8771222632479899,0.19672454043991527,0.8328184618514288,-2.4631406123941346,-2.433554222814573,0.0010216163679697132,0.0,0.0007493576579618022,7.554777795037992e-05,-0.00014202469526153338,-0.000967752710681502,-0.00044289278167353174,-0.0007842488200000552
151,0.04403672479044084,0.044036722230555415,1.5014116015504047e-05,3.7572976384091605,2.241695210423793,1.628759513814357,3.0293347239403587,1.0,-0.3075674292781592,0.8771973012041202,0.19658347042281743,0.8318607967197025,-2.4635775288183037,-2.4343306324059513,0.0010097642527138184,0.0,0.0007404596348203341,7.503795613028608e-05,-0.00014107001709784406,-0.0009576651317263485,-0.00043691642416909815,-0.0007764095913782576
152,0.04365348045449001,0.043653477929885894,1.484529632933677e-05,3.7572977275444885,2.2420784545890395,1.6287598253711113,3.0303328428514886,1.0,-0.30683570840980395,0.8772718343802546,0.19644334565591515,0.8309130599399049,-2.464008585100907,-2.4350993207172937,0.000998118911129886,0.0,0.0007317208683552678,7.45331761343726e-05,-0.00014012476690228315,-0.0009477367797975367,-0.00043105628260331486,-0.0007686883113424692
153,0.04327538497208296,0.043275382481975135,1.4679542227640966e-05,3.757297814751106,2.2424565499035682,1.6287601326293368,3.031319518227715,1.0,-0.306112570975941,0.8773458677317464,0.19630415687351283,0.8299750958199092,-2.4644338944534145,-2.43586040319745,0.0009866753762262093,0.0,0.0007231374338629304,7.403335149180901e-05,-0.0001391887824023219,-0.0009379641199956934,-0.000425309352507508,-0.0007610824801562721
154,0.04290233603084725,0.04290233357447469,1.4516821058549616e-05,3.7572979000871105,2.242829598679682,1.6287604356755616,3.032294947060539,1.0,-0.305397865446226,0.8774194061300618,0.1961658949673233,0.8290467521008242,-2.464853567179891,-2.436613992864348,0.0009754288328243099,0.0,0.0007147055297150318,7.35383983153648e-05,-0.00013826190618951295,-0.0009283437190850119,-0.0004196727264762501,-0.0007535896668979802
155,0.0425342340527345,0.0425342316293605,1.4357019424499193e-05,3.757297983608367,2.24319770049536,1.6287607345940078,3.033259321672487,1.0,-0.30469144397353615,0.8774924543652511,0.19602855098181404,0.8281278798589116,-2.465267710770299,-2.4373602003714856,0.0009643746119478713,0.0,0.0007064214726898443,7.304823518938797e-05,-0.00013734398550926952,-0.0009188722419126716,-0.00041414359040814475,-0.0007462075071376084
156,0.042170982102543025,0.042170979711454004,1.4200016975083114e-05,3.757298065368608,2.243560952285738,1.6287610294666626,3.034212829857942,1.0,-0.3039931622800244,0.8775650171483158,0.1958921161097524,0.8272183334109351,-2.465676429990216,-2.43809913407219,0.000953508185455032,0.0,0.0006982816935117708,7.25627830646669e-05,-0.00013643487206163596,-0.0009095464479764725,-0.0004087192199171419,-0.0007389337007044361
157,0.04181248580011172,0.04181248344061591,1.4045875959837243e-05,3.7572981454195307,2.2439194484309133,1.6287613203733577,3.035155655018844,1.0,-0.3033028795474381,0.8776370991134724,0.1957565816879398,0.8263179702227997,-2.46607982696712,-2.438830900081735,0.0009428251609020499,0.0,0.0006902827325862559,7.208196515662291e-05,-0.00013553442181260533,-0.0009003631881353558,-0.0004033969769037249,-0.000731766009545165
158,0.04145865323598724,0.04145865090741448,1.3894356013917863e-05,3.757298223810897,2.2442732808402774,1.6287616073918318,3.0360879762954704,1.0,-0.3026204583115158,0.8777087048203248,0.1956219391931242,0.8254266508213464,-2.466478001273398,-2.439555602337398,0.0009323212766263467,0.0,0.0006824212359223258,7.160570685238454e-05,-0.00013464249481559554,-0.0008913194014533721,-0.00039817430627797634,-0.0007247022556629013
159,0.04110939489043306,0.04110939259213247,1.3745479199463865e-05,3.7572983005906124,2.244622539033508,1.6287618905978056,3.037009968692504,1.0,-0.3019457643602835,0.8777798387559435,0.19548818023808295,0.8245442387091724,-2.466871050006229,-2.4402733426565386,0.0009219923970333888,0.0,0.0006746939512323191,7.113393561863912e-05,-0.00013375895504125213,-0.0008824121121739914,-0.0003930487328314136,-0.0007177403191405141
160,0.04076462355561146,0.040764621286952914,1.3599185373412622e-05,3.7572983758048153,2.2449673102183842,1.6287621700650403,3.0379218032005926,1.0,-0.30127866663608316,0.8778505053368613,0.19535529656786607,0.8236706002823566,-2.467259067864469,-2.44098422079278,0.000911834508088738,0.0,0.0006670977242003162,7.066658091781086e-05,-0.0001328836702168823,-0.0008736384268157593,-0.0003880178582398308,-0.0007108781362412664
161,0.04042425426079592,0.04042425202116779,1.3455393763916187e-05,3.7572984494979567,2.2453076793655766,1.6287624458654042,3.038823646913587,1.0,-0.3006190371411733,0.8779207089109873,0.19522328005619208,0.8228056047509719,-2.467642147222671,-2.441688334490357,0.000901843712994399,0.0,0.0006596294949098858,7.020357412601541e-05,-0.00013201651167399353,-0.000864995531384749,-0.000383079358202032,-0.0007041136975769469
162,0.04008820420048323,0.0400882019892906,1.3314035345633916e-05,3.7572985217128685,2.245643729280536,1.6287627180689315,3.039715663141633,1.0,-0.2999667508467475,0.8779904537594437,0.19509212270198917,0.8219491240622719,-2.4680203782023717,-2.4423857795367123,0.000892016228045911,0.0,0.0006522862944257635,6.974484845645446e-05,-0.00013115735420290986,-0.0008564806886999232,-0.00037823097970068886,-0.0006974450463554938
163,0.039756392665259474,0.03975639048192714,1.317503675690564e-05,3.7572985924908444,2.245975540672621,1.628762986743879,3.0405980115202946,1.0,-0.2993216856052285,0.8780597440983302,0.19496181662607373,0.8211010328264492,-2.468393848740754,-2.4430766498133996,0.0008823483786617459,0.0,0.0006450652415190272,6.929033888647407e-05,-0.0001303060759154373,-0.0008480912358227455,-0.00037347053838221456,-0.0006908702766872388
164,0.03942874097532753,0.03942873881929494,1.30383712897682e-05,3.7572986618716997,2.2463031922215806,1.6287632519567843,3.0414708481158685,1.0,-0.2986837220656973,0.8781285840804179,0.19483235406795993,0.8202612082448587,-2.4687626446568,-2.4437610373453604,0.0008728365955739115,0.0,0.0006379635395311611,6.883998208773168e-05,-0.00012946255811380203,-0.000839824581590487,-0.00036879591604588313,-0.0006843875319608728
165,0.03910517241653415,0.03910517028725834,1.290392379222659e-05,3.7572987298938356,2.2466267606415173,1.6287635137725176,3.0423343255270443,1.0,-0.2980527435923282,0.8781969777967783,0.1947037273827935,0.8194295300406144,-2.469126849715044,-2.444439032348638,0.0008634774111757615,0.0,0.0006309784733691259,6.839371636035985e-05,-0.0001286266851664164,-0.000831678204244346,-0.00036420505824397154,-0.0006779950032775872
166,0.0387856121788314,0.03878561007578346,1.2771712152855792e-05,3.757298796594306,2.246946320742433,1.6287637722543333,3.0431885929830624,1.0,-0.29742863618570353,0.8782649292783491,0.19457592903840362,0.8186058803914633,-2.4694865456870247,-2.445110723276585,0.0008542674560181318,0.0,0.0006241074066246632,6.795148157079378e-05,-0.00012779834438989002,-0.0008236496491510481,-0.0003596959719809334,-0.0006716909279469441
167,0.03846998729703036,0.038469985219697606,1.264164844181333e-05,3.7572988620088674,2.247261945489469,1.6287640274639203,3.044033796438507,1.0,-0.296811288406889,0.8783324424974401,0.1944489516124677,0.8177901438648494,-2.4698418124105337,-2.445776196864621,0.0008452034554444765,0.0,0.0006173477788145587,6.751321909104213e-05,-0.00012697742593592576,-0.0008157365266139305,-0.0003552667235089402,-0.0006654735880360363
168,0.0381582265937737,0.03815822454165747,1.2513693169217602e-05,3.75729892617204,2.247573706059938,1.6287642794614512,3.0448700786648724,1.0,-0.2962005913041573,0.8783995213691826,0.19432278778978274,0.8169822073550842,-2.47019272784675,-2.4464355381735956,0.0008362822263654479,0.0,0.0006106971027316499,6.70788717425097e-05,-0.0001261638226849604,-0.0008079365097651836,-0.000350915436216237,-0.0006593413089746036
169,0.03785026062461049,0.03785025859722506,1.238776827449121e-05,3.757298989117157,2.247881671898249,1.6287645283056267,3.0456975793390275,1.0,-0.29559643834225063,0.8784661697529249,0.19419743035963885,0.8161819600225415,-2.470539368135354,-2.447088830631804,0.0008275006741551572,0.0,0.0006041529619066899,6.664838374226267e-05,-0.00012535743014388534,-0.0008002473325426918,-0.0003466402886038722,-0.0006532924582085542
170,0.03754602162509192,0.03754601962196599,1.2263863878772663e-05,3.7572990508764117,2.2481859107688074,1.6287647740537194,3.046516435128706,1.0,-0.2949987253340792,0.8785323914535756,0.19407287221328992,0.8153892932348005,-2.470881807647699,-2.4477361560757123,0.000818855789678441,0.0,0.0005977130081714077,6.622170065073707e-05,-0.0001245581463489298,-0.0007926667877410365,-0.00034243951234502745,-0.0006473254439081089
171,0.03724544345981219,0.037245441480487106,1.2141913825776227e-05,3.7572991114809104,2.248486488806978,1.628765016761621,3.047326779775135,1.0,-0.294407350374759,0.8785981902228989,0.19394910634151646,0.8146041005096629,-2.4712201190381213,-2.44837759478943,0.0008103446464291508,0.0,0.0005913749593202122,6.579876932322204e-05,-0.00012376587177345688,-0.0007851927251375512,-0.0003383113904225077,-0.0006414387137176902
172,0.036948461573286,0.03694845961731531,1.2021866769922411e-05,3.757299170960711,2.2487834705682075,1.628765256483879,3.048128744172917,1.0,-0.2938222137778926,0.8786635697607619,0.19382612583227696,0.8138262774599745,-2.471554373293467,-2.449013225542984,0.0008019643977816848,0.0,0.0005851365968664313,6.537953786300843e-05,-0.00012298050923950643,-0.0007778230496884309,-0.00033425425534572284,-0.0006356307535542172
173,0.03665501294261322,0.03665501100956205,1.1903668365061758e-05,3.757299229344871,2.2490769190753572,1.6287654932737394,3.0489224564472703,1.0,-0.293243218014006,0.8787285337163391,0.19370392386844268,0.8130557217401819,-2.471884639780904,-2.4496431256294304,0.0007937122743535419,0.0,0.0005789957638865917,6.496395557720192e-05,-0.00012220196383427862,-0.000770555719792565,-0.00033026648743694764,-0.0006299000864462556
174,0.03636503603183086,0.03636503412127714,1.1787280035756703e-05,3.757299286661484,2.249366895864352,1.6287657271831835,3.049708042028734,1.0,-0.29267026765105447,0.8787930856892723,0.19358249372561348,0.8122923329945622,-2.4722109862940913,-2.45026737090085,0.0007855855814637991,0.0,0.0005729503629515187,6.455197293320225e-05,-0.00012143014282919862,-0.0007633887456197641,-0.00032634651318730334,-0.0006242452714193547
175,0.03607847074790931,0.03607846885944089,1.1672698859049884e-05,3.7572993429377224,2.2496534610281858,1.6287659582629674,3.050485623725428,1.0,-0.29210326929691643,0.8788572292307912,0.1934618287700095,0.8115360128070609,-2.47253347909777,-2.4508860358032654,0.0007775816966937299,0.0,0.0005669983541380375,6.414354151895729e-05,-0.00012066495560397739,-0.0007563201875012693,-0.00032249280367890876,-0.0006186649024155777
176,0.03579525839829191,0.035795256531507724,1.155986332307872e-05,3.757299398199869,2.24993667325938,1.6287661865626564,3.051255321792967,1.0,-0.29154213154379766,0.8789209678447955,0.19334192245643594,0.8107866646526829,-2.472852182970841,-2.4514991934105197,0.0007696980675393483,0.0,0.0005611377531187789,6.373861400421621e-05,-0.00011990631357355896,-0.0007493481543779934,-0.00031870387307098014,-0.0006131576072543332
177,0.035515341649944375,0.035515339804454114,1.1448728068125626e-05,3.757299452473357,2.2502165898909348,1.6287664121306593,3.052017254002121,1.0,-0.29098676491447156,0.8789843049888988,0.19322276832631793,0.8100441938503756,-2.473167161247983,-2.4521069154571498,0.0007619322091536596,0.0,0.0005553666293260928,6.333714410333702e-05,-0.0001191541301180099,-0.0007424708023072712,-0.0003149782771418863,-0.0006077220466300659
178,0.03523866448983386,0.035238662665257235,1.1339225595590116e-05,3.757299505782801,2.250493266935849,1.628766635014263,3.0527715357042933,1.0,-0.2904370818102841,0.8790472440754385,0.19310436000580167,0.8093085075173526,-2.4734784758598773,-2.4527092723702935,0.0007542817021723991,0.0,0.0005496831041874595,6.293908653975944e-05,-0.00011840832051626671,-0.0007356863330230112,-0.00031131461189426446,-0.0006023569131436979
179,0.03496517218678669,0.03496517038275303,1.1231423432800754e-05,3.7572995581520305,2.2507667591252645,1.6287668552596644,3.053518279894919,1.0,-0.2898929964608559,0.8791097884724516,0.19298669120391929,0.8085795145248056,-2.4737861873720868,-2.4533063333006613,0.0007467441906259253,0.0,0.0005440853494281805,6.254439701303127e-05,-0.00011766880188238127,-0.0007289929925470284,-0.00030771151220942983,-0.0005970609303678209
180,0.03469481125466762,0.03469480947081541,1.1125171420851385e-05,3.757299609604118,2.251037119945285,1.6287670729120012,3.0542575972748423,1.0,-0.28935442487541635,0.8791719415046169,0.19286975571081486,0.8078571254549535,-2.4740903550226454,-2.453898166152608,0.0007393173799230546,0.0,0.0005385715854395734,6.215303216527968e-05,-0.00011693549310443085,-0.000722389069852114,-0.0003041676505586288,-0.0005918328519465277
181,0.03442752941682373,0.034427527652800244,1.1020453951151196e-05,3.757299660161411,2.251304401672533,1.6287672880153832,3.0549895963097593,1.0,-0.2888212847957077,0.8792337064541688,0.19275354739602818,0.8071412525593824,-2.4743910367584054,-2.454484837613331,0.0007319990349170524,0.0,0.0005331400797086716,6.176494955190126e-05,-0.00011620831478667548,-0.000715872895571068,-0.0003006817357600333,-0.0005866714607232204
182,0.03416327557175054,0.03416327382721282,1.0917294842404995e-05,3.757299709845557,2.251568655408483,1.6287675006129196,3.055714383287795,1.0,-0.28829349565039963,0.8792950865617793,0.19263806020683474,0.8064318097186297,-2.474688289270192,-2.455066413181231,0.0007247869780355742,0.0,0.0005277891453080441,6.138010761058688e-05,-0.00011548718919343615,-0.0007094428407526943,-0.00029725251178636114,-0.0005815755678999501
183,0.033901999759921746,0.03390199803453476,1.0815615505728063e-05,3.7572997586775343,2.2518299311126317,1.6287677107467489,3.056432062375281,1.0,-0.2877709785109586,0.8793560850274135,0.19252328816663863,0.8057287124029686,-2.4749821680268083,-2.455642957193458,0.0007176790874861005,0.0,0.0005225171394410144,6.0998465634121146e-05,-0.00011477204019610943,-0.0007030973156610942,-0.00029387875661646135,-0.0005765440122269538
184,0.03364365313174732,0.03364365142518481,1.0715416622150163e-05,3.757299806677669,2.2520882776345412,1.6287679184580652,3.0571427356708023,1.0,-0.28725365604891545,0.8794167050111561,0.19240922537341662,0.8050318776343509,-2.4752727273079413,-2.456214532852672,0.0007106732955213246,0.0,0.0005173224620431682,6.061998374262689e-05,-0.00011406279322201396,-0.0006968347686177045,-0.0002905592811330848,-0.000571575659213952
185,0.03338818791660498,0.033388186228547966,1.0616614620313938e-05,3.7572998538656717,2.2523437427448068,1.628768123787145,3.057846503257577,1.0,-0.2867414524944817,0.8794769496340141,0.19229586599821097,0.8043412239494683,-2.475560020236,-2.4567812022530484,0.0007037675867747062,0.0,0.0005122035544337655,6.0244622858030006e-05,-0.00011335937520565165,-0.0006906536848826361,-0.00028729292805884654,-0.0005666694003765294
186,0.033135557392909264,0.03313555572304616,1.0519206644008874e-05,3.757299900260648,2.2525963731649874,1.628768326773373,3.058543463254223,1.0,-0.28623429359646246,0.8795368219786934,0.1921832042836696,0.8036566713638912,-2.4758440988069346,-2.4573430264055482,0.000696959996646207,0.0,0.0005071588980192221,5.987234467930147e-05,-0.00011266171454135665,-0.0006845525855770918,-0.0002840785709343763,-0.0005618241524998346
187,0.03288571585917742,0.03288571420720528,1.0423189170168726e-05,3.75729994588113,2.2528462145965387,1.6287685274552646,3.05923371186398,1.0,-0.2857321065834205,0.8795963250903518,0.19207123454263048,0.802978141337251,-2.4761250139200697,-2.4579000652624803,0.0006902486097568605,0.0,0.0005021870130419437,5.9503111658365526e-05,-0.00011196974103913626,-0.0006785300266402006,-0.0002809151131351051,-0.000557038856932035
188,0.032638618606053375,0.03263861697167542,1.0328536484029117e-05,3.757299990745092,2.2530933117487923,1.6287687258704926,3.059917343422431,1.0,-0.28523482012604373,0.8796554619773291,0.19195995115674946,0.8023055567394274,-2.4764028154069924,-2.45845237774138,0.000683631558450859,0.0,0.0004972864573767888,5.91368869773401e-05,-0.00011128338588101139,-0.0006725845978236,-0.0002778014869226908,-0.0005523124788995304
189,0.03239422188924443,0.03239422027217155,1.023517797831112e-05,3.7573000348699734,2.2533377083660158,1.6287689220559076,3.060594450443786,1.0,-0.28474236430067357,0.8797142356118561,0.19184934857516936,0.8016388418177074,-2.476677552059525,-2.4590000217482237,0.000677107021354928,0.0,0.0004924558253701639,5.8773634526998464e-05,-0.00011060258158010483,-0.0006667149217199908,-0.00027473665253241464,-0.0005476440068439281
190,0.03215248290335993,0.03215248130330958,1.014312749723998e-05,3.7573000782726966,2.2535794472535757,1.6287691160475632,3.061265123665773,1.0,-0.28425467055395204,0.8797726489307411,0.19173942131322858,0.800977922164883,-2.4769492716568213,-2.459543054200005,0.0006706732219869949,0.0,0.0004876937467215292,5.841331888500889e-05,-0.00010992726194078428,-0.0006609196528244432,-0.00027171959729654915,-0.0005430324517812224
191,0.031913359756580745,0.03191335817327726,1.0052288440914536e-05,3.7573001209696884,2.2538185703032676,1.6287693078807357,3.0619294520931875,1.0,-0.28377167166854683,0.879830704836038,0.19163016395120772,0.8003227246882558,-2.477218020991616,-2.460081531046688,0.0006643284274145955,0.0,0.00048299888540520586,5.8055905296838795e-05,-0.00010925736202085923,-0.0006551974766271229,-0.00026874933479481555,-0.000538476846683178
192,0.031676811446165236,0.03167680987933955,9.96273852152907e-06,3.7573001629768945,2.25405511851781,1.6287694975899425,3.0625875230401474,1.0,-0.28329330172991657,0.8798884061956938,0.19152157113311288,0.7996731775795185,-2.477483845895657,-2.4606155072925664,0.00065807094695991,0.0,0.0004783699386302631,5.770135965577072e-05,-0.00010859281809483257,-0.000649547108737325,-0.00026582490404081227,-0.0005339762458782538
193,0.03144279783473306,0.03144279628412068,9.874377891140904e-06,3.757300204309797,2.2542891320345624,1.628769685208968,3.063239422171099,1.0,-0.2828194960940785,0.8799457558441777,0.1914136375654939,0.7990292102854816,-2.477746791264351,-2.4611450370170367,0.0006518991309514277,0.0,0.0004738056358380427,5.734964848391755e-05,-0.0001079335676189841,-0.000643967294036929,-0.0002629453686942007,-0.0005295297244702901
194,0.031211279627313956,0.031211278092658057,9.787238761030772e-06,3.757300244983432,2.254520650148472,1.628769870770879,3.063885233540613,1.0,-0.28235019135634387,0.880002756583093,0.19130635801629622,0.7983907534796215,-2.478006901080655,-2.4616701733948148,0.0006458113695142487,0.0,0.00046930473773465486,5.700073891534707e-05,-0.00010727954919767524,-0.0006384568058600548,-0.0002601098163039772,-0.0005251363777780682
195,0.030982218349123007,0.030982216830172035,9.70123960571135e-06,3.7573002850124078,2.2547497113343025,1.628770054308045,3.064525039632023,1.0,-0.2818853253209861,0.880059411181771,0.19119972731374538,0.7977577390344187,-2.478264218438232,-2.462190968715606,0.0006398060914101222,0.0,0.0004648660353577805,5.665459867798539e-05,-0.00010663070255084728,-0.0006330144452028064,-0.0002573173575770582,-0.0005207953207913008
196,0.030755576324042425,0.03075557482055023,9.616364829010522e-06,3.757300324410912,2.2549763532681517,1.6287702358521559,3.065158921394932,1.0,-0.2814248369718099,0.8801157223778489,0.19109374034526241,0.7971300999944622,-2.4785187855639053,-2.4627074744032513,0.0006338817629090165,0.0,0.0004604883491761691,5.631119607785173e-05,-0.00010598696848296285,-0.0006276390399565512,-0.0002545671256730664,-0.0005165056876452745
197,0.030531316653780286,0.030531315165506397,9.532644464000918e-06,3.757300363192736,2.255200612848291,1.6287704154342397,3.065786958281636,1.0,-0.28096866644359003,0.8801716928778316,0.19098839205640927,0.7965077705502946,-2.4787706438394306,-2.4632197410343615,0.0006280368867037645,0.0,0.00045617052821989024,5.5970499982738176e-05,-0.00010534828885314096,-0.0006223294441675131,-0.0002518582755253185,-0.0005122666311101476
198,0.03030940319767999,0.03030940172438991,9.450015205693236e-06,3.7573004013712796,2.255422526215357,1.6287705930846816,3.0664092282824966,1.0,-0.28051675499434786,0.8802273253576383,0.1908836774498633,0.795890686012974,-2.4790198338226164,-2.4637278183564617,0.0006222700008606807,0.0,0.0004519114492421705,5.5632479806666524e-05,-0.00010471460654598586,-0.0006170845373206779,-0.00024918998318579355,-0.000508077322100231
199,0.030089800553164476,0.03008979909462806,9.368434820681577e-06,3.7573004389595708,2.2556421287719077,1.6287707688332387,3.067025807960304,1.0,-0.28006904497843976,0.8802826224631343,0.19077959158441896,0.7952787827893281,-2.479266395267806,-2.464231755305654,0.0006165796778074828,0.0,0.0004477100159080982,5.5297105496010523e-05,-0.00010408586544433107,-0.0006119032236459043,-0.0002465614451896414,-0.0005039369491921519
200,0.02987247403677886,0.02987247259277143,9.287954854048022e-06,3.757300475970275,2.2558594552013793,1.6287709427090564,3.0676367724836533,1.0,-0.2796254798204267,0.8803375868106491,0.19067612957401675,0.7946719983578809,-2.4795103671457537,-2.464731600023819,0.0006109645233491889,0.0,0.0004435651580130817,5.496434751484092e-05,-0.00010346201040220548,-0.0006067844314471271,-0.0002439718779476685,-0.000499844718165221
201,0.029657389665824416,0.029657388236125924,9.208507706214912e-06,3.75730051241571,2.2560745394864523,1.628771114740684,3.0682421956593777,1.0,-0.27918600398970017,0.8803922209874803,0.1905732865867976,0.7940702712454276,-2.4797517876629085,-2.4652273998753698,0.0006054231757244288,0.0,0.0004394758307265101,5.4634176831158676e-05,-0.00010284298721915941,-0.0006017271124533208,-0.00024142051715481117,-0.0004957998515506823
202,0.029444514140547412,0.02944451272494298,9.130047378600237e-06,3.757300548307853,2.256287414926862,1.6287712849560914,3.0688421499640675,1.0,-0.2787505629758382,0.8804465275523841,0.19047105784418206,0.7934735410042384,-2.479990694280131,-2.4657192014635694,0.0005999543046897315,0.0,0.000435441013861948,5.4306564903794374e-05,-0.00010222874261553438,-0.000596730241189225,-0.00023890661722258955,-0.0004918015881996141
203,0.0292338148268886,0.02923381342516717,9.05259953002623e-06,3.757300583658359,2.2564981141566514,1.6287714533826811,3.0694367065746992,1.0,-0.2783191032646668,0.8805005090360541,0.19036943861997344,0.7928817481898712,-2.4802271237308586,-2.466207050646427,0.0005945566106317912,0.0,0.00043145971117142246,5.398148367008471e-05,-0.00010161922420862113,-0.0005917928143671647,-0.00023642945072754884,-0.00048784918285749157
204,0.029025259739731225,0.0290252583516869,8.976165630871997e-06,3.7573006184785633,2.256706669160919,1.6287716200473066,3.070025935398413,1.0,-0.27789157231500267,0.8805541679415873,0.19026842423948395,0.7922948343395743,-2.4804611120387414,-2.466690992552187,0.0005892288237139276,0.0,0.0004275309496641344,5.365890553310493e-05,-0.00010101438048948364,-0.0005869138502969662,-0.00023398830788279312,-0.0004839419057600658
205,0.02881881752667597,0.02881881615210651,8.900672015308472e-06,3.7573006527794997,2.2569131112920484,1.6287717849762815,3.0706099051014593,1.0,-0.27746791853605574,0.8806075067449379,0.19016801007868311,0.7917127419512584,-2.480692694534765,-2.4671710715944215,0.0005839697030460833,0.0,0.0004236537789469308,5.3338803350677644e-05,-0.00010041416080083798,-0.000582092388315858,-0.00023158249602373004,-0.0004800790422345713
206,0.02861445745229479,0.02861445609100284,8.826117653621227e-06,3.7573006865719054,2.2571174712854507,1.6287719481953962,3.0711886831373447,1.0,-0.2770480912654683,0.8806605278953612,0.19006819156336743,0.7911354144630242,-2.4809219058738785,-2.467647331486737,0.0005787780358854633,0.0,0.0004198272705874251,5.302115042327138e-05,-9.981851531568053e-05,-0.0005773274882342472,-0.00022921133911335545,-0.0004762598923155892
207,0.028412149382854742,0.028412148034647262,8.752475809097372e-06,3.757300719866232,2.2573197792748427,1.6287721097299295,3.0717623357742054,1.0,-0.27663204074797015,0.8807132338158443,0.18996896416835085,0.7905627962332231,-2.4811487800511425,-2.4681198152571118,0.0005736526368607109,0.0,0.0004160505174981566,5.2705920483120394e-05,-9.922739501658229e-05,-0.0005726182298010363,-0.0002268741772639693,-0.0004724837703746765
208,0.028211863771498914,0.028211862436186362,8.679769707999548e-06,3.7573007526726547,2.2575200648070664,1.6287722696046627,3.072330928121426,1.0,-0.27621971811462953,0.8807656269035286,0.18987032341667517,0.7899948325210399,-2.4813733504174174,-2.4685885652618693,0.000568592347220509,0.0,0.0004123226333406227,5.2393087684232675e-05,-9.86407516756771e-05,-0.0005679637121832615,-0.0002245703662748788,-0.00046875000475754547
209,0.028013571643865264,0.02801357032126237,8.607945675545956e-06,3.757300785001083,2.257718356856468,1.6287724278438886,3.0728945241555374,1.0,-0.27581107536268035,0.8808177095301202,0.18977226487883975,0.7894314694675764,-2.4815956496946003,-2.469053623199302,0.000563596034111491,0.0,0.0004086427519491842,5.208262659162077e-05,-9.805853783542706e-05,-0.0005633630534634948,-0.00022229927718298015,-0.000465057937432789
210,0.027817244584126273,0.027817243274050964,8.537025974926277e-06,3.757300816861167,2.257914683838861,1.6287725844714285,3.0734531867454087,1.0,-0.2754060653359067,0.8808694840422914,0.18967478417204972,0.7888726540774241,-2.481815709990435,-2.469515030122957,0.0005586625898712505,0.0,0.0004050100267736223,5.177451217119877e-05,-9.74807067900263e-05,-0.0005588153901522341,-0.00022006029583465647,-0.00046140692365481684
211,0.027622854721441464,0.027622853423715666,8.466980880794153e-06,3.757300848262305,2.258109073625071,1.6287727395106393,3.0740069776767593,1.0,-0.2750046417055668,0.8809209527620725,0.18957787695948236,0.7883183342007103,-2.482033562812899,-2.4699728264545864,0.0005537909313506617,0.0,0.00040142363033990325,5.146871978112255e-05,-9.690721256735979e-05,-0.000554319876713838,-0.00021785282246389315,-0.00045779633162945643
212,0.027430374716801435,0.0274303734312508,8.397726514587995e-06,3.757300879213657,2.258301553554093,1.6287728929844263,3.074555957676014,1.0,-0.274606758951839,0.8809721179872342,0.18948153894957062,0.787768458515601,-2.482249239084189,-2.470427051996785,0.0005489799992548505,0.0,0.00039788275372781845,5.1165225161686756e-05,-9.633800991173946e-05,-0.0005498756851093356,-0.00021567627128993294,-0.00045422554219864963
213,0.027239777750255902,0.027239776476709474,8.32936257455737e-06,3.7573009097241403,2.2584921504458637,1.6287730449152553,3.075100186433518,1.0,-0.27421237234577256,0.8810229819916611,0.18938576589530362,0.7872229765112503,-2.4824627691543157,-2.47087774594531,0.0005442287575037064,0.0,0.0003943866060664436,5.08640044268871e-05,-9.5773054267001e-05,-0.0005454820043506725,-0.0002135300701269216,-0.0004506939485251493
214,0.027051037508508735,0.0270510362467993,8.261803660990896e-06,3.757300939802452,2.258680890613665,1.6287731953251607,3.0756397226261343,1.0,-0.2738214379317283,0.8810735470257166,0.1892905535935434,0.7866818384711802,-2.4826741828143195,-2.4713249469011034,0.0005395361926163744,0.0,0.0003909344140442528,5.056503405553858e-05,-9.521230176021134e-05,-0.000541138040070055,-0.0002114136600037675,-0.0004472009557932033
215,0.026864128172871347,0.026864126922833766,8.195015493479635e-06,3.7573009694570656,2.2588677998761737,1.6287733442357586,3.0761746239392447,1.0,-0.27343391251029187,0.8811238153166,0.18919589788435734,0.7861449954570793,-2.4828835093091195,-2.471768692882019,0.000534901313110403,0.0,0.000387525421436441,5.026829088339291e-05,-9.465570918607003e-05,-0.0005368430141009517,-0.00020932649479998844,-0.00044374598091545536
216,0.02667902440755444,0.026679023169028735,8.129044384457064e-06,3.757300998696242,2.259052903569164,1.6287734916682535,3.076704947088169,1.0,-0.2730497536216459,0.8811737890686946,0.1891017946503656,0.7856123992930069,-2.4830907773500095,-2.4722090213342653,0.0005303231489244276,0.0,0.00038415888864595793,4.997375209458976e-05,-9.410323399172693e-05,-0.0005325961640724186,-0.00020726804088999629,-0.00044032845224650785
217,0.026495701348304528,0.026495700121132417,8.063855315706487e-06,3.757301027528033,2.259236226556878,1.6287736376434518,3.077230747839021,1.0,-0.2726689195293863,0.881223470463908,0.18900823981610385,0.785084002549991,-2.483296015126811,-2.4726459691435743,0.0005258007508519569,0.0,0.0003808340922595854,4.968139521344117e-05,-9.355483426176647e-05,-0.0005283967430158576,-0.00020523777680159228,-0.0004369478093089185
218,0.02631413459134837,0.026314133375375078,7.999467406202481e-06,3.757301055960292,2.2594177932430766,1.6287737821817678,3.0777520810290215,1.0,-0.27229136920476854,0.8812728616620061,0.18891522934739946,0.7845597585310095,-2.4834992503196953,-2.473079572646097,0.0005213331900004725,0.0,0.0003775503246177814,4.939119809810322e-05,-9.301046870438534e-05,-0.0005242440189815456,-0.00020323519288423242,-0.00043360350252275026
219,0.026134300182657694,0.02613429897773186,7.935760256532947e-06,3.757301084000677,2.259597627581775,1.628773925303236,3.078269000586284,1.0,-0.27191706231137064,0.8813219648009382,0.18882275925076233,0.7840396212563412,-2.483700510110681,-2.4735098676390423,0.0005169195572625185,0.0,0.00037430689339790213,4.9103138932027335e-05,-9.247009663712613e-05,-0.0005201372746682642,-0.00020125979098573055,-0.0004302949929453348
220,0.025956174607512553,0.02595617341348491,7.872835005199421e-06,3.7573011116566564,2.259775753087682,1.6287740670275166,3.078781559549085,1.0,-0.27154595919016006,0.8813707819971561,0.18873082557278845,0.7835235454492782,-2.4838998211948247,-2.4739368893910614,0.0005125589628010019,0.0,0.00037110312121058087,4.88171962179651e-05,-9.193367797388774e-05,-0.0005160758070630322,-0.0001993110841436163,-0.00042702175201903003
221,0.02577973478035452,0.025779733597079454,7.810596836083203e-06,3.7573011389355164,2.2599521928463435,1.6287742073739073,3.0792898100846426,1.0,-0.2711780208449519,0.8814193153459258,0.18863942439957665,0.7830114865221866,-2.484097209791108,-2.474360672652385,0.0005082505355575861,0.0,0.00036793834520815194,4.853334876964155e-05,-9.140117321179697e-05,-0.0005120589270916076,-0.00019738859628315453,-0.00042378326132341826
222,0.025604958034924845,0.025604956862257965,7.74911961307904e-06,3.7573011658443654,2.2601269695240087,1.6287743463613489,3.0797938035074095,1.0,-0.27081320892824595,0.8814675669216324,0.18854855185615813,0.782503400562908,-2.484292701653032,-2.4747812516647207,0.0005039934227668574,0.0,0.0003648119167059538,4.8251575706648175e-05,-9.087254341852424e-05,-0.000508085959278537,-0.00019549186192424628,-0.0004205790123359421
223,0.02543182211466987,0.025431820952472216,7.688334948308623e-06,3.75730119239014,2.260300105377217,1.628774484008437,3.0802935902969018,1.0,-0.2704514857274322,0.881515538778079,0.18845820410593775,0.7819992443214904,-2.484486322078932,-2.4751986601709213,0.0004997867894922514,0.0,0.000361723200813735,4.7971856446560324e-05,-9.034775022037644e-05,-0.0005041562414176415,-0.00019362042589987638,-0.00041740850620053394
224,0.025260305163419306,0.02526030401155122,7.628288505541415e-06,3.757301218579607,2.2604716222621315,1.6287746203334261,3.0807892201150735,1.0,-0.2700928141513518,0.8815632329487789,0.18836837735014758,0.7814989751972388,-2.484678095922015,-2.4756129314244215,0.00049562981817175,0.0,0.0003586715760804382,4.7694170699941196e-05,-8.982675579016774e-05,-0.0005002691242516066,-0.0001917738430829985,-0.0004142712535002424
225,0.02509038571630206,0.025090384574630243,7.568792498973126e-06,3.7573012444193745,2.2606415416436083,1.6287747553542404,3.081280741823253,1.0,-0.26973715771720436,0.8816106514472422,0.1882790678273114,0.7810025512260779,-2.4848680476001346,-2.4760240981984594,0.0004915217081795653,0.0,0.0003556564341474222,4.7418498463236425e-05,-8.930952283617288e-05,-0.0004964239711608975,-0.00018995167811963753,-0.0004111667740378522
226,0.024922042690940862,0.024922041559330758,7.5100669776016274e-06,3.7573012699158914,2.260809884604018,1.6287748890884783,3.0817682034986515,1.0,-0.2693844805377903,0.8816577962672555,0.188190271812721,0.7805099310682165,-2.4850562011053055,-2.4764321927950816,0.00048746167539848173,0.0,0.0003526771794140626,4.714482001333398e-05,-8.879601459041431e-05,-0.0004926201578613343,-0.00018815350517087381,-0.0004080945966222771
227,0.024755255378843776,0.024755254257165075,7.451951377670677e-06,3.7573012950754534,2.2609766718518407,1.6287750215534245,3.082251652450459,1.0,-0.26903474730907795,0.8817046693831573,0.18810198561792255,0.7800210739961059,-2.485242580012972,-2.476837247053942,0.0004834489518072971,0.0,0.0003497332287123456,4.6873115901790996e-05,-8.828619479844813e-05,-0.00048885707211066,-0.00018637890766637355,-0.00040505425886028235
228,0.024590003437068225,0.024590002325194153,7.394550164915903e-06,3.7573013199042076,2.2611419237300074,1.6287751527660512,3.0827311352355378,1.0,-0.26868792329808644,0.8817512727501065,0.188014205590214,0.779535939882683,-2.485427207491032,-2.4772392923608963,0.00047948278507892184,0.0,0.00034682401099150884,4.6603366949171665e-05,-8.778002770853943e-05,-0.0004851341134228804,-0.0001846274780601398,-0.00040204530695442386
229,0.02442626688008498,0.02442626577788918,7.337759063235364e-06,3.7573013444081576,2.2613056602240396,1.6287752827430297,3.083206697673728,1.0,-0.26834397433107443,0.8817976083043461,0.18792692811215245,0.7790544891898922,-2.4856101063086293,-2.4776383596564022,0.00047556243819002475,0.0,0.00034394896701200883,4.633555423960711e-05,-8.727747806155928e-05,-0.0004814506927908191,-0.0001828988175973656,-0.0003990672955058727
230,0.0242640260718626,0.02426402497922192,7.281561853878795e-06,3.7573013685931658,2.261467900969958,1.6287754115007345,3.083678384862771,1.0,-0.2680028667820256,0.881843677963462,0.18784014960107118,0.7785766829574757,-2.4857912988447155,-2.4780344794437257,0.0004716871890431129,0.0,0.0003411075490488136,4.606965911591043e-05,-8.677851108127022e-05,-0.0004778062324164445,-0.00018119253608617214,-0.00039611978732345676
231,0.024103261718173345,0.02410326063496598,7.226003121780246e-06,3.7573013924649596,2.2616286652619815,1.6287755390552516,3.0841462411928706,1.0,-0.26766456756142254,0.8818894836266354,0.18775386650860687,0.778102482792027,-2.4859708070963937,-2.4784276817969633,0.00046785633009971406,0.0,0.0003382992206030777,4.580566317347046e-05,-8.628309246430654e-05,-0.000474200165448746,-0.0001795082516782287,-0.00039320235323758723
232,0.023943954859091728,0.023943953785199232,7.1710357790223175e-06,3.7573014160291334,2.2617879720600254,1.6287756654223844,3.084610310360893,1.0,-0.26732904410529995,0.8819350271748921,0.18766807532023566,0.777631850856298,-2.4861486526870475,-2.478817996368882,0.0004640691680224407,0.0,0.0003355234561225884,4.554354825669904e-05,-8.579118837120925e-05,-0.0004706319357289379,-0.00017784559065381345,-0.0003903145719186263
233,0.02378608686169603,0.02378608579700078,7.116704729380987e-06,3.7573014392911537,2.2619458399970034,1.6287757906176579,3.085070635384221,1.0,-0.2669962643645698,0.8819803104713452,0.18758277255481842,0.7771647498587555,-2.486324856874263,-2.479205452398583,0.0004603250233281564,0.0,0.00033277974073014915,4.528329645303586e-05,-8.530276541723891e-05,-0.00046710099754254664,-0.00017620418721531195,-0.00038745602970102766
234,0.02362963941296172,0.02362963835734952,7.062930343127756e-06,3.757301462256361,2.2621022873859298,1.6287759146563283,3.085527258614275,1.0,-0.2666661967946097,0.8820253353614341,0.18749795476415487,0.7767011430433776,-2.486499440557548,-2.4795900787189944,0.00045662323005357663,0.0,0.0003300675699601241,4.502489008895161e-05,-8.481779066354944e-05,-0.00046360681537793713,-0.0001745836832851566,-0.00038462632041147415
235,0.023474594512837777,0.023474593466195452,7.0097571080081815e-06,3.7573014849299753,2.2622573322268478,1.628776037553386,3.0859802217497005,1.0,-0.26633881034510726,0.8820701036731589,0.1874136185325463,0.7762409941796853,-2.4866724242858593,-2.479971903764196,0.0004529631354257546,0.0,0.00032738644950242035,4.476831172472995e-05,-8.433623160858383e-05,-0.0004601488636922779,-0.0001729837283113156,-0.000381825045201456
236,0.023320934467508735,0.023320933429725965,6.957166891786718e-06,3.757301507317098,2.2624109922135633,1.6287761593235637,3.0864295658492464,1.0,-0.26601407445015307,0.8821146172173093,0.18732976047636662,0.7757842675530018,-2.486843828264937,-2.4803509555765806,0.0004493440995458897,0.0,0.00032473589495418675,4.451354415047071e-05,-8.385805617966424e-05,-0.0004567266266835013,-0.0001714039790776667,-0.0003790518123847342
237,0.023168641882824314,0.02316864085379196,6.9051087025593685e-06,3.7573015294227154,2.262563284740219,1.6287762799813392,3.0868753313443267,1.0,-0.2656919590185751,0.8821588777876915,0.18724637724364168,0.7753309279549339,-2.4870136723644554,-2.48072726181386,0.00044576549508024144,0.0,0.00032211543157795175,4.42605703822041e-05,-8.338323272494286e-05,-0.00045333959806792556,-0.0001698440995183681,-0.0003763062372792447
238,0.02301769965790461,0.023017698637515654,6.853627061961038e-06,3.7573015512517034,2.2627142269076863,1.6287763995409437,3.0873175580512866,1.0,-0.26537243442450753,0.882202887161348,0.18716346551363616,0.774880940674069,-2.4871819761249965,-2.4811008497559133,0.00044222670695992505,0.0,0.0003195245940675884,4.4009373656450634e-05,-8.291173000551932e-05,-0.00044998728086487194,-0.00016830376054111085,-0.0003735879420534438
239,0.02286809097890623,0.022868089967055107,6.802637137419163e-06,3.757301572808829,2.2628638355298007,1.6287765180163654,3.0877562851833757,1.0,-0.26505547149818726,0.8822466470987751,0.18708102199644847,0.7744342714868828,-2.4873487587648504,-2.481471746311488,0.00043872713208914504,0.0,0.00031696292632027445,4.375993742711248e-05,-8.244351718769694e-05,-0.0004466691871861661,-0.00016678263985392405,-0.00037089655557487333
240,0.022719799312947736,0.022719798309531733,6.752248723102531e-06,3.757301594098751,2.263012127139435,1.628776635421354,3.088191551362438,1.0,-0.264741041516972,0.8822901593441366,0.186999043432613,0.7739908866488514,-2.4875140391866446,-2.481839978024752,0.00043526617906231024,0.0,0.00031442998121528065,4.351224536147669e-05,-8.197856383546087e-05,-0.00044338483803141315,-0.00016528042179420055,-0.00036823171326405557
241,0.022572808402194354,0.0225728074071115,6.7023759982972645e-06,3.7573016151260292,2.2631591179944164,1.628776751769429,3.088623394630326,1.0,-0.2644291161965732,0.882333425625472,0.18691752659270985,0.7735507528857615,-2.4876778359838134,-2.482205571081705,0.00043184326788781036,0.0,0.00031192532039875376,4.326628133544119e-05,-8.151683990315073e-05,-0.0004401337630899338,-0.00016379679716882478,-0.00036559305695282873
242,0.02242710225808459,0.02242710127123486,6.652997185172935e-06,3.75730163589512,2.263304824083299,1.6287768670738807,3.089051852460047,1.0,-0.2641196676824983,0.8823764476549028,0.18683646827698147,0.7731138373852156,-2.4878401674469055,-2.4825685513164504,0.00042845782972111834,0.0,0.00030944851407493923,4.3022029430739295e-05,-8.105831572838285e-05,-0.0004369155005459202,-0.00016233146309208024,-0.000362980234745347
243,0.022282665155711576,0.02228266417699679,6.604190606513619e-06,3.7573016564103856,2.263449261130982,1.6287769813477786,3.08947696176665,1.0,-0.26381266854169577,0.8824192271288335,0.18675586531495617,0.7726801077883254,-2.4880010515697384,-2.482928944217332,0.0004251093066032219,0.0,0.0003069991408025108,4.277947393072079e-05,-8.06029620253057e-05,-0.00043372959689014223,-0.00016088412283288278,-0.00036039290088174525
244,0.022139481628336934,0.022139480657660103,6.5557996949444035e-06,3.757301676676091,2.263592444604197,1.6287770946039715,3.0898987589178573,1.0,-0.263508091754398,0.8824617657281505,0.18667571456507873,0.7722495321815889,-2.488160506055404,-2.4832867749329397,0.0004217971512070484,0.0,0.00030457678729778337,4.253859931702131e-05,-8.015074987743898e-05,-0.0004305756067365385,-0.00015945448566556664,-0.0003578307156075766
245,0.021997536462049348,0.021997535499316562,6.508004318620226e-06,3.7573016966964103,2.2637343897168463,1.6287772068550972,3.090317279744449,1.0,-0.263205910706156,0.882504065118416,0.18659601291434735,0.7718220790889458,-2.488318548322126,-2.483642068277985,0.00041852082659188383,0.0,0.00030218104824197844,4.2299390265454484e-05,-7.970165073137303e-05,-0.00042745309264302644,-0.00015804226672200272,-0.00035529334504547094
246,0.021856814690553908,0.021856813735671072,6.460611483810392e-06,3.7573017164754274,2.2638751114352194,1.6287773181135836,3.090732559550413,1.0,-0.26290609918006097,0.8825461269500593,0.186516757277957,0.7713977174640085,-2.488475195508979,-2.4839948487390537,0.0004152798059640084,0.0,0.0002998115260950396,4.2061831643347425e-05,-7.925563639035738e-05,-0.00042436162493730833,-0.0001566471868530428,-0.0003527804610685692
247,0.021717301590085936,0.021717300642961304,6.413768595588881e-06,3.757301736017139,2.2640146244830732,1.6287774283916543,3.0911446331228545,1.0,-0.2626086313491471,0.882587952858565,0.18643794459894916,0.7709764166824608,-2.488630464481467,-2.484345140480233,0.00041207357244132936,0.0,0.00029746783091388895,4.182590850565493e-05,-7.881267900783362e-05,-0.0004213007815477843,-0.00015526897248818727,-0.0003502917411792872
248,0.021578982674458885,0.021578981735002088,6.3673483031320385e-06,3.757301755325455,2.2641529433465877,1.6287775377013325,3.091553534741683,1.0,-0.26231348176897146,0.8826295444646571,0.1863595718478676,0.770558146534624,-2.4887843718369704,-2.484692967348625,0.00040890161882867204,0.0,0.0002951495801756243,4.159160609218393e-05,-7.837275108155128e-05,-0.0004182701478367967,-0.00015390735550324663,-0.000347826868392076
249,0.02144184369022804,0.021441842758350163,6.321430168092601e-06,3.7573017744042048,2.2642900822792007,1.628777646054444,3.091959298189079,1.0,-0.26202062537036536,0.8826709033744813,0.18628163602242004,0.7701428772181825,-2.488936933910062,-2.4850383528797386,0.000405763447395735,0.0,0.0002928563986061006,4.13589098241518e-05,-7.79358254475726e-05,-0.0004152693164414245,-0.00015256207309155556,-0.0003453855311135179
250,0.021305870611972626,0.02130586968758619,6.2760252124876455e-06,3.757301793257136,2.2644260553063265,1.6287777534626235,3.092361956758742,1.0,-0.2617300374523526,0.8827120311797818,0.18620413414714584,0.7697305793310673,-2.4890881667776963,-2.4853813203027713,0.00040265856966303915,0.0,0.0002905879180127302,4.1127805300522624e-05,-7.750187527419405e-05,-0.00041229788711527604,-0.00015123286763429888,-0.0003429674230326363
251,0.021171049637697826,0.021171048720717085,6.231002114402389e-06,3.7573018118879182,2.264560876229953,1.6287778599373182,3.092761543264934,1.0,-0.2614416936752308,0.8827529294580777,0.1861270632730893,0.769321223864491,-2.4892380862642782,-2.485721892545782,0.0003995865061918735,0.0,0.00028834377712183556,4.089827829589776e-05,-7.707087405653401e-05,-0.00040935546657627775,-0.00014991948658193976,-0.0003405722430107616
252,0.021037367184345984,0.021037366274685824,6.18647688781104e-06,3.757301830300141,2.264694558633132,1.628777965489788,3.093158090051314,1.0,-0.26115557005381,0.8827935997728353,0.18605042047747825,0.7689147821961337,-2.489386707946609,-2.4860600922407534,0.0003965467863800143,0.0,0.0002861236214207752,4.067031475762928e-05,-7.66427956110649e-05,-0.00040644166835723805,-0.0001486216823307629,-0.00033819969497139724
253,0.020904809883411136,0.020904808980988294,6.142351911226708e-06,3.757301848497325,2.2648271158843634,1.6287780701311148,3.093551628999581,1.0,-0.26087164295080684,0.8828340436736372,0.18597420286340818,0.768511226083473,-2.4895340471587186,-2.4863959417285497,0.0003935389482672136,0.0,0.0002839271030031787,4.044390080182314e-05,-7.621761407006211e-05,-0.0004035561126607412,-0.00014733921210963175,-0.0003358494877963025
254,0.02077336457666978,0.020773363681402916,6.09870868970616e-06,3.7573018664829116,2.2649585611418632,1.6287781738722016,3.0939421915379173,1.0,-0.26058988907038627,0.8828742626963485,0.18589840755953219,0.7681105276572548,-2.4896801189965845,-2.4867294630637753,0.00039056253833624766,0.0,0.0002817538804205655,4.021902271134081e-05,-7.579530387599731e-05,-0.000400698426218149,-0.00014607183786585765,-0.0003335213352255728
255,0.020643018312005403,0.02064301742381355,6.055484303228072e-06,3.7573018842602766,2.265088907357743,1.6287782767237784,3.094329808649248,1.0,-0.26031028545185125,0.8829142583632815,0.18582303171975506,0.7677126594151042,-2.489824938322739,-2.4870606780195295,0.0003876171113308402,0.0,0.00027960361853501814,3.99956669330237e-05,-7.537583977712536e-05,-0.0003978682421506008,-0.00014481932615462156,-0.0003312149557541666
256,0.02051375833933613,0.020513757458139863,6.0126877846419745e-06,3.7573019018327245,2.265218167282079,1.6287783786964052,3.094714510879317,1.0,-0.2600328094634728,0.8829540321833562,0.18574807252293338,0.7673175942152688,-2.489968519770772,-2.4873896080920668,0.00038470223006870086,0.0,0.00027747598837846166,3.977382007469554e-05,-7.49591968216834e-05,-0.00039506519983545374,-0.0001435814480328368,-0.00032893007253731454
257,0.020385572106641242,0.020385571232362266,5.970253951910375e-06,3.7573019192034924,2.265346353466885,1.6287784798004752,3.095096328344581,1.0,-0.25975743879645913,0.8829935856522592,0.18567352717257993,0.7669253052704944,-2.490110877749728,-2.487716274505362,0.0003818174652643336,0.0,0.00027537066701366353,3.955346890294198e-05,-7.454535035344989e-05,-0.00039228894477438825,-0.00014235797895612023,-0.0003266664132950403
258,0.02025844725607419,0.020258446388635706,5.9283404142843285e-06,3.75730193637575,2.265473478270003,1.6287785800462173,3.095475290739938,1.0,-0.2594841514590589,0.8830329202525993,0.18559939289657315,0.7665357661420285,-2.4902520264484034,-2.48804069821558,0.00037896239535673004,0.0,0.0002732873374002298,3.9334600340112935e-05,-7.413427600677647e-05,-0.0003895391284659544,-0.00014114869867531965,-0.00032442371021801364
259,0.020132371620177503,0.02013237075950336,5.886694252559764e-06,3.757301953352605,2.265599553858884,1.6287786794437016,3.0958514273462763,1.0,-0.25921292577079585,0.8830720374540613,0.18552566694687125,0.7661489507337478,-2.4903919798395435,-2.488362899915458,0.0003761366063383953,0.0,0.0002712256882630437,3.911720146199116e-05,-7.372594970189716e-05,-0.00038681540828067185,-0.00013995339114014627,-0.0003222016998782884
260,0.02000733321818149,0.0200073323641978,5.845587082682134e-06,3.7573019701371027,2.265724592214292,1.6287787780028398,3.0962247670378678,1.0,-0.25894374035683076,0.8831109387135566,0.18545234659923104,0.7657648332864088,-2.490530751683945,-2.488682900038599,0.00037333969159147884,0.0,0.00026918541396508955,3.890125949534973e-05,-7.332034764021e-05,-0.0003841174473390163,-0.00013877184440147516,-0.00032000012314092885
261,0.01988332025238968,0.019883319405022117,5.80480084814957e-06,3.7573019867322253,2.265848605133919,1.6287788757333908,3.0965953382895957,1.0,-0.25867657414244755,0.8831496254753721,0.18537942915293112,0.7653833883720155,-2.490668355534464,-2.4890007187636773,0.0003705712517279025,0.0,0.00026716621438321875,3.868676181550956e-05,-7.291744629991936e-05,-0.00038144491439329187,-0.00013760385051897472,-0.00031781872507830045
262,0.01976032110464631,0.019760320263823412,5.764457921359384e-06,3.757302003140899,2.265971604235914,1.6287789726449609,3.0969631691840265,1.0,-0.2584114063476607,0.8831880991713161,0.1853069119304995,0.7650045908883036,-2.4908048047399345,-2.4893163760185617,0.0003678308944308206,0.0,0.00026516779478685804,3.847369594400796e-05,-7.251722243162284e-05,-0.00037879748371183464,-0.00013644920547051242,-0.0003156572548843606
263,0.019638324332892438,0.01963832349854266,5.724490098177781e-06,3.757302019365986,2.266093600962332,1.628779068747011,3.0973282874183306,1.0,-0.2581482164819408,0.8832263612208625,0.1852347922774455,0.7646284160533382,-2.490940112448998,-2.4896298914843555,0.00036511823430407375,0.0,0.0002631898657198817,3.826204954637813e-05,-7.211965305400914e-05,-0.000376174834965437,-0.000135307709063337,-0.0003135154657938344
264,0.019517318667795117,0.01951731783984807,5.684827172333015e-06,3.757302035410299,2.2662146065825004,1.6287791640488525,3.0976907203110535,1.0,-0.25788698433905444,0.8832644130312924,0.18516306756199594,0.7642548394002209,-2.4910742916138453,-2.489941284599358,0.00036243289272297474,0.0,0.00026123214288636953,3.805181042992878e-05,-7.172471544955594e-05,-0.0003735766531173246,-0.00013417916484748105,-0.0003113931150022786
265,0.019397293009459065,0.019397292187846586,5.645632893612846e-06,3.757302051276589,2.2663346321963083,1.628779258559659,3.0980504948087426,1.0,-0.25762768999201635,0.8833022559978332,0.18509173517483563,0.7638838367719043,-2.491207354993878,-2.490250574562945,0.00035977449768909153,0.0,0.00025929434703808596,3.784296654074648e-05,-7.13323871603111e-05,-0.0003710026283165746,-0.00013306338003271634,-0.00030928996358703387
266,0.019278236424212145,0.019278235608865175,5.606758680176875e-06,3.7573020669675583,2.2664536887374247,1.6287793522884608,3.098407637492433,1.0,-0.25737031378815084,0.8833398915037964,0.1850207925288512,0.763515384316113,-2.4913393151592844,-2.4905577803393752,0.00035714268369035906,0.0,0.0002573762038655114,3.76355059632516e-05,-7.094264598442312e-05,-0.0003684524557913127,-0.00013196016540639732,-0.00030720577643039704
267,0.019160138141458206,0.019160137332309715,5.568290989397163e-06,3.7573020824858534,2.26657178697644,1.628779445244154,3.098762174583994,1.0,-0.2571148363442592,0.8833773209207125,0.18495023705887984,0.7631494584803645,-2.491470184494538,-2.4908629206615216,0.0003545370915611912,0.0,0.0002554774438916496,3.7429416916090474e-05,-7.05554699713673e-05,-0.0003659258357484596,-0.00013086933525352507,-0.0003051403221463467
268,0.01904298755061418,0.019042986747599067,5.530158001866886e-06,3.7573020978340694,2.266688937523931,1.6287795374354983,3.0991141319523434,1.0,-0.2568612385418908,0.8834145456084641,0.18488006622146105,0.762786036007093,-2.491599975201819,-2.491166014034528,0.00035195736834925384,0.0,0.00025359780236838825,3.7224687751580277e-05,-7.01708374187815e-05,-0.0003634224732714797,-0.00012979070728125208,-0.00030309337300638006
269,0.018926774198108717,0.018926773401161206,5.492366689030412e-06,3.7573021130147533,2.266805150833467,1.6287796288711225,3.09946353511953,1.0,-0.2566095015227155,0.8834515669154173,0.18481027749459283,0.7624250939288684,-2.4917286993043595,-2.4914670787393964,0.0003494031671866793,0.0,0.0002517370191753021,3.702130695315553e-05,-6.978872686821957e-05,-0.0003609420782246797,-0.00012872410254027855,-0.00030106470486845893
270,0.018811487784444903,0.01881148699350137,5.454964857383326e-06,3.7573021280304006,2.2669204372045377,1.628779719559526,3.0998104092666883,1.0,-0.25635960668399427,0.8834883861785504,0.18474086837749104,0.7620666095637116,-2.4918563686497124,-2.491766132836505,0.00034687414715817155,0.0,0.00024989483872123186,3.681926313314765e-05,-6.940911710179298e-05,-0.00035848436515673043,-0.00012766934535290986,-0.00029905409710861974
271,0.01869711816133965,0.018697117376336784,5.417919589838067e-06,3.757302142883461,2.267034806785423,1.6287798095090802,3.100154779239869,1.0,-0.25611153567414585,0.8835250047235815,0.18467183639035278,0.7617105605105036,-2.4919829949129553,-2.492063194169056,0.0003443699731806582,0.0,0.00024807100984841624,3.661854503111961e-05,-6.90319871382572e-05,-0.000356049053208074,-0.0001266262632428905,-0.0002970613325508076
272,0.018583655328918765,0.01858365454979446,5.381196987432541e-06,3.757302157576336,2.2671482695759924,1.6287798987280326,3.100496669555748,1.0,-0.255865270388407,0.8835614238650933,0.1846031790741232,0.7613569246444835,-2.492108589599818,-2.492358280366459,0.00034189031587894547,0.0,0.00024626528573884476,3.6419141511756514e-05,-6.865731622957005e-05,-0.00035363586602010777,-0.00012559468686257347,-0.0002950861974029273
273,0.01847108943297594,0.018471088659668507,5.344762156811389e-06,3.757302172111382,2.2672608354304478,1.6287799872245106,3.100836104407217,1.0,-0.2556207929645844,0.8835976449066567,0.18453489399026562,0.7610056801128373,-2.492233164049744,-2.4926514088476477,0.0003394348514689227,0.0,0.00024447742382260884,3.622104156342232e-05,-6.82850838575888e-05,-0.00035124453164614433,-0.00012457444992630684,-0.0002931284811888979
274,0.018359410762299008,0.01835940999474758,5.308704676883148e-06,3.7573021864909113,2.267372514059997,1.6287800750065176,3.101173107668858,1.0,-0.25537808577889504,0.8836336691409529,0.18446697872053525,0.7606568053303723,-2.49235672943889,-2.4929425968243364,0.0003370032616412111,0.0,0.00024270718568936145,3.602423429616142e-05,-6.791526973037865e-05,-0.0003488747824650362,-0.00012356538914604087,-0.00029118797668870045
275,0.018248609746045023,0.01824860898419078,5.273032288729768e-06,3.757302200717192,2.267483315035478,1.6287801620819418,3.101507702902307,1.0,-0.25513713144189387,0.8836694978498922,0.18439943086675628,0.7603102789752759,-2.492479296783052,-2.493231861304211,0.0003345952334488089,0.0,0.00024095433700116464,3.582870893936718e-05,-6.754785377896533e-05,-0.0003465263550963549,-0.00012256734416160597,-0.00028926447987442927
276,0.018138676951181903,0.01813867619496613,5.237625679650144e-06,3.757302214792449,2.267593247789919,1.6287802484585558,3.1018399133615033,1.0,-0.25489791279448604,0.883705132304733,0.18433224805060217,0.7599660799849577,-2.4926008769405357,-2.49351921909406,0.0003322104591965136,0.0,0.00023921864740783505,3.563445484078276e-05,-6.718281615411548e-05,-0.0003441989903182341,-0.0001215801574838693,-0.0002873577898490076
277,0.018029603079984104,0.018029602329349033,5.20253295635911e-06,3.7573022287188675,2.2677023216210412,1.6287803341440183,3.1021697619978372,1.0,-0.2546604129040217,0.8837405737661974,0.184265427913379,0.7596241875519721,-2.4927214806149642,-2.493804686802848,0.00032984863633389594,0.0,0.00023749989046434328,3.5441461464391644e-05,-6.682013722317248e-05,-0.0003418924329855466,-0.00012060367442856545,-0.000285467708788012
278,0.01792137896758191,0.01792137822247,5.167803480475302e-06,3.7573022424985902,2.267810545693711,1.6287804191458757,3.102497271465188,1.0,-0.2544246150604715,0.8837758234845863,0.18419896811581238,0.7592845811200198,-2.4928411183580224,-2.494088280844731,0.00032750946735093933,0.0,0.00023579784355021172,3.524971838886337e-05,-6.64597975666148e-05,-0.00033960643195229956,-0.0001196377430581208,-0.00028359404188327275
279,0.0178139955795625,0.017813994839917448,5.133358114737455e-06,3.757302256133723,2.2679179290423366,1.6287805034715674,3.102822464124863,1.0,-0.2541905027726807,0.8838108826998918,0.184132866337837,0.7589472403800263,-2.492959800572146,-2.494370017442014,0.000325192659675011,0.0,0.00023411228779079973,3.5059215305555114e-05,-6.610177797539141e-05,-0.0003373407399935857,-0.00011868221412347779,-0.0002817365972829222
280,0.01770744400962721,0.017707443275393822,5.099202616683059e-06,3.757302269626329,2.2680244805732124,1.6287805871284233,3.1031453620504346,1.0,-0.2539580597647001,0.8838457526419096,0.18406712027838937,0.7586121452662957,-2.4930775375131526,-2.4946499126280526,0.00032289792557138597,0.0,0.00023244300798058726,3.486994201773452e-05,-6.574605944761891e-05,-0.00033509511373053247,-0.00011773694100680743,-0.0002798951860385479
281,0.017601715477299724,0.017601714748422745,5.065342850030201e-06,3.7573022829784346,2.2681302090668116,1.6287806701236691,3.1034659870324797,1.0,-0.25372726997219175,0.8838804345303476,0.18400172765520376,0.7582792759527388,-2.4931943392928186,-2.4949279822501023,0.0003206249820451035,0.0,0.00023078979250834575,3.468188843802622e-05,-6.539262318561168e-05,-0.00033286931355691607,-0.00011680177966599814,-0.00027806962204968144
282,0.017496801325676003,0.017496800602102357,5.0318289130737435e-06,3.757302296192031,2.268235123180033,1.6287807524644262,3.103784360583228,1.0,-0.25349811753890833,0.8839149295749349,0.18393668620461054,0.7579486128491721,-2.4933102158813982,-2.495204241972115,0.0003183735507481522,0.0,0.0002291524332834194,3.449504458730157e-05,-6.504145059321731e-05,-0.00033066310356666406,-0.00011587658857958871,-0.0002762597220127283
283,0.017392693019238844,0.017392692300914652,4.998623340786536e-06,3.757302309269073,2.2683392314483917,1.6287808341577148,3.104100503941111,1.0,-0.25327058681324294,0.8839492389755282,0.18387199368133794,0.7576201365976877,-2.493425177110094,-2.495478707277482,0.000316143357883103,0.0,0.00022753072566539245,3.430940059334642e-05,-6.4692523272597e-05,-0.00032847625148446635,-0.00011496122869569803,-0.0002744653053667889
284,0.017289382141694846,0.01728938142856851,4.965732319223948e-06,3.757302322211477,2.2684425422881755,1.628780915210455,3.104414438075226,1.0,-0.25304466234484907,0.8839833639222169,0.18380764785831627,0.7572938280690916,-2.493539232673472,-2.4957513934717275,0.0003139341341151791,0.0,0.0002259244683938677,3.4124946688640634e-05,-6.434582302167202e-05,-0.0003263085285960532,-0.00011405556337829026,-0.00027268619424569707
285,0.017186860393885377,0.01718685968590405,4.93307211800244e-06,3.757302335021128,2.2685450639985416,1.6287809956294703,3.104726183689708,1.0,-0.252820328881329,0.8840173055954268,0.18374364652648492,0.7569696683594098,-2.4936523921318314,-2.4960223156851535,0.00031174561448210625,0.0,0.00022433346352007666,3.3941673209914036e-05,-6.400133183134815e-05,-0.00032415970968180385,-0.00011315945835921326,-0.0002709222134260614
286,0.017085119591715853,0.01708511888882984,4.900692661037754e-06,3.7573023476998757,2.2686468047635784,1.6287810754214855,3.1050357612280166,1.0,-0.2525975713649878,0.8840510651660227,0.18367998749460204,0.7566476387864597,-2.493764664913518,-2.496291488875433,0.0003095775383084032,0.0,0.00022275751634120988,3.3759570595925936e-05,-6.365903188287891e-05,-0.00032202957295013324,-0.0001122727816866842,-0.00026917319027930375
287,0.01698415166415317,0.01698415096631116,4.868645157023026e-06,3.7573023602495352,2.2687477726543177,1.6287811545931328,3.1053431908771367,1.0,-0.25237637492965237,0.8840846437954089,0.1836166685890572,0.7563277208864851,-2.4938760603171977,-2.496558927830159,0.0003074296491201167,0.0,0.00022119643533541344,3.3578629386132874e-05,-6.331890554484021e-05,-0.00031991789997454223,-0.00011139540367954837,-0.00026743895472636225
288,0.01688394865124476,0.016883947958397365,4.8368902978428826e-06,3.7573023726718935,2.2688479756307074,1.6287812331509495,3.1056484925717003,1.0,-0.25215672489755453,0.8841180426356285,0.1835536876536861,0.7560098964108558,-2.4939865875140756,-2.496824647169349,0.0003053016945635534,0.0,0.00021965003209784006,3.339884021968942e-05,-6.298093537110416e-05,-0.0003178244756293358,-0.00011052719687798529,-0.00026571933918972945
289,0.016784502702187728,0.01678450201428609,4.805387677787089e-06,3.7573023849687,2.268947421543547,1.6287813111013842,3.105951685998023,1.0,-0.2519386067762748,0.884151262829462,0.18349104254958826,0.7556941473228258,-2.4940962555500765,-2.497088661347896,0.00030319342632267876,0.0,0.00021811812127975339,3.322019383344976e-05,-6.264510409784152e-05,-0.000315749088030004,-0.00010966803600087616,-0.00026401417854726716
290,0.016685806073447086,0.016685805390443002,4.774095780059094e-06,3.7573023971416792,2.269046118136368,1.6287813884507942,3.1062527905980666,1.0,-0.2517220062557473,0.8841843055105234,0.18342873115494696,0.7553804557943549,-2.4942050733479753,-2.4973509846579853,0.0003011046000436224,0.0,0.0002166005205274657,3.3042681061412615e-05,-6.23113946413012e-05,-0.0003136915284709385,-0.00010881779789873036,-0.0002623233100891298
291,0.016587851126897302,0.01658785044874324,4.743112404512094e-06,3.7573024091925205,2.269144073047293,1.6287814652054495,3.106551825573319,1.0,-0.25150690920532337,0.8842171718033563,0.18336675136485187,0.7550688042029857,-2.494313049709487,-2.49761163123146,0.0002990349752525212,0.0,0.00021509705042394023,3.286629283294484e-05,-6.197979009509025e-05,-0.0003116515913691442,-0.00010797636151194112,-0.00026064657347468767
292,0.016490630328012918,0.016490629654661363,4.712490755111694e-06,3.757302421122886,2.269241293810844,1.6287815413715316,3.106848809888605,1.0,-0.25129330167089287,0.8842498628235277,0.1833051010911239,0.7547591751287811,-2.494420193317314,-2.4978706150421495,0.0002969843152857976,0.0,0.0002136075344305044,3.269102017133818e-05,-6.16502737279534e-05,-0.0003096290742046204,-0.00010714360782682064,-0.0002589838106894504
293,0.016394136244091872,0.016394135575496713,4.682048234039104e-06,3.757302432934407,2.26933778785972,1.6287816169551397,3.107143762275818,1.0,-0.2510811698720617,0.8842823796777204,0.1832437782621425,0.7544515513513151,-2.4945265127371496,-2.4981279499081515,0.00029495238721288786,0.0,0.00021213179883117217,3.251685419269901e-05,-6.132282898141383e-05,-0.0003076237774659596,-0.00010631941983563209,-0.0002573348660019903
294,0.016298361542521993,0.016298360878637064,4.65183609100889e-06,3.75730244462869,2.2694335625265296,1.628781691962287,3.107436701237585,1.0,-0.25087050019938467,0.8843147234638252,0.1831827808226752,0.7541459158467216,-2.4946320164196445,-2.498383649494078,0.0002929389617674083,0.0,0.00021066967267702186,3.2343786104838124e-05,-6.099743946730296e-05,-0.0003056355045935044,-0.00010550368249484521,-0.00025569958592663866
295,0.01620329898907422,0.016203298329855082,4.621954927372771e-06,3.757302456207308,2.2695286250454982,1.6287817663989062,3.1077276450508577,1.0,-0.25066127921165127,0.8843468952710313,0.18312210673370966,0.7538422517847939,-2.494736712702331,-2.4986377273132585,0.00029094381327254837,0.0,0.00020922098773340503,3.217180720604951e-05,-6.067408896553994e-05,-0.000303664061927722,-0.00010469628268650055,-0.0002540778191804094
296,0.016108941446239776,0.016108940791641657,4.592266150540149e-06,3.757302467671813,2.2696229825541323,1.6287818402708487,3.1080166117704358,1.0,-0.2504534936332248,0.8843788961799148,0.18306175397228774,0.753540542526139,-2.49484060981151,-2.4988901967299046,0.0002889667195780099,0.0,0.00020778557842648926,3.2000908883556e-05,-6.035276142191126e-05,-0.00030170925865491416,-0.00010389710917912964,-0.0002524694166461394
297,0.016015281871592162,0.016015281221571212,4.562870843693338e-06,3.757302479023725,2.269716642094855,1.628781913583886,3.108303619232424,1.0,-0.2502471303514321,0.8844107272625276,0.18300172053134192,0.7532407716193826,-2.4949437158641,-2.499141070961237,0.0002870074619880647,0.0,0.00020636328179268748,3.183108261273215e-05,-6.0033440945822525e-05,-0.0002997709067563692,-0.00010310605259000738,-0.00025087423133252074
298,0.01592231331619191,0.015922312670704316,4.533774715086228e-06,3.7573024902645407,2.269809610616603,1.6287819863437119,3.1085886850576236,1.0,-0.2500421764140043,0.8844423895824832,0.18294200441953368,0.7529429227984249,-2.495046038869449,-2.4993903630795753,0.00028506582519982615,0.0,0.00020495393742780976,3.1662319955660934e-05,-5.971611180824454e-05,-0.0002978488209577357,-0.00010232300534873673,-0.00024929211833812914
299,0.015830028923016454,0.015830028282019144,4.5047864026325134e-06,3.7573025013957326,2.269901894976396,1.6287820585559443,3.1088718266548594,1.0,-0.24983861902656562,0.8844738841950434,0.18288260366109432,0.7526469799797446,-2.49514758673111,-2.4996380860143903,0.0002831415972357476,0.0,0.0002035573874386576,3.149461256013453e-05,-5.9400758439354107e-05,-0.0002959428186802837,-0.0001015478616612775,-0.00024772293481500895
300,0.015738421925424458,0.015738421288875846,4.476156038481984e-06,3.7573025124187436,2.2699935019408715,1.6287821302261247,3.109153061224242,1.0,-0.24963644555017045,0.8845052121472019,0.18282351629566776,0.7523529272597526,-2.495248367248585,-2.4998842525543217,0.00028123456938278224,0.0,0.00020217347639517325,3.1327952158544115e-05,-5.908736542656334e-05,-0.00029405271999205507,-0.00010078051747486327,-0.0002461665399313695
301,0.01564748564565389,0.015647485013511056,4.447740768301757e-06,3.757302523334994,2.2700844381877903,1.6287822013597208,3.109432405760374,1.0,-0.24943564349888764,0.8845363744777686,0.18276474037815513,0.7520607489121919,-2.495348388119027,-2.5001288753491595,0.00027934453613198684,0.0,0.00020080205128281126,3.1162330566658625e-05,-5.8775917512632336e-05,-0.00029217834756067873,-0.00010002087044203023,-0.00024462279483783433
302,0.015557213493342138,0.015557212865564862,4.419494499109287e-06,3.7573025341458854,2.27017471030751,1.6287822719621272,3.1097098770554914,1.0,-0.24923620053743004,0.8845673722174513,0.1827062739785617,0.7517704293855842,-2.495447656938917,-2.5003719669117914,0.00027747129511723756,0.0,0.0001994429614576021,3.099773968273656e-05,-5.8466399593420926e-05,-0.0002903195266076297,-9.926881988997494e-05,-0.00024309156263191412
303,0.015467598964087597,0.015467598340634848,4.39162274046956e-06,3.757302544852787,2.270264324804431,1.6287823420386671,3.1099854917025462,1.0,-0.24903810447882876,0.884598206388937,0.1826481151818459,0.7514819533007217,-2.495546181205703,-2.500613539620117,0.00027561464705483374,0.0,0.00019809605860127144,3.083417148574963e-05,-5.815879671580704e-05,-0.0002884760848625989,-9.852426678591542e-05,-0.00024157270832558808
304,0.015378635638028774,0.015378635018861223,4.363929145395289e-06,3.7573025554570525,2.2703532880984105,1.628782411594594,3.1102592660982373,1.0,-0.24884134328215182,0.8846288780069729,0.1825902620877698,0.7511953054482027,-2.4956439683194085,-2.500853605718928,0.0002737743956910954,0.0,0.00019676119667694225,3.067161803582685e-05,-5.7853094076104616e-05,-0.00028664785251897307,-9.778711370556081e-05,-0.00024006609881110919
305,0.01529031717846132,0.015290316563538155,4.336468331618527e-06,3.757302565960008,2.2704416065261523,1.6287824806350901,3.1105312164459784,1.0,-0.24864590505026474,0.8846593880784445,0.18253271281075215,0.7509104707860116,-2.495741025584209,-2.501092177321759,0.00027195034774107896,0.0,0.0001954382318870851,3.0510071471590017e-05,-5.754927701764889e-05,-0.0002848346621910913,-9.705726480069288e-05,-0.00023857160283080603
306,0.015202637330469712,0.015202636719752196,4.309141693132102e-06,3.7573025763629597,2.2705292863425677,1.6287825491652712,3.1108013587588155,1.0,-0.2484517780276337,0.8846897376024544,0.18247546547972268,0.7506274344371403,-2.495837360209981,-2.501329266412701,0.0002701423128370628,0.0,0.00019412702263102433,3.0349524009931628e-05,-5.724733102946411e-05,-0.0002830363488712795,-9.633462577163243e-05,-0.00023708909094199981
307,0.015115589919599935,0.015115589313049118,4.2821073637564375e-06,3.757302586667193,2.2706163337221086,1.628782617190186,3.11106970886229,1.0,-0.24825895059816946,0.8847199275703997,0.18241851823797864,0.7503461816872521,-2.4959329793138143,-2.5015648848481904,0.0002683501034743685,0.0,0.00019282742946424847,3.0189967945348783e-05,-5.694724174404309e-05,-0.0002812527498882167,-9.56191038334886e-05,-0.0002356184354894708
308,0.015029168850551236,0.015029168248129632,4.255266553631367e-06,3.75730259687397,2.270702754760072,1.628782684714816,3.111336282397246,1.0,-0.24806741128311072,0.8847499589660478,0.18236186924304326,0.7500666979823852,-2.496027889921504,-2.501799044358763,0.00026657353495629366,0.0,0.00019153931505874744,3.0031395648055792e-05,-5.664899493537656e-05,-0.00027948370486685636,-9.491060768951343e-05,-0.00023415951057259576
309,0.014943368105891842,0.014943367507561077,4.228727966310805e-06,3.7573026069845343,2.270788555473889,1.6287827517440787,3.1116010948225936,1.0,-0.2478771487389475,0.8847798327656116,0.18230551666652567,0.7497889689266974,-2.4961220989690056,-2.5020317565507804,0.0002648124253474826,0.0,0.0001902625441632111,2.9873799563762127e-05,-5.635257651759318e-05,-0.00027772905568779205,-9.420904750179204e-05,-0.00023271219201737026
310,0.014858181744806423,0.014858181150529531,4.202338815341235e-06,3.757302617000106,2.270873741804371,1.6287828182828288,3.111864161418012,1.0,-0.24768815175538234,0.8848095499378239,0.18224945869398276,0.749512980280249,-2.496215613303869,-2.502263032908126,0.00026306659541841526,0.0,0.00018899698356517058,2.971717221234016e-05,-5.6057972542905565e-05,-0.0002759886464483996,-9.351433486326499e-05,-0.00023127635734576657
311,0.014773603901859807,0.014773603311599473,4.176048762986048e-06,3.7573026269218888,2.270958319616952,1.628782884335856,3.112125497286613,1.0,-0.24750040925332903,0.8848391114440111,0.1821936935247828,0.7492387179568243,-2.49630843968664,-2.5024928847938748,0.0002613358686009981,0.0,0.00018774250205330634,2.9561506187159026e-05,-5.5765169199972764e-05,-0.00027426232342475654,-9.28263827710829e-05,-0.00022985188574864424
312,0.014689628785789445,0.014689628199509853,4.150180719445769e-06,3.7573026367510636,2.27104229470289,1.6287829499078907,3.1123851173575496,1.0,-0.2473139102829479,0.8848685182381648,0.18213821937197083,0.7489661680217898,-2.4964005847922386,-2.502721323451931,0.0002596200709366059,0.0,0.00018649897038111596,2.9406794153752358e-05,-5.5474152811957333e-05,-0.0002725499350344496,-9.214510559862887e-05,-0.00022843865805644015
313,0.014606250678324556,0.01460625009599015,4.124473453974533e-06,3.7573026464887955,2.2711256727804545,1.6287830150036011,3.112643036388581,1.0,-0.24712864402171733,0.8848977712670144,0.18208303446213558,0.7486953166899908,-2.4964920552113083,-2.5029483600086437,0.0002579190310312285,0.0,0.0001852662612305822,2.925302884959624e-05,-5.51849098352486e-05,-0.0002708513317990491,-9.147041906976128e-05,-0.0002270365567125232
314,0.014523463933018165,0.014523463354592859,4.098929991629638e-06,3.7573026561362286,2.2712084594960906,1.6287830796275948,3.1128992689685897,1.0,-0.24694459977254,0.8849268714700969,0.1820281370352781,0.7484261503236819,-2.4965828574515436,-2.50317400547439,0.00025623258000884164,0.0,0.00018404424917733975,2.9100203082443876e-05,-5.489742685749199e-05,-0.000269166366308915,-9.080224023527705e-05,-0.0002256454657461049
315,0.014441262974112015,0.01444126239956107,4.073553413824396e-06,3.757302665694489,2.2712906604255534,1.6287831437844238,3.113153829520056,1.0,-0.2467617669618836,0.8849558197798266,0.18197352534468206,0.7481586554304945,-2.4966729979389877,-2.503398270745135,0.0002545605514661098,0.0,0.000182832810656397,2.894830972977047e-05,-5.461169059603477e-05,-0.00026749489318733666,-9.01404874440459e-05,-0.0002242652707451498
316,0.01435964229541698,0.014359641724705803,4.048401706692259e-06,3.7573026751646843,2.27137228107503,1.6287832074785789,3.113406732301484,1.0,-0.24658013513795524,0.884984617121565,0.18191919765678566,0.7478928186614379,-2.496762483019311,-2.5036211666039674,0.0002529027814279772,0.0,0.00018163182392835764,2.8797341738329152e-05,-5.432768789639941e-05,-0.000265836769056671,-8.948508032347036e-05,-0.00022289585883239482
317,0.014278596459215073,0.014278595892309556,4.023534274229067e-06,3.757302684547907,2.2714533268822357,1.6287832707144956,3.1136579914097893,1.0,-0.2463996939689085,0.8850132644136874,0.1818651522510551,0.7476286268089338,-2.496851318959062,-2.5038427037226048,0.00025125910830547937,0.0,0.00018044116904672447,2.8647292122485624e-05,-5.404540573056282e-05,-0.00026419185250403654,-8.883593975106407e-05,-0.00022153711863737158
318,0.014198120095187377,0.014198119532053823,3.9988453668905935e-06,3.7573026938452267,2.2715338032174874,1.6287833334965536,3.1139076207826406,1.0,-0.2462204332410831,0.8850417625676514,0.18181138741985967,0.7473660668048854,-2.496939511946896,-2.5040628926628794,0.00024962937285133435,0.0,0.00017926072782542546,2.849815396399613e-05,-5.376483119542974e-05,-0.00026256000404845103,-8.819298783357965e-05,-0.00022018894027464597
319,0.014118207899354779,0.014118207339959948,3.974282441744417e-06,3.757302703057703,2.271613715384762,1.6287833958290767,3.114155634200762,1.0,-0.24604234285727566,0.8850701124880627,0.1817579014683481,0.7471051257187776,-2.4970270680947793,-2.5042817438781957,0.00024801341812130673,0.0,0.00017809038380742215,2.83499204112303e-05,-5.3485951511555996e-05,-0.0002609410861077466,-8.755614788347188e-05,-0.0002188512153162847
320,0.014038854633044882,0.014038854077355728,3.950016493496247e-06,3.7573027121863736,2.2716930686227297,1.628783457716335,3.114402045290193,1.0,-0.24586541283504165,0.8850983150727403,0.18170469271432693,0.7468457907558098,-2.497113993439177,-2.5044992677149667,0.0002464110894311311,0.0,0.000176930022234012,2.8202584677616827e-05,-5.320875402117786e-05,-0.00025933496296781655,-8.692534439758148e-05,-0.00021752383677098308
321,0.013960055121878822,0.013960054569861996,3.925826795449108e-06,3.7573027212322607,2.271771868105768,1.6287835191625446,3.1146468675245114,1.0,-0.24568963330502727,0.885126371212782,0.18165175948813972,0.7465880492550595,-2.49720029394221,-2.5047154744140245,0.0002448222343183204,0.0,0.00017577953001438051,2.8056140041754496e-05,-5.2933226187212856e-05,-0.0002577415007503081,-8.630050303315429e-05,-0.00021620669905786372
322,0.013881804254767422,0.013881803706391643,3.9018285831260145e-06,3.757302730196375,2.271850118944962,1.6287835801718702,3.1148901142270145,1.0,-0.24551499450933126,0.8851542817926282,0.18159910013254818,0.746331888687677,-2.4972859754927983,-2.5049303741120106,0.000243246702503086,0.0,0.00017463879569601382,2.791057984619094e-05,-5.265935559153889e-05,-0.0002561605673825351,-8.568155058830129e-05,-0.00021489969798604847
323,0.013804096982939754,0.013804096438172634,3.87819717900222e-06,3.7573027390797042,2.2719278261890823,1.6287836407484235,3.115131798572862,1.0,-0.24534148679989484,0.8851820476901248,0.18154671300261482,0.7460772966551088,-2.497371043907779,-2.5051439768427404,0.00024168434584748155,0.0,0.0001735077094364157,2.7765897496534464e-05,-5.23871299333567e-05,-0.0002545920325681683,-8.50684149806824e-05,-0.00021360273072978941
324,0.013726928318980914,0.01372692777779142,3.854536107596099e-06,3.757302747883225,2.2720049948255405,1.6287837008962656,3.1153719335911854,1.0,-0.24516910063692132,0.8852096697765859,0.1814945964655865,0.7458242608873525,-2.4974555049330047,-2.505356292538549,0.00024013501832342854,0.0,0.00017238616297352016,2.7622086461120965e-05,-5.211653702832941e-05,-0.00025303576775626,-8.446102522574606e-05,-0.00021231569580848486
325,0.013650293335890065,0.01365029279824749,3.831134619766365e-06,3.7573027566078996,2.2720816297813355,1.6287837606194084,3.115610532167157,1.0,-0.2449978265873223,0.8852371489168553,0.18144274890077985,0.7455727692412387,-2.497539364244423,-2.5055673310316124,0.00023859857597186007,0.0,0.00017127404959901837,2.7479140269459634e-05,-5.1847564806639657e-05,-0.0002514916461138217,-8.385931141807745e-05,-0.00021103849306358669
326,0.013574187166156174,0.013574186632029212,3.807939190696428e-06,3.757302765254672,2.2721577359239773,1.6287838199218132,3.1158476070440244,1.0,-0.24482765532319167,0.8852644859693681,0.18139116869946792,0.7453228096987419,-2.497622627449135,-2.5057771020552506,0.00023707487686719375,0.0,0.00017017126413063077,2.7337052512788063e-05,-5.158020131193486e-05,-0.00024995954249684704,-8.326320471230275e-05,-0.00020977102363817224
327,0.013498605000849703,0.01349860447020833,3.784836276795942e-06,3.757302773824475,2.2722333180623924,1.6287838788073932,3.1160831708251098,1.0,-0.24465857762030604,0.8852916817862101,0.181339854264768,0.7450743703653188,-2.497705300086436,-2.5059856152452062,0.00023556378108535725,0.0,0.0001690777028856283,2.7195816841962817e-05,-5.1314434699911704e-05,-0.00024843933342311164,-8.267263730088459e-05,-0.00020851318995562806
328,0.013423542088733198,0.013423541561547802,3.7620636780812454e-06,3.7573027823182246,2.272308380947816,1.6287839372800144,3.116317235975775,1.0,-0.2444905843566512,0.8853187372131777,0.18128880401153108,0.7448274394682741,-2.497787387628836,-2.5061928801409055,0.00023406515066515254,0.0,0.00016799326365485312,2.7055426967570462e-05,-5.1050253236928356e-05,-0.00024693089704463933,-8.208754239991123e-05,-0.0002072648956992218
329,0.013348993735388705,0.01334899321162915,3.7393899168935588e-06,3.757302790736825,2.2723829292746656,1.6287839953434946,3.116549814825353,1.0,-0.24432366651097434,0.8853456530898369,0.18123801636623238,0.7445820053551531,-2.497868895483062,-2.506398906186698,0.00023257884957805786,0.0,0.00016691784567685053,2.691587665926143e-05,-5.0787645298699946e-05,-0.0002454341131210569,-8.150785422600393e-05,-0.00020602604579256223
330,0.013274955302353123,0.01327495478199005,3.7168765421038003e-06,3.757302799081165,2.2724569676814013,1.6287840530016056,3.116780919569046,1.0,-0.24415781516136106,0.8853724302495811,0.18118748976686339,0.7443380564921592,-2.4979498289910427,-2.506603702733077,0.0002311047436931446,0.0,0.0001658513496132774,2.67771597441957e-05,-5.052659936899406e-05,-0.0002439488629938369,-8.093350798077381e-05,-0.00020479654637917122
331,0.01320142220628302,0.013201421689287654,3.6945264857579583e-06,3.75730280735212,2.2725305007513645,1.628784110258074,3.1170105622697917,1.0,-0.24399302148383714,0.8853990695196888,0.18113722266282484,0.744095581462599,-2.498030193430876,-2.5068072790378815,0.00022964270074554705,0.0,0.00016479367752392227,2.6639270107708946e-05,-5.026710403854828e-05,-0.0002424750295602074,-8.036443983350239e-05,-0.00020357630480427602
332,0.013128389918122334,0.013128389404466393,3.672403193271636e-06,3.7573028155505526,2.2726035330136094,1.6287841671165806,3.1172387548600975,1.0,-0.24382927675099406,0.8854255717213801,0.18108721351482138,0.7438545689653504,-2.498109994017779,-2.507009644267476,0.00022819259030582018,0.0,0.00016374473284308522,2.650220169131412e-05,-5.0009148003460346e-05,-0.00024101249724861606,-7.98005869029339e-05,-0.0002023652295943812
333,0.013055853962293232,0.013055853451948363,3.6504499613041713e-06,3.7573028236773123,2.272676068943712,1.6287842235807632,3.117465509143843,1.0,-0.2436665723306382,0.885451937669873,0.18103746079475708,0.7436150078133569,-2.4981892359050195,-2.5072108074979154,0.0002267542837453007,0.0,0.00016270442035584698,2.6365948492812485e-05,-4.975272006429998e-05,-0.00023956115199352812,-7.924188724039993e-05,-0.00020116323043950501
334,0.01298380991589638,0.012983809408833999,3.628669876424253e-06,3.7573028317332358,2.272748112964571,1.6287842796542147,3.117690836798054,1.0,-0.2435048996844633,0.8854781681744388,0.18098796298563236,0.7433768869321455,-2.498267924184833,-2.5074107777160903,0.00022532765421123813,0.0,0.00016167264617492072,2.6230504565849522e-05,-4.9497809124721126e-05,-0.00023812088121133446,-7.86882798133881e-05,-0.00019997021817497185
335,0.01291225340792583,0.012912252904119128,3.6070045163530626e-06,3.757302839719148,2.2728196694471885,1.6287843353404852,3.117914749374645,1.0,-0.24334425036674476,0.8855042640384571,0.18093871858144217,0.7431401953583685,-2.4983460638893216,-2.5076095638208544,0.00022391257659082342,0.0,0.00016064931771853086,2.6095864018249593e-05,-4.9244404190185165e-05,-0.00023669157377703698,-7.81397044886667e-05,-0.00019878610476409264
336,0.012841180118508778,0.01284117961792936,3.585517889505397e-06,3.7573028476358594,2.2728907427114375,1.628784390643083,3.1181372583021316,1.0,-0.24318461602305733,0.8855302260594693,0.1808897260870752,0.7429049222383677,-2.49842365999134,-2.507807174624134,0.0002225089274867642,0.0,0.00015963434368743146,2.596202101223799e-05,-4.8992494366961736e-05,-0.0002352731200008229,-7.759610201851785e-05,-0.0001976108032795132
337,0.012770585778134641,0.012770585280756705,3.5640886294485773e-06,3.7573028554841708,2.2729613370268247,1.628784445565475,3.1183583748873187,1.0,-0.2430259883890133,0.885556055029233,0.18084098401821422,0.7426710568267628,-2.498500717405363,-2.50800361885202,0.00022111658518708666,0.0,0.00015862763404403402,2.5828969763663778e-05,-4.874206886099075e-05,-0.00023386541160486107,-7.705741402297406e-05,-0.00019644422788589466
338,0.012700466166930203,0.012700465672726376,3.543031145057132e-06,3.75730286326487,2.2730314566132233,1.6287845001110854,3.118578110316954,1.0,-0.24286835928902248,0.8855817517337743,0.1807924909012379,0.7424385884850614,-2.498577240988338,-2.5081989051458438,0.0002197354296353815,0.0,0.00015762909999081365,2.569670454133366e-05,-4.849311697632808e-05,-0.0002324683417014306,-7.652358297516315e-05,-0.00019528629382392637
339,0.01263081711392007,0.012630816622863599,3.521973851343132e-06,3.7573028709787337,2.2731011056416066,1.6287845542833,3.11879647565936,1.0,-0.24271172063507332,0.8856073169534405,0.18074424527312324,0.7422075066802908,-2.498653235540525,-2.508393042063237,0.00021836534240593508,0.0,0.00015663865394915932,2.5565219666234817e-05,-4.8245628114645944e-05,-0.00023108180477060536,-7.599455218665341e-05,-0.0001941369173934504
340,0.012561634496310108,0.01256163400837552,3.501107020685593e-06,3.7573028786265255,2.273170288234766,1.6287846080854627,3.1190134818660344,1.0,-0.2425560644255337,0.8856327514629515,0.18069624568134968,0.7419778009836517,-2.4987287058063177,-2.5085860380791742,0.0002170062066744194,0.0,0.0001556562095396119,2.5434509510979808e-05,-4.799959177356761e-05,-0.00022970569663904872,-7.547026579279859e-05,-0.0001929960159370303
341,0.01249291423879275,0.012492913753954428,3.480497876209988e-06,3.7573028862090005,2.2732390084680083,1.628784661520881,3.119229139773228,1.0,-0.2424013827439725,0.8856580560314509,0.18064849068380384,0.7417494610691934,-2.4988036564750553,-2.5087779015869973,0.00021565790719346722,0.0,0.00015468168156121398,2.5304568499362468e-05,-4.7754997545834676e-05,-0.0002283399144583642,-7.495066873763889e-05,-0.0001918635078230757
342,0.012424652312851255,0.012424651831082757,3.459958501187562e-06,3.7573028937269006,2.273307270369849,1.6287847145928203,3.119443460103493,1.0,-0.24224766775800022,0.885683231422557,0.18060097884868567,0.7415224767125085,-2.4988780921818177,-2.5089686408994294,0.00021432033026513864,0.0,0.0001537149859722753,2.517539110613587e-05,-4.7511835118169143e-05,-0.00022698435668488948,-7.443570676235467e-05,-0.00019073931243207554
343,0.012356844736077696,0.012356844257354074,3.4396192579451557e-06,3.7573029011809576,2.2733750779226938,1.6287847673045102,3.119656453467209,1.0,-0.24209491171812939,0.8857082783944122,0.18055370875441534,0.7412968377894498,-2.498952017508205,-2.5091582642495687,0.00021299336371605193,0.0,0.00015275603987083275,2.5046971855235967e-05,-4.727009427032969e-05,-0.00022563892305871303,-7.392532638750282e-05,-0.00018962335013927856
344,0.012289487571511947,0.012289487095808276,3.4192889067368948e-06,3.7573029085718916,2.273442435063501,1.6287848196591417,3.119868130364081,1.0,-0.24194310695665336,0.8857331976997329,0.18050667898954162,0.7410725342748652,-2.499025436983108,-2.5093467797918696,0.00021167689687207059,0.0,0.0001518047614760265,2.491930532066977e-05,-4.70297648737239e-05,-0.00022430351458457842,-7.341947490280276e-05,-0.0001885155423009266
345,0.0122225769269844,0.01222257645427611,3.399294226793226e-06,3.7573029159004157,2.2735093456844386,1.6287848716598696,3.1200785011846164,1.0,-0.24179224588654397,0.8857579900858578,0.1804598881526508,0.7408495562413543,-2.4990983550834605,-2.5095341956031074,0.0002103708205352106,0.0,0.00015086107010939265,2.479238612485002e-05,-4.6790836890825416e-05,-0.00022297803351090106,-7.291810035248147e-05,-0.00018741581123782325
346,0.012156108954470786,0.01215610848473392,3.379378363029964e-06,3.7573029231672286,2.273575813633529,1.6287849233098122,3.120287576211574,1.0,-0.24164232100036692,0.8857826562947965,0.18041333485227712,0.7406278938580421,-2.499170776234984,-2.50972051968333,0.0002090750269574393,0.0,0.00014992488617704414,2.466620893870619e-05,-4.655330037367511e-05,-0.00022166238331222665,-7.242115152372719e-05,-0.00018632408022245528
347,0.012090079849466731,0.01209007938267614,3.359608810197968e-06,3.75730293037302,2.2736418427152767,1.6287849746120502,3.1204953656213927,1.0,-0.24149332486921557,0.8858071970632775,0.18036701770681385,0.7404075373893735,-2.4992427048129153,-2.509905759956793,0.0002077894098189148,0.0,0.00014899613115135213,2.4540768481018382e-05,-4.631714546327048e-05,-0.00022035646866858105,-7.192857793114626e-05,-0.00018524027346300542
348,0.012024485850353452,0.01202448538648558,3.339921685045039e-06,3.7573029375184723,2.2737074366912973,1.6287850255696312,3.1207018794855967,1.0,-0.2413452501416616,0.8858316131227947,0.18032093534442548,0.7401884771939251,-2.4993141451427228,-2.5100899242728842,0.00020651386420400542,0.0,0.00014807472755395956,2.4416059517196054e-05,-4.6082362388372156e-05,-0.00021906019544837285,-7.144032980743731e-05,-0.00018416431609136197
349,0.011959323237798705,0.011959322776829907,3.3205190711946656e-06,3.757302944604256,2.273772599280922,1.6287850761855664,3.1209071277721754,1.0,-0.24119808954272312,0.8858559051996547,0.18027508640296092,0.7399707037232363,-2.4993851015008124,-2.5102730204070314,0.00020524828657864091,0.0,0.00014716059893848943,2.429207686005519e-05,-4.58489414645602e-05,-0.00021777347068885344,-7.095635808962442e-05,-0.00018309613414713155
350,0.011894588334152875,0.011894587876059907,3.30113694361815e-06,3.75730295163103,2.2738373341617986,1.6287851264628332,3.121111120346944,1.0,-0.24105183587284928,0.885880074015023,0.1802294695298677,0.7397542075206567,-2.49945557811522,-2.510455056061596,0.00020399257476855226,0.0,0.00014625366987383592,2.4168815368263985e-05,-4.5616873093207166e-05,-0.0002164962025795747,-7.047661440751085e-05,-0.00018203565456476056
351,0.01183027750285471,0.0118302770476144,3.281910982295694e-06,3.757302958599449,2.273901644970487,1.6287851764043746,3.121313866974881,1.0,-0.2409064820069218,0.8859041202849688,0.18018408338210704,0.739538979220213,-2.4995255791662907,-2.5106360388667572,0.0002027466279370671,0.0,0.00014535386592748334,2.4046269945787735e-05,-4.538614776067318e-05,-0.00021522830044362617,-7.000105107080046e-05,-0.00018098280516110066
352,0.01176638714785809,0.011766386695447367,3.262843947807648e-06,3.7573029655101533,2.2739655353030326,1.628785226013101,3.1215153773214452,1.0,-0.24076202089327212,0.8859280447205112,0.18013892662606978,0.7393250095454917,-2.4995951087873514,-2.5108159763813775,0.0002015103465642376,0.0,0.0001444611136496854,2.3924435542443945e-05,-4.515675603725122e-05,-0.0002139696747213149,-6.952962106065996e-05,-0.0001799375146203097
353,0.011702913713058788,0.011702913263455524,3.2439386425480233e-06,3.757302972363777,2.274029008715537,1.628785275291888,3.1217156609538703,1.0,-0.2406184455527147,0.8859518480276632,0.1800939979374936,0.7391122893085394,-2.499664171065366,-2.5109948760938616,0.00020028363242508007,0.0,0.0001435753405574225,2.3803307152014952e-05,-4.49286885761957e-05,-0.0002127202369522907,-6.906227801461995e-05,-0.00017889971248408187
354,0.011639853681734303,0.0116398532349152,3.225129063017042e-06,3.7573029791609467,2.2740920687247224,1.6287853242435826,3.1219147273424395,1.0,-0.2404757490775959,0.8859755309074759,0.18004929600138064,0.7389008094087794,-2.499732770041584,-2.5111727454229973,0.00019906638856914682,0.0,0.00014269647511880312,2.3682879812692015e-05,-4.470193611294526e-05,-0.00021147989976000314,-6.859897621813715e-05,-0.00017786932913566034
355,0.011577203575991271,0.011577203131934803,3.206486143188125e-06,3.757302985902276,2.2741547188084796,1.6287853728709951,3.1221125858617405,1.0,-0.24033392463085768,0.8859990940560826,0.1800048195119165,0.7386905608319452,-2.4998009097121767,-2.5113495917187865,0.0001978585193009863,0.0,0.0001418244467382146,2.3563148606631223e-05,-4.447648946415139e-05,-0.000210248576834271,-6.813967059260406e-05,-0.0001768462957891792
356,0.01151495995622851,0.011514959514912113,3.188012806849612e-06,3.757302992588371,2.2742169624064097,1.6287854211769066,3.1223092457918997,1.0,-0.24019296544511695,0.8860225381647413,0.17996056717238976,0.7384815346490289,-2.499868594028863,-2.5115254222632637,0.00019665993015927086,0.0,0.0001409591857407244,2.3444108658732254e-05,-4.4252339526734685e-05,-0.00020902618291629427,-6.768431668646713e-05,-0.000175830544477229
357,0.011453119420600252,0.011453118982002727,3.1696419662867885e-06,3.7573029992198337,2.274278802920356,1.6287854691640682,3.1225047163197988,1.0,-0.2400528648217591,0.8860458639198778,0.17991653769511262,0.738273722015247,-2.499935826899525,-2.511700244271302,0.00019547052789903319,0.0,0.00014010062335784168,2.332575513652735e-05,-4.4029477277135465e-05,-0.00020781263378188974,-6.723287066190409e-05,-0.00017482200803842218
358,0.01139167860449666,0.011391678168596469,3.1513754139875448e-06,3.7573030057972514,2.274340243714927,1.6287855168351977,3.1226990065402687,1.0,-0.23991361613004583,0.8860690720031282,0.17987272980134233,0.7380671141690202,-2.500002612188812,-2.5118740648914093,0.00019429022046990596,0.0,0.00013924869171327847,2.3208083250403355e-05,-4.380789377028682e-05,-0.00020660784622683614,-6.678528928683036e-05,-0.00017382062010717902
359,0.011330634180025324,0.011330633746800918,3.1332858411200478e-06,3.7573030123212083,2.2744012881180145,1.6287855641929843,3.1228921254572692,1.0,-0.2397752128062375,0.8860921630913802,0.17982914222120341,0.7378617024309692,-2.500068953718736,-2.512046891206508,0.0001931189170005787,0.0,0.00013840332380832265,2.3091088251936398e-05,-4.358758013892072e-05,-0.00020541173805099788,-6.634152992424092e-05,-0.00017282631509862867
360,0.011269982855506401,0.011269982424937361,3.1152337798087107e-06,3.7573030187922787,2.274461939421296,1.628785611240087,3.1230840819850467,1.0,-0.23963764835272933,0.8861151378568143,0.17978577369361085,0.7376574782029252,-2.5001348552692595,-2.51221873023471,0.0001919565277774815,0.0,0.00013756445350818214,2.297476543411392e-05,-4.336852759256882e-05,-0.0002042242280440032,-6.590155052332847e-05,-0.00017183902820194774
361,0.011209721374979418,0.011209720947044307,3.0974349532489657e-06,3.7573030252110273,2.2745222008807318,1.6287856579791355,3.1232748849492746,1.0,-0.2395009163372006,0.8861379969669454,0.17974262296619403,0.7374544329669549,-2.500200320578867,-2.5123895889300756,0.00019080296422790965,0.0,0.00013673201552871772,2.2859110131112637e-05,-4.315072741681303e-05,-0.00020304523597025614,-6.546530960749308e-05,-0.00017085869536570542
362,0.01114984651770619,0.011149846092384544,3.079749558646796e-06,3.757303031578014,2.274582075717058,1.6287857044127303,3.1234645430881782,1.0,-0.23936501039177807,0.8861607410846627,0.1796996887952214,0.7372525582844005,-2.5002653533451347,-2.5125594741833623,0.0001896581389035923,0.0,0.00013590594542253753,2.274411771729934e-05,-4.293417097261942e-05,-0.00020187468255439267,-6.503276626768084e-05,-0.00016988525328676118
363,0.011090355097695829,0.011090354674967304,3.06196201778563e-06,3.7573030378937884,2.2746415671162645,1.6287857505434433,3.123653065053639,1.0,-0.23922992421221176,0.8861833708682697,0.17965696994552632,0.7370518457949329,-2.5003299572252855,-2.512728392822765,0.00018852196546070843,0.0,0.00013508617956631275,2.2629783607008847e-05,-4.271884969508921e-05,-0.00020071248946762488,-6.460388015083751e-05,-0.00016891863940271534
364,0.011031243963228611,0.011031243543073081,3.044581100448388e-06,3.757303044158896,2.2747006782300696,1.6287857963738188,3.123840459412284,1.0,-0.2390956515570643,0.886205886971524,0.17961446519043303,0.7368522872156198,-2.500394135836738,-2.512896351614642,0.00018739435864523202,0.0,0.0001342726551474549,2.2516103254321962e-05,-4.250475509329221e-05,-0.00019955857931308607,-6.417861145235904e-05,-0.00016795879187680995
365,0.010972509996392012,0.01097250957878956,3.027247088440732e-06,3.7573030503738702,2.2747594121763846,1.628785841906372,3.124026734646558,1.0,-0.2389621862469121,0.8862282900436763,0.17957217331168432,0.7366538743400068,-2.5004578927576446,-2.513063357264234,0.00018627523427383608,0.0,0.00013346531015220875,2.2403072152288317e-05,-4.229187874871254e-05,-0.00019841287561295218,-6.375692090676566e-05,-0.0001670056495921557
366,0.010914150112620017,0.010914149697551095,3.010034561158363e-06,3.757303056539242,2.274817772039774,1.6287858871435923,3.124211899155778,1.0,-0.23882952216355963,0.8862505807295091,0.17953009309936904,0.7364565990372125,-2.5005212315274234,-2.5132294164163715,0.00018516450922012595,0.0,0.00013266408335246838,2.229068583281535e-05,-4.2080212315276366e-05,-0.0001972753027943419,-6.333876977882014e-05,-0.00016605915213752098
367,0.010856161260248208,0.01085616084769285,2.992797232268267e-06,3.7573030626555326,2.2748757608719017,1.6287859320879405,3.124395961257174,1.0,-0.23869765324926545,0.8862727596693751,0.17948822335185113,0.736260453251036,-2.500584155647278,-2.513394535656171,0.00018406210139598755,0.0,0.00013186891429417535,2.2178939866002167e-05,-4.186974751790862e-05,-0.0001961457861765492,-6.292411985464597e-05,-0.0001651192397993384
368,0.010798540420064335,0.010798540010003148,2.9759077645042167e-06,3.7573030687232554,2.2749333816919783,1.6287859767418513,3.1245789291869106,1.0,-0.23856657350598043,0.8862948274992352,0.17944656287569896,0.7360654289990778,-2.500646668580712,-2.5135587215097224,0.00018296792973648834,0.0,0.00013107974328502303,2.206782986002853e-05,-4.1660476152172166e-05,-0.00019502425195816464,-6.251293343373376e-05,-0.00016418585355149062
369,0.01074128460487601,0.01074128419729049,2.9589969350119685e-06,3.7573030747429197,2.2749906374871944,1.6287860211077336,3.124760811101096,1.0,-0.23843627699459752,0.8863167848506955,0.17940511048561555,0.735871518371874,-2.5007087737540328,-2.5137219804447675,0.00018188191418522237,0.0,0.0001302965113829102,2.1957351460377694e-05,-4.14523900834074e-05,-0.00019391062720375274,-6.210517332094767e-05,-0.00016325893504509637
370,0.010684390859084725,0.010684390453955445,2.942290783866096e-06,3.757303080715025,2.2750475312131484,1.6287860651879698,3.124941615076774,1.0,-0.23830675783421307,0.8863386323510453,0.17936386500436957,0.7356787135320423,-2.5007704745568504,-2.5138843188713667,0.00018080397567832307,0.0,0.00012951916038445033,2.184750034972538e-05,-4.124548124598282e-05,-0.00019280483983175056,-6.170080281764356e-05,-0.00016233842659918452
371,0.0106278562582572,0.010627855855565669,2.925641029015045e-06,3.757303086640065,2.2751040657942716,1.6287861089849163,3.1251213491129026,1.0,-0.2381780102013996,0.8863603706232928,0.179322825262727,0.7354870067134399,-2.5008317743425645,-2.5140457431425585,0.00017973403612847605,0.0,0.00012874763281348067,2.1738272247495694e-05,-4.10397416425734e-05,-0.00019170681860236627,-6.129978571411954e-05,-0.00016142427119181235
372,0.0105716779087173,0.01057167750844467,2.9090486388007956e-06,3.7573030925185296,2.2751602441242396,1.6287861525009053,3.1253000211313156,1.0,-0.2380500283294896,0.8863820002862021,0.17928199009938345,0.7352963902203351,-2.5008926764288475,-2.5142062595550074,0.00017867201841292868,0.0,0.0001279818719099879,2.1629662909306013e-05,-4.0835163343549974e-05,-0.00019061649310481155,-6.090208628295457e-05,-0.0001605164124489633
373,0.010515852947134252,0.010515852549261464,2.8927448869906527e-06,3.7573030983508984,2.2752160690663823,1.6287861957382432,3.1254776389776695,1.0,-0.23792280650786995,0.886403521954329,0.17924135836089766,0.735106856426589,-2.500953184098116,-2.514365874349646,0.00017761784635395017,0.0,0.00012722182161964413,2.1521668126966986e-05,-4.063173848578572e-05,-0.00018953379374608836,-6.0507669268350384e-05,-0.00015961479463877382
374,0.010460378540117408,0.010460378144627356,2.8765031127972157e-06,3.7573031041376463,2.2752715434540876,1.6287862386992122,3.125654210422381,1.0,-0.23779633908128764,0.8864249362380565,0.17920092890162484,0.73491839777485,-2.5010133005979975,-2.514524593712305,0.00017657144471128206,0.0,0.00012646742658231624,2.141428372748333e-05,-4.042945927282271e-05,-0.00018845865173899856,-6.0116499881690544e-05,-0.00015871936265865472
375,0.010405251883832884,0.010405251490706908,2.860246741780057e-06,3.7573031098792424,2.27532667009119,1.6287862813860703,3.125829743161543,1.0,-0.23767062044916545,0.8864462437436299,0.17916070058365144,0.7347310067757595,-2.5010730291417906,-2.514682423774334,0.00017553273916215417,0.0,0.00012571863212218481,2.1307505573386898e-05,-4.022831797340087e-05,-0.0001873909990904865,-5.972854379310277e-05,-0.00015783006202907401
376,0.010350470203600795,0.010350469812821367,2.844209740267794e-06,3.7573031155761476,2.275381451752367,1.628786323801051,3.1260042448178336,1.0,-0.23754564506492826,0.8864674450731918,0.1791206722767304,0.7345446760071688,-2.5011323729089145,-2.5148393706132186,0.00017450165629062653,0.0,0.000124975384237197,2.1201329561848503e-05,-4.0028306921041645e-05,-0.00018633076859075892,-5.934376712390943e-05,-0.0001569468388846751
377,0.010296030753519897,0.010296030365068974,2.8282388243966703e-06,3.75730312122882,2.2754358911835197,1.6287863659463646,3.1261777229414074,1.0,-0.23742140743533946,0.8864885408248163,0.17908084285821685,0.734359398113367,-2.5011913350453536,-2.5149954402531836,0.00017347812357382253,0.0,0.00012423762958879703,2.1095751624566894e-05,-3.9829418513548376e-05,-0.00018527789380173854,-5.8962136439077995e-05,-0.00015606963996495082
378,0.010241930816091227,0.010241930429951482,2.8124140727575445e-06,3.7573031268377095,2.2754899911021456,1.6287864078241976,3.1263501850107756,1.0,-0.2372979021198472,0.8865095315925435,0.17904121121300476,0.7341751658043207,-2.501249918664095,-2.515150638665789,0.00017246206936816222,0.0,0.00012350531549226718,2.0990767727213644e-05,-3.9631645212090394e-05,-0.00018423230904629495,-5.858361874144791e-05,-0.00015519841260536182
379,0.01018816770184401,0.010188167317998008,2.796658571203214e-06,3.75730313240326,2.2755437541977144,1.6287864494367157,3.126521638433672,1.0,-0.2371751237299406,0.886530417966413,0.17900177623346408,0.7339919718549228,-2.5013081268455593,-2.5153049717705205,0.0001714534228964837,0.0,0.00012277838990659706,2.088637386943315e-05,-3.943497954067565e-05,-0.00018319394939791955,-5.820818146418105e-05,-0.00015433310473156325
380,0.010134738748972522,0.010134738367403107,2.7809734967352396e-06,3.757303137925911,2.2755971831320307,1.6287864907860583,3.1266920905479063,1.0,-0.2370530669285155,0.8865512005324973,0.17896253681937863,0.7338098091042535,-2.501365962638024,-2.5154584454353683,0.0001704521142342763,0.0,0.00012205680142510222,2.0782566084287524e-05,-3.9239414085456836e-05,-0.00018216275066929022,-5.783579246454451e-05,-0.00015347366484785852
381,0.01008164132297831,0.010081640943668835,2.765440341579041e-06,3.7573031434060957,2.2756502805395917,1.6287865318743446,3.1268615486222058,1.0,-0.23693172642924962,0.8865718798729348,0.1789234918778845,0.7336286704548505,-2.5014234290580397,-2.5156110654774,0.0001694580742994667,0.0,0.0001213404992658762,2.0679340437590454e-05,-3.9044941494120744e-05,-0.00018113864940305646,-5.746642001591695e-05,-0.00015262004203187018
382,0.010028872816315358,0.010028872439249029,2.7500616799903477e-06,3.75730314884424,2.2757030490279426,1.628786572703672,3.1270300198570427,1.0,-0.23681109699598699,0.8865924565659627,0.1788846403234094,0.7334485488719901,-2.501480529090843,-2.5157628376633268,0.00016847123483687554,0.0,0.0001206294332626312,2.057669302790721e-05,-3.885155447511113e-05,-0.00018012158286040414,-5.7100032803347744e-05,-0.0001517721859265464
383,0.009976430648041004,0.0099764302732007,2.7348401182334987e-06,3.757303154240767,2.2757554911780256,1.628786613276115,3.127197511385452,1.0,-0.23669117344213167,0.8866129311859493,0.17884598107761204,0.7332694373829782,-2.501537265690759,-2.5159137677100567,0.0001674915284093359,0.0,0.00011992355385531672,2.0474619986554643e-05,-3.865924579735114e-05,-0.0001791114890118406,-5.6736599916007435e-05,-0.0001509300467299468
384,0.009924312263475179,0.009924311890844749,2.7196150076908592e-06,3.7573031595960935,2.2758076095445188,1.628786653593727,3.127364030273836,1.0,-0.2365719506300503,0.8866333043034257,0.1788075130693228,0.7330913290764511,-2.501593641781599,-2.5160638612852484,0.00016651888838392637,0.0,0.00011922281208137653,2.037311747637993e-05,-3.846800828924413e-05,-0.00017810830652709164,-5.637609084008233e-05,-0.00015009357519168987
385,0.009872515133862864,0.009872514763425794,2.7044683925376146e-06,3.7573031649106308,2.275859406656177,1.6287866936585402,3.1275295835227555,1.0,-0.2364534234704834,0.8866535764851181,0.17876923523448454,0.7329142171016858,-2.5016496602570544,-2.5162131240078494,0.0001655532489195366,0.0,0.00011852715956689464,2.0272181692426727e-05,-3.827783483825731e-05,-0.00017711197476533158,-5.601847545522176e-05,-0.0001492627226009624
386,0.00982103675604332,0.009821036387783984,2.6894015990239037e-06,3.7573031701847834,2.2759108850161587,1.628786733472566,3.1276941780677125,1.0,-0.2363355869219651,0.8866737482939788,0.1787311465160943,0.73273809466792,-2.5017053239810796,-2.5163615614486328,0.00016459454495709736,0.0,0.00011783654851829639,2.0171808860713902e-05,-3.808871839022787e-05,-0.00017612243376585734,-5.566372402521225e-05,-0.00014843744078341103
387,0.009769874652119844,0.00976987428602105,2.6745820219744755e-06,3.7573031754189534,2.275962047102362,1.628786773037795,3.12785782077992,1.0,-0.2362184359902523,0.8866938202892175,0.17869324586414528,0.7325629550436819,-2.501760635788275,-2.5165091791307233,0.00016364271220759008,0.0,0.00011715093171280055,2.007199523867964e-05,-3.790065194902992e-05,-0.00017513962423809648,-5.531180719531292e-05,-0.00014761768209048398
388,0.009719026369140783,0.009719026005187224,2.6597633565630736e-06,3.757303180613537,2.276012895367735,1.6287868123561966,3.12802051846706,1.0,-0.23610196572776088,0.8867137930263318,0.1786555322355697,0.7323887915561285,-2.501815598484259,-2.516655982530118,0.0001626976871400565,0.0,0.00011647026249142489,1.997273711429326e-05,-3.771362857557525e-05,-0.0001741634875533915,-5.4962695984261956e-05,-0.00014680339939454612
389,0.009668489478782738,0.009668489116959264,2.6451135138575464e-06,3.757303185768923,2.2760634322406013,1.6287868514297215,3.1281822778740316,1.0,-0.23598617123301108,0.8867336670571377,0.17861800459418228,0.7322155975903933,-2.501870214846037,-2.5168019770761987,0.00016175940697138458,0.0,0.00011579449474979908,1.9874030805944187e-05,-3.7527641387424815e-05,-0.00017319396573511892,-5.4616361778059286e-05,-0.00014599454608088536
390,0.00961826157703958,0.009618261217329597,2.6305509057776596e-06,3.757303190885499,2.2761136601249667,1.6287868902602989,3.128343105683688,1.0,-0.23587104765008077,0.8867534429298002,0.17858066191062372,0.732043366588944,-2.5019244876223654,-2.5169471681522397,0.00016082780965653853,0.0,0.00011512358293030989,1.9775872662441962e-05,-3.7342683558566625e-05,-0.00017223100144936332,-5.4272776328190275e-05,-0.0001451910760410513
391,0.009568340283909713,0.009568339926299012,2.6160769891200103e-06,3.7573031959636443,2.27616358140083,1.6287869288498396,3.1285030085175642,1.0,-0.2357565901680661,0.8867731211888622,0.17854350316230566,0.7318720920509463,-2.5019784195341055,-2.517091561095906,0.00015990283387612436,0.0,0.00011445748201466266,1.9678259062017034e-05,-3.715874831805577e-05,-0.00017127453799770098,-5.3931911740079386e-05,-0.00014439294366619393
392,0.009518723243102987,0.009518722887575564,2.601607896537951e-06,3.7573032010037366,2.2762131984244824,1.6287869672002346,3.1286619929365913,1.0,-0.2356427940205508,0.8867927023752749,0.17850652733335537,0.7317017675316393,-2.50203201327458,-2.517235161199746,0.00015898441902706395,0.0,0.00011379614751530487,1.9581186412653828e-05,-3.6975828950291945e-05,-0.00017032451930698578,-5.3593740474422447e-05,-0.00014360010383995814
393,0.009469408121733771,0.009469407768274367,2.5872295337046783e-06,3.757303206006147,2.276262513528808,1.628787005313356,3.128820065441803,1.0,-0.23552965448508228,0.8868121870264265,0.17846973341456154,0.7315323866417178,-2.5020852715099156,-2.5173779737116786,0.00015807250521149285,0.0,0.00011313953546851496,1.948465115164666e-05,-3.6793918793825986e-05,-0.0001693808899214666,-5.3258235335640336e-05,-0.0001428125119327106
394,0.009420392610034328,0.009420392258628056,2.5730297200864948e-06,3.757303210971241,2.276311529023573,1.6287870431910556,3.1289772324750307,1.0,-0.23541716688265607,0.8868315756761717,0.17843312040332027,0.7313639430467235,-2.502138196879387,-2.517520003835473,0.0001571670332278785,0.0,0.00011248760242621447,1.938864974515564e-05,-3.661301124127658e-05,-0.0001684435949943497,-5.292536947143489e-05,-0.00014203012379443436
395,0.009371674421060567,0.009371674071692348,2.559011427964439e-06,3.7573032158993835,2.2763602471957216,1.6287870808351685,3.1291335004195915,1.0,-0.2353053265772071,0.8868508688548595,0.1783966873035817,0.7311964304664436,-2.5021907919957513,-2.517661256731221,0.00015626794456080617,0.0,0.00011184030544897361,1.9293178687873613e-05,-3.643309973855313e-05,-0.000167512580279916,-5.259511636435121e-05,-0.00014125289574806743
396,0.009323251290412452,0.009323250943068047,2.5449159193295185e-06,3.75730322079093,2.2764086703096518,1.6287871182475107,3.129288875600962,1.0,-0.23519412897510839,0.8868700670893626,0.1783604331257974,0.7310298426743189,-2.5022430594455805,-2.5178017375158057,0.0001553751813703208,0.0,0.00011119760209871155,1.9198234503026157e-05,-3.625417778430062e-05,-0.00016658779212463948,-5.226744982911313e-05,-0.00014048078458461788
397,0.009275120975951361,0.009275120630616376,2.530917375751473e-06,3.757303225646235,2.2764568006075017,1.628787155429879,3.129443364287446,1.0,-0.23508356952467693,0.8868891709031043,0.1783243568868679,0.730864173496859,-2.5022950017895864,-2.5179414512633613,0.00015448868648437752,0.0,0.00011055945043145221,1.9103813741705444e-05,-3.607623892951106e-05,-0.00016566917745997056,-5.194234400596187e-05,-0.00013971374755561428
398,0.00922728125752315,0.009227280914183207,2.517105630865377e-06,3.7573032304656455,2.2765046403094247,1.6287871923840527,3.129596972690832,1.0,-0.2349736437156867,0.8869081808160874,0.17828845761009102,0.7306994168130649,-2.5023466215629435,-2.518080403005728,0.00015360840338596304,0.0,0.00010992580899024662,1.9009912983092292e-05,-3.589927677688509e-05,-0.00016475668379400954,-5.161977335710333e-05,-0.00013895174236688845
399,0.009179729936689574,0.009179729595329934,2.50339508056706e-06,3.757303235249509,2.2765521916138587,1.6287872291117946,3.129749706967041,1.0,-0.23486434707888842,0.8869270973449208,0.17825273432511063,0.7305355665538609,-2.5023979212756036,-2.5182185977329032,0.00015273427620865476,0.0,0.00010929663679826174,1.8916528833456958e-05,-3.5723284980387904e-05,-0.00016385025920406804,-5.129971266004674e-05,-0.0001381947271750228
400,0.00913246483645688,0.00913246449706303,2.4897873966064306e-06,3.7573032399981643,2.2765994566977965,1.628787265614849,3.1299015732167637,1.0,-0.23475567518553642,0.8869459210028476,0.17821718606786577,0.7303726167015322,-2.5024489034126094,-2.518356040393481,0.000151866249722854,0.0,0.00010867189335200811,1.8823657926825277e-05,-3.554825724486066e-05,-0.00016294985232867543,-5.098213700582832e-05,-0.00013744266057758026
401,0.009085483801014631,0.009085483463573357,2.476104931377727e-06,3.7573032447119483,2.2766464377170466,1.6287873018949421,3.1300525774860932,1.0,-0.2346476236469215,0.8869646522997715,0.17818181188054064,0.7302105612891714,-2.5024995704344013,-2.5184927358950917,0.00015100426932956879,0.0,0.00010805153861492833,1.8731296923868435e-05,-3.537418732513231e-05,-0.00016205541236080645,-5.066702179190585e-05,-0.00013669550161088395
402,0.00903878469547526,0.009038784359971947,2.462707115944844e-06,3.757303249391193,2.276693136806497,1.628787337953785,3.1302027257671448,1.0,-0.23454018811391122,0.8869832917422837,0.17814661081151473,0.7300493944001315,-2.5025499247771195,-2.5186286891048346,0.000150148281051532,0.0,0.00010743553301026387,1.8639442512236037e-05,-3.520106902590858e-05,-0.00016116688903988763,-5.035434271816186e-05,-0.0001359532097429117
403,0.008992365405616584,0.008992365072038188,2.4492360128533234e-06,3.7573032540362266,2.276739556080368,1.6287873737930694,3.1303520239986677,1.0,-0.2344333642764961,0.8870018398336894,0.1781115819153135,0.729889110167487,-2.5025999688529024,-2.5187639048497013,0.00014929823152298738,0.0,0.00010682383741511536,1.8548091405667932e-05,-3.502889620121685e-05,-0.00016028423264446978,-5.0044075782906816e-05,-0.00013521574486663468
404,0.008946223837631275,0.008946223505963597,2.436055030418919e-06,3.7573032586473722,2.276785697632467,1.6287874094144728,3.1305004780666508,1.0,-0.2343271478633424,0.8870202970740336,0.17807672425255977,0.729729702773501,-2.502649705050181,-2.518898387916998,0.00014845406798302818,0.0,0.00010621641315369801,1.8457240344216252e-05,-3.4857662753740026e-05,-0.00015940739398601078,-4.9736197278438254e-05,-0.00013448306729690884
405,0.008900357917880035,0.00890035758810978,2.4228023393997704e-06,3.7573032632249523,2.2768315635364322,1.6287874448196544,3.130648093804917,1.0,-0.23422153464135115,0.8870386639601279,0.17804203688992515,0.7295711664491006,-2.502699135733968,-2.51903214305476,0.00014761573826627128,0.0,0.0001056132219912631,1.8366886094245416e-05,-3.468736263462224e-05,-0.00015853632440043786,-4.943068378704396e-05,-0.00013375513776203718
406,0.008854765592642184,0.00885476526475576,2.40975320479136e-06,3.7573032677692826,2.2768771558459835,1.6287874800102582,3.130794876995711,1.0,-0.23411652041522307,0.8870569409855752,0.1780075189000825,0.7294134954733579,-2.5027482632461426,-2.5191651749721613,0.0001467831907939754,0.0,0.0001050142261280751,1.8277025447321904e-05,-3.451798984263621e-05,-0.0001576709757427075,-4.9127512174784727e-05,-0.0001330319174011052
407,0.008809444827878174,0.008809444501862588,2.3965403712421806e-06,3.7573032722806747,2.2769224765951592,1.6287875149879116,3.130940833370279,1.0,-0.23401210102703,0.8870751286407957,0.17797316936165844,0.729256684172979,-2.5027970899057337,-2.5192974883399195,0.00014595637456782384,0.0,0.00010441938819308327,1.8187655220547327e-05,-3.434953842407218e-05,-0.00015681130037892288,-4.882665959105026e-05,-0.0001323133677582078
408,0.008764393608990704,0.00876439328483311,2.383626931972449e-06,3.7573032767594374,2.276967527798556,1.6287875497542268,3.1310859686094386,1.0,-0.2339082723557917,0.8870932274130521,0.17793898735918653,0.7291007269217985,-2.5028456180091947,-2.519429087790695,0.0001451352391597105,0.0,0.00010382867123828743,1.8098772256336382e-05,-3.418200247190528e-05,-0.00015595725118044967,-4.8528103461009664e-05,-0.00013159945077534374
409,0.008719609940592439,0.00871960961827882,2.370736813706875e-06,3.7573032812058766,2.2770123114515615,1.6287875843107993,3.131230288344145,1.0,-0.23380503031705932,0.8871112377864742,0.17790497198306063,0.7289456181402822,-2.5028938498306768,-2.5195599779194837,0.00014431973470641069,0.0,0.0001032420387323818,1.801037342208378e-05,-3.401537612590655e-05,-0.0001551087815162555,-4.8231821482058734e-05,-0.00013089012878886308
410,0.008675091846269413,0.008675091525788027,2.3580587347509412e-06,3.7573032856202944,2.277056829530587,1.62878761865921,3.1313737981560448,1.0,-0.23370237086250362,0.8871291602420838,0.1778711223294891,0.7287913522950346,-2.502941787622299,-2.519690163284009,0.00014350981189981127,0.0,0.00010265945455570358,1.7922455609609145e-05,-3.384965357153269e-05,-0.00015426584524769194,-4.793779162204359e-05,-0.00013018536452547025
411,0.00863083736836193,0.008630837049698943,2.3453121227686087e-06,3.757303290002988,2.2771010839932933,1.6287876528010243,3.1315165035780237,1.0,-0.23360028997950966,0.887146995257819,0.1778374375004492,0.7286379238983132,-2.5029894336144127,-2.5198196484051043,0.000142705421978917,0.0,0.00010208088299396012,1.7835015735268023e-05,-3.3684829039898334e-05,-0.00015342839672138897,-4.764599211393161e-05,-0.00012948512109511867
412,0.008586844567733816,0.008586844250877189,2.332591048402063e-06,3.757303294354251,2.2771450767788144,1.628787686737792,3.131658410094749,1.0,-0.23349878369077665,0.887164743308559,0.177803916603642,0.7284853275075505,-2.5030367900158637,-2.5199484377670918,0.00014190651672540966,0.0,0.00010150628873301093,1.7748050739951893e-05,-3.352089680719317e-05,-0.00015259639076270481,-4.7356401450926455e-05,-0.00012878936198745805
413,0.00854311152355528,0.008543111208491968,2.3200873502079666e-06,3.7573032986743753,2.2771888098079804,1.628787720471049,3.131799523143203,1.0,-0.23339784805392352,0.8871824048661472,0.17777055875244754,0.7283335577248803,-2.503083859014249,-2.520076535818157,0.00014111304845387806,0.0,0.00010093563685312223,1.7661557588199983e-05,-3.3357851194459887e-05,-0.0001517697826701747,-4.7068998385135785e-05,-0.00012809805106517302
414,0.008499636333082768,0.008499636019800694,2.307612124104583e-06,3.757303302963649,2.2772322849835334,1.6287877540023148,3.1319398481132077,1.0,-0.23329747916109972,0.8871999803994157,0.17773736306588078,0.7281826091966711,-2.50313064277617,-2.52020394697072,0.00014032497000471267,0.0,0.00010036889282380446,1.757553326853234e-05,-3.319568656676153e-05,-0.0001509485282091827,-4.678376192135403e-05,-0.000127411152563095
415,0.008456417111446561,0.008456416799933596,2.2953593151538292e-06,3.757303307222356,2.2772755041903423,1.6287877873330967,3.1320793903479447,1.0,-0.23319767313860115,0.8872174703742082,0.1777043286685477,0.7280324766130651,-2.5031771434474863,-2.5203306756017994,0.00013954223473700011,0.0,9.98060224985664e-05,1.7489974792450624e-05,-3.303439733307045e-05,-0.00015013258360596637,-4.650067131617419e-05,-0.0001267286310793203
416,0.008413451991439025,0.008413451681681896,2.282943487430777e-06,3.7573033114507757,2.2773184692956154,1.6287878204648858,3.1322181551444674,1.0,-0.2330984261464918,0.8872348752534037,0.17767145469060194,0.7278831547075237,-2.503223363153557,-2.5204567260533723,0.0001387647965227501,0.0,9.924699210936416e-05,1.740487919554834e-05,-3.287397794576874e-05,-0.00014932190554139968,-4.621970607088244e-05,-0.00012605045157298989
417,0.008370739123302738,0.00837073881529041,2.2708509208622973e-06,3.757303315649187,2.2773611821491073,1.6287878533991587,3.1323561477542072,1.0,-0.23299973437823018,0.8872521954969397,0.17763874026770166,0.7277346382563783,-2.503269303999489,-2.520582102632732,0.00013799260973978988,0.0,9.869176826160508e-05,1.7320243535956514e-05,-3.2714422900287365e-05,-0.00014851645114544176,-4.5940845931902174e-05,-0.00012537657935984825
418,0.008328276674530956,0.008328276368251068,2.2586936141849094e-06,3.7573033198178627,2.2774036445833254,1.6287878861373797,3.1324933733834697,1.0,-0.2329015940603009,0.8872694315618346,0.17760618454096713,0.7275869220783865,-2.503314968070373,-2.520706809612838,0.00013722562926243853,0.0,9.814031792929057e-05,1.7236064894898817e-05,-3.255572673452334e-05,-0.00014771617799180792,-4.566407088368862e-05,-0.00012470698010602632
419,0.008286062829660455,0.008286062525101261,2.246470516329612e-06,3.7573033239570752,2.277445858413732,1.6287879186809975,3.132629837193928,1.0,-0.232804001451851,0.8872865839022107,0.17757378665693846,0.7274400010342952,-2.5033603574315215,-2.5208308512326636,0.00013646381045839817,0.0,9.759260844988127e-05,1.7152340376136443e-05,-3.239788402867316e-05,-0.00014692104409130824,-4.5389361148728824e-05,-0.00012404161982537687
420,0.008244095790074898,0.008244095487224037,2.2345780531357998e-06,3.7573033280670924,2.277487825438943,1.6287879510314491,3.1327655443031084,1.0,-0.23270695284433165,0.8873036529693165,0.17754154576753386,0.7272938700264079,-2.5034054741287024,-2.520954231697538,0.00013570710918031637,0.0,9.704860751935662e-05,1.7069067105746072e-05,-3.2240889404594464e-05,-0.00014613100788729572,-4.5116697180880294e-05,-0.00012338046487458953
421,0.008202373773803978,0.008202373472650461,2.222621958492746e-06,3.757303332148179,2.2775295474409267,1.628787983190155,3.132900499784868,1.0,-0.23261044456114413,0.8873206392115489,0.17750946103000823,0.7271485239981584,-2.503450320188367,-2.5210769551794874,0.00013495548175956884,0.0,9.650828318752414e-05,1.698624223245293e-05,-3.208473752563945e-05,-0.00014534602824944898,-4.484605966448285e-05,-0.00012272348194919402
422,0.008160895015334537,0.008160894715866443,2.2108020815106405e-06,3.757303336200595,2.277571026185197,1.6287880151585252,3.1330347086698676,1.0,-0.23251447295729097,0.8873375430744752,0.17747753160691224,0.7270039579336892,-2.5034948976178772,-2.5211990258175656,0.00013420888499959815,0.0,9.597160385316217e-05,1.690386292629853e-05,-3.1929423095988785e-05,-0.00014456606446922038,-4.457742951036181e-05,-0.00012207063807823104
423,0.008119657765415771,0.008119657467621772,2.1991206186267115e-06,3.7573033402246017,2.2776122634210036,1.628788046937955,3.1331681759460386,1.0,-0.2324190344190317,0.887354365000855,0.17744575666605156,0.726860166857436,-2.5035392084057295,-2.521320447718187,0.00013346727617102871,0.0,9.543853825927373e-05,1.6821926379750884e-05,-3.1774940860679335e-05,-0.00014379107625317467,-4.431078785227527e-05,-0.00012142190062158775
424,0.008078660290872269,0.00807865999474006,2.187376772969504e-06,3.7573033442204538,2.277653260881522,1.6287880785298265,3.133300906559041,1.0,-0.23232412536354266,0.8873711054306614,0.17741413538044684,0.7267171458337166,-2.503583254521774,-2.5214412249554523,0.0001327306130023409,0.0,9.490905548903417e-05,1.674042980648327e-05,-3.1621285604716e-05,-0.00014302102371943626,-4.404611604469366e-05,-0.0001207772372651128
425,0.008037900874414713,0.00803790057993443,2.175773650222728e-06,3.757303348188404,2.277694020284039,1.6287881099355102,3.13343290541272,1.0,-0.23222974223858225,0.8873877648011032,0.1773826669282937,0.7265748899663254,-2.5036270379174326,-2.521561361571469,0.0001319988536789829,0.0,9.438312496040657e-05,1.665937044170729e-05,-3.146845215315497e-05,-0.00014225586739124996,-4.378339565835887e-05,-0.00012013661601661951
426,0.007997377814463325,0.007997377521622783,2.164210917699668e-06,3.757303352128703,2.2777345433301353,1.6287881411563612,3.1335641773695517,1.0,-0.23213588152215978,0.887404343546645,0.17735135049292333,0.7264333943981333,-2.503670560525912,-2.521680861576671,0.00013127195683182435,0.0,9.386071642247806e-05,1.65787455418398e-05,-3.1316435370354334e-05,-0.00014149556819209597,-4.352260847939604e-05,-0.00011950000520188908
427,0.007957089424961062,0.007957089133749717,2.1528955114465944e-06,3.7573033560415956,2.2777748317058664,1.6287881721937256,3.1336947272510867,1.0,-0.23204253972220917,0.8874208420990288,0.17732018526276358,0.7262926543106917,-2.5037138242624146,-2.521799728950133,0.00013054988153493596,0.0,9.334179995060254e-05,1.6498552383836795e-05,-3.116523015975203e-05,-0.00014074008744158206,-4.326373650265225e-05,-0.00011886737346200604
428,0.007917034035198361,0.007917033745604006,2.1413129364256053e-06,3.7573033599273282,2.277814887081943,1.628788203048934,3.1338245598383856,1.0,-0.231949713376267,0.8874372608872951,0.1772891704312998,0.7261526649238426,-2.5037568310243485,-2.5219179676398804,0.0001298325872989281,0.0,9.282634594218186e-05,1.6418788266303608e-05,-3.101483146378259e-05,-0.00013998938684911533,-4.300676193391695e-05,-0.00011823868974758511
429,0.007877209989633519,0.007877209701646737,2.1300843779155335e-06,3.757303363786143,2.277854711113903,1.6287882337233062,3.1339536798724508,1.0,-0.23185739905115424,0.887453600337803,0.17725830519703675,0.7260134214953323,-2.5037995826915305,-2.5220355815631956,0.0001291200340651777,0.0,9.231432511275228e-05,1.633945050782959e-05,-3.086523426304444e-05,-0.0001392434285102384,-4.2751667181928354e-05,-0.00011761392331521847
430,0.007837615647726852,0.007837615361335894,2.1187963145087736e-06,3.7573033676182765,2.277894305442288,1.6287882642181495,3.134082092054649,1.0,-0.2317655933426629,0.8874698608742502,0.17722758876346068,0.7258749193204309,-2.5038420811263893,-2.5221525746069218,0.00012841218219827866,0.0,9.180570849134928e-05,1.626053644721015e-05,-3.0716433576077895e-05,-0.00013850217490141148,-4.2498434858817546e-05,-0.0001169930437261435
431,0.007798249383759562,0.007798249098954493,2.1075531492519874e-06,3.757303371423966,2.277933671692815,1.6287882945347585,3.1342098010471338,1.0,-0.2316742928752463,0.8874860429176944,0.1771970203390014,0.7257371537315558,-2.5038843281741663,-2.5222689506277614,0.00012770899248470968,0.0,9.130046741659403e-05,1.6182043444223915e-05,-3.056842445928187e-05,-0.00013776558887512724,-4.2247047776999835e-05,-0.00011637602083958143
432,0.007759109586676839,0.007759109303446724,2.0964615212036875e-06,3.7573033752034455,2.277972811476539,1.6287883246744166,3.1343368114732573,1.0,-0.23158349430171365,0.8875021468865723,0.1771665991369951,0.7256001200979006,-2.5039263256631106,-2.522384713452572,0.00012701042612350832,0.0,9.079857353264109e-05,1.6103968877856367e-05,-3.0421202006303272e-05,-0.000137033633655137,-4.1997488944289785e-05,-0.00011576282481051692
433,0.007720194659912652,0.007720194378246073,2.0854173759857376e-06,3.757303378956944,2.2780117263900257,1.6287883546383957,3.13446312791798,1.0,-0.23149319430292828,0.8875181731967196,0.17713632437564736,0.7254638138250679,-2.5039680754046745,-2.5224998668786585,0.0001263164447227183,0.0,9.029999878537587e-05,1.602631014729905e-05,-3.027476134773166e-05,-0.00013630627283278685,-4.174974156390121e-05,-0.0001151534260865894
434,0.007681503021226448,0.007681502741114574,2.074421471988913e-06,3.7573033826846918,2.278050418015513,1.628788384427955,3.1345887549282754,1.0,-0.23140338958751042,0.8875341222613912,0.17710619527799648,0.7253282303547067,-2.504009579193704,-2.5226144146740612,0.0001256270102953927,0.0,8.980471541786272e-05,1.5949064671616497e-05,-3.0129097650877235e-05,-0.0001355834703611336,-4.15037890295622e-05,-0.00011454779540276405
435,0.007643033102548526,0.00764303282397982,2.06347458042107e-06,3.7573033863869143,2.278088887921072,1.6287884140443438,3.134713697013525,1.0,-0.23131407689154282,0.8875499944912799,0.17707621107187738,0.7251933651641547,-2.5040508388086287,-2.5227283605778412,0.00012494208524982398,0.0,8.931269596759717e-05,1.5872229888747036e-05,-2.9984206119104684e-05,-0.00013486519055205815,-4.125961492462693e-05,-0.00011394590377999947
436,0.0076047833498129784,0.007604783072777319,2.052793830921343e-06,3.757303390063833,2.2781271376607677,1.6287884434887983,3.134837958645915,1.0,-0.23122525297828136,0.8875657902945366,0.17704637098988535,0.7250592137660844,-2.504091856011647,-2.522841708300362,0.0001242616323899881,0.0,8.882391326145433e-05,1.5795803256724028e-05,-2.984008199202748e-05,-0.0001341513980702702,-4.101720301852296e-05,-0.00011334772252080683
437,0.007566752222802539,0.00756675194729017,2.0418397346691624e-06,3.7573033937156697,2.278165168774816,1.628788472762544,3.1349615442608214,1.0,-0.2311369146378686,0.8875815100767884,0.17701667426934062,0.724925771708154,-2.504132632548912,-2.5229544615235677,0.00012358561490621867,0.0,8.833834041277466e-05,1.5719782251788494e-05,-2.9696720544730715e-05,-0.00013344205793042185,-4.077653726497488e-05,-0.00011275322320569714
438,0.007528938194995714,0.0075289379209958545,2.0312638550218803e-06,3.757303397342643,2.2782029827897388,1.6287885018667965,3.1350844582571953,1.0,-0.2310490586870513,0.8875971542411581,0.17698712015225304,0.7247930345726622,-2.5041731701507097,-2.523066623901258,0.00012291399637387457,0.0,8.785595081728381e-05,1.564416436972138e-05,-2.9554117087576826e-05,-0.00013273713549177835,-4.053760179756338e-05,-0.00011216237769007265
439,0.0074913397534101586,0.007491339480913476,2.0204128332950085e-06,3.757303400944968,2.2782405812185167,1.6287885308027585,3.1352067049979406,1.0,-0.23096168196890146,0.8876127231882832,0.17695770788528697,0.7246609979762075,-2.5042134705316403,-2.5231781990593585,0.00012224674074534647,0.0,8.737671814984527e-05,1.55689471250664e-05,-2.9412266966066802e-05,-0.00013203659645466548,-4.03003809306135e-05,-0.00011157515810067409
440,0.0074539553984561795,0.007453955127452317,2.0100556288862332e-06,3.757303404522859,2.27827796556074,1.6287885595716234,3.1353282888102867,1.0,-0.23087478135254116,0.8876282173163338,0.17692843671972683,0.7245296575693514,-2.5042535353907933,-2.5232891905961923,0.00012158381234605997,0.0,8.6900616360297e-05,1.549412805057493e-05,-2.9271165560146306e-05,-0.00013134040685613968,-4.0064859152977306e-05,-0.00011099153683380436
441,0.0074167836437826805,0.0074167833742626275,1.9994226834442977e-06,3.7573034080765266,2.2783151373027577,1.6287885881745734,3.135449213986158,1.0,-0.23078835373287063,0.8876436370210314,0.17689930591144254,0.7243990090362855,-2.5042933664119227,-2.5233996020827414,0.00012092517587136697,0.0,8.642761967053714e-05,1.5419704697650083e-05,-2.9130808284288934e-05,-0.0001306485330658802,-3.9831021129366206e-05,-0.00011041148654911126
442,0.0073798230161340565,0.007379822748086859,1.9890678144687557e-06,3.7573034116061788,2.278352097917827,1.628788616612779,3.1355694847825375,1.0,-0.2307023960302999,0.8876589826956676,0.17687031472085574,0.7242690480945031,-2.5043329652636177,-2.5235094370629123,0.00012027079637944027,0.0,8.595770257072144e-05,1.5345674636124684e-05,-2.899119058680233e-05,-0.00012996094178241435,-3.9598851695021864e-05,-0.00010983498017091975
443,0.007343072055203609,0.007343071788620215,1.9785465334001065e-06,3.7573034151120237,2.2783888488662525,1.628788644887402,3.135689105421827,1.0,-0.23061690519048422,0.8876742547311212,0.17684146241290577,0.7241397704944745,-2.5043723335994725,-2.523618699053792,0.00011962063928949718,0.0,8.549083981568284e-05,1.5272035453595123e-05,-2.885230794996696e-05,-0.0001292776000285656,-3.936833585482802e-05,-0.00010926199087979427
444,0.007306529313489552,0.007306529048360107,1.968307462449197e-06,3.7573034185942658,2.278425391595536,1.6287886729995928,3.1358080800922012,1.0,-0.23053187818406212,0.887689453515877,0.17681274825701646,0.7240111720193262,-2.504411473058253,-2.523727391545906,0.00011897467037425002,0.0,8.502700642210037e-05,1.5198784755865447e-05,-2.8714155889314474e-05,-0.00012859847514834488,-3.913945878064595e-05,-0.000108692492113871
445,0.007270193356157436,0.00727019309247204,1.9579014427255945e-06,3.7573034220531034,2.2784617275405115,1.6287887009504916,3.135926412947958,1.0,-0.23044731200639726,0.8877045794360432,0.17678417152706308,0.7238832484845236,-2.5044503852640627,-2.5238355180034704,0.00011833285575679753,0.0,8.456617766486318e-05,1.5125920166170204e-05,-2.85767299533779e-05,-0.00012792353480262086,-3.8912205809538136e-05,-0.00010812645756441697
446,0.007234062760896075,0.007234062498646174,1.9480098301009635e-06,3.75730342548874,2.2784978581234885,1.6287887287412284,3.136044108109866,1.0,-0.23036320367732396,0.8877196328753687,0.1767557315013392,0.7237559957375586,-2.504489071826504,-2.5239430818646413,0.00011769516190796026,0.0,8.41083290732958e-05,1.5053439325507512e-05,-2.844002572388593e-05,-0.000127252746965012,-3.868656244110369e-05,-0.00010756386117094507
447,0.007198136117784557,0.0071981358569600945,1.9377239920286516e-06,3.757303428901373,2.278533784754389,1.6287887563729235,3.1361611696655047,1.0,-0.23027955024089486,0.8877346142152612,0.17672742746252448,0.7236294096576393,-2.50452753434084,-2.524050086541764,0.00011706155563873111,0.0,8.365343642910417e-05,1.4981339892528034e-05,-2.830403881470822e-05,-0.000126586079919222,-3.8462514336146114e-05,-0.00010700467712254635
448,0.007162412029152816,0.007162411769745588,1.927613659117569e-06,3.7573034322911956,2.2785695088308806,1.6287887838466868,3.136277601669603,1.0,-0.23019634876513262,0.8877495238348041,0.17669925869765238,0.723503486155385,-2.504565774388152,-2.5241565354216142,0.00011643200409805488,0.0,8.320147576224013e-05,1.4909619542868846e-05,-2.816876487210518e-05,-0.00012592350225437698,-3.8240047312232406e-05,-0.00010644887985034046
449,0.007126889109454341,0.0071268888514540866,1.917565815704808e-06,3.7573034356584047,2.2786050317385116,1.6287888111636188,3.136393408144371,1.0,-0.23011359634178455,0.8877643621107734,0.1766712244980781,0.7233782211725234,-2.5046037935354972,-2.5242624318656417,0.00011580647476838735,0.0,8.275242334807031e-05,1.4838275969264458e-05,-2.803419957428388e-05,-0.00012526498286158372,-3.801914734502532e-05,-0.00010589644402747567
450,0.007091565985124876,0.007091565728522548,1.9076978468097004e-06,3.7573034390031887,2.2786403548508445,1.628788838324811,3.136508593079832,1.0,-0.2300312900860801,0.887779129417655,0.1766433241594471,0.7232536106815923,-2.5046415933360606,-2.5243677792102077,0.00011518493546081032,0.0,8.230625570446182e-05,1.4767306881657838e-05,-2.7900338630981736e-05,-0.00012461049093104304,-3.779980056339838e-05,-0.00010534734456602024
451,0.007056441294459509,0.007056441039246007,1.89777856766407e-06,3.7573034423257394,2.278675479529584,1.6287888653313431,3.1366231604341444,1.0,-0.22994942713649152,0.8877938261276618,0.17661555698166356,0.723129650685645,-2.5046791753293096,-2.5244725807668207,0.00011456735431236709,0.0,8.186294958856255e-05,1.469671000675632e-05,-2.7767177783549757e-05,-0.00012395999594727591,-3.758199324899181e-05,-0.00010480155661296564
452,0.0070215136874793764,0.007021513433646561,1.8879247861759909e-06,3.7573034456262415,2.278710407124707,1.6287888921842875,3.136737114133924,1.0,-0.22986800465449772,0.8878084526107495,0.17658792226885944,0.7230063372179584,-2.5047165410411423,-2.5245768398223696,0.00011395369977984515,0.0,8.142248199380364e-05,1.4626483087698539e-05,-2.7634712804119888e-05,-0.00012331346768668094,-3.73657118326598e-05,-0.00010425905554889425
453,0.006986781825812894,0.006986781573350812,1.8781375332600338e-06,3.7573034489048824,2.278745138974587,1.6287889188847062,3.136850458074562,1.0,-0.22978701982435074,0.887823009234634,0.17656041932936353,0.7228836663417445,-2.5047536919840376,-2.5246805596393544,0.00011334394063799991,0.0,8.09848301469851e-05,1.455662388449852e-05,-2.7502939495910317e-05,-0.00012267087621387063,-3.7150942895358696e-05,-0.00010371981698487076
454,0.006952244382558984,0.0069522441314592955,1.868299009640188e-06,3.757303452161843,2.2787796764061232,1.6287889454336526,3.136963196120537,1.0,-0.22970646985284504,0.8878374963648071,0.1765330474756711,0.7227616341498664,-2.5047906296571996,-2.524783743456114,0.00011273804597466963,0.0,8.054997150569454e-05,1.4487130173157503e-05,-2.7371853692420567e-05,-0.00012203219187811865,-3.693767316192975e-05,-0.00010318381675933352
455,0.006917900042171302,0.006917899792425248,1.8587668096440935e-06,3.7573034553973073,2.2788140207348615,1.6287889718321698,3.137075332105724,1.0,-0.22962635196909037,0.8878519143645536,0.1765058060244134,0.7226402367645567,-2.5048273555467033,-2.524886394487049,0.00011213598518722279,0.0,8.011788375467122e-05,1.441799974644109e-05,-2.724145125770905e-05,-0.00012139738530969613,-3.6725889503763653e-05,-0.00010265103093543004
456,0.006883747500336157,0.006883747251934702,1.8491854736197926e-06,3.757303458611453,2.2788481732651156,1.6287889980812926,3.1371868698337013,1.0,-0.2295466634242863,0.8878662635949661,0.17647869429632787,0.7225194703371389,-2.5048638711256372,-2.5249885159228485,0.00011153772797722894,0.0,7.96885448040574e-05,1.4349230412546987e-05,-2.7111728085532638e-05,-0.00012076642741776222,-3.651557893391555e-05,-0.0001021214357992406
457,0.006849785463848381,0.006849785216783031,1.839674935489496e-06,3.757303461804457,2.2788821352900896,1.628789024182047,3.137297813078052,1.0,-0.2294674014915007,0.8878805444149622,0.17645171161622827,0.7223993310477533,-2.504900177854242,-2.5250901109307056,0.00011094324435045877,0.0,7.926193278562366e-05,1.42808199961042e-05,-2.698268009959648e-05,-0.00012013928938559015,-3.63067286048846e-05,-0.00010159500785711373
458,0.006816012650494658,0.006816012404757263,1.8301149747188309e-06,3.7573034649764976,2.2789159080919963,1.6287890501354492,3.1374081655826607,1.0,-0.22938856346544997,0.8878947571812995,0.17642485731297525,0.7222798151050849,-2.5049362771800525,-2.525191182654537,0.00011035250460889046,0.0,7.883802605071488e-05,1.4212766337284855e-05,-2.6854303253026623e-05,-0.00011951594266845778,-3.6099325810390326e-05,-0.00010107172383122531
459,0.006782427788940417,0.006782427544522839,1.8207487337718055e-06,3.757303468127746,2.2789494929421696,1.6287890759425074,3.1375179310620096,1.0,-0.22931014666228286,0.8879089022485915,0.17639813071944718,0.7221609187460948,-2.5049721705380317,-2.5252917342151977,0.00010976547934893333,0.0,7.841680316711397e-05,1.4145067292026248e-05,-2.6726593528064724e-05,-0.00011889635899009487,-3.589335797915538e-05,-0.00010055156066091087
460,0.006749029618605029,0.006749029375497934,1.8114566435835582e-06,3.7573034712583766,2.278982891101191,1.6287891016042215,3.1376271132014693,1.0,-0.22923214841936607,0.8879229799693233,0.17637153117251117,0.722042638235755,-2.505007859350708,-2.525391768710694,0.0001091821394596515,0.0,7.799824291679358e-05,1.4077720731808796e-05,-2.659954693601252e-05,-0.00011828051033979659,-3.56888126762378e-05,-0.00010003449549644827
461,0.006715816889555033,0.00671581664774999,1.8021166420724233e-06,3.7573034743685576,2.279016103818993,1.6287891271215815,3.1377357156575845,1.0,-0.22915456609507306,0.8879369906938667,0.17634505801299435,0.721924969866786,-2.5050433450283074,-2.5254912892163928,0.00010860245611521435,0.0,7.758232429300183e-05,1.4010724543322972e-05,-2.6473159516815503e-05,-0.0001176683689689817,-3.5485677599478294e-05,-9.95205056986137e-05
462,0.006682788362387816,0.006682788121877138,1.7928518346186932e-06,3.757303477458458,2.2790491323349764,1.6287891524955695,3.1378437420583603,1.0,-0.2290773970685753,0.8879509347704954,0.1763187105856555,0.7218079099593975,-2.505078628968887,-2.525590298785229,0.00010802640077578474,0.0,7.716902649776425e-05,1.3944076628691349e-05,-2.634742733884088e-05,-0.00011705990738852812,-3.528394057950024e-05,-9.900956883601708e-05
463,0.0066499428081241724,0.0066499425688993944,1.7836633929547054e-06,3.757303480528245,2.2790819778781213,1.62878917772716,3.13795119600354,1.0,-0.22900063873963597,0.8879648125454005,0.17629248823915677,0.721691454861032,-2.505113712558463,-2.525688800447911,0.00010745394517996942,0.0,7.675832893933032e-05,1.3877774905135531e-05,-2.622234649873878e-05,-0.00011645509836544221,-3.508358957615698e-05,-9.850166268243754e-05
464,0.006617279008093775,0.006617278770146762,1.7744273718125998e-06,3.7573034835780823,2.279114641667097,1.6287892028173176,3.138058081064886,1.0,-0.22892428852840607,0.8879786243627051,0.17626639032603578,0.7215756009461117,-2.5051485971711407,-2.525786797213126,0.0001068850613457073,0.0,7.635021122989749e-05,1.3811817304643093e-05,-2.6097913120998184e-05,-0.00011585391492030528,-3.4884612677643645e-05,-9.799676521460299e-05
465,0.006584795753826037,0.006584795517149079,1.7653945946242581e-06,3.7573034866081345,2.2791471249103736,1.6287892277670006,3.138164400786449,1.0,-0.2288483438752236,0.8879923705644795,0.17624041620267777,0.7214603446157877,-2.5051832841692403,-2.5258842920677367,0.00010631972156316394,0.0,7.594465318247479e-05,1.374620177441166e-05,-2.597412335800242e-05,-0.00011525633032405391,-3.468699809960896e-05,-9.749485461085783e-05
466,0.0065524918469532754,0.006552491611537447,1.7565681968084894e-06,3.757303489618562,2.2791794288063194,1.6287892525771568,3.1382701586848425,1.0,-0.22877280224041416,0.8880060514907556,0.17621456522928838,0.7213456822976922,-2.5052177749034232,-2.525981287976983,0.00010575789839339933,0.0,7.554163480943954e-05,1.3680926276071759e-05,-2.5850973389390797e-05,-0.00011466231809542649,-3.44907341829348e-05,-9.699590924627799e-05
467,0.006520366099088459,0.006520365864926539,1.7474431054915086e-06,3.7573034926095255,2.2792115545433194,1.6287892772487278,3.1383753582495073,1.0,-0.2286976611040949,0.8880196674795415,0.17618883676986627,0.7212316104456945,-2.505252070712814,-2.5260777878846774,0.00010519956466481517,0.0,7.514113631926223e-05,1.3615988785908861e-05,-2.5728459422114103e-05,-0.0001140718519977435,-3.4295809390627596e-05,-9.649990769444727e-05
468,0.0064884173317376805,0.00648841709882134,1.7383978465904855e-06,3.7573034955811826,2.279243503299868,1.6287893017826467,3.138480002942977,1.0,-0.22862291796598017,0.8880332188668362,0.17616323019217614,0.7211181255396579,-2.5052861729251235,-2.526173794713398,0.00010464469346960215,0.0,7.47431381147301e-05,1.3551387294641337e-05,-2.5606577690129306e-05,-0.00011348490603657613,-3.410221230959465e-05,-9.600682872079602e-05
469,0.006456644376184108,0.006456644144505683,1.729562059467878e-06,3.7573034985336897,2.2792752762446815,1.6287893261798392,3.138584096201139,1.0,-0.22854857034518988,0.8880467059866437,0.17613774486772202,0.7210052240852014,-2.505320082856769,-2.526269311364683,0.00010409325816196358,0.0,7.434762079028268e-05,1.3487119807531478e-05,-2.5485324454121994e-05,-0.00011290145445652655,-3.390993164575917e-05,-9.551665128482156e-05
470,0.006425046073392923,0.006425045842944553,1.7208099404876032e-06,3.757303501467202,2.279306874536794,1.6287893504412208,3.138687641433491,1.0,-0.22847461578006015,0.8880601291709876,0.17611238017172062,0.7208929026134626,-2.5053538018129946,-2.526364340719217,0.00010354523235234225,0.0,7.395456512973575e-05,1.3423184343941408e-05,-2.5364696001395348e-05,-0.00011232147173878548,-3.371895622539256e-05,-9.502935453387096e-05
471,0.006393621273909496,0.006393621044683268,1.712142772732747e-06,3.7573035043818743,2.2793382993256603,1.6287893745677027,3.1387906420233986,1.0,-0.22840105182795606,0.8880734887499246,0.17608713548307522,0.720781157680864,-2.5053873310879853,-2.526458885637021,0.00010300058990742045,0.0,7.356395210408873e-05,1.3359578937000016e-05,-2.5244688645398305e-05,-0.00011174493259857865,-3.3529274990673485e-05,-9.454491780402918e-05
472,0.0063623688377597585,0.006362368609748904,1.7033011501056297e-06,3.7573035072778564,2.2793695517512527,1.6287893985601867,3.138893101328343,1.0,-0.22832787606508645,0.8880867850515589,0.17606201018434953,0.7206699858688818,-2.505420671964986,-2.5265529489576384,0.00010245930494434674,0.0,7.317576286960947e-05,1.3296301634269092e-05,-2.5125298725697798e-05,-0.00011117181198228021,-3.3340877000576086e-05,-9.40633206174546e-05
473,0.006331287634353537,0.006331287407549922,1.6946754615857994e-06,3.7573035101552996,2.2794006329441623,1.6287894224195667,3.138995022680173,1.0,-0.22825508608632147,0.888100018402056,0.17603700366174174,0.7205593837838168,-2.5054538257164145,-2.5266465335003168,0.00010192135182984785,0.0,7.27899787649755e-05,1.323335049707719e-05,-2.5006522607784465e-05,-0.00011060208506497027,-3.3153751428649514e-05,-9.358454267838212e-05
474,0.006300376542385759,0.006300376316781579,1.6861373376628531e-06,3.757303513014353,2.2794315440256936,1.6287894461467296,3.13909640938535,1.0,-0.22818267950501192,0.8881131891256563,0.17601211530505903,0.7204493480565692,-2.5054867936039757,-2.5267396420641908,0.00010138670517712,0.0,7.240658130955313e-05,1.3170723600297585e-05,-2.4888356682711832e-05,-0.00011003572724754829,-3.296788756124158e-05,-9.310856387401145e-05
475,0.006269634449741938,0.006269634225330008,1.6774233912792133e-06,3.7573035158551633,2.27946228610796,1.6287894697425556,3.1391972647251905,1.0,-0.22811065395281072,0.8881262975446886,0.1759873445076921,0.7203398753424144,-2.505519576878772,-2.5268322774284613,0.00010085533984049988,0.0,7.202555220120477e-05,1.3108419032348273e-05,-2.4770797366929775e-05,-0.00010947271415484572,-3.2783274796166495e-05,-9.263536427051022e-05
476,0.006239060253405103,0.006239060030177622,1.6689300537111313e-06,3.757303518677875,2.279492860293979,1.6287894932079154,3.139297591956107,1.0,-0.2280390070794965,0.8881393439795843,0.17596269066659004,0.720230962320782,-2.5055521767814137,-2.526924442352572,0.00010032723091635276,0.0,7.164687331420727e-05,1.3046434895636061e-05,-2.465384110206248e-05,-0.00010891302163240635,-3.259990264181667e-05,-9.216492411079358e-05
477,0.006208652859358401,0.006208652637308526,1.6605269958539284e-06,3.7573035214826347,2.279523267677766,1.6287895165436757,3.139397394309844,1.0,-0.2279677365527997,0.8881523287488895,0.17593815318223527,0.7201226056950374,-2.5055845945421287,-2.527016139576387,9.98023537372994e-05,0.0,7.127052669680944e-05,1.2984769305224297e-05,-2.4537484354769656e-05,-0.00010835662574459892,-3.241776071494229e-05,-9.169722381496825e-05
478,0.006178411182499723,0.006178410961619697,1.6520811976834267e-06,3.7573035242695845,2.2795535093444235,1.6287895397506926,3.1394966749937145,1.0,-0.22789684005822997,0.8881652521692796,0.17591373145861877,0.7200148021922658,-2.5056168313808693,-2.5271073718203625,9.928068387043965e-05,0.0,7.089649456973324e-05,1.2923420390054119e-05,-2.442172361649675e-05,-0.00010780350277161954,-3.223683874065131e-05,-9.12322439754476e-05
479,0.006148334146545733,0.006148333926829063,1.6437270919250523e-06,3.757303527038865,2.2795835863702334,1.6287895628298177,3.13959543719083,1.0,-0.2278263152989061,0.8881781145555714,0.17588942490321574,0.719907548563058,-2.505648888507419,-2.5271981417857194,9.87621971155761e-05,0.0,7.052475932387003e-05,1.2862386291834227e-05,-2.430655540303084e-05,-0.0001072536292077153,-3.205712654974491e-05,-9.076996535695159e-05
480,0.006118420683943948,0.00611842046538268,1.6353303096676443e-06,3.7573035297906157,2.2796134998227493,1.6287895857818948,3.1396936840603313,1.0,-0.227756159995388,0.8881909162207369,0.17586523292696105,0.7198008415812998,-2.5056807671214965,-2.5272884521546146,9.82468695012173e-05,0.0,7.015530351808796e-05,1.2801665165484977e-05,-2.4191976254694936e-05,-0.00010670698175829774,-3.187861407738524e-05,-9.031036889517452e-05
481,0.006088669735782898,0.00608866951837036,1.6271631353760007e-06,3.7573035325249773,2.279643250760881,1.6287896086077598,3.1397914187376132,1.0,-0.2276863718855103,0.888203657475916,0.1758411549442251,0.7196946780439619,-2.50571246841286,-2.527378305590306,9.773467728191321e-05,0.0,6.978810987770534e-05,1.2741255179138378e-05,-2.4077982735959402e-05,-0.00010616353733783335,-3.17012913635395e-05,-8.985343569145599e-05
482,0.006059080251706737,0.006059080035435967,1.618817601623417e-06,3.7573035352420856,2.2796728402349844,1.6287896313082426,3.1398886443345497,1.0,-0.227616948724218,0.8882163386304289,0.17581719037279003,0.7195890547708942,-2.5057439935614094,-2.5274677047373215,9.722559693647881e-05,0.0,6.942316129229797e-05,1.2681154512916848e-05,-2.3964571435053372e-05,-0.00010562327306773422,-3.152514854942723e-05,-8.939914701544538e-05
483,0.00602965118982841,0.006029650974691704,1.6107045551387215e-06,3.7573035379420765,2.279702269286947,1.6287896538841662,3.139985363939714,1.0,-0.22754788828340425,0.8882289599917894,0.17579333863382599,0.7194839686046207,-2.505775343737287,-2.527556652221622,9.671960516444145e-05,0.0,6.906044081375629e-05,1.2621361360487526e-05,-2.385173896404802e-05,-0.00010508616627347145,-3.1350175877520314e-05,-8.894748430066102e-05
484,0.0060003815166414865,0.0060003813026324,1.6024118731941585e-06,3.7573035406250845,2.2797315389502733,1.628789676336347,3.1400815806185998,1.0,-0.22747918835174993,0.8882415218657171,0.17576959915186746,0.7193794164101376,-2.5058065201009767,-2.5276451506507653,9.621667888559671e-05,0.0,6.869993165431465e-05,1.2561873927730005e-05,-2.373948195852349e-05,-0.0001045521944831318,-3.117636368976662e-05,-8.849842914315786e-05
485,0.005971270206937154,0.0059712699940489234,1.594493877815825e-06,3.757303543291244,2.2797606502501724,1.628789698665594,3.1401772974138336,1.0,-0.22741084673456477,0.8882540245561502,0.1757459713547901,0.7192753950747133,-2.5058375238034047,-2.5277332026140655,9.571679523379117e-05,0.0,6.834161718516363e-05,1.2502690433069397e-05,-2.3627797077374613e-05,-0.00010402133542430914,-3.1003702428034075e-05,-8.805196330019527e-05
486,0.005942316243726745,0.0059423160319517915,1.586396404503248e-06,3.7573035459406854,2.2797896042036334,1.628789720872711,3.140272517345392,1.0,-0.22734286125363082,0.8882664683652574,0.1757224546737874,0.7191719015076905,-2.505868355986035,-2.527820810682753,9.52199315582547e-05,0.0,6.798548093395196e-05,1.2443809107143267e-05,-2.351668100269988e-05,-0.00010349356702277213,-3.083218263011389e-05,-8.760806868757243e-05
487,0.0059135186181469524,0.005913518407479242,1.578398069961874e-06,3.7573035485735398,2.279818401819518,1.6287897429584937,3.1403672434108105,1.0,-0.22727522974704728,0.8882788535934507,0.17569904854334803,0.7190689326402906,-2.505899017780965,-2.5279079774101323,9.472606541871542e-05,0.0,6.763150658353756e-05,1.2385228193356745e-05,-2.3406130439357353e-05,-0.00010296886739991074,-3.066179493016463e-05,-8.71667273791843e-05
488,0.005884876329391124,0.005884876119823519,1.5705003888913097e-06,3.7573035511899358,2.279847044098633,1.6287897649237315,3.140461478585394,1.0,-0.22720795006907737,0.8882911805393976,0.17567575240123293,0.7189664854254204,-2.5059295103110233,-2.527994705331737,9.42351745836234e-05,0.0,6.727967796990586e-05,1.2326945946883328e-05,-2.3296142115103446e-05,-0.00010244721487018271,-3.049253005826813e-05,-8.672792160480114e-05
489,0.005856388384621962,0.005856388176147381,1.5625627909802988e-06,3.757303553790002,2.2798755320338158,1.6287897867692092,3.140555225822423,1.0,-0.22714102008999704,0.8883034495000326,0.1756525656884527,0.7188645568374804,-2.50595983468986,-2.528080996965485,9.374723702881838e-05,0.0,6.692997908033793e-05,1.2268960634997939e-05,-2.31867127802321e-05,-0.00010192858794000337,-3.0324378836876775e-05,-8.62916337478481e-05
490,0.005828053798893238,0.005828053591505947,1.554727490338541e-06,3.757303556373865,2.279903866610011,1.6287898084957027,3.1406484880533565,1.0,-0.22707443769594504,0.8883156607705698,0.1756294878492453,0.7187631438721757,-2.5059899920220428,-2.528166854811829,9.326223093353292e-05,0.0,6.658239405199495e-05,1.2211270537187957e-05,-2.307783920738049e-05,-0.00010141296530474797,-3.015733218258987e-05,-8.58578463440729e-05
491,0.005799871595073903,0.005799871388766309,1.546852501912388e-06,3.7573035589416506,2.279932048804351,1.6287898301039831,3.140741268188035,1.0,-0.2270082007887751,0.8883278146445143,0.175606518331054,0.7186622435463287,-2.5060199834031454,-2.52825228135391,9.278013467861612e-05,0.0,6.623690716994757e-05,1.2153873944487081e-05,-2.2969518191306992e-05,-0.00010090032584697539,-2.999138110260091e-05,-8.542654208110179e-05
492,0.0057718408037674375,0.005771840598532924,1.539225758149386e-06,3.757303561493482,2.279960079586231,1.6287898515948154,3.1408335691148803,1.0,-0.22694230728590953,0.8883399114136743,0.1755836565845052,0.7185618528976938,-2.5060498099198405,-2.528337279057705,9.23009268452013e-05,0.0,6.589350286556606e-05,1.209676916003044e-05,-2.2861746548807904e-05,-0.00010039064863487379,-2.982651669514169e-05,-8.49977037948868e-05
493,0.0057439604632352845,0.005743960259068132,1.531561035815579e-06,3.7573035640294847,2.2799879599173885,1.6287898729689585,3.1409253937010915,1.0,-0.2268767551201947,0.8883519513681726,0.17556090206338665,0.7184619689847743,-2.5060794726499878,-2.5284218503721747,9.18245862111533e-05,0.0,6.555216571482725e-05,1.2039954498277439e-05,-2.275452111855092e-05,-9.988391291948506e-05,-2.966273014726184e-05,-8.457131446970578e-05
494,0.005716229619325511,0.005716229416218873,1.523712042709047e-06,3.7573035665497785,2.280015690751976,1.628789894227164,3.1410167447928408,1.0,-0.2268115422397579,0.8883639347964584,0.17553825422462596,0.718362588886641,-2.506108972662723,-2.5285059977294093,9.135109174929212e-05,0.0,6.521288043678797e-05,1.198342828578891e-05,-2.2647838760686545e-05,-9.938009813337256e-05,-2.9500012735272918e-05,-8.414735723460964e-05
495,0.005688647325393766,0.005688647123341193,1.5161153485748914e-06,3.7573035690544847,2.280043273036638,1.6287899153701777,3.1411076252154664,1.0,-0.22674666660786622,0.8883758619853185,0.17551571252826903,0.7182637097027526,-2.5061383110185447,-2.5285897235447745,9.088042262561657e-05,0.0,6.487563189169765e-05,1.19271888601169e-05,-2.2541696356931373e-05,-9.887918388840067e-05,-2.9338355821639794e-05,-8.372581536519874e-05
496,0.005661212642231686,0.005661212441227414,1.5084803980404095e-06,3.757303571543722,2.2800707077105806,1.6287899363987413,3.141198037773663,1.0,-0.22668212620278652,0.8883877332198887,0.1754932764374588,0.7181653285527789,-2.5061674887694,-2.5286730302170533,9.041255819663974e-05,0.0,6.454040507969383e-05,1.1871234570248745e-05,-2.243609081023501e-05,-9.838114997362535e-05,-2.9177750855424733e-05,-8.330667227873789e-05
497,0.005633924637992374,0.005633924438029309,1.5009545501346105e-06,3.7573035740176097,2.2800979957056526,1.6287899573135887,3.141287985251671,1.0,-0.22661791901764755,0.8883995487836657,0.17547094541841407,0.7180674425764253,-2.506196506958771,-2.5287559201285874,8.994747800805669e-05,0.0,6.420718513897028e-05,1.1815563776940152e-05,-2.2331019044724565e-05,-9.788597635362883e-05,-2.9018189370955128e-05,-8.288991153415637e-05
498,0.0056067823881208595,0.005606782189193263,1.4935394541414964e-06,3.7573035764762652,2.280125137946407,1.6287899781154478,3.141377470413462,1.0,-0.22655404306030313,0.8884113089585172,0.17544871894040875,0.7179700489332584,-2.506225366621758,-2.528838395645419,8.948516179074772e-05,0.0,6.387595734441698e-05,1.1760174851493943e-05,-2.2226478005316075e-05,-9.739364316685428e-05,-2.885966298693532e-05,-8.247551683160381e-05
499,0.005579784975279433,0.005579784777380775,1.485937936582453e-06,3.7573035789198035,2.2801521353501824,1.6287899988050432,3.1414664960029226,1.0,-0.226490496353197,0.8884230140246938,0.175426596475751,0.717873144802535,-2.5062540687851627,-2.5289204591174266,8.902558946077832e-05,0.0,6.354670710612131e-05,1.1705066176648238e-05,-2.2122464657742258e-05,-9.690413072349635e-05,-2.8702163404670245e-05,-8.206347200756525e-05
500,0.005552931489280221,0.005552931292404524,1.478447527267169e-06,3.757303581348341,2.2801789888271653,1.62879001938309,3.1415550647440393,1.0,-0.2264272769332296,0.8884346642608403,0.17540457749976265,0.7177767273830319,-2.5062826144675703,-2.529002112878465,8.856874111673463e-05,0.0,6.32194199674252e-05,1.1650236146465431e-05,-2.2018975988358225e-05,-9.641741950305871e-05,-2.8545682407621342e-05,-8.165376103841382e-05
501,0.0055262210270158665,0.005526220831156409,1.4713717742363572e-06,3.75730358376199,2.280205699280464,1.6287900398503008,3.141643179341076,1.0,-0.22636438285162544,0.8884462599440055,0.1753826614907589,0.7176807938928774,-2.5063110046794317,-2.5290833592464987,8.811459703661484e-05,0.0,6.289408160414789e-05,1.159568316522197e-05,-2.19160090037529e-05,-9.593349015446506e-05,-2.8390211861406556e-05,-8.12463680337494e-05
502,0.005499652692386289,0.005499652497537842,1.4638068306736837e-06,3.7573035861608655,2.280232267606176,1.6287900602073813,3.1417308424787542,1.0,-0.2263018121738032,0.8884578013496541,0.17536084793002785,0.7175853415693857,-2.506339240423142,-2.529164200523738,8.766313767827327e-05,0.0,6.25706778222268e-05,1.1541405648629599e-05,-2.1813560731054338e-05,-9.545232349172927e-05,-2.823574371024762e-05,-8.08412772390632e-05
503,0.005473225596237565,0.005473225402394011,1.4566599619210978e-06,3.757303588545077,2.280258694693457,1.6287900804550313,3.1418180568224274,1.0,-0.22623956297924602,0.888469288751677,0.1753391363018107,0.7174903676688916,-2.506367322693121,-2.52924463899677,8.721434367320313e-05,0.0,6.224919455719014e-05,1.1487402022836157e-05,-2.1711628217152557e-05,-9.49739004940664e-05,-2.80822699791905e-05,-8.043847303218499e-05
504,0.005446938856291672,0.005446938663446388,1.4493246574150195e-06,3.7573035909147383,2.2802849814245842,1.6287901005939454,3.1419048250182575,1.0,-0.22617763336137411,0.8884807224224018,0.1753175260932816,0.7173958694665881,-2.5063952524758912,-2.5293246769366924,8.676819583008921e-05,0.0,6.192961787190865e-05,1.1433670724869671e-05,-2.1610208529088126e-05,-9.449820230356121e-05,-2.7929782770108602e-05,-8.003793992239494e-05
505,0.005420791597075794,0.005420791405223,1.4422599831299674e-06,3.7573035932699548,2.28031112867503,1.628790120624813,3.141991149693385,1.0,-0.22611602142741827,0.8884921026326039,0.17529601679452808,0.7173018442563646,-2.5064230307501556,-2.5294043165992424,8.632467512770248e-05,0.0,6.16119339558463e-05,1.138021020208324e-05,-2.1509298753524808e-05,-9.402521022350285e-05,-2.7778274264367298e-05,-7.963966254997956e-05
506,0.005394782949865618,0.005394782758999366,1.4350058069830566e-06,3.757303595610837,2.280337137313518,1.6287901405483183,3.142077033456103,1.0,-0.22605472529829526,0.8885034296515163,0.17527460789853136,0.7172082893506483,-2.506450658486873,-2.5294835602249246,8.58837627175646e-05,0.0,6.12961291230063e-05,1.1327018912377085e-05,-2.14088959967218e-05,-9.355490571627545e-05,-2.7627736717494855e-05,-7.924362568223486e-05
507,0.005368912052612233,0.005368911862727449,1.4277147730594279e-06,3.7573035979374945,2.2803630082020967,1.6287901603651394,3.1421624788960214,1.0,-0.22599374310848427,0.8885147037468406,0.17525329890114683,0.7171152020802459,-2.506478136649335,-2.5295624100391403,8.544543991861886e-05,0.0,6.0982189810987464e-05,1.1274095324309563e-05,-2.1308997384533734e-05,-9.308727040235887e-05,-2.7478162461846978e-05,-7.884981421568682e-05
508,0.00534317804988609,0.0053431778609761395,1.4208552171064876e-06,3.757303600250031,2.2803887421961964,1.628790180075949,3.1422474885842377,1.0,-0.22593307300590446,0.888525925184757,0.17523208930108505,0.7170225797941875,-2.5065054661932393,-2.529640868252313,8.500968821634203e-05,0.0,6.067010257981842e-05,1.1221437916431043e-05,-2.1209600061772305e-05,-9.262228605844136e-05,-2.7329543904386355e-05,-7.845821317253865e-05
509,0.005317580092805963,0.005317579904864649,1.4136482746162903e-06,3.7573036025485527,2.2804143401446977,1.6287901996814165,3.142332065073499,1.0,-0.22587271315179458,0.8885370942299347,0.17521097859989238,0.7169304198595721,-2.506532648066765,-2.529718937060012,8.457648926141204e-05,0.0,6.035985410987599e-05,1.1169045177616965e-05,-2.1110701192678105e-05,-9.215993461542116e-05,-2.7181873525794487e-05,-7.806880769933855e-05
510,0.005292117338980238,0.005292117152002551,1.4067201282032633e-06,3.757303604833165,2.280439802889991,1.628790219182203,3.142416210898368,1.0,-0.22581266172059333,0.8885482111455417,0.1751899663019321,0.7168387196614147,-2.506559683210645,-2.529796618643079,8.414582486881983e-05,0.0,6.0051431201246785e-05,1.1116915607067845e-05,-2.1012297960282256e-05,-9.170019815740726e-05,-2.703514388002759e-05,-7.76815830669797e-05
511,0.005266788952445989,0.005266788766425842,1.3997576911232872e-06,3.757303607103972,2.2804651312680395,1.6287902385789668,3.1424999285753814,1.0,-0.2257529168998213,0.8885592761932555,0.17516905191436563,0.716747476602495,-2.5065865725582377,-2.5298739151677476,8.371767701342847e-05,0.0,5.9744820772034135e-05,1.1065047713754161e-05,-2.091438756646191e-05,-9.124305891961004e-05,-2.6889347592540247e-05,-7.72965246684798e-05
512,0.005241594103606451,0.005241593918539197,1.392760449117287e-06,3.7573036093610748,2.280490326108439,1.6287902578723605,3.1425832206032114,1.0,-0.22569347688996397,0.8885702896332722,0.17514823494713383,0.716656688103208,-2.5066133170355984,-2.529950828785765,8.329202782997314e-05,0.0,5.944000985733111e-05,1.101344001674942e-05,-2.0816967231801486e-05,-9.078849928700894e-05,-2.674447736072949e-05,-7.691361801720475e-05
513,0.0052165319691715485,0.005216531785050701,1.3857278749422551e-06,3.7573036116045753,2.2805153882344804,1.6287902770630311,3.142666089462824,1.0,-0.22563433990435627,0.8885812517243175,0.17512751491293857,0.7165663516014151,-2.5066399175615506,-2.530027361634512,8.286885961261703e-05,0.0,5.913698560769398e-05,1.096209104523016e-05,-2.0720034195259585e-05,-9.03365017929092e-05,-2.660052595215845e-05,-7.65328487473127e-05
514,0.005191601732097859,0.005191601548917216,1.3791425183019047e-06,3.757303613834575,2.280540318463207,1.6287902961516214,3.1427485376176336,1.0,-0.22557550416906827,0.8885921627236553,0.1751068913272243,0.7164764645522979,-2.5066663750477547,-2.530103515837124,8.244815480962231e-05,0.0,5.883573528800423e-05,1.0910999337809812e-05,-2.0623585714280024e-05,-8.988704911727652e-05,-2.6457486204112257e-05,-7.61542026119777e-05
515,0.005166802581525346,0.005166802399280441,1.3722019711997797e-06,3.757303616051173,2.280565117605477,1.6287903151387686,3.142830567513659,1.0,-0.22551696792279213,0.8886030228870986,0.17508636370815975,0.7163870244282131,-2.506692690398777,-2.5301792935026044,8.202989602557054e-05,0.0,5.8536246276136294e-05,1.0860163443315862e-05,-2.0527619064542035e-05,-8.944012408473867e-05,-2.6315351022265787e-05,-7.577766548028109e-05
516,0.0051421337127291996,0.005142133531414058,1.3653887735553022e-06,3.757303618254468,2.2805897864660163,1.6287903340251049,3.142912181579676,1.0,-0.2254587294167301,0.8886138324690183,0.17506593157662012,0.7162980287185488,-2.5067188645121576,-2.530254696725943,8.161406601692178e-05,0.0,5.823850606204162e-05,1.0809581919679623e-05,-2.0432131539627196e-05,-8.899570966436343e-05,-2.617411338068365e-05,-7.540322333854377e-05
517,0.005117594327050843,0.005117594146660673,1.3587048411435775e-06,3.757303620444559,2.280614325843482,1.6287903528112586,3.142993382227368,1.0,-0.22540078691448423,0.8886245917223532,0.17504559445616888,0.7162094749295821,-2.5067448982784786,-2.5303297275882315,8.120064769201463e-05,0.0,5.794250224586128e-05,1.0759253334935437e-05,-2.0337120451241475e-05,-8.8553788966661e-05,-2.6033766320932017e-05,-7.503086228854983e-05
518,0.005093183631850282,0.00509318345237853,1.3519878652351641e-06,3.7573036226215426,2.2806387365305154,1.6287903714978522,3.1430741718514756,1.0,-0.22534313869194644,0.8886353008986195,0.1750253518730403,0.7161213605843386,-2.5067707925814298,-2.530404388156777,8.078962410751345e-05,0.0,5.764822253778723e-05,1.0709176266332499e-05,-2.0242583128576852e-05,-8.811434524347295e-05,-2.589430295119044e-05,-7.46605685453261e-05
519,0.00506890084044202,0.005068900661884216,1.345402400528975e-06,3.7573036247855147,2.2806630193138,1.6287903900855039,3.143154552829945,1.0,-0.22528578303719077,0.8886459602479202,0.17500520335612146,0.7160336832224531,-2.5067965482978742,-2.530478680485213,8.03809784692966e-05,0.0,5.735565475567528e-05,1.065934930066792e-05,-2.0148516918838677e-05,-8.767736188552977e-05,-2.5755716444475496e-05,-7.4292328436254e-05
520,0.005044745172045568,0.005044744994396269,1.33878454239475e-06,3.75730362693657,2.280687174974117,1.6287904085748273,3.1432345275240747,1.0,-0.2252287182503661,0.8886565700189542,0.17498514843693502,0.7159464404000316,-2.5068221662979138,-2.530552606613615,7.997469412979186e-05,0.0,5.7064786824656544e-05,1.0609771033953663e-05,-2.0054919186440756e-05,-8.724282242145165e-05,-2.5618000039528965e-05,-7.392612840195767e-05
521,0.005020715851727677,0.005020715674980548,1.3319671142153857e-06,3.757303629074806,2.2807112042864,1.6287904269664315,3.14331409827866,1.0,-0.2251719426435902,0.8886671304590259,0.1749651866496217,0.7158596296895152,-2.506847647444953,-2.5306261685686064,7.957075458531193e-05,0.0,5.67756067759162e-05,1.056044007174961e-05,-1.9961787313310664e-05,-8.68107105164162e-05,-2.5481147039041474e-05,-7.356195499141904e-05
522,0.004996812110345291,0.004996811934496062,1.3254497026168534e-06,3.7573036312003114,2.28073510801979,1.6287904452609192,3.1433932674221357,1.0,-0.2251154545408448,0.8886776418140546,0.17494531753092327,0.7157732486795446,-2.5068729925957625,-2.530699368363471,7.916914347561033e-05,0.0,5.648810274538896e-05,1.0511355028719471e-05,-1.9869118698445654e-05,-8.638100997060416e-05,-2.5345150809652495e-05,-7.319979486464234e-05
523,0.004973033184495741,0.00497303300953945,1.319068430443545e-06,3.757303633313182,2.28075888693769,1.6287904634588912,3.143472037266719,1.0,-0.22505925227787243,0.8886881043285829,0.17492554062016522,0.7156872949748267,-2.5068982026005426,-2.530772207998261,7.876984458343728e-05,0.0,5.62022629723713e-05,1.0462514528297717e-05,-1.9776910758051436e-05,-8.595370471786712e-05,-2.521000478017399e-05,-7.283963478998956e-05
524,0.004949378316464877,0.004949378142395695,1.3126561370817912e-06,3.757303635413509,2.280782541797815,1.6287904815609415,3.143550410108549,1.0,-0.2250033342020733,0.8886985182457866,0.17490585545924,0.7156017661960024,-2.5069232783029842,-2.530844689459903,7.837284183009885e-05,0.0,5.591807579913288e-05,1.0413917203688783e-05,-1.968516092520911e-05,-8.552877882439525e-05,-2.507570244159041e-05,-7.248146164196001e-05
525,0.004925846754168847,0.004925846580982163,1.3062123656757285e-06,3.7573036375013835,2.280806073352247,1.628790499567661,3.143628388227826,1.0,-0.22494769867240408,0.8887088838074829,0.17488626159259013,0.7155166599795146,-2.5069482205403304,-2.5309168147223047,7.797811927678922e-05,0.0,5.563552966922347e-05,1.0365561696312753e-05,-1.959386664987517e-05,-8.51062164877181e-05,-2.4942237346170515e-05,-7.212526240163442e-05
526,0.004902437751104508,0.004902437578794428,1.2997366480444707e-06,3.7573036395768953,2.2808294823474906,1.6287905174796364,3.1437059738889483,1.0,-0.22489234405927763,0.8887192012541402,0.1748667585671915,0.7154319739774804,-2.5069730301434383,-2.530988585746461,7.75856611223702e-05,0.0,5.535461312644596e-05,1.0317446657248652e-05,-1.950302539863169e-05,-8.468600203426213e-05,-2.480960310791147e-05,-7.177102415623082e-05
527,0.004879150566301156,0.004879150394862749,1.2934001907783295e-06,3.757303641640134,2.280852769524515,1.6287905352974479,3.143783169340649,1.0,-0.22483726874446344,0.8887294708248863,0.1748473459325368,0.7153477058575609,-2.5069977079368373,-2.531060004480556,7.719545170070674e-05,0.0,5.507531481419026e-05,1.0269570746124224e-05,-1.9412634654686345e-05,-8.42681199194617e-05,-2.4677793398986125e-05,-7.14187340951078e-05
528,0.00485598446426385,0.004855984293692561,1.2870325375610993e-06,3.757303643691189,2.280875935618815,1.6287905530216735,3.143859976816129,1.0,-0.22478247112098954,0.8887396927575172,0.17482802324061933,0.715263853302835,-2.5070222547387897,-2.5311310728600684,7.680747547977873e-05,0.0,5.479762347390671e-05,1.0221932630893882e-05,-1.9322691917483814e-05,-8.385255472587172e-05,-2.454680195240755e-05,-7.106837951242895e-05
529,0.004832938714927868,0.004832938545218741,1.2806332230488577e-06,3.757303645730147,2.2808989813604548,1.6287905706528856,3.1439363985331905,1.0,-0.22472794959304518,0.8887498672885062,0.17480879004591637,0.7151804140116738,-2.507046671361349,-2.531201792807872,7.6421717061681e-05,0.0,5.452152794435672e-05,1.017453098905996e-05,-1.923319470295559e-05,-8.343929116128024e-05,-2.4416622559364498e-05,-7.071994780361024e-05
530,0.004810012593608011,0.004810012424755412,1.2745502460208264e-06,3.7573036477570945,2.2809219074741205,1.6287905881916538,3.14401243669437,1.0,-0.2246737025758848,0.8887599946530121,0.1747896459053733,0.7150973856976152,-2.507070958610417,-2.5312721662343374,7.603816117951467e-05,0.0,5.4247017160391486e-05,1.0127364505896352e-05,-1.9144140543075894e-05,-8.302831405859745e-05,-2.428724906788915e-05,-7.037342646531997e-05
531,0.0047872053809464,0.004787205212946221,1.2682630318972254e-06,3.7573036497721195,2.280944714679168,1.6287906056385408,3.1440880934870674,1.0,-0.2246197284957326,0.8887700750848884,0.17477059037838735,0.7150147660892415,-2.5070951172858025,-2.5313421950374315,7.565679269738723e-05,0.0,5.3974080152174864e-05,1.0080431876224871e-05,-1.9055526985944926e-05,-8.261960837363524e-05,-2.4158675385521633e-05,-7.00288030941465e-05
532,0.004764516362869441,0.00476451619571592,1.2619444942320307e-06,3.757303651775306,2.2809674036896728,1.6287906229941076,3.1441633710836743,1.0,-0.22456602578968865,0.8887801088166908,0.17475162302679187,0.714932552930057,-2.5071191481812773,-2.531411881102817,7.527759660685973e-05,0.0,5.37027060439621e-05,1.0033731802416845e-05,-1.8967351595483573e-05,-8.221315918455208e-05,-2.403089547486914e-05,-6.9686065385266e-05
533,0.004741944830531647,0.004741944664220638,1.2555941601361204e-06,3.757303653766739,2.280989975214478,1.62879064025891,3.144238271641703,1.0,-0.2245125929056354,0.8887900960796866,0.17473274341484038,0.7148507439783667,-2.5071430520846323,-2.5314812263039497,7.49005580287232e-05,0.0,5.343288405323943e-05,9.98726299583641e-06,-1.8879611951488906e-05,-8.180895169029867e-05,-2.3903903354938194e-05,-6.934520113288656e-05
534,0.004719490080278149,0.004719489914804353,1.2495669897340532e-06,3.7573036557465023,2.2810124299572396,1.6287906574334998,3.144312797303912,1.0,-0.22445942830214585,0.8888000371038629,0.17471395110919105,0.7147693370071574,-2.507166829777733,-2.531550232502177,7.452566220900181e-05,0.0,5.3164603489558315e-05,9.941024176285396e-06,-1.8792305649328878e-05,-8.140697120928575e-05,-2.3777693100690556e-05,-6.900619822713949e-05
535,0.004697151413588494,0.004697151248946937,1.2436891564647364e-06,3.757303657714679,2.2810347686164776,1.6287906745184246,3.14438695019843,1.0,-0.22440653044839182,0.8888099321179342,0.17469524567889116,0.7146883298039789,-2.5071904820365734,-2.531618901546833,7.415289451806473e-05,0.0,5.2897853754035884e-05,9.895014071337194e-06,-1.8705430299886805e-05,-8.100720317849586e-05,-2.3652258840378693e-05,-6.866904465629986e-05
536,0.004674928137033918,0.004674927973220636,1.2374245817677986e-06,3.757303659671352,2.2810569918856194,1.6287906915142276,3.144460732438882,1.0,-0.22435389782405404,0.8888197813493518,0.1746766266953615,0.7146077201708266,-2.5072140096313325,-2.5316872352753346,7.378224045195836e-05,0.0,5.2632624337772826e-05,9.849231417558002e-06,-1.8618983529672395e-05,-8.06096331522621e-05,-2.352759475909849e-05,-6.833372850145736e-05
537,0.00465281956223521,0.004652819399244325,1.2316690873964506e-06,3.7573036616166022,2.281079100453046,1.628790708421449,3.144534146124509,1.0,-0.22430152891923272,0.8888295850243108,0.17465809373238125,0.7145275059240255,-2.507237413326425,-2.5317552355132737,7.341368562707729e-05,0.0,5.236890482132606e-05,9.803674958952513e-06,-1.8532962980238876e-05,-8.021424680115796e-05,-2.3403695092572008e-05,-6.800023793918086e-05
538,0.004630825005809064,0.004630824843636884,1.2255242583127841e-06,3.7573036635505117,2.281101095002138,1.6287907252406242,3.144607193340291,1.0,-0.224249422234359,0.8888393433677589,0.17463964636607276,0.7144476848941151,-2.507260693880557,-2.531822904074514,7.304721578194062e-05,0.0,5.210668487370951e-05,9.758343448185158e-06,-1.844736630848831e-05,-7.982102991033191e-05,-2.328055413203245e-05,-6.766856124018616e-05
539,0.004608943789328775,0.004608943627970562,1.2197126108218667e-06,3.7573036654731604,2.2811229762113236,1.628790741972284,3.1446798761570656,1.0,-0.2241975762801076,0.8888490566034046,0.17462128417488645,0.714368254925736,-2.5072838520467764,-2.53189024276128,7.268281677452748e-05,0.0,5.184595425139493e-05,9.713235645691931e-06,-1.8362191186310772e-05,-7.942996837917438e-05,-2.3158166219339194e-05,-6.733868676622734e-05
540,0.0045871752392787485,0.00458717507872924,1.2136902030884316e-06,3.757303667384627,2.281144744754118,1.6287907586169579,3.144752196631647,1.0,-0.2241459895773101,0.8888587249537245,0.1746030067395859,0.7142892138775161,-2.5073068885725256,-2.531957253364252,7.23204745813888e-05,0.0,5.158670279750699e-05,9.66835031990243e-06,-1.8277435300556588e-05,-7.904104821987445e-05,-2.3036525749198233e-05,-6.701060297187311e-05
541,0.0045655186870107,0.004565518527265791,1.207637762388947e-06,3.7573036692849917,2.281166401299169,1.628790775175168,3.1448241568069437,1.0,-0.22409466065686934,0.8888683486399721,0.1745848136432329,0.7142105596219605,-2.5073298041996934,-2.5320239376626534,7.196017529675913e-05,0.0,5.132892044076853e-05,9.623686247572927e-06,-1.8193096353008587e-05,-7.865425555564354e-05,-2.291562716782991e-05,-6.668429840139822e-05
542,0.004543973468696829,0.004543973309751463,1.2017396184001663e-06,3.757303671174331,2.281187946510304,1.6287907916474351,3.144895758712074,1.0,-0.2240435880596744,0.8888779278821848,0.17456670447117298,0.7141322900453394,-2.507352599664664,-2.5320902974243427,7.160190513033626e-05,0.0,5.10725971949455e-05,9.579242212676142e-06,-1.810917205991025e-05,-7.826957662104839e-05,-2.279546497074847e-05,-6.635976168922753e-05
543,0.004522538925291908,0.004522538767141671,1.195998053897757e-06,3.7573036730527227,2.281209381046568,1.6287908080342752,3.144967004362482,1.0,-0.223992770336517,0.8888874628991922,0.17454867881102057,0.7140544030475798,-2.507375275698369,-2.532156334405902,7.124565040816933e-05,0.0,5.081772315740363e-05,9.535017007400448e-06,-1.8025660152409806e-05,-7.788699775956864e-05,-2.26760337049825e-05,-6.603698155949189e-05
544,0.00450121440248542,0.004501214245126273,1.1902287928889415e-06,3.7573036749202458,2.281230705562271,1.6287908243362008,3.1450378957600518,1.0,-0.2239422060480082,0.888896953908624,0.17453073625264454,0.7139768965421567,-2.507397833026336,-2.532222050352726,7.089139756955021e-05,0.0,5.056428850877537e-05,9.4910094318168e-06,-1.794255837603287e-05,-7.750650542315274e-05,-2.25573279668545e-05,-6.571594682380777e-05
545,0.004479999250665798,0.004479999094092703,1.184431430652071e-06,3.757303676776974,2.2812519207070254,1.6287908405537204,3.1451084348932166,1.0,-0.22389189376449606,0.8889064011269172,0.17451287638815402,0.7138997684559854,-2.5074202723687375,-2.5322874469991064,7.05391331647931e-05,0.0,5.0312283512155e-05,9.4472182932126e-06,-1.785986449051591e-05,-7.712808617132971e-05,-2.2439342401536777e-05,-6.5396646380389e-05
546,0.004458892824870558,0.0044588926690793396,1.1786055525115927e-06,3.7573036786229834,2.2812730271257924,1.6287908566873386,3.1451786237370754,1.0,-0.22384183206598446,0.8889158047693241,0.17449509881188385,0.7138230167293158,-2.5074425944404406,-2.5323525260683217,7.018884385878721e-05,0.0,5.0061698511599806e-05,9.403642406868862e-06,-1.7777576270167073e-05,-7.675172666954388e-05,-2.232207170305145e-05,-6.507906921537909e-05
547,0.004437894484753346,0.004437894329739541,1.1729400547835561e-06,3.75730368045835,2.2812940254589185,1.628790872737558,3.1452484642534992,1.0,-0.22379201954205252,0.8889251650499196,0.1744774031203806,0.713746639315627,-2.507464799951053,-2.5324172892727215,6.984051642389133e-05,0.0,4.9812523931935804e-05,9.360280595505088e-06,-1.7695691503255562e-05,-7.637741368882178e-05,-2.2205510612494095e-05,-6.476320439974259e-05
548,0.004417003594536409,0.004417003440295899,1.1672470586041958e-06,3.7573036822831463,2.281314916342181,1.6287908887048745,3.145317958391243,1.0,-0.22374245479177474,0.8889344821816091,0.17445978891238845,0.7136706341815225,-2.5074868896049725,-2.5324817383138103,6.949413774393065e-05,0.0,4.9564750277786285e-05,9.317131689501323e-06,-1.761420799215041e-05,-7.600513410443988e-05,-2.2089653919366015e-05,-6.444904108882099e-05
549,0.004396219522974988,0.004396219369502495,1.1615261596385342e-06,3.7573036840974465,2.2813357004068253,1.6287909045897833,3.145387108086053,1.0,-0.22369313642364216,0.8889437563761355,0.17444225578883527,0.713594999306628,-2.5075088641014327,-2.532545874882333,6.914969480975586e-05,0.0,4.931836813257262e-05,9.27419452645406e-06,-1.7533123553181706e-05,-7.563487489459231e-05,-2.1974496460241966e-05,-6.413656852277683e-05
550,0.0043755416433123645,0.004375541490604929,1.1559690447581144e-06,3.7573036859013236,2.281356378279606,1.6287909203927746,3.145455915260772,1.0,-0.22364406305548434,0.888952987844087,0.1744248033528187,0.713519732683488,-2.5075307241345506,-2.5326097006583574,6.880717471924314e-05,0.0,4.9073368157820374e-05,9.231467951509309e-06,-1.7452436016557327e-05,-7.526662313994681e-05,-2.1860033117881983e-05,-6.382577602437323e-05
551,0.004354969333249254,0.004354969181301686,1.1503850856792836e-06,3.7573036876948485,2.2813769505828243,1.628790936114335,3.145524381825449,1.0,-0.2235952333143919,0.8889621767949042,0.17440743120959257,0.7134448323174655,-2.5075524703933714,-2.5326732173113564,6.846656467685008e-05,0.0,4.882974109243765e-05,9.188950817140551e-06,-1.737214322614089e-05,-7.490036602253447e-05,-2.174625882078729e-05,-6.351665299897391e-05
552,0.004334501974892563,0.004334501823700167,1.144773889581553e-06,3.7573036894780953,2.2813974179343726,1.6287909517549477,3.145592509677441,1.0,-0.22354664583664,0.8889713234368871,0.1743901389665531,0.7133702962266413,-2.507574103561914,-2.5327364265002905,6.812785199183935e-05,0.0,4.858747775191019e-05,9.146641982926695e-06,-1.7292243039479516e-05,-7.453609082419543e-05,-2.163316854275621e-05,-6.32091889340991e-05
553,0.004314138954727101,0.004314138804286499,1.1391350539694682e-06,3.757303691251134,2.2814177809477645,1.628790967315093,3.1456603007015183,1.0,-0.2234982992676126,0.8889804279772031,0.17437292623322545,0.7132961224417144,-2.507595624319217,-2.532799329873688,6.779102407739046e-05,0.0,4.834656902738543e-05,9.104540315996168e-06,-1.7212733327637286e-05,-7.417378492691196e-05,-2.1520757302884164e-05,-6.290337339764918e-05
554,0.00429387966357078,0.0042938795138780066,1.1336640478140863e-06,3.7573036930140336,2.2814380402321826,1.628790982795248,3.1457277567699666,1.0,-0.22345019226172738,0.8889894906218936,0.1743557926212504,0.7132223090059041,-2.5076170333393826,-2.532861929069725,6.745606844837937e-05,0.0,4.8107005885228427e-05,9.0626446904718e-06,-1.7133611975056473e-05,-7.38134358102549e-05,-2.1409020165563675e-05,-6.259919603701647e-05
555,0.004273723496543365,0.004273723347593026,1.128166510507387e-06,3.7573036947668657,2.2814581963925082,1.6287909981958846,3.1457948797426902,1.0,-0.22340232348236166,0.8889985115758812,0.17433873774437073,0.7131488539748526,-2.50763833129162,-2.532924225716305,6.71229727235989e-05,0.0,4.786877936571732e-05,9.020953987581848e-06,-1.7054876879668557e-05,-7.345503105149476e-05,-2.129795223737574e-05,-6.229664657997347e-05
556,0.004253669853018535,0.004253669704807373,1.1226420522831889e-06,3.757303696509698,2.2814782500293656,1.6287910135174728,3.145861671467311,1.0,-0.2233546916017787,0.8890074910429769,0.17432176121841828,0.713075755416528,-2.5076595188402897,-2.5329862214311376,6.67917246208738e-05,0.0,4.7631880582960084e-05,8.979467095771021e-06,-1.697652595245014e-05,-7.309855832460244e-05,-2.1187548669754364e-05,-6.199571483245236e-05
557,0.004233718136599019,0.004233717989122377,1.1174877440484553e-06,3.7573036982426014,2.281498201739153,1.628791028760479,3.14592813377927,1.0,-0.22330729530105503,0.8890164292258871,0.17430486266130077,0.7130030114111291,-2.507680596644947,-2.5330479178218157,6.6462311958837e-05,0.0,4.739630072367329e-05,8.938182910145365e-06,-1.6898557117506208e-05,-7.274400539891701e-05,-2.107780465721021e-05,-6.169639067810095e-05
558,0.0042138677550712595,0.004213867608325351,1.11210990888156e-06,3.757303699965641,2.281518052114083,1.6287910439253663,3.145994268501924,1.0,-0.22326013327000835,0.8890253263262202,0.1742880416929887,0.7129306200509904,-2.507701565360383,-2.533109316485894,6.613472265426523e-05,0.0,4.7162031046682484e-05,8.897100333138397e-06,-1.682096831207014e-05,-7.239136013870162e-05,-2.096871543599832e-05,-6.139866407828265e-05
559,0.004194118120372011,0.0041941179743531795,1.106505287631626e-06,3.7573037016788864,2.2815378017422185,1.6287910590125938,3.1460600774466463,1.0,-0.22321320420712645,0.8890341825444943,0.17427129793550228,0.7128585794404889,-2.507722425636669,-2.533170419010964,6.580894472207888e-05,0.0,4.6929062881895245e-05,8.856218274067018e-06,-1.674375748642043e-05,-7.204061050147814e-05,-2.0860276285894486e-05,-6.110252506985603e-05
560,0.004174468648554761,0.004174468503258125,1.1012754569591768e-06,3.7573037033824046,2.281557451207507,1.628791074022619,3.1461255624129207,1.0,-0.22316650681949618,0.889042998080143,0.17425463101289904,0.7127868876959508,-2.507743178119196,-2.53323122697473,6.548496627445388e-05,0.0,4.6697387630273424e-05,8.815535648687423e-06,-1.6666922603242318e-05,-7.16917445381382e-05,-2.0752482527086613e-05,-6.080796376606301e-05
561,0.004154918759748682,0.004154918615170522,1.096223244532969e-06,3.7573037050762603,2.2815770010898184,1.6287910889558936,3.1461907251884393,1.0,-0.22312003982273387,0.8890517731315232,0.17423804055126066,0.7127155429455592,-2.5077638234487174,-2.533291741945085,6.516277551860128e-05,0.0,4.646699676230659e-05,8.775051380194299e-06,-1.6590461638377185e-05,-7.134475039161092e-05,-2.0645329521506994e-05,-6.0514970355196596e-05
562,0.004135467878128232,0.004135467734265024,1.0905369796474512e-06,3.757303706760521,2.2815964519649774,1.6287911038128688,3.1462555675491966,1.0,-0.22307380194091614,0.8890605078959212,0.17422152617868056,0.7126445433292635,-2.507784362261389,-2.533351965480185,6.484236075721128e-05,0.0,4.623788181773447e-05,8.734764397999584e-06,-1.651437258010091e-05,-7.099961629564167e-05,-2.053881267150004e-05,-6.022353509971268e-05
563,0.004116115431878741,0.00411611528872597,1.0854347855731968e-06,3.7573037084352503,2.2816158044047996,1.628791118593991,3.1463200912595832,1.0,-0.22302779190651104,0.8890692025695597,0.1742050875252513,0.712573886998689,-2.50780479518881,-2.5334118991285206,6.452371038667692e-05,0.0,4.601003440510287e-05,8.69467363850962e-06,-1.643865342926265e-05,-7.065633057456999e-05,-2.0432927421154545e-05,-5.993364833578596e-05
564,0.004096860853156788,0.004096860710710078,1.0803084945912802e-06,3.7573037101005133,2.281635058977128,1.6287911332997025,3.1463842980724808,1.0,-0.2229820084603106,0.8890778573476045,0.17418872422305198,0.712503572117047,-2.5078251228580637,-2.533471544428992,6.420681289753816e-05,0.0,4.57834462004314e-05,8.654778044792089e-06,-1.636330219931259e-05,-7.03148816419974e-05,-2.0327669253639158e-05,-5.96453004715336e-05
565,0.00407770357806051,0.0040777034363166905,1.0749512193722905e-06,3.7573037117563755,2.2816542162458635,1.6287911479304458,3.1464481897293517,1.0,-0.22293645035136347,0.8890864724241706,0.17417243590613615,0.7124335968590468,-2.5078453458917545,-2.533530902910981,6.389165687092913e-05,0.0,4.5558108947130194e-05,8.615076566131918e-06,-1.6288316915830103e-05,-6.997525800012117e-05,-2.0223033690758285e-05,-5.935848198879157e-05
566,0.004058643046596237,0.004058642905551361,1.0697746930002227e-06,3.7573037134028993,2.281673276771,1.6287911624866567,3.146511767960332,1.0,-0.22289111633690833,0.8890950479923296,0.17415622221051938,0.7123639594108078,-2.507865464908049,-2.5335899760944214,6.357823098035453e-05,0.0,4.5334014455139515e-05,8.575568159030489e-06,-1.621369561677355e-05,-6.963744823906826e-05,-2.0119016294728453e-05,-5.9073183440450094e-05
567,0.0040396787026428065,0.004039678562292544,1.064781551656168e-06,3.757303715040147,2.281692241108659,1.6287911769687702,3.1465750344843215,1.0,-0.22284600518230815,0.8891035842441154,0.1741400827741671,0.7122946579697719,-2.507885480520716,-2.5336487654898714,6.326652398946919e-05,0.0,4.5111154600180337e-05,8.536251785762339e-06,-1.6139436352285985e-05,-6.930144103589608e-05,-2.001561266684604e-05,-5.878939545000961e-05
568,0.0040208099939204114,0.004020809854260957,1.0597648851093875e-06,3.7573037166681824,2.2817111098111194,1.6287911913772173,3.146637991009073,1.0,-0.2228011156609851,0.889112081370531,0.17412401723698245,0.7122256907446184,-2.507905393339161,-2.5337072725985834,6.295652475163394e-05,0.0,4.4889521323060455e-05,8.497126415596412e-06,-1.6065537184639656e-05,-6.89672251534823e-05,-1.9912818444822733e-05,-5.85071087120248e-05
569,0.004002036371952716,0.004002036232981386,1.0545138128372998e-06,3.7573037182870683,2.2817298834268565,1.6287912057124263,3.1467006392312813,1.0,-0.22275644655435559,0.8891205395615551,0.17410802524079447,0.7121570559551779,-2.5079252039684676,-2.533765498912573,6.264822220813926e-05,0.0,4.466910662950796e-05,8.458191024129924e-06,-1.599199618798619e-05,-6.863478944052481e-05,-1.9810629306782346e-05,-5.8226313989440115e-05
570,0.003983357292046738,0.003983357153758709,1.0494480646645913e-06,3.757303719896863,2.281748562500565,1.6287912199748225,3.146762980836669,1.0,-0.22271199665176658,0.8891289590061481,0.17409210642934614,0.7120887518323477,-2.5079449130094336,-2.533823445914688,6.234160538776123e-05,0.0,4.44499025890055e-05,8.419444592955294e-06,-1.591881144832885e-05,-6.830412283020948e-05,-1.9709040965931734e-05,-5.7947002115366075e-05
571,0.003964772213245902,0.003964772075637474,1.0443577449283616e-06,3.757303721497631,2.2817671475732006,1.628791234164828,3.146825017500078,1.0,-0.22266776475043248,0.8891373398922586,0.17407626044828226,0.7120207766180088,-2.507964521058608,-2.5338811150786786,6.203666340898195e-05,0.0,4.423190133409638e-05,8.380886110548325e-06,-1.5845981063883352e-05,-6.797521433887788e-05,-1.9608049174557607e-05,-5.7669163990414773e-05
572,0.00394628059830957,0.003946280461377041,1.0396697248526332e-06,3.75730372308943,2.2817856391820035,1.628791248282862,3.1468867508855505,1.0,-0.22262374965537213,0.8891456824068297,0.17406048694513812,0.7119531285649422,-2.507984028708328,-2.533938507869263,6.173338547244e-05,0.0,4.4015095060356835e-05,8.342514571046955e-06,-1.577350314413417e-05,-6.764805306658239e-05,-1.950764972002972e-05,-5.7392790584476217e-05
573,0.003927881913675466,0.003927881777414717,1.0347459035669562e-06,3.757303724672322,2.281804037860536,1.6287912623293406,3.1469481826464176,1.0,-0.22257995017934676,0.889153986735805,0.17404478556932762,0.7118858059367469,-2.508003436546756,-2.5339956257421954,6.143176086714774e-05,0.0,4.3799476025369044e-05,8.304328975361486e-06,-1.5701375810500684e-05,-6.732262819530987e-05,-1.9407838427909496e-05,-5.7117872932277436e-05
574,0.003909575629431028,0.003909575493839557,1.0297985400659894e-06,3.757303726246365,2.2818223441387095,1.6287912763046777,3.147009314425382,1.0,-0.2225363651427985,0.8891622530641351,0.17402915597213184,0.7118188070077582,-2.5080227451579145,-2.5340524701443323,6.113177896427402e-05,0.0,4.35850365482493e-05,8.266328330064354e-06,-1.5629597195782052e-05,-6.699892898864857e-05,-1.9308611158397326e-05,-5.68444021369352e-05
575,0.0038913612192835443,0.003891361084356388,1.0246106051010988e-06,3.7573037278116197,2.2818405585428185,1.628791290209284,3.1470701478546026,1.0,-0.22249299337378975,0.8891704815757835,0.1740135978066875,0.7117521300629677,-2.5080419551217217,-2.534109042513699,6.08334292206969e-05,0.0,4.337176900875983e-05,8.228511648389336e-06,-1.5558165444351513e-05,-6.667694479056685e-05,-1.920996380722073e-05,-5.65723693668474e-05
576,0.003873238160528184,0.00387323802626228,1.0198318143051514e-06,3.757303729368143,2.281858681595566,1.6287913040435666,3.1471306845557767,1.0,-0.2224498337079424,0.8891786724537328,0.1739981107279755,0.7116857733979424,-2.508061067014028,-2.5341653442795553,6.053670117411869e-05,0.0,4.315966584733655e-05,8.190877949343367e-06,-1.5487078711989843e-05,-6.635666502530224e-05,-1.911189230652255e-05,-5.630176585613711e-05
577,0.0038552059340185726,0.0038552058004101223,1.015030525083967e-06,3.7573037309159947,2.2818767138160987,1.6287913178079316,3.147190926140223,1.0,-0.22240688498837868,0.8891868258799905,0.17398269439280972,0.711619735318746,-2.5080800814066504,-2.5342213768624577,6.0241584446174556e-05,0.0,4.294871956372903e-05,8.153426257706542e-06,-1.5416335165774342e-05,-6.603807919636218e-05,-1.9014392622196397e-05,-5.603258290243218e-05
578,0.0038372640241347345,0.0038372638911806545,1.0099865915078679e-06,3.7573037324552296,2.281894655720036,1.6287913315027798,3.1472508742089604,1.0,-0.22236414606566143,0.8891949420355955,0.17396734845982573,0.7115540141418605,-2.508098998867406,-2.5342771416743264,5.9948068737547544e-05,0.0,4.273892271725033e-05,8.116155604920294e-06,-1.5345932983995558e-05,-6.572117688552481e-05,-1.891746075566303e-05,-5.576481186864157e-05
579,0.00381941191875953,0.003819411786455813,1.0053591605087346e-06,3.7573037339859074,2.2819125078194955,1.6287913451285112,3.147310530352792,1.0,-0.22232161579773613,0.8892030211006232,0.1739520725894697,0.711488608194108,-2.508117819960147,-2.5343326401185076,5.965614383152129e-05,0.0,4.25302679253059e-05,8.079065027755128e-06,-1.5275870356018517e-05,-6.540594775250597e-05,-1.8821092740761713e-05,-5.5498444181178996e-05
580,0.0038016491092420224,0.003801648977585429,1.0004884202239048e-06,3.757303735508083,2.2819302706231275,1.6287913586855225,3.147369896152382,1.0,-0.22227929304987243,0.8892110632541926,0.17393686644398723,0.7114235158125738,-2.5081365452447946,-2.5343878735898366,5.9365799589983226e-05,0.0,4.232274786369894e-05,8.04215356942084e-06,-1.5206145482477007e-05,-6.509238153418195e-05,-1.872528464774703e-05,-5.5233471329074746e-05
581,0.003783975090375739,0.003783974959362804,9.95593851118729e-07,3.7573037370218136,2.2819479446361384,1.6287913721742073,3.147428973178336,1.0,-0.2222371766946069,0.889219068674471,0.17392172968741254,0.7113587353445302,-2.5081551752773725,-2.534442843474701,5.9077025953868656e-05,0.0,4.2116355265520156e-05,8.005420278345277e-06,-1.5136756574690713e-05,-6.478046804359039e-05,-1.863003257795981e-05,-5.496988486441978e-05
582,0.003766389360364677,0.0037663892299909553,9.90899209293543e-07,3.757303738527155,2.281965530360325,1.628791385594957,3.147487762991278,1.0,-0.22219526561168612,0.8892270375386805,0.17390666198555738,0.7112942651473606,-2.5081737106100395,-2.5344975511511008,5.878981294227259e-05,0.0,4.1911082920786935e-05,7.968864209506599e-06,-1.5067701855164817e-05,-6.447019716959712e-05,-1.8535332666935744e-05,-5.47076763997012e-05
583,0.003748891420796212,0.003748891291059084,9.861822192534786e-07,3.757303740024161,2.281983028294098,1.6287913989481593,3.1475462671419296,1.0,-0.22215355868801023,0.8892349700231036,0.1738916630060003,0.7112301035884844,-2.508192151791123,-2.5345519979887117,5.850415065156156e-05,0.0,4.170692367588824e-05,7.932484423101016e-06,-1.4998979557062642e-05,-6.41615588762301e-05,-1.8441181083517222e-05,-5.444683761091085e-05
584,0.0037314807766158885,0.0037314806475114825,9.814425587699278e-07,3.757303741512888,2.282000438932513,1.6287914122342015,3.1476044871711855,1.0,-0.22211205481757734,0.8892428663030888,0.17387673241807597,0.7111662490452828,-2.5082104993651506,-2.5346061853489448,5.822002925581771e-05,0.0,4.150387043289072e-05,7.89627998520892e-06,-1.493058792434443e-05,-6.385454320156914e-05,-1.8347574027632874e-05,-5.418736023310444e-05
585,0.0037141569360945184,0.0037141568076204537,9.766798977955932e-07,3.7573037429933884,2.2820177627672975,1.6287914254534652,3.1476624246101887,1.0,-0.22207075290142786,0.8892507265530568,0.17386186989286437,0.7111026999050255,-2.508228753872883,-2.5346601145850074,5.793743900328607e-05,0.0,4.13019161494832e-05,7.86024996801693e-06,-1.4862525211600808e-05,-6.354914025730185e-05,-1.825450773251802e-05,-5.392923606262201e-05
586,0.003696919410809707,0.0036969192829609887,9.72350722615486e-07,3.7573037444657196,2.2820350002868763,1.6287914386063316,3.1477200809804082,1.0,-0.22202965184759013,0.8892585509465053,0.17384707510318023,0.711039454564797,-2.5082469158513456,-2.5347137870419614,5.765637021948322e-05,0.0,4.1101053837727664e-05,7.824393448485623e-06,-1.4794789684136056e-05,-6.324534022850159e-05,-1.8161978462494233e-05,-5.3672456953979264e-05
587,0.003679767715606317,0.003679767588380131,9.675433087795115e-07,3.757303745929932,2.2820521519764023,1.6287914516931796,3.147777457793711,1.0,-0.22198875057102596,0.8892663396560153,0.17383234772356262,0.7109765114314248,-2.50826498583386,-2.5347672040567844,5.7376813302756347e-05,0.0,4.090127656417031e-05,7.788709510014868e-06,-1.4727379617607284e-05,-6.294313337218416e-05,-1.8069982514301586e-05,-5.341701482297623e-05
588,0.003662701368579973,0.003662701241972994,9.629425061585984e-07,3.757303747386079,2.28206921831778,1.6287914647143837,3.1478345565524375,1.0,-0.22194804799357687,0.8892740928532568,0.17381768743026443,0.7109138689214076,-2.5082829643500744,-2.5348203669584266,5.709875872650372e-05,0.0,4.0702577449092114e-05,7.753197241444632e-06,-1.4660293298190963e-05,-6.264251001719678e-05,-1.7978516214434137e-05,-5.3162901642256344e-05
589,0.003645719891044296,0.00364571976505345,9.583196157702292e-07,3.757303748834215,2.282086199789696,1.6287914776703165,3.147891378749474,1.0,-0.2219075430439111,0.8892818107089935,0.17380309390124196,0.7108515254608444,-2.508300851925996,-2.5348732770678706,5.682219703651015e-05,0.0,4.050494966575946e-05,7.717855736721901e-06,-1.4593529022471907e-05,-6.234346056321893e-05,-1.7887575921804455e-05,-5.291010944397101e-05
590,0.0036288228075080993,0.0036288226821301495,9.536743164062862e-07,3.75730375027439,2.282103096867641,1.628791490561349,3.147947925868326,1.0,-0.2218672346574706,0.8892894933930889,0.17378856681614485,0.7107894794853635,-2.5083186490840204,-2.5349259356981877,5.6547118851835165e-05,0.0,4.030838644050738e-05,7.682684095455805e-06,-1.4527085097110204e-05,-6.204597548087332e-05,-1.7797158024190907e-05,-5.265863031711504e-05
591,0.0036120096456497123,0.003612009520880766,9.492402260681142e-07,3.757303751706658,2.282119910023937,1.6287915033878482,3.1480041993831884,1.0,-0.22182712177641908,0.8892971410745121,0.17377410585630548,0.7107277294400539,-2.508336356342961,-2.5349783441545948,5.627351486259258e-05,0.0,4.0112881051518334e-05,7.647681423139652e-06,-1.446095983936857e-05,-6.175004530961647e-05,-1.7707258940458104e-05,-5.240845640708258e-05
592,0.0035952799362866574,0.0035952798121235714,9.450203177755188e-07,3.757303753131068,2.282136639727766,1.6287915161501805,3.148060200759019,1.0,-0.22178720334958993,0.889304753921342,0.17375971070472926,0.7106662737793946,-2.5083539742180814,-2.5350305037345127,5.600137583039455e-05,0.0,3.991842682915525e-05,7.612846829929687e-06,-1.4395151576224174e-05,-6.145566065929309e-05,-1.7617875120556903e-05,-5.2159579917887555e-05
593,0.003578633213351043,0.0035786330897912377,9.400731501333765e-07,3.7573037545476726,2.2821532864451948,1.6287915288487078,3.148115931451606,1.0,-0.22174747833243547,0.8893123321007741,0.1737453810460842,0.7106051109671876,-2.508371503221123,-2.5350824157276204,5.573069258701935e-05,0.0,3.972501715446275e-05,7.578179432088383e-06,-1.4329658645062526e-05,-6.116281220702735e-05,-1.7529003041527602e-05,-5.1911993107722765e-05
594,0.0035620690138716874,0.0035620688909108506,9.358119051520916e-07,3.7573037559565217,2.2821698506391965,1.6287915414837912,3.1481713929076403,1.0,-0.22170794568697572,0.8893198757791247,0.17373111656669116,0.710544239476489,-2.5083889438603344,-2.535134081415912,5.546145603441133e-05,0.0,3.953264545974999e-05,7.543678350652172e-06,-1.4264479393039098e-05,-6.087149069855524e-05,-1.7440639211496745e-05,-5.1665688291624434e-05
595,0.0035455868779380147,0.003545586755573713,9.31292771816272e-07,3.7573037573576653,2.2821863327696796,1.628791554055788,3.148226586564784,1.0,-0.22166860438174837,0.8893273851218372,0.17371691695451374,0.7104836577895423,-2.5084062966405023,-2.535185502073751,5.519365714379276e-05,0.0,3.9341305227341694e-05,7.5093427124306444e-06,-1.419961217741239e-05,-6.058168694678123e-05,-1.735278016790076e-05,-5.142065783880767e-05
596,0.003529186348684496,0.0035291862269126936,9.272306672397019e-07,3.7573037587511537,2.282202733293511,1.6287915665650552,3.1482815138517384,1.0,-0.221629453391759,0.8893348602934862,0.1737027818991486,0.7104233643977108,-2.5084235620629776,-2.535236678967925,5.492728695433158e-05,0.0,3.915098998938382e-05,7.4751716490073505e-06,-1.4135055365155358e-05,-6.029339183144522e-05,-1.7265422475265524e-05,-5.117689417399873e-05
597,0.00351286697225773,0.0035128668510760316,9.221880702237099e-07,3.7573037601370367,2.2822190526645425,1.6287915790119445,3.148336176188312,1.0,-0.22159049169843134,0.8893423014577838,0.17368871109181552,0.7103633578014127,-2.5084407406257054,-2.5352876133577,5.4662336573585435e-05,0.0,3.8961693327649316e-05,7.441164297627978e-06,-1.4070807333066426e-05,-6.000659629812333e-05,-1.7178562727870883e-05,-5.0934389775214584e-05
598,0.003496628297800126,0.0034966281772051255,9.183275066692319e-07,3.7573037615153626,2.2822352913336323,1.6287915913968072,3.1483905749854877,1.0,-0.22155171828955894,0.8893497087775843,0.17367470422534775,0.7103036365100546,-2.508457832823254,-2.535338306494875,5.439879717572538e-05,0.0,3.8773408872400106e-05,7.407319800534218e-06,-1.4006866467769497e-05,-5.972129135811688e-05,-1.7092197548418397e-05,-5.069313717509516e-05
599,0.0034804698774204413,0.0034804697574092234,9.142077952729762e-07,3.7573037628861803,2.2822514497486712,1.6287916037199917,3.14844471164549,1.0,-0.2215131321592562,0.8893570824148892,0.17366076099418243,0.7102441990419668,-2.50847483914684,-2.535388759623834,5.413666000242401e-05,0.0,3.8586130302747934e-05,7.373637304852743e-06,-1.3943231165325365e-05,-5.943746808778627e-05,-1.700632358625498e-05,-5.0453128958682925e-05
600,0.003464391266172374,0.003464391146741443,9.09337180995517e-07,3.757303764249537,2.282267528354606,1.6287916159818445,3.148498587561851,1.0,-0.22147473230791076,0.8893644225308525,0.17364688109435086,0.7101850439243391,-2.5084917600843593,-2.5354389739815986,5.3875916361079135e-05,0.0,3.839985134543311e-05,7.34011596326134e-06,-1.387989983156479e-05,-5.915511762766279e-05,-1.692093751914925e-05,-5.0214357764755135e-05
601,0.00344839202202769,0.0034483919031743438,9.054218251087565e-07,3.7573037656054815,2.2822835275934636,1.6287916281827095,3.148552204119475,1.0,-0.22143651774213574,0.8893717292857858,0.1736330642234692,0.7101261696931569,-2.5085085961204117,-2.5354889507978817,5.361655762392559e-05,0.0,3.8214565775018805e-05,7.306754933322779e-06,-1.381687088167216e-05,-5.8874231182226566e-05,-1.6836036052403358e-05,-4.997681628315931e-05
602,0.0034324717058590746,0.0034324715875795014,9.007502353017285e-07,3.757303766954061,2.282299447904373,1.6287916403229281,3.1486055626947036,1.0,-0.22139848747472277,0.8893790028391635,0.1736193100807287,0.7100675748931379,-2.508525347736329,-2.5355386912951383,5.335857522847931e-05,0.0,3.8030267412975105e-05,7.273553377706854e-06,-1.3754142740490805e-05,-5.85948000190184e-05,-1.6751615917520724e-05,-4.974049725658958e-05
603,0.0034166298814080668,0.003416629763700417,8.970449533041069e-07,3.7573037682953223,2.2823152897235897,1.628791652402839,3.1486586646553807,1.0,-0.22136064052459511,0.8893862433496276,0.1736056183668867,0.7100092580776692,-2.508542015410203,-2.535588196688617,5.3101960677093274e-05,0.0,3.784695012765127e-05,7.240510464079364e-06,-1.3691713841995634e-05,-5.831681546863976e-05,-1.666767387398238e-05,-4.950539347881033e-05
604,0.0034008661152742986,0.0034008659981338667,8.925783116741439e-07,3.757303769629312,2.2823310534845174,1.6287916644227802,3.148711511360916,1.0,-0.2213229759167617,0.8893934509749922,0.17359198878425708,0.7099512178087456,-2.5085585996169097,-2.5356374681864113,5.2846705535181115e-05,0.0,3.76646078334153e-05,7.207625364658021e-06,-1.3629582629626213e-05,-5.804026892364256e-05,-1.658420670658245e-05,-4.927149779421214e-05
605,0.003385179976875816,0.0033851798603014775,8.88339195298515e-07,3.757303770956078,2.282346739617734,1.6287916763830863,3.148764104162346,1.0,-0.2212854926822711,0.8894006258722496,0.17357842103670099,0.7098934526569075,-2.5085751008281374,-2.53568650698951,5.259280143032896e-05,0.0,3.748323449059843e-05,7.174897257322677e-06,-1.3567747556092469e-05,-5.776515183808506e-05,-1.6501211227648582e-05,-4.90388030986999e-05
606,0.003369571038445368,0.0033695709224324105,8.840797528142815e-07,3.7573037722756646,2.2823623485510107,1.6287916882840894,3.1488164444024003,1.0,-0.2212481898581661,0.8894077681975738,0.17356491482961794,0.7098359612011801,-2.5085915195124113,-2.535735314291847,5.2340240054071785e-05,0.0,3.7302824104995524e-05,7.14232532428305e-06,-1.3506207083041621e-05,-5.749145572742087e-05,-1.6418684273933337e-05,-4.8807302337028347e-05
607,0.003354038874994399,0.0033540387595407104,8.797996890023939e-07,3.7573037735881183,2.282377880709333,1.62879170012612,3.1488685334155595,1.0,-0.22121106648743893,0.8894148781063268,0.17355146986993636,0.7097787420290128,-2.5086078561351215,-2.535783891280351,5.208901315922887e-05,0.0,3.71233707271712e-05,7.109908752966909e-06,-1.3444959681585544e-05,-5.7219172167277677e-05,-1.6336622710166893e-05,-4.857698850413428e-05
608,0.003338583064295445,0.0033385829493977736,8.760057959973537e-07,3.757303774893484,2.282393336514929,1.6287917119095066,3.148920372528119,1.0,-0.2211741216189864,0.8894219557530622,0.17353808586610472,0.7097217937362192,-2.5086241111585457,-2.5358322391349963,5.183911255945972e-05,0.0,3.694486845254308e-05,7.077646735353937e-06,-1.3384003831634628e-05,-5.694829279356828e-05,-1.6255023424172066e-05,-4.834785464513658e-05
609,0.0033232031868612624,0.0033232030725168027,8.719407819705163e-07,3.7573037761918067,2.282408716387286,1.6287917236345753,3.1489719630582496,1.0,-0.22113735430756604,0.8894290012915306,0.17352476252808255,0.7096651149269176,-2.508640285041876,-2.5358803590288486,5.1590530130596335e-05,0.0,3.676731142035483e-05,7.045538468419821e-06,-1.3323338022175335e-05,-5.6678809301602406e-05,-1.6173883330417027e-05,-4.811989385222759e-05
610,0.003307898825922985,0.003307898712128384,8.673448688301864e-07,3.757303777483131,2.282424020743173,1.62879173530165,3.149023306316057,1.0,-0.22110076361375208,0.8894360148746844,0.17351149956733136,0.7096087042134719,-2.5086563782412448,-2.535928252128116,5.134325780753457e-05,0.0,3.6590693813953745e-05,7.013583153803182e-06,-1.3262960751186936e-05,-5.641071344575366e-05,-1.609319936868303e-05,-4.7893099267337647e-05
611,0.003292669567405275,0.003292669454158283,8.632390712476188e-07,3.757303778767501,2.2824392499966644,1.6287917469110516,3.1490744036036418,1.0,-0.22106434860389226,0.8894429966546823,0.173498296696806,0.7095525602164333,-2.508672391209748,-2.535975919592196,5.109728758467824e-05,0.0,3.641500985981927e-05,6.981779997916604e-06,-1.3202870525363952e-05,-5.6143997038571314e-05,-1.601296850317624e-05,-4.766746407991462e-05
612,0.0032775149999126458,0.003277514887210121,8.593720707474148e-07,3.757303780044961,2.282454404559156,1.6287917584631009,3.1491252562151586,1.0,-0.2210281083500648,0.8894499467828939,0.17348515363094572,0.7094966815644823,-2.508688324397469,-2.5360233625737223,5.0852611516827295e-05,0.0,3.6240253827451996e-05,6.95012821161356e-06,-1.3143065860282688e-05,-5.587865195100239e-05,-1.5933187721195452e-05,-4.7442981526479855e-05
613,0.003262434714697081,0.0032624346025365153,8.554875906948901e-07,3.7573037813155548,2.282469484839395,1.6287917699581156,3.1491758654368747,1.0,-0.22099204193003577,0.8894568654099049,0.1734720700856654,0.709441066894371,-2.5087041782515063,-2.5360705822186143,5.0609221716069186e-05,0.0,3.606642002904059e-05,6.918627010965572e-06,-1.3083545280317965e-05,-5.5614670111281406e-05,-1.585385403712891e-05,-4.72196448919604e-05
614,0.0032474283056503736,0.0032474281940279735,8.51324609344371e-07,3.757303782579324,2.2824844912434914,1.6287917813964097,3.1492262325472287,1.0,-0.2209561484272169,0.8894637526855212,0.17345904577834706,0.7093857148508664,-2.508719953215993,-2.536117579666121,5.036711035399932e-05,0.0,3.589350281887893e-05,6.887275616374033e-06,-1.3024307318337813e-05,-5.5352043504597326e-05,-1.5774964486681142e-05,-4.6997447506580414e-05
615,0.0032324953692706615,0.0032324952581840264,8.474032406874511e-07,3.757303783836313,2.282499424174945,1.628791792778298,3.149276358816887,1.0,-0.22092042693062383,0.8894706087587737,0.17344608042783094,0.7093306240866939,-2.5087356497321243,-2.5361643560488694,5.0126269658168354e-05,0.0,3.5721496593060786e-05,6.856073252459183e-06,-1.29653505161198e-05,-5.509076417253844e-05,-1.5696516131313842e-05,-4.677638274852569e-05
616,0.0032176355046501285,0.0032176353940968003,8.434636412909821e-07,3.757303785086564,2.2825142840346637,1.6287918041040914,3.149326245508802,1.0,-0.22088487653483477,0.8894774337779228,0.17343317375440714,0.7092757932624812,-2.5087512682381794,-2.53621091249291,4.9886691915190795e-05,0.0,3.5550395789063494e-05,6.825019149059308e-06,-1.2906673423795922e-05,-5.483082421264829e-05,-1.561850605513726e-05,-4.655644404083503e-05
617,0.00320284831345619,0.003202848203432806,8.395055544974618e-07,3.7573037863301186,2.282529071220981,1.628791815374099,3.149375893878268,1.0,-0.22084949633994913,0.8894842278904629,0.17342032547980718,0.7092212210467029,-2.5087668091695456,-2.5362572501177625,4.964836946586004e-05,0.0,3.538019488563693e-05,6.794112540120523e-06,-1.2848274599963627e-05,-5.4572215778314614e-05,-1.554093136624246e-05,-4.633762485228843e-05
618,0.0031881333999029975,0.00318813329040674,8.355287175701018e-07,3.7573037875670203,2.282543786129682,1.6287918265886288,3.149425305172977,1.0,-0.2208142854515471,0.889490991243127,0.1734075353271954,0.709166906115625,-2.5087822729587406,-2.5363033700364594,4.941129470914518e-05,0.0,3.521088840202635e-05,6.763352664140854e-06,-1.2790152611769079e-05,-5.431493107788121e-05,-1.546378919492497e-05,-4.611991869696297e-05
619,0.0031734903707365965,0.0031734902617650516,8.315328614893023e-07,3.757303788797309,2.2825584291540197,1.628791837747986,3.1494744806330752,1.0,-0.22077924298064913,0.8894977239818914,0.17339480302116064,0.7091128471532511,-2.5087976600354356,-2.5363492733555937,4.917546009819418e-05,0.0,3.504247089797241e-05,6.732738764392288e-06,-1.2732306034768381e-05,-5.405896237398178e-05,-1.5387076695017043e-05,-4.5903319134232845e-05
620,0.0031589188352198145,0.0031589187267699573,8.277859933573929e-07,3.757303790021027,2.2825730006847325,1.6287918488524733,3.1495234214912173,1.0,-0.22074436804367603,0.8895044262519797,0.17338212828770797,0.7090590428512675,-2.5088129708264795,-2.536394961175361,4.8940858142110244e-05,0.0,3.487493697310051e-05,6.702270088254636e-06,-1.2674733452677778e-05,-5.3804301983539915e-05,-1.531079104388766e-05,-4.568781976743708e-05
621,0.003144418405101197,0.003144418297170573,8.237525797537353e-07,3.757303791238215,2.2825875011100707,1.6287918599023925,3.1495721289726215,1.0,-0.22070965976240944,0.8895110981978672,0.17336951085425029,0.7090054919089903,-2.508828205755919,-2.536440434589605,4.870748140417547e-05,0.0,3.470828126658776e-05,6.671945887548603e-06,-1.2617433457678962e-05,-5.355094227721402e-05,-1.523492943933391e-05,-4.547341424387952e-05
622,0.003129988694609036,0.0031299885871949205,8.199701602576965e-07,3.757303792448914,2.2826019308158063,1.6287918708980436,3.1496206042951225,1.0,-0.22067511726395256,0.8895177399632858,0.17335695044960026,0.7089521930333116,-2.508843365245022,-2.5364856946858603,4.847532250096265e-05,0.0,3.4542498456885395e-05,6.641765418535783e-06,-1.2560404650030499e-05,-5.329887567873115e-05,-1.5159489103133694e-05,-4.526009625527294e-05
623,0.0031156293204219203,0.0031156292135215086,8.1617021188912e-07,3.757303793653162,2.2826162901852607,1.6287918818397233,3.149668848669227,1.0,-0.22064073968069098,0.8895243516912278,0.17334444680396205,0.7088991449386468,-2.5088584497123008,-2.536530742545396,4.824437410455573e-05,0.0,3.4377583261580025e-05,6.611727942029688e-06,-1.2503645638206606e-05,-5.3048094664776e-05,-1.5084467278825286e-05,-4.50478595355186e-05
624,0.003101339901654324,0.0031013397952646756,8.118056340144044e-07,3.757303794851003,2.2826305795993194,1.6287918927277274,3.1497168632981656,1.0,-0.22060652615025458,0.8895309335239506,0.17333199964892324,0.7088463463468829,-2.5088734595735316,-2.536575579243259,4.801462893855302e-05,0.0,3.421353043639441e-05,6.58183272284063e-06,-1.2447155038813884e-05,-5.279859176388069e-05,-1.5009861230819155e-05,-4.4836697863370745e-05
625,0.0030871200598357965,0.003087119953954605,8.085167387873474e-07,3.757303796042475,2.282644799436452,1.6287919035623497,3.1497646493779454,1.0,-0.2205724758154789,0.8895374856029808,0.17331960871744687,0.708793795987326,-2.5088883952417786,-2.536620205848317,4.7786079779843504e-05,0.0,3.4050334775687086e-05,6.552079030219815e-06,-1.2390931476369271e-05,-5.255035955697984e-05,-1.4935668247062495e-05,-4.462660505799576e-05
626,0.0030729694188969935,0.003072969313520896,8.046627044677951e-07,3.7573037972276158,2.282658950072729,1.6287919143438825,3.1498122080974023,1.0,-0.2205385878243673,0.8895440080691184,0.1733072737438634,0.7087414925966496,-2.5089032571274137,-2.5366646234232997,4.7558719456830545e-05,0.0,3.388799111159191e-05,6.522466137526273e-06,-1.233497358346658e-05,-5.230339067630041e-05,-1.4861885635042427e-05,-4.4417574982524854e-05
627,0.0030588876051438904,0.0030588875002708015,8.00790121707008e-07,3.7573037984064666,2.282673031881843,1.6287919250726142,3.1498595406382535,1.0,-0.22050486133005373,0.8895505010624412,0.17329499446386265,0.7086894349188452,-2.5089180456381377,-2.5367088330248406,4.7332540851208194e-05,0.0,3.3726494313573996e-05,6.49299332278197e-06,-1.2279280000748738e-05,-5.205767780447346e-05,-1.4788510724006443e-05,-4.420960154094544e-05
628,0.003044874247244399,0.003044874142872354,7.971773073134189e-07,3.7573037995790655,2.2826870452351256,1.6287919357488345,3.149906648175148,1.0,-0.22047129549076516,0.8895569647223087,0.17328277061448621,0.7086376217051696,-2.5089327611790027,-2.5367528357035205,4.71075368944085e-05,0.0,3.356583928856849e-05,6.463659867561589e-06,-1.2223849376435947e-05,-5.1813213675533376e-05,-1.4715540864962406e-05,-4.4002678679877505e-05
629,0.003030928976214016,0.003030928872339265,7.932681831244537e-07,3.7573038007454507,2.282700990501563,1.6287919463728295,3.1499535318757172,1.0,-0.22043788946978496,0.8895633991873668,0.1732706019341193,0.7085860517140966,-2.5089474041524316,-2.5367966325039064,4.688370056937785e-05,0.0,3.34060209802034e-05,6.434465058102745e-06,-1.2168680366908546e-05,-5.156999107303051e-05,-1.4642973428902195e-05,-4.379680038590905e-05
630,0.00301705142538619,0.0030170513220060587,7.896209537680217e-07,3.7573038019056613,2.282714868047821,1.628791956944882,3.150000192900627,1.0,-0.22040464243541605,0.8895698045955517,0.1732584881624832,0.7085347237112659,-2.5089619749582392,-2.5368402244645942,4.666102490968882e-05,0.0,3.324703436891063e-05,6.405408184861905e-06,-1.2113771636096393e-05,-5.132800283069727e-05,-1.457080580768988e-05,-4.359196068781657e-05
631,0.0030032412304057806,0.0030032411275182982,7.862392639084613e-07,3.7573038030597345,2.2827286782382537,1.6287919674652764,3.1500466324036247,1.0,-0.22037155356094495,0.8895761810840935,0.17324642904062743,0.7084836364694347,-2.5089764739936538,-2.536883612618248,4.643950299776378e-05,0.0,3.308887447109332e-05,6.3764885418482464e-06,-1.2059121855784172e-05,-5.1087241831226926e-05,-1.4499035414505812e-05,-4.3388153653900474e-05
632,0.002989498029205939,0.002989497926808164,7.825592759550343e-07,3.7573038042077087,2.2827424214349286,1.6287919779342928,3.150092851531592,1.0,-0.22033862202460563,0.8895825287895212,0.1732344243109222,0.7084327887684283,-2.508990901653335,-2.5369267979916414,4.6219127967095375e-05,0.0,3.293153633932011e-05,6.347705427622863e-06,-1.2004729705222816e-05,-5.084770100638458e-05,-1.4427659681182092e-05,-4.3185373393317406e-05
633,0.00297582146199151,0.002975821360082018,7.78861900888223e-07,3.757303805349621,2.2827560979976393,1.6287919883522095,3.1501388514245914,1.0,-0.22030584700954411,0.8895888478476659,0.17322247371705066,0.7083821793950922,-2.5090052583293954,-2.536969781605696,4.599989299958196e-05,0.0,3.277501506152025e-05,6.31905814474365e-06,-1.1950593871545845e-05,-5.0609373336119035e-05,-1.4356676060423013e-05,-4.298361405474793e-05
634,0.002962211171224959,0.0029622110698004187,7.75146889903562e-07,3.7573038064855084,2.2827697082839253,1.628791998719305,3.1501846332159165,1.0,-0.22027322770378296,0.8895951383936656,0.1732105770040014,0.7083318071432434,-2.5090195444114203,-2.537012564475523,4.578179132508353e-05,0.0,3.261930576115013e-05,6.2905459996542845e-06,-1.1896713049269758e-05,-5.03722518487848e-05,-1.428608202491688e-05,-4.278286982684065e-05
635,0.0029486668016040093,0.0029486667006616923,7.711260934433897e-07,3.7573038076154086,2.282783252649088,1.6287920090358543,3.1502301980321397,1.0,-0.2202407633001865,0.8896014005619686,0.1731987339180609,0.708281670813623,-2.5090337602864876,-2.53705514761046,4.556481622319808e-05,0.0,3.2464403596471625e-05,6.26216830301729e-06,-1.184308594048833e-05,-5.013632962036496e-05,-1.4215875067336015e-05,-4.258313493687993e-05
636,0.0029351880000478754,0.0029351878995854995,7.679521278575326e-07,3.7573038087393575,2.282796731446208,1.62879201930213,3.150275546993159,1.0,-0.22020845299642583,0.8896076344863378,0.1731869442068062,0.7082317692138489,-2.5090479063391866,-2.5370975320141116,4.534896101926478e-05,0.0,3.231030376066313e-05,6.23392436926995e-06,-1.178971125470607e-05,-4.9901599774138106e-05,-1.4146052699004485e-05,-4.238440365167406e-05
637,0.0029217744156800397,0.002921774315694627,7.644745909202678e-07,3.7573038098573908,2.2828101450261618,1.628792029518405,3.1503206812122473,1.0,-0.22017629599494487,0.8896138402998547,0.17317520761909727,0.7081821011583688,-2.509061982951638,-2.5371397186843883,4.5134219088360794e-05,0.0,3.2157001480959124e-05,6.205813516846348e-06,-1.1736587708921498e-05,-4.966805548012321e-05,-1.4076612451230375e-05,-4.2186670276667115e-05
638,0.0029084256998103348,0.002908425600299891,7.606893192589597e-07,3.7573038109695456,2.282823493737639,1.6287920396849502,3.1503656017960986,1.0,-0.22014429150292597,0.8896200181349228,0.17316352390506984,0.708132665468414,-2.509075990503512,-2.537181708613543,4.4920583851304485e-05,0.0,3.200449201889999e-05,6.177835068066351e-06,-1.1683714027432845e-05,-4.9435689954746564e-05,-1.4007551873973512e-05,-4.198992915460664e-05
639,0.002895141505921222,0.002895141406883261,7.56885117244756e-07,3.757303812075858,2.282836777927157,1.6287920498020332,3.1504103098448737,1.0,-0.22011243873225608,0.8896261681232723,0.17315189281612797,0.7080834609719532,-2.509089929372048,-2.53722350278821,4.4708048775099485e-05,0.0,3.18527706698879e-05,6.149988349579694e-06,-1.163108894186582e-05,-4.9204496460841796e-05,-1.3938868536289561e-05,-4.179417466732005e-05
640,0.002881921489649867,0.0028819213910818704,7.533564960816405e-07,3.7573038131763616,2.282849997939079,1.6287920598699208,3.1504548064522475,1.0,-0.22008073689949348,0.8896322903959634,0.1731403141049369,0.7080344865036462,-2.509103799932075,-2.537265102189444,4.449660737382288e-05,0.0,3.1701832762603965e-05,6.122272691033714e-06,-1.1578711191062574e-05,-4.897446830698371e-05,-1.3870560026774115e-05,-4.159940123393824e-05
641,0.0028687653087690105,0.0028687652106689234,7.501073449047515e-07,3.7573038142710935,2.2828631541156317,1.6287920698888791,3.150499092705455,1.0,-0.2200491852258344,0.8896383850833902,0.17312878752541577,0.7079857409047993,-2.509117602556026,-2.537306507792755,4.428625320729296e-05,0.0,3.1551673659091506e-05,6.09468742684971e-06,-1.1526579521137226e-05,-4.874559884693319e-05,-1.3802623950898152e-05,-4.14056033108956e-05
642,0.0028556726231777716,0.0028556725255421485,7.468440584028935e-07,3.7573038153600873,2.282876246796917,1.6287920798591702,3.150543169685335,1.0,-0.22001778293708021,0.8896444523152848,0.17311731283273035,0.7079372230233199,-2.509131337613961,-2.537347720568147,4.4076979880181e-05,0.0,3.140228875417317e-05,6.067231894557601e-06,-1.147469268542034e-05,-4.851788147941516e-05,-1.3735057935004846e-05,-4.121277539193002e-05
643,0.0028426430948775934,0.0028426429977051445,7.432677694165833e-07,3.7573038164433794,2.2828892763209314,1.6287920897810566,3.150587038466378,1.0,-0.21998652926360482,0.8896504922207208,0.1731058897832861,0.707888931713672,-2.5091450054735818,-2.5373887414801537,4.3868781042899485e-05,0.0,3.125367347539543e-05,6.039905436017179e-06,-1.1423049444264644e-05,-4.829130964789652e-05,-1.3667859620980494e-05,-4.102091200675062e-05
644,0.0028296763879633465,0.002829676291251395,7.396741894478285e-07,3.757303817521003,2.2829022430235812,1.6287920996547984,3.1506307001167677,1.0,-0.21995542344032212,0.8896565049281171,0.17309451813472101,0.7078408658368319,-2.509158606500253,-2.5374295714878765,4.3661650389825724e-05,0.0,3.110582328269551e-05,6.0127073963078814e-06,-1.1371648565072778e-05,-4.806587684003105e-05,-1.3601026671139493e-05,-4.083000772281409e-05
645,0.0028167721686050556,0.0028167720723509455,7.360630652444808e-07,3.7573038185929937,2.2829151472386964,1.628792109480655,3.1506741556984275,1.0,-0.2199244647066541,0.8896624905652418,0.1730831976458986,0.7077930242602444,-2.509172141057017,-2.5374702115450187,4.3455581659745945e-05,0.0,3.095873366801283e-05,5.985637124727994e-06,-1.1320488822408326e-05,-4.7841576587548396e-05,-1.3534556764227546e-05,-4.064005714221608e-05
646,0.002803930105031175,0.00280393000923264,7.327372344222379e-07,3.7573038196593833,2.282927989298048,1.6287921192588823,3.150717406267063,1.0,-0.2198936523064989,0.8896684492592161,0.17307192807690092,0.7077454058577791,-2.5091856095046148,-2.537510662599923,4.325056863541121e-05,0.0,3.08124001552057e-05,5.958693974239537e-06,-1.1269568997690493e-05,-4.761840246525484e-05,-1.3468447597642097e-05,-4.045105490435574e-05
647,0.002791149867514214,0.0027911497721685766,7.293962389541083e-07,3.7573038207202085,2.2829407695313635,1.628792128989736,3.1507604528722064,1.0,-0.2198629854881995,0.8896743811365173,0.17306070918902167,0.7076980095096874,-2.509199012201501,-2.537550925595607,4.304660514353742e-05,0.0,3.066681829941298e-05,5.9318773012462245e-06,-1.1218887879249628e-05,-4.739634809169946e-05,-1.3402696886100074e-05,-4.0262995683715275e-05
648,0.0027784311283566166,0.0027784310334621203,7.263456348749523e-07,3.7573038217755,2.28295348826634,1.6287921386734698,3.1508032965572594,1.0,-0.21983246350451205,0.8896802863229831,0.17304954074475934,0.7076508341025595,-2.509212349503862,-2.5375910014697967,4.2843685053028935e-05,0.0,3.052198368744263e-05,5.905186465815504e-06,-1.1168444262327215e-05,-4.717540712795287e-05,-1.3337302361193792e-05,-4.007587418985992e-05
649,0.0027657735618735737,0.0027657734674279145,7.226679118265155e-07,3.757303822825292,2.282966145828662,1.6287921483103358,3.1508459383595357,1.0,-0.2198020856125755,0.8896861649438152,0.17303842250781012,0.7076038785292819,-2.5092256217656344,-2.5376308911549637,4.264180227631087e-05,0.0,3.0377891936550494e-05,5.87862083212265e-06,-1.1118236949214655e-05,-4.695557327760724e-05,-1.3272261772279137e-05,-3.988968516699387e-05
650,0.002753176844382148,0.0027531767503830022,7.195887844353852e-07,3.7573038238696186,2.282978742542013,1.628792157900585,3.1508883793103037,1.0,-0.21977185107388028,0.8896920171235826,0.1730273542430615,0.7075571416889956,-2.509238829338521,-2.537670595578359,4.244095076799681e-05,0.0,3.0234538695217417e-05,5.852179767340537e-06,-1.1068264748614887e-05,-4.673684028622116e-05,-1.320757288647556e-05,-3.9704423395292565e-05
651,0.002740640654181393,0.002740640560625509,7.161864543377263e-07,3.757303824908511,2.282991278728095,1.6287921674444659,3.1509306204348286,1.0,-0.21974175915423808,0.8896978429862253,0.17301633571658528,0.7075106224870539,-2.5092519725720077,-2.537710115662047,4.224112452488882e-05,0.0,3.009191964220559e-05,5.825862642749868e-06,-1.1018526476225254e-05,-4.651920194176373e-05,-1.3143233486889727e-05,-3.952008368823812e-05
652,0.0027281646715393176,0.0027281645784257625,7.127678837240726e-07,3.7573038259420026,2.2830037547066366,1.628792176942226,3.1509726627524137,1.0,-0.2197118091237517,0.8897036426550582,0.1730053666956308,0.7074643198349811,-2.5092650518133817,-2.537749452322941,4.204231758508925e-05,0.0,2.9950030486364243e-05,5.7996688328509904e-06,-1.0969020954487707e-05,-4.630265207272721e-05,-1.3079241373947781e-05,-3.93366608939516e-05
653,0.002715748578681056,0.002715748486006749,7.090197356564146e-07,3.757303826970127,2.2830161707954155,1.6287921863941113,3.151014507276442,1.0,-0.219682000256785,0.889709416252774,0.17299444694861854,0.7074182326504316,-2.5092780674077457,-2.537788606472836,4.184452402844485e-05,0.0,2.980886696671292e-05,5.773597715807988e-06,-1.0919747012255732e-05,-4.608718454957028e-05,-1.3015594364063077e-05,-3.915414989474897e-05
654,0.0027033920597721475,0.002703391967535235,7.058810759977852e-07,3.757303827992913,2.2830285273102646,1.6287921958003666,3.1510561550144174,1.0,-0.21965233183193317,0.8897151639014472,0.17298357624513333,0.7073723598571485,-2.509291019698037,-2.5378275790184417,4.164773797521448e-05,0.0,2.9668424851830855e-05,5.747648673226635e-06,-1.0870703485210687e-05,-4.5872793283052715e-05,-1.2952290291412538e-05,-3.897254560580876e-05
655,0.0026910948009035082,0.002691094709101338,7.027283979983234e-07,3.7573038290103957,2.2830408245650937,1.6287922051612345,3.151097606968005,1.0,-0.2196228031319933,0.8897208857225378,0.1729727543559178,0.707326700384924,-2.509303909025042,-2.537866370861418,4.145195358740139e-05,0.0,2.952869993985696e-05,5.721821090598489e-06,-1.0821889215528735e-05,-4.5659472224568454e-05,-1.2889327004828033e-05,-3.87918429765044e-05
656,0.0026788564900784187,0.0026788563987092014,6.998788455616008e-07,3.7573038300226047,2.2830530628718986,1.6287922144769564,3.151138864133071,1.0,-0.2195934134439354,0.8897265818368942,0.17296198105286587,0.7072812531695583,-2.5093167357274133,-2.5379049828984073,4.1257165066088675e-05,0.0,2.9389688057906982e-05,5.696114356412707e-06,-1.0773303051936356e-05,-4.544721536570151e-05,-1.2826702371349086e-05,-3.8612036989071896e-05
657,0.0026666768172000812,0.0026666767262614488,6.963802245586014e-07,3.7573038310295725,2.2830652425407765,1.628792223747772,3.151179927499724,1.0,-0.21956416205887305,0.8897322523647571,0.17295125610901624,0.7072360171528206,-2.509329500141686,-2.537943416021066,4.106336665321564e-05,0.0,2.9251385062351032e-05,5.670527862822183e-06,-1.0724943849627078e-05,-4.523601673767086e-05,-1.2764414272670166e-05,-3.8433122658609875e-05
658,0.00265455547405471,0.0026545553835445315,6.931843369968677e-07,3.7573038320313294,2.283077363879941,1.6287922329739206,3.151220798052354,1.0,-0.21953504827203502,0.8897378974257625,0.17294057929854603,0.7071909912824093,-2.5093422026022925,-2.537981671116098,4.087055262980144e-05,0.0,2.911378683803645e-05,5.645061005421503e-06,-1.0676810470205966e-05,-4.502587041133044e-05,-1.2702460606472954e-05,-3.825509503219138e-05
659,0.0026424921542997476,0.002642492064215406,6.896517554167726e-07,3.7573038330279056,2.2830894271957347,1.6287922421556382,3.1512614767696707,1.0,-0.2195060713827366,0.8897435171389456,0.1729299503967643,0.7071461745119125,-2.5093548434415793,-2.5380197490652887,4.067871731683326e-05,0.0,2.8976889298426567e-05,5.6197131831359215e-06,-1.0628901781745137e-05,-4.4816770496725056e-05,-1.2640839286870431e-05,-3.8077949190640226e-05
660,0.00263048655344764,0.002630486463787321,6.867479456545793e-07,3.7573038340193343,2.2831014327926447,1.6287922512931607,3.1513019646247447,1.0,-0.21947723069435157,0.8897491116227441,0.1729193691801056,0.7071015658007699,-2.509367422989822,-2.5380576507455337,4.048785507393404e-05,0.0,2.8840688385017854e-05,5.594483798443406e-06,-1.0581216658700487e-05,-4.460871114264631e-05,-1.2579548242630523e-05,-3.790168024497831e-05
661,0.0026185383688577925,0.0026185382796191626,6.831820837466641e-07,3.757303835005645,2.2831133809733117,1.628792260386722,3.1513422625850436,1.0,-0.2194485255142839,0.889754680995001,0.1729088354261239,0.7070571641142332,-2.5093799415752414,-2.5380953770288732,4.029796029891841e-05,0.0,2.8705180067672975e-05,5.569372256930549e-06,-1.0533753981689653e-05,-4.440168653663257e-05,-1.2518585419396544e-05,-3.7726283339534206e-05
662,0.0026066472997175027,0.002606647210899017,6.799241630166801e-07,3.7573038359868667,2.2831252720385478,1.6287922694365555,3.151382371612472,1.0,-0.21941995515394022,0.8897602253729687,0.1728983489134862,0.7070129684233291,-2.509392399524019,-2.5381329287825234,4.010902742823674e-05,0.0,2.8570360343677104e-05,5.544377967736658e-06,-1.0486512637686296e-05,-4.419569090419184e-05,-1.2457948777466754e-05,-3.755175365016683e-05
663,0.0025948130470319405,0.0025948129586304126,6.773065434315043e-07,3.7573038369630316,2.283137106287349,1.6287922784428917,3.151422292663409,1.0,-0.2193915189287023,0.8897657448733121,0.17288790942196622,0.7069689777048199,-2.50940479716031,-2.5381703068689063,3.992105093697518e-05,0.0,2.843622523793221e-05,5.519500343331707e-06,-1.043949151999235e-05,-4.399071850913483e-05,-1.2397636291350267e-05,-3.737808638293316e-05
664,0.002583035313607491,0.0025830352256216538,6.743495761743173e-07,3.7573038379341677,2.2831488840169074,1.6287922874059597,3.151462026688746,1.0,-0.21936321615789955,0.8897712396121114,0.17287751673243823,0.7069251909411671,-2.509417134806263,-2.538207512145682,3.973402533707926e-05,0.0,2.8302770802735022e-05,5.4947387992942964e-06,-1.039268952798822e-05,-4.3786763652797767e-05,-1.2337645952875675e-05,-3.7205276775864604e-05
665,0.0025713138040432417,0.0025713137164707247,6.707178017453617e-07,3.757303838900306,2.2831606055226246,1.628792296325989,3.1515015746339246,1.0,-0.21933504616478225,0.8897767097048659,0.1728671706268711,0.7068816071204935,-2.509429412782029,-2.5382445454657807,3.9547945178686206e-05,0.0,2.816999311730517e-05,5.470092754533695e-06,-1.034610556713278e-05,-4.358382067359834e-05,-1.2277975765861981e-05,-3.703332009852289e-05
666,0.0025596482247169194,0.0025596481375555215,6.677316576960234e-07,3.757303839861475,2.2831722710981226,1.6287923052032065,3.1515409374389725,1.0,-0.2193070082764944,0.8897821552664972,0.17285687088832183,0.706838225236546,-2.5094416314057812,-2.5382814076774296,3.936280504790446e-05,0.0,2.8037888287840707e-05,5.445561631289841e-06,-1.0299738549268689e-05,-4.338188394747977e-05,-1.2218623752335844e-05,-3.6862211648891474e-05
667,0.00254803828376829,0.0025480381970156415,6.650660516149345e-07,3.7573038408177033,2.283183881035262,1.628792314037838,3.151580116038541,1.0,-0.21927910182404728,0.8897875764113523,0.1728466173009298,0.7067950442886595,-2.509453790993727,-2.538318099624187,3.9178599568590045e-05,0.0,2.7906452447129526e-05,5.421144855133342e-06,-1.025358739203952e-05,-4.318094788657856e-05,-1.2159587945870243e-05,-3.669194675737231e-05
668,0.002536483691089943,0.002536483604744836,6.620544162846645e-07,3.757303841769022,2.2831954356241484,1.6287923228301067,3.1516191113619425,1.0,-0.21925132614229295,0.8897929732532072,0.1728364096499105,0.7067520632817195,-2.509465891860124,-2.538354622144971,3.899532340145839e-05,0.0,2.777568175432732e-05,5.3968418548544506e-06,-1.0207651019278341e-05,-4.298100694000162e-05,-1.2100866396913545e-05,-3.6522520784121326e-05
669,0.002524984158315127,0.0025249840723745765,6.586920054346545e-07,3.757303842715458,2.2832069351531508,1.6287923315802366,3.151657924333184,1.0,-0.21922368056989802,0.8897983459052691,0.17282624772154986,0.7067092812261265,-2.509477934317293,-2.5383909760740893,3.88129712414198e-05,0.0,2.7645572394929818e-05,5.3726520619079565e-06,-1.0161928360646888e-05,-4.278205559293813e-05,-1.2042457168792708e-05,-3.6353929118160266e-05
670,0.0025135393988037296,0.002513539313266064,6.556510925293086e-07,3.757303843657042,2.2832183799089076,1.628792340288448,3.151696555871006,1.0,-0.21919616444931794,0.8898036944801807,0.1728161313031978,0.7066666971377604,-2.5094899186756328,-2.538427162241268,3.8631537822020334e-05,0.0,2.7516120580078907e-05,5.3485749116344294e-06,-1.0116418352051904e-05,-4.258408836610439e-05,-1.198435833993372e-05,-3.618616717870893e-05
671,0.0025021491276283826,0.0025021490424920185,6.52596009983378e-07,3.7573038445937996,2.283229770176346,1.6287923489549625,3.1517350068889156,1.0,-0.2191687771267709,0.8898090190900227,0.1728060601832628,0.7066243100379439,-2.5095018452436357,-2.5384631814716836,3.845101790966865e-05,0.0,2.7387322547034465e-05,5.324609842038974e-06,-1.0071119935006756e-05,-4.2387099816521e-05,-1.1926568002973426e-05,-3.6019230415629266e-05
672,0.002490813061566709,0.002490812976829132,6.495265578539297e-07,3.7573038455257617,2.2832411062386897,1.6287923575799974,3.151773278295224,1.0,-0.2191415179522125,0.8898143198463174,0.17279603415120573,0.7065821189534082,-2.5095137143278996,-2.5384990345859895,3.8271406308520994e-05,0.0,2.7259174558397214e-05,5.3007562946794096e-06,-1.0026032057075529e-05,-4.21910845357365e-05,-1.1869084263871343e-05,-3.585311430587268e-05
673,0.0024795309190838786,0.0024795308347434113,6.460989531481021e-07,3.7573038464529542,2.283252388377472,1.628792366163772,3.1518113709930797,1.0,-0.21911438627931032,0.8898195968600312,0.1727860529975341,0.7065401229162571,-2.509525526233143,-2.5385347224003465,3.8092697855596214e-05,0.0,2.7131672902191983e-05,5.277013713778089e-06,-9.981153671623222e-06,-4.1996037151048604e-05,-1.1811905243241938e-05,-3.568781435703272e-05
674,0.0024683024203254454,0.0024683023363795214,6.43688770128952e-07,3.7573038473754066,2.2832636168725484,1.6287923747065012,3.1518492858805045,1.0,-0.21908738146541884,0.8898248502415781,0.17277611651379624,0.706498320963933,-2.509537281262218,-2.5385702457264507,3.791488742477256e-05,0.0,2.700481389147913e-05,5.253381546888036e-06,-9.93648373787126e-06,-4.180195232417194e-05,-1.175502907502235e-05,-3.5523326104236475e-05
675,0.0024571272871020023,0.0024571272035483517,6.409231772305648e-07,3.7573038482931462,2.283274792002108,1.6287923832084,3.1518870238504264,1.0,-0.21906050287155446,0.8898300801008227,0.17276622449257556,0.7064567121391815,-2.5095489797161257,-2.538605605371563,3.77379699219027e-05,0.0,2.6878593864382294e-05,5.229859244559876e-06,-9.892021220675451e-06,-4.1608824751460105e-05,-1.1698453907804662e-05,-3.5359645112365e-05
676,0.0024460052428764718,0.0024460051597136896,6.377975511262733e-07,3.7573038492061994,2.2832859140426867,1.6287923916696825,3.1519245857907157,1.0,-0.21903374986237076,0.8898352865470831,0.1727563767274849,0.706415295490018,-2.5095606218940274,-2.5386408021385374,3.7561940289254636e-05,0.0,2.6753009183699827e-05,5.206446260452857e-06,-9.847765090664762e-06,-4.141664916346155e-05,-1.164217790172728e-05,-3.519676697427698e-05
677,0.0024349360127572115,0.002434935929983343,6.346565317823652e-07,3.757303850114594,2.2832969832691767,1.6287924000905611,3.1519619725842176,1.0,-0.21900712180613413,0.8898404696891343,0.1727465730131606,0.7063740700696932,-2.5095722080932594,-2.5386758368258473,3.738679350195895e-05,0.0,2.662805623662723e-05,5.1831420512238324e-06,-9.80371432429683e-06,-4.122542032480858e-05,-1.1586199232027639e-05,-3.503468730992054e-05
678,0.00242391932348159,0.0024239192410949293,6.31851406309442e-07,3.7573038510183583,2.2833079999548405,1.6287924084712457,3.1519991851087865,1.0,-0.21898061807469935,0.8898456296352111,0.1727368131452571,0.7063330349366594,-2.5095837386093467,-2.538710710227615,3.721252456889701e-05,0.0,2.6503731434784905e-05,5.1599460767493e-06,-9.759867903497144e-06,-4.103513303377326e-05,-1.1530516087265852e-05,-3.487340176766551e-05
679,0.002412954903408074,0.0024129548214060995,6.293866658789881e-07,3.7573038519175173,2.28331896437132,1.6287924168119476,3.1520362242373183,1.0,-0.21895423804348543,0.8898507664930103,0.1727270969204412,0.7062921891545374,-2.509595213736015,-2.5387454231336397,3.703912853181279e-05,0.0,2.6380031213912858e-05,5.136857799237227e-06,-9.716224815908836e-06,-4.084578212204537e-05,-1.147512666843653e-05,-3.4712906024747525e-05
680,0.002402042482500126,0.0024020424008816678,6.258487701416117e-07,3.7573038528120986,2.2833298767886507,1.6287924251128745,3.152073090837785,1.0,-0.21892798109145173,0.8898558803696951,0.1727174241363864,0.7062515317920828,-2.509606633765205,-2.5387799763294243,3.686660046664514e-05,0.0,2.625695203370415e-05,5.11387668478136e-06,-9.672784054781669e-06,-4.065736245462137e-05,-1.1420029189856962e-05,-3.4553195784603474e-05
681,0.0023911817923197463,0.002391181711082504,6.233602959916659e-07,3.757303853702129,2.2833407374752714,1.6287924333742336,3.152109785773266,1.0,-0.21890184660107426,0.8898609713718969,0.17270779459176755,0.7062110619231535,-2.509617998987084,-2.538814370596202,3.669493548086322e-05,0.0,2.6134490377471842e-05,5.091002201806916e-06,-9.629544618861008e-06,-4.046986892924931e-05,-1.1365221879167109e-05,-3.43942667777597e-05
682,0.0023803725660129903,0.0023803724851548767,6.201461567486866e-07,3.7573038545876334,2.283351546698036,1.6287924415962314,3.1521463099019815,1.0,-0.21887583395832194,0.8898660396057186,0.17269820808625522,0.7061707786266768,-2.50962930969006,-2.5388486067109644,3.6524128715687e-05,0.0,2.6012642752315518e-05,5.068233821736712e-06,-9.58650551233231e-06,-4.0283296476761876e-05,-1.1310702975997344e-05,-3.423611476227606e-05
683,0.0023696145383010417,0.002369614457819796,6.172750943067165e-07,3.7573038554686398,2.283362304722223,1.6287924497790722,3.1521826640773254,1.0,-0.21884994255263374,0.8898710851767379,0.17268866442051015,0.7061306809866169,-2.509640566160794,-2.5388826854464877,3.635417534386676e-05,0.0,2.589140568820536e-05,5.045571019213213e-06,-9.543665745070928e-06,-4.0097640059855166e-05,-1.1256470733744806e-05,-3.407873552330187e-05
684,0.00235890744546569,0.0023589073653596895,6.147519154768167e-07,3.757303856345173,2.28337301181155,1.6287924579229598,3.1522188491478955,1.0,-0.21882417177689487,0.8898761081900093,0.17267916339617803,0.706090768091943,-2.5096517686842117,-2.53891660757136,3.618507057012721e-05,0.0,2.5770775738870322e-05,5.023013271432397e-06,-9.50102433211475e-06,-3.991289467386583e-05,-1.1202523417797039e-05,-3.392212487218771e-05
685,0.0023482510253433233,0.0023482509456112985,6.11492530366287e-07,3.7573038572172597,2.2833836682281805,1.6287924660280966,3.152254865957527,1.0,-0.2187985210274143,0.8898811087500678,0.17266970481588387,0.7060510390365969,-2.5096629175435186,-2.5389503738500068,3.601680963161158e-05,0.0,2.5650749480576884e-05,5.000560058476822e-06,-9.458580294163799e-06,-3.9729055346104936e-05,-1.1148859306864267e-05,-3.376627864692949e-05
686,0.002337645017309842,0.0023376449379492446,6.09309920676386e-07,3.7573038580849234,2.2833942742327396,1.6287924740946833,3.1522907153453232,1.0,-0.21877298970390172,0.8898860869609315,0.17266028848322676,0.706011492919462,-2.5096740130202093,-2.538983985042718,3.584938779610525e-05,0.0,2.5531323512573145e-05,4.978210863759713e-06,-9.416332657108395e-06,-3.9546117134969805e-05,-1.1095476690758943e-05,-3.3611192711280324e-05
687,0.002327089162271319,0.002327089083280702,6.063875540905033e-07,3.7573038589481933,2.28340483008432,1.6287924821229207,3.1523263981456866,1.0,-0.21874757720944504,0.8898910429261045,0.17265091420277448,0.7059721288443308,-2.5096850553940815,-2.539017441905674,3.568280036336802e-05,0.0,2.5412494456672485e-05,4.955965173025767e-06,-9.374280452278949e-06,-3.9364075131165244e-05,-1.1042373872172107e-05,-3.3456862956082745e-05
688,0.002316583202652693,0.0023165831240302987,6.034510353600054e-07,3.7573038598070903,2.283415336040497,1.628792490113007,3.1523619151883504,1.0,-0.21872228295048793,0.8898959767485796,0.17264158178005815,0.7059329459198749,-2.5096960449432486,-2.5390507451909707,3.5517042663801845e-05,0.0,2.529425895711479e-05,4.93382247501728e-06,-9.332422716334943e-06,-3.918292445592719e-05,-1.0989549167117474e-05,-3.33032852966042e-05
689,0.0023061268823909137,0.0023061268041343424,6.005001568678077e-07,3.757303860661643,2.2834257923573342,1.6287924980651396,3.1523972672984093,1.0,-0.21869710633680764,0.8899008885308408,0.17263229102156705,0.7058939432596132,-2.5097069819441504,-2.539083895646646,3.535211005889494e-05,0.0,2.5176613680288895e-05,4.911782261252107e-06,-9.290758491098394e-06,-3.900266026168886e-05,-1.0937000901822813e-05,-3.3150455675201584e-05
690,0.002295719946918054,0.002295719869025722,5.982774466241905e-07,3.757303861511874,2.283436199289399,1.6287925059795156,3.152432455296349,1.0,-0.21867204678149268,0.8899057783748668,0.1726230417347434,0.7058551199818812,-2.5097178666715663,-2.5391168940167046,3.518799793988947e-05,0.0,2.505955531495463e-05,4.88984402602366e-06,-9.249286823637126e-06,-3.8823277731969696e-05,-1.0884727415838569e-05,-3.299837005865669e-05
691,0.0022853621431561232,0.00228536206562547,5.953009234499476e-07,3.7573038623578103,2.2834465570897695,1.6287925138563297,3.152467479998079,1.0,-0.21864710370092133,0.8899106463821336,0.172613833727977,0.7058164752098011,-2.5097286993986265,-2.5391497410411437,3.502470173000205e-05,0.0,2.4943080571354637e-05,4.868007266733976e-06,-9.208006766403543e-06,-3.8644772080154155e-05,-1.0832727060261504e-05,-3.28470244390644e-05
692,0.0022750532195019574,0.002275053142332104,5.923094425902391e-07,3.757303863199474,2.283456866010048,1.628792521695776,3.152502342214959,1.0,-0.21862227651473956,0.8899154926536165,0.17260466681060024,0.7057780080712507,-2.5097394803968243,-2.539182437455978,3.486221687998281e-05,0.0,2.482718618176949e-05,4.846271482894515e-06,-9.166917376762784e-06,-3.8467138550379865e-05,-1.0780998197734704e-05,-3.2696414834276766e-05
693,0.0022647929258223154,0.0022647928490118568,5.90055879152525e-07,3.7573038640368908,2.2834671263003674,1.6287925294980479,3.1525370427538317,1.0,-0.2185975646458398,0.8899203172897937,0.17259554079288283,0.7057397176988343,-2.509750209936027,-2.539214983993264,3.470053887255631e-05,0.0,2.4711868899768286e-05,4.8246361772363855e-06,-9.126017717409063e-06,-3.829037241642741e-05,-1.0729539202891658e-05,-3.2546537286126664e-05
694,0.0022545810134418534,0.002254580936988018,5.877936757599206e-07,3.7573038648700847,2.283477338209405,1.6287925372633365,3.152571582417051,1.0,-0.21857296752033914,0.8899251203906487,0.17258645548602683,0.7057016032298519,-2.509760888284489,-2.539247381381126,3.45396632193129e-05,0.0,2.459712550065274e-05,4.803100855044207e-06,-9.085306856004838e-06,-3.811446898238646e-05,-1.067834846191218e-05,-3.239738786176005e-05
695,0.002244417235128513,0.002244417159029834,5.840038639982254e-07,3.7573038656990803,2.283487501984391,1.6287925449918328,3.1526059620025118,1.0,-0.21854848456755865,0.8899299020556731,0.1725774107021614,0.7056636638062703,-2.5097715157088607,-2.539279630343779,3.437958546070874e-05,0.0,2.4482952780485734e-05,4.781665024378157e-06,-9.044783865430617e-06,-3.793942358154556e-05,-1.062742437163422e-05,-3.224896265319188e-05
696,0.0022343013450908072,0.002234301269345842,5.817181258184734e-07,3.7573038665239005,2.283497617871117,1.628792552683727,3.1526401823036787,1.0,-0.2185241152200019,0.889934662383869,0.17256840625433786,0.7056258985746936,-2.509782092474203,-2.539311731601555,3.422030116695396e-05,0.0,2.436934755675746e-05,4.760328195851926e-06,-9.004447823535155e-06,-3.776523157672518e-05,-1.0576765342218408e-05,-3.2101257775973835e-05
697,0.002224233098962424,0.002224233023569219,5.790400274910247e-07,3.7573038673445702,2.28350768611395,1.6287925603392068,3.152674244109616,1.0,-0.2184998589133344,0.889939401473752,0.17255944195652473,0.7055883066863338,-2.509792618843996,-2.5393436858709246,3.406180593712449e-05,0.0,2.425630666749723e-05,4.739089882965786e-06,-8.964297813135458e-06,-3.7591888359833625e-05,-1.0526369793151247e-05,-3.195426936963841e-05
698,0.0022142122537965664,0.002214212178753785,5.76349485093772e-07,3.7573038681611126,2.2835177069558354,1.6287925679584596,3.1527081482050137,1.0,-0.21847571508636254,0.8899441194233536,0.17255051762360266,0.705550887296982,-2.509803095080152,-2.5393754938645237,3.390409539782979e-05,0.0,2.4143826971856353e-05,4.717949601662497e-06,-8.924332922072287e-06,-3.741938935175604e-05,-1.0476236155909646e-05,-3.180799359903119e-05
699,0.0022042385680511338,0.002204238493356237,5.736463235294945e-07,3.7573038689735507,2.283527680638317,1.628792575541672,3.1527418953702195,1.0,-0.21845168318101355,0.8899488163302242,0.17254163307135945,0.7055136395669801,-2.509813521443025,-2.5394071562911744,3.3747165205877394e-05,0.0,2.4031905348997906e-05,4.6969068705493555e-06,-8.884552243210164e-06,-3.7247730001910284e-05,-1.0426362873072748e-05,-3.1662426650758135e-05
700,0.002194311801582999,0.0021943117272348175,5.709303635557972e-07,3.757303869781908,2.2835376074015366,1.6287925830890284,3.1527754863812643,1.0,-0.2184277626423146,0.8899534922914352,0.1725327881164852,0.7054765626611916,-2.509823898191424,-2.5394386738559116,3.3591011044720176e-05,0.0,2.392053869895716e-05,4.675961211009216e-06,-8.844954874243083e-06,-3.7076905788469006e-05,-1.0376748398766011e-05,-3.151756473718237e-05
701,0.0021844317156380416,0.002184431641634662,5.682014216464124e-07,3.7573038705862074,2.2835474874842485,1.6287925906007132,3.152808922009891,1.0,-0.21840395291837295,0.8899581474035819,0.17252398257656754,0.7054396557489739,-2.5098342255826207,-2.539470047260004,3.3435628626676817e-05,0.0,2.380972394164238e-05,4.655112146756402e-06,-8.80553991766675e-06,-3.690691221769349e-05,-1.032739119688486e-05,-3.137340409242739e-05
702,0.0021745980728405823,0.002174597999180245,5.658518536701136e-07,3.7573038713864726,2.2835573211238285,1.6287925980769102,3.152842203023583,1.0,-0.21838025346035578,0.8899627817627862,0.17251521627008645,0.7054029180041499,-2.5098445038723636,-2.5395012772009786,3.3281013692043615e-05,0.0,2.3699458017167885e-05,4.634359204280791e-06,-8.766306481083896e-06,-3.673774482404468e-05,-1.0278289742871038e-05,-3.1229940974597525e-05
703,0.002164810637183112,0.0021648105638638385,5.634924888965275e-07,3.7573038721827263,2.283567108556284,1.6287926055178001,3.1528753301855903,1.0,-0.21835666372247017,0.8899673954646989,0.1725064890164098,0.7053663486049803,-2.509854733314887,-2.539532364372644,3.3127162007318134e-05,0.0,2.3589737885604256e-05,4.613701912736801e-06,-8.727253676649172e-06,-3.656939916962809e-05,-1.0229442523268517e-05,-3.108717166533381e-05
704,0.0021550691740191354,0.002155069101039291,5.603312157679621e-07,3.7573038729749895,2.2835768500162614,1.6287926129235644,3.1529083042549586,1.0,-0.21833318316194344,0.8899719886045024,0.17249780063578835,0.7053299467341358,-2.509864914162921,-2.539563309465112,3.2974069368307823e-05,0.0,2.3480560526728533e-05,4.593139803499291e-06,-8.688380621457714e-06,-3.640187084441582e-05,-1.0180848033947143e-05,-3.094509246803767e-05
705,0.002145373450052225,0.002145373377410927,5.579485066786199e-07,3.7573038737632865,2.283586545737056,1.6287926202943828,3.1529411259865547,1.0,-0.21830981123900373,0.8899765612769132,0.17248915094935097,0.7052937115786703,-2.5098750466677036,-2.539594113164822,3.282173159613322e-05,0.0,2.3371922939718903e-05,4.572672410718681e-06,-8.649686437378623e-06,-3.6235155465580426e-05,-1.0132504782767171e-05,-3.080369971009134e-05
706,0.002135723233329133,0.002135723161023777,5.555555785389986e-07,3.757303874547639,2.283596195950623,1.628792627630434,3.1529737961310946,1.0,-0.2182865474168601,0.8899811135761843,0.17248053977910002,0.7052576423299923,-2.5098851310789905,-2.5396247761545623,3.2670144539892476e-05,0.0,2.3263822143626545e-05,4.552299271098903e-06,-8.611170250943934e-06,-3.6069248677939036e-05,-1.008441128691473e-05,-3.0662989740193325e-05
707,0.0021261182932238447,0.002126118221253807,5.527507362065209e-07,3.7573038753280703,2.283605800887586,1.628792634931896,3.1530063154351695,1.0,-0.21826339116168378,0.8899856455961079,0.17247196694790654,0.7052217381838395,-2.5098951676450656,-2.5396552991134937,3.2519304074885014e-05,0.0,2.3156255176320917e-05,4.532019923675357e-06,-8.572831193487396e-06,-3.59041461528431e-05,-1.0036566075122266e-05,-3.052295893146706e-05
708,0.0021165584004425126,0.002116558328804811,5.503352079576141e-07,3.757303876104601,2.2836153607772416,1.6287926421989447,3.1530386846412726,1.0,-0.21824034194258865,0.8899901574300181,0.1724634322795056,0.7051859983402505,-2.509905156612751,-2.5396856827171703,3.23692061030556e-05,0.0,2.3049219095128137e-05,4.511833910147978e-06,-8.53466840092243e-06,-3.5739843588955544e-05,-9.988967685448102e-06,-3.0383603676575888e-05
709,0.0021070433269957845,0.002107043255689756,5.483141390375593e-07,3.7573038768772533,2.2836248758475763,1.6287926494317568,3.1530709044878256,1.0,-0.2182173992316124,0.8899946491707926,0.17245493559849176,0.7051504220035394,-2.509915098227417,-2.5397159276375625,3.221984655299437e-05,0.0,2.2942710976248115e-05,4.49174077454817e-06,-8.496681013853147e-06,-3.557633671114058e-05,-9.941614666164611e-06,-3.0244920392163976e-05
710,0.002097572846205842,0.002097572775229011,5.450648414543899e-07,3.757303877646051,2.28363434632527,1.6287926566305064,3.1531029757092046,1.0,-0.21819456250369765,0.8899991209108562,0.17244647673031416,0.7051150083822685,-2.509924992732994,-2.539746034543079,3.207122137904861e-05,0.0,2.283672791475455e-05,4.471740063571872e-06,-8.458868177602108e-06,-3.541362127090775e-05,-9.894505576646395e-06,-3.0106905516635862e-05
711,0.0020881467326890096,0.002088146662040573,5.434329071286528e-07,3.757303878411012,2.2836437724357044,1.6287926637953665,3.1531348990357655,1.0,-0.21817183123667314,0.8900035727421822,0.17243805550127236,0.7050797566892223,-2.509934840371979,-2.539776004098589,3.1923326560878706e-05,0.0,2.273126702451167e-05,4.451831326024447e-06,-8.421229041793987e-06,-3.5251693046189914e-05,-9.847638985149842e-06,-2.9969555509712364e-05
712,0.00207876476235058,0.0020787646920285207,5.405651672845266e-07,3.757303879172161,2.2836531544029754,1.6287926709265108,3.1531666751938707,1.0,-0.21814920491123557,0.8900080047562956,0.17242967173851137,0.7050446661413817,-2.5099446413854496,-2.5398058369654413,3.1776158105234487e-05,0.0,2.26263254375636e-05,4.432014113375793e-06,-8.383762760993951e-06,-3.509054784056609e-05,-9.801013470589481e-06,-2.9832866852430584e-05
713,0.0020694267123735023,0.0020694266423759117,5.380949403425457e-07,3.757303879929518,2.2836624924499,1.6287926780241102,3.1531983049059136,1.0,-0.21812668301093063,0.890012417044275,0.17242132527001738,0.7050097359598979,-2.5099543960130704,-2.5398355338014897,3.162971204284659e-05,0.0,2.252190030493928e-05,4.412287979427276e-06,-8.346468493986015e-06,-3.493018148381655e-05,-9.754627620761624e-06,-2.9696836048476172e-05
714,0.002060132361211762,0.0020601322915381184,5.356133209351194e-07,3.7573038806831036,2.2836717867980227,1.6287926850883354,3.1532297888903447,1.0,-0.21810426502213529,0.8900168096967556,0.17241301592461303,0.7049749653700669,-2.5099641044931054,-2.5398650952611113,3.148398443109102e-05,0.0,2.2417988795347954e-05,4.392652480533776e-06,-8.309345404355906e-06,-3.477058983103465e-05,-9.708480035008904e-06,-2.9561459621518793e-05
715,0.0020508814885819653,0.002050881419229951,5.331201499700108e-07,3.7573038814329403,2.2836810376676286,1.6287926921193567,3.153261127861696,1.0,-0.2180819504340392,0.8900211828039307,0.17240474353195318,0.7049403536013036,-2.5099737670624265,-2.5398945219952282,3.1338971351324574e-05,0.0,2.23145880960951e-05,4.373107175159596e-06,-8.27239265985269e-06,-3.461176876329297e-05,-9.662569321111647e-06,-2.9426734116988484e-05
716,0.0020416738754533764,0.0020416738064216607,5.306152646173556e-07,3.757303882179049,2.2836902452777474,1.6287926991173418,3.1532923225306067,1.0,-0.21805973873862688,0.8900255364555553,0.17239650792252031,0.704905899887117,-2.5099833839565227,-2.5399238146513294,3.119466891066125e-05,0.0,2.2211695412305277e-05,4.353651624544597e-06,-8.235609432860613e-06,-3.445371418653309e-05,-9.616894096176054e-06,-2.9292656101187475e-05
717,0.002032509304039737,0.002032509235326504,5.285187915256144e-07,3.7573038829214487,2.283699409846166,1.628792706082459,3.1533233736038464,1.0,-0.21803762943066,0.8900298707409469,0.17238830892762017,0.7048716034650852,-2.509992955409511,-2.5399529738734916,3.105107323975176e-05,0.0,2.2109307966894365e-05,4.334285391593973e-06,-8.198994900149303e-06,-3.4296422031898643e-05,-9.571452988410556e-06,-2.9159222162178366e-05
718,0.002023387557793032,0.002023387489396303,5.264139691786736e-07,3.7573038836601613,2.283708531589432,1.6287927130148752,3.1533542817843427,1.0,-0.2180156220076595,0.8900341857489892,0.17238014637937718,0.7048374635768295,-2.510002481654144,-2.5399820003023983,3.090818049633626e-05,0.0,2.2007423000486304e-05,4.315008042321544e-06,-8.16254824298479e-06,-3.413988825562431e-05,-9.52624463312901e-06,-2.9026428906675505e-05
719,0.002014308421390174,0.0020143083533090108,5.238770196213468e-07,3.7573038843952076,2.2837176107228676,1.6287927199147556,3.1533850477712018,1.0,-0.2179937159698881,0.8900384815681339,0.17237202011073033,0.7048034794679912,-2.510011962921822,-2.540010894575362,3.0765986859027095e-05,0.0,2.190603777141309e-05,4.295819144739532e-06,-8.126268646851953e-06,-3.3984108838369664e-05,-9.481267677635685e-06,-2.88942729635977e-05
720,0.002005271680732257,0.002005271612965158,5.209016291185836e-07,3.757303885126607,2.2837266474605724,1.6287927267822653,3.1534156722597353,1.0,-0.21797191082033276,0.8900427582864028,0.17236392995542874,0.7047696503882056,-2.5100213994425986,-2.5400396573263437,3.062448853352606e-05,0.0,2.1805149555326198e-05,4.276718268858559e-06,-8.090155301593294e-06,-3.3829079785552274e-05,-9.436520776784363e-06,-2.8762750981847773e-05
721,0.0019962771229306404,0.0019962770554754184,5.191937503273648e-07,3.7573038858543817,2.2837356420154356,1.6287927336175683,3.153446155941483,1.0,-0.21795020606468757,0.8900470159913904,0.17235587574802722,0.7047359755910785,-2.510030791445194,-2.540068289185974,3.048368174773941e-05,0.0,2.1704755645196583e-05,4.257704987575828e-06,-8.054207401519964e-06,-3.367479712712562e-05,-9.39200259519879e-06,-2.863185963031256e-05
722,0.001987324536299769,0.0019873244691552814,5.166213459777805e-07,3.757303886578548,2.2837445945991415,1.6287927404208276,3.153476499504237,1.0,-0.21792860121133617,0.8900512547702659,0.17234785732388225,0.7047024543341615,-2.510040139157,-2.540096790781573,3.03435627539983e-05,0.0,2.1604853351397946e-05,4.238778875564897e-06,-8.018424144967673e-06,-3.352125691702401e-05,-9.347711806384496e-06,-2.8501595598751095e-05
723,0.0019784137103503476,0.001978413643515724,5.140360686379829e-07,3.7573038872991305,2.283753505422179,1.6287927471922046,3.153506703632066,1.0,-0.2179070957713352,0.8900554747097762,0.1723398745191473,0.7046690858789285,-2.510049442804094,-2.5401251627371684,3.020412782905879e-05,0.0,2.1505440000957332e-05,4.219939510274884e-06,-7.982804734935067e-06,-3.336845523294052e-05,-9.303647093616974e-06,-2.837195559557415e-05
724,0.001969544435781426,0.001969544369253885,5.118716966306524e-07,3.757303888016146,2.2837623746938513,1.6287927539318607,3.153536769005337,1.0,-0.217885689258397,0.890059675896247,0.17233192717076912,0.7046358694907513,-2.5100587026112424,-2.540153405673518,3.0065373270993234e-05,0.0,2.1406512938221267e-05,4.2011864708202395e-06,-7.947348378195551e-06,-3.321638817721517e-05,-9.259807148609411e-06,-2.8242936349620607e-05
725,0.0019607165044725917,0.001960716438251736,5.09262308199264e-07,3.7573038887296146,2.283771202622276,1.6287927606399564,3.1535666963007407,1.0,-0.21786438118887302,0.890063858415586,0.17232401511648301,0.7046028044388762,-2.5100679188019144,-2.540181520208128,2.992729540363115e-05,0.0,2.1308069523967577e-05,4.182519338979951e-06,-7.9120542861022e-06,-3.306505187505859e-05,-9.216190671956781e-06,-2.811453461015745e-05
726,0.0019519297094738124,0.0019519296435574248,5.070775606385987e-07,3.7573038894395574,2.283779989414405,1.6287927673166507,3.153596486191313,1.0,-0.21784317108173715,0.8900680223532846,0.17231613819480904,0.7045698899964006,-2.510077091598288,-2.5402095069552733,2.9789890572118338e-05,0.0,2.1210107135877232e-05,4.163937698642428e-06,-7.876921673977133e-06,-3.291444247566222e-05,-9.172796373579928e-06,-2.7986747145103408e-05
727,0.0019431838450010574,0.0019431837793879435,5.048833592563151e-07,3.7573038901459928,2.2837887352760213,1.6287927739621022,3.153626139346458,1.0,-0.21782205845856897,0.8900721677944204,0.17230829624504762,0.7045371254402492,-2.51008622122126,-2.5402373665260147,2.9653155145137333e-05,0.0,2.1112623168173528e-05,4.1454411358055054e-06,-7.841949761416833e-06,-3.2764556151421154e-05,-9.129622971837392e-06,-2.785957074147305e-05
728,0.0019344787064267562,0.0019344786411158047,5.022376640544205e-07,3.75730389084894,2.2837974404117523,1.6287927805764681,3.1536556564319724,1.0,-0.21780104284353768,0.8900762948236592,0.1723004891072755,0.7045045100511514,-2.5100953078904533,-2.5402650995282214,2.9517085514463304e-05,0.0,2.1015615031289014e-05,4.127029238798485e-06,-7.807137772125605e-06,-3.261538909771211e-05,-9.08666919352541e-06,-2.7733002206709045e-05
729,0.0019258140902722236,0.001925814025261048,5.004660971089256e-07,3.7573038915484185,2.2838061050250777,1.6287927871599046,3.1536850381100656,1.0,-0.21778012376338537,0.8900804035252575,0.17229271662234164,0.7044720431136181,-2.5101043518242285,-2.540292706566588,2.9381678093187702e-05,0.0,2.0919080152309588e-05,4.1087015982821384e-06,-7.772484933860069e-06,-3.2466937533337514e-05,-9.043933775210178e-06,-2.7607038366461722e-05
730,0.001917189794199463,0.0019171897294872422,4.97796925559349e-07,3.757303892244447,2.283814729318334,1.6287927937125677,3.1537142850393844,1.0,-0.21775930074741137,0.8900844939830641,0.17228497863186307,0.7044397239159186,-2.5101133532396895,-2.5403201882426534,2.9246929318826886e-05,0.0,2.0823015974003045e-05,4.09045780658257e-06,-7.737990478567935e-06,-3.231919769952629e-05,-9.001415461007412e-06,-2.7481676065477245e-05
731,0.001908605617005792,0.0019086055525908286,4.955616339539307e-07,3.757303892937045,2.283823313492725,1.6287928002346124,3.1537433978750338,1.0,-0.2177385733274558,0.8900885662805229,0.17227727497822087,0.7044075517500582,-2.5101223123526926,-2.540347545154821,2.911283564932532e-05,0.0,2.0727419955568482e-05,4.072297458801444e-06,-7.70365364219372e-06,-3.2172165860377966e-05,-8.959113003026431e-06,-2.7356912167597613e-05
732,0.001900061358613308,0.0019000612944944596,4.928659024399934e-07,3.7573038936262315,2.2838318577483276,1.6287928067261923,3.153772377268599,1.0,-0.21771794103788378,0.8900926205006746,0.17226960550455617,0.7043755259117557,-2.510131229377856,-2.540374777898376,2.8979393565276013e-05,0.0,2.0632289572025675e-05,4.054220151705756e-06,-7.669473664706494e-06,-3.2025838302529586e-05,-8.917025163590608e-06,-2.7232743554872485e-05
733,0.0018915568200653105,0.0018915567562407805,4.915124923727158e-07,3.757303894312024,2.2838403622840993,1.6287928131874603,3.153801223868169,1.0,-0.21769740341556973,0.890096656726159,0.17226197005476604,0.704343645700421,-2.510140104528568,-2.5404018870655047,2.8846599569920528e-05,0.0,2.0537622314048543e-05,4.036225484393974e-06,-7.635449790127646e-06,-3.188021133471164e-05,-8.875150711684654e-06,-2.7109167128891443e-05
734,0.001883091803515562,0.0018830917399839911,4.887944301026132e-07,3.757303894994443,2.2838488272978856,1.6287928196185693,3.1538299383183563,1.0,-0.21767695999988163,0.8901006750392172,0.17225436847349956,0.7043119104191327,-2.510148938016994,-2.5404288732453137,2.871445018737262e-05,0.0,2.0443415688103928e-05,4.018313058185008e-06,-7.601581266475366e-06,-3.173528128830316e-05,-8.83348842606324e-06,-2.6986179809007638e-05
735,0.0018746661122229504,0.0018746660489822996,4.869739603510009e-07,3.757303895673505,2.2838572529864285,1.6287928260196696,3.1538585212603194,1.0,-0.21765661033266506,0.8901046755216936,0.17224680060615388,0.7042803193746163,-2.5101577300540865,-2.5404557370238465,2.8582941963062325e-05,0.0,2.0349667216562617e-05,4.000482476396172e-06,-7.567867345681378e-06,-3.1591044516332545e-05,-8.792037092586469e-06,-2.686377853278188e-05
736,0.0018662795505413274,0.001866279487591701,4.842304232499623e-07,3.757303896349231,2.283865639545372,1.6287928323909122,3.1538869733317845,1.0,-0.2176363539582285,0.8901086582550379,0.1722392662988702,0.7042488718772226,-2.5101664808495916,-2.5404824789841025,2.845207146506823e-05,0.0,2.0256374436561364e-05,3.982733344343181e-06,-7.534307283674213e-06,-3.1447497393699564e-05,-8.750795505108044e-06,-2.6741960255982633e-05
737,0.001857931923918297,0.0018579318612570986,4.823927300047518e-07,3.7573038970216373,2.2838739871692706,1.6287928387324466,3.153915295167066,1.0,-0.21761619042332728,0.8901126233203075,0.17223176539853005,0.7042175672409051,-2.5101751906120584,-2.5405090997060555,2.8321835281452934e-05,0.0,2.0163534901224134e-05,3.965065269562196e-06,-7.500900340157157e-06,-3.130463631750846e-05,-8.709762466807547e-06,-2.6620721953030113e-05
738,0.0018496230388816111,0.0018496229765078613,4.805480091749804e-07,3.7573038976907407,2.2838822960515954,1.6287928450444216,3.153943487397088,1.0,-0.21759611927714884,0.8901165707981692,0.17222429775275103,0.7041864047831995,-2.510183859548847,-2.540535599766671,2.819223002203941e-05,0.0,2.0071146178440857e-05,3.9474778616988004e-06,-7.46764577902459e-06,-3.1162457705624647e-05,-8.668936788414072e-06,-2.6500060615664012e-05
739,0.001841352703036348,0.0018413526409484986,4.777675730550751e-07,3.7573038983565628,2.2838905663847417,1.6287928513269851,3.153971550649406,1.0,-0.21757614007129744,0.8901205007689015,0.17221686320988322,0.7041553838252016,-2.510192487866135,-2.5405619797399246,2.8063252317966914e-05,0.0,1.9979205851394788e-05,3.929970732285959e-06,-7.43454286780687e-06,-3.102095799789595e-05,-8.628317288206233e-06,-2.637997325338759e-05
740,0.001833120725055193,0.0018331206632519988,4.759049243531067e-07,3.7573038990191185,2.2838987983600365,1.6287928575802841,3.1539994855482263,1.0,-0.21755625235977902,0.8901244133123964,0.1722094616190054,0.7041245036915461,-2.510201075768927,-2.5405882401968185,2.793489882035871e-05,0.0,1.9887711518423723e-05,3.912543494966059e-06,-7.401590877809117e-06,-3.0880133655486475e-05,-8.587902792012159e-06,-2.6260456893911766e-05
741,0.0018249269146740073,0.0018249268531540562,4.740349567111437e-07,3.7573038996784276,2.283906992167744,1.628792863804465,3.1540272927144275,1.0,-0.21753645569898655,0.8901283085081619,0.17220209282992108,0.7040937637103858,-2.510209623461062,-2.5406143817054008,2.7807166201210265e-05,0.0,1.9796660792464893e-05,3.895195765490911e-06,-7.368789084333249e-06,-3.0739981160321506e-05,-8.547692134985851e-06,-2.6141508582266937e-05
742,0.0018167710826831778,0.0018167710214446328,4.721575831697883e-07,3.757303900334506,2.283915147997074,1.6287928699996737,3.1540549727655804,1.0,-0.2175167496476851,0.8901321864353235,0.17219475669315457,0.7040631632133704,-2.510218131145221,-2.540640404830782,2.768005115294514e-05,0.0,1.970605130144354e-05,3.877927161610728e-06,-7.3361367665114585e-06,-3.060049701542056e-05,-8.507684158942652e-06,-2.602312538124707e-05
743,0.0018086530409204497,0.0018086529799630744,4.6980031640632723e-07,3.7573039009873725,2.2839232660361874,1.6287928761660537,3.15408252631597,1.0,-0.2174971337669973,0.8901360471726266,0.1721874530599474,0.7040327015356258,-2.5102265990229347,-2.5406663101351517,2.7553550389747272e-05,0.0,1.9615880687801068e-05,3.860737303074124e-06,-7.303633207167426e-06,-3.046167774456432e-05,-8.467877713691507e-06,-2.5905304369633342e-05
744,0.0018005726022659093,0.001800572541587451,4.674311620401819e-07,3.7573039016370453,2.283931346472206,1.62879288230375,3.1541099539766138,1.0,-0.2174776076203886,0.8901398907984382,0.17218018178225458,0.7040023780157334,-2.5102350272945912,-2.5406920981777965,2.7427660643564167e-05,0.0,1.95261466087171e-05,3.843625811628115e-06,-7.271277692816325e-06,-3.032351989240567e-05,-8.42827165659088e-06,-2.5788042644858677e-05
745,0.0017925295806339593,0.0017925295202332262,4.655271575395301e-07,3.7573039022835393,2.283939389491214,1.6287928884129044,3.154137256355281,1.0,-0.21745817077365287,0.8901437173907492,0.17217294271274083,0.7039721919957094,-2.510243416159444,-2.5407177695151177,2.730237866721552e-05,0.0,1.943684673572088e-05,3.826592310907095e-06,-7.2390695137480865e-06,-3.0186020024025595e-05,-8.38886485254875e-06,-2.567133732123139e-05
746,0.0017845237909678117,0.0017845237308434854,4.631361445164738e-07,3.757303902926873,2.2839473952782687,1.62879289449366,3.1541644340565163,1.0,-0.21743882279489837,0.8901475270271757,0.17216573570477672,0.7039421428209848,-2.5102517658156183,-2.540743324700647,2.7177701235281404e-05,0.0,1.934797875449701e-05,3.809636426543861e-06,-7.207007964110668e-06,-3.0049174724600114e-05,-8.349656174466702e-06,-2.555518552904701e-05
747,0.0017765550492299202,0.0017765549893804995,4.6121440948671995e-07,3.757303903567065,2.2839553640174075,1.6287929005461583,3.1541914876816564,1.0,-0.21741956325453302,0.8901513197849621,0.17215856061243515,0.703912229840385,-2.5102600764601206,-2.5407687642850636,2.7053625140105453e-05,0.0,1.9259540365357264e-05,3.792757786391654e-06,-7.175092341576983e-06,-2.9912980599733352e-05,-8.31064450235175e-06,-2.5439584416808714e-05
748,0.001768623172399163,0.0017686231128235046,4.588009213906761e-07,3.75730390420413,2.283963295891651,1.628792906570539,3.1542184178288495,1.0,-0.21740039172525044,0.8901550957409821,0.17215141729048763,0.7038824524061096,-2.5102683482888444,-2.540794088816212,2.693014719312714e-05,0.0,1.9171529282574484e-05,3.775956019969051e-06,-7.1433219475114385e-06,-2.9777434275457537e-05,-8.271828723760422e-06,-2.5324531148562812e-05
749,0.0017607279784623883,0.0017607279191593744,4.5734671512910545e-07,3.7573039048380865,2.2839711910830127,1.6287929125669427,3.154245225093077,1.0,-0.21738130778201611,0.8901588549717406,0.17214430559440072,0.7038528098737122,-2.5102765814965777,-2.540819298839118,2.6807264227546312e-05,0.0,1.908394323432705e-05,3.759230758570986e-06,-7.111696086914421e-06,-2.9642532397344823e-05,-8.233207733354675e-06,-2.521002290567509e-05
750,0.0017528692864083866,0.00175286922737596,4.544243419759583e-07,3.7573039054689503,2.2839790497725043,1.6287929185355088,3.154271910066171,1.0,-0.2173623110020532,0.8901625975533767,0.1721372253803322,0.7038233016020816,-2.5102847762770115,-2.5408443948960038,2.668497309388229e-05,0.0,1.899677996292093e-05,3.7425816360459052e-06,-7.080214068533319e-06,-2.950827163061831e-05,-8.194780433790072e-06,-2.509605688594263e-05
751,0.00174504691622012,0.0017450468574576506,4.5295608501347284e-07,3.7573039060967384,2.2839868721401415,1.6287929244763748,3.154298473336834,1.0,-0.21734340096482885,0.8901663235616643,0.17213017650512757,0.703793926953421,-2.5102929328227455,-2.540869377526306,2.6563270663082506e-05,0.0,1.891003722434559e-05,3.7260082875745226e-06,-7.048875204612726e-06,-2.9374648660596137e-05,-8.156545733939424e-06,-2.4982630302261555e-05
752,0.001737260688870373,0.0017372606303764887,4.5099097342555774e-07,3.7573039067214675,2.283994658364952,1.6287929303896787,3.154324915490658,1.0,-0.2173245772520404,0.8901700330720147,0.17212315882631665,0.7037646852932291,-2.5103010513252957,-2.540894247266692,2.644215382385795e-05,0.0,1.8823712788440528e-05,3.709510350446976e-06,-7.01767881092219e-06,-2.924166019191432e-05,-8.11850255022506e-06,-2.486974038617973e-05
753,0.0017295104263135089,0.001729510368086842,4.4802714521804554e-07,3.7573039073431547,2.284002408624982,1.628792936275557,3.154351237110143,1.0,-0.21730583944760182,0.8901737261594785,0.1721161722021097,0.7037355759902804,-2.510309131975103,-2.5409190046510757,2.6321619485347725e-05,0.0,1.8737804438589967e-05,3.693087463840783e-06,-6.986624206950509e-06,-2.9109302948748805e-05,-8.080649807507001e-06,-2.475738438345587e-05
754,0.0017217959514817017,0.0017217958935209648,4.4653785418784086e-07,3.7573039079618153,2.2840101230972985,1.6287929421341456,3.1543774387747177,1.0,-0.21728718713763007,0.8901774028987475,0.17210921649139413,0.7037065984166061,-2.5103171749615387,-2.540943650210632,2.6201664574454497e-05,0.0,1.8652309971750602e-05,3.676739268931861e-06,-6.9557107155726605e-06,-2.897757367426035e-05,-8.042986435530253e-06,-2.4645559556280006e-05
755,0.0017141170882763671,0.001714117030579668,4.4454437166978184e-07,3.7573039085774664,2.284017801958001,1.6287929479655807,3.154403521060755,1.0,-0.21726861991043184,0.8901810633641558,0.1721022915537309,0.703677751947475,-2.510325180472911,-2.5409681844738157,2.6082286037176772e-05,0.0,1.8567227198229563e-05,3.6604654083394195e-06,-6.924937663216335e-06,-2.8846469131149632e-05,-8.005511372477514e-06,-2.4534263183717542e-05
756,0.0017064736615624546,0.0017064736041296593,4.4254190936439096e-07,3.757303909190123,2.2840254453822224,1.6287929537699952,3.154429484541592,1.0,-0.21725013735649004,0.8901847076296829,0.17209539724935097,0.7036490359613744,-2.5103331486964744,-2.540992607966375,2.596348083727662e-05,0.0,1.8482553941795432e-05,3.6442655271251567e-06,-6.894304379945204e-06,-2.8715986100547042e-05,-7.968223563192822e-06,-2.4423492559488835e-05
757,0.0016988654971630806,0.001698865439991992,4.415372726329915e-07,3.757303909799803,2.284033053544142,1.6287929595475243,3.15445532978755,1.0,-0.21723173906845078,0.8901883357689548,0.17208853343915184,0.7036204498399915,-2.510341079818434,-2.541016921211369,2.584524595805604e-05,0.0,1.8398288039261912e-05,3.6281392719050842e-06,-6.863810199125853e-06,-2.8586121382900842e-05,-7.931121959625642e-06,-2.4313244993745542e-05
758,0.0016912924218521236,0.001691292364942069,4.3850955276376843e-07,3.757303910406521,2.284040626616984,1.6287929652983002,3.15448105736595,1.0,-0.2172134246411099,0.8901919478552458,0.1720816999846942,0.7035919929681941,-2.5103489740239544,-2.5410411247291806,2.572757839969242e-05,0.0,1.8314427340876405e-05,3.6120862909605478e-06,-6.8334544576498235e-06,-2.8456871797422068e-05,-7.894205520386777e-06,-2.420351781173835e-05
759,0.0016837542633502437,0.0016837542066998705,4.3647940504184143e-07,3.757303911010293,2.284048164773029,1.6287929710224558,3.1545066678411313,1.0,-0.21719519367140017,0.8901955439614806,0.1720748967481984,0.7035636647340126,-2.5103568314971647,-2.5410652190375353,2.561047518145898e-05,0.0,1.8230969709737144e-05,3.5961062347933392e-06,-6.80323649579484e-06,-2.832823418152941e-05,-7.857473210304278e-06,-2.4094308354705163e-05
760,0.001676250850317325,0.0016762507939250698,4.344397704933097e-07,3.7573039116111357,2.2840556681836164,1.6287929767201221,3.1545321617744726,1.0,-0.21717704575837837,0.8901991241602359,0.172068123592541,0.703535464528621,-2.510364652421167,-2.541089204651514,2.5493933341280695e-05,0.0,1.8147913021793194e-05,3.5801987553485404e-06,-6.773155657391339e-06,-2.8200205391515354e-05,-7.820924002199803e-06,-2.3985613978538822e-05
761,0.0016687820123462093,0.001668781956210817,4.329037382106204e-07,3.757303912209064,2.2840631370191535,1.62879298239143,3.1545575397244052,1.0,-0.2171589805032123,0.8902026885237426,0.1720613803812515,0.7035073917463194,-2.510372436978041,-2.541113082083569,2.5377949932625654e-05,0.0,1.8065255166066496e-05,3.5643635066806567e-06,-6.743211289517159e-06,-2.8072782301657995e-05,-7.78455687422408e-06,-2.3877432055119385e-05
762,0.0016613475799580125,0.001661347524078407,4.308471767545066e-07,3.757303912804094,2.284070571449119,1.6287929880365102,3.1545828022464337,1.0,-0.21714099750916804,0.890206237123887,0.1720546669785088,0.7034794457845146,-2.5103801853488537,-2.541136851843541,2.5262522028501877e-05,0.0,1.798299404426329e-05,3.548600144398506e-06,-6.713402742691832e-06,-2.7945961804776154e-05,-7.748370812521443e-06,-2.376975997187003e-05
763,0.0016539473845950394,0.0016539473289701786,4.28780751524516e-07,3.7573039133962403,2.2840779716420703,1.628792993655491,3.154607949893153,1.0,-0.21712309638159727,0.8902097700322131,0.17204798324913803,0.7034516260437029,-2.5103878977136627,-2.541160514438671,2.514764671923686e-05,0.0,1.790112757077411e-05,3.5329083261093075e-06,-6.6837293707655565e-06,-2.7819740811674265e-05,-7.712364809009387e-06,-2.36625951299807e-05
764,0.0016465812586174777,0.001646581203245512,4.2618363040909765e-07,3.7573039139855187,2.284085337765648,1.6287929992485024,3.1546329832142654,1.0,-0.21710527672792482,0.8902132873199241,0.17204132905860706,0.703423931927452,-2.510395574251525,-2.541184070373618,2.503332111247758e-05,0.0,1.7819653672451752e-05,3.5172877109745926e-06,-6.654190530974713e-06,-2.769411625092033e-05,-7.676537862266741e-06,-2.3555934947072643e-05
765,0.0016392490352917569,0.0016392489801723969,4.251403396632437e-07,3.757303914571946,2.2840926699865842,1.6287930048156711,3.1546579027565986,1.0,-0.217087538157636,0.8902167890578842,0.17203470427302314,0.7033963628423827,-2.5104032151405025,-2.5412075201504716,2.4919542333190492e-05,0.0,1.7738570288805544e-05,3.501737960043272e-06,-6.624785583914106e-06,-2.756908506929001e-05,-7.640888977533677e-06,-2.3449776853645687e-05
766,0.0016319505487933253,0.0016319504939247634,4.230460395389347e-07,3.7573039151555343,2.284099968470705,1.6287930103571258,3.1546827090641214,1.0,-0.21706988028226415,0.8902202753166202,0.17202810875913002,0.7033689181981515,-2.5104108205576683,-2.5412308642687695,2.4806307522773352e-05,0.0,1.7657875371862586e-05,3.4862587360295905e-06,-6.59551389312063e-06,-2.7444644231211512e-05,-7.605417165823525e-06,-2.3344118297963234e-05
767,0.001624685634193173,0.0016246855795740483,4.2146848510894346e-07,3.7573039157363013,2.2841072333829384,1.6287930158729913,3.154707402677963,1.0,-0.21705230271537862,0.8902237461663238,0.172021542384304,0.7033415974074332,-2.5104183906791144,-2.5412541032255094,2.4693613841719753e-05,0.0,1.757756688552936e-05,3.470849703646195e-06,-6.566374826016963e-06,-2.7320790718321497e-05,-7.570121446143219e-06,-2.3238956739835004e-05
768,0.0016174541274561818,0.0016174540730860818,4.193558478197572e-07,3.757303916314262,2.284114464887319,1.6287930213633948,3.1547319841364287,1.0,-0.21703480507257228,0.8902272016768528,0.17201500501655123,0.7033143998859029,-2.510425925679957,-2.5412772375151653,2.458145846562232e-05,0.0,1.749764280634114e-05,3.4555105289379995e-06,-6.537367752773582e-06,-2.719752153024224e-05,-7.535000842384676e-06,-2.3134289655946105e-05
769,0.0016102558654377199,0.0016102558113148737,4.172325134277374e-07,3.75730391688943,2.2841216631469927,1.6287930268284616,3.1547564539750157,1.0,-0.2170173869714494,0.8902306419177327,0.17200849652450423,0.7032873250522191,-2.5104334257343415,-2.5413002676297016,2.4469838586949066e-05,0.0,1.7418101122879115e-05,3.4402408799483197e-06,-6.508492047002656e-06,-2.7074833683804478e-05,-7.500054384657062e-06,-2.3030114536304325e-05
770,0.0016030906858702629,0.0016030906319932884,4.1563289406840367e-07,3.757303917461821,2.2841288283242265,1.628793032268315,3.154780812726432,1.0,-0.21700004803161377,0.8902340669581592,0.1720020167774186,0.7032603723280064,-2.510440891015452,-2.541323194058587,2.4358751416375668e-05,0.0,1.7338939835631617e-05,3.425040426496828e-06,-6.47974708561927e-06,-2.695272421271433e-05,-7.46528111061906e-06,-2.2926428885572392e-05
771,0.0015959584273648462,0.0015959583737330404,4.1402709452658604e-07,3.757303918031449,2.2841359605804086,1.6287930376830801,3.1548050609206126,1.0,-0.2169827878746566,0.890237476866999,0.17199556564517007,0.703233541137838,-2.510448321695515,-2.54134601728881,2.4248194180565008e-05,0.0,1.7260156957160655e-05,3.409908839735465e-06,-6.451132248536107e-06,-2.6831190168441488e-05,-7.430680062814332e-06,-2.282323022262389e-05
772,0.0015888589294035182,0.001588858876015817,4.1187628987685893e-07,3.7573039185983292,2.2841430600760573,1.6287930430728794,3.1548291990847344,1.0,-0.21696560612414462,0.8902408717127919,0.17198914299825105,0.703206830909219,-2.510455717945806,-2.54136873780489,2.4138164121723094e-05,0.0,1.718175051199089e-05,3.3948457929255937e-06,-6.422646919024277e-06,-2.6710228618997967e-05,-7.39625029089197e-06,-2.2720516080099173e-05
773,0.001581792032335954,0.0015817919791906111,4.097141946812754e-07,3.7573039191624757,2.2841501269708235,1.6287930484378357,3.1548532277432337,1.0,-0.21694850240560828,0.8902442515637526,0.17198274870776772,0.7031802410725695,-2.5104630799366556,-2.541391356088896,2.402865849937541e-05,0.0,1.710371853633208e-05,3.3798509607718685e-06,-6.394290483324738e-06,-2.6589836649493215e-05,-7.361990849830136e-06,-2.261828400618171e-05
774,0.0015747575773682014,0.0015747575244643966,4.0808510594455145e-07,3.7573039197239044,2.2841571614235003,1.6287930537780706,3.154877147417823,1.0,-0.21693147634653015,0.8902476164877723,0.17197638264543658,0.7031537710612078,-2.510470407837457,-2.541413872620458,2.3919674589478745e-05,0.0,1.7026059078134592e-05,3.3649240196442776e-06,-6.3660623311478926e-06,-2.6470011361690027e-05,-7.327900801268328e-06,-2.251653156193356e-05
775,0.0015677554065629136,0.0015677553538994634,4.064494877155408e-07,3.7573039202826277,2.2841641635920253,1.6287930590937056,3.1549009586275067,1.0,-0.21691452757633317,0.8902509665524201,0.1719700446835816,0.7031274203113336,-2.510477701816669,-2.5414362878767798,2.3811209683533008e-05,0.0,1.694877019697838e-05,3.3500646478001883e-06,-6.337961854979701e-06,-2.6350749874226587e-05,-7.293979212175117e-06,-2.2415256321739463e-05
776,0.0015607853628313091,0.0015607853104067568,4.0425836939366545e-07,3.757303920838662,2.2841711336334876,1.6287930643848607,3.154924661888596,1.0,-0.21689765572636915,0.8902543018249449,0.17196373469513093,0.7031011882620115,-2.5104849620418257,-2.541458602332655,2.3703261089469407e-05,0.0,1.687184996401747e-05,3.335272524829236e-06,-6.30998845066455e-06,-2.6232049322061357e-05,-7.2602251566245e-06,-2.2314455875083183e-05
777,0.0015538472899294024,0.001553847237742767,4.0315834458079264e-07,3.757303921392019,2.2841780717041305,1.628793069651656,3.1549482577147265,1.0,-0.2168808604299072,0.8902576223722772,0.17195745255361392,0.7030750743551548,-2.5104921886795393,-2.5414808164604796,2.3595826130318187e-05,0.0,1.6795296461952214e-05,3.3205473323194568e-06,-6.2821415170166706e-06,-2.6113906856695124e-05,-7.226637713575457e-06,-2.2214127824771168e-05
778,0.0015469410324531563,0.0015469409805033136,4.0094924113374354e-07,3.7573039219427153,2.284184977959358,1.6287930748942105,3.1549717466168734,1.0,-0.21686414132212256,0.8902609282610303,0.17195119813315793,0.7030490780355088,-2.5104993818955075,-2.541502930730266,2.348890214687316e-05,0.0,1.6719107784640697e-05,3.305888753080133e-06,-6.254420455986676e-06,-2.5996319646059973e-05,-7.193215968204214e-06,-2.211426978648845e-05
779,0.0015400664358300026,0.001540066384115996,3.9872789860545817e-07,3.7573039224907636,2.284191852553743,1.6287930801126433,3.1549951291033667,1.0,-0.2168474980400851,0.8902642195575021,0.1719449713084854,0.7030231987506346,-2.510506541854519,-2.5415249456096567,2.338248649325081e-05,0.0,1.6643282037459572e-05,3.291296471807925e-06,-6.226824672522779e-06,-2.5879284874186226e-05,-7.15995901146016e-06,-2.2014879390575004e-05
780,0.0015332233463166086,0.0015332232948379715,3.9761257362742487e-07,3.7573039230361784,2.284198695641028,1.6287930853070718,3.1550184056799075,1.0,-0.21683093022274816,0.8902674963276771,0.1719387719549107,0.7029974359508934,-2.5105136687204594,-2.5415468615639365,2.3276576540887106e-05,0.0,1.6567817336943236e-05,3.2767701749758515e-06,-6.199353574709576e-06,-2.5762799741202436e-05,-7.12686594050993e-06,-2.1915954279805305e-05
781,0.0015264116109944218,0.0015264115597488524,3.953724849647786e-07,3.757303923578973,2.284205507374133,1.6287930904776131,3.1550415768495834,1.0,-0.21681443751093732,0.8902707586372273,0.17193259994833726,0.70297178908943,-2.5105207626563173,-2.541568679056048,2.317116967587296e-05,0.0,1.6492711810839333e-05,3.262309550167153e-06,-6.172006573434974e-06,-2.564686146333539e-05,-7.093935857849232e-06,-2.181749211160877e-05
782,0.0015196310777615685,0.0015196310267484826,3.936840538270173e-07,3.7573039241191615,2.2842122879051585,1.6287930956243841,3.1550646431128837,1.0,-0.2167980195473395,0.8902740065515142,0.17192645516525434,0.7029462576221573,-2.5105278238241886,-2.541590398546603,2.3066263300286494e-05,0.0,1.641796359783121e-05,3.2479142869634714e-06,-6.144783082917549e-06,-2.553146727268807e-05,-7.0611678713028425e-06,-2.171949055496114e-05
783,0.0015128815953286353,0.0015128815445471686,3.919883500923511e-07,3.757303924656757,2.284219037385394,1.6287931007475016,3.155087604967714,1.0,-0.21678167597649184,0.8902772401355906,0.17192033748273422,0.7029208410077403,-2.5105348523852835,-2.5416120204938966,2.2961854830416684e-05,0.0,1.6343570847648925e-05,3.2335840763897394e-06,-6.1176825201236795e-06,-2.541661441701759e-05,-7.0285610949127886e-06,-2.1621947293493093e-05
784,0.0015061630132190422,0.0015061629626670148,3.902852789672875e-07,3.7573039251917746,2.2842257559653176,1.6287931058470795,3.1551104629094135,1.0,-0.21676540644477083,0.890280459454202,0.1719142467784291,0.7028955387075805,-2.510541848499932,-2.5416335453539194,2.2857941699427897e-05,0.0,1.6269531721013752e-05,3.2193186113582684e-06,-6.090704305128369e-06,-2.5302300159846247e-05,-6.996114648494256e-06,-2.152486002282572e-05
785,0.0014994751817514966,0.0014994751314285958,3.874301910400415e-07,3.7573039257242278,2.2842324437946084,1.6287931109232336,3.1551332174307674,1.0,-0.2167492106003814,0.8902836645717876,0.1719081829305683,0.7028703501857999,-2.5105488123275888,-2.541654973580372,2.2754521353807178e-05,0.0,1.6195844389416125e-05,3.205117585669548e-06,-6.063847860782179e-06,-2.5188521780572515e-05,-6.963827656747412e-06,-2.1428226452790966e-05
786,0.001492817952050618,0.0014928179019562883,3.8628224721001985e-07,3.7573039262541275,2.284239101022142,1.6287931159760778,3.155155869022023,1.0,-0.2167330880933461,0.8902868555524829,0.17190214581795532,0.7028452749092261,-2.51055574402684,-2.541676305624677,2.265159125558469e-05,0.0,1.612250703530993e-05,3.190980695233492e-06,-6.037112612988782e-06,-2.5075276573804928e-05,-6.931699251033763e-06,-2.1332044304767095e-05
787,0.0014861911760303984,0.0014861911261627291,3.851308817660858e-07,3.7573039267814887,2.284245727796006,1.6287931210057252,3.1551784181709053,1.0,-0.2167170385754947,0.8902900324601205,0.1718961353199646,0.702820312347377,-2.510562643755407,-2.5416975419359913,2.2549148882333725e-05,0.0,1.604951785139086e-05,3.176907637625348e-06,-6.010497990732722e-06,-2.496256184914003e-05,-6.899728567155705e-06,-2.1236311314343226e-05
788,0.0014795947063950743,0.0014795946567532524,3.828177624543073e-07,3.757303927306326,2.2842523242634947,1.6287931260122892,3.1552008653626307,1.0,-0.21670106170045333,0.8902931953582317,0.17189015131653906,0.7027954619724447,-2.510569511670153,-2.5417186829612204,2.2447191725394333e-05,0.0,1.5976875041373573e-05,3.1628981111975207e-06,-5.984003425524298e-06,-2.48503749322726e-05,-6.867914746244708e-06,-2.1141025229098886e-05
789,0.0014730283966313982,0.001473028347214347,3.8165594562488124e-07,3.7573039278286506,2.2842588905711216,1.628793130995882,3.1552232110799223,1.0,-0.2166851571236339,0.8902963443100484,0.17188419368818691,0.7027707232592814,-2.510576347927089,-2.541739729145029,2.234571729164969e-05,0.0,1.5904576819436578e-05,3.148951816744905e-06,-5.957628352148969e-06,-2.4738713163330317e-05,-6.836256935649487e-06,-2.1046183808604013e-05
790,0.0014664921010047282,0.0014664920518114336,3.7932163659804856e-07,3.757303928348477,2.2842654268646214,1.6287931359566155,3.1552454558030245,1.0,-0.21666932450222373,0.8902994793785045,0.17187826231597897,0.7027460956853835,-2.5105831526813764,-2.5417606809298556,2.224472310219383e-05,0.0,1.5832621410166725e-05,3.135068456061596e-06,-5.9313722079457065e-06,-2.4627573897872956e-05,-6.8047542876037426e-06,-2.0951784826639397e-05
791,0.0014599856745551303,0.0014599856255844256,3.7814907850174894e-07,3.757303928865818,2.284271933288954,1.6287931408946001,3.155267600009716,1.0,-0.2166535634951752,0.890302600626237,0.17187235708154566,0.7027215787308769,-2.510589926087337,-2.5417815387559237,2.2144206691443458e-05,0.0,1.576100704853145e-05,3.121247732496002e-06,-5.905234433306594e-06,-2.451695450655933e-05,-6.773405960558421e-06,-2.085782606808806e-05
792,0.001453508973092091,0.0014535089243437312,3.763833922241677e-07,3.7573039293806856,2.284278409988309,1.6287931458099465,3.155289644175326,1.0,-0.21663787376319527,0.8903057081155881,0.17186647786707432,0.7026971718785023,-2.510596668298453,-2.541802303061255,2.204416561024658e-05,0.0,1.5689731979934285e-05,3.107489351061865e-06,-5.879214471343763e-06,-2.440685237459217e-05,-6.7422111160730935e-06,-2.0764305331155697e-05
793,0.0014470618531924715,0.001447061804664035,3.7520165181202426e-07,3.757303929893094,2.284284857106112,1.6287931507027655,3.1553115887727485,1.0,-0.21662225496873547,0.8903088019086062,0.17186062455530612,0.7026728746136003,-2.5106033794673768,-2.5418229742816805,2.1944597422329792e-05,0.0,1.5618794459798524e-05,3.0937930181051954e-06,-5.853311768194702e-06,-2.4297264902051197e-05,-6.711168923700939e-06,-2.0671220425594328e-05
794,0.0014406441721859123,0.0014406441238771954,3.7282693395605316e-07,3.757303930403055,2.2842912747850304,1.6287931555731658,3.155333434272454,1.0,-0.21660670677598134,0.8903118820670479,0.17185479702953357,0.7026486864240966,-2.5106100597459333,-2.541843552850855,2.1845499705630544e-05,0.0,1.5548192754122336e-05,3.0801584417483596e-06,-5.827525772550413e-06,-2.4188189503671076e-05,-6.680278556547847e-06,-2.0578569174478645e-05
795,0.0014342557881660207,0.0014342557400757957,3.710359215137006e-07,3.757303930910582,2.284297663166972,1.6287931604212558,3.155355181142507,1.0,-0.21659122885084273,0.8903149486523791,0.1718489951735976,0.7026246068004877,-2.510616709285126,-2.5418640392002665,2.174687005274123e-05,0.0,1.5477925138618343e-05,3.0665853312239477e-06,-5.80185593596072e-06,-2.407962360895244e-05,-6.649539192604692e-06,-2.0486349411541482e-05
796,0.0014278965599705616,0.0014278965120976008,3.6983709472390795e-07,3.757303931415687,2.284304022393099,1.6287931652471441,3.1553768298485765,1.0,-0.2165758208609434,0.8903180017257766,0.17184321887188478,0.7026006352358258,-2.510623328235142,-2.5418844337592508,2.1648706069576917e-05,0.0,1.5407989899324237e-05,3.053073397429884e-06,-5.776301712834275e-06,-2.3971564661828815e-05,-6.6189500160795944e-06,-2.039455898428244e-05
797,0.0014215663471870929,0.0014215662995304419,3.680315326222342e-07,3.7573039319183836,2.2843103526038235,1.6287931700509388,3.1553983808539527,1.0,-0.21656048247561138,0.8903210413481293,0.17183746800932442,0.7025767712257056,-2.510629916745358,-2.5419047369550016,2.1551005376263532e-05,0.0,1.533838533201992e-05,3.039622352707383e-06,-5.7508625603552854e-06,-2.3864010120222545e-05,-6.588510216065657e-06,-2.030319575085926e-05
798,0.001415265010143525,0.0014152649627020045,3.662170686556273e-07,3.7573039324186834,2.2843166539388178,1.6287931748327458,3.15541983461956,1.0,-0.21654521336586877,0.8903240675800403,0.17183174247138616,0.7025530142682489,-2.510636474964344,-2.541924949212584,2.1453765607137854e-05,0.0,1.5269109742616083e-05,3.026231911062993e-06,-5.725537938261471e-06,-2.3756957456710914e-05,-6.558218986096875e-06,-2.021225758230827e-05
799,0.0014089924099064098,0.0014089923626793824,3.650024149988877e-07,3.7573039329166,2.2843229265370146,1.6287931795926718,3.155441191603969,1.0,-0.21653001320442203,0.8903270804818278,0.17182604214407693,0.7025293638640907,-2.510643003039869,-2.5419450709549447,2.1356984408971158e-05,0.0,1.5200161446737859e-05,3.0129017875024644e-06,-5.7003273092326445e-06,-2.3650404158193084e-05,-6.528075525036314e-06,-2.0121742360768025e-05
800,0.001402748408271598,0.0014027483612579744,3.6256089987148363e-07,3.757303933412145,2.2843291705366187,1.6287931843308232,3.1554624522634125,1.0,-0.21651488166565225,0.8903300801135267,0.17182036691393843,0.7025058195163653,-2.5106495011189067,-2.541965102602926,2.1260659443633756e-05,0.0,1.513153876978035e-05,2.999631698807903e-06,-5.67523013850213e-06,-2.3544347725446002e-05,-6.498079037520199e-06,-2.0031647981255674e-05
801,0.0013965328677675128,0.0013965328209663728,3.6133395591325183e-07,3.7573039339053294,2.2843353860751012,1.628793189047305,3.1554836170517975,1.0,-0.2164998184256052,0.8903330665348896,0.1718147166680444,0.7024823807306919,-2.510655969347638,-2.541985044575275,2.1164788384986366e-05,0.0,1.50632400470474e-05,2.986421362982661e-06,-5.650245894023298e-06,-2.343878567334645e-05,-6.4682287312933795e-06,-1.9941972349002413e-05
802,0.0013903456516440203,0.001390345605053926,3.6071891894669146e-07,3.757303934396168,2.284341573289213,1.628793193742222,3.155504686420719,1.0,-0.21648482316198214,0.8903360398053894,0.17180909129399777,0.7024590470151616,-2.510662407871459,-2.542004897288657,2.106936892154465e-05,0.0,1.4995263623057697e-05,2.9732704998064463e-06,-5.6253740466361e-06,-2.3333715530315935e-05,-6.438523820762043e-06,-1.9852713382118026e-05
803,0.0013841866238709496,0.0013841865774916276,3.582482123426012e-07,3.7573039348846717,2.284347732314983,1.6287931984156785,3.1555256608194737,1.0,-0.21646989555412988,0.8903389999842194,0.17180349067992814,0.7024358178803224,-2.5106688168349836,-2.5420246611576665,2.097439875470286e-05,0.0,1.4927607852266433e-05,2.9601788299471465e-06,-5.600614069622978e-06,-2.3229134839208854e-05,-6.40896352477327e-06,-1.976386900937044e-05
804,0.001378055649133683,0.0013780556029632347,3.5638394186203064e-07,3.757303935370852,2.284353863287727,1.628793203067778,3.155546540695072,1.0,-0.21645503528303128,0.8903419471302955,0.1717979147144893,0.702412692839166,-2.51067519638205,-2.542044336594838,2.0879875598289743e-05,0.0,1.4860271098593447e-05,2.94714607607105e-06,-5.575965438847641e-06,-2.312504115642433e-05,-6.379547066615032e-06,-1.9675437171517984e-05
805,0.001371952592827367,0.0013719525468657119,3.545098678282017e-07,3.757303935854722,2.2843599663420484,1.6287932076986236,3.155567326492253,1.0,-0.2164402420312961,0.8903448813022572,0.17179236328685624,0.7023896714071143,-2.510681546655724,-2.5420639240106593,2.078579718078899e-05,0.0,1.479325173517343e-05,2.9341719617326234e-06,-5.5514276330603796e-06,-2.3021432051684165e-05,-6.350273674016194e-06,-1.9587415821309406e-05
806,0.001365877321055457,0.0013658772753012377,3.5262583393452444e-07,3.7573039363362932,2.284366041611845,1.6287932123083178,3.1555880186534955,1.0,-0.2164255154831513,0.8903478025584693,0.17178683628672278,0.7023667531020056,-2.510687867798305,-2.542083423813581,2.06921612426747e-05,0.0,1.4726548144800011e-05,2.9212562121516683e-06,-5.527000133453974e-06,-2.2918305108698966e-05,-6.321142580922867e-06,-1.94998029217075e-05
807,0.0013598297006235463,0.0013598296550754278,3.513641989991563e-07,3.757303936815578,2.284372089230311,1.6287932168969628,3.1556086176190328,1.0,-0.21641085532443183,0.8903507109570232,0.17178133360429887,0.7023439374440812,-2.51069415995133,-2.5421028364100287,2.0598965537299563e-05,0.0,1.4660158719481675e-05,2.9083985538802537e-06,-5.502682423913496e-06,-2.2815657924390997e-05,-6.29215302483388e-06,-1.9412596447665464e-05
808,0.0013538095990330483,0.0013538095536902311,3.500980175873873e-07,3.7573039372925865,2.2843781093299445,1.6287932214646594,3.155629123826864,1.0,-0.21639626124257133,0.8903536065557381,0.17177585513030802,0.702321223955972,-2.5107004232555776,-2.542122162204413,2.050620783133894e-05,0.0,1.4594081860497266e-05,2.8955987149137385e-06,-5.478473990849775e-06,-2.2713488109227242e-05,-6.26330424768895e-06,-1.932579438435056e-05
809,0.0013478168844819948,0.0013478168393439266,3.481901122792954e-07,3.757303937767332,2.284384102042547,1.6287932260115097,3.1556495377127685,1.0,-0.21638173292659324,0.8903564894121625,0.17177040075598468,0.7022986121626853,-2.510706657851075,-2.542141401599143,2.0413885904346785e-05,0.0,1.4528315978090678e-05,2.882856424357705e-06,-5.454374323338174e-06,-2.2611793286664295e-05,-6.2345954972009565e-06,-1.9239394729808623e-05
810,0.0013418514258575754,0.0013418513809226901,3.4755181639464677e-07,3.7573039382398257,2.2843900674992326,1.6287932305376125,3.1556698597103168,1.0,-0.21636727006710113,0.8903593595835756,0.17176497037307176,0.7022761015915915,-2.5107128638771004,-2.5421605549946342,2.0321997548311543e-05,0.0,1.4462859492109237e-05,2.8701714130940914e-06,-5.430382912924303e-06,-2.251057109381449e-05,-6.20602602552367e-06,-1.9153395491411374e-05
811,0.0013359130927304915,0.001335913047998369,3.449868232843364e-07,3.7573039387100806,2.284396005830429,1.6287932350430692,3.1556900902508844,1.0,-0.21635287235627026,0.8903622171269884,0.171759563873818,0.7022536917724108,-2.5107190414721883,-2.5421796227893223,2.0230540567656163e-05,0.0,1.4397710830865718e-05,2.857543412781993e-06,-5.406499253762798e-06,-2.2409819180668755e-05,-6.177595087919485e-06,-1.9067794688076845e-05
812,0.0013300017553579122,0.001330001710827154,3.436971484026567e-07,3.757303939178105,2.2844019171658805,1.6287932395279785,3.1557102297636637,1.0,-0.216338539487838,0.8903650620991455,0.1717541811509755,0.7022313822372006,-2.510725190774134,-2.5421986053796726,2.013951277923809e-05,0.0,1.4332868432276324e-05,2.8449721570789066e-06,-5.382722842506293e-06,-2.230953521020762e-05,-6.1493019458680465e-06,-1.898259035026939e-05
813,0.001324117284668841,0.0013241172403384747,3.417535108679465e-07,3.757303939643913,2.284407801634657,1.6287932439924393,3.1557302786756773,1.0,-0.21632427115709527,0.8903678945565261,0.17174882209779707,0.7022091725203422,-2.5107313119199994,-2.542217503160191,2.004891201368153e-05,0.0,1.4268330742722712e-05,2.8324573806415287e-06,-5.359053178416451e-06,-2.220971685840123e-05,-6.12114586528989e-06,-1.8897780518223328e-05
814,0.001318259552268884,0.0013182595081385532,3.4110317058144965e-07,3.7573039401075157,2.284413659365153,1.6287932484365495,3.1557502374117887,1.0,-0.2163100670608774,0.8903707145553454,0.17174348660803404,0.7021870621585279,-2.510737405046115,-2.542236316523435,1.995873611138066e-05,0.0,1.4204096217856899e-05,2.819998819347802e-06,-5.335489763030887e-06,-2.2110361814320356e-05,-6.093126115658265e-06,-1.8813363244163384e-05
815,0.001312428430433318,0.0013124283865015211,3.391446672898858e-07,3.757303940568924,2.2844194904850936,1.6287932528604072,3.155770106394717,1.0,-0.21629592689755558,0.890373522151556,0.17173817457593335,0.7021650506907484,-2.510743470288087,-2.542255045860025,1.986898292827277e-05,0.0,1.4140163321824106e-05,2.807596210518959e-06,-5.3120321006905336e-06,-2.2011467779470273e-05,-6.065241971775492e-06,-1.8729336590084245e-05
816,0.001306623792101702,0.0013066237483680889,3.3783269073828124e-07,3.7573039410281486,2.2844252951215385,1.62879325726411,3.155789886045046,1.0,-0.2162818503670278,0.8903763174008489,0.1717328858962354,0.7021431376582802,-2.510749507780799,-2.5422736915586537,1.9779650329176945e-05,0.0,1.4076530527790121e-05,2.7952492929195216e-06,-5.288679697956766e-06,-2.191303246823484e-05,-6.037492711996606e-06,-1.864569862863874e-05
817,0.0013008455108759458,0.0013008454673388839,3.3585511653377704e-07,3.757303941485201,2.284431073400887,1.6287932616477538,3.15580957678124,1.0,-0.2162678371707103,0.8903791003586554,0.17172762046417137,0.7021213226046723,-2.510755517658419,-2.542292254006097,1.9690736194011293e-05,0.0,1.40131963174972e-05,2.782957806535258e-06,-5.265432064027742e-06,-2.18150536078765e-05,-6.00987762000571e-06,-1.856244744313784e-05
818,0.0012950934610136235,0.0012950934176731172,3.351933324099197e-07,3.757303941940092,2.2844368254488794,1.6287932660114357,3.155829179019652,1.0,-0.21625388701152892,0.8903818710801479,0.1717223781754609,0.7020996050757345,-2.5107615000544024,-2.5423107335872244,1.96022384120198e-05,0.0,1.3950159181375099e-05,2.770721492462158e-06,-5.242288710460841e-06,-2.1717528937759134e-05,-5.982395983483713e-06,-1.847958112755066e-05
819,0.0012893675174300825,0.0012893674742841445,3.3320009373125436e-07,3.7573039423928343,2.284442551390603,1.6287932703552508,3.1558486931745393,1.0,-0.2162399995939106,0.8903846296202413,0.17171715892630965,0.7020779846195249,-2.5107674551014965,-2.5423291306850113,1.9514154887101398e-05,0.0,1.388741761831902e-05,2.758540093461548e-06,-5.219249151255934e-06,-2.1620456209681116e-05,-5.955047094108323e-06,-1.8397097786948535e-05
820,0.0012836675556853994,0.0012836675127336906,3.318646170395641e-07,3.7573039428434387,2.2844482513504953,1.628793274679295,3.1558681196580722,1.0,-0.21622617462377453,0.8903873760335946,0.17171196261340682,0.7020564607863363,-2.5107733829317445,-2.5423474456805466,1.9426483532924976e-05,0.0,1.3824970136078196e-05,2.7464133532939528e-06,-5.196312902827627e-06,-2.1523833188541452e-05,-5.927830247998145e-06,-1.8314995535284595e-05
821,0.0012779934519895396,0.0012779934092314081,3.3052374441651903e-07,3.7573039432919133,2.2844539254523473,1.6287932789836626,3.1558874588803474,1.0,-0.2162124118085239,0.8903901103746117,0.17170678913392273,0.7020350331286856,-2.510779283676491,-2.542365678953044,1.9339222275149837e-05,0.0,1.376281525061751e-05,2.7343410170521665e-06,-5.173479484088528e-06,-2.1427657650674448e-05,-5.90074474660085e-06,-1.8233272497614195e-05
822,0.0012723450831933136,0.0012723450406268817,3.2917740992269846e-07,3.7573039437382727,2.284459573819309,1.6287932832684475,3.1559067112494,1.0,-0.21619871085703762,0.8903928326974427,0.17170163838550648,0.7020137012013005,-2.510785157466385,-2.542383830879854,1.9252369052757956e-05,0.0,1.370095148628403e-05,2.722322831050228e-06,-5.150748416254958e-06,-2.133192738518197e-05,-5.873789894028647e-06,-1.815192680965083e-05
823,0.0012667223267852391,0.0012667222844105167,3.278255462646499e-07,3.7573039441825253,2.28446519657389,1.6287932875337439,3.1559258771712146,1.0,-0.21618507147966162,0.8903955430559859,0.17169651026628355,0.7019924645611073,-2.5107910044313844,-2.5424019018364707,1.9165921814501274e-05,0.0,1.3639377376001294e-05,2.710358543156488e-06,-5.128119222930216e-06,-2.1236640193156298e-05,-5.846964999278725e-06,-1.8070956616877965e-05
824,0.0012611250608885825,0.0012611250187042136,3.2578723295145546e-07,3.7573039446246828,2.2844707938379685,1.6287932917796453,3.1559449570497367,1.0,-0.21617149338820077,0.8903982415038879,0.1716914046748534,0.7019713227672196,-2.51079682470076,-2.542419892196545,1.907987852201032e-05,0.0,1.3578091460852981e-05,2.6984479020164542e-06,-5.105591430160095e-06,-2.1141793887680116e-05,-5.820269375789167e-06,-1.7990360074104927e-05
825,0.0012555531642589796,0.0012555531222644776,3.244212427299818e-07,3.757303945064755,2.284476365732788,1.6287932960062435,3.1559639512868842,1.0,-0.2161579762959105,0.890400928094546,0.17168632151028715,0.7019502753809256,-2.5108026184031007,-2.5424378023318925,1.8994237147573756e-05,0.0,1.35170922902772e-05,2.6865906580519905e-06,-5.083164566238585e-06,-2.1047386294048565e-05,-5.793702340550766e-06,-1.7910135347687373e-05
826,0.001250006516277386,0.0012500064744713135,3.230494765740468e-07,3.7573039455027537,2.284481912378968,1.6287933002136317,3.1559828602825593,1.0,-0.21614451991748873,0.8904036028811084,0.17168126067212522,0.7019293219656764,-2.5108083856663166,-2.5424556326125054,1.8908995675026574e-05,0.0,1.3456378421761173e-05,2.674786562462117e-06,-5.060838161929926e-06,-2.0953415249214125e-05,-5.767263215883389e-06,-1.7830280612862737e-05
827,0.0012444849969482634,0.001244484955330449,3.2098083538618844e-07,3.7573039459386894,2.284487433896503,1.6287933044019016,3.1560016844346594,1.0,-0.21613112396906767,0.8904062659164765,0.17167622206037497,0.7019084620870741,-2.510814126617643,-2.54247338340656,1.882415210019417e-05,0.0,1.3395948421063286e-05,2.6630353681111885e-06,-5.038611750246558e-06,-2.0859878602230708e-05,-5.740951326327348e-06,-1.775079405463842e-05
828,0.0012389884868978843,0.0012389884454666732,3.202883192927356e-07,3.7573039463725713,2.2844929304047685,1.628793308571144,3.1560204241390886,1.0,-0.21611778816820557,0.8904089172533053,0.17167120557550847,0.7018876953128607,-2.5108198413836456,-2.542491055080429,1.873970442911599e-05,0.0,1.3335800862102065e-05,2.651336828751738e-06,-5.0164848665046335e-06,-2.0766774213476502e-05,-5.714766002640204e-06,-1.767167386912405e-05
829,0.001233516867366546,0.0012335168261211691,3.188987755631326e-07,3.7573039468044116,2.284498402022523,1.6287933127214507,3.156039079789769,1.0,-0.21610451223387903,0.8904115569440048,0.17166621111846006,0.701867021212905,-2.5108255300902234,-2.54250864799869,1.8655650680265978e-05,0.0,1.327593432653984e-05,2.6396906994685665e-06,-4.994457048407286e-06,-2.067409995565317e-05,-5.688706577799962e-06,-1.7592918260866952e-05
830,0.0012280700202070174,0.0012280699791466336,3.182017282256888e-07,3.7573039472342185,2.2845038488679137,1.6287933168529105,3.1560576517786507,1.0,-0.21609129588647458,0.8904141850407415,0.1716612385906242,0.7018464393591923,-2.510831192862613,-2.542526162524135,1.8571988881888046e-05,0.0,1.321634740444888e-05,2.6280967367897645e-06,-4.972527835850338e-06,-2.0581853712675624e-05,-5.6627723896696125e-06,-1.7514525445072593e-05
831,0.0012226478278828004,0.001222647787007271,3.161013638317066e-07,3.757303947662004,2.2845092710584765,1.6287933209656151,3.156076140495725,1.0,-0.2160781388477811,0.8904168015954393,0.1716562878938531,0.7018259493258122,-2.5108368298253927,-2.542543599017781,1.848871707421651e-05,0.0,1.3157038693478729e-05,2.6165546977985343e-06,-4.950696771116592e-06,-2.0490033380116124e-05,-5.636962779664856e-06,-1.743649364582822e-05
832,0.0012172501734610199,0.0012172501327694743,3.146933329394901e-07,3.7573039480877775,2.284514668711145,1.6287933250596527,3.1560945463290335,1.0,-0.2160650408409818,0.890419406659781,0.17165135893045444,0.7018055506889473,-2.5108424411024863,-2.542560957838879,1.8405833308587916e-05,0.0,1.3098006799300288e-05,2.605064341687502e-06,-4.928963398653785e-06,-2.03986368648712e-05,-5.611277093642286e-06,-1.735882109787923e-05
833,0.0012118769406129328,0.0012118769001031513,3.132789737228859e-07,3.757303948511551,2.284520041942249,1.6287933291351129,3.1561128696646796,1.0,-0.21605200159064633,0.8904220002852092,0.17164645160318923,0.7017852430268618,-2.510848026817168,-2.5425782393449228,1.8323335646108774e-05,0.0,1.3039250335467045e-05,2.5936254282044047e-06,-4.907327265213368e-06,-2.0307662085494727e-05,-5.5857146814553005e-06,-1.7281506043964612e-05
834,0.001206528013604018,0.0012065279732763996,3.111453804049072e-07,3.7573039489333326,2.2845253908675205,1.6287933331920839,3.1561311108868395,1.0,-0.21603902082272314,0.8904245825229277,0.1716415658152694,0.7017650259198903,-2.510853587092064,-2.542595443891661,1.8241222159876003e-05,0.0,1.2980767923193026e-05,2.5822377184292478e-06,-4.885787919822748e-06,-2.0217106971531784e-05,-5.56027489606592e-06,-1.7204546738369686e-05
835,0.0012012032772993086,0.0012012032371523963,3.1043092393874737e-07,3.757303949353133,2.2845307156020964,1.6287933372306536,3.1561492703777727,1.0,-0.21602609826453165,0.8904271534239024,0.17163670147035573,0.701744898950426,-2.510859122049159,-2.5426125718331036,1.8159490933200573e-05,0.0,1.2922558191491573e-05,2.570900974774304e-06,-4.864344913674268e-06,-2.012696946429582e-05,-5.534957095321147e-06,-1.7127941442485195e-05
836,0.0011959026171523323,0.0011959025771858453,3.08997055192706e-07,3.757303949770962,2.284536016260522,1.6287933412509097,3.1561673485178328,1.0,-0.21601323364475458,0.890429713038863,0.17163185847255552,0.7017248617029103,-2.510864631809799,-2.542629623521533,1.8078140060051595e-05,0.0,1.2864619777064323e-05,2.5596149605400242e-06,-4.842997800208471e-06,-2.0037247515758416e-05,-5.509760639732519e-06,-1.7051688429248202e-05
837,0.0011906259192063073,0.001190625879418536,3.0827761986221797e-07,3.7573039501868313,2.2845412929567552,1.6287933452529397,3.1561853456854783,1.0,-0.2160004266934304,0.8904322614183035,0.1716270367264204,0.7017049137638209,-2.510870116494694,-2.542646599307512,1.799716764550041e-05,0.0,1.2806951324190186e-05,2.54837944047015e-06,-4.821746135114102e-06,-1.994793908932646e-05,-5.484684895140646e-06,-1.6975785979145286e-05
838,0.0011853730700853323,0.0011853730304762368,3.068336886461687e-07,3.757303950600748,2.2845465458041705,1.62879334923683,3.156203262257282,1.0,-0.21598767714194558,0.890434798612484,0.17162223613694425,0.7016850547216615,-2.5108755762239237,-2.5426634995398953,1.7916571803944237e-05,0.0,1.2749551484808608e-05,2.537194180529667e-06,-4.800589476161576e-06,-1.9859042159398044e-05,-5.45972922960658e-06,-1.6900232383321168e-05
839,0.0011801439569989382,0.0011801439175673596,3.0465496033818946e-07,3.7573039510127244,2.2845517749155593,1.628793353202667,3.1562210986079444,1.0,-0.21597498472302726,0.8904373246714314,0.17161745660956085,0.7016652841669504,-2.5108810111169393,-2.5426803245658367,1.7836350662214784e-05,0.0,1.2692418918325288e-05,2.5260589474607187e-06,-4.779527383397264e-06,-1.977055471114042e-05,-5.4348930156322695e-06,-1.6825025941358263e-05
840,0.0011749384677328025,0.0011749384284780778,3.031937770452482e-07,3.757303951422769,2.2845569804031354,1.6287933571505366,3.1562388551103,1.0,-0.21596234917073578,0.890439839644941,0.17161269805014176,0.7016456016922095,-2.5108864212925694,-2.5426970747307984,1.775650235558146e-05,0.0,1.2635552291473395e-05,2.514973509559759e-06,-4.758559419087982e-06,-1.9682474740934097e-05,-5.410175630160552e-06,-1.675016496172077e-05
841,0.001169756490645919,0.0011697564515674394,3.024605383006411e-07,3.757303951830892,2.2845621623785397,1.6287933610805239,3.1562565321353313,1.0,-0.21594977022045697,0.890442343582577,0.17160796036499432,0.7016260068919536,-2.510891806869022,-2.542713750378561,1.7677025031304083e-05,0.0,1.2578950278813172e-05,2.503937636011422e-06,-4.737685147443438e-06,-1.9594800255817724e-05,-5.385576452354712e-06,-1.6675647762642853e-05
842,0.0011645979146707528,0.0011645978757673686,3.0098870212918867e-07,3.7573039522371023,2.2845673209528403,1.6287933649927133,3.1562741300521764,1.0,-0.21593724760889496,0.8904448365336743,0.17160324346085926,0.7016064993626798,-2.5108971679638885,-2.5427303518512323,1.7597916845080164e-05,0.0,1.2522611562010288e-05,2.4929510973326074e-06,-4.716904135060318e-06,-1.9507529273821156e-05,-5.361094866707106e-06,-1.6601472671240458e-05
843,0.0011594626293053923,0.001159462590576002,2.9950963321688554e-07,3.75730395264141,2.284572456236539,1.6287933688871903,3.1562916492281414,1.0,-0.2159247810740651,0.8904473185473393,0.17159854724490867,0.7015870787028566,-2.5109025046941484,-2.542746879489255,1.751917596504171e-05,0.0,1.2466534829863596e-05,2.4820136649283953e-06,-4.696215950589222e-06,-1.9420659823188302e-05,-5.336730259930533e-06,-1.6527638022623137e-05
844,0.0011543505246117242,0.0011543504860563587,2.9802322387695424e-07,3.757303953043825,2.284577568339573,1.6287933727640382,3.1563090900287096,1.0,-0.2159123703552862,0.8904497896724508,0.17159387162474393,0.7015677445129134,-2.5109078171761716,-2.542763333631418,1.744080056820252e-05,0.0,1.2410718778887997e-05,2.471125111536132e-06,-4.675620164734662e-06,-1.93341899432653e-05,-5.3124820231786885e-06,-1.6454142163002672e-05
845,0.00114926149121721,0.001149261452834119,2.965293637235831e-07,3.7573039534443575,2.284582657371316,1.6287933766233411,3.1563264528175505,1.0,-0.21590001519317353,0.8904522499576617,0.17158921650839354,0.7015484963952295,-2.5109131055257228,-2.5427797146148627,1.7362788840902255e-05,0.0,1.2355162112676066e-05,2.4602852108923656e-06,-4.65511635039384e-06,-1.9248117683834387e-05,-5.288349551157978e-06,-1.6380983444808095e-05
846,0.001144195420300771,0.001144195382089631,2.957796043348205e-07,3.7573039538430155,2.284587723440588,1.628793380465182,3.156343737956532,1.0,-0.21588771532963155,0.8904546994513997,0.17158458180431108,0.7015293339541242,-2.5109183698579645,-2.5427960227750943,1.7285138981470993e-05,0.0,1.2299863541981315e-05,2.4494937379548887e-06,-4.63470408246236e-06,-1.9162441105335937e-05,-5.264332241683434e-06,-1.6308160231570668e-05
847,0.00113915220360302,0.0011391521655632387,2.9427435484724594e-07,3.7573039542398097,2.2845927666556487,1.6287933842896436,3.1563609458057282,1.0,-0.21587547050784697,0.8904571382018684,0.17157996742137296,0.701510256795846,-2.5109236102874615,-2.5428122584459882,1.7207849196232416e-05,0.0,1.2244821784579418e-05,2.438750468791717e-06,-4.614382938111783e-06,-1.9077158278202333e-05,-5.240429497010979e-06,-1.623567089392708e-05
848,0.001134131733410395,0.0011341316955406286,2.9351883535969673e-07,3.757303954634748,2.2845977871242122,1.6287933880968086,3.156378076723431,1.0,-0.21586328047228132,0.8904595662570488,0.17157537326887662,0.7014912645285621,-2.510928826928183,-2.5428284219598,1.7130917702612436e-05,0.0,1.2190035565656787e-05,2.4280551803590456e-06,-4.594152496345538e-06,-1.8992267283857167e-05,-5.216640721616983e-06,-1.616351381183989e-05
849,0.0011291339025615342,0.0011291338648612666,2.920019319991096e-07,3.757303955027842,2.284602784953439,1.6287933918867579,3.156395131066158,1.0,-0.21585114496866417,0.8904619836647,0.17157079925653815,0.7014723567623488,-2.510934019893508,-2.5428445136471742,1.7054342727362837e-05,0.0,1.2135503617144439e-05,2.4174076511673803e-06,-4.574012338470768e-06,-1.890776621338297e-05,-5.192965324862797e-06,-1.609168737415345e-05
850,0.0011241586044383415,0.001124158566906851,2.904771073105633e-07,3.757303955419098,2.2846077602499477,1.6287933956595737,3.1564121091886657,1.0,-0.21583906374398593,0.89046439047236,0.1715662452944905,0.70145353310918,-2.5109391892962267,-2.5428605338371524,1.6978122507449456e-05,0.0,1.208122467824535e-05,2.406807660060295e-06,-4.553962047654236e-06,-1.882365316874246e-05,-5.1694027187743075e-06,-1.60201899781498e-05
851,0.0011192057329661447,0.0011192056956022016,2.889442358861176e-07,3.7573039558085277,2.284612713119813,1.6287933994153376,3.156429011443955,1.0,-0.21582703654649113,0.8904667867273478,0.1715617112932812,0.7014347931829185,-2.5109443352485457,-2.542876482857182,1.6902255289164003e-05,0.0,1.2027197494796082e-05,2.3962549877687422e-06,-4.534001209283156e-06,-1.8739926261557294e-05,-5.145952318930114e-06,-1.5949020029548677e-05
852,0.001114275182606559,0.0011142751454103754,2.874031889734563e-07,3.7573039561961394,2.284617643668572,1.628793403154129,3.156445838183283,1.0,-0.21581506312567117,0.8904691724767636,0.1715571971638706,0.7014161365993044,-2.5109494578620906,-2.5428923610331244,1.6826739328124063e-05,0.0,1.1973420819960667e-05,2.3857494158008308e-06,-4.514129410604362e-06,-1.865658361410727e-05,-5.122613544905619e-06,-1.587817594250751e-05
853,0.0011093668483612494,0.0011093668113313318,2.8585383434967613e-07,3.757303956581942,2.284622552001225,1.6287934068760288,3.156462589756173,1.0,-0.21580314323225758,0.8904715477674899,0.17155270281762966,0.701397562975946,-2.510954557247909,-2.542908168689264,1.675157289016127e-05,0.0,1.191989341359223e-05,2.375290726330803e-06,-4.494346240946356e-06,-1.8573623358331126e-05,-5.099385818496671e-06,-1.580765613962143e-05
854,0.0011044806257620966,0.001104480588897495,2.8585383434967613e-07,3.7573039569659437,2.284627438222239,1.628793410581117,3.1564792665104235,1.0,-0.2157912766182154,0.8904739126461932,0.17154822816633783,0.7013790719323101,-2.5109596335164754,-2.5429239061483164,1.6676754250433135e-05,0.0,1.1866614042177481e-05,2.364878703309259e-06,-4.474651291830334e-06,-1.8491043635937565e-05,-5.076268566384101e-06,-1.5737459052367342e-05
855,0.0010996164108721454,0.0010996163741724182,2.835139273172693e-07,3.757303957348156,2.2846323024355506,1.6287934142694729,3.1564958687921174,1.0,-0.21577946303673617,0.8904762671593246,0.1715437731221813,0.7013606630897109,-2.5109646867776925,-2.5429395737314358,1.6602281693867127e-05,0.0,1.1813581479225288e-05,2.354513131352931e-06,-4.455044156526089e-06,-1.8408842599182407e-05,-5.053261217025096e-06,-1.5667583119327588e-05
856,0.001094774100278019,0.00109477406374235,2.8194320095218066e-07,3.757303957728585,2.2846371447445737,1.628793417941175,3.1565123969456312,1.0,-0.21576770224223119,0.8904786113531207,0.17153933759775097,0.7013423360713008,-2.5109697171408962,-2.5429551717582246,1.6528153513828414e-05,0.0,1.1760794504989125e-05,2.3441937960777537e-06,-4.435524430329574e-06,-1.8327018410091434e-05,-5.030363203761823e-06,-1.559802678885447e-05
857,0.001089953591095136,0.0010899535547228914,2.811545470969866e-07,3.7573039581072423,2.2846419652521925,1.6287934215963027,3.1565288513136447,1.0,-0.21575599399032486,0.8904809452736049,0.17153492150604033,0.7013240905020609,-2.5109747247148584,-2.542970700546741,1.6454368013452125e-05,0.0,1.1708251906328293e-05,2.3339204842098837e-06,-4.416091710646164e-06,-1.824556923990528e-05,-5.007573962156897e-06,-1.552878851640571e-05
858,0.0010851547809561145,0.0010851547447461205,2.7957056521317034e-07,3.7573039584841346,2.284646764060775,1.6287934252349336,3.1565452322371508,1.0,-0.21574433803784795,0.8904832689665886,0.17153052476044361,0.7013059260087905,-2.51097970960779,-2.542986160413508,1.638092350608744e-05,0.0,1.165595247690221e-05,2.3236929836967235e-06,-4.396745596713103e-06,-1.8164493270411697e-05,-4.9848929317697355e-06,-1.5459866766764918e-05
859,0.0010803775680115516,0.0010803775319636999,2.7877519926234735e-07,3.757303958859272,2.2846515412721695,1.6287934288571457,3.156561540055464,1.0,-0.21573273414283126,0.890485582477672,0.17152614727475368,0.701287842220098,-2.5109846719273454,-2.543001551673519,1.630781831307715e-05,0.0,1.1603895016698562e-05,2.3135110833738537e-06,-4.37748568993257e-06,-1.8083788692502267e-05,-4.96231955526838e-06,-1.5391260011377028e-05
860,0.0010756218509301938,0.0010756218150428788,2.7797755757239e-07,3.7573039592326625,2.2846562969877087,1.628793432463017,3.1565777751062285,1.0,-0.21572118206449853,0.890487885852245,0.17152178896316045,0.7012698387663908,-2.510989611780623,-2.54301687464025,1.623505076464582e-05,0.0,1.15520783327272e-05,2.3033745730760558e-06,-4.358311593233299e-06,-1.80034537071716e-05,-4.939853277541317e-06,-1.5322966731012855e-05
861,0.001070887528887346,0.001070887493160723,2.7637536810325784e-07,3.7573039596043154,2.2846610313082154,1.6287934360526237,3.1565939377254306,1.0,-0.21570968156326054,0.8904901791354888,0.17151744974024838,0.7012519152798664,-2.5109945292741718,-2.543032129625664,1.6162619202120254e-05,0.0,1.1500501237993177e-05,2.293283243748334e-06,-4.3392229120697845e-06,-1.7923486524407117e-05,-4.917493548806107e-06,-1.5254985413992728e-05
862,0.001066174501572435,0.0010661744660054437,2.747638361839329e-07,3.757303959974239,2.2846657443340015,1.6287934396260422,3.1566100282474046,1.0,-0.21569823240070796,0.890492462372376,0.17151312952099518,0.7012340713945019,-2.510999424513992,-2.543047316940221,1.609052197393268e-05,0.0,1.1449162552579217e-05,2.2832368872238717e-06,-4.32021925320103e-06,-1.7843885364521306e-05,-4.895239820168484e-06,-1.5187314556630582e-05
863,0.0010614826691781295,0.0010614826337701812,2.7395451532081204e-07,3.757303960342442,2.2846704361648738,1.6287934431833497,3.156626047004843,1.0,-0.2156868343396055,0.8904947356076727,0.17150882822076932,0.7012163067460455,-2.5110042976055396,-2.5430624368928836,1.601875743828529e-05,0.0,1.1398061102452228e-05,2.273235296668119e-06,-4.301300225856286e-06,-1.7764648456375376e-05,-4.873091547619168e-06,-1.511995266278987e-05
864,0.001056811932402549,0.001056811897152563,2.731427964541825e-07,3.7573039607089327,2.2846751069001345,1.6287934467246212,3.1566419943288047,1.0,-0.2156754871438851,0.8904969988859385,0.17150454575532853,0.7011986209720065,-2.5110091486537294,-2.543077489791129,1.5947323961817972e-05,0.0,1.1347195720406988e-05,2.263278265801638e-06,-4.282465440791361e-06,-1.768577403904459e-05,-4.851048189813412e-06,-1.5052898245215829e-05
865,0.0010521621924419868,0.0010521621573493713,2.7151207861734413e-07,3.7573039610737204,2.284679756638587,1.6287934502499326,3.1566578705487256,1.0,-0.2156641905786397,0.8904992522515283,0.1715002820408177,0.7011810137116461,-2.5110139777629374,-2.5430924759409526,1.587621992094057e-05,0.0,1.1296565245400014e-05,2.253365589788281e-06,-4.26371451084373e-06,-1.7607260360374966e-05,-4.829109208071003e-06,-1.498614982375912e-05
866,0.001047533350991255,0.0010475333160547692,2.6987150723151696e-07,3.7573039614368122,2.284684385478537,1.6287934537593594,3.1566736759924257,1.0,-0.21565294441011684,0.8905014957485927,0.17149603699376711,0.7011634846059682,-2.511018785037005,-2.543107395646879,1.5805443700056543e-05,0.0,1.1246168522854871e-05,2.243497064458033e-06,-4.245047050571715e-06,-1.752910567787147e-05,-4.8072740677085335e-06,-1.4919705926264015e-05
867,0.0010429253102406,0.001042925275459856,2.6987150723151696e-07,3.757303961798218,2.2846889935177934,1.6287934572529756,3.1566894109861185,1.0,-0.21564174840571265,0.8905037294210796,0.17149181053109042,0.7011460332977104,-2.511023570579241,-2.5431222492119665,1.5734993692895216e-05,0.0,1.119600440419033e-05,2.233672486862126e-06,-4.2264626766985725e-06,-1.7451308257809828e-05,-4.7855422358189514e-06,-1.485356508768021e-05
868,0.0010383379728710436,0.0010383379382455612,2.682209014892586e-07,3.7573039621579456,2.2846935808536752,1.6287934607308554,3.1567050758544197,1.0,-0.21563060233396514,0.8905059533127345,0.17148760257008291,0.7011286594313341,-2.5110283344924254,-2.5431370369378183,1.5664868301179524e-05,0.0,1.1146071747514252e-05,2.223891654939969e-06,-4.20796100750187e-06,-1.7373866376346747e-05,-4.763913184380186e-06,-1.4787725851839184e-05
869,0.0010337712420533409,0.001033771207582645,2.6656007498500305e-07,3.7573039625160023,2.2846981475830117,1.6287934641930735,3.156720670920356,1.0,-0.21561950596454835,0.890508167467102,0.17148341302841968,0.7011113626530158,-2.511033076878812,-2.5431517591245876,1.5595065936402364e-05,0.0,1.109636941679093e-05,2.21415436751915e-06,-4.189541663229823e-06,-1.7296778318298678e-05,-4.742386386702435e-06,-1.4722186769233758e-05
870,0.0010292250214469169,0.0010292249871299217,2.6572576910446673e-07,3.7573039628723985,2.284702693802144,1.6287934676397027,3.1567361965053733,1.0,-0.215608459068266,0.8905103719275267,0.17147924182415367,0.7010941426106384,-2.5110377978401326,-2.543166416070987,1.5525585017162058e-05,0.0,1.1046896282340679e-05,2.2044604246485022e-06,-4.171204266018025e-06,-1.7220042377363853e-05,-4.720961320536787e-06,-1.4656946399238535e-05
871,0.0010246992151907415,0.00102469918102671,2.640492490927786e-07,3.757303963227141,2.2847072196069327,1.6287934710708167,3.1567516529293456,1.0,-0.21559746141704547,0.8905125667371537,0.17147508887571386,0.7010769989537816,-2.511042497477598,-2.543181008074294,1.5456423972270983e-05,0.0,1.0997651220534532e-05,2.194809627042993e-06,-4.152948439806181e-06,-1.7143656856788425e-05,-4.699637465410689e-06,-1.4592003307001278e-05
872,0.0010201937279090822,0.0010201936938972745,2.632069845893345e-07,3.757303963580238,2.2847117250927536,1.628793474486488,3.156767040510583,1.0,-0.21558651278393168,0.8905147519389306,0.1714709541019035,0.7010599313337132,-2.511047175891903,-2.5431955354303604,1.538758123764694e-05,0.0,1.0948633113794237e-05,2.185201776860879e-06,-4.134773810365866e-06,-1.7067620068367262e-05,-4.678414304848388e-06,-1.4527356066551533e-05
873,0.001015708464700956,0.0010157084308406112,2.615143176136061e-07,3.7573039639316987,2.2847162103545076,1.6287934778867894,3.1567823595658417,1.0,-0.21557561294308095,0.8905169275756072,0.17146683742189817,0.7010429394033804,-2.511051833183228,-2.5432099984336194,1.531905525853361e-05,0.0,1.0899840850731035e-05,2.1756366765934843e-06,-4.116680005328277e-06,-1.699193033288804e-05,-4.6572913250386705e-06,-1.4463003259024276e-05
874,0.001011243331142098,0.0010112432974326681,2.615143176136061e-07,3.75730396428153,2.2847206754866187,1.6287934812717928,3.1567976104103295,1.0,-0.21556476166975488,0.8905190936897374,0.17146273875524423,0.7010260228174001,-2.5110564694512423,-2.543224397377092,1.525084448772418e-05,0.0,1.0851273326062394e-05,2.1661141301754228e-06,-4.098666653934435e-06,-1.691658598024226e-05,-4.636268014390765e-06,-1.4398943472659909e-05
875,0.001006798233281821,0.0010067981997236809,2.5981062314156804e-07,3.75730396462974,2.284725120583037,1.6287934846415697,3.156812793357717,1.0,-0.21555395874031485,0.8905212503236797,0.1714586580218567,0.7010091812320515,-2.5110610847951076,-2.5432387325523953,1.518294738733772e-05,0.0,1.0802929440029141e-05,2.1566339423184644e-06,-4.080733387534785e-06,-1.6841585348648103e-05,-4.615343865310706e-06,-1.4335175303248349e-05
876,0.0010023730776412558,0.0010023730442323985,2.580956827951792e-07,3.757303964976337,2.284729545737243,1.6287934879961925,3.156827908720144,1.0,-0.2155432039322155,0.8905233975195983,0.17145459514201777,0.700992414305266,-2.5110656793134805,-2.54325300424975,1.5115362427042811e-05,0.0,1.0754808099366908e-05,2.1471959186225575e-06,-4.062879838923061e-06,-1.676692678542757e-05,-4.594518372869061e-06,-1.427169735457312e-05
877,0.0009979677712077546,0.0009979677379474182,2.5723392518806633e-07,3.757303965321329,2.2847339510422486,1.6287934913357305,3.1568429568082292,1.0,-0.21553249702399913,0.8905255353194643,0.17145055003637474,0.7009757216966195,-2.5110702531045153,-2.543267212757986,1.5048088085389821e-05,0.0,1.0706908216362443e-05,2.1377998660199182e-06,-4.045105643030178e-06,-1.6692608646562412e-05,-4.573791034800934e-06,-1.4208508236190909e-05
878,0.0009935822214301182,0.0009935821883183,2.563692708922222e-07,3.757303965664725,2.284738336590604,1.6287934946602556,3.156857937931078,1.0,-0.21552183779528997,0.8905276637650559,0.17144652262593846,0.7009591030673232,-2.5110748062658663,-2.543281358364553,1.4981122848922723e-05,0.0,1.0659228709158919e-05,2.1284455915537848e-06,-4.02741043628585e-06,-1.661862929625002e-05,-4.553161351061874e-06,-1.414560656698427e-05
879,0.0009892163362267526,0.0009892163032617868,2.555016904992207e-07,3.757303966006532,2.284742702474393,1.6287934979698377,3.156872852396289,1.0,-0.21551122602678782,0.89052978289796,0.17144251283208156,0.7009425580802151,-2.511079338894693,-2.5432954413555247,1.4914465210846828e-05,0.0,1.0611768502144514e-05,2.1191329041547746e-06,-4.009793856896149e-06,-1.6544987108124687e-05,-4.532628826492413e-06,-1.4082990971608922e-05
880,0.0009848700239696029,0.0009848699911520348,2.5288109106536486e-07,3.7573039663467562,2.2847470487852406,1.6287935012645463,3.1568877005099636,1.0,-0.21550066150026276,0.890531892759573,0.17143852057653658,0.7009260863997514,-2.511083851087659,-2.5433094620156065,1.4848113674581498e-05,0.0,1.0564526525064233e-05,2.10986161297555e-06,-3.992255544982282e-06,-1.6471680463703287e-05,-4.512192966377171e-06,-1.4020660081826009e-05
881,0.0009805431934915606,0.0009805431608201649,2.5288109106536486e-07,3.757303966685408,2.284751375614316,1.6287935045444524,3.1569024825767147,1.0,-0.21549014399854927,0.8905339933911014,0.17143454578139428,0.7009096876919985,-2.5110883429409396,-2.5433234206281434,1.4782066751095613e-05,0.0,1.051750171349175e-05,2.100631528390018e-06,-3.974795142303034e-06,-1.639870775294039e-05,-4.49185328044166e-06,-1.3958612536946191e-05
882,0.0009762357540801386,0.0009762357215538253,2.5200150199663355e-07,3.7573039670224935,2.2847556830523317,1.6287935078096238,3.156917198899673,1.0,-0.2154796733055403,0.8905360848335633,0.171430588369102,0.7008933616246239,-2.51109281455022,-2.5433373174751273,1.471632295846348e-05,0.0,1.047069300896819e-05,2.091442461882309e-06,-3.957412292282525e-06,-1.6326067374561326e-05,-4.471609280187749e-06,-1.3896846983829647e-05
883,0.0009719476154719367,0.0009719475830905246,2.5023304855446086e-07,3.757303967358022,2.28475997118955,1.62879351106013,3.1569318497804963,1.0,-0.21546924920618193,0.8905381671277887,0.17142664826246176,0.7008771078668885,-2.511097266010701,-2.543351152837203,1.4650880823197099e-05,0.0,1.0424099358363748e-05,2.082294225380643e-06,-3.940106640232255e-06,-1.6253757735396057e-05,-4.451460481114111e-06,-1.3835362075553803e-05
884,0.0009676786878575702,0.0009676786556202994,2.49344118396663e-07,3.7573039676919997,2.2847642401157806,1.628793514296039,3.1569464355193757,1.0,-0.2154588714864672,0.8905402403144206,0.1714227253846288,0.7008609260896373,-2.5111016974171014,-2.5433649269936756,1.458573887935799e-05,0.0,1.037771971473811e-05,2.0731866319234626e-06,-3.9228778329625236e-06,-1.6181777251156326e-05,-4.431406400495774e-06,-1.3774156472745602e-05
885,0.0009634288818720602,0.0009634288497781629,2.4845200777848226e-07,3.757303968024435,2.284768489920389,1.6287935175174202,3.1569609564150456,1.0,-0.21544853993343108,0.8905423044339162,0.17141881965910957,0.7008448159652924,-2.51110610886366,-2.543378640222518,1.4520895669889455e-05,0.0,1.0331553036119212e-05,2.0641194956594333e-06,-3.905725519226522e-06,-1.611012434499237e-05,-4.411446558716392e-06,-1.3713228842249237e-05
886,0.0009591981085955556,0.0009591980766449953,2.475566823160081e-07,3.7573039683553344,2.2847727206922936,1.62879352072434,3.1569754127647895,1.0,-0.21543825433514446,0.8905443595265478,0.17141493100976035,0.7008287771678435,-2.5111105004441385,-2.5433922928003767,1.4456349743952046e-05,0.0,1.0285598286613462e-05,2.055092631514377e-06,-3.88864934922073e-06,-1.6038797448825193e-05,-4.391580478380064e-06,-1.3652577858902504e-05
887,0.0009549862795511317,0.0009549862477426567,2.45756246186356e-07,3.757303968684707,2.284776932519973,1.6287935239168665,3.15698980486445,1.0,-0.2154280144807089,0.8905464056324028,0.1714110593607853,0.7008128093728407,-2.5111148722518237,-2.54340588500258,1.4392099660476276e-05,0.0,1.023985443557307e-05,2.046105855080249e-06,-3.871648975056763e-06,-1.596779500279144e-05,-4.3718076851995136e-06,-1.3592202203316361e-05
888,0.0009507933067029379,0.0009507932750357636,2.45756246186356e-07,3.757303969012559,2.2847811254914627,1.6287935270950675,3.1570041330084337,1.0,-0.21541782016025082,0.8905484427913859,0.1714072046367349,0.7007969122573857,-2.5111192243795317,-2.543419417103144,1.432814398372173e-05,0.0,1.0194320458067896e-05,2.0371589830592285e-06,-3.854724050400549e-06,-1.589711545502137e-05,-4.35212770799609e-06,-1.3532100564095373e-05
889,0.0009466191024482123,0.000946619070921921,2.439425221643588e-07,3.7573039693388983,2.2847852996943647,1.6287935302590093,3.1570183974897215,1.0,-0.21540767116491621,0.890550471043219,0.17140336676250428,0.7007810855001242,-2.51112355691961,-2.54343288937478,1.4264481287717956e-05,0.0,1.0148995334607891e-05,2.0282518331526944e-06,-3.837874230611105e-06,-1.5826757261527824e-05,-4.3325400782556756e-06,-1.347227163606135e-05
890,0.0009424635796239558,0.0009424635482374934,2.4303058430999715e-07,3.757303969663733,2.2847894552158428,1.6287935334087584,3.1570325985998737,1.0,-0.21539756728686507,0.8905524904274427,0.17139954566333163,0.7007653287812373,-2.5111278699639388,-2.5434463020889004,1.420111015226766e-05,0.0,1.01038780511431e-05,2.0193842236171378e-06,-3.821099172657272e-06,-1.5756718886872356e-05,-4.313044328796423e-06,-1.3412714120253355e-05
891,0.0009383266514968472,0.0009383266202500567,2.4027400458748843e-07,3.757303969987069,2.2847935921426292,1.6287935365443806,3.15704673662904,1.0,-0.21538750831926606,0.8905545009834165,0.17139574126479634,0.7007496417824342,-2.5111321636039357,-2.5434596555156253,1.4138029166055333e-05,0.0,1.005896759900815e-05,2.0105559738192724e-06,-3.804398535284248e-06,-1.568699880316604e-05,-4.293639996877374e-06,-1.3353426724815876e-05
892,0.0009342082317647229,0.0009342082006570638,2.4027400458748843e-07,3.757303970308916,2.2847977105610267,1.6287935396659428,3.157060811865965,1.0,-0.21537749405629125,0.8905565027503203,0.17139195349281763,0.7007340241869434,-2.5111364379305563,-2.5434729499237907,1.4075236925314982e-05,0.0,1.0014262974811228e-05,2.001766903791946e-06,-3.7877719787082764e-06,-1.5617595490735603e-05,-4.274326620645752e-06,-1.3294408165442917e-05
893,0.000930108234553208,0.0009301082035836273,2.3934808975769653e-07,3.7573039706292777,2.28480181055691,1.6287935427735096,3.157074824597997,1.0,-0.21536752429311037,0.8905584957671552,0.1713881822736527,0.7007184756795058,-2.5111406930342985,-2.543486185580954,1.4012732032053776e-05,0.0,9.969763180878166e-06,1.993016834900274e-06,-3.7712191649219573e-06,-1.5548507437568304e-05,-4.255103742245581e-06,-1.3235657163157555e-05
894,0.000926026574413014,0.0009260265435816292,2.3934808975769653e-07,3.7573039709481653,2.284805892215727,1.628793545867146,3.1570887751110956,1.0,-0.21535759882588612,0.890560480072744,0.17138442753389516,0.7007029959463663,-2.5111449290052046,-2.5434993627534004,1.3950513098492934e-05,0.0,9.925467224253248e-06,1.984305588842439e-06,-3.7547397575554697e-06,-1.547973313953399e-05,-4.235970906041331e-06,-1.3177172446532381e-05
895,0.0009219631663187935,0.0009219631356239472,2.3748543039723136e-07,3.7573039712655842,2.284809955622505,1.6287935489469179,3.1571026636898365,1.0,-0.2153477174517681,0.8905624557057322,0.17138068920047353,0.7006875846752655,-2.511149145932863,-2.5435124817061503,1.3888578740850477e-05,0.0,9.881374118031472e-06,1.9756329882048007e-06,-3.7383334216267716e-06,-1.5411271100829183e-05,-4.216927658617919e-06,-1.3118952749913149e-05
896,0.0009179179256646391,0.0009179178951062336,2.3654860059004396e-07,3.75730397158154,2.2848140008618487,1.6287935520128891,3.157116490617422,1.0,-0.21533787996888812,0.8905644227045892,0.17137696720064952,0.7006722415554328,-2.5111533439064124,-2.543525542702965,1.382692758555848e-05,0.0,9.837482879970771e-06,1.9669988570170105e-06,-3.7219998240134444e-06,-1.5343119832644803e-05,-4.197973549224798e-06,-1.3060996814751036e-05
897,0.0009138907682626308,0.0009138907378398068,2.3560804576936265e-07,3.7573039718960426,2.284818028017946,1.6287935550651242,3.1571302561756873,1.0,-0.2153280861763551,0.8905663811076087,0.17137326146201629,0.7006569662775787,-2.511157523014542,-2.5435385460063538,1.3765558265266264e-05,0.0,9.793792533019374e-06,1.958403019419741e-06,-3.7057386332306486e-06,-1.527527785416538e-05,-4.179108129775955e-06,-1.3003303388714471e-05
898,0.0009098816103444294,0.0009098815800569832,2.346637211445519e-07,3.7573039722090975,2.2848220371745653,1.6287935581036868,3.157143960645107,1.0,-0.2153183358742493,0.8905683309529094,0.1713695719124972,0.7006417585338862,-2.511161683345497,-2.5435514918775795,1.3704469419728582e-05,0.0,9.750302105787645e-06,1.9498453007749106e-06,-3.6895495190980565e-06,-1.5207743692458031e-05,-4.160330954849911e-06,-1.2945871225689132e-05
899,0.0009058903685522986,0.0009058903383990854,2.3371558102008936e-07,3.7573039725207122,2.2848260284150648,1.6287935611286402,3.1571576043048024,1.0,-0.21530862886361762,0.8905702722784368,0.17136589848034403,0.7006266180180042,-2.5111658249870783,-2.5435643805766666,1.364365969536152e-05,0.0,9.707010631687663e-06,1.9413255273326158e-06,-3.6734321531561864e-06,-1.514051588202836e-05,-4.141641581245636e-06,-1.2888699087110211e-05
900,0.0009019169599407007,0.0009019169299213257,2.3276357876976346e-07,3.757303972830895,2.2848300018223893,1.628793564140048,3.1571711874325494,1.0,-0.21529896494646827,0.8905722051219627,0.1713622410941354,0.7006115444250391,-2.5111699480266467,-2.543577212362406,1.3583127747018864e-05,0.0,9.663917149349555e-06,1.9328435258980647e-06,-3.6573862086386466e-06,-1.5073592965042515e-05,-4.123039568426634e-06,-1.2831785739297885e-05
901,0.0008979613019739668,0.0008979612720879242,2.3084779657169732e-07,3.75730397313965,2.2848339574790746,1.6287935671379739,3.1571847103047848,1.0,-0.2152893439257657,0.8905741295210869,0.17135859968277523,0.7005965374515479,-2.511174052551125,-2.543589987492362,1.3522872235327554e-05,0.0,9.621020702565986e-06,1.9243991242756664e-06,-3.641411360166824e-06,-1.5006973491216158e-05,-4.104524478076854e-06,-1.2775129956121845e-05
902,0.0008940233125225833,0.0008940232827694427,2.3084779657169732e-07,3.7573039734469873,2.28483789546725,1.6287935701224792,3.1571981731966146,1.0,-0.21527976560542572,0.8905760455132383,0.17135497417549114,0.7005815967955304,-2.511178138646999,-2.5436027062228783,1.346289182979632e-05,0.0,9.578320339986846e-06,1.9159921513800526e-06,-3.6255072840829516e-06,-1.4940656017481402e-05,-4.0860958741006925e-06,-1.2718730516336763e-05
903,0.0008901029098642157,0.0008901028802436722,2.2891598188485577e-07,3.7573039737529115,2.284841815868638,1.6287935730936272,3.157211576381819,1.0,-0.21527022979031013,0.8905779531356747,0.171351364501833,0.7005667221564219,-2.5111822064003233,-2.543615368809085,1.3403185204374779e-05,0.0,9.535815115591095e-06,1.9076224363479e-06,-3.6096736581447963e-06,-1.487463910854192e-05,-4.067753324399348e-06,-1.2662586206690918e-05
904,0.0008862000126775511,0.0008861999831880848,2.2794393510786276e-07,3.75730397405743,2.284845718764561,1.6287935760514791,3.1572249201328613,1.0,-0.21526073628622208,0.8905798524254843,0.1713477705916713,0.7005519132350854,-2.5111862558967206,-2.5436279755049034,1.3343751042338425e-05,0.0,9.493504088048388e-06,1.8992898096481525e-06,-3.593910161692193e-06,-1.4808921336539882e-05,-4.049496397318109e-06,-1.2606695818373481e-05
905,0.0008823145400402649,0.0008823145106816085,2.269677253324963e-07,3.757303974360551,2.28484960423594,1.6287935789960977,3.157238204720894,1.0,-0.2152512848999009,0.8905817434195865,0.17134419237519566,0.7005371697338049,-2.5111902872213854,-2.543640526563054,1.3284588032735911e-05,0.0,9.451386321190913e-06,1.8909941021938437e-06,-3.5782164756470447e-06,-1.4743501280500837e-05,-4.031324664754976e-06,-1.255105815056723e-05
906,0.000878446411431632,0.0008784463822028528,2.2598729860936304e-07,3.757303974662279,2.284853472363296,1.6287935819275434,3.1572514304157653,1.0,-0.21524187543901704,0.8905836261547325,0.17134062978291326,0.7005224913562774,-2.5111943004590858,-2.5436530222350613,1.3225694871277227e-05,0.0,9.409460883846865e-06,1.8827351460082298e-06,-3.5625922824022993e-06,-1.4678377527443942e-05,-4.013237700384309e-06,-1.249567200733992e-05
907,0.0008745955467241395,0.0008745955176252221,2.2598729860936304e-07,3.757303974962623,2.284857323226756,1.6287935848458774,3.1572645974860274,1.0,-0.21523250771216754,0.8905855006675063,0.17133708274564735,0.7005078778076064,-2.5111982956941667,-2.5436654627712603,1.3167070262110059e-05,0.0,9.367726849507374e-06,1.874512773780701e-06,-3.5470372659052174e-06,-1.4613548671049692e-05,-3.99523508098909e-06,-1.244053619897656e-05
908,0.0008707618661837959,0.0008707618372142512,2.2302015940987762e-07,3.757303975261588,2.2848611569060546,1.6287935877511612,3.1572777061989417,1.0,-0.21522318152887077,0.8905873669943253,0.1713335511945358,0.7004933287942937,-2.5112022730105514,-2.543677848420803,1.3108712914267073e-05,0.0,9.326183296770596e-06,1.8663268189778037e-06,-3.5315511115463494e-06,-1.454901331265912e-05,-3.9773163846845705e-06,-1.2385649542867583e-05
909,0.0008669452904735279,0.0008669452616324916,2.2302015940987762e-07,3.7573039755591813,2.284864973480529,1.6287935906434547,3.157290756820486,1.0,-0.21521389669956167,0.8905892251714411,0.17133003506102948,0.7004788440242332,-2.5112062324917446,-2.543690179431664,1.3050621544330454e-05,0.0,9.284829309091913e-06,1.8581771158432403e-06,-3.516133506326069e-06,-1.4484770060496643e-05,-3.959481193138714e-06,-1.2331010860844316e-05
910,0.0008631457406397631,0.0008631457119266315,2.2302015940987762e-07,3.75730397585541,2.284868773029132,1.6287935935228184,3.157303749615362,1.0,-0.21520465303558708,0.8905910752349406,0.17132653427689082,0.7004644232067029,-2.5112101742208344,-2.5437024560506463,1.2992794875987812e-05,0.0,9.243663974589644e-06,1.8500634995088916e-06,-3.5007841386602845e-06,-1.4420817530336194e-05,-3.941729089795842e-06,-1.2276618982287602e-05
911,0.0008593631381199807,0.0008593631095346019,2.2101993820356363e-07,3.757303976150281,2.2848725556304266,1.6287935963893123,3.157316684847001,1.0,-0.2151954503492008,0.8905929172207465,0.17132304877419238,0.7004500660523583,-2.5112140982804942,-2.5437146785233873,1.2935231639144007e-05,0.0,9.202686386294845e-06,1.8419858058837946e-06,-3.4855026984359494e-06,-1.4357154344613043e-05,-3.924059659876633e-06,-1.2222472741019175e-05
912,0.000855597404735741,0.0008555973762766957,2.2101993820356363e-07,3.7573039764437994,2.2848763213625918,1.6287935992429952,3.1573295627775715,1.0,-0.21518628845355872,0.8905947511646182,0.17131957848531534,0.7004357722732252,-2.511218004752986,-2.543726847094366,1.2877930570365237e-05,0.0,9.161895642068041e-06,1.8339438716541423e-06,-3.4702888770388185e-06,-1.4293779133089934e-05,-3.906472491710389e-06,-1.2168570978854376e-05
913,0.0008518484626927737,0.0008518484343600055,2.1900144899933185e-07,3.7573039767359737,2.2848800703034207,1.6287936020839275,3.1573423836679853,1.0,-0.2151771671627145,0.8905965771021523,0.1713161233429479,0.7004215415826928,-2.511221893720161,-2.5437389620069073,1.2820890413767216e-05,0.0,9.12129084421065e-06,1.8259375341722617e-06,-3.4551423674367143e-06,-1.4230690532412993e-05,-3.88896717495868e-06,-1.211491254116126e-05
914,0.0008481162345765679,0.0008481162063695461,2.1798519549262258e-07,3.7573039770268086,2.284883802530328,1.6287936049121676,3.157355147777903,1.0,-0.21516808629161432,0.890598395068784,0.171312683280084,0.7004073736955064,-2.511225765263464,-2.5437510235031886,1.2764109917906552e-05,0.0,9.080871100186627e-06,1.817966631678658e-06,-3.4400628639019715e-06,-1.4167887186333772e-05,-3.8715433032798785e-06,-1.2061496281301487e-05
915,0.0008444006433542229,0.0008444006152718039,2.1798519549262258e-07,3.7573039773163117,2.284887518120348,1.6287936077277743,3.1573678553657434,1.0,-0.21515904565609265,0.8906002050997873,0.17130925823002172,0.700393268327761,-2.5112296194639354,-2.5437630318242452,1.2707587840221635e-05,0.0,9.040635521678775e-06,1.810031003302015e-06,-3.4250500622889923e-06,-1.4105367745376185e-05,-3.854200471220537e-06,-1.200832105663352e-05
916,0.0008407016123678246,0.0008407015844098536,2.159383408157448e-07,3.75730397760449,2.2848912171501365,1.6287936105308056,3.1573805066886864,1.0,-0.21515004507286725,0.8906020072302758,0.17130584812636204,0.7003792251968938,-2.5112334564022105,-2.5437749872099773,1.2651322943035836e-05,0.0,9.000583225393655e-06,1.8021304885040834e-06,-3.4101036596734247e-06,-1.4043130867280595e-05,-3.836938275103563e-06,-1.1955385732065338e-05
917,0.0008370190653368753,0.0008370190375029126,2.149076029934881e-07,3.7573039778913477,2.284894899695975,1.6287936133213208,3.157393102002682,1.0,-0.21514108435953486,0.8906038014952038,0.1713024529030071,0.7003652440216773,-2.5112372761585258,-2.5437868898991542,1.2595313995777957e-05,0.0,8.960713332395454e-06,1.794264927967859e-06,-3.3952233549350286e-06,-1.3981175216448705e-05,-3.819756315248668e-06,-1.1902689176945813e-05
918,0.0008333529263505661,0.0008333528986396822,2.149076029934881e-07,3.757303978176893,2.2848985658337746,1.6287936160993766,3.1574056415624567,1.0,-0.21513216333456628,0.8906055879293668,0.17129907249415907,0.7003513245222134,-2.511241078812718,-2.543798740129421,1.2539559774538134e-05,0.0,8.921024968577829e-06,1.7864341630424718e-06,-3.3804088480360317e-06,-1.3919499463943552e-05,-3.802654192419652e-06,-1.1850230266841066e-05
919,0.0008297031198715677,0.0008297030922841172,2.1387189767371642e-07,3.757303978461133,2.2849022156390713,1.6287936188650314,3.1574181256215184,1.0,-0.21512328181730211,0.8906073665674024,0.17129570683431847,0.7003374664199253,-2.5112448644442287,-2.543810538137304,1.2484059061623753e-05,0.0,8.881517264164307e-06,1.7786380355211406e-06,-3.365659840603996e-06,-1.3858102288044627e-05,-3.7856315104889404e-06,-1.1798007883090378e-05
920,0.0008260695707331649,0.0008260695432674363,2.1283115233608674e-07,3.757303978744071,2.2849058491870338,1.628793621618342,3.157430554432163,1.0,-0.21511443962794788,0.8906091374437909,0.17129235585828295,0.700323669437552,-2.5112486331321047,-2.5438222841582174,1.2428810644671273e-05,0.0,8.842189354235641e-06,1.7708763885293521e-06,-3.350976035515485e-06,-1.379698237335969e-05,-3.7686878759934928e-06,-1.1746020913250277e-05
921,0.0008224522041312037,0.000822452176786787,2.11785292678355e-07,3.7573039790257154,2.284909466552465,1.6287936243593653,3.157442928245483,1.0,-0.2151056365875699,0.8906109005928563,0.17128901950114567,0.7003099332991407,-2.5112523849550006,-2.5438339784264663,1.2373813319754845e-05,0.0,8.803040377980409e-06,1.7631490654146376e-06,-3.33635713728464e-06,-1.3736138411268861e-05,-3.7518228959143585e-06,-1.1694268248874096e-05
922,0.0008188509456300331,0.000818850918407466,2.1283115233608674e-07,3.757303979306073,2.2849130678097995,1.6287936270881584,3.1574552473113697,1.0,-0.2150968725180905,0.8906126560487666,0.17128569769829405,0.7002962577300407,-2.511256119991182,-2.543845621175255,1.2319065886945424e-05,0.0,8.764069479388903e-06,1.7554559103016842e-06,-3.3218028516190934e-06,-1.3675569100035645e-05,-3.7350361812293897e-06,-1.1642748788620594e-05
923,0.0008152657211569996,0.0008152656940544833,2.0861625671386756e-07,3.757303979585148,2.2849166530331124,1.6287936298047785,3.157467511878523,1.0,-0.21508814724228362,0.890614403845535,0.1712823903854085,0.7002826424568961,-2.511259838318526,-2.5438572126366914,1.2264567153419392e-05,0.0,8.725275806892308e-06,1.7477967684254025e-06,-3.307312885558744e-06,-1.3615273144584883e-05,-3.7183273442487064e-06,-1.1591461436477601e-05
924,0.0008116964569989519,0.0008116964300165587,2.0967792390987746e-07,3.7573039798629484,2.284920222296115,1.62879363250928,3.157479722194457,1.0,-0.21507946058377048,0.8906161440170207,0.17127909749846063,0.70026908720764,-2.5112635400145256,-2.543868753041793,1.2210315933902649e-05,0.0,8.686658513140655e-06,1.7401714856868367e-06,-3.2928869478643374e-06,-1.3555249256058666e-05,-3.701695999502874e-06,-1.1540405101762019e-05
925,0.0008081430798049246,0.000808143052941679,2.0861625671386756e-07,3.7573039801394805,2.284923775672159,1.6287936352017196,3.1574918785055037,1.0,-0.21507081236701497,0.8906178765969289,0.1712758189737123,0.7002555917114875,-2.511267225156289,-2.5438802426204927,1.2156311046673807e-05,0.0,8.648216755502425e-06,1.7325799082090754e-06,-3.2785247483235747e-06,-1.3495496152482467e-05,-3.685141763298816e-06,-1.1489578699563907e-05
926,0.0008046055165763129,0.0008046054898322144,2.0647654623614315e-07,3.757303980414748,2.2849273132342423,1.6287936378821537,3.1575039810568217,1.0,-0.21506220241731944,0.8906196016188123,0.17127255474771394,0.7002421556989292,-2.511270893820544,-2.543891681601642,1.2102551318005084e-05,0.0,8.609949695537189e-06,1.7250218833364528e-06,-3.264225998361736e-06,-1.3436012558321053e-05,-3.6686642550520787e-06,-1.1438981149414218e-05
927,0.0008010836946748242,0.0008010836680489161,2.0647654623614315e-07,3.75730398068876,2.284930835055004,1.6287936405506367,3.157516030092402,1.0,-0.2150536305608204,0.8906213191160715,0.17126930475730326,0.700228778901725,-2.5112745460836385,-2.54390307021302,1.2049035580385947e-05,0.0,8.571856499023367e-06,1.7174972591904591e-06,-3.2499904106808586e-06,-1.3376797204256441e-05,-3.652263094622299e-06,-1.1388611377949331e-05
928,0.0007975775418124795,0.0007975775153046975,2.053983323587514e-07,3.7573039809615194,2.284934341206731,1.628793643207224,3.157528025855073,1.0,-0.2150450966244839,0.8906230291219557,0.171266068939604,0.7002154610528969,-2.5112781820215444,-2.543914408681336,1.1995762670746757e-05,0.0,8.533936336513337e-06,1.7100058842256516e-06,-3.2358176992597354e-06,-1.3317848828076073e-05,-3.635937905865916e-06,-1.133846831580243e-05
929,0.0007940869860553596,0.0007940869596650791,2.0431442857983876e-07,3.757303981233035,2.2849378317613582,1.6287936458519705,3.1575399685865064,1.0,-0.2150366004361015,0.8906247316695636,0.1712628472320245,0.7002022018867237,-2.5112818017098575,-2.543925697232236,1.1942731433567388e-05,0.0,8.496188382389747e-06,1.702547607895788e-06,-3.221707579492694e-06,-1.325916617322953e-05,-3.619688313083458e-06,-1.1288550900268035e-05
930,0.0007906119558177509,0.0007906119295441912,2.0322474385776937e-07,3.7573039815033122,2.284941306790471,1.628793648484931,3.157551858527225,1.0,-0.2150281418242859,0.8906264267918439,0.1712596395722563,0.7001890011387336,-2.5112854052238007,-2.543936936090309,1.1889940718656788e-05,0.0,8.458611815614914e-06,1.69512228032076e-06,-3.2076597682173524e-06,-1.3200747990049777e-05,-3.6035139432399887e-06,-1.123885807263747e-05
931,0.000787152379862186,0.0007871523537043312,2.0322474385776937e-07,3.757303981772356,2.2849447663653075,1.6287936511061587,3.157563695916607,1.0,-0.21501972061846658,0.8906281145215963,0.17125644589827282,0.7001758585456989,-2.5112889926382267,-2.543948125479089,1.1837389382041152e-05,0.0,8.421205819314492e-06,1.6877297523976154e-06,-3.1936739834648176e-06,-1.3142593034753958e-05,-3.5874144259651075e-06,-1.1189388780419307e-05
932,0.0007837081872973051,0.0007837081612555169,2.0102765505361653e-07,3.757303982040173,2.2849482105567573,1.6287936537157088,3.1575754809928918,1.0,-0.21501133664888572,0.8906297948914716,0.17125326614832817,0.7001627738456284,-2.511292564027619,-2.543959265621066,1.1785076284631657e-05,0.0,8.38396958086074e-06,1.6803698753564689e-06,-3.1797499446539756e-06,-1.3084700070442601e-05,-3.5713893922206807e-06,-1.114014197689528e-05
933,0.0007802793075745666,0.0007802792816479398,2.0102765505361653e-07,3.7573039823067687,2.2849516394353704,1.6287936563136345,3.157587213993187,1.0,-0.2150029897465939,0.8906314679339733,0.17125010026095555,0.7001497467777624,-2.5112961194660937,-2.5439703567376855,1.1733000295333085e-05,0.0,8.346902291817004e-06,1.6730425016486805e-06,-3.165887372619247e-06,-1.3027067865989395e-05,-3.555438474744932e-06,-1.1091116619343921e-05
934,0.0007768656704902899,0.0007768656446781805,1.99920056238752e-07,3.7573039825721497,2.28495505307135,1.6287936588999896,3.1575988951534737,1.0,-0.21499467974344597,0.8906331336814575,0.17124694817496622,0.7001367770825658,-2.5112996590274026,-2.5439813990493563,1.1681160286602932e-05,0.0,8.310003147937728e-06,1.6657474841696995e-06,-3.152085989333031e-06,-1.2969695196596298e-05,-3.5395613089406197e-06,-1.1042311670816929e-05
935,0.000773467206178982,0.0007734671804812159,1.9768624248238833e-07,3.7573039828363206,2.2849584515345613,1.6287936614748268,3.1576105247086117,1.0,-0.21498640647209685,0.890634792166134,0.17124380982944795,0.700123864501722,-2.5113031827849346,-2.543992392775456,1.1629555138004122e-05,0.0,8.273271349112932e-06,1.658484676481109e-06,-3.1383455182665276e-06,-1.2912580843793542e-05,-3.5237575319868597e-06,-1.0993726099695067e-05
936,0.000770083845114531,0.0007700838195308628,1.9768624248238833e-07,3.757303983099289,2.2849618348945304,1.6287936640381995,3.1576221028923466,1.0,-0.21497816976599748,0.8906364434200669,0.17124068516376384,0.7001110087781269,-2.511306690811717,-2.5440033381343357,1.1578183734872738e-05,0.0,8.236706099368218e-06,1.651253932921648e-06,-3.1246656841121823e-06,-1.285572359510656e-05,-3.508026782395035e-06,-1.0945358879688172e-05
937,0.0007667155181093971,0.0007667154926384466,1.9768624248238833e-07,3.7573039833610578,2.284965203220446,1.62879366659016,3.157633629937314,1.0,-0.21496996945939045,0.8906380874751753,0.1712375741175511,0.7000982096558824,-2.511310183180419,-2.5440142353433255,1.1527044967429845e-05,0.0,8.200306607031305e-06,1.6440551083851673e-06,-3.1110462127281746e-06,-1.2799122244500083e-05,-3.4923687022292427e-06,-1.089720898983515e-05
938,0.0007633621563086577,0.0007633621309496905,1.9542689693874154e-07,3.7573039836216364,2.284968556581162,1.6287936691307614,3.157645106075047,1.0,-0.21496180538730641,0.890639724363234,0.17123447663071953,0.7000854668802909,-2.5113136599633523,-2.5440250846187387,1.1476137733001934e-05,0.0,8.164072084038132e-06,1.6368880587647183e-06,-3.0974868315825077e-06,-1.2742775591489952e-05,-3.47678293310949e-06,-1.084927541317171e-05
939,0.0007600236911904436,0.0007600236659438304,1.9542689693874154e-07,3.757303983881028,2.2849718950452,1.6287936716600555,3.15765653153598,1.0,-0.21495367738555948,0.8906413541158743,0.1712313926434504,0.7000727801978488,-2.511317121232473,-2.544035886175878,1.1425460932912301e-05,0.0,8.128001746932068e-06,1.6297526402864193e-06,-3.0839872691423853e-06,-1.2686682442142327e-05,-3.461269120652588e-06,-1.0801557139394902e-05
940,0.0007567000545661082,0.0007567000294313923,1.9428737179048833e-07,3.757303984139239,2.2849752186807484,1.6287936741780942,3.157667906549455,1.0,-0.2149455852907435,0.8906429767645843,0.17122832209619504,0.7000601493562405,-2.5113205670593852,-2.54404664022904,1.1375013475145579e-05,0.0,8.092094815975726e-06,1.6226487099535447e-06,-3.0705472553460567e-06,-1.2630841608296528e-05,-3.445826912251704e-06,-1.0754053161754484e-05
941,0.0007533911785783206,0.0007533911535541928,1.9314112360500902e-07,3.757303984396275,2.284978527555666,1.628793676684929,3.157679231343728,1.0,-0.21493752894022805,0.8906445923407098,0.1712252649296738,0.7000475741043327,-2.511323997515341,-2.54405734699152,1.132479427301547e-05,0.0,8.056350515456279e-06,1.615576125546525e-06,-3.057166521241994e-06,-1.2575251907787077e-05,-3.430455955744094e-06,-1.0706762480161558e-05
942,0.0007500969956935174,0.0007500969707804531,1.9314112360500902e-07,3.757303984652142,2.2849818217374844,1.6287936791806121,3.1576905061459746,1.0,-0.2149295081721543,0.8906462008754552,0.17122222108487448,0.7000350541921683,-2.5113274126712426,-2.5440680066756176,1.1274802246497018e-05,0.0,8.02076807374097e-06,1.6085347454009025e-06,-3.0438447993219597e-06,-1.2519912164443703e-05,-3.4151559016315503e-06,-1.0659684097635846e-05
943,0.0007468174387067787,0.0007468174139039145,1.9314112360500902e-07,3.7573039849068435,2.28498510129341,1.6287936816651936,3.157701731182293,1.0,-0.21492152282543098,0.890647802399884,0.17121919050305132,0.7000225893709603,-2.5113308125976466,-2.5440786194926415,1.1225036318229797e-05,0.0,7.98534672333262e-06,1.6015244287403974e-06,-3.0305818231601833e-06,-1.2464821207980314e-05,-3.3999264039685784e-06,-1.0612817023858412e-05
944,0.0007435524407394317,0.0007435524160456089,1.9082797281243975e-07,3.757303985160388,2.2849883662903214,1.6287936841387258,3.157712906677713,1.0,-0.21491357273973083,0.890649396944919,0.1712161731257236,0.7000101793930862,-2.511334197364762,-2.544089185652914,1.117549542017926e-05,0.0,7.95008570014799e-06,1.5945450350107748e-06,-3.0173773277186733e-06,-1.2409977874106026e-05,-3.384767115477416e-06,-1.0566160272507119e-05
945,0.0007403019352312352,0.0007403019106467596,1.9082797281243975e-07,3.7573039854127805,2.2849916167947777,1.628793686601258,3.1577240328561995,1.0,-0.21490565775548617,0.8906509845413438,0.17121316889467447,0.699997824012082,-2.5113375670424554,-2.544099705365777,1.1126178486531302e-05,0.0,7.914984244655754e-06,1.5875964248790453e-06,-3.0042310491251722e-06,-1.235538100419209e-05,-3.3696776933211936e-06,-1.0519712863032993e-05
946,0.0007370658559475657,0.0007370658314709966,1.8848643661548996e-07,3.757303985664025,2.284994852873015,1.6287936890528416,3.1577351099406585,1.0,-0.21489777771388544,0.8906525652198031,0.1712101777519496,0.6999855229826364,-2.511340921700251,-2.5441101788395954,1.1077084459021336e-05,0.0,7.880041600738519e-06,1.5806784592342638e-06,-2.991142724867446e-06,-1.230102944560496e-05,-3.354657795551219e-06,-1.0473473818439771e-05
947,0.0007338441369687434,0.0007338441126008075,1.8966081829902343e-07,3.757303985914128,2.284998074590951,1.6287936914935262,3.157746138152942,1.0,-0.21488993245686897,0.8906541390108029,0.17120719963985612,0.699973276060585,-2.5113442614073334,-2.5441206062817634,1.1028212283381578e-05,0.0,7.845257016469986e-06,1.5737909998536637e-06,-2.9781120934879723e-06,-1.2246922051373232e-05,-3.339707082439247e-06,-1.0427442167948442e-05
948,0.0007306367126985982,0.0007306366884384227,1.8848643661548996e-07,3.757303986163095,2.2850012820141834,1.6287936939233625,3.1577571177138535,1.0,-0.21488212182712532,0.8906557059447118,0.17120423450096126,0.6999610830029047,-2.5113475862325485,-2.544130987898708,1.0979560911561492e-05,0.0,7.810629743643105e-06,1.5669339088475454e-06,-2.9651388948614965e-06,-1.2193057680298658e-05,-3.3248252151452107e-06,-1.0381616944776795e-05
949,0.0007274435178514796,0.0007274434936982695,1.8611544365878127e-07,3.75730398641093,2.2850044752079977,1.628793696342399,3.1577680488431543,1.0,-0.21487434566808747,0.8906572660517614,0.17120128227809112,0.6999489435677076,-2.5113508962444064,-2.544141323895896,1.0931129300839615e-05,0.0,7.776159037853336e-06,1.5601070496584768e-06,-2.9522228701395203e-06,-1.2139435197067172e-05,-3.310011857937667e-06,-1.033599718791578e-05
950,0.0007242644874600357,0.0007242644634131851,1.8611544365878127e-07,3.7573039866576408,2.285007654237361,1.6287936987506864,3.157778931759568,1.0,-0.21486660382392897,0.8906588193620468,0.17119834291432945,0.699936857514236,-2.5113541915110824,-2.5441516144778356,1.0882916413823551e-05,0.0,7.741844158498656e-06,1.553310285395959e-06,-2.9393637616670354e-06,-1.208605347169378e-05,-3.2952666759733518e-06,-1.0290581939464971e-05
951,0.0007210995568668691,0.0007210995329259828,1.8611544365878127e-07,3.757303986903231,2.2850108191669305,1.628793701148273,3.1577897666807857,1.0,-0.21485889613956008,0.8906603659055277,0.17119541635301658,0.6999248246028559,-2.5113574721004186,-2.5441618598480837,1.08349212175618e-05,0.0,7.707684368890577e-06,1.5465434808348277e-06,-2.9265613128715007e-06,-1.2032911380077671e-05,-3.2805893361853578e-06,-1.0245370248185282e-05
952,0.0007179486617275686,0.0007179486378925573,1.8611544365878127e-07,3.757303987147707,2.2850139700610503,1.6287937035352085,3.1578005538234715,1.0,-0.21485122246062408,0.8906619057120281,0.17119250253774806,0.6999128445950519,-2.5113607380799268,-2.54417206020925,1.0787142685764195e-05,0.0,7.673678936004347e-06,1.5398065004168515e-06,-2.913815268512643e-06,-1.1980007804002213e-05,-3.2659795081713128e-06,-1.0200361166390337e-05
953,0.0007148117380058631,0.0007148117142761142,1.8371385344770506e-07,3.7573039873910727,2.2850171069837573,1.6287937059115416,3.157811293403267,1.0,-0.2148435826334934,0.8906634388112382,0.17118960141237358,0.6999009172534214,-2.5113639895167896,-2.5441822157630014,1.0739579795693288e-05,0.0,7.639827130673238e-06,1.5330992101381113e-06,-2.901125374488167e-06,-1.1927341630468824e-05,-3.2514368628611123e-06,-1.0155553751278745e-05
954,0.0007116887219753827,0.0007116886983498332,1.8371385344770506e-07,3.757303987633335,2.285020229998778,1.6287937082773207,3.157821985634799,1.0,-0.21483597650526617,0.8906649652327141,0.1711867129209956,0.6998890423416695,-2.5113672264778617,-2.544192326710067,1.0692231531717056e-05,0.0,7.606128227227726e-06,1.5264214758836658e-06,-2.888491377972535e-06,-1.1874911751919015e-05,-3.2369610720728303e-06,-1.0110947065378184e-05
955,0.000708579550212159,0.0007085795266915398,1.8371385344770506e-07,3.7573039878744985,2.285023339169535,1.6287937106325936,3.157832630731681,1.0,-0.21482840392376232,0.8906664850058789,0.17118383700796835,0.6998772196246027,-2.511370449029673,-2.5442023932502416,1.0645096882200278e-05,0.0,7.572581503856313e-06,1.519773164759819e-06,-2.875913027250432e-06,-1.1822717066789501e-05,-3.2225518111772544e-06,-1.0066540174769045e-05
956,0.0007054841596021123,0.0007054841361850356,1.8250120749944311e-07,3.757303988114568,2.285026434559144,1.6287937129774093,3.157843228906521,1.0,-0.21482086473751982,0.8906679981600227,0.17118097361789658,0.699865448868124,-2.5113736572384284,-2.5442124155823933,1.0598174839948626e-05,0.0,7.5391862424945e-06,1.5131541438728746e-06,-2.863390071772276e-06,-1.1770756478735045e-05,-3.208208755545172e-06,-1.002233215174897e-05
957,0.0007024024873291916,0.0007024024640156607,1.8128044993574107e-07,3.7573039883535486,2.28502951623042,1.6287937153118146,3.157853780370926,1.0,-0.21481335879579116,0.8906695047243043,0.17117812269563434,0.6998537298392271,-2.5113768511700116,-2.5442223939044646,1.0551464404873201e-05,0.0,7.505941728658261e-06,1.5065642815503821e-06,-2.8509222622374875e-06,-1.1719028896850503e-05,-3.1939315832119064e-06,-9.978322071280132e-06
958,0.0006993344708835299,0.0006993344476725113,1.8005141576520485e-07,3.757303988591446,2.2850325842458736,1.6287937176358576,3.1578642853355063,1.0,-0.21480588594853983,0.8906710047277506,0.1711752841862839,0.6998420623059912,-2.511380030889985,-2.5442323284134787,1.0504964580437814e-05,0.0,7.472847251333015e-06,1.5000034463419354e-06,-2.838509350455709e-06,-1.1667533235892869e-05,-3.1797199735450477e-06,-9.93450901409787e-06
959,0.0006962800480489406,0.0006962800249404465,1.788139343261721e-07,3.757303988828266,2.28503563866772,1.6287937199495859,3.157874744009882,1.0,-0.2147984460464364,0.8906724981992582,0.17117245803519446,0.6998304460375755,-2.5113831964635933,-2.5442422193055445,1.045867437587944e-05,0.0,7.439902103445473e-06,1.4934715075742844e-06,-2.8261510894300734e-06,-1.1616268415726161e-05,-3.1655736081326324e-06,-9.890892065822499e-06
960,0.0006932391569132348,0.0006932391339067515,1.7756782901008428e-07,3.757303989064013,2.2850386795578723,1.6287937222530464,3.157885156602687,1.0,-0.21479103894085513,0.8906739851675933,0.17116964418796116,0.6998188808042137,-2.511386347955763,-2.5442520667758606,1.0412592804875942e-05,0.0,7.407105581253015e-06,1.4869683351292906e-06,-2.8138472333016917e-06,-1.1565233361765515e-05,-3.151492169894965e-06,-9.847470316071139e-06
961,0.0006902117358593464,0.0006902117129540304,1.7504900879369298e-07,3.7573039892986912,2.2850417069779474,1.6287937245462858,3.1578955233215735,1.0,-0.2147836644838704,0.890675465661393,0.17116684259042378,0.6998073663772089,-2.5113894854311067,-2.5442618710187186,1.0366718886434256e-05,0.0,7.374456984732269e-06,1.4804937996659717e-06,-2.8015975373774094e-06,-1.1514427004866157e-05,-3.137475343528706e-06,-9.804242858013623e-06
962,0.0006871977235631812,0.0006871977007593184,1.7631291696726156e-07,3.7573039895323075,2.2850447209892684,1.6287937268293509,3.157905844373218,1.0,-0.21477632252825307,0.8906769397091652,0.17116405318866568,0.6997959025289279,-2.511392608953922,-2.54427163222751,1.03210516444463e-05,0.0,7.34195561732931e-06,1.4740477721764123e-06,-2.7894017581020503e-06,-1.146384828099034e-05,-3.1235228150627847e-06,-9.761208791481124e-06
963,0.0006841970589978907,0.000684197036294526,1.7631291696726156e-07,3.757303989764866,2.2850477216528633,1.6287937291022885,3.157916119963326,1.0,-0.2147690129274669,0.8906784073392896,0.17116127592901265,0.6997844890327963,-2.511395718588194,-2.544281350594729,1.027559010813306e-05,0.0,7.3096007861817025e-06,1.4676301244298529e-06,-2.7772596530306615e-06,-1.1413496131540413e-05,-3.109634272302486e-06,-9.718367218969348e-06
964,0.0006812096814257145,0.0006812096588219985,1.7504900879369298e-07,3.7573039899963705,2.28505070902947,1.6287937313651444,3.157926350296637,1.0,-0.2147617355356651,0.8906798685800184,0.17115851075803173,0.699773125663293,-2.5113988143976,-2.5442910263119773,1.0230333310712325e-05,0.0,7.277391801785438e-06,1.4612407287506457e-06,-2.7651709809117797e-06,-1.1363369503358811e-05,-3.095809405717631e-06,-9.675717248303073e-06
965,0.0006782355304004139,0.0006782355078962917,1.7377590819732272e-07,3.757303990226829,2.2850536831795334,1.6287937336179645,3.1579365355769284,1.0,-0.21475449020768705,0.8906813234594766,0.1711557576225301,0.6997618121959452,-2.511401896445506,-2.544300659569968,1.0185280291619137e-05,0.0,7.245327978050442e-06,1.454879458240299e-06,-2.7531355016319203e-06,-1.1313467347728867e-05,-3.0820479062221295e-06,-9.63325799085979e-06
966,0.0006752745457648634,0.000675274523360175,1.7377590819732272e-07,3.7573039904562435,2.285056644163211,1.6287937358607953,3.1579466760070223,1.0,-0.21474727679905445,0.8906827720056627,0.171153016469554,0.6997505484073229,-2.5114049647949725,-2.5443102505585315,1.0140430093841246e-05,0.0,7.213408632605889e-06,1.4485461861113436e-06,-2.741152976104555e-06,-1.1263788622373205e-05,-3.0683494665062483e-06,-9.590988563346059e-06
967,0.0006723266676498195,0.0006723266453437447,1.7120130796843874e-07,3.75730399068462,2.285059592040373,1.6287937380936817,3.157956771788788,1.0,-0.214740095165968,0.8906842142464494,0.1711502872463876,0.6997393340750339,-2.511408019508754,-2.544319799466618,1.0095781765695477e-05,0.0,7.181633086439376e-06,1.4422407866865328e-06,-2.7292231664088895e-06,-1.1214332289011253e-05,-3.0547137814807e-06,-9.548908086465246e-06
968,0.0006693918364729274,0.0006693918142648657,1.7249341164216756e-07,3.7573039909119648,2.2850625268706013,1.6287937403166695,3.157966823123149,1.0,-0.2147329451653042,0.890685650209584,0.1711475699005518,0.6997281689777186,-2.5114110606493014,-2.5443293064823034,1.0051334360827724e-05,0.0,7.15000066381366e-06,1.4359631346216872e-06,-2.717345835789864e-06,-1.116509731524662e-05,-3.0411405473884656e-06,-9.507015685361608e-06
969,0.0006664699929333579,0.0006664699708229567,1.7120130796843874e-07,3.7573039911382797,2.2850654487131963,1.6287937425298034,3.1579768302100852,1.0,-0.21472582665461146,0.8906870799226893,0.17114486437980328,0.699717052895045,-2.5114140882787637,-2.5443387717927926,1.0007086936436593e-05,0.0,7.1185106927385e-06,1.4297131052387613e-06,-2.7055207485193744e-06,-1.1116082673567895e-05,-3.027629462248882e-06,-9.465310489176204e-06
970,0.0006635610780168631,0.000663561056003873,1.7120130796843874e-07,3.7573039913635715,2.285068357627172,1.6287937447331289,3.157986793248641,1.0,-0.21471873949210724,0.8906885034132637,0.17114217063213327,0.6997059856077035,-2.5114171024589886,-2.544348195584424,9.963038555937942e-06,0.0,7.087162504221256e-06,1.4234905744148207e-06,-2.693747670007296e-06,-1.1067287341570697e-05,-3.014180224969465e-06,-9.423791631490985e-06
971,0.0006606650329883948,0.0006606650110728034,1.7120130796843874e-07,3.757303991587846,2.285071253671264,1.6287937469266893,3.157996712436928,1.0,-0.21471168353667422,0.8906899207086824,0.1711394886057665,0.6996949668974018,-2.5114201032515253,-2.5443575780426744,9.91918828674443e-06,0.0,7.055955433016292e-06,1.4172954186930653e-06,-2.6820263667737265e-06,-1.1018710301624601e-05,-3.0007925366781762e-06,-9.382458250328796e-06
972,0.000657781799395366,0.0006577817775755988,1.6858739404357632e-07,3.757303991811107,2.2850741369039254,1.6287937491105315,3.158006587972128,1.0,-0.21470465864785718,0.8906913318361971,0.17113681824916016,0.6996839965468599,-2.5114230907176256,-2.544366919352162,9.875535200265517e-06,0.0,7.0248888170421075e-06,1.411127514727717e-06,-2.6703566063379647e-06,-1.0970350541983365e-05,-2.9874661002793346e-06,-9.341309487709282e-06
973,0.0006549113190616261,0.000654911297338334,1.6858739404357632e-07,3.757303992033359,2.2850770073833306,1.6287937512846973,3.1580164200505023,1.0,-0.21469766468585966,0.8906927368229378,0.1711341595110027,0.6996730743398051,-2.5114260649182456,-2.5443762196966526,9.832078374127917e-06,0.0,6.993961997520115e-06,1.4049867407273098e-06,-2.65873815746831e-06,-1.0922207054786526e-05,-2.974200620009526e-06,-9.300344490537071e-06
974,0.0006520535340885596,0.0006520535124610834,1.659323085197815e-07,3.7573039922546063,2.2850798651673796,1.6287937534492325,3.1580262088673914,1.0,-0.21469070151154054,0.8906941356959122,0.17113151234021282,0.6996622000609672,-2.5114290259140466,-2.5443854792590614,9.788816889066965e-06,0.0,6.963174319113419e-06,1.3988729743452666e-06,-2.6471707898767516e-06,-1.087427883783576e-05,-2.9609958009935156e-06,-9.259562408825417e-06
975,0.0006492083868558122,0.0006492083653237001,1.659323085197815e-07,3.757303992474855,2.2850827103136924,1.6287937556041798,3.1580359546172225,1.0,-0.2146837689864108,0.8906955284820068,0.17112887668593846,0.6996513734960733,-2.511431973765398,-2.544394698221459,9.745749831147066e-06,0.0,6.932525129732525e-06,1.3927860946783e-06,-2.635654274357746e-06,-1.0826564893928747e-05,-2.947851351464692e-06,-9.218962397472552e-06
976,0.0006463758200151774,0.0006463757985773744,1.659323085197815e-07,3.7573039926941085,2.2850855428796177,1.6287937577495837,3.158045657493514,1.0,-0.2146768669726303,0.8906969152079877,0.17112625249755561,0.6996405944318428,-2.5114349085323773,-2.5444038767650743,9.702876291317608e-06,0.0,6.902013780507588e-06,1.3867259808231225e-06,-2.6241883828437285e-06,-1.0779064230526103e-05,-2.9347669792123554e-06,-9.178543615373513e-06
977,0.0006435557764908943,0.0006435557551477444,1.6323404237781964e-07,3.757303992912372,2.28508836292223,1.6287937598854874,3.158055317688879,1.0,-0.2146699953330043,0.8906982959005004,0.1711236397246673,0.6996298626559829,-2.511437830274773,-2.5444130150702997,9.660195364968871e-06,0.0,6.871639626010451e-06,1.3806925127646252e-06,-2.612772888321846e-06,-1.0731775859862402e-05,-2.9217423955785193e-06,-9.13830522542014e-06
978,0.0006407481994801616,0.0006407481782313433,1.6458870496134868e-07,3.757303993129651,2.2850911704983328,1.6287937620119333,3.15806493539503,1.0,-0.21466315393098045,0.8906996705860714,0.17112103831710257,0.6996191779571834,-2.5114407390520843,-2.5444221133166947,9.617706151043848e-06,0.0,6.841402023838317e-06,1.3746855709317884e-06,-2.601407564722935e-06,-1.0684698799501291e-05,-2.908777311461108e-06,-9.098246394945164e-06
979,0.0006379530324520685,0.0006379530112960414,1.6323404237781964e-07,3.7573039933459498,2.285093965664458,1.6287937641289654,3.1580745108027846,1.0,-0.21465634263064545,0.8907010392911076,0.1711184482249154,0.6996085401251121,-2.5114436349235256,-2.5444311716829904,9.57540775470278e-06,0.0,6.811300335002324e-06,1.3687050361976816e-06,-2.5900921871713223e-06,-1.0637832071336284e-05,-2.89587144131076e-06,-9.058366295722209e-06
980,0.0006351702191390302,0.0006351701980761634,1.6323404237781964e-07,3.7573039935612713,2.2850967484768714,1.6287937662366267,3.158084044102068,1.0,-0.21464956129672177,0.8907024020418978,0.17111586939838366,0.6995979489504093,-2.511446517948025,-2.5444401903470926,9.533299283326357e-06,0.0,6.781333923677746e-06,1.3627507902125302e-06,-2.5788265317350234e-06,-1.0591174702812012e-05,-2.883024499578113e-06,-9.018664102189433e-06
981,0.0006323997035475539,0.0006323996825778174,1.6323404237781964e-07,3.757303993775623,2.285099518991567,1.628793768334959,3.1580935354819197,1.0,-0.2146428097945647,0.890703758864613,0.17111330178800802,0.6995874042246842,-2.5114493881842277,-2.5444491694860862,9.491379851844783e-06,0.0,6.7515021570652145e-06,1.3568227151816714e-06,-2.5676103756477886e-06,-1.0544725725036841e-05,-2.8702362024901618e-06,-8.979138993669977e-06
982,0.0006296414299445395,0.0006296414090669027,1.6049041769309372e-07,3.7573039939890074,2.2851022772642784,1.6287937704240047,3.1581029851304963,1.0,-0.21463608799015893,0.8907051097853066,0.17111074534451104,0.6995769057405092,-2.5114522456904957,-2.54445810927624,9.44964857652053e-06,0.0,6.721804405779297e-06,1.3509206936435092e-06,-2.5564434969760352e-06,-1.049848417500332e-05,-2.8575062680502583e-06,-8.939790153927873e-06
983,0.0006268953428649952,0.0006268953220793256,1.6186804311275822e-07,3.7573039942014286,2.28510502335047,1.6287937725038062,3.158112393235076,1.0,-0.21462939575011547,0.8907064548299153,0.171108200018836,0.6995664532914154,-2.5114550905249113,-2.5444670098930104,9.40810457983332e-06,0.0,6.692240043459918e-06,1.345044608691559e-06,-2.5453256750351816e-06,-1.0452449093811822e-05,-2.844834415594022e-06,-8.900616770279868e-06
984,0.0006241613871056228,0.0006241613664116717,1.6049041769309372e-07,3.7573039944128936,2.2851077573053455,1.628793774574406,3.1581217599820643,1.0,-0.21462273294166861,0.8907077940242595,0.17110566576214592,0.699556046671888,-2.511457922745278,-2.544475871511045,9.366746988259678e-06,0.0,6.662808446855628e-06,1.3391943441964926e-06,-2.5342566900843355e-06,-1.0406619527447702e-05,-2.832220366677518e-06,-8.861618034483598e-06
985,0.0006214395077271295,0.000621439487123873,1.591008641128439e-07,3.7573039946234044,2.2851104791838446,1.6287937766358456,3.1581310855569966,1.0,-0.21461609943267254,0.890709127394044,0.1711031425258226,0.6995456856773614,-2.511460742409121,-2.544484694304186,9.325574932272929e-06,0.0,6.633508996073401e-06,1.3333697844730708e-06,-2.5232363233262944e-06,-1.0360994526559253e-05,-2.819663842856812e-06,-8.822793140961238e-06
986,0.0006187296500470151,0.0006187296295343208,1.576990670600291e-07,3.7573039948329674,2.285113189040649,1.6287937786881665,3.158140370144544,1.0,-0.21460949509159857,0.8907104549648582,0.1711006302614655,0.6995353701042148,-2.5114635495736892,-2.5444934784454754,9.284587547231382e-06,0.0,6.604341073968012e-06,1.3275708142801435e-06,-2.5122643571018344e-06,-1.0315573146568724e-05,-2.807164568352505e-06,-8.784141289464031e-06
987,0.0006160317596450108,0.0006160317392229755,1.576990670600291e-07,3.757303995041585,2.2851158869301784,1.6287937807314097,3.158149613928517,1.0,-0.21460291978753182,0.8907117767621772,0.17109812892089085,0.6995250997497675,-2.5114663442959575,-2.544502224107158,9.243783972934239e-06,0.0,6.575304066752663e-06,1.3217973189316723e-06,-2.5013405746399098e-06,-1.0270354447339258e-05,-2.7947222682733752e-06,-8.745661682851846e-06
988,0.0006133457823596957,0.0006133457620269243,1.5628469708117136e-07,3.7573039952492646,2.285118572906596,1.6287937827656171,3.158158817091869,1.0,-0.21459637339016835,0.8907130928113615,0.17109563845613054,0.699514874412274,-2.511469126632626,-2.5445109314606866,9.203163352289323e-06,0.0,6.546397363471623e-06,1.3160491842967303e-06,-2.4904647603074537e-06,-1.0225337493507958e-05,-2.782336668616381e-06,-8.707353528425443e-06
989,0.0006106716642818625,0.0006106716440390506,1.5485740967710726e-07,3.7573039954560077,2.285121247023809,1.6287937847908294,3.158167979816703,1.0,-0.21458985576981177,0.8907144031376585,0.17109315881943116,0.6995046938909197,-2.511471896640125,-2.5445196006767232,9.16272483397762e-06,0.0,6.517620356583098e-06,1.3103262970215468e-06,-2.479636699387333e-06,-1.0180521354263838e-05,-2.770007498931193e-06,-8.669216036594207e-06
990,0.0006080093517627337,0.0006080093316089212,1.576990670600291e-07,3.75730399566182,2.285123909335468,1.6287937868070876,3.158177102284273,1.0,-0.21458336679737056,0.8907157077662022,0.17109068996325305,0.6994945579858165,-2.5114746543746125,-2.5445282319251463,9.12246756978874e-06,0.0,6.488972441209828e-06,1.3046285437523508e-06,-2.4688561781061047e-06,-1.0135905103236809e-05,-2.757734487435215e-06,-8.631248423096594e-06
991,0.000605358791402722,0.0006053587713374577,1.5485740967710726e-07,3.757303995866705,2.2851265598949713,1.628793788814432,3.1581861846749892,1.0,-0.21457690634435483,0.8907170067220144,0.1710882318402692,0.6994844664979978,-2.511477399891978,-2.544536825375052,9.08239071639727e-06,0.0,6.460453015721956e-06,1.2989558121345723e-06,-2.458122983856059e-06,-1.0091487818719713e-05,-2.745517365454475e-06,-8.593449905891504e-06
992,0.0006027199300603034,0.0006027199100827094,1.5485740967710726e-07,3.757303996070668,2.2851291987554614,1.6287937908129029,3.1581952271684237,1.0,-0.21457047428287357,0.8907183000300044,0.17108578440336428,0.6994744192294143,-2.5114801332478436,-2.544545381194759,9.042493434474608e-06,0.0,6.432061481265183e-06,1.2933079900356859e-06,-2.447436904917666e-06,-1.004726858344629e-05,-2.733355865647269e-06,-8.555819706934642e-06
993,0.0006000927148392981,0.0006000926949491945,1.534168443230839e-07,3.757303996273714,2.2851318259698337,1.628793792802541,3.158204229943313,1.0,-0.21456407048563125,0.8907195877149705,0.17108334760563382,0.6994644159829295,-2.511482854497565,-2.544553899551812,9.002774889133036e-06,0.0,6.4037972423158784e-06,1.287684966100322e-06,-2.4367977304595723e-06,-1.000324648481321e-05,-2.7212497215600706e-06,-8.518357053066694e-06
994,0.0005974770930978341,0.0005974770732954512,1.5196262340524166e-07,3.757303996475845,2.2851344415907295,1.6287937947833864,3.1582131931775614,1.0,-0.21455769482592527,0.8907208698015998,0.17108092140038306,0.699454456562315,-2.511485563696233,-2.5445623806129865,8.963234248593466e-06,0.0,6.375659705987191e-06,1.2820866293061783e-06,-2.426205250760649e-06,-9.959420614547021e-06,-2.709198668071622e-06,-8.48106117423697e-06
995,0.0005948730124415828,0.0005948729927264871,1.5196262340524166e-07,3.7573039966770674,2.285137045670544,1.6287937967554782,3.1582221170482483,1.0,-0.21455134717764276,0.890722146314469,0.171078505741126,0.6994445407722464,-2.5114882608986755,-2.5445708245442904,8.923870686849966e-06,0.0,6.347648282500895e-06,1.2765128691860639e-06,-2.4156592570434565e-06,-9.915790068593111e-06,-2.6972024422811103e-06,-8.443931303947494e-06
996,0.0005922804207228062,0.0005922804010946674,1.5196262340524166e-07,3.757303996877385,2.2851396382614246,1.6287937987188563,3.1582310017316284,1.0,-0.21454502741525774,0.8907234172780447,0.17107610058158457,0.6994346684182985,-2.5114909461594563,-2.54457923151097,8.884683380117053e-06,0.0,6.319762385020855e-06,1.270963575716877e-06,-2.405159541446489e-06,-9.872353947892876e-06,-2.6852607808436346e-06,-8.406966679697092e-06
997,0.0005896992660447674,0.0005896992465023787,1.5196262340524166e-07,3.757303997076801,2.285142219415269,1.6287938006735614,3.158239847403139,1.0,-0.21453873541382817,0.8907246827166843,0.17107370587568743,0.6994248393069414,-2.5114936195328808,-2.544587601677512,8.845671510382402e-06,0.0,6.29200142956976e-06,1.2654386395416495e-06,-2.3947058971351964e-06,-9.829111357051445e-06,-2.6733734244110963e-06,-8.370166542093216e-06
998,0.0005871294967479985,0.0005871294772913736,1.5196262340524166e-07,3.7573039972753217,2.2851447891837355,1.6287938026196311,3.158248654237402,1.0,-0.214532471048993,0.8907259426546361,0.17107132157756924,0.6994150532455358,-2.5114962810729935,-2.5445959352076493,8.806834263186403e-06,0.0,6.2643648351679015e-06,1.2599379518585252e-06,-2.384298118190964e-06,-9.786061405669955e-06,-2.6615401127472182e-06,-8.333530137072387e-06
999,0.0005845710614221142,0.0005845710420512047,1.490116119384767e-07,3.7573039974729494,2.2851473476182345,1.628793804557106,3.1582574224082287,1.0,-0.21452623419696934,0.8907271971160401,0.1710689476415696,0.6994053100423283,-2.5114989308335818,-2.544604232264361,8.768170826733979e-06,0.0,6.236852023666639e-06,1.25446140397667e-06,-2.3739359996388654e-06,-9.743203207457363e-06,-2.649760588280259e-06,-8.297056711903394e-06
1000,0.0005820239088985896,0.0005820238896125675,1.490116119384767e-07,3.757303997669688,2.285149894769935,1.6287938064860232,3.1582661520886246,1.0,-0.21452002473454965,0.8907284461249284,0.17106658402223215,0.6993956095064481,-2.511501568868175,-2.544612493009881,8.729680395891393e-06,0.0,6.2094624196928905e-06,1.2490088883154726e-06,-2.3636193374476644e-06,-9.700535880230454e-06,-2.6380345934384763e-06,-8.260745519628188e-06
1001,0.0005794879882488127,0.0005794879690477395,1.4751396978812924e-07,3.757303997865542,2.2851524306897653,1.6287938084064228,3.1582748434507915,1.0,-0.2145138425390989,0.8907296897052255,0.17106423067430354,0.6993859514479016,-2.511504195230049,-2.5446207176056967,8.691362166857175e-06,0.0,6.182195450760153e-06,1.2435802970722776e-06,-2.353347928613081e-06,-9.65805854646895e-06,-2.6263618737587535e-06,-8.22459581595325e-06
1002,0.0005769632487851808,0.0005769632296688075,1.4751396978812924e-07,3.757303998060517,2.2851549554284127,1.6287938103183432,3.1582834966661335,1.0,-0.21450768748855148,0.890730927880749,0.1710618875527325,0.699376335677569,-2.5115068099722238,-2.5446289062125564,8.653215342047105e-06,0.0,6.155050547407281e-06,1.238175523554652e-06,-2.343121571046769e-06,-9.615770332649376e-06,-2.614742174777973e-06,-8.188606859693692e-06
1003,0.0005744496400608809,0.0005744496210276666,1.4751396978812924e-07,3.7573039982546166,2.2851574690363257,1.6287938122218228,3.15829211190526,1.0,-0.21450155946140867,0.8907321606752103,0.17105955461266903,0.6993667620071993,-2.5115094131474676,-2.5446370589904705,8.615239126541496e-06,0.0,6.128027142809911e-06,1.2327944612922082e-06,-2.332940063465294e-06,-9.573670369689147e-06,-2.6031752438093747e-06,-8.152777914105513e-06
1004,0.0005719471118616461,0.000571947092912024,1.4751396978812924e-07,3.7573039984478442,2.2851599715637163,1.6287938141168992,3.158300689337989,1.0,-0.21449545833673558,0.8907333881122147,0.1710572318094634,0.6993572302494067,-2.5115120048082966,-2.544645176098716,8.577432728973378e-06,0.0,6.101124673085767e-06,1.2274370043696692e-06,-2.322803205639934e-06,-9.531757792613504e-06,-2.5916608290543763e-06,-8.11710824555334e-06
1005,0.0005694556142146525,0.0005694555953485057,1.460009659995544e-07,3.757303998640204,2.285162463060558,1.6287938160036108,3.1583092291333514,1.0,-0.21448938399415862,0.8907346102152619,0.1710549190986652,0.6993477402176658,-2.5115145850069776,-2.544653257695841,8.539795362416669e-06,0.0,6.0743425769616e-06,1.2221030472048255e-06,-2.3127107982023887e-06,-9.490031740888583e-06,-2.580198680934842e-06,-8.081597124842688e-06
1006,0.0005669750973796492,0.0005669750785964416,1.460009659995544e-07,3.7573039988316994,2.2851649435765915,1.6287938178819952,3.1583177314595963,1.0,-0.21448333631386246,0.890735827007747,0.17105261643602243,0.699338291726308,-2.511517153795528,-2.544661303939666,8.502326244830272e-06,0.0,6.0476802961617615e-06,1.216792485103646e-06,-2.302662642755804e-06,-9.448491357755273e-06,-2.568788550316725e-06,-8.046243824999522e-06
1007,0.0005645055118509738,0.0005645054931500835,1.429269171748377e-07,3.7573039990223367,2.2851674131613224,1.6287938197520908,3.1583261964841927,1.0,-0.21447731517658758,0.8907370385129603,0.17105032377748056,0.6993288845905171,-2.5115197112257173,-2.5446693149872894,8.465024596393533e-06,0.0,6.02113727488085e-06,1.211505213261077e-06,-2.2926585418747703e-06,-9.40713579089536e-06,-2.5574301893982465e-06,-8.011047623490697e-06
1008,0.0005620468083565908,0.0005620467897381645,1.444721179430584e-07,3.7573039992121173,2.285169871864022,1.6287938216139337,3.158334624373835,1.0,-0.21447132046362713,0.8907382447540884,0.1710480410791817,0.6993195186263249,-2.5115222573490694,-2.54467729099509,8.427889642170783e-06,0.0,5.994712960449844e-06,1.2062411280933105e-06,-2.2826982988555233e-06,-9.365964192209475e-06,-2.546123352153984e-06,-7.976007800447604e-06
1009,0.0005595989378562358,0.0005595989193190095,1.444721179430584e-07,3.7573039994010466,2.285172319733732,1.6287938234675625,3.1583430152944456,1.0,-0.21446535205682457,0.8907394457542139,0.17104576829746362,0.6993101936506074,-2.511524792216863,-2.5446852321187303,8.390920610779062e-06,0.0,5.968406802558945e-06,1.201000125572449e-06,-2.272781718076766e-06,-9.32497571748403e-06,-2.5348677934466934e-06,-7.941123640442527e-06
1010,0.0005571618515374704,0.0005571618330818717,1.444721179430584e-07,3.757303999589128,2.2851747568192633,1.6287938253130134,3.1583513694111796,1.0,-0.21445940983857067,0.890740641536317,0.17104350538885885,0.6993009094810807,-2.511527315880133,-2.5446931385131615,8.35411673394404e-06,0.0,5.942218253895959e-06,1.1957821031138849e-06,-2.2629086047776248e-06,-9.284169526724284e-06,-2.523663269915488e-06,-7.906394431156372e-06
1011,0.0005547355008204376,0.0005547354824460414,1.429269171748377e-07,3.7573039997763664,2.2851771831691963,1.6287938271503242,3.1583596868884283,1.0,-0.21445349369180106,0.890741832123275,0.17104125231009384,0.6992916659362967,-2.511529828389671,-2.5447010103326244,8.31747724872045e-06,0.0,5.916146769618935e-06,1.1905869579109662e-06,-2.2530787650021367e-06,-9.243544784043323e-06,-2.512509538199481e-06,-7.871819462934582e-06
1012,0.0005523198373525403,0.0005523198190586279,1.429269171748377e-07,3.757303999962764,2.285179598831884,1.6287938289795307,3.1583679678898227,1.0,-0.21444760349999323,0.8907430175378629,0.171039009018088,0.6992824628356393,-2.511532329796029,-2.5447088477306554,8.28100139438348e-06,0.0,5.890191807828016e-06,1.185414587934197e-06,-2.2432920058490513e-06,-9.203100657328989e-06,-2.5014063580464097e-06,-7.83739803100758e-06
1013,0.0005499148130073461,0.0005499147947932246,1.3978528260658483e-07,3.757304000148327,2.2851820038554527,1.6287938308006702,3.1583762125782373,1.0,-0.2144417391471643,0.8907441978027546,0.17103677546995277,0.6992732999993204,-2.511534820149518,-2.5447166508600887,8.244688414649204e-06,0.0,5.864352828927055e-06,1.180264891709193e-06,-2.23354813522203e-06,-9.162836318910017e-06,-2.490353488759922e-06,-7.803129433270328e-06
1014,0.0005475203798842264,0.0005475203617507999,1.3978528260658483e-07,3.757304000333057,2.2851843982878015,1.6287938326137787,3.1583844211157945,1.0,-0.21443590051786776,0.8907453729405225,0.171034551622991,0.6992641772483753,-2.5115372995002097,-2.544724419873059,8.2085375572305e-06,0.0,5.838629296539555e-06,1.1751377678725916e-06,-2.223846961774134e-06,-9.122750945111946e-06,-2.479350691864113e-06,-7.769012970282319e-06
1015,0.00054513649031003,0.0005451364722556982,1.3978528260658483e-07,3.7573040005169593,2.285186782176606,1.628793834418893,3.158392593663867,1.0,-0.2144300874971915,0.8907465429736383,0.17103233743469567,0.6992550944046595,-2.5115397678979394,-2.544732154921006,8.172548072504782e-06,0.0,5.8130206762596615e-06,1.1700331158381871e-06,-2.21418829532416e-06,-9.082843715813027e-06,-2.4683977297712545e-06,-7.735047947043938e-06
1016,0.0005427630968301571,0.0005427630788551978,1.3978528260658483e-07,3.7573040007000382,2.285189155569319,1.6287938362160483,3.158400730383083,1.0,-0.2144242999707546,0.8907477079244738,0.17103013286274932,0.6992460512908443,-2.511542225392305,-2.5447398561546772,8.136719216178534e-06,0.0,5.787526436901169e-06,1.1649508354638627e-06,-2.204571946357037e-06,-9.043113815221382e-06,-2.4574943657817983e-06,-7.701233671220109e-06
1017,0.0005404001522181382,0.0005404001343217292,1.3818768405162858e-07,3.7573040008822955,2.285191518513168,1.6287938380052815,3.158408831433329,1.0,-0.21441853782470502,0.8907488678153005,0.1710279378650231,0.6992370477304128,-2.5115446720326706,-2.544747523724132,8.101050245734598e-06,0.0,5.762146049581585e-06,1.1598908267185237e-06,-2.1949977262181175e-06,-9.003560431430913e-06,-2.4466403654166413e-06,-7.667569454916645e-06
1018,0.0005380476094644872,0.0005380475916466598,1.3818768405162858e-07,3.757304001063737,2.285193871055162,1.6287938397866275,3.158416896973753,1.0,-0.21441280094571707,0.8907500226682913,0.17102575239957576,0.6992280835476565,-2.511547107868165,-2.544755157778744,8.065540423984885e-06,0.0,5.736878987944172e-06,1.154852990792321e-06,-2.185465447335222e-06,-8.96418275631028e-06,-2.435835494196681e-06,-7.634054612015717e-06
1019,0.000535705421782319,0.0005357054040429573,1.3657139822709094e-07,3.757304001244365,2.285196213242087,1.628793841560122,3.1584249271627685,1.0,-0.2144070892209885,0.8907511725055197,0.17102357642465305,0.6992191585676706,-2.5115495329476842,-2.544762758467205,8.030189015517664e-06,0.0,5.711724728574286e-06,1.1498372284313163e-06,-2.1759749227190373e-06,-8.92497998594699e-06,-2.425079519419171e-06,-7.600688460840388e-06
1020,0.000533373542603182,0.0005333735249411927,1.3657139822709094e-07,3.7573040014241847,2.2851985451205135,1.6287938433258007,3.158432922158059,1.0,-0.21440140253823828,0.890752317348961,0.17102140989868658,0.6992102726163505,-2.5115519473198944,-2.544770325937527,7.994995290694362e-06,0.0,5.686682750222216e-06,1.1448434412697495e-06,-2.166525966462718e-06,-8.885951320092289e-06,-2.4143722101577225e-06,-7.567470321934167e-06
1021,0.0005310519255755042,0.0005310519079917615,1.3657139822709094e-07,3.7573040016031993,2.2852008667367905,1.6287938450836992,3.158440882116581,1.0,-0.2143957407857038,0.8907534572204926,0.17101925278029312,0.6992014255203883,-2.51155435103323,-2.5447778603370477,7.959958521652766e-06,0.0,5.661752534469322e-06,1.1398715316079944e-06,-2.15711839346433e-06,-8.847095962161156e-06,-2.4037133354859463e-06,-7.534399520725543e-06
1022,0.0005287405245694396,0.0005287405070617753,1.3657139822709094e-07,3.7573040017814128,2.285203178137051,1.6287938468338519,3.158448807194566,1.0,-0.21439010385213841,0.8907545921418945,0.17101710502827386,0.6991926171072685,-2.511556744135896,-2.544785361812432,7.92507798541564e-06,0.0,5.636933565394964e-06,1.1349214018574472e-06,-2.1477520192603183e-06,-8.808413119787417e-06,-2.39310266625381e-06,-7.501475384419365e-06
1023,0.0005264392936620017,0.0005264392762319526,1.332800374925012e-07,3.757304001958827,2.2852054793672143,1.6287938485762934,3.1584566975475274,1.0,-0.21438449162680892,0.8907557221348495,0.17101496660161322,0.6991838472052642,-2.5115591266758712,-2.5447928305096754,7.890352961226199e-06,0.0,5.612225329493237e-06,1.1299929550956378e-06,-2.138426660636128e-06,-8.76990200437966e-06,-2.3825399750876386e-06,-7.468697243329103e-06
1024,0.0005241481871555308,0.0005241481698019467,1.332800374925012e-07,3.7573040021354482,2.2852077704729807,1.6287938503110597,3.15846455333026,1.0,-0.21437890399949308,0.8907568472209441,0.17101283745947843,0.6991751156434334,-2.5115614987009054,-2.5448002665741085,7.855782732768546e-06,0.0,5.587627315839505e-06,1.1250860945111185e-06,-2.129142134793538e-06,-8.73156183078816e-06,-2.372025034169667e-06,-7.4360644330973e-06
1025,0.0005218671595584299,0.0005218671422801352,1.332800374925012e-07,3.7573040023112787,2.285210051499842,1.6287938520381835,3.1584723746968475,1.0,-0.21437334086047688,0.8907579674216682,0.17101071756121833,0.6991664222516151,-2.511563860258524,-2.5448076701503983,7.821366587279499e-06,0.0,5.563139016201424e-06,1.12020072418062e-06,-2.1198982601000615e-06,-8.693391818304086e-06,-2.361557618790755e-06,-7.403576289810587e-06
1026,0.0005195961655933538,0.0005195961483911644,1.3493575361575816e-07,3.7573040024863227,2.285212322493073,1.6287938537577014,3.1584801618006626,1.0,-0.2143678021005524,0.8907590827584163,0.1710086068663627,0.6991577668604259,-2.5115662113960275,-2.5448150413825528,7.787103815104501e-06,0.0,5.538759924483827e-06,1.1153367480698506e-06,-2.1106948556171012e-06,-8.65539118921621e-06,-2.351137503353584e-06,-7.371232154440577e-06
1027,0.0005173351601977018,0.0005173351430706253,1.3160349229466696e-07,3.7573040026605833,2.285214583497739,1.6287938554696462,3.1584879147943723,1.0,-0.2143622876110151,0.8907601932524877,0.17100650533462147,0.6991491493012559,-2.5115685521604934,-2.5448223804139234,7.75299370969762e-06,0.0,5.51448953728384e-06,1.110494071365764e-06,-2.101531741238727e-06,-8.61755916992113e-06,-2.3407644658135496e-06,-7.339031370623417e-06
1028,0.0005150840985150614,0.0005150840814632736,1.3160349229466696e-07,3.7573040028340645,2.2852168345586943,1.6287938571740528,3.1584956338299413,1.0,-0.21435679728366142,0.8907612989250867,0.17100441292588384,0.699140569406265,-2.511570882598776,-2.544829687387209,7.719035568953814e-06,0.0,5.490327353696589e-06,1.1056725990332694e-06,-2.0924087376361644e-06,-8.579894990923265e-06,-2.3304382827937786e-06,-7.3069732855479685e-06
1029,0.0005128429359008707,0.0005128429189234768,1.2990531157078375e-07,3.7573040030067704,2.285219075720585,1.6287938588709536,3.1585033190586347,1.0,-0.2143513310107863,0.8907623997973235,0.17100232960021736,0.6991320270083794,-2.51157320275751,-2.544836962444457,7.685228693432578e-06,0.0,5.466272875120914e-06,1.100872236814432e-06,-2.0833256664798405e-06,-8.542397885613617e-06,-2.3201587340260232e-06,-7.275057248179451e-06
1030,0.000510611627919557,0.0005106116110169864,1.2990531157078375e-07,3.7573040031787035,2.2852213070278453,1.6287938605603847,3.1585109706310215,1.0,-0.21434588868518079,0.8907634958902139,0.17100025531786736,0.6991235219412876,-2.511575512683109,-2.5448442057270704,7.65157238680203e-06,0.0,5.4423256055091684e-06,1.0960928903402944e-06,-2.0742823499952934e-06,-8.505067091824081e-06,-2.309925598797946e-06,-7.243282613256241e-06
1031,0.0005083901303406478,0.0005083901135120614,1.2990531157078375e-07,3.757304003349868,2.285223528524707,1.6287938622423777,3.158518588696979,1.0,-0.2143404702001295,0.8907645872246805,0.17099819003925587,0.699115054039437,-2.5115778124217676,-2.544851417375806,7.618065957615272e-06,0.0,5.41848505128395e-06,1.0913344666851899e-06,-2.0652786114905286e-06,-8.467901850606196e-06,-2.299738658617656e-06,-7.211648735516718e-06
1032,0.0005061783991418383,0.0005061783823870131,1.2990531157078375e-07,3.7573040035202676,2.2852257402551914,1.6287938639169668,3.1585261734056957,1.0,-0.2143350754494086,0.8907656738215529,0.1709961337249809,0.6991066231380303,-2.5115801020194635,-2.544858597530781,7.584708716645849e-06,0.0,5.394750720894015e-06,1.0865968723683395e-06,-2.0563142749674412e-06,-8.43090140667524e-06,-2.28959769588144e-06,-7.18015497502833e-06
1033,0.0005039763905047229,0.0005039763738235463,1.2990531157078375e-07,3.757304003689905,2.285227942263117,1.6287938655841858,3.1585337249056735,1.0,-0.2143297043272828,0.8907667557015676,0.1709940863358157,0.6990982290730217,-2.5115823815219573,-2.5448657463314746,7.551499977775933e-06,0.0,5.371122125813477e-06,1.0818800146861207e-06,-2.0473891652050824e-06,-8.394065008632268e-06,-2.279502493873764e-06,-7.1488006936348825e-06
1034,0.0005017840608177169,0.0005017840442089796,1.2818463544611084e-07,3.7573040038587853,2.285230134592097,1.628793867244067,3.1585412433447324,1.0,-0.21432435672850336,0.8907678328853693,0.1709920478327079,0.6990898716811131,-2.511584650974794,-2.5448728639167313,7.518439058884496e-06,0.0,5.347598779431584e-06,1.0771838017120672e-06,-2.038503107787415e-06,-8.357391908520029e-06,-2.2694528367672717e-06,-7.1175852567328945e-06
1035,0.0004996013666677706,0.0004996013501322475,1.264405455326822e-07,3.7573040040269103,2.2852323172855415,1.628793868896644,3.1585487288700134,1.0,-0.21431903254830567,0.8907689053935107,0.17099001817677878,0.6990815507997511,-2.511586910423304,-2.544879950424765,7.485525280959138e-06,0.0,5.324180197691097e-06,1.0725081414086901e-06,-2.029655929131069e-06,-8.320881362045007e-06,-2.259448510066875e-06,-7.086508033715688e-06
1036,0.00049742826485066,0.0004974282483874541,1.264405455326822e-07,3.757304004194286,2.285234490386657,1.6287938705419491,3.1585561816279815,1.0,-0.21431373168240694,0.8907699732464531,0.1709879973293223,0.699073266267123,-2.5115891599126052,-2.5448870059931594,7.45275796809608e-06,0.0,5.300865898727469e-06,1.0678529424046346e-06,-2.020847456485342e-06,-8.284532628133334e-06,-2.249489301053842e-06,-7.055568394420675e-06
1037,0.0004952647123562467,0.0004952646959654351,1.264405455326822e-07,3.757304004360913,2.2852366539384525,1.6287938721800155,3.1585636017644294,1.0,-0.21430845402700352,0.8907710364645669,0.17098598525180458,0.6990650179221529,-2.511591399487602,-2.5448940307588743,7.420136447944259e-06,0.0,5.277655403423953e-06,1.0632181137726349e-06,-2.0120775177101535e-06,-8.24834497004101e-06,-2.239574996565352e-06,-7.0247657149025144e-06
1038,0.0004931106663803758,0.0004931106500608633,1.264405455326822e-07,3.7573040045267954,2.2852388079837334,1.6287938738108754,3.1585709894244807,1.0,-0.21430319947876905,0.8907720950681318,0.1709839819058628,0.6990568056044991,-2.5115936291929883,-2.5449010248582455,7.387660051261236e-06,0.0,5.254548234467915e-06,1.0586035649184922e-06,-2.003345941775647e-06,-8.212317653799595e-06,-2.2297053865472094e-06,-6.994099371215867e-06
1039,0.0004909660843151254,0.0004909660680669188,1.2287812309317777e-07,3.757304004691938,2.2852409525651063,1.6287938754345617,3.1585783447525935,1.0,-0.2142979679348519,0.8907731490773375,0.17098198725330468,0.6990486291545501,-2.511595849073248,-2.54490798842699,7.355328112801374e-06,0.0,5.231543917155745e-06,1.0540092056920969e-06,-1.9946525581238106e-06,-8.176449948993358e-06,-2.2198802596129497e-06,-6.963568744300375e-06
1040,0.0004888309237501075,0.0004888309075735145,1.264405455326822e-07,3.7573040048563424,2.2852430877249814,1.6287938770511055,3.158585667892562,1.0,-0.21429275929287273,0.890774198512284,0.17098000125610754,0.6990404884134208,-2.511598059172655,-2.5449149216002076,7.323139968651304e-06,0.0,5.208641979170814e-06,1.049434946498451e-06,-1.985997197140321e-06,-8.1407411293144e-06,-2.2100994070406443e-06,-6.9331732177602134e-06
1041,0.00048670514247622,0.0004867051263704024,1.264405455326822e-07,3.7573040050200133,2.285245213505569,1.6287938786605398,3.1585929589875223,1.0,-0.21428757345092245,0.8907752433929818,0.1709780238764176,0.6990323832229494,-2.5116002595352764,-2.5449218245123855,7.2910949602267294e-06,0.0,5.185841950278158e-06,1.0448806977425562e-06,-1.9773796899325013e-06,-8.105190471452417e-06,-2.2003626214406324e-06,-6.902912177864096e-06
1042,0.0004845886984759786,0.00048458868244051354,1.2467205919833125e-07,3.757304005182954,2.285247329948886,1.6287938802628965,3.1586002181799535,1.0,-0.21428241030755982,0.8907762837393526,0.17097605507654917,0.6990243134256939,-2.511602450204972,-2.544928697297399,7.259192431163797e-06,0.0,5.163143362629796e-06,1.0403463708286154e-06,-1.9687998684403407e-06,-8.06979725542778e-06,-2.190669695423253e-06,-6.872785013545268e-06
1043,0.00048248154992958537,0.00048248153396439916,1.2287812309317777e-07,3.7573040053451683,2.285249437096752,1.628793881858207,3.1586074456116813,1.0,-0.21427726976180902,0.8907773195712295,0.17097409481898393,0.6990162788649286,-2.511604631225395,-2.544935540088516,7.2274317277631894e-06,0.0,5.14054575079248e-06,1.0358318769387864e-06,-1.960257565242207e-06,-8.034560765368681e-06,-2.1810204229311125e-06,-6.8427911168456035e-06
1044,0.0004803836552112243,0.0004803836393162331,1.2287812309317777e-07,3.757304005506658,2.2852515349907927,1.6287938834465032,3.158614641423882,1.0,-0.21427215171315767,0.8907783509083577,0.17097214306637015,0.6990082793846405,-2.5116068026399936,-2.544942353018399,7.195812200766483e-06,0.0,5.1180486513591195e-06,1.0313371281434058e-06,-1.9517526137768915e-06,-7.99948028806785e-06,-2.171414598794996e-06,-6.812929883359686e-06
1045,0.0004782949728891907,0.00047829495706381235,1.2287812309317777e-07,3.757304005667428,2.2852536236724403,1.6287938850278165,3.158621805757085,1.0,-0.21426705606155447,0.8907793777703945,0.17097019978152184,0.6990003148295264,-2.5116089644920137,-2.5449491362191097,7.164333203135698e-06,0.0,5.095651603198581e-06,1.026862036845877e-06,-1.9432848483158516e-06,-7.964555114092775e-06,-2.161852020066135e-06,-6.783200710458459e-06
1046,0.00047621546172288166,0.0004762154459663366,1.2287812309317777e-07,3.7573040058274807,2.2852557031829357,1.6287938866021776,3.158628938751176,1.0,-0.21426198270740687,0.8907804001769101,0.17096826492741807,0.6989923850449888,-2.511611116824497,-2.5449558898221087,7.13299409094148e-06,0.0,5.0733541475944666e-06,1.0224065155606255e-06,-1.9348541037689237e-06,-7.929784537563656e-06,-2.152332483351671e-06,-6.753602999065578e-06
1047,0.0004741450806632441,0.00047414506497529493,1.2287812309317777e-07,3.7573040059868195,2.2852577735633273,1.6287938881696193,3.1586360405454004,1.0,-0.214256931551579,0.8907814181473874,0.17096633846720227,0.6989844898771334,-2.511613259680284,-2.5449626139582615,7.101794224251279e-06,0.0,5.0511558278842905e-06,1.0179704773571885e-06,-1.9264602157953448e-06,-7.895167855487273e-06,-2.142855787035103e-06,-6.724136152769233e-06
1048,0.00047208378885204514,0.000472083773233137,1.1920928955078133e-07,3.7573040061454477,2.2852598348544726,1.628793889730171,3.1586431112783653,1.0,-0.21425190249538925,0.8907824317012235,0.1709644203641814,0.6989766291727647,-2.511615393102014,-2.5449693087578398,7.070732964908899e-06,0.0,5.029056189737036e-06,1.0135538360822594e-06,-1.918103020859263e-06,-7.860704368645166e-06,-2.1334217299440184e-06,-6.694799578266242e-06
1049,0.00047003154562119947,0.00047003153007060453,1.1920928955078133e-07,3.757304006303369,2.285261887097041,1.6287938912838644,3.1586501510880445,1.0,-0.2142468954406084,0.8907834408577288,0.17096251058182524,0.6989688027793838,-2.5116175171321267,-2.5449759743505243,7.039809679199038e-06,0.0,5.007054780847842e-06,1.0091565052494644e-06,-1.9097823561742278e-06,-7.826393380927499e-06,-2.1240301126823624e-06,-6.6655926844738644e-06
1050,0.00046798831049092054,0.0004679882950085106,1.1920928955078133e-07,3.7573040064605867,2.2852639303315114,1.6287938928307297,3.15865716011178,1.0,-0.2142419102894571,0.8907844456361281,0.1709606090837655,0.698961010545184,-2.511619631812863,-2.544982610865408,7.00902373562684e-06,0.0,4.985151151298828e-06,1.0047783993716308e-06,-1.9014980597309439e-06,-7.792234199777148e-06,-2.114680736298169e-06,-6.636514883862077e-06
1051,0.00046595404316830214,0.0004659540277537406,1.1920928955078133e-07,3.7573040066171033,2.285265964598177,1.6287938943707985,3.1586641384862855,1.0,-0.21423694694460374,0.890785446055561,0.17095871583379546,0.6989532523190483,-2.5116217371862657,-2.5449892184309992,6.978374505361984e-06,0.0,4.963344853364804e-06,1.0004194328505633e-06,-1.8932499700474725e-06,-7.758226135745616e-06,-2.1053734027276505e-06,-6.6075655911213005e-06
1052,0.00046392870354958557,0.00046392868820191907,1.1920928955078133e-07,3.7573040067729226,2.2852679899371426,1.6287938959041004,3.1586710863476495,1.0,-0.2142320053091625,0.8907864421350822,0.17095683079586876,0.6989455279505455,-2.511623833294182,-2.544995797175223,6.94786136401504e-06,0.0,4.941635441235714e-06,9.960795211982898e-07,-1.8850379266965867e-06,-7.724368502715073e-06,-2.0961079161274654e-06,-6.578744223606492e-06
1053,0.0004619122517114107,0.00046191223643119047,1.1542389828584848e-07,3.7573040069280474,2.2852700063883296,1.6287938974306662,3.1586780038313385,1.0,-0.21422708528669107,0.8907874338936617,0.17095495393409896,0.6989378372899278,-2.5116259201782616,-2.545002347225425,6.917483688972936e-06,0.0,4.920022471432972e-06,9.917585794827488e-07,-1.8768617698061707e-06,-7.690660617787337e-06,-2.0868840797660937e-06,-6.5500502022253215e-06
1054,0.00045990464792302455,0.0004599046327097704,1.1733186057227575e-07,3.7573040070824804,2.2852720139914697,1.6287938989505253,3.158684891072199,1.0,-0.21422218678118846,0.8907884213501854,0.17095308521275876,0.6989301801881266,-2.511627997879961,-2.545008868708375,6.887240860731225e-06,0.0,4.898505502615169e-06,9.874565237710797e-07,-1.8687213401979985e-06,-7.65710180117285e-06,-2.0777016995765507e-06,-6.521482950105906e-06
1055,0.0004579058526315384,0.00045790583748484107,1.1920928955078133e-07,3.7573040072362267,2.285274012786116,1.6287939004637086,3.158691748204463,1.0,-0.21421730969709288,0.8907894045234556,0.1709512245962793,0.6989225564967496,-2.511630066440542,-2.545015361750268,6.857132263782262e-06,0.0,4.877084095578077e-06,9.831732701304219e-07,-1.860616479471e-06,-7.623691376967834e-06,-2.0685605810477625e-06,-6.493041893040896e-06
1056,0.0004559158264695826,0.0004559158113892152,1.1733186057227575e-07,3.757304007389288,2.2852760028116355,1.6287939019702458,3.1586985753617474,1.0,-0.21421245393927968,0.8907903834321909,0.17094937204924932,0.698914966068078,-2.5116321259010737,-2.5450218264767277,6.827157284394758e-06,0.0,4.855757813199135e-06,9.789087352940484e-07,-1.8525470299735058e-06,-7.59042867159998e-06,-2.059460531445012e-06,-6.46472645948748e-06
1057,0.0004539345302521552,0.0004539345152373374,1.1542389828584848e-07,3.7573040075416677,2.2852779841072137,1.6287939034701666,3.15870537267706,1.0,-0.2142076194130592,0.8907913580950272,0.1709475275364145,0.6989074087550626,-2.511634176302433,-2.5450282630128083,6.797315312834229e-06,0.0,4.834526220465207e-06,9.746628363282994e-07,-1.844512834803247e-06,-7.5573130153827606e-06,-2.05040135936585e-06,-6.436536080567379e-06
1058,0.00045196192497498844,0.00045196191002572943,1.1348386266624797e-07,3.7573040076933695,2.2852799567118542,1.6287939049635005,3.158712140282801,1.0,-0.21420280602417463,0.8907923285305176,0.17094569102267693,0.6988998844113212,-2.511636217685306,-2.5450346714829997,6.767605740698457e-06,0.0,4.813388884583603e-06,9.704354904105372e-07,-1.8365137375853102e-06,-7.524343741405204e-06,-2.0413828729637373e-06,-6.408470191399118e-06
1059,0.0004499979718140335,0.0004499979569303253,1.1151007970493862e-07,3.7573040078443958,2.285281920664381,1.6287939064502766,3.1587188783107654,1.0,-0.21419801367880006,0.890793294757133,0.17094386247309398,0.6988923928911351,-2.5116382500901895,-2.545041052011227,6.738027964470206e-06,0.0,4.792345374565743e-06,9.66226615384258e-07,-1.8285495829439835e-06,-7.4915201860870084e-06,-2.03240488350076e-06,-6.380528227545312e-06
1060,0.00044804263212534404,0.00044804261730691376,1.1733186057227575e-07,3.7573040079947493,2.2852838760034384,1.6287939079305254,3.1587255868921473,1.0,-0.21419324228353823,0.8907942567932622,0.17094204185287806,0.698884934049446,-2.5116402735573904,-2.5450474047208558,6.708581381964507e-06,0.0,4.771395261837785e-06,9.620361292039803e-07,-1.820620215919888e-06,-7.458841689178541e-06,-2.0234672009067367e-06,-6.352709628565378e-06
1061,0.0004460958674434196,0.0004460958526898089,1.1348386266624797e-07,3.757304008144434,2.285285822767492,1.6287939094042756,3.1587322661575423,1.0,-0.2141884917454186,0.8907952146572129,0.17094022912739557,0.6988775077418529,-2.5116422881270277,-2.545053729734693,6.679265394993195e-06,0.0,4.750538119629999e-06,9.57863950712401e-07,-1.812725482497335e-06,-7.426307593094705e-06,-2.014569637331931e-06,-6.325013837127358e-06
1062,0.0004441576394794547,0.00044415762479007285,1.1151007970493862e-07,3.757304008293452,2.2852877609948306,1.6287939108715552,3.15873891623695,1.0,-0.21418376197189518,0.8907961683672114,0.17093842426216638,0.6988701138246091,-2.511644293839034,-2.54506002717499,6.6500794075885494e-06,0.0,4.729773523420855e-06,9.537099985301722e-07,-1.8048652291879907e-06,-7.3939172438031164e-06,-2.005712006258875e-06,-6.29744029723156e-06
1063,0.0004422279101252475,0.0004422278954999541,1.1348386266624797e-07,3.757304008441808,2.285289690723562,1.6287939123323947,3.1587455372597772,1.0,-0.21417905287084474,0.8907971179414033,0.17093662722286307,0.698862752154619,-2.5116462907331543,-2.545066297163447,6.621022827335565e-06,0.0,4.709101050437425e-06,9.49574191833058e-07,-1.7970393033084342e-06,-7.3616699900469484e-06,-1.9968941202819224e-06,-6.2699884568750974e-06
1064,0.0004403066414430151,0.00044030662688178857,1.1151007970493862e-07,3.757304008589504,2.285291611991624,1.6287939137868228,3.158752129354841,1.0,-0.2141743643505643,0.8907980633978536,0.17093483797531026,0.6988554225894348,-2.5116482788489494,-2.545072539821212,6.592095063595593e-06,0.0,4.68852028043254e-06,9.454564503519336e-07,-1.789247552813622e-06,-7.329565184233111e-06,-1.9881157951040507e-06,-6.24265776494326e-06
1065,0.0004383937956742558,0.0004383937811764373,1.1151007970493862e-07,3.757304008736543,2.2852935248367756,1.6287939152348667,3.1587586926503697,1.0,-0.21416969631976956,0.8907990047545478,0.17093305648548385,0.6988481249872539,-2.5116502582257954,-2.5450787552688867,6.5632955288386086e-06,0.0,4.668030794741096e-06,9.413566941507412e-07,-1.7814898264079115e-06,-7.297602180877938e-06,-1.9793768459841488e-06,-6.215447674762231e-06
1066,0.00043648933523327677,0.00043648932079928625,1.1151007970493862e-07,3.7573040088829277,2.2852954292966015,1.6287939166765564,3.158765227274009,1.0,-0.21416504868759279,0.8907999420293911,0.17093128271951044,0.6988408592069153,-2.511652228902885,-2.545084943626528,6.5346236395313895e-06,0.0,4.647632176779659e-06,9.37274843293423e-07,-1.7737659734062827e-06,-7.2657803386055875e-06,-1.970677089513373e-06,-6.18835764143455e-06
1067,0.00043459322270803235,0.00043459320833714126,1.1151007970493862e-07,3.7573040090286614,2.2852973254085147,1.6287939181119195,3.158771733352823,1.0,-0.2141604213635806,0.8908008752402098,0.17092951664366657,0.6988336251078969,-2.511654190919228,-2.5450911050136504,6.506078813917071e-06,0.0,4.627324012185241e-06,9.332108187320998e-07,-1.7660758438731161e-06,-7.234099018371687e-06,-1.962016343171058e-06,-6.161387122283202e-06
1068,0.00043270542085969884,0.0004327054065517783,1.0745380149674388e-07,3.757304009173749,2.2852992132097536,1.628793919540985,3.1587782110132956,1.0,-0.21415581425769226,0.8908018044047511,0.170927758224378,0.6988264225503126,-2.511656144313654,-2.5450972395492277,6.477660472459235e-06,0.0,4.607105888343455e-06,9.291645413078697e-07,-1.7584192885666816e-06,-7.20255758435151e-06,-1.9533944257688063e-06,-6.134535577295708e-06
1069,0.0004308258926212216,0.0004308258783750615,1.0745380149674388e-07,3.757304009318189,2.2853010927373862,1.62879392096378,3.158784660381335,1.0,-0.2141512272802974,0.8908027295406837,0.17092600742821923,0.6988192513949089,-2.5116580891248095,-2.5451033473516973,6.449368039618264e-06,0.0,4.586977394860359e-06,9.251359326389874e-07,-1.750796158772605e-06,-7.171155403717933e-06,-1.944811155674131e-06,-6.107802469568213e-06
1070,0.000428954601093274,0.00042895458690982646,1.1151007970493862e-07,3.757304009461988,2.28530296402831,1.6287939223803343,3.1587910815822777,1.0,-0.21414666034217444,0.890803650665598,0.1709242642219125,0.6988121115030621,-2.511660025391163,-2.545109428538962,6.421200942519079e-06,0.0,4.566938122951836e-06,9.211249142326849e-07,-1.743206306720202e-06,-7.139891846752455e-06,-1.9362663534749913e-06,-6.0811872648613985e-06
1071,0.0004270915095514003,0.00042709149542988624,1.0745380149674388e-07,3.757304009605148,2.2853048271192504,1.6287939237906737,3.158797474740888,1.0,-0.21414211335450825,0.8908045677970066,0.17092252857232743,0.6988050027367756,-2.5116619531510036,-2.545115483228392,6.3931586100629545e-06,0.0,4.546987666192992e-06,9.171314085953952e-07,-1.7356495850828768e-06,-7.108766286512136e-06,-1.927759840647525e-06,-6.054689429824123e-06
1072,0.0004252365814383837,0.0004252365673782498,1.0950072449966577e-07,3.757304009747672,2.285306682046765,1.6287939251948271,3.158803839981362,1.0,-0.21413758622888832,0.8908054809523445,0.17092080044648025,0.6987979249586762,-2.5116638724424423,-2.545121511536828,6.365240474259792e-06,0.0,4.5271256199352905e-06,9.131553379004842e-07,-1.7281258471724126e-06,-7.077778099384702e-06,-1.9192914386678694e-06,-6.028308435990226e-06
1073,0.0004233897803626154,0.0004233897663640163,1.0745380149674388e-07,3.757304009889563,2.285308528847245,1.6287939265928222,3.1588101774273327,1.0,-0.21413307887730695,0.8908063901489695,0.170919079811533,0.698790878032012,-2.511665783303413,-2.5451275135805838,6.337445970672206e-06,0.0,4.507351581362062e-06,9.091966249874517e-07,-1.7206349472442817e-06,-7.04692666420037e-06,-1.9108609707885194e-06,-6.0020437557817274e-06
1074,0.0004215510701056314,0.0004215510561685919,1.0745380149674388e-07,3.7573040100308237,2.285310367556908,1.6287939279846857,3.1588164872018694,1.0,-0.21412859121215716,0.8908072954041627,0.17091736663479307,0.6987838618206488,-2.5116676857716733,-2.545133489475448,6.309774536639168e-06,0.0,4.487665149793818e-06,9.05255193250909e-07,-1.7131767399425346e-06,-7.016211363231051e-06,-1.9024682602619691e-06,-5.9758948642851806e-06
1075,0.00041972041461103734,0.00041972040073502996,1.0536712127723512e-07,3.7573040101714565,2.2853121982118116,1.6287939293704463,3.158822769427481,1.0,-0.21412412314623086,0.8908081967351287,0.17091566088371235,0.6987768761890676,-2.511669579884805,-2.5451394393366873,6.282225611720094e-06,0.0,4.468065926299669e-06,9.013309659744451e-07,-1.7057510807161336e-06,-6.985631581191143e-06,-1.894113131672981e-06,-5.949861239251675e-06
1076,0.00041789777799074797,0.0004178977641751397,1.0745380149674388e-07,3.7573040103114654,2.285314020847844,1.62879393075013,3.158829024226121,1.0,-0.2141196745927169,0.890809094158996,0.17091396252588678,0.6987699210023616,-2.5116714656802164,-2.5451453632790484,6.254798639915293e-06,0.0,4.448553513947129e-06,8.974238673298274e-07,-1.6983578255691523e-06,-6.955186706014693e-06,-1.8857954113826736e-06,-5.9239423610968345e-06
1077,0.00041608312452106347,0.00041608311076593026,1.0745380149674388e-07,3.7573040104508517,2.285315835500728,1.6287939321237643,3.1588352517191876,1.0,-0.21411524546519928,0.8908099876928173,0.17091227152905547,0.6987629961262333,-2.511673343195141,-2.545151261416761,6.227493066557344e-06,0.0,4.429127517635578e-06,8.935338212667787e-07,-1.690996831310576e-06,-6.9248761283002835e-06,-1.8775149244198985e-06,-5.89813771245673e-06
1078,0.0004142764186427454,0.0004142764049473917,1.0323827311807144e-07,3.7573040105896194,2.2853176422060235,1.6287939334913766,3.1588414520275276,1.0,-0.21411083567765504,0.8908108773535698,0.17091058786110028,0.6987561014269915,-2.5116752124666397,-2.5451571338635395,6.200308340087446e-06,0.0,4.409787544235044e-06,8.89660752512178e-07,-1.6836679551934797e-06,-6.89469924175512e-06,-1.8692714989221315e-06,-5.872446778631968e-06
1079,0.00041247762496041514,0.0004124776113247156,1.0323827311807144e-07,3.757304010727772,2.2853194409991255,1.6287939348529932,3.1588476252714384,1.0,-0.21410644514445262,0.8908117631581557,0.17090891149004495,0.6987492367715485,-2.5116770735316023,-2.545162980732586,6.1732439107231585e-06,0.0,4.390533202419666e-06,8.858045859039265e-07,-1.6763710553313604e-06,-6.864655442972989e-06,-1.8610649625827591e-06,-5.84686904669951e-06
1080,0.00041068670824009326,0.0004106866946642978,1.0323827311807144e-07,3.7573040108653113,2.2853212319152676,1.6287939362086412,3.158853771570671,1.0,-0.21410207378034976,0.8908126451234024,0.17090724238405466,0.6987424020274174,-2.5116789264267467,-2.5451688021365935,6.146299232678842e-06,0.0,4.371364102861985e-06,8.819652467240147e-07,-1.669105990281805e-06,-6.834744131101189e-06,-1.8528951444274355e-06,-5.821404007289033e-06
1081,0.0004089036334118011,0.0004089036198950712,1.0536712127723512e-07,3.7573040110022387,2.2853230149895207,1.6287939375583471,3.1588598910444325,1.0,-0.21409772150049175,0.890813523266063,0.17090558051143534,0.698735597062709,-2.5116807711886207,-2.5451745981877454,6.119473761501126e-06,0.0,4.352279858010899e-06,8.781426605874998e-07,-1.6618726193240452e-06,-6.804964708395644e-06,-1.8447618739259042e-06,-5.796051151918391e-06
1082,0.00040712836556595715,0.00040712835210806036,1.0323827311807144e-07,3.75730401113856,2.285324790256794,1.628793938902138,3.158865983811389,1.0,-0.21409338822040985,0.8908143976028163,0.17090392584063277,0.6987288217461295,-2.5116826078536025,-2.5451803689977215,6.092766956289353e-06,0.0,4.333280081897373e-06,8.743367533314839e-07,-1.6546708025699797e-06,-6.775316579554769e-06,-1.8366649818801761e-06,-5.7708099761022424e-06
1083,0.0004053608699512178,0.00040536085655238724,1.0323827311807144e-07,3.7573040112742753,2.285326557751838,1.628793940240039,3.158872049989667,1.0,-0.21408907385601886,0.8908152681502678,0.17090227834023242,0.6987220759469768,-2.511684436457902,-2.5451861146776977,6.06617827836331e-06,0.0,4.3143643909948626e-06,8.705474514592026e-07,-1.647500400353552e-06,-6.745799152718668e-06,-1.8286042995363516e-06,-5.745679976243423e-06
1084,0.00040360111198048214,0.0004036010986401526,1.0323827311807144e-07,3.757304011409389,2.285328317509241,1.628793941572078,3.158878089696859,1.0,-0.21408477832361586,0.890816134924949,0.17090063797895833,0.6987153595351387,-2.5116862570375615,-2.5451918353383496,6.039707191707322e-06,0.0,4.29553240299807e-06,8.667746812518473e-07,-1.6403612740911733e-06,-6.716411838025849e-06,-1.8205796594727985e-06,-5.720660651853393e-06
1085,0.00040184905722045057,0.00040184904393844687,1.0323827311807144e-07,3.7573040115439036,2.2853300695634355,1.628793942898279,3.1588841030500214,1.0,-0.2140805015398779,0.890816997943319,0.17089900472567293,0.6987086723810896,-2.5116880696284563,-2.545197531089855,6.013353162526158e-06,0.0,4.276783737960921e-06,8.630183699898097e-07,-1.6332532853935433e-06,-6.687154049167532e-06,-1.812590894711974e-06,-5.695751505552238e-06
1086,0.00040010467139865545,0.0004001046581746736,1.0323827311807144e-07,3.7573040116778214,2.2853318139486944,1.6287939442186703,3.1588900901656807,1.0,-0.21407624342186068,0.8908178572217634,0.17089737854937606,0.6987020143558875,-2.5116898742662954,-2.5452032020418955,5.987115659245035e-06,0.0,4.2581180172140964e-06,8.592784443983703e-07,-1.6261762968705629e-06,-6.658025202055384e-06,-1.8046378391645135e-06,-5.670952040404131e-06
1087,0.000398367920400689,0.0003983679072343349,1.0106459234841571e-07,3.7573040118111445,2.285333550699132,1.6287939455332765,3.158896051159835,1.0,-0.21407200388699632,0.8908187127765961,0.17089575941920457,0.6986953853311721,-2.511691670986622,-2.545208848303659,5.96099415428597e-06,0.0,4.239534864364236e-06,8.555548326460993e-07,-1.6191301714929551e-06,-6.62902471537663e-06,-1.7967203267410525e-06,-5.646261763470051e-06
1088,0.0003966387702658261,0.0003966387571570309,1.0106459234841571e-07,3.757304011943877,2.285335279848709,1.6287939468421233,3.1589019861479564,1.0,-0.21406778285309197,0.8908195646240585,0.1708941473044315,0.6986887851791613,-2.511693459824816,-2.545214469983842,5.934988121403251e-06,0.0,4.2210339043502465e-06,8.518474624574779e-07,-1.6121147730641106e-06,-6.600152010816096e-06,-1.788838194016762e-06,-5.621680183143241e-06
1089,0.0003949171871920795,0.00039491717414001263,1.0106459234841571e-07,3.757304012076021,2.2853370014312278,1.6287939481452371,3.158907895244993,1.0,-0.21406358023832753,0.8908204127803204,0.17089254217446573,0.6986822137726486,-2.5116952408160933,-2.5452200671906535,5.909097036571609e-06,0.0,4.202614764442503e-06,8.48156261890054e-07,-1.6051299657759976e-06,-6.571406512723144e-06,-1.7809912771227232e-06,-5.597206811369659e-06
1090,0.0003932031375290241,0.0003932031245341872,9.884312124119404e-08,3.7573040122075803,2.2853387154803375,1.628793949442643,3.1589137785653727,1.0,-0.21405939596125434,0.8908212572614802,0.1708909439988511,0.6986756709850007,-2.511697013995506,-2.5452256400318136,5.88332037976258e-06,0.0,4.184277073188136e-06,8.444811597785318e-07,-1.5981756146254966e-06,-6.542787647889625e-06,-1.7731794126341072e-06,-5.572841160095265e-06
1091,0.00039149658778387986,0.0003914965748458929,9.884312124119404e-08,3.757304012338555,2.285340422029532,1.6287939507343663,3.1589196362230036,1.0,-0.21405522994079304,0.890822098083565,0.170889352747266,0.6986691566901545,-2.5116987793979453,-2.5452311886145598,5.857657630947699e-06,0.0,4.1660204612992136e-06,8.40822084846593e-07,-1.591251585109088e-06,-6.514294846216018e-06,-1.7654024393465306e-06,-5.5485827461509984e-06
1092,0.00038979750461645674,0.0003897974917346777,9.884312124119404e-08,3.757304012468951,2.2853421211121514,1.6287939520204326,3.158925468331279,1.0,-0.21405108209623222,0.8908229352625314,0.1708877683895226,0.6986626707626147,-2.5117005370581404,-2.545236713045647,5.832108275427572e-06,0.0,4.147844560820069e-06,8.371789663730311e-07,-1.5843577433893863e-06,-6.485927539823244e-06,-1.757660195167432e-06,-5.5244310872559765e-06
1093,0.00038810585483672416,0.0003881058420115257,9.884312124119404e-08,3.7573040125987673,2.285343812761385,1.6287939533008668,3.1589312750030776,1.0,-0.2140469523472263,0.8908237688142654,0.1708861908955664,0.6986562130774508,-2.5117022870106607,-2.5452422134313504,5.806671798502805e-06,0.0,4.129749005932215e-06,8.335517339697063e-07,-1.5774939562118728e-06,-6.457685163829829e-06,-1.7499525202246957e-06,-5.500385703349764e-06
1094,0.0003864216054113188,0.00038642159264196254,9.884312124119404e-08,3.7573040127280093,2.285345497010267,1.6287939545756944,3.1589370563507675,1.0,-0.21404284061379394,0.8908245987545828,0.17088462023547546,0.6986497835102949,-2.5117040292899153,-2.545247689877467,5.781347689914895e-06,0.0,4.111733432343723e-06,8.29940317359501e-07,-1.5706600909326518e-06,-6.429567155907812e-06,-1.7422792546462063e-06,-5.4764461165923706e-06
1095,0.00038474472345470913,0.0003847447107407288,9.884312124119404e-08,3.757304012856679,2.285347173891683,1.62879395584494,3.158942812486208,1.0,-0.21403874681631638,0.8908254250992295,0.1708830563794599,0.6986433819373388,-2.5117057639301548,-2.5452531424893188,5.756135440293519e-06,0.0,4.093797477566774e-06,8.263446467093871e-07,-1.5638560155462056e-06,-6.401572956171719e-06,-1.7346402394480265e-06,-5.452611851808342e-06
1096,0.00038307517623243503,0.0003830751635739993,9.884312124119404e-08,3.757304012984778,2.2853488434383666,1.6287939571086287,3.158948543520751,1.0,-0.2140346708755356,0.8908262478638821,0.17088149929786142,0.698637008235331,-2.5117074909654713,-2.545258571371755,5.731034543376978e-06,0.0,4.075940780778886e-06,8.227646526304255e-07,-1.5570815984911057e-06,-6.373702007733684e-06,-1.7270353165343977e-06,-5.42888243604267e-06
1097,0.0003814129311614191,0.00038141291855849546,9.884312124119404e-08,3.75730401311231,2.285350505682901,1.6287939583667848,3.1589542495652463,1.0,-0.2140306127125526,0.890827067064148,0.17087994896115244,0.698630662281575,-2.5117092104298004,-2.545263976629153,5.7060444951240186e-06,0.0,4.058162982989444e-06,8.192002659557218e-07,-1.55033670898308e-06,-6.345953756037304e-06,-1.7194643291418288e-06,-5.405257398116703e-06
1098,0.00037975795580476665,0.00037975794325704326,9.884312124119404e-08,3.7573040132392763,2.2853521606577236,1.6287939596194334,3.1589599307300404,1.0,-0.21402657224882596,0.8908278827155657,0.1708784053399357,0.6986243439539257,-2.51171092235692,-2.545269358365422,5.681164794157922e-06,0.0,4.040463726651122e-06,8.156514176294039e-07,-1.5436212167374563e-06,-6.318327649301736e-06,-1.7119271196186503e-06,-5.381736269072235e-06
1099,0.000378110217877995,0.00037811020538434795,1.0106459234841571e-07,3.757304013365682,2.2853538083951195,1.6287939608665987,3.1589655871249818,1.0,-0.2140225494061697,0.8908286948336048,0.1708768684049436,0.6986180531307877,-2.5117126267804526,-2.545274716684005,5.656394941322418e-06,0.0,4.022842656270509e-06,8.12118039150711e-07,-1.5369349921079412e-06,-6.2908231379665835e-06,-1.7044235325336388e-06,-5.358318583059685e-06
1100,0.0003764696852407334,0.0003764696728012197,9.424321830774487e-08,3.757304013491527,2.285355448927228,1.6287939621083056,3.158971218859421,1.0,-0.21401854410675195,0.8908295034336671,0.17087533812703767,0.698611789691112,-2.511714323733866,-2.5452800516878806,5.63173443923759e-06,0.0,4.00529941774197e-06,8.086000622409273e-07,-1.5302779059200855e-06,-6.263439675691096e-06,-1.6969534133437492e-06,-5.335003875561739e-06
1101,0.0003748363258990934,0.000374836313514575,9.424321830774487e-08,3.7573040136168134,2.285357082286042,1.6287939633445776,3.158976826042215,1.0,-0.21401455627309307,0.8908303085310862,0.17087381447720795,0.6986055535143941,-2.511716013250474,-2.5452853634795645,5.6071827940762375e-06,0.0,3.987833658875006e-06,8.050974191764482e-07,-1.5236498297210854e-06,-6.2361767179108796e-06,-1.6895166079500257e-06,-5.311791683837441e-06
1102,0.0003732101080116081,0.00037321009568098745,9.65705618025044e-08,3.757304013741547,2.285358708503405,1.628793964575439,3.1589824087817284,1.0,-0.21401058582806426,0.8908311101411281,0.17087229742657237,0.6985993444806708,-2.5117176953634357,-2.5452906521611127,5.5827395133434266e-06,0.0,3.970445028811387e-06,8.016100419006023e-07,-1.517050635585493e-06,-6.209033723281188e-06,-1.6821129618094233e-06,-5.288681548254459e-06
1103,0.00037159099987455786,0.0003715909875978069,9.424321830774487e-08,3.75730401386573,2.2853603276110195,1.6287939658009145,3.158987967185836,1.0,-0.21400663269488554,0.8908319082789914,0.1708707869463762,0.6985931624705183,-2.5117193701057583,-2.5452959178341237,5.558404107652848e-06,0.0,3.953133178719037e-06,7.981378632448966e-07,-1.510480196170727e-06,-6.182010152566697e-06,-1.674742322599343e-06,-5.265673010956817e-06
1104,0.00036997896993456217,0.00036997895771115384,9.424321830774487e-08,3.757304013989361,2.2853619396404397,1.6287939670210279,3.158993501361924,1.0,-0.21400269679712414,0.8908327029598077,0.17086928300799162,0.6985870073650489,-2.511721037510297,-2.5453011605997395,5.5341760880622815e-06,0.0,3.935897761403462e-06,7.946808162628827e-07,-1.503938384578296e-06,-6.155105469418665e-06,-1.6674045388853642e-06,-5.242765615864897e-06
1105,0.0003683739867791519,0.0003683739746088132,9.424321830774487e-08,3.757304014112446,2.2853635446230776,1.6287939682358024,3.1589990114168955,1.0,-0.21399877805869327,0.8908334941986419,0.1708677855829169,0.6985808790459093,-2.5117226976097555,-2.545306380558649,5.510054971402667e-06,0.0,3.918738430863655e-06,7.912388342301568e-07,-1.49742507471462e-06,-6.128319139597771e-06,-1.660099458344888e-06,-5.219958909563616e-06
1106,0.00036677601914087104,0.00036677600702334206,9.185692672385244e-08,3.757304014234987,2.2853651425902006,1.6287939694452627,3.1590044974571687,1.0,-0.21399487640385007,0.8908342820104925,0.17086629464277595,0.6985747773952778,-2.511724350436687,-2.5453115778110895,5.4860402731726765e-06,0.0,3.9016548432080356e-06,7.878118506443599e-07,-1.4909401409579637e-06,-6.1016506314182095e-06,-1.6528269313198507e-06,-5.197252440414246e-06
1107,0.00036518503589443664,0.000365185023829852,9.185692672385244e-08,3.7573040143569854,2.2853667335729337,1.6287939706494312,3.159009959588682,1.0,-0.213990991757194,0.8908350664102919,0.17086481015931781,0.6985687022958618,-2.511725996023494,-2.545316752456849,5.462131513311874e-06,0.0,3.8846466560715776e-06,7.843997993361995e-07,-1.484483458130681e-06,-6.075099416080754e-06,-1.64558680726401e-06,-5.174645759442598e-06
1108,0.00036360100605614416,0.0003636009940446735,9.424321830774487e-08,3.757304014478443,2.2853683176022606,1.628793971848332,3.159015397916895,1.0,-0.21398712404366543,0.8908358474129063,0.17086333210441598,0.698562653630895,-2.511727634402432,-2.5453219045952675,5.438328213092092e-06,0.0,3.8677135285603015e-06,7.810026144694504e-07,-1.478054901832282e-06,-6.048664966784578e-06,-1.63837893785157e-06,-5.152138418562657e-06
1109,0.00036202389878650556,0.00036202388682713375,9.424321830774487e-08,3.757304014599364,2.2853698947090217,1.628793973041989,3.1590208125467925,1.0,-0.21398327318854407,0.8908366250331369,0.1708618604500679,0.6985566312841357,-2.5117292656056063,-2.54532703432524,5.414629897337875e-06,0.0,3.8508551213622955e-06,7.776202305409541e-07,-1.4716543480786104e-06,-6.022346759282371e-06,-1.6312031743126454e-06,-5.129729972352948e-06
1110,0.00036045368338239115,0.00036045367147556043,9.424321830774487e-08,3.757304014719751,2.285371464923919,1.6287939742304252,3.1590262035828838,1.0,-0.213979439117447,0.8908373992857193,0.17086039516839452,0.6985506351398636,-2.511730889664975,-2.545332141745219,5.391036091317858e-06,0.0,3.834071097080782e-06,7.74252582380619e-07,-1.4652816733851104e-06,-5.996144272102377e-06,-1.6240593687655291e-06,-5.107419978944705e-06
1111,0.0003588903292850676,0.00035889031742994615,8.940696716308596e-08,3.757304014839605,2.285373028277512,1.6287939754136636,3.1590315711292067,1.0,-0.2139756217563274,0.8908381701853242,0.17085893623163947,0.6985446650828777,-2.5117325066123497,-2.545337226953215,5.367546322965211e-06,0.0,3.817361119595741e-06,7.708996049293759e-07,-1.4589367550443821e-06,-5.970056985882266e-06,-1.616947374660782e-06,-5.085207996025076e-06
1112,0.00035733380607097623,0.00035733379426750673,8.940696716308596e-08,3.7573040149589296,2.2853745848002243,1.6287939765917268,3.159036915289331,1.0,-0.2139718210314728,0.8908389377465578,0.1708574836121688,0.6985387209984939,-2.5117341164793956,-2.5453422900467997,5.344160124209907e-06,0.0,3.800724854591264e-06,7.675612335722448e-07,-1.4526194706820927e-06,-5.9440843838132196e-06,-1.6098670458930542e-06,-5.063093584833922e-06
1113,0.0003557840834594618,0.00035578407170712184,8.940696716308596e-08,3.757304015077726,2.2853761345223362,1.6287939777646387,3.1590422361663575,1.0,-0.21396803686950377,0.8908397019839616,0.17085603728247012,0.6985328027725427,-2.511735719297632,-2.5453473311231085,5.320877026537829e-06,0.0,3.784161969028199e-06,7.642374038052679e-07,-1.4463296986733098e-06,-5.9182259511958435e-06,-1.6028182363569954e-06,-5.041076308831549e-06
1114,0.0003542411313030759,0.000354241119602231,8.940696716308596e-08,3.757304015195998,2.2853776774739947,1.628793978932422,3.1590475338629234,1.0,-0.21396426919737196,0.8908404629120134,0.17085459721515237,0.6985269102913665,-2.5117373150984337,-2.545352350278841,5.2976965658757535e-06,0.0,3.7676721318102846e-06,7.609280517906214e-07,-1.4400673177539236e-06,-5.8924811762173235e-06,-1.5958008017236125e-06,-5.019155732366443e-06
1115,0.0003527049195971722,0.0003527049079474937,8.940696716308596e-08,3.7573040153137476,2.285379213685205,1.6287939800950995,3.1590528084812024,1.0,-0.2139605179423588,0.890841220545127,0.17085316338294498,0.6985210434418173,-2.5117389039130322,-2.5453573476102633,5.274618279038634e-06,0.0,3.7512550131735267e-06,7.576331136904813e-07,-1.433832207381469e-06,-5.866849549174269e-06,-1.5888145985520907e-06,-4.997331422451623e-06
1116,0.00035117541847022046,0.00035117540687079726,8.940696716308596e-08,3.7573040154309756,2.285380743185839,1.628793981252693,3.1590580601229075,1.0,-0.2139567830320738,0.8908419748976529,0.1708517357586977,0.6985152021112546,-2.5117404857725143,-2.5453623232132117,5.251641705061871e-06,0.0,3.7349102849915106e-06,7.543525258890682e-07,-1.4276242472910372e-06,-5.841330562694758e-06,-1.5818594820693477e-06,-4.975602948320557e-06
1117,0.0003496525981861595,0.0003496525866376951,8.940696716308596e-08,3.7573040155476867,2.2853822660056315,1.628793982405226,3.159063288889293,1.0,-0.2139530643944533,0.8908427259838781,0.17085031431537961,0.6985093861875428,-2.511742060707825,-2.545367277183093,5.2287663856454e-06,0.0,3.7186376204978444e-06,7.510862252146921e-07,-1.4214433180781416e-06,-5.815923711849358e-06,-1.5749353106109254e-06,-4.953969881427156e-06
1118,0.00034813642914644405,0.0003481364176483008,8.940696716308596e-08,3.757304015663881,2.2853837821741823,1.6287939835527208,3.159068494881158,1.0,-0.2139493619577585,0.8908434738180269,0.17084889902607894,0.6985035955590486,-2.511743628749767,-2.545372209614887,5.205991864709603e-06,0.0,3.7024366948135157e-06,7.478341487177076e-07,-1.415289300671363e-06,-5.790628494151129e-06,-1.5680419420682767e-06,-4.932431794113512e-06
1119,0.000346626881887587,0.0003466268704399509,8.688795409866128e-08,3.757304015779563,2.285385291720954,1.6287939846951998,3.1590736781988458,1.0,-0.21394567565057418,0.8908442184142606,0.17084748986400236,0.6984978301146394,-2.5117451899290018,-2.545377120603149,5.183317687951217e-06,0.0,3.6863071843085127e-06,7.445962337815359e-07,-1.4091620765821489e-06,-5.765444409222553e-06,-1.5611792347769438e-06,-4.91098826183034e-06
1120,0.00034512392707993796,0.00034512391568143337,8.429369702178808e-08,3.757304015894733,2.2853867946752775,1.6287939858326848,3.159078838942249,1.0,-0.21394200540180722,0.8908449597866789,0.17084608680247448,0.6984920897436802,-2.51174674427605,-2.5453820102420104,5.160743403287427e-06,0.0,3.670248766962647e-06,7.413724182336878e-07,-1.4030615278770586e-06,-5.740370959239627e-06,-1.5543470484047361e-06,-4.889638861360623e-06
1121,0.0003436275355245701,0.00034362752417565025,8.940696716308596e-08,3.7573040160093956,2.2853882910663503,1.628793986965198,3.15908397721081,1.0,-0.213938351140685,0.8908456979493186,0.17084468981493728,0.6984863743360317,-2.5117482918212928,-2.5453868786251816,5.138268560855863e-06,0.0,3.6542611222267762e-06,7.381626396796293e-07,-1.3969875372055185e-06,-5.715407648487769e-06,-1.5475452426194636e-06,-4.8683831712637016e-06
1122,0.00034213767815769185,0.00034213766685828637,8.688795409866128e-08,3.757304016123551,2.2853897809232366,1.628793988092762,3.159089093103522,1.0,-0.21393471279675377,0.890846432916155,0.17084329887494976,0.6984806837820478,-2.511749832594971,-2.545391725845955,5.115892712126424e-06,0.0,3.6383439312170918e-06,7.349668363909601e-07,-1.3909399875222661e-06,-5.690553983916935e-06,-1.5407736784212034e-06,-4.847220773207539e-06
1123,0.00034065432604763704,0.00034065431479780964,8.688795409866128e-08,3.7573040162372013,2.285391264274868,1.6287939892153984,3.1590941867189346,1.0,-0.21393109029987747,0.8908471647011019,0.17084191395618717,0.6984750179725735,-2.511751366627189,-2.5453965519972046,5.093615412565811e-06,0.0,3.6224968762987864e-06,7.31784946972347e-07,-1.3849187625869508e-06,-5.665809474253436e-06,-1.5340322176982113e-06,-4.826151249748278e-06
1124,0.00033917745039558646,0.00033917743919413817,8.688795409866128e-08,3.757304016350351,2.2853927411500443,1.6287939903331292,3.1590992581551527,1.0,-0.21392748358023606,0.890847893318012,0.17084053503244054,0.6984693767989428,-2.511752893947911,-2.54540135717139,5.071436218084813e-06,0.0,3.6067196414191205e-06,7.286169100284567e-07,-1.3789237466310666e-06,-5.641173630666074e-06,-1.5273207218946538e-06,-4.805174185218419e-06
1125,0.00033770702252984244,0.0003377070113777524,8.429369702178808e-08,3.757304016463001,2.2853942115774353,1.628793991445976,3.15910430750984,1.0,-0.21392389256832384,0.8908486187806768,0.17083916207761637,0.6984637601529758,-2.5117544145869646,-2.5454061414605564,5.049354687258756e-06,0.0,3.5910119122184447e-06,7.254626648300899e-07,-1.3729548241636635e-06,-5.616645966988187e-06,-1.5206390537869652e-06,-4.784289166614997e-06
1126,0.00033624301391375243,0.0003362430028101388,8.429369702178808e-08,3.7573040165751537,2.2853956755855793,1.628793992553961,3.1591093348802195,1.0,-0.21392031719494817,0.8908493411028271,0.17083779506573596,0.6984581679269769,-2.5117559285740416,-2.545410904956339,5.027370379551144e-06,0.0,3.5753733756693773e-06,7.223221503149801e-07,-1.3670118804154363e-06,-5.592225998940492e-06,-1.5139870770397579e-06,-4.763495782711402e-06
1127,0.0003347853961357681,0.0003347853850806831,8.429369702178808e-08,3.757304016686812,2.285397133202887,1.628793993657104,3.1591143403630784,1.0,-0.21391675739122812,0.8908500602981335,0.17083643397093476,0.6984526000137324,-2.5117574359386974,-2.5454156477499628,5.0054828588663725e-06,0.0,3.5598037200490484e-06,7.191953064200618e-07,-1.3610948011999469e-06,-5.567913244464151e-06,-1.5073646557617337e-06,-4.742793623613295e-06
1128,0.0003333341409175835,0.00033333412991066324,8.429369702178808e-08,3.7573040167979768,2.285398584457637,1.6287939947554284,3.159119324054768,1.0,-0.21391321308859287,0.8908507763802062,0.1708350787674621,0.6984470563065085,-2.511758936710352,-2.545420369932245,4.983691689552927e-06,0.0,3.544302635244412e-06,7.1608207263818e-07,-1.355203472663824e-06,-5.5437072239428176e-06,-1.5007716545056837e-06,-4.72218228209087e-06
1129,0.0003318892201069229,0.00033188920914747964,8.429369702178808e-08,3.7573040169086513,2.2854000293779824,1.6287939958489552,3.1591242860512057,1.0,-0.21390968421878018,0.8908514893625954,0.1708337294296805,0.6984415366990486,-2.5117604309182906,-2.5454250715935967,4.96199643773565e-06,0.0,3.5288698126967333e-06,7.129823892393361e-07,-1.3493377815920748e-06,-5.519607459869569e-06,-1.4942079387125773e-06,-4.7016613518025e-06
1130,0.00033045060567723106,0.00033045059476598736,8.429369702178808e-08,3.757304017018837,2.2854014679919477,1.6287939969377045,3.1591292264478783,1.0,-0.2139061707138351,0.8908521992587922,0.17083238593206534,0.6984360410855718,-2.5117619185916653,-2.5454297528240266,4.940396672648006e-06,0.0,3.513504945068524e-06,7.098961968265982e-07,-1.3434976151582845e-06,-5.495613476846906e-06,-1.4876733747115622e-06,-4.681230429959271e-06
1131,0.00032901826973460405,0.0003290182588711575,8.161702118890975e-08,3.7573040171285372,2.285402900327428,1.628793998021699,3.1591341453398427,1.0,-0.21390267250610845,0.8908529060822279,0.17083104824920417,0.69843056936077,-2.511763399759494,-2.54543441371314,4.9188919644116424e-06,0.0,3.4982077266598743e-06,7.068234356699676e-07,-1.3376828611744163e-06,-5.471724801808797e-06,-1.4811678288317864e-06,-4.6608891133281816e-06
1132,0.000327592184509419,0.000327592173692752,8.161702118890975e-08,3.7573040172377525,2.285404326412194,1.628793999100959,3.159139042821729,1.0,-0.21389918952825532,0.8908536098462748,0.1708297163557963,0.698425121419806,-2.5117648744506624,-2.5454390543501426,4.897481886256827e-06,0.0,3.4829778531308975e-06,7.037640469276241e-07,-1.3318934078687672e-06,-5.447940964020681e-06,-1.4746911682905761e-06,-4.6406370026730315e-06
1133,0.0003261723223552387,0.00032617231158576555,8.161702118890975e-08,3.7573040173464864,2.28540574627389,1.6287940001755052,3.159143918987742,1.0,-0.21389572171323376,0.8908543105642466,0.1708283902266523,0.6984196971583113,-2.511766342693924,-2.5454436748238423,4.876166013190186e-06,0.0,3.467815021557241e-06,7.007179717577472e-07,-1.3261291439969902e-06,-5.424261494635374e-06,-1.4682432616375252e-06,-4.6204736996457996e-06
1134,0.00032475865575566735,0.00032475864503264576,8.161702118890975e-08,3.757304017454742,2.2854071599400343,1.6287940012453592,3.1591487739316637,1.0,-0.21389226899430344,0.8908550082493981,0.17082706983669338,0.6984142964723843,-2.5117678045179006,-2.54544827522265,4.854943921550614e-06,0.0,3.4527189303190653e-06,6.976851515405613e-07,-1.320389958925361e-06,-5.400685927026139e-06,-1.461823976534049e-06,-4.6003988076748215e-06
1135,0.0003233511573142678,0.00032335114663841006,8.429369702178808e-08,3.7573040175625185,2.2854085674380213,1.6287940023105414,3.159153607746853,1.0,-0.21388883130502392,0.8908557029149262,0.17082575516095114,0.6984089192585873,-2.5117692599510835,-2.5454528556345815,4.833815189453361e-06,0.0,3.4376892795173752e-06,6.9466552810038e-07,-1.3146757422421995e-06,-5.377213797008729e-06,-1.4554331828620093e-06,-4.5804119315207e-06
1136,0.0003219497997626756,0.0003219497891337525,8.161702118890975e-08,3.7573040176698207,2.2854099687951206,1.6287940033710722,3.1591584205262517,1.0,-0.21388540857925364,0.8908563945739695,0.17082444617456682,0.698403565413945,-2.5117707090218344,-2.545457416147261,4.812779398566391e-06,0.0,3.422725770280133e-06,6.916590432615166e-07,-1.3089863843129823e-06,-5.353844642286276e-06,-1.4490707509473566e-06,-4.560512679496753e-06
1137,0.00032055455595707646,0.0003205545453741563,8.429369702178808e-08,3.757304017776649,2.2854113640384766,1.6287940044269724,3.1591632123623823,1.0,-0.2138820007511481,0.8908570832396088,0.17082314285279107,0.6983982348359422,-2.5117721517583846,-2.545461956847921,4.7918361305576695e-06,0.0,3.407828105539412e-06,6.88665639292374e-07,-1.3033217757529858e-06,-5.33057800278236e-06,-1.4427365502278633e-06,-4.540700659916297e-06
1138,0.0003191653988714915,0.00031916538833456437,8.161702118890975e-08,3.7573040178830075,2.2854127531951143,1.6287940054782628,3.1591679833473534,1.0,-0.21387860775515893,0.8908577689248676,0.17082184517098314,0.6983929274225218,-2.511773588188837,-2.545466477823405,4.770984971091963e-06,0.0,3.392995989170977e-06,6.856852587944218e-07,-1.297681807926887e-06,-5.3074134204189605e-06,-1.4364304523617477e-06,-4.520975484201273e-06
1139,0.00031778230160654867,0.0003177822911155975,7.884953353001449e-08,3.757304017988896,2.285414136291933,1.6287940065249638,3.1591727335728588,1.0,-0.21387522952603208,0.8908584516427119,0.17082055310461064,0.6983876430720822,-2.511775018341166,-2.5454709791601693,4.750225505389949e-06,0.0,3.3782291268547038e-06,6.827178443691295e-07,-1.2920663725046744e-06,-5.284350439560548e-06,-1.4301523290072282e-06,-4.5013367642177116e-06
1140,0.00031640523738423647,0.000316405226938669,7.884953353001449e-08,3.7573040180943176,2.2854155133557117,1.628794007567095,3.159177463130182,1.0,-0.2138718659988068,0.8908591314060512,0.17081926662924893,0.6983823816834761,-2.5117764422432187,-2.545475460944284,4.729557323113198e-06,0.0,3.363527225269669e-06,6.797633392841007e-07,-1.2864753617114477e-06,-5.261388606125905e-06,-1.4239020527107016e-06,-4.481784114496179e-06
1141,0.00031503417954673214,0.00031503416914687143,8.161702118890975e-08,3.757304018199276,2.285416884413107,1.6287940086046775,3.1591821721101954,1.0,-0.21386851710881408,0.8908598082277377,0.1708179857205808,0.6983771431560073,-2.5117778599227147,-2.5454799232614356,4.7089800134791915e-06,0.0,3.348889992732529e-06,6.768216864738719e-07,-1.2809086681331294e-06,-5.238527468809373e-06,-1.4176794960185646e-06,-4.462317151787687e-06
1142,0.0003136691015584596,0.00031366909120364683,7.884953353001449e-08,3.7573040183037705,2.285418249490655,1.628794009637731,3.159186860603365,1.0,-0.2138651827916752,0.8908604821205672,0.17081671035439575,0.6983719273894293,-2.5117792714072475,-2.5454843661969293,4.6884931697022125e-06,0.0,3.334317138864451e-06,6.738928295391133e-07,-1.2753661850495313e-06,-5.215766577970626e-06,-1.4114845328094816e-06,-4.442935493731426e-06
1143,0.0003123099770021673,0.0003123099666923409,7.884953353001449e-08,3.757304018407804,2.2854196086147733,1.6287940106662753,3.1591915286997505,1.0,-0.21386186298330068,0.8908611530972796,0.17081544050658964,0.6983667342839435,-2.511780676724285,-2.5454887898356895,4.668096385440634e-06,0.0,3.3198083745356044e-06,6.709767124135624e-07,-1.2698478061012874e-06,-5.193105485856719e-06,-1.4053170374062063e-06,-4.423638760187032e-06
1144,0.0003109567795820789,0.00031095676931709146,7.884953353001449e-08,3.757304018511381,2.285420961811757,1.6287940116903306,3.1591961764890075,1.0,-0.21385855761988865,0.8908618211705586,0.1708141761531643,0.6983615637401961,-2.511782075901169,-2.545493194262262,4.647789257017365e-06,0.0,3.305363412031692e-06,6.68073278919934e-07,-1.2643534253453659e-06,-5.1705437473792415e-06,-1.3991768841314922e-06,-4.404426572346409e-06
1145,0.00030960948311847835,0.00030960947289838795,7.884953353001449e-08,3.7573040186145,2.285422309107786,1.6287940127099167,3.159200804060389,1.0,-0.21385526663792348,0.8908624863530321,0.1708129172702269,0.6983564156592769,-2.5117834689651177,-2.5454975795608155,4.627571381643492e-06,0.0,3.290981965164974e-06,6.651824735470768e-07,-1.258882937393846e-06,-5.148080919226139e-06,-1.3930639486403606e-06,-4.385298553621908e-06
1146,0.00030826806155574823,0.0003082680513797321,7.884953353001449e-08,3.757304018717165,2.2854236505289167,1.628794013725054,3.1592054115027493,1.0,-0.21385198997417473,0.8908631486572727,0.17081166383398957,0.6983512899427171,-2.5117848559432243,-2.545501945815144,4.607442360082814e-06,0.0,3.276663748746911e-06,6.623042405617952e-07,-1.2534362373306518e-06,-5.125716559750693e-06,-1.3869781065878328e-06,-4.366254328758146e-06
1147,0.00030693248894972787,0.0003069324788178693,7.884953353001449e-08,3.757304018819379,2.2854249861010922,1.6287940147357614,3.1592099989045432,1.0,-0.21384872756569565,0.8908638080957976,0.17081041582076884,0.6983461864924874,-2.5117862368624597,-2.545506293108669,4.587401793987311e-06,0.0,3.262408479087764e-06,6.594385248970269e-07,-1.248013220739308e-06,-5.103450229748674e-06,-1.3809192354052868e-06,-4.347293524720186e-06
1148,0.0003056027394765213,0.00030560272938900463,7.884953353001449e-08,3.7573040189211406,2.2854263158501364,1.6287940157420584,3.1592145663538287,1.0,-0.2138454793498217,0.8908644646810692,0.17080917320698533,0.698341105210995,-2.511787611749671,-2.5455106215244383,4.567449285453051e-06,0.0,3.248215873941085e-06,6.565852715967324e-07,-1.2426137835086504e-06,-5.081281492347323e-06,-1.374887211191833e-06,-4.328415769361271e-06
1149,0.0003042787874299921,0.0003042787773865821,7.884953353001449e-08,3.7573040190224565,2.285427639801756,1.628794016743965,3.1592191139382706,1.0,-0.21384224526416978,0.890865118425495,0.17080793596916305,0.6983360460010835,-2.5117889806315836,-2.545514931145132,4.5475844419051725e-06,0.0,3.2340856519208483e-06,6.537444258158942e-07,-1.2372378222769154e-06,-5.059209911562057e-06,-1.3688819127111174e-06,-4.309620693643268e-06
1150,0.0003029606072193164,0.00030296059721950975,7.598131170262078e-08,3.757304019123325,2.2854289579815417,1.6287940177415003,3.1592236417451396,1.0,-0.213839025246636,0.890865769341428,0.17080670408392934,0.6983310087660284,-2.511790343534801,-2.5455192220530605,4.527806868992457e-06,0.0,3.2200175337782078e-06,6.509159330425618e-07,-1.231885233710095e-06,-5.037235055072031e-06,-1.3629032173945177e-06,-4.290907928528043e-06
1151,0.00030164817336889553,0.00030164816341304645,7.884953353001449e-08,3.75730401922375,2.2854302704149685,1.628794018734684,3.159228149861316,1.0,-0.21383581923539538,0.8908664174411672,0.17080547752801384,0.6983259934095374,-2.5117917004858055,-2.5455234943301686,4.508116176360488e-06,0.0,3.2060112406251395e-06,6.480997392088739e-07,-1.2265559155011374e-06,-5.015356491000489e-06,-1.356951004449769e-06,-4.272277108086087e-06
1152,0.00030034146051961504,0.00030034145060613864,7.884953353001449e-08,3.757304019323732,2.2854315771273974,1.628794019723535,3.1592326383732905,1.0,-0.21383262716889978,0.8908670627369575,0.17080425627824855,0.6983209998357471,-2.5117930515109594,-2.5455277480580363,4.48851197454303e-06,0.0,3.192066495599777e-06,6.452957902469691e-07,-1.2212497652874799e-06,-4.993573790246231e-06,-1.3510251539727847e-06,-4.2537278677201584e-06
1153,0.0002990404434235205,0.00029904043355363937,7.300048299977716e-08,3.7573040194232745,2.2854328781440736,1.6287940207080727,3.1592371073671672,1.0,-0.2138294489858772,0.8908677052409898,0.17080304031156698,0.6983160279492215,-2.5117943966365046,-2.545531983317879,4.468993876738381e-06,0.0,3.1781830225896535e-06,6.425040323110309e-07,-1.2159666815669823e-06,-4.971886525595437e-06,-1.3451255451712996e-06,-4.235259842833017e-06
1154,0.00029774509695220275,0.0002977450871249775,7.300048299977716e-08,3.7573040195223784,2.2854341734901276,1.6287940216883154,3.159241556928664,1.0,-0.21382628462532996,0.8908683449654017,0.17080182960500406,0.6983110776549498,-2.511795735888564,-2.545536200190553,4.449561496588927e-06,0.0,3.1643605472309044e-06,6.397244118883094e-07,-1.2107065629207714e-06,-4.950294271721667e-06,-1.3392520594734947e-06,-4.216872673712402e-06
1155,0.00029645539608603283,0.0002964553863019356,7.300048299977716e-08,3.757304019621046,2.2854354631905776,1.628794022664283,3.159245987143115,1.0,-0.21382313402653388,0.8908689819222774,0.17080062413569538,0.6983061488583446,-2.511797069293141,-2.545540398756552,4.430214451289771e-06,0.0,3.1505987960755988e-06,6.369568756880994e-07,-1.2054693086793744e-06,-4.928796605185859e-06,-1.3334045769752834e-06,-4.198565999313786e-06
1156,0.00029517131592015505,0.00029517130617820686,7.300048299977716e-08,3.7573040197192795,2.28543674727033,1.6287940236359943,3.159250398095473,1.0,-0.2138199971290367,0.890869616123648,0.17079942388087693,0.6983012414652399,-2.511798396876122,-2.5455445790960147,4.410952358036013e-06,0.0,3.1368974971746066e-06,6.342013706417404e-07,-1.2002548184508743e-06,-4.9073931047693975e-06,-1.3275829808812034e-06,-4.180339462589444e-06
1157,0.0002938928316638972,0.000293892821964281,7.300048299977716e-08,3.7573040198170817,2.285438025754174,1.6287940246034676,3.1592547898703103,1.0,-0.21381687387265702,0.8908702475814922,0.17079822881788448,0.6982963553818891,-2.511799718663274,-2.5455487412887203,4.391774837131379e-06,0.0,3.123256379689021e-06,6.314578442356833e-07,-1.1950629924539768e-06,-4.886083350807979e-06,-1.3217871521753466e-06,-4.1621927056034735e-06
1158,0.0002926199186339899,0.0002926199089767842,7.884953353001449e-08,3.7573040199144523,2.2854392986667933,1.6287940255667217,3.15925916255182,1.0,-0.21381376419748277,0.8908708763077358,0.17079703892415338,0.6982914905149631,-2.511801034680249,-2.5455528854140947,4.372681509767773e-06,0.0,3.109675174250981e-06,6.287262435122898e-07,-1.1898937311016766e-06,-4.864866925968769e-06,-1.3160169749504291e-06,-4.144125374416774e-06
1159,0.0002913525522629919,0.0002913525426478056,7.300048299977716e-08,3.757304020011395,2.2854405660327557,1.6287940265257759,3.15926351622382,1.0,-0.21381066804387036,0.890871502314252,0.17079585417721788,0.6982866467715486,-2.511802344952581,-2.5455570115512103,4.353671999801634e-06,0.0,3.0961536124085587e-06,6.260065162910777e-07,-1.1847469355008577e-06,-4.843743414473245e-06,-1.3102723319668996e-06,-4.126137115534334e-06
1160,0.00029009070809253915,0.0002900906985195699,7.300048299977716e-08,3.7573040201079104,2.285441827876519,1.6287940274806474,3.1592678509697514,1.0,-0.21380758535244312,0.8908721256128626,0.17079467455471078,0.6982818240591461,-2.5118036495056884,-2.545561119778788,4.33474593153349e-06,0.0,3.0826914272363837e-06,6.232986105025873e-07,-1.1796225070914712e-06,-4.822712402541285e-06,-1.3045531073174743e-06,-4.108227577681589e-06
1161,0.00028883436177524514,0.0002888343522435458,7.300048299977716e-08,3.757304020204002,2.2854430842224316,1.628794028431356,3.1592721668726838,1.0,-0.21380451606409015,0.8908727462153367,0.17079350003436305,0.6982770222856673,-2.511804948364874,-2.545565210175198,4.315902932372495e-06,0.0,3.0692883529748194e-06,6.206024741883809e-07,-1.1745203477298016e-06,-4.801773478724236e-06,-1.2988591855389586e-06,-4.090396410028063e-06
1162,0.0002875834890723242,0.00028758347958178173,7.300048299977716e-08,3.75730402029967,2.2854443350947315,1.6287940293779197,3.1592764640153144,1.0,-0.21380146011996506,0.8908733641333926,0.17079233059400328,0.6982722413594346,-2.5118062415553264,-2.545569282818463,4.29714263061598e-06,0.0,3.0559441250854746e-06,6.179180558341102e-07,-1.169440359771734e-06,-4.780926232794691e-06,-1.2931904525004256e-06,-4.072643264851905e-06
1163,0.00028633806585495427,0.00028633805640557153,7.300048299977716e-08,3.757304020394919,2.2854455805175475,1.6287940303203565,3.159280742479971,1.0,-0.21379841746148487,0.8908739793786966,0.1707911662115573,0.6982674811891778,-2.511807529102119,-2.5455733377862577,4.278464656781722e-06,0.0,3.0426584801956924e-06,6.152453040364492e-07,-1.164382445989487e-06,-4.760170256745688e-06,-1.2875467927386808e-06,-4.054967794875353e-06
1164,0.00028509806810252624,0.00028509805869456707,7.300048299977716e-08,3.7573040204897468,2.2854468205149,1.628794031258685,3.1592850023486134,1.0,-0.21379538803032852,0.890874591962864,0.17079000686504778,0.6982627416840332,-2.511808811030212,-2.545577375155913,4.259868642275677e-06,0.0,3.02943115634835e-06,6.125841673920718e-07,-1.1593465095161015e-06,-4.7395051445686676e-06,-1.2819280930109755e-06,-4.037369655485179e-06
1165,0.0002838634719047173,0.0002838634625381104,7.300048299977716e-08,3.7573040205841597,2.2854480551106993,1.6287940321929226,3.159289243702835,1.0,-0.21379237176843607,0.8908752018974593,0.17078885253259365,0.6982580227535415,-2.511810087364452,-2.5455813950044153,4.241354221612426e-06,0.0,3.0162618924467477e-06,6.099345952748081e-07,-1.1543324541229971e-06,-4.718930491698359e-06,-1.2763342400745614e-06,-4.019848502068157e-06
1166,0.00028263425345719076,0.000282634244131236,7.300048299977716e-08,3.7573040206781574,2.2854492843287506,1.6287940331230883,3.159293466623864,1.0,-0.21378936861800701,0.8908758091939959,0.17078770319241,0.6982533243076453,-2.511811358129574,-2.545585397408409,4.2229210288624586e-06,0.0,3.00315042905952e-06,6.07296536614399e-07,-1.1493401836648598e-06,-4.698445896234027e-06,-1.2707651215748683e-06,-4.0024039935637745e-06
1167,0.00028141038906414825,0.00028141037977866935,7.300048299977716e-08,3.7573040207717416,2.285450508192749,1.6287940340491995,3.159297671192566,1.0,-0.21378637852149943,0.8908764138639371,0.17078655882280713,0.6982486462566884,-2.5118126233501985,-2.5455893824441973,4.20456870209307e-06,0.0,2.9900965075879693e-06,6.046699412287637e-07,-1.1443696028567985e-06,-4.678050956941071e-06,-1.265220624713237e-06,-3.985035788467428e-06
1168,0.00028019185513450455,0.00028019184588905244,6.989264130329237e-08,3.757304020864913,2.2854517267262864,1.6287940349712746,3.1593018574894454,1.0,-0.2137834014216286,0.8908770159186957,0.17078541940219075,0.6982439885114128,-2.5118138830508365,-2.5455933501877457,4.186296879371554e-06,0.0,2.977099870821176e-06,6.020547586027547e-07,-1.1394206163861664e-06,-4.657745275582492e-06,-1.2597006380232756e-06,-3.96774354838314e-06
1169,0.0002789786281851194,0.0002789786189798291,6.664001874625058e-08,3.7573040209576773,2.2854529399528447,1.628794035889331,3.1593060255946477,1.0,-0.21378043726136609,0.8908776153696346,0.17078428490906097,0.698239350982958,-2.511815137255887,-2.5455973007146815,4.168105202317918e-06,0.0,2.964160262519666e-06,5.994509388873581e-07,-1.1344931297729843e-06,-4.63752845480947e-06,-1.2542050504826818e-06,-3.9505269358031114e-06
1170,0.00027777068483799175,0.0002777706756728045,7.300048299977716e-08,3.7573040210500315,2.2854541478958024,1.6287940368033864,3.159310175587959,1.0,-0.21377748598393798,0.8908782122280668,0.17078315532201233,0.698234733582858,-2.5118163859896385,-2.545601234100297,4.149993311219902e-06,0.0,2.9512774281093e-06,5.968584322335602e-07,-1.129587048648295e-06,-4.6174000999377185e-06,-1.2487337515132424e-06,-3.933385615439988e-06
1171,0.0002765680018214189,0.000276567992695921,6.664001874625058e-08,3.757304021141981,2.2854553505784314,1.6287940377134582,3.15931430754881,1.0,-0.21377454753282452,0.8908788065052559,0.17078203061973296,0.6982301362230408,-2.51181762927627,-2.5456051504195485,4.131960851250227e-06,0.0,2.9384511134600277e-06,5.942771890143916e-07,-1.1247022793647865e-06,-4.597359817282154e-06,-1.2432866314249225e-06,-3.916319251562328e-06
1172,0.00027537055596637926,0.00027537054688059326,6.664001874625058e-08,3.757304021233526,2.2854565480239004,1.6287940386195647,3.1593184215562773,1.0,-0.21377162185175813,0.8908793982124156,0.17078091078100463,0.6982255588158252,-2.51181886713985,-2.5456090497470614,4.114007467137526e-06,0.0,2.925681066384689e-06,5.917071597139056e-07,-1.1198387283306577e-06,-4.577407215600182e-06,-1.237863580083598e-06,-3.89932751287958e-06
1173,0.00027417832421099977,0.0002741783151643745,6.664001874625058e-08,3.7573040213246687,2.285457740255272,1.6287940395217224,3.159322517689083,1.0,-0.21376870888472274,0.8908799873607111,0.17077979578470195,0.6982210012739201,-2.5118200996043387,-2.545612932157128,4.096132805830877e-06,0.0,2.9129670353900128e-06,5.891482954822891e-07,-1.1149963026757526e-06,-4.557541905092499e-06,-1.2324644886874125e-06,-3.8824100667689265e-06
1174,0.0002729912835939912,0.0002729912745869566,7.300048299977716e-08,3.7573040214154116,2.285458927295506,1.62879404041995,3.159326596025599,1.0,-0.21376580857595257,0.890880573961258,0.17077868560979215,0.6982164635104222,-2.511821326693587,-2.5456167977237127,4.078336516055714e-06,0.0,2.9003087701762187e-06,5.866005469146174e-07,-1.110174909807471e-06,-4.53776349784718e-06,-1.2270892484345097e-06,-3.865566584604352e-06
1175,0.00027180941125956685,0.0002718094022915066,6.664001874625058e-08,3.757304021505754,2.2854601091674596,1.6287940413142634,3.159330656643847,1.0,-0.21376292086993068,0.8908811580251238,0.17077758023533463,0.6982119454388144,-2.5118225484313395,-2.54562064652045,4.0606182478697406e-06,0.0,2.8877060218868156e-06,5.840638658272113e-07,-1.1053744575217905e-06,-4.51807160783968e-06,-1.22173775229939e-06,-3.848796737315752e-06
1176,0.00027063268445500643,0.00027063267552599417,6.989264130329237e-08,3.757304021595701,2.2854612858938848,1.6287940422046814,3.159334699621501,1.0,-0.21376004571138835,0.8908817395633271,0.17077647964048046,0.698207446972964,-2.511823764841231,-2.5456244786206486,4.0429776539951945e-06,0.0,2.8751585423314463e-06,5.815382032592353e-07,-1.1005948541698007e-06,-4.49846585037772e-06,-1.2164098914801968e-06,-3.832100198497557e-06
1177,0.0002694610805279724,0.00026946107163831125,6.664001874625058e-08,3.7573040216852536,2.2854624574974336,1.6287940430912198,3.1593387250358878,1.0,-0.21375718304530328,0.8908823185868383,0.1707753838044721,0.6982029680271209,-2.511824975946791,-2.5456282940972916,4.025414386710224e-06,0.0,2.862666085068355e-06,5.790235112490549e-07,-1.095836008352391e-06,-4.47894584310049e-06,-1.2111055602836984e-06,-3.815476643076465e-06
1178,0.000268294576930236,0.0002682945680793773,6.664001874625058e-08,3.7573040217744116,2.285463624000655,1.6287940439738964,3.1593427329639896,1.0,-0.21375433281689896,0.8908828951065799,0.17077429270664302,0.6981985085159156,-2.511826181771443,-2.5456320930230385,4.0079281018456925e-06,0.0,2.8502284043219195e-06,5.765197416129908e-07,-1.0910978290867845e-06,-4.459511205312516e-06,-1.2058246516843951e-06,-3.7989257468673543e-06
1179,0.00026713315121356485,0.0002671331424004763,6.664001874625058e-08,3.7573040218631784,2.285464785425998,1.6287940448527278,3.1593467234824453,1.0,-0.21375149497164334,0.8908834691334263,0.17077320632641704,0.698194068354358,-2.5118273823385024,-2.545635875470226,3.9905184556765505e-06,0.0,2.83784525562103e-06,5.740268463894083e-07,-1.0863802259730715e-06,-4.440161557539568e-06,-1.2005670595449658e-06,-3.7824471874614574e-06
1180,0.0002659767810297963,0.00026597677225547654,6.664001874625058e-08,3.757304021951555,2.2854659417958088,1.6287940457277315,3.1593506966675515,1.0,-0.2137486694552477,0.8908840406782044,0.1707721246433083,0.6981896474578354,-2.511828577671181,-2.5456396415108706,3.973185106254107e-06,0.0,2.8255163956325546e-06,5.715447780607619e-07,-1.08168310875012e-06,-4.420896522638884e-06,-1.1953326786162677e-06,-3.766040644670454e-06
1181,0.0002648254441343922,0.00026482543539772276,6.664001874625058e-08,3.757304022039545,2.2854670931323335,1.628794046598924,3.159354652595266,1.0,-0.21374585621366565,0.8908846097516936,0.17077104763692044,0.6981852457421107,-2.511829767792585,-2.545643391216669,3.955927714294205e-06,0.0,2.8132415820503187e-06,5.690734892205285e-07,-1.0770063878506875e-06,-4.401715724688948e-06,-1.1901214040932473e-06,-3.7497057983060245e-06
1182,0.00026367911837951404,0.0002636791096809238,6.664001874625058e-08,3.7573040221271468,2.285468239457719,1.628794047466322,3.1593585913412063,1.0,-0.2137430551930918,0.8908851763646262,0.17076997528694665,0.6981808631233206,-2.5118309527257163,-2.5456471246590002,3.938745940512689e-06,0.0,2.8010205738449034e-06,5.666129325732072e-07,-1.0723499737907982e-06,-4.382618790099713e-06,-1.184933131170851e-06,-3.7334423312884724e-06
1183,0.00026253778171756364,0.00026253777305648815,6.664001874625058e-08,3.7573040222143645,2.285469380794013,1.6287940483299423,3.159362512980654,1.0,-0.21374026633996082,0.8908857405276872,0.1707689075731689,0.6981764995179742,-2.5118321324934723,-2.5456508419089268,3.921639447845848e-06,0.0,2.788853130986091e-06,5.641630610453419e-07,-1.0677137777526102e-06,-4.363605346391353e-06,-1.179767755932204e-06,-3.717249926538102e-06
1184,0.0002614014122015278,0.0002614014035784081,6.664001874625058e-08,3.7573040223012004,2.2854705171631626,1.6287940491898023,3.159366417588555,1.0,-0.2137374896009463,0.8908863022515152,0.17076784447545768,0.6981721548429513,-2.5118333071186476,-2.545654543037196,3.9046079010063295e-06,0.0,2.7767390145261306e-06,5.617238280075654e-07,-1.0630977112235929e-06,-4.344675022971423e-06,-1.1746251753486092e-06,-3.7011282691956637e-06
1185,0.0002602699879814706,0.0002602699793957131,6.322027276634106e-08,3.7573040223876544,2.285471648587018,1.628794050045917,3.159370305239521,1.0,-0.21373472492295945,0.890886861546702,0.17076678597377168,0.6981678290155001,-2.5118344766239336,-2.5456582281142417,3.887650965594958e-06,0.0,2.7646779868495397e-06,5.592951868305107e-07,-1.0585016859965268e-06,-4.325827451134856e-06,-1.169505285947281e-06,-3.6850770457341753e-06
1186,0.0002591434873072289,0.0002591434787586828,6.664001874625058e-08,3.757304022473728,2.2854727750873294,1.6287940508983043,3.15937417600783,1.0,-0.21373197225314844,0.8908874184237929,0.17076573204815731,0.6981635219532363,-2.511835641031919,-2.5456618972101857,3.870768309433004e-06,0.0,2.752669811006969e-06,5.568770908848109e-07,-1.0539256143637932e-06,-4.307062263841921e-06,-1.164407985587701e-06,-3.669095943958922e-06
1187,0.00025802188852288714,0.0002580218800117448,6.664001874625058e-08,3.7573040225594254,2.285473896685752,1.62879405174698,3.159378029967432,1.0,-0.21372923153889686,0.8908879728932872,0.1707646826787483,0.698159233574141,-2.511836800365091,-2.545665550394838,3.853959601674006e-06,0.0,2.7407142515756266e-06,5.544694943182549e-07,-1.049369409006351e-06,-4.288379095274131e-06,-1.1593331716852617e-06,-3.6531846525633682e-06
1188,0.00025690517007443976,0.0002569051615996909,6.664001874625058e-08,3.7573040226447456,2.285475013403841,1.6287940525919606,3.1593818671919447,1.0,-0.2137265027278229,0.8908885249656383,0.17076363784576545,0.6981549637965592,-2.5118379546458343,-2.5456691877377016,3.837224512803772e-06,0.0,2.728811073965387e-06,5.520723510565873e-07,-1.0448329828549596e-06,-4.269777581833445e-06,-1.1542807434317126e-06,-3.637342863349602e-06
1189,0.00025579331049927157,0.0002557933020619041,6.989264130329237e-08,3.757304022729692,2.2854761252630573,1.628794053433262,3.15938568775466,1.0,-0.21372378576777828,0.8908890746512536,0.17076259752951595,0.6981507125391979,-2.511839103896434,-2.5456728093079692,3.820562715528553e-06,0.0,2.7169600446130815e-06,5.496856152475971e-07,-1.0403162495065121e-06,-4.2512573612540905e-06,-1.1492505995747138e-06,-3.6215702676756223e-06
1190,0.0002546862884373585,0.00025468628003635403,6.664001874625058e-08,3.757304022814265,2.2854772322847627,1.6287940542709012,3.159389491728543,1.0,-0.21372108060684694,0.8908896219604949,0.1707615617103934,0.6981464797211246,-2.5118402481390727,-2.5456764151745284,3.8039738829986902e-06,0.0,2.70516093134332e-06,5.473092413721403e-07,-1.0358191225579017e-06,-4.232818073268696e-06,-1.1442426388619253e-06,-3.6058665591198746e-06
1191,0.0002535840826182805,0.00025358407425427103,6.664001874625058e-08,3.7573040228984675,2.285478334490226,1.6287940551048934,3.1593932791862334,1.0,-0.21371838719334418,0.8908901669036791,0.17076053036887698,0.6981422652617659,-2.511841387395835,-2.545680005405961,3.787457690140883e-06,0.0,2.6934135027578687e-06,5.449431841331176e-07,-1.031341516410933e-06,-4.214459358720113e-06,-1.1392567622614536e-06,-3.5902314325930718e-06
1192,0.00025248667187103126,0.00025248666354325117,6.664001874625058e-08,3.7573040229823,2.2854794319006198,1.6287940559352552,3.159397050200047,1.0,-0.2137157054758155,0.8908907094910773,0.17075950348553148,0.6981380690809054,-2.5118425216887044,-2.5456835800705453,3.771013813658186e-06,0.0,2.681717528679739e-06,5.425873982334295e-07,-1.0268833454951665e-06,-4.1961808605606166e-06,-1.134292869409137e-06,-3.574664584338194e-06
1193,0.0002513940351191082,0.00025139402682725873,6.322027276634106e-08,3.7573040230657657,2.2854805245370198,1.6287940567620023,3.1594008048419795,1.0,-0.21371303540303568,0.8908912497329162,0.17075848104100666,0.6981338910986823,-2.5118436510395656,-2.5456871392362577,3.754641932474101e-06,0.0,2.6700727798201207e-06,5.402418389310881e-07,-1.0224445248230296e-06,-4.17798222307475e-06,-1.1293508612730818e-06,-3.559165712374579e-06
1194,0.0002503061513789018,0.00025030614312307193,6.664001874625058e-08,3.757304023148865,2.2854816124204094,1.6287940575851514,3.1594045431837046,1.0,-0.21371037692400752,0.8908917876393774,0.17075746301603695,0.69812973123559,-2.511844775470205,-2.545690682970773,3.7383417250680395e-06,0.0,2.65847902816696e-06,5.379064611510387e-07,-1.0180249697122612e-06,-4.1598630923234126e-06,-1.1244306392654835e-06,-3.543734515165653e-06
1195,0.0002492229997626057,0.0002492229915425057,6.664001874625058e-08,3.7573040232315993,2.2854826955716767,1.628794058404717,3.1594082652965776,1.0,-0.2137077299879609,0.8908923232205981,0.17075644939144105,0.6981255894124739,-2.5118458950023097,-2.545694211341466,3.7221128730280384e-06,0.0,2.6469360466241376e-06,5.355812207064048e-07,-1.0136245958969337e-06,-4.141823116032839e-06,-1.1195321047985374e-06,-3.5283706929511993e-06
1196,0.00024814455947394325,0.00024814455128974373,5.960464477539064e-08,3.757304023313971,2.2854837740116176,1.6287940592207155,3.159411971251637,1.0,-0.2137050945443518,0.890892856486671,0.17075544014812158,0.6981214655505306,-2.5118470096574703,-2.545697724415414,3.7059550592744017e-06,0.0,2.635443609094734e-06,5.332660729662209e-07,-1.009243319471942e-06,-4.123861943372553e-06,-1.1146551606167066e-06,-3.5130739481914475e-06
1197,0.00024707080981171904,0.00024707080166311746,6.322027276634106e-08,3.757304023395981,2.2854848477609337,1.628794060033163,3.159415661119604,1.0,-0.21370247054286123,0.8908933874476449,0.17075443526706477,0.6981173595713054,-2.51184811945718,-2.5457012222593978,3.689867967171523e-06,0.0,2.6240014905642983e-06,5.309609738546328e-07,-1.0048810568097366e-06,-4.105979225177414e-06,-1.109799709464454e-06,-3.497843983790716e-06
1198,0.00024600173016836564,0.0002460017220551055,6.322027276634106e-08,3.7573040234776327,2.2854859168402326,1.6287940608420743,3.1594193349708863,1.0,-0.21369985793339413,0.8908939161135243,0.17075343472933996,0.6981132713966917,-2.5118492244228334,-2.5457047049399018,3.6738512823042413e-06,0.0,2.612609467100846e-06,5.286658794068089e-07,-1.0005377248101244e-06,-4.08817461372557e-06,-1.1049656536421537e-06,-3.4826805039855913e-06
1199,0.0002449373000253251,0.00024493729194700355,6.322027276634106e-08,3.757304023558926,2.285486981270033,1.6287940616474659,3.159422992875578,1.0,-0.21369725666607817,0.8908944424942701,0.17075243851609936,0.6981092009489281,-2.511850324575731,-2.545708172523116,3.657904691589664e-06,0.0,2.6012673159658828e-06,5.263807457689396e-07,-9.962132405949564e-07,-4.070447763515617e-06,-1.1001528976706254e-06,-3.467583214344927e-06
1200,0.0002438774989581688,0.00024387749091558746,5.960464477539064e-08,3.7573040236398616,2.285488041070758,1.6287940624493527,3.159426634903461,1.0,-0.21369466669126322,0.8908949665997995,0.17075144660857752,0.6981051481505985,-2.5118514199370763,-2.5457116250749388,3.6420278832771658e-06,0.0,2.5899748149482704e-06,5.241055294202823e-07,-9.919075218411955e-07,-4.052798329601259e-06,-1.0953613451825106e-06,-3.452551822658023e-06
1201,0.0002428223066353123,0.00024282229862689455,5.960464477539064e-08,3.7573040237204443,2.2854890962627414,1.6287940632477498,3.159430261124009,1.0,-0.21369208795951994,0.8908954884399867,0.17075045898809108,0.6981011129246293,-2.511852510527977,-2.545715062660976,3.6262205478365672e-06,0.0,2.5787317432801604e-06,5.218401871731615e-07,-9.876204864478488e-07,-4.0352259692566506e-06,-1.0905909006986292e-06,-3.437586037158269e-06
1202,0.0002417717028131749,0.00024177169483977616,5.960464477539064e-08,3.7573040238006716,2.2854901468662248,1.628794064042674,3.159433871606384,1.0,-0.21368952042163875,0.8908960080246621,0.17074947563603848,0.6980970951942879,-2.5118535963694466,-2.5457184853465433,3.6104823748495107e-06,0.0,2.567537881192905e-06,5.195846753958122e-07,-9.833520525914796e-07,-4.017730341421277e-06,-1.0858414696279794e-06,-3.422685567411321e-06
1203,0.00024072566733989099,0.00024072565940101525,6.322027276634106e-08,3.7573040238805486,2.285491192901361,1.6287940648341384,3.1594374664194427,1.0,-0.21368696402862916,0.8908965253636136,0.17074849653389934,0.6980930948831819,-2.5118546774824027,-2.5457218931966676,3.59481305878262e-06,0.0,2.5563930095839904e-06,5.173389515666926e-07,-9.791021391425403e-07,-4.000311105922805e-06,-1.081112956047292e-06,-3.407850124315104e-06
1204,0.00023968418015474918,0.00023968417225065107,5.960464477539064e-08,3.7573040239600757,2.2854922343882103,1.62879406562216,3.159441045631735,1.0,-0.21368441873171834,0.8908970404665861,0.17074752166323448,0.6980891119152568,-2.5118557538876702,-2.5457252862760886,3.5792122923261616e-06,0.0,2.545296910821948e-06,5.151029724981271e-07,-9.74870664860461e-07,-3.982967925142411e-06,-1.0764052675860114e-06,-3.3930794209879878e-06
1205,0.00023864722128673184,0.00023864721341665442,5.960464477539064e-08,3.7573040240392537,2.2854932713467444,1.6287940664067533,3.159444609311506,1.0,-0.21368188448235043,0.890897553343282,0.17074655100568517,0.6980851462147948,-2.511856825605979,-2.545728664649259,3.5636797708349377e-06,0.0,2.534249367913688e-06,5.128766958906184e-07,-9.706575493095837e-07,-3.965700462016386e-06,-1.0717183087649573e-06,-3.3783731705483433e-06
1206,0.0002376147708522621,0.0002376147630167019,5.960464477539064e-08,3.757304024118085,2.285494303796846,1.6287940671879326,3.1594481575266977,1.0,-0.2136793612321855,0.8908980640033611,0.17074558454297298,0.6980811977064132,-2.5118578926579667,-2.5457320283803475,3.5482151918841964e-06,0.0,2.5232501649208317e-06,5.106600791116023e-07,-9.66462712193028e-07,-3.948508381590443e-06,-1.0670519876576634e-06,-3.363731088334987e-06
1207,0.00023658680905987094,0.0002365868012577307,5.960464477539064e-08,3.7573040241965705,2.2854953317583075,1.6287940679657145,3.159451690344951,1.0,-0.21367684893309838,0.8908985724564409,0.1707446222568994,0.6980772663150631,-2.5118589550641777,-2.5457353775332385,3.532818253493275e-06,0.0,2.5122990871262463e-06,5.084530797505593e-07,-9.622860735747363e-07,-3.931391350131541e-06,-1.0624062110053956e-06,-3.3491528910190027e-06
1208,0.00023556331620349939,0.00023556330843505326,5.960464477539064e-08,3.757304024274712,2.2854963552508343,1.628794068740113,3.159455207833606,1.0,-0.21367434753717784,0.8908990787120971,0.17074366412934547,0.6980733519660275,-2.511860012845064,-2.545738712171534,3.5174886545696893e-06,0.0,2.501395920534444e-06,5.06255656174126e-07,-9.581275539349843e-07,-3.9143490355719734e-06,-1.0577808864375982e-06,-3.334638295271475e-06
1209,0.00023454427266687047,0.0002345442649327997,5.960464477539064e-08,3.757304024352511,2.285497374294042,1.6287940695111427,3.1594587100597025,1.0,-0.21367185699672564,0.8908995827798635,0.1707427101422714,0.6980694545849201,-2.5118610660209852,-2.5457420323585542,3.50222609668549e-06,0.0,2.490540452204648e-06,5.040677664158721e-07,-9.539870740593592e-07,-3.8973811073983455e-06,-1.0531759211396263e-06,-3.3201870204280226e-06
1210,0.00023352965892266448,0.00023352965122214094,5.960464477539064e-08,3.75730402442997,2.285498388907459,1.6287940702788188,3.1594621970899843,1.0,-0.21366937726425542,0.890900084669232,0.17074176027771634,0.6980655740976835,-2.51186211461221,-2.5457453381573414,3.4870302818568177e-06,0.0,2.4797324702230394e-06,5.018893685093673e-07,-9.498645550665152e-07,-3.880487236540553e-06,-1.0485912249613705e-06,-3.305798787156533e-06
1211,0.00023251945552772276,0.00023251944786040194,5.960464477539064e-08,3.7573040245070897,2.285499399110529,1.6287940710431559,3.159465668990898,1.0,-0.2136669082924918,0.8909005843896531,0.17074081451779782,0.6980617104305882,-2.511863158638916,-2.5457486296306575,3.471900913876169e-06,0.0,2.4689717636194874e-06,4.997204211543149e-07,-9.457599185191956e-07,-3.863667095371781e-06,-1.0440267059763642e-06,-3.2914733161248932e-06
1212,0.0002315136431286295,0.00023151363549461275,5.960464477539064e-08,3.757304024583871,2.2855004049226038,1.6287940718041694,3.159469125828596,1.0,-0.21366445003436937,0.8909010819505361,0.17073987284471162,0.6980578635102304,-2.5118641981211893,-2.5457519068409877,3.456837697868309e-06,0.0,2.4582581224230626e-06,4.975608829393963e-07,-9.416730862021883e-07,-3.846920357819528e-06,-1.0394822731463194e-06,-3.277210330221436e-06
1213,0.00023051220245650378,0.0002305121948557376,5.960464477539064e-08,3.757304024660317,2.285501406362953,1.6287940725618728,3.1594725676689355,1.0,-0.21366200244303185,0.8909015773612491,0.17073893524073128,0.6980540332635311,-2.5118652330790265,-2.545755169850541,3.4418403394020913e-06,0.0,2.4475913375232583e-06,4.95410713008404e-07,-9.376039803443703e-07,-3.83024669925458e-06,-1.034957837209305e-06,-3.2630095532226733e-06
1214,0.00022951511432989103,0.000229515106762226,5.960464477539064e-08,3.757304024736427,2.2855024034507583,1.6287940733162807,3.1594759945774826,1.0,-0.213659565471831,0.8909020706311193,0.17073800168820782,0.6980502196177345,-2.511866263532334,-2.5457584187212516,3.4269085471549943e-06,0.0,2.4369712008642797e-06,4.932698701720639e-07,-9.335525234521747e-07,-3.8136457966020387e-06,-1.030453307571122e-06,-3.248870710681473e-06
1215,0.00022852235965315697,0.0002285223521177915,5.960464477539064e-08,3.7573040248122043,2.2855033962051157,1.6287940740674083,3.1594794066195124,1.0,-0.21365713907432576,0.8909025617694328,0.17073707216956932,0.6980464225004066,-2.5118672895009295,-2.5457616535147807,3.4120420298044962e-06,0.0,2.426397505222999e-06,4.911383135741687e-07,-9.295186385038789e-07,-3.797117327897226e-06,-1.0259685954139286e-06,-3.234793529038882e-06
1216,0.00022753391941413383,0.00022753391191185796,5.960464477539064e-08,3.757304024887649,2.285504384645036,1.6287940748152698,3.15948280386001,1.0,-0.2136547232042813,0.8909030507854357,0.1707361466673207,0.6980426418394333,-2.51186831100454,-2.5457648742925167,3.397240497360343e-06,0.0,2.4158700444587566e-06,4.890160029136226e-07,-9.255022486165387e-07,-3.7806609732848884e-06,-1.0215036105876152e-06,-3.2207777360682144e-06
1217,0.00022654977468886567,0.00022654976721911388,5.960464477539064e-08,3.757304024962764,2.285505368789444,1.6287940755598798,3.159486186363672,1.0,-0.21365231781566796,0.8909035376883333,0.17073522516404327,0.6980388775630196,-2.511869328062806,-2.5457680811155767,3.382503662052727e-06,0.0,2.405388613346826e-06,4.869028975562628e-07,-9.215032774345655e-07,-3.764276413686929e-06,-1.0170582660506966e-06,-3.206823059986874e-06
1218,0.00022556990663593772,0.0002255698991981817,5.960464477539064e-08,3.7573040250375502,2.2855063486571816,1.6287940763012514,3.1594895541949084,1.0,-0.21364992286266046,0.8909040224872908,0.17073430764239447,0.6980351295996876,-2.5118703406952783,-2.5457712740448084,3.3678312365559293e-06,0.0,2.3949530074951486e-06,4.847989575340605e-07,-9.175216487966598e-07,-3.7479633320236516e-06,-1.0126324720971525e-06,-3.1929292316768e-06
1219,0.0002245942964957661,0.00022459428909028288,5.16191365590357e-08,3.7573040251120084,2.2855073242670074,1.6287940770394,3.1594929074178437,1.0,-0.21364753829963679,0.8909045051914333,0.1707333940851075,0.6980313978782753,-2.5118713489214204,-2.5457744531407904,3.353222935320588e-06,0.0,2.3845630236773996e-06,4.827041424348977e-07,-9.135572869856112e-07,-3.7317214123255837e-06,-1.0082261421295868e-06,-3.1790959820199305e-06
1220,0.00022362292559644008,0.00022362291822323728,5.960464477539064e-08,3.757304025186141,2.2855082956375936,1.6287940777743395,3.159496246096318,1.0,-0.2136451640811776,0.890904985809846,0.1707324844749909,0.6980276823279352,-2.5118723527606086,-2.545777618463834,3.3386784741296083e-06,0.0,2.3742184591946103e-06,4.806184127348345e-07,-9.09610116589521e-07,-3.7155503400665424e-06,-1.0038391882183362e-06,-3.1653230436745616e-06
1221,0.00022265577534834457,0.00022265576800746512,5.16191365590357e-08,3.757304025259949,2.2855092627875297,1.628794078506084,3.1594995702938875,1.0,-0.21364280016206477,0.8909054643515746,0.17073157879492842,0.6980239828781329,-2.511873352232132,-2.5457807700739847,3.324197569654075e-06,0.0,2.3639191128188575e-06,4.785417285768645e-07,-9.056800624740458e-07,-3.699449802274657e-06,-9.994715233219154e-07,-3.1516101506312566e-06
1222,0.0002216928272429373,0.00022169281993376705,5.960464477539064e-08,3.7573040253334344,2.285510225735325,1.6287940792346471,3.1595028800738274,1.0,-0.21364044649728106,0.890905940825625,0.1707306770278785,0.6980202994586455,-2.511874347355193,-2.545783908031022,3.3097799398973393e-06,0.0,2.353664783710796e-06,4.7647405043704794e-07,-9.017670499211761e-07,-3.6834194874213466e-06,-9.951230612870177e-07,-3.137957037324668e-06
1223,0.000220734062857986,0.00022073405558042914,5.960464477539064e-08,3.7573040254065977,2.285511184499401,1.628794079960043,3.159506175499132,1.0,-0.2136381030420088,0.890906415240964,0.17072977915687398,0.6980166319995605,-2.511875338148909,-2.545787032394463,3.29542530463911e-06,0.0,2.343455272252326e-06,4.7441533901348976e-07,-8.978710045182137e-07,-3.6674590849772315e-06,-9.907937159603364e-07,-3.1243634408539833e-06
1224,0.00021977946384929526,0.0002197794566034531,5.575503985246929e-08,3.757304025479441,2.285512139098102,1.6287940806822856,3.1595094566325166,1.0,-0.21363576975162918,0.8909068876065191,0.17072888516502188,0.698012980431274,-2.5118763246323104,-2.545790143223561,3.2811333845472745e-06,0.0,2.3332903796302595e-06,4.723655551153172e-07,-8.939918521022605e-07,-3.6515682865223553e-06,-9.864834011885648e-07,-3.1108290978743014e-06
1225,0.0002188290119580395,0.00021882900474366114,5.575503985246929e-08,3.7573040255519654,2.285513089549687,1.6287940814013893,3.159512723536418,1.0,-0.21363344658172115,0.8909073579311789,0.1707279950355029,0.6980093446844895,-2.5118773068243425,-2.5457932405773076,3.266903901621987e-06,0.0,2.323169908030609e-06,4.703246597737021e-07,-8.901295189822633e-07,-3.6357467845249403e-06,-9.821920321506639e-07,-3.0973537468170775e-06
1226,0.00021788268900421642,0.00021788268182092437,5.575503985246929e-08,3.7573040256241725,2.2855140358723363,1.6287940821173672,3.159515976272998,1.0,-0.21363113348806076,0.890907826223793,0.1707271087515712,0.6980057246902166,-2.5118782847438657,-2.5457963245144355,3.252736579639759e-06,0.0,2.3130936603887875e-06,4.6829261413083856e-07,-8.862839316892135e-07,-3.6199942728964984e-06,-9.77919523137416e-07,-3.083937127890124e-06
1227,0.00021694047688969559,0.00021694046973771454,5.16191365590357e-08,3.757304025696064,2.285514978084147,1.6287940828302325,3.1595192149041402,1.0,-0.21362883042661998,0.8909082924931727,0.17072622629655412,0.6980021203797696,-2.5118792584096563,-2.5457993950934172,3.238631142377102e-06,0.0,2.303061440778187e-06,4.6626937966198767e-07,-8.824550170871692e-07,-3.604310446991832e-06,-9.736657906600499e-07,-3.070578981745342e-06
1228,0.00021600235759759766,0.00021600235047688216,5.16191365590357e-08,3.7573040257676404,2.2855159162031367,1.62879408354,3.159522439491456,1.0,-0.2136265373535661,0.8909087567480903,0.17072534765385175,0.6979985316847659,-2.5118802278404058,-2.545802452372468,3.2245873158309735e-06,0.0,2.2930730538828215e-06,4.6425491762036586e-07,-8.786427023732557e-07,-3.588695003720055e-06,-9.69430749453437e-07,-3.0572790508109904e-06
1229,0.0002150683131915143,0.00021506830610165922,5.575503985246929e-08,3.757304025838904,2.285516850247242,1.628794084246683,3.159525650096284,1.0,-0.21362425422526063,0.8909092189972803,0.17072447280693664,0.6979949585371247,-2.5118811930547222,-2.545805496409546,3.210604827774688e-06,0.0,2.283128305469173e-06,4.622491899253234e-07,-8.748469151054206e-07,-3.573147641211527e-06,-9.652143164728955e-07,-3.044037077959416e-06
1230,0.00021413832581510797,0.00021413831875565786,5.16191365590357e-08,3.757304025909855,2.285517780234319,1.6287940849502944,3.1595288467796894,1.0,-0.21362198099825855,0.8909096792494388,0.17072360173935347,0.6979914008690661,-2.51188215407113,-2.545808527262354,3.1966834055374704e-06,0.0,2.27322700208088e-06,4.602521584962105e-07,-8.710675831746784e-07,-3.5576680585958087e-06,-9.610164077855643e-07,-3.0308528078393238e-06
1231,0.0002132123776901027,0.00021321237066153681,5.16191365590357e-08,3.757304025980496,2.2855187061821454,1.628794085650849,3.159532029602469,1.0,-0.21361971762930734,0.8909101375132239,0.17072273443471875,0.697987858613109,-2.5118831109080713,-2.5458115449883394,3.1828227795571706e-06,0.0,2.263368951205269e-06,4.5826378514135513e-07,-8.673046347218438e-07,-3.542255957111884e-06,-9.568369412349398e-07,-3.017725985543507e-06
1232,0.00021229045111888705,0.0002122904441210047,5.16191365590357e-08,3.757304026050829,2.2855196281084194,1.6287940863483585,3.159535198625149,1.0,-0.21361746407534613,0.8909105937972562,0.1707218708767205,0.6979843317020702,-2.5118840635839046,-2.5458145496446978,3.169022680271638e-06,0.0,2.253553961217847e-06,4.562840323352191e-07,-8.635579982485542e-07,-3.526911038775893e-06,-9.526758333322505e-07,-3.004656358385205e-06
1233,0.00021137252848287604,0.00021137252151481626,5.16191365590357e-08,3.7573040261208535,2.28552054603076,1.6287940870428377,3.159538353907988,1.0,-0.21361522029350474,0.8909110481101183,0.170721011049118,0.6979808200690629,-2.511885012116907,-2.5458175412883715,3.155282839006901e-06,0.0,2.2437818413822974e-06,4.543128621081749e-07,-8.598276025062468e-07,-3.5116330072693103e-06,-9.485330023650818e-07,-2.9916436736776575e-06
1234,0.00021045859224215436,0.00021045858530410774,5.575503985246929e-08,3.757304026190573,2.2855214599667066,1.6287940877342988,3.1595414955109784,1.0,-0.21361298624110303,0.8909115004603556,0.17072015493574128,0.6979773236474957,-2.5118859565252736,-2.5458205199760524,3.1416029901976117e-06,0.0,2.234052401711706e-06,4.5235023726775125e-07,-8.561133767182039e-07,-3.4964215672728116e-06,-9.44408366621019e-07,-2.9786876809545504e-06
1235,0.00020954862493137086,0.00020954861802373334,5.16191365590357e-08,3.757304026259986,2.285522369933724,1.6287940884227556,3.1595446234938454,1.0,-0.21361076187564976,0.8909119508564759,0.1707193025204911,0.6979738423710704,-2.511886896827118,-2.545823485764182,3.127982866946155e-06,0.0,2.224365453273869e-06,4.503961202884099e-07,-8.524152501632187e-07,-3.481276425243429e-06,-9.403018443876476e-07,-2.965788129749569e-06
1236,0.0002086426091687306,0.00020864260229114796,5.16191365590357e-08,3.757304026329096,2.2855232759491946,1.6287940891082215,3.1595477379160513,1.0,-0.21360854715484193,0.8909123993069501,0.17071845378733846,0.6979703761737818,-2.511887833040473,-2.545826438708954,3.11442220590763e-06,0.0,2.2147208078304725e-06,4.4845047419972417e-07,-8.487331526474406e-07,-3.466197288637396e-06,-9.362133548407314e-07,-2.9529447718168456e-06
1237,0.0002077405276456797,0.00020774052079752602,5.16191365590357e-08,3.7573040263979043,2.2855241780304274,1.628794089790709,3.159550838836795,1.0,-0.213606342036564,0.8909128458202122,0.17071760872032418,0.6979669249899157,-2.511888765183289,-2.5458293788663133,3.1009207437371344e-06,0.0,2.2051182779203593e-06,4.465132621422896e-07,-8.450670142823302e-07,-3.451183866021168e-06,-9.321428162678558e-07,-2.9401573593546004e-06
1238,0.00020684236313306466,0.0002068423563148655,5.575503985246929e-08,3.7573040264664104,2.2855250761946504,1.6287940904702314,3.159553926315013,1.0,-0.2136041464788868,0.8909132904046593,0.17071676730355873,0.6979634887540478,-2.5118896932734387,-2.545832306291959,3.087478217977946e-06,0.0,2.1955576771925944e-06,4.4458444703465716e-07,-8.414167654569038e-07,-3.4362358679596028e-06,-9.280901496211413e-07,-2.927425645449233e-06
1239,0.0002059480984753069,0.00020594809168710643,5.16191365590357e-08,3.7573040265346185,2.2855259704590196,1.6287940911468024,3.159557000409382,1.0,-0.2136019604400668,0.8909137330686516,0.17071592952122197,0.697960067401042,-2.511890617328713,-2.5458352210413437,3.0740943688378763e-06,0.0,2.186038820017888e-06,4.4266399235048937e-07,-8.377823367544668e-07,-3.421353005794714e-06,-9.240552745204411e-07,-2.9147493849634998e-06
1240,0.00020505771659804457,0.00020505770983901512,5.16191365590357e-08,3.757304026602528,2.2855268608406103,1.6287940918204333,3.1595600611783174,1.0,-0.21359978387854514,0.8909141738205133,0.1707150953575628,0.6979566608660498,-2.5118915373668247,-2.545838123169678,3.0607689356365597e-06,0.0,2.1765615216551293e-06,4.40751861674471e-07,-8.341636591746582e-07,-3.4065349922007826e-06,-9.200381114737866e-07,-2.902128334092424e-06
1241,0.00020417120049983102,0.0002041711937704061,5.16191365590357e-08,3.7573040266701403,2.2855277473564226,1.628794092491139,3.159563108679978,1.0,-0.21359761675294708,0.8909146126685318,0.1707142647968988,0.6979532690845083,-2.5118924534054052,-2.545841012731927,3.047501660358165e-06,0.0,2.167125598057096e-06,4.3884801848026456e-07,-8.305606639946728e-07,-3.3917815415174246e-06,-9.160385805451199e-07,-2.88956224903103e-06
1242,0.00020328853325457367,0.00020328852655348341,4.712160915387242e-08,3.757304026737458,2.2855286300233844,1.6287940931589302,3.1595661429722637,1.0,-0.21359545902208088,0.8909150496209587,0.17071343782361598,0.6979498919921394,-2.511893365462009,-2.545843889782814,3.03429228587504e-06,0.0,2.157730866203522e-06,4.3695242690766634e-07,-8.269732828247722e-07,-3.377092368861412e-06,-9.120566035747402e-07,-2.877050887306609e-06
1243,0.00020240969801167967,0.00020240969133994004,5.16191365590357e-08,3.757304026804481,2.285529508858344,1.628794093823822,3.1595691641128196,1.0,-0.21359331064493714,0.8909154846860092,0.17071261442216842,0.6979465295249483,-2.5118942735541108,-2.5458467543768233,3.02114055594771e-06,0.0,2.1483771437402766e-06,4.3506505054136113e-07,-8.23401447552774e-07,-3.362467191125873e-06,-9.080921019588573e-07,-2.864594009110988e-06
1244,0.00020153467799756855,0.00020153467135474687,5.16191365590357e-08,3.7573040268712106,2.285530383878076,1.6287940944858248,3.1595721721590353,1.0,-0.21359117158068788,0.8909159178718632,0.17071179457707805,0.6979431816192223,-2.5118951776991083,-2.5458496065681966,3.008046215668969e-06,0.0,2.1390642492569167e-06,4.3318585396523446e-07,-8.198450903718069e-07,-3.347905725981093e-06,-9.041449975377702e-07,-2.852191373303725e-06
1245,0.00020066345651053457,0.000200663449896147,4.2146848510894035e-08,3.7573040269376476,2.285531255099283,1.6287940951449529,3.1595751671680468,1.0,-0.21358904178868574,0.8909163491866645,0.1707109782729343,0.6979398482115295,-2.511896077914321,-2.5458524464109384,2.9950090114638783e-06,0.0,2.129792002147912e-06,4.313148013190826e-07,-8.163041437525553e-07,-3.333407692762691e-06,-9.002152125958673e-07,-2.8398427418530048e-06
1246,0.0001997960169256118,0.00019979601034010008,5.16191365590357e-08,3.7573040270037965,2.285532122538588,1.6287940958012184,3.159578149196738,1.0,-0.21358692122846323,0.8909167786385216,0.17071016549439372,0.6979365292387176,-2.5118969742169903,-2.545855273958815,2.9820286910897664e-06,0.0,2.120560222501622e-06,4.2945185707576883e-07,-8.127785405820376e-07,-3.3189728119165096e-06,-8.963026694175369e-07,-2.82754787672701e-06
1247,0.0001989323426882964,0.00019893233613184444,5.16191365590357e-08,3.7573040270696545,2.2855329862125466,1.6287940964546335,3.1595811183017397,1.0,-0.21358480985973172,0.8909172062355074,0.17070935622617994,0.6979332246379124,-2.511897866624282,-2.545858089265356,2.969105001859873e-06,0.0,2.1113687315166274e-06,4.275969858191786e-07,-8.092682137750273e-07,-3.304600805220659e-06,-8.924072916194348e-07,-2.815306540782103e-06
1248,0.00019807241732406336,0.00019807241079566472,4.712160915387242e-08,3.757304027135225,2.285533846137634,1.6287940971052115,3.1595840745394344,1.0,-0.21358270764238088,0.8909176319856598,0.1707085504530831,0.6979299343465167,-2.511898755153284,-2.545860892383855,2.9562376946401514e-06,0.0,2.1022173508356e-06,4.2575015235524205e-07,-8.057730968291654e-07,-3.290291395674494e-06,-8.885290019300385e-07,-2.803118499095092e-06
1249,0.0001972162244233726,0.00019721621792379297,5.16191365590357e-08,3.75730402720051,2.2855347023302586,1.6287940977529638,3.159587017965954,1.0,-0.21358061453647767,0.8909180558969816,0.17070774815995968,0.6979266583022093,-2.5118996398210083,-2.545863683367372,2.9434265198524656e-06,0.0,2.093105903211434e-06,4.239113218229562e-07,-8.022931234363817e-07,-3.2760443073875933e-06,-8.846677244100931e-07,-2.7909835167427843e-06
1250,0.00019636374765662307,0.00019636374118484325,4.2146848510894035e-08,3.7573040272655094,2.285535554806751,1.6287940983979035,3.159589948637184,1.0,-0.2135785305022657,0.8909184779774406,0.1707069493317322,0.6979233964429434,-2.511900520644391,-2.545866462268732,2.9306712296950366e-06,0.0,2.0840342119798905e-06,4.220804590282512e-07,-7.988282274828951e-07,-3.2618592659128254e-06,-8.808233826762546e-07,-2.778901360134256e-06
1251,0.00019551497076300523,0.00019551496431937285,4.712160915387242e-08,3.757304027330225,2.285536403583371,1.6287940990400425,3.1595928666087603,1.0,-0.2135764555001642,0.89091889823497,0.17070615395338892,0.6979201487069455,-2.511901397640292,-2.5458692291405285,2.917971576366085e-06,0.0,2.075002101503687e-06,4.2025752933216864e-07,-7.95378343271258e-07,-3.2477359979132814e-06,-8.769959012333572e-07,-2.766871796566761e-06
1252,0.00019466987755546315,0.00019466987114032537,5.16191365590357e-08,3.7573040273946567,2.285537248676306,1.6287940996793933,3.159595771936075,1.0,-0.21357438949076746,0.8909193166774682,0.1707053620099836,0.697916915032714,-2.511902270825497,-2.5458719840351236,2.9053273147283676e-06,0.0,2.0660093967284077e-06,4.184424982067725e-07,-7.919434053260677e-07,-3.2336742314953426e-06,-8.731852050303246e-07,-2.7548945951139103e-06
1253,0.00019382845191880574,0.00019382844553081005,5.16191365590357e-08,3.7573040274588094,2.285538090101672,1.6287941003159683,3.1595986646742755,1.0,-0.21357233243484405,0.8909197333127993,0.17070457348663504,0.6979136953590185,-2.5119031402167162,-2.5458747270046485,2.8927382005328184e-06,0.0,2.0570559234045493e-06,4.1663533112412665e-07,-7.885233485604992e-07,-3.2196736955425465e-06,-8.693912190160802e-07,-2.7429695248493147e-06
1254,0.00019299067780821332,0.00019299067144810036,4.2146848510894035e-08,3.7573040275226797,2.2855389278755127,1.628794100949779,3.1596015448782646,1.0,-0.2135702842933357,0.8909201481487931,0.17070378836852704,0.6979104896248979,-2.511904005830585,-2.5458774581010055,2.880203989086283e-06,0.0,2.0481415083650756e-06,4.148359937783397e-07,-7.851181079987501e-07,-3.205734120603765e-06,-8.656138685836368e-07,-2.731096357067031e-06
1255,0.00019215653925191327,0.0001921565329191903,4.2146848510894035e-08,3.757304027586272,2.2855397620138005,1.6287941015808383,3.159604412602703,1.0,-0.21356824502735688,0.8909205611932451,0.1707030066409079,0.6979072977696595,-2.511904867683664,-2.5458801773758686,2.867724438360142e-06,0.0,2.0392659788037726e-06,4.1304445208556473e-07,-7.817276191368627e-07,-3.1918552383380927e-06,-8.618530791260071e-07,-2.7192748630611163e-06
1256,0.00019132602034736053,0.00019132601404212935,4.2146848510894035e-08,3.757304027649586,2.2855405925324375,1.6287941022091574,3.1596072679020106,1.0,-0.2135662145981939,0.8909209724539173,0.17070222828909026,0.6979041197328782,-2.5119057257924413,-2.5458828848806836,2.8552993076580435e-06,0.0,2.030429162996894e-06,4.1126067218399953e-07,-7.783518176374127e-07,-3.1780367812928034e-06,-8.581087773684715e-07,-2.707504815013806e-06
1257,0.0001904991052641823,0.00019049909898646405,5.16191365590357e-08,3.757304027712624,2.285541419447254,1.6287941028347495,3.1596101108303665,1.0,-0.21356419296730406,0.8909213819385373,0.17070145329845074,0.6979009554543946,-2.511906580173331,-2.5458855806666714,2.842928355839547e-06,0.0,2.0216308898313162e-06,4.0948461998979724e-07,-7.749906395237982e-07,-3.164278483680505e-06,-8.543808895922211e-07,-2.6957859877718704e-06
1258,0.00018967577824203106,0.00018967577199102093,4.712160915387242e-08,3.757304027775387,2.2855422427740115,1.6287941034576248,3.15961294144171,1.0,-0.2135621800963148,0.8909217896547993,0.1707006816544298,0.6978978048743139,-2.511907430842673,-2.5458882647848267,2.8306113435405678e-06,0.0,2.0128709892486274e-06,4.077162619742225e-07,-7.716440209304398e-07,-3.1505800807130058e-06,-8.506693420784472e-07,-2.684118155293902e-06
1259,0.0001888560235885242,0.0001888560173647901,4.712160915387242e-08,3.7573040278378755,2.285543062528401,1.628794104077797,3.159615759789743,1.0,-0.21356017594702337,0.8909221956103637,0.17069991334253126,0.697894667933005,-2.5119082778167354,-2.54589093728592,2.818348033173379e-06,0.0,2.004149291440216e-06,4.059555643864954e-07,-7.683118985468695e-07,-3.13694130882336e-06,-8.469740624406086e-07,-2.6725010933148496e-06
1260,0.00018803982568337617,0.00018803981948692985,4.2146848510894035e-08,3.7573040279000907,2.2855438787260427,1.6287941046952767,3.1596185659279308,1.0,-0.21355818048139544,0.8909225998128579,0.17069914834832212,0.6978915445710998,-2.5119091211117137,-2.545893598220499,2.8061381875943425e-06,0.0,1.995465627929738e-06,4.0420249425299204e-07,-7.649942091458861e-07,-3.1233619052217776e-06,-8.432949782921639e-07,-2.66093457890193e-06
1261,0.00018722716897655667,0.00018722716280631925,4.2146848510894035e-08,3.757304027962035,2.2855446913824884,1.6287941053100765,3.1596213599095013,1.0,-0.21355619366156475,0.8909230022698759,0.17069838665743228,0.6978884347294907,-2.5119099607437305,-2.545896247638888,2.7939815705479987e-06,0.0,1.9868198306849383e-06,4.0245701793395483e-07,-7.616908898333552e-07,-3.10984160911687e-06,-8.396320168024829e-07,-2.64941838912236e-06
1262,0.00018641803798222095,0.00018641803183889593,4.2146848510894035e-08,3.7573040280237087,2.285545500513222,1.6287941059222073,3.1596241417874493,1.0,-0.21355421544983239,0.8909234029889783,0.1706976282555543,0.6978853383493305,-2.5119107967288374,-2.5458988855911917,2.781877947999334e-06,0.0,1.978211732367452e-06,4.007191024557599e-07,-7.584018779926982e-07,-3.0963801601613383e-06,-8.359851069172919e-07,-2.637952303707891e-06
1263,0.0001856124172894489,0.00018561241117298307,4.712160915387242e-08,3.757304028085113,2.285546306133655,1.6287941065316813,3.159626911614534,1.0,-0.21355224580866558,0.8909238019776933,0.17069687312844306,0.697882255372031,-2.5119116290830137,-2.5459015121272937,2.769827084581067e-06,0.0,1.9696411668046476e-06,3.989887149558058e-07,-7.551271112293811e-07,-3.082977299562195e-06,-8.323541762500497e-07,-2.6265361019461864e-06
1264,0.00018481029155141543,0.0001848102854612973,5.16191365590357e-08,3.75730402814625,2.2855471082591348,1.62879410713851,3.159629669443283,1.0,-0.21355028470069753,0.8909241992435157,0.1706961212619155,0.6978791857392614,-2.5119124578221674,-2.5459041272968586,2.7578287489227193e-06,0.0,1.9611079680459387e-06,3.972658224604686e-07,-7.518665275652037e-07,-3.0696327695256542e-06,-8.287391537464828e-07,-2.615169564901265e-06
1265,0.0001840116454888883,0.00018401163942538857,4.2146848510894035e-08,3.7573040282071197,2.28554790690494,1.6287941077427055,3.1596324153259907,1.0,-0.21354833208872617,0.8909245947939081,0.1706953726418504,0.6978761293929477,-2.5119132829621362,-2.5459067311493317,2.745882707877456e-06,0.0,1.952611971361984e-06,3.955503923291914e-07,-7.486200651052322e-07,-3.0563463137012192e-06,-8.251399687964067e-07,-2.603852473193058e-06
1266,0.00018321646389527234,0.00018321645785741828,4.712160915387242e-08,3.757304028267723,2.285548702086278,1.6287941083442785,3.1596351493147226,1.0,-0.21354638793571382,0.8909249886363004,0.17069462725418796,0.6978730862752716,-2.5119141045186875,-2.5459093237339427,2.7339887318511558e-06,0.0,1.9441530123565087e-06,3.9384239236550656e-07,-7.453876624263778e-07,-3.043117676182483e-06,-8.215565512337264e-07,-2.5925846109942086e-06
1267,0.00018242473162634315,0.00018242472561527182,4.2146848510894035e-08,3.757304028328063,2.285549493818291,1.6287941089432407,3.159637871461314,1.0,-0.21354445220478618,0.8909253807780902,0.17069388508492966,0.6978700563286686,-2.511914922507517,-2.5459119050997034,2.7221465912496967e-06,0.0,1.9357309276324397e-06,3.9214178981783476e-07,-7.421692582998407e-07,-3.0299466029504174e-06,-8.17988829560079e-07,-2.5813657607010043e-06
1268,0.00018163643360746273,0.00018163642762211629,4.2146848510894035e-08,3.7573040283881385,2.2855502821160565,1.6287941095396037,3.1596405818173707,1.0,-0.21354252485923164,0.8909257712266427,0.17069314612013808,0.6978670394958275,-2.5119157369442524,-2.545914475295411,2.7103560569230467e-06,0.0,1.9273455545421037e-06,3.9044855248970833e-07,-7.389647915800879e-07,-3.0168328410962175e-06,-8.144367353857263e-07,-2.5701957073742676e-06
1269,0.00018085155483089222,0.00018085154887172825,4.2146848510894035e-08,3.757304028447952,2.28555106699458,1.6287941101333794,3.159643280434272,1.0,-0.21354060586250068,0.8909261599892913,0.17069241034593638,0.6978640357196892,-2.51191654784445,-2.545917034369648,2.698616901053441e-06,0.0,1.9189967309651834e-06,3.8876264851772646e-07,-7.357742017044533e-07,-3.00377613826619e-06,-8.109001976563945e-07,-2.5590742369629993e-06
1270,0.00018007008035372257,0.00018007007442050275,4.2146848510894035e-08,3.7573040285075057,2.2855518484688053,1.6287941107245774,3.15964596736317,1.0,-0.21353869517820487,0.8909265470733371,0.17069167774850819,0.6978610449434457,-2.5119173552235985,-2.5459195823707836,2.6869288980435613e-06,0.0,1.910684295808318e-06,3.8708404581644373e-07,-7.325974281935377e-07,-2.9907762435499308e-06,-8.073791484264348e-07,-2.5480011358602894e-06
1271,0.00017929199530157463,0.00017929198939411038,4.712160915387242e-08,3.7573040285667987,2.285552626553607,1.6287941113132105,3.159648642654991,1.0,-0.2135367927701164,0.8909269324860495,0.1706909483140974,0.6978580671105381,-2.511918159097116,-2.5459221193469754,2.675291820963821e-06,0.0,1.9024080884777472e-06,3.8541271241143704e-07,-7.294344107899864e-07,-2.977832907591349e-06,-8.038735175297518e-07,-2.5369761917914957e-06
1272,0.00017851728486574715,0.00017851727898350408,4.2146848510894035e-08,3.7573040286258323,2.2855534012637935,1.62879411189929,3.1596513063604372,1.0,-0.21353489860216726,0.8909273162346664,0.1706902220290077,0.6978551021646567,-2.5119189594803535,-2.545924645346168,2.6637054464373477e-06,0.0,1.8941679491291108e-06,3.837486168833948e-07,-7.262850897082895e-07,-2.96494588136742e-06,-8.003832374647857e-07,-2.525999192481976e-06
1273,0.0001777459343011199,0.00017774592844402981,4.2146848510894035e-08,3.7573040286846098,2.28555417261411,1.6287941124828262,3.159653958529988,1.0,-0.21353301263844857,0.8909276983263941,0.17068949887960247,0.6978521500497392,-2.5119197563885924,-2.545927160416096,2.6521695506431797e-06,0.0,1.885963718695205e-06,3.820917277019831e-07,-7.231494052184484e-07,-2.952114917520454e-06,-7.969082389536197e-07,-2.5150699278775335e-06
1274,0.00017697792892889275,0.00017697792309764716,4.2146848510894035e-08,3.75730402874313,2.2855549406192344,1.6287941130638304,3.159656599213899,1.0,-0.21353113484320965,0.8909280787684075,0.17068877885230452,0.6978492107099695,-2.511920549837047,-2.5459296646042837,2.640683911092623e-06,0.0,1.8777952389137376e-06,3.804420134478903e-07,-7.200272979512867e-07,-2.939339769691962e-06,-7.93448454494694e-07,-2.5041881879239725e-06
1275,0.0001762132541374075,0.00017621324833159554,4.2146848510894035e-08,3.757304028801396,2.2855557052937794,1.6287941136423143,3.159659228462205,1.0,-0.21352926518085763,0.8909284575678501,0.17068806193359573,0.697846284089777,-2.511921339840863,-2.5459321579580485,2.6292483061851613e-06,0.0,1.8696623520220168e-06,3.787994425907826e-07,-7.169187087874285e-07,-2.9266201925226554e-06,-7.900038161423595e-07,-2.4933537647875426e-06
1276,0.00017545189537647806,0.0001754518895952888,4.2146848510894035e-08,3.7573040288594064,2.2855564666522956,1.628794114218288,3.15966184632472,1.0,-0.2135274036159564,0.8909288347318346,0.17068734811001693,0.6978433701338351,-2.51192212641512,-2.5459346405244987,2.6178625147643686e-06,0.0,1.861564901228796e-06,3.771639844885044e-07,-7.138235788017866e-07,-2.913955941874491e-06,-7.865742568391454e-07,-2.4825664501904043e-06
1277,0.00017469383816217393,0.0001746938324060848,4.2146848510894035e-08,3.757304028917164,2.2855572247092657,1.628794114791763,3.1596644528510387,1.0,-0.21352555011322635,0.8909292102674424,0.17068663736816736,0.6978404687870607,-2.511922909574829,-2.5459371123505354,2.6065263187824428e-06,0.0,1.85350273004814e-06,3.755356078327665e-07,-7.107418495688744e-07,-2.9013467743865817e-06,-7.831597090834919e-07,-2.471826036742897e-06
1278,0.0001739390680743118,0.00017393906234351443,4.2146848510894035e-08,3.7573040289746706,2.28555797947911,1.6287941153627505,3.1596670480905376,1.0,-0.2135237046375431,0.8909295841817243,0.1706859296947048,0.6978375799946123,-2.5119236893349353,-2.5459395734828547,2.595239498859314e-06,0.0,1.845475683243114e-06,3.739142818703911e-07,-7.07673462552183e-07,-2.8887924484743976e-06,-7.797601062620174e-07,-2.461132319275805e-06
1279,0.00017318757075738243,0.00017318756505150203,4.2146848510894035e-08,3.7573040290319257,2.285558730976185,1.6287941159312609,3.1596696320923745,1.0,-0.21352186715393723,0.8909299564817001,0.1706852250763451,0.6978347037018894,-2.5119244657103175,-2.5459420239679473,2.5840018369471807e-06,0.0,1.8374836058820954e-06,3.722999758482004e-07,-7.046183597148037e-07,-2.8762927228864754e-06,-7.763753822054298e-07,-2.450485092619914e-06
1280,0.00017243933191910893,0.00017243932623747611,4.2146848510894035e-08,3.757304029088931,2.2855594792147826,1.6287941164973052,3.159672204905492,1.0,-0.21352003762759345,0.8909303271743595,0.17068452349986188,0.6978318398545316,-2.511925238715788,-2.5459444638521003,2.5728131176627755e-06,0.0,1.8295263437828613e-06,3.7069265934608353e-07,-7.015764832141169e-07,-2.8638473578146417e-06,-7.730054707444367e-07,-2.4398841529382764e-06
1281,0.00017169433732849366,0.00017169433167148215,4.712160915387242e-08,3.7573040291456885,2.2855602242091333,1.628794117060894,3.159674766578617,1.0,-0.21351821602384993,0.8909306962666613,0.17068382495208634,0.6978289883984171,-2.5119260083660935,-2.5459468931813967,2.5616731247346536e-06,0.0,1.8216037435125898e-06,3.690923018329073e-07,-6.9854777554057e-07,-2.851456114449924e-06,-7.696503052656567e-07,-2.429329296393945e-06
1282,0.0001709525728203172,0.00017095256718795813,2.9802322387695312e-08,3.757304029202198,2.2855609659734024,1.6287941176220384,3.15967731716026,1.0,-0.2135164023081975,0.8909310637655342,0.17068312941990707,0.6978261492796618,-2.5119267746759144,-2.5459493120017176,2.5505816432236372e-06,0.0,1.8137156524433706e-06,3.6749887288856087e-07,-6.95532179267877e-07,-2.839118755315617e-06,-7.663098209320651e-07,-2.4188203209263293e-06
1283,0.00017021402429188618,0.00017021401868395886,3.6500241499888574e-08,3.757304029258461,2.285561704521693,1.6287941181807493,3.15967985669872,1.0,-0.21351459644627904,0.8909314296778768,0.17068243689026968,0.6978233224446183,-2.511927537659867,-2.5459517203587434,2.5395384599669057e-06,0.0,1.8058619184468938e-06,3.6591234253702254e-07,-6.925296373860856e-07,-2.826835043490128e-06,-7.629839524625481e-07,-2.4083570258071063e-06
1284,0.00016947867770046235,0.00016947867211693622,4.712160915387242e-08,3.7573040293144784,2.2855624398680474,1.628794118737036,3.159682385242083,1.0,-0.21351279840388881,0.8909317940105577,0.1706817473501766,0.6978205078398748,-2.5119282973325014,-2.5459541182979533,2.528543362689817e-06,0.0,1.7980423902275167e-06,3.6433268091329296e-07,-6.895400930795326e-07,-2.8146047434951527e-06,-7.596726345759919e-07,-2.397939209863864e-06
1285,0.00016874651906691017,0.00016874651350784492,4.2146848510894035e-08,3.757304029370252,2.285563172026445,1.6287941192909108,3.1596849028382215,1.0,-0.21351100814697177,0.8909321567704153,0.17068106078668688,0.697817705412254,-2.511929053708304,-2.5459565058646274,2.517596138673639e-06,0.0,1.790256917044708e-06,3.6275985759726126e-07,-6.865634897268436e-07,-2.8024276208515886e-06,-7.563758024353717e-07,-2.3875666741446366e-06
1286,0.00016801753447633308,0.00016801752894114665,4.2146848510894035e-08,3.757304029425782,2.285563901010801,1.6287941198423825,3.1596874095347993,1.0,-0.21350922564162292,0.8909325179642584,0.17068037718691584,0.697814915108812,-2.5119298068016964,-2.5459588831038467,2.506696577864176e-06,0.0,1.782505348851826e-06,3.611938431680173e-07,-6.835997710397113e-07,-2.7903034419685113e-06,-7.530933925359307e-07,-2.3772392192533687e-06
1287,0.00016729171007135493,0.00016729170455992063,4.2146848510894035e-08,3.75730402948107,2.2855646268349723,1.6287941203914633,3.1596899053792695,1.0,-0.2135074508540865,0.8909328775988664,0.17067969653803491,0.6978121368768375,-2.511930556627036,-2.5459612500604947,2.4958444702072313e-06,0.0,1.7747875364071408e-06,3.5963460798260627e-07,-6.806488809241173e-07,-2.778231974476242e-06,-7.498253395965548e-07,-2.366956648014451e-06
1288,0.00016656903205720282,0.0001665690265698643,4.2146848510894035e-08,3.7573040295361175,2.2855653495127535,1.628794120938163,3.1596923904188765,1.0,-0.2135056837507555,0.8909332356809888,0.17067901882727138,0.6978093706638505,-2.511931303198617,-2.545963606779258,2.4850396069808767e-06,0.0,1.7671033310240336e-06,3.5808212239807347e-07,-6.777107635358437e-07,-2.7662129870043017e-06,-7.465715810006657e-07,-2.3567187632522746e-06
1289,0.00016584948670281353,0.00016584948123929145,4.2146848510894035e-08,3.7573040295909244,2.285566069057876,1.6287941214824915,3.1596948647006564,1.0,-0.2135039242981708,0.890933592217346,0.17067834404190804,0.6978066164176014,-2.51193204653067,-2.545965953304627,2.4742817799072725e-06,0.0,1.7594525846820197e-06,3.565363572155533e-07,-6.747853633359835e-07,-2.754246249070391e-06,-7.433320527994169e-07,-2.3465253691234977e-06
1290,0.0001651330603342976,0.0001651330548942469,3.6500241499888574e-08,3.7573040296454936,2.285566785484014,1.6287941220244597,3.159697328271439,1.0,-0.21350217246302067,0.890933947214629,0.17067767216928306,0.6978038740860699,-2.5119327866373617,-2.5459682896808973,2.4635707824849362e-06,0.0,1.7518351501377705e-06,3.549972830141357e-07,-6.71872624979919e-07,-2.742331531524478e-06,-7.401066919321408e-07,-2.336376270228868e-06
1291,0.00016441973934071654,0.00016441973392383724,4.2146848510894035e-08,3.757304029699824,2.2855674988047783,1.6287941225640772,3.1596997811778467,1.0,-0.21350042821214,0.8909343006794999,0.17067700319678977,0.697801143617464,-2.5119335235327966,-2.5459706159521702,2.452906407768296e-06,0.0,1.7442508806753132e-06,3.534648708169996e-07,-6.689724932895658e-07,-2.7304686058826633e-06,-7.368954348940804e-07,-2.3262712729454904e-06
1292,0.00016370951016790684,0.0001637095047748992,4.2146848510894035e-08,3.757304029753918,2.285568209033722,1.628794123101355,3.159702223466298,1.0,-0.21349869151250972,0.8909346526185913,0.17067633711187624,0.697798424960219,-2.511934257231016,-2.5459729321623534,2.4422884514763155e-06,0.0,1.7366996302725646e-06,3.5193909142527957e-07,-6.660849135309288e-07,-2.7186572449933166e-06,-7.336982195127462e-07,-2.3162101832063797e-06
1293,0.00016300235932708584,0.0001630023539573307,3.6500241499888574e-08,3.757304029807776,2.285568916184335,1.6287941236363037,3.159704655183007,1.0,-0.2134969623312561,0.8909350030385074,0.17067567390204527,0.6977957180629965,-2.5119349877459998,-2.545975238355162,2.4317167088838687e-06,0.0,1.7291812536290863e-06,3.504199160841992e-07,-6.63209830970013e-07,-2.7068972225929855e-06,-7.305149836156488e-07,-2.3061928087209083e-06
1294,0.00016229827338399758,0.00016229826803742988,3.6500241499888574e-08,3.7573040298613987,2.2855696202700515,1.6287941241689328,3.159707076373984,1.0,-0.21349524063565,0.8909353519458236,0.1706750135548539,0.6977930228746833,-2.5119357150916652,-2.54597753457412,2.421190977042187e-06,0.0,1.7216956060828181e-06,3.489073162610268e-07,-6.603471913724235e-07,-2.6951883131953736e-06,-7.273456654743882e-07,-2.2962189576425374e-06
1295,0.00016159723896653816,0.00016159723364322296,4.2146848510894035e-08,3.7573040299147893,2.285570321304243,1.6287941246992517,3.159709487085038,1.0,-0.21349352639310654,0.8909356993470867,0.1706743560579134,0.6977903393443905,-2.5119364392818673,-2.545979820862559,2.4107110538906795e-06,0.0,1.7142425434713005e-06,3.4740126308996366e-07,-6.574969405037656e-07,-2.6835302927574745e-06,-7.241902020282964e-07,-2.286288439012907e-06
1296,0.00016089924276131983,0.0001608992374609104,4.2146848510894035e-08,3.7573040299679468,2.2855710193002237,1.6287941252272722,3.1597118873617744,1.0,-0.21349181957118396,0.8909360452488148,0.17067370139888896,0.6977876674214524,-2.5119371603304,-2.5459820972636225,2.4002767364805777e-06,0.0,1.706821922575763e-06,3.459017280382781e-07,-6.546590244349559e-07,-2.6719229381244602e-06,-7.21048532881241e-07,-2.276401063650013e-06
1297,0.0001602042715127368,0.00016020426623531464,4.2146848510894035e-08,3.7573040300208715,2.2855717142712484,1.6287941257530032,3.1597142772496,1.0,-0.2134901201375834,0.8909363896574978,0.17067304956549936,0.6977850070554257,-2.511937878250997,-2.5459843638202644,2.3898878254158262e-06,0.0,1.6994336005660138e-06,3.4440868301732763e-07,-6.518333895977335e-07,-2.6603660266966145e-06,-7.179205967489111e-07,-2.266556641927764e-06
1298,0.00015951231202582987,0.00015951230677120875,4.2146848510894035e-08,3.7573040300735667,2.2855724062305125,1.628794126276455,3.1597166567937207,1.0,-0.21348842806014814,0.8909367325795973,0.1706724005455168,0.6977823581960882,-2.5119385930573292,-2.5459866205752495,2.3795441208562806e-06,0.0,1.6920774352502388e-06,3.4292209949438046e-07,-6.490199825626153e-07,-2.648859337428533e-06,-7.148063323469955e-07,-2.2567549851082447e-06
1299,0.00015882335116024172,0.00015882334592887755,3.6500241499888574e-08,3.7573040301260314,2.2855730951911557,1.6287941267976374,3.1597190260391446,1.0,-0.2134867433068628,0.8909370740215469,0.17067175432676673,0.6977797207934381,-2.5119393047630085,-2.545988867571156,2.369245423849975e-06,0.0,1.6847532853525582e-06,3.414419496028387e-07,-6.462187500666516e-07,-2.63740265016299e-06,-7.117056792793619e-07,-2.2469959066739875e-06
1300,0.00015813737583868155,0.00015813737063033418,4.2146848510894035e-08,3.7573040301782688,2.285573781166256,1.62879412731656,3.1597213850306813,1.0,-0.213485065845853,0.8909374139897521,0.1706711108971275,0.6977770947976927,-2.5119400133815857,-2.5459911048503754,2.3589915367772107e-06,0.0,1.6774610097913811e-06,3.399682052540598e-07,-6.43429639235471e-07,-2.6259957454088934e-06,-7.086185771498776e-07,-2.237279219219346e-06
1301,0.0001574543730380735,0.0001574543678513261,3.6500241499888574e-08,3.757304030230278,2.2855744641688376,1.6287941278332336,3.1597237338129434,1.0,-0.21348339564538432,0.8909377524905906,0.17067047024453025,0.6977744801592876,-2.5119407189265517,-2.545993332455113,2.3487822620182897e-06,0.0,1.6702004686786065e-06,3.3850083847042356e-07,-6.406525972502131e-07,-2.6146384051184413e-06,-7.055449660064994e-07,-2.227604737559119e-06
1302,0.0001567743297932903,0.000156774324628886,3.6500241499888574e-08,3.7573040302820604,2.2855751442118635,1.6287941283476672,3.1597260724303475,1.0,-0.21348173267386214,0.8909380895304123,0.17066983235695854,0.697771876828876,-2.511941421411337,-2.5459955504273895,2.3386174041739594e-06,0.0,1.6629715221816443e-06,3.3703982171839897e-07,-6.37887571708351e-07,-2.6033304115768985e-06,-7.024847854530947e-07,-2.2179722765081067e-06
1303,0.00015609723319802337,0.0001560972280560008,4.2146848510894035e-08,3.7573040303336174,2.2855758213082407,1.6287941288598713,3.159728400927115,1.0,-0.2134800768998307,0.8909384251155394,0.17066919722244817,0.6977692847573274,-2.5119421208493136,-2.5459977588090412,2.3284967674008783e-06,0.0,1.6557740314393499e-06,3.355851271313881e-07,-6.351345103738915e-07,-2.592071548623842e-06,-6.994379764257985e-07,-2.2083816517692867e-06
1304,0.00015542307040149506,0.00015542306528205794,4.2146848510894035e-08,3.75730403038495,2.2855764954708198,1.6287941293698547,3.159730719347273,1.0,-0.21347842829197258,0.890938759252267,0.17066856482908702,0.6977667038957266,-2.511942817253793,-2.545999957641721,2.318420158076151e-06,0.0,1.6486078581179342e-06,3.3413672750892687e-07,-6.323933611496191e-07,-2.580861600764983e-06,-6.964044794166568e-07,-2.1988326799338154e-06
1305,0.00015475182861012562,0.00015475182351284273,4.2146848510894035e-08,3.75730403043606,2.285577166712395,1.6287941298776283,3.1597330277346547,1.0,-0.21347678681910798,0.8909390919468622,0.17066793516501483,0.6977641341953728,-2.511943510638029,-2.5460021469669005,2.3083873816887035e-06,0.0,1.6414728646052534e-06,3.3269459520646194e-07,-6.296640721881186e-07,-2.5697003538383e-06,-6.933842358058939e-07,-2.189325179369206e-06
1306,0.000154083495085608,0.0001540834900105416,2.9802322387695312e-08,3.7573040304869463,2.285577835045704,1.6287941303832005,3.1597353261329006,1.0,-0.21347515245019422,0.8909394232055654,0.17066730821842283,0.6977615756077786,-2.5119442010152153,-2.546004326825868,2.298398245947908e-06,0.0,1.6343689137610085e-06,3.3125870324557383e-07,-6.269465920027972e-07,-2.5585875941258607e-06,-6.903771865296449e-07,-2.179858967554793e-06
1307,0.0001534180571505016,0.0001534180520968481,3.6500241499888574e-08,3.7573040305376106,2.2855785004834255,1.628794130886581,3.15973761458546,1.0,-0.21347352515432516,0.8909397530345896,0.17066668397755358,0.6977590280846696,-2.5119448883984883,-2.546006497259732,2.288452559451315e-06,0.0,1.6272958690555228e-06,3.298290242037538e-07,-6.242408692458401e-07,-2.5475231090199557e-06,-6.87383272968134e-07,-2.1704338637462683e-06
1308,0.00015275550217710364,0.00015275549714585703,4.2146848510894035e-08,3.7573040305880543,2.285579163038185,1.6287941313877807,3.1597398931355913,1.0,-0.21347190490073048,0.8909400814401207,0.17066606243070082,0.6977564915779825,-2.5119455728009257,-2.54600865830942,2.2785501312405643e-06,0.0,1.620253594680765e-06,3.284055311025824e-07,-6.215468527637213e-07,-2.5365066871341213e-06,-6.844024373897639e-07,-2.161049688087502e-06
1309,0.0001520958175969601,0.00015209581258762074,4.2146848510894035e-08,3.757304030638279,2.2855798227225526,1.6287941318868078,3.1597421618263626,1.0,-0.21347029165877507,0.890940408428318,0.1706654435662091,0.6977539660398648,-2.5119462542355473,-2.5460108100156815,2.268690771245474e-06,0.0,1.6132419554115707e-06,3.2698819729670703e-07,-6.188644917082264e-07,-2.525538117637005e-06,-6.814346216188483e-07,-2.151706261610542e-06
1310,0.00015143899089668008,0.0001514389859085896,2.9802322387695312e-08,3.7573040306882843,2.2855804795490418,1.628794132383672,3.1597444207006524,1.0,-0.2134686853979584,0.8909407340053137,0.17066482737247382,0.6977514514226737,-2.5119469327153157,-2.546012952419087,2.2588742898399516e-06,0.0,1.6062608166611536e-06,3.2557699569668586e-07,-6.16193735286652e-07,-2.5146171911405446e-06,-6.784797683678789e-07,-2.1424034053474372e-06
1311,0.00015078500961838884,0.0001507850046520578,4.2146848510894035e-08,3.7573040307380725,2.2855811335301093,1.6287941328783828,3.1597466698011516,1.0,-0.21346708608791423,0.8909410581772135,0.17066421383794064,0.6977489476789752,-2.5119476082531347,-2.546015085560029,2.2491004991742614e-06,0.0,1.5993100441757946e-06,3.241718997681886e-07,-6.135345331781394e-07,-2.503743698478722e-06,-6.755378190170802e-07,-2.1331409421065928e-06
1312,0.0001501338613572435,0.00015013385641238875,4.2146848510894035e-08,3.757304030787644,2.2855817846781608,1.6287941333709506,3.159748909170363,1.0,-0.2134654936984094,0.8909413809500965,0.17066360295110558,0.697746454761543,-2.5119482808618523,-2.5460172094787232,2.2393692113986674e-06,0.0,1.592389504839753e-06,3.22772882976885e-07,-6.108868350618302e-07,-2.4929174322618763e-06,-6.726087176112117e-07,-2.1239186942523247e-06
1313,0.0001494855337653981,0.00014948552884212378,2.9802322387695312e-08,3.7573040308369987,2.2855824330055436,1.6287941338613832,3.159751138850603,1.0,-0.21346390819934377,0.8909417023300154,0.17066299470051463,0.6977439726233577,-2.5119489505542596,-2.54601932421521,2.2296802399957016e-06,0.0,1.5854990656205548e-06,3.2137991889946704e-07,-6.082505909499325e-07,-2.482138185211369e-06,-6.696924073068544e-07,-2.1147364868134844e-06
1314,0.00014884001454891222,0.00014884000964664884,2.9802322387695312e-08,3.75730403088614,2.2855830785245526,1.6287941343496906,3.1597533588840023,1.0,-0.21346232956074956,0.8909420223229966,0.17066238907476353,0.6977415012176064,-2.51194961734309,-2.5460214298093535,2.2200333993360744e-06,0.0,1.578638594207371e-06,3.1999298122364905e-07,-6.056257511044549e-07,-2.4714057513808285e-06,-6.667888303724112e-07,-2.1055941434866554e-06
1315,0.00014819729146816498,0.00014819728658730595,4.2146848510894035e-08,3.7573040309350665,2.285583721247426,1.628794134835882,3.159755569312506,1.0,-0.21346075775279041,0.8909423409350402,0.17066178606249766,0.6977390404976804,-2.5119502812410217,-2.5460235263008437,2.210428503790496e-06,0.0,1.5718079591497958e-06,3.1861204363714535e-07,-6.030122658706727e-07,-2.4607199259341073e-06,-6.6389793174082e-07,-2.0964914901888676e-06
1316,0.00014755735233516716,0.00014755734747561898,3.6500241499888574e-08,3.7573040309837804,2.285584361186353,1.628794135319967,3.159757770177876,1.0,-0.2134591927457612,0.8909426581721204,0.1706611856524117,0.697736590417176,-2.511950942260676,-2.546025613729197,2.2008653699501224e-06,0.0,1.5650070292194673e-06,3.1723708016073715e-07,-6.004100859546835e-07,-2.4500805044791463e-06,-6.610196541245728e-07,-2.08742835328124e-06
1317,0.00014692018502147076,0.00014692018018262038,2.9802322387695312e-08,3.7573040310322816,2.2855849983534617,1.6287941358019542,3.15975996152169,1.0,-0.21345763451008712,0.8909429740401852,0.1706605878332495,0.697734150929892,-2.5119516004146183,-2.5460276921337566,2.191343813962021e-06,0.0,1.5582356740762027e-06,3.158680648152057e-07,-5.978191622013629e-07,-2.4394872839561543e-06,-6.581539424566074e-07,-2.0784045595689804e-06
1318,0.00014628577744365927,0.00014628577262597097,4.2146848510894035e-08,3.7573040310805728,2.285585632760835,1.6287941362818532,3.1597621433853433,1.0,-0.21345608301632335,0.8909432885451569,0.17065999259380385,0.69773172198983,-2.511952255715359,-2.5460297615536938,2.181863653305527e-06,0.0,1.5514937637683968e-06,3.145049717323545e-07,-5.952394456498755e-07,-2.428940061971474e-06,-6.553007407816835e-07,-2.069419937189565e-06
1319,0.00014565411758091966,0.0001456541127837287,3.6500241499888574e-08,3.757304031128653,2.2855862644204947,1.6287941367596728,3.1597643158100497,1.0,-0.21345453823515437,0.8909436016929321,0.1706593999229162,0.697729303551193,-2.511952908175353,-2.5460318220280076,2.1724247063481528e-06,0.0,1.5447811689828228e-06,3.1314777515500936e-07,-5.926708876446973e-07,-2.4184386370196265e-06,-6.524599940327391e-07,-2.06047431383638e-06
1320,0.00014502519345748475,0.00014502518868102438,3.6500241499888574e-08,3.757304031176525,2.2855868933444157,1.628794137235422,3.1597664788368425,1.0,-0.21345300013739343,0.8909439134893815,0.17065880980947648,0.6977268955683846,-2.5119535578070002,-2.546033873595528,2.1630267927896796e-06,0.0,1.53809776093361e-06,3.1179644943701845e-07,-5.901134397245933e-07,-2.4079828083722887e-06,-6.496316471427122e-07,-2.051567520311437e-06
1321,0.00014439899315389802,0.00014439898839849983,2.9802322387695312e-08,3.757304031224187,2.285587519544517,1.6287941377091106,3.1597686325065735,1.0,-0.2134514686939818,0.8909442239403506,0.17065822224242302,0.6977244979960077,-2.511954204622645,-2.546035916294913,2.1536697309976205e-06,0.0,1.531443411639799e-06,3.104509690432522e-07,-5.87567053456084e-07,-2.3975723769664725e-06,-6.468156446004514e-07,-2.0426993851963005e-06
1322,0.00014377550480574572,0.00014377550007053287,2.9802322387695312e-08,3.7573040312716426,2.285588143032665,1.6287941381807463,3.159770776859917,1.0,-0.21344994387598845,0.8909445330516593,0.17065763721074206,0.6977221107888644,-2.511954848634577,-2.5460379501646533,2.1443533433362916e-06,0.0,1.5248179933424755e-06,3.0911130877164794e-07,-5.850316809608014e-07,-2.3872071432951003e-06,-6.440119322270732e-07,-2.03386974018116e-06
1323,0.00014315471659518688,0.00014315471188079356,3.6500241499888574e-08,3.757304031318892,2.2855887638206753,1.628794138650339,3.159772911937367,1.0,-0.2134484256546093,0.8909448408291023,0.17065705470346787,0.6977197339019542,-2.511955489855033,-2.5460399752430702,2.135077450393652e-06,0.0,1.5182213791431476e-06,3.077774429760538e-07,-5.825072741938442e-07,-2.376886910182563e-06,-6.41220455843694e-07,-2.0250784169562053e-06
1324,0.00014253661676141564,0.000142536612067132,2.9802322387695312e-08,3.757304031365935,2.2855893819203104,1.6287941391178975,3.159775037779242,1.0,-0.2134469140011668,0.8909451472784491,0.17065647470968218,0.6977173672904741,-2.5119561282961937,-2.5460419915683175,2.125841874978107e-06,0.0,1.5116534425041461e-06,3.0644934678747404e-07,-5.799937856931781e-07,-2.3666114801201843e-06,-6.38441160827341e-07,-2.0163252472116255e-06
1325,0.0001419211935932622,0.00014192118891935625,3.6500241499888574e-08,3.7573040314127737,2.2855899973432803,1.6287941395834307,3.159777154425682,1.0,-0.21344540888710908,0.8909454524054441,0.17065589721851432,0.6977150109098168,-2.5119567639701876,-2.5460439991783823,2.1166464398980622e-06,0.0,1.5051140577204691e-06,3.05126995003846e-07,-5.774911678579908e-07,-2.356380657264623e-06,-6.35673993887309e-07,-2.0076100648580564e-06
1326,0.00014130843543025008,0.00014130843077656889,3.6500241499888574e-08,3.757304031459409,2.285590610101246,1.6287941400469468,3.159779261916651,1.0,-0.2134439102840098,0.8909457562158068,0.17065532221914073,0.6977126647155706,-2.511957396889089,-2.5460459981110852,2.107490968850101e-06,0.0,1.4986030992814037e-06,3.038103627561739e-07,-5.749993735870707e-07,-2.3461942462166263e-06,-6.329189012888037e-07,-1.998932702917955e-06
1327,0.00014069833066595008,0.00014069832603249468,2.9802322387695312e-08,3.757304031505841,2.2855912202058137,1.6287941405084552,3.159781360291938,1.0,-0.21344241816356724,0.8909460587152318,0.17065474970078498,0.6977103286635179,-2.511958027064918,-2.546047988404082,2.0983752868630745e-06,0.0,1.4921204425644152e-06,3.024994249534174e-07,-5.725183557514502e-07,-2.3360520526871653e-06,-6.301758292970305e-07,-1.990292996634224e-06
1328,0.00014009086774242682,0.0001400908631288205,2.9802322387695312e-08,3.7573040315520707,2.285591827668542,1.6287941409679645,3.1597834495911568,1.0,-0.2134409324976039,0.8909463599093889,0.1706541796527174,0.6977080027096347,-2.5119586545096433,-2.5460499700948627,2.0892992189658344e-06,0.0,1.4856659633355473e-06,3.011941570596477e-07,-5.700480675829844e-07,-2.3259538831643667e-06,-6.274447250653736e-07,-1.9816907808056783e-06
1329,0.00013948603515552302,0.000139486030561856,2.9802322387695312e-08,3.7573040315980997,2.285592432500934,1.6287941414254836,3.159785529853749,1.0,-0.213439453258066,0.8909466598039232,0.17065361206425492,0.6977056868100898,-2.511959279235179,-2.5460519432207547,2.080262592407678e-06,0.0,1.479239537915955e-06,2.998945343168913e-07,-5.67588462480062e-07,-2.3158995449135134e-06,-6.24725535747217e-07,-1.973125892007488e-06
1330,0.00013888382144804375,0.00013888381687409635,3.6500241499888574e-08,3.7573040316439283,2.2855930347144477,1.628794141881021,3.1597876011189823,1.0,-0.21343798041702267,0.8909469584044556,0.1706530469247609,0.6977033809212435,-2.5119599012533875,-2.546053907818921,2.0712652331056347e-06,0.0,1.4728410433206829e-06,2.9860053241126394e-07,-5.651394940076049e-07,-2.3058888463101113e-06,-6.220182084959447e-07,-1.9645981663707346e-06
1331,0.00013828421521603243,0.00013828421066221577,2.9802322387695312e-08,3.757304031689557,2.2855936343204863,1.628794142334585,3.1597896634259515,1.0,-0.2134365139466657,0.8909472557165823,0.17065248422364493,0.6977010849996473,-2.5119605205760784,-2.5460558639263624,2.0623069691971807e-06,0.0,1.4664703569533533e-06,2.9731212669581453e-07,-5.627011159803352e-07,-2.2959215961737556e-06,-6.193226909090299e-07,-1.9561074413587676e-06
1332,0.00013768720510653326,0.00013768720057218177,2.9802322387695312e-08,3.757304031734989,2.285594231330404,1.6287941427861847,3.159791716813581,1.0,-0.2134350538193089,0.8909475517458753,0.17065192395036255,0.6976987990020428,-2.511961137215009,-2.546057811579918,2.05338762970797e-06,0.0,1.4601273568004558e-06,2.960292929676811e-07,-5.602732823795087e-07,-2.2859976045452868e-06,-6.166389305839459e-07,-1.9476535557672037e-06
1333,0.0001370927798130761,0.0001370927752983683,2.9802322387695312e-08,3.757304031780221,2.285594825755506,1.6287941432358284,3.1597937613206244,1.0,-0.21343360000738743,0.8909478464978822,0.17065136609441517,0.6976965228853607,-2.5119617511818855,-2.5460597508162666,2.0445070432195678e-06,0.0,1.4538119214868583e-06,2.947520069129794e-07,-5.578559473806699e-07,-2.276116682131679e-06,-6.139668764504336e-07,-1.9392363483916597e-06
1334,0.00013650092808191537,0.0001365009235866632,2.9802322387695312e-08,3.757304031825258,2.2855954176070465,1.6287941436835245,3.159795796985665,1.0,-0.21343215248345745,0.8909481399781267,0.17065081064534973,0.6976942566067201,-2.511962362488361,-2.5460616816719255,2.035665040533985e-06,0.0,1.4475239299704956e-06,2.9348024455089217e-07,-5.554490654369193e-07,-2.2662786405280855e-06,-6.113064756618769e-07,-1.930855658915931e-06
1335,0.00013591163870644614,0.00013591163423135982,2.9802322387695312e-08,3.757304031870098,2.2855960068962315,1.6287941441292821,3.159797823847117,1.0,-0.21343071122019538,0.8909484321921086,0.17065025759275865,0.6976920001234279,-2.5119629711460387,-2.546063604183253,2.0268614520091432e-06,0.0,1.4412632620697252e-06,2.92213981900602e-07,-5.53052591084624e-07,-2.256483292217837e-06,-6.08657677592106e-07,-1.9225113274679018e-06
1336,0.00013532490053334238,0.00013532489607737832,3.6500241499888574e-08,3.7573040319147446,2.285596593634216,1.6287941445731093,3.1597998419432263,1.0,-0.2134292761903975,0.8909487231453036,0.17064970692627948,0.6976897533929775,-2.5119635771664695,-2.5460655183864476,2.0180961093352323e-06,0.0,1.4350297978804605e-06,2.909531949812916e-07,-5.506664791654625e-07,-2.2467304504614205e-06,-6.060204307267725e-07,-1.914203194619546e-06
1337,0.0001347407024542071,0.00013474069801671263,2.9802322387695312e-08,3.7573040319591944,2.285597177832108,1.628794145015014,3.159801851312071,1.0,-0.21342784736697937,0.8909490128431636,0.1706491586355948,0.6976875163730483,-2.5119641805611534,-2.5460674243175507,2.0093688446465308e-06,0.0,1.428823418136993e-06,2.896978600341882e-07,-5.482906846876467e-07,-2.2370199291854576e-06,-6.033946839956172e-07,-1.905931103163283e-06
1338,0.00013415903341168172,0.0001341590289942022,2.1073424255447017e-08,3.757304032003453,2.2855977595009622,1.628794145455005,3.1598038519915628,1.0,-0.21342642472297543,0.890949301291117,0.17064861271043197,0.6976852890215048,-2.5119647813415398,-2.5460693220124457,2.000679491853674e-06,0.0,1.4226440039344368e-06,2.884479534115414e-07,-5.459251628259221e-07,-2.227351543426792e-06,-6.007803863283812e-07,-1.8976948950033545e-06
1339,0.0001335798823966044,0.00013357987799776338,2.9802322387695312e-08,3.757304032047519,2.2855983386517913,1.6287941458930912,3.1598058440194468,1.0,-0.21342500823153815,0.8909495884945685,0.17064806914056302,0.6976830712963958,-2.5119653795190278,-2.546071211506859,1.9920278839791195e-06,0.0,1.41649143728384e-06,2.872034514656008e-07,-5.435698689493229e-07,-2.2177251089994243e-06,-5.981774879870727e-07,-1.8894944133762692e-06
1340,0.00013300323844776696,0.00013300323406816036,2.9802322387695312e-08,3.757304032091394,2.2855989152955543,1.6287941463292797,3.159807827433303,1.0,-0.21342359786593784,0.8909498744588994,0.17064752791580434,0.6976808631559536,-2.5119659751049657,-2.546073092836361,1.98341385626577e-06,0.0,1.4103656003072729e-06,2.8596433088168283e-07,-5.412247586766838e-07,-2.208140442272466e-06,-5.955859379014328e-07,-1.8813295019626253e-06
1341,0.00013242909065292667,0.0001324290862923409,2.9802322387695312e-08,3.7573040321350772,2.285599489443164,1.6287941467635798,3.1598098022705456,1.0,-0.2134221935995618,0.8909501591894674,0.1706469890260167,0.6976786645585926,-2.511966568110652,-2.5460749660363673,1.974837242624261e-06,0.0,1.4042663760427399e-06,2.847305680120371e-07,-5.388897876545951e-07,-2.1985973609472964e-06,-5.930056863334698e-07,-1.8732000062193777e-06
1342,0.000131857428148953,0.00013185742380699203,2.9802322387695312e-08,3.75730403217857,2.2856000611054843,1.6287941471959995,3.1598117685684266,1.0,-0.21342079540591424,0.8909504426916072,0.17064645246110463,0.6976764754629098,-2.511967158547335,-2.546076831142137,1.9662978809620313e-06,0.0,1.3981936475560008e-06,2.835021397640247e-07,-5.365649120570026e-07,-2.1890956828363173e-06,-5.904366831011032e-07,-1.8651057698271245e-06
1343,0.00013128824011711702,0.00013128823579409748,2.9802322387695312e-08,3.757304032221873,2.2856006302933327,1.6287941476265466,3.159813726364034,1.0,-0.21341940325861541,0.8909507249706303,0.17064591821101666,0.6976742958276828,-2.511967746426214,-2.546078688188777,1.957795607410162e-06,0.0,1.3921472988287498e-06,2.8227902315602904e-07,-5.34250087974586e-07,-2.1796352269731756e-06,-5.878788789104306e-07,-1.8570466400191776e-06
1344,0.00013072151578958719,0.00013072151148537894,3.6500241499888574e-08,3.7573040322649907,2.2856011970174777,1.6287941480552293,3.1598156756942934,1.0,-0.21341801713140113,0.8909510060318251,0.17064538626574488,0.6976721256118695,-2.511968331758438,-2.5460805372112403,1.9493302594320028e-06,0.0,1.3861272142867698e-06,2.8106119476234426e-07,-5.319452717755802e-07,-2.1702158132796967e-06,-5.853322240234604e-07,-1.8490224631406704e-06
1345,0.00013015724444449,0.00013015724015874347,2.1073424255447017e-08,3.757304032307919,2.2856017612886412,1.6287941484820558,3.159817616595968,1.0,-0.21341663699812222,0.8909512858804569,0.17064485661532497,0.6976699647746071,-2.5119689145551076,-2.5460823782443263,1.9409016744909025e-06,0.0,1.3801332789109555e-06,2.7984863182339836e-07,-5.296504199114871e-07,-2.160837262454862e-06,-5.827966695903797e-07,-1.8410330859808255e-06
1346,0.0001295954154067983,0.0001295954111396152,2.9802322387695312e-08,3.7573040323506612,2.285602323117498,1.6287941489070348,3.1598195491056607,1.0,-0.21341526283274426,0.8909515645217683,0.17064432924983575,0.6976678132752114,-2.5119694948272744,-2.5460842113226834,1.9325096927147456e-06,0.0,1.3741653779597574e-06,2.7864131135757475e-07,-5.273654892223867e-07,-2.1514993956417428e-06,-5.802721667613753e-07,-1.8330783571052223e-06
1347,0.0001290360180487043,0.00012903601380004874,2.9802322387695312e-08,3.757304032393217,2.285602882514676,1.6287941493301734,3.1598214732598136,1.0,-0.21341389460934684,0.8909518419609791,0.1706438041593991,0.6976656710731765,-2.5119700725859406,-2.546086036480808,1.924154152899149e-06,0.0,1.3682233974132707e-06,2.77439210827346e-07,-5.250904366593812e-07,-2.14220203498261e-06,-5.777586662425449e-07,-1.825158124635351e-06
1348,0.00012847904179045505,0.0001284790375600592,2.9802322387695312e-08,3.757304032435589,2.285603439490755,1.6287941497514802,3.1598233890947096,1.0,-0.21341253230212315,0.8909521182032865,0.17064328133417989,0.6976635381281727,-2.5119706478420603,-2.5460878537530465,1.9158348960601757e-06,0.0,1.3623072236956801e-06,2.7624230736211786e-07,-5.228252192013283e-07,-2.132945003729958e-06,-5.752561196281647e-07,-1.8172722384690587e-06
1349,0.0001279244760960042,0.00012792447188407133,2.9802322387695312e-08,3.757304032477775,2.2856039940562707,1.628794150170963,3.1598252966464724,1.0,-0.2134111758853793,0.8909523932538649,0.17064276076438564,0.6976614144000471,-2.511971220606539,-2.5460896631735945,1.907551762769799e-06,0.0,1.3564167438417929e-06,2.7505057842436287e-07,-5.205697942434195e-07,-2.123728125580371e-06,-5.727644789566e-07,-1.8094205480601033e-06
1350,0.00012737231048047458,0.00012737230628624777,3.6500241499888574e-08,3.757304032519779,2.285604546221709,1.6287941505886296,3.159827195951068,1.0,-0.2134098253335342,0.8909526671178665,0.17064224244026627,0.6976592998488225,-2.511971790890235,-2.5460914647764987,1.899304595820439e-06,0.0,1.3505518451084608e-06,2.7386400158757596e-07,-5.183241193751353e-07,-2.1145512246745213e-06,-5.702836958221269e-07,-1.8016029041945103e-06
1351,0.00012682253449788482,0.00012682253032205066,2.9802322387695312e-08,3.7573040325616005,2.2856050959975143,1.6287941510044888,3.159829087044305,1.0,-0.21340848062111856,0.8909529398004209,0.17064172635211422,0.6976571944346956,-2.5119723587039573,-2.5460932585956573,1.8910932366722477e-06,0.0,1.3447124156407142e-06,2.72682554425252e-07,-5.160881520471783e-07,-2.1054141268184168e-06,-5.678137222631108e-07,-1.7938191585464835e-06
1352,0.00012627513775483685,0.0001262751335971258,2.9802322387695312e-08,3.75730403260324,2.285605643394081,1.6287941514185473,3.1598309699618334,1.0,-0.21340714172277475,0.8909532113066357,0.17064121249026393,0.6976550981180377,-2.5119729240584685,-2.54609504466482,1.8829175285617339e-06,0.0,1.3388983438056279e-06,2.715062148439529e-07,-5.13861850293118e-07,-2.096316657929087e-06,-5.653545112060954e-07,-1.786069162790227e-06
1353,0.00012573010989994258,0.0001257301057601951,2.9802322387695312e-08,3.7573040326446985,2.2856061884217604,1.6287941518308127,3.1598328447391495,1.0,-0.21340580861325628,0.8909534816415963,0.1706407008450918,0.697653010859393,-2.511973486964483,-2.5460968230175895,1.8747773160576742e-06,0.0,1.3331095184698771e-06,2.703349605281957e-07,-5.116451721187687e-07,-2.087258644700718e-06,-5.62906014689446e-07,-1.778352769488123e-06
1354,0.00012518744062942985,0.00012518743650749624,2.9802322387695312e-08,3.7573040326859766,2.2856067310908563,1.6287941522412945,3.159834711411593,1.0,-0.21340448126742714,0.8909537508103657,0.17064019140701603,0.6976509326194781,-2.5119740474326684,-2.5460985936874216,1.866672443284756e-06,0.0,1.3273458291385154e-06,2.6916876938454237e-07,-5.094380757797445e-07,-2.0782399149377184e-06,-5.604681851956173e-07,-1.7706698320907321e-06
1355,0.00012464711968233593,0.00012464711557834646,2.9802322387695312e-08,3.7573040327270752,2.2856072714116293,1.628794152649999,3.159836570014349,1.0,-0.21340315966026135,0.8909540188179852,0.1706396841664964,0.6976488633591811,-2.511974605473645,-2.5461003567076257,1.8586027561440233e-06,0.0,1.321607165788441e-06,2.6800761954159924e-07,-5.072405196149266e-07,-2.0692602969996088e-06,-5.580409765393313e-07,-1.7630202040486154e-06
1356,0.0001241091368452627,0.00012410913275869053,2.9802322387695312e-08,3.757304032767996,2.2856078093942935,1.628794153056934,3.1598384205824486,1.0,-0.21340184376684265,0.8909542856694742,0.1706391791140341,0.6976468030395611,-2.5119751610979866,-2.5461021121113663,1.850568099648342e-06,0.0,1.3158934187018634e-06,2.6685148901695044e-07,-5.050524623240182e-07,-2.0603196200230656e-06,-5.556243416471318e-07,-1.7554037405886902e-06
1357,0.0001235734819473373,0.00012357347787888276,2.9802322387695312e-08,3.7573040328087384,2.2856083450490186,1.6287941534621075,3.15984026315077,1.0,-0.21340053356236371,0.8909545513698301,0.17063867624017157,0.6976447516218471,-2.5119757143162196,-2.5461038599316628,1.8425683214751132e-06,0.0,1.3102044789381484e-06,2.657003559392024e-07,-5.028738625234563e-07,-2.0514177139219214e-06,-5.532182330014734e-07,-1.747820296493785e-06
1358,0.00012304014486477538,0.0001230401408141296,2.9802322387695312e-08,3.7573040328493033,2.285608878385929,1.628794153865528,3.159842097754038,1.0,-0.21339922902212594,0.8909548159240289,0.17063817553549224,0.6976427090674379,-2.5119762651388253,-2.5461056002013907,1.8346032679694702e-06,0.0,1.3045402377787063e-06,2.645541987700284e-07,-5.00704679329278e-07,-2.0425544092761427e-06,-5.508226057493459e-07,-1.7402697278789958e-06
1359,0.00012250911551786215,0.00012250911148404764,2.9802322387695312e-08,3.7573040328896923,2.285609409415106,1.6287941542672022,3.159843924426826,1.0,-0.21339793012153882,0.8909550793370249,0.17063767699062043,0.6976406753379003,-2.5119768135762377,-2.546107332953282,1.8266727881410816e-06,0.0,1.29890058711557e-06,2.634129959711018e-07,-4.985448718020091e-07,-2.0337295375538744e-06,-5.484374123732039e-07,-1.7327518913035078e-06
1360,0.00012198038386881481,0.0001219803798531064,2.9802322387695312e-08,3.7573040329299063,2.285609938146584,1.6287941546671374,3.1598457432035563,1.0,-0.21339663683611948,0.8909553416137508,0.17063718059622116,0.6976386503949694,-2.5119773596388453,-2.5461090582199257,1.8187767301114377e-06,0.0,1.2932854193403731e-06,2.622767258930736e-07,-4.963943992797315e-07,-2.024942930889395e-06,-5.460626075759478e-07,-1.7252666437705955e-06
1361,0.00012145393992672147,0.00012145393592796286,2.9802322387695312e-08,3.757304032969946,2.285610464590357,1.628794155065342,3.1598475541184996,1.0,-0.21339534914149214,0.890955602759118,0.17063668634299992,0.6976366342005471,-2.511977903336991,-2.5461107760337685,1.8109149433342964e-06,0.0,1.287694627344349e-06,2.6114536721966175e-07,-4.942532212393047e-07,-2.016194422305162e-06,-5.436981456163892e-07,-1.7178138427276224e-06
1362,0.00012092977374238437,0.00012092976976057214,2.9802322387695312e-08,3.7573040330098104,2.285610988756373,1.628794155461823,3.1598493572057778,1.0,-0.21339406701338778,0.8909558627780165,0.17063619422170256,0.6976346267167017,-2.5119784446809716,-2.5461124864271154,1.8030872781515939e-06,0.0,1.2821281043517985e-06,2.6001889852356186e-07,-4.921212973518774e-07,-2.0074838453787436e-06,-5.413439807533393e-07,-1.7103933469542199e-06
1363,0.00012040787541174123,0.00012040787144729746,2.9802322387695312e-08,3.757304033049502,2.2856115106545354,1.6287941558565886,3.1598511524993627,1.0,-0.2133927904276437,0.8909561216753153,0.17063570422311505,0.6976326279056674,-2.5119789836810393,-2.5461141894321306,1.7952935849052665e-06,0.0,1.2765857440866224e-06,2.5889729882155876e-07,-4.899985875106427e-07,-1.9988110343538423e-06,-5.390000676896989e-07,-1.7030050152300191e-06
1364,0.00011988823507325419,0.00011988823112624736,2.9802322387695312e-08,3.7573040330890226,2.2856120302947063,1.6287941562496453,3.159852940033078,1.0,-0.21339151936020276,0.890956379455862,0.17063521633806336,0.697630637729843,-2.5119795203474005,-2.546115885080838,1.787533715269518e-06,0.0,1.2710674409388556e-06,2.577805466863481e-07,-4.878850516920608e-07,-1.990175824362339e-06,-5.366663611283684e-07,-1.69564870722283e-06
1365,0.00011937084291068674,0.00011937083898082724,2.1073424255447017e-08,3.7573040331283694,2.285612547686702,1.6287941566410007,3.159854719840599,1.0,-0.21339025378711315,0.8909566361244833,0.17063473055741332,0.6976286561517916,-2.511980054690217,-2.5461175734051213,1.7798075209185527e-06,0.0,1.2655730896038442e-06,2.5666862124573697e-07,-4.857806500391249e-07,-1.981578051424293e-06,-5.343428166604269e-07,-1.6883242834886403e-06
1366,0.00011885568914919532,0.00011885568523618577,2.1073424255447017e-08,3.7573040331675465,2.285613062840298,1.628794157030663,3.1598564919554537,1.0,-0.21338899368452796,0.8909568916859848,0.1706342468720703,0.6976266831342397,-2.5119805867196057,-2.546119254436726,1.7721148548588417e-06,0.0,1.260102585193268e-06,2.5556150151651025e-07,-4.836853430278953e-07,-1.9730175518928306e-06,-5.320293885446858e-07,-1.6810316045834384e-06
1367,0.00011834276405541841,0.00011834276015921789,2.9802322387695312e-08,3.7573040332065535,2.2856135757652267,1.6287941574186384,3.1598582564110242,1.0,-0.21338773902870445,0.8909571461451515,0.1706337652729792,0.6976247186400764,-2.511981116445639,-2.546120928207258,1.764455570540946e-06,0.0,1.2546558235126959e-06,2.5445916673749736e-07,-4.81599091106677e-07,-1.964494163342323e-06,-5.297260332604026e-07,-1.6737705319513907e-06
1368,0.000117832057942223,0.00011783205406300226,2.9802322387695312e-08,3.7573040332453904,2.2856140864711754,1.6287941578049352,3.1598600132405457,1.0,-0.21338648979600394,0.8909573995067476,0.17063328575112408,0.697622762632353,-2.511981643878345,-2.5461225947481863,1.7568295214154261e-06,0.0,1.2492327005064752e-06,2.5336159603650543e-07,-4.795218551123526e-07,-1.956007723347142e-06,-5.274327059545669e-07,-1.6665409283689314e-06
1369,0.00011732356116219625,0.00011732355729969805,2.9802322387695312e-08,3.757304033284059,2.2856145949677917,1.6287941581895604,3.159861762477109,1.0,-0.21338524596289105,0.8909576517755163,0.17063280829752822,0.697620815074282,-2.5119821690277075,-2.546124254090842,1.7492365631532891e-06,0.0,1.2438331128961089e-06,2.522687687633862e-07,-4.774535958540493e-07,-1.9475580710359708e-06,-5.251493626623471e-07,-1.6593426557243163e-06
1370,0.00011681726411147826,0.00011681726026587327,2.1073424255447017e-08,3.7573040333225602,2.2856151012646793,1.6287941585725214,3.1598635041536585,1.0,-0.2133840075059333,0.8909579029561806,0.17063233290325389,0.6976188759292363,-2.5119826919036665,-2.5461259062664197,1.7416765496491848e-06,0.0,1.238456957736167e-06,2.5118066426799146e-07,-4.7539427433518355e-07,-1.939145045648516e-06,-5.228759589748222e-07,-1.6521755776821578e-06
1371,0.00011631315722846317,0.00011631315339895261,2.9802322387695312e-08,3.757304033360893,2.2856156053714005,1.628794158953825,3.1598652383029964,1.0,-0.21338277440180084,0.890958153053443,0.170631859559402,0.6976169451607489,-2.5119832125161183,-2.5461275513059776,1.7341493379063877e-06,0.0,1.2331041324697978e-06,2.500972623442621e-07,-4.733438518922384e-07,-1.930768487423684e-06,-5.206124518153388e-07,-1.6450395579070687e-06
1372,0.00011581123099307882,0.00011581122718032476,2.1073424255447017e-08,3.7573040333990604,2.285616107297474,1.628794159333479,3.159866964957781,1.0,-0.21338154662726577,0.8909584020719852,0.1706313882571121,0.6976150227325117,-2.511983730874916,-2.5461291892404394,1.726654784484083e-06,0.0,1.2277745350675051e-06,2.490185422310276e-07,-4.7130228988945255e-07,-1.9224282371554935e-06,-5.183587976631543e-07,-1.6379344618400182e-06
1373,0.00011531147592519153,0.00011531147212912653,2.1073424255447017e-08,3.757304033437062,2.285616607052381,1.62879415971149,3.159868684150527,1.0,-0.2133803241592018,0.890958650016469,0.17063091898756222,0.6976131086083754,-2.5119842469898686,-2.5461308201005926,1.7191927459414558e-06,0.0,1.2224680639716379e-06,2.479444838332512e-07,-4.6926954988535385e-07,-1.914124136304096e-06,-5.16114952553437e-07,-1.630860153145619e-06
1374,0.00011481388259141137,0.0001148138788115684,2.9802322387695312e-08,3.757304033474898,2.2856171046455547,1.6287941600878655,3.1598703959136074,1.0,-0.21337910697458376,0.890958896891536,0.17063045174196861,0.6976112027523481,-2.511984760870742,-2.5461324439170916,1.7117630806140482e-06,0.0,1.2171846180408785e-06,2.468750669448738e-07,-4.672455936050035e-07,-1.905856027328845e-06,-5.138808734095335e-07,-1.6238164990411974e-06
1375,0.00011431844159463377,0.00011431843783116416,2.9802322387695312e-08,3.7573040335125696,2.285617600086392,1.628794160462612,3.1598721002792542,1.0,-0.2133778950504872,0.8909591427018073,0.17062998651158565,0.6976093051285949,-2.51198527252726,-2.546134060720456,1.7043656468374024e-06,0.0,1.2119240965502431e-06,2.4581027135983646e-07,-4.6523038296775177e-07,-1.8976237532442042e-06,-5.116565180429689e-07,-1.6168033645236335e-06
1376,0.00011382514358101008,0.00011382513983361501,2.9802322387695312e-08,3.757304033550079,2.285618093384247,1.6287941608357377,3.159873797279558,1.0,-0.21337668836408796,0.8909593874518842,0.17062952328770561,0.6976074157014375,-2.5119857819691025,-2.546135670541074,1.6970003038352388e-06,0.0,1.2066863992465926e-06,2.4475007687208006e-07,-4.6322388003172676e-07,-1.889427157397705e-06,-5.094418424889113e-07,-1.609820617698432e-06
1377,0.00011333397923764852,0.00011333397550681249,2.9802322387695312e-08,3.757304033587424,2.285618584548432,1.628794161207249,3.1598754869464694,1.0,-0.2133754868926615,0.890959631146348,0.1706290620616586,0.6976055344353531,-2.5119862892059075,-2.5461372734091987,1.689666911275367e-06,0.0,1.2014714264596549e-06,2.4369446383065707e-07,-4.612260470215901e-07,-1.8812660843581241e-06,-5.072368050029752e-07,-1.6028681248947407e-06
1378,0.00011284493929239256,0.00011284493557728278,2.9802322387695312e-08,3.7573040336246075,2.28561907358822,1.6287941615771528,3.159877169311799,1.0,-0.21337429061358285,0.8909598737897602,0.17062860282481218,0.6976036612949742,-2.511986794247271,-2.546138869354954,1.6823653297137753e-06,0.0,1.1962790786579358e-06,2.4264341214053076e-07,-4.592368464118035e-07,-1.8731403789162826e-06,-5.050413633966855e-07,-1.5959457551062428e-06
1379,0.00011235801451447755,0.00011235801081551699,2.9802322387695312e-08,3.7573040336616295,2.285619560512841,1.6287941619454567,3.1598788444072183,1.0,-0.21337309950432579,0.8909601153866623,0.17062814556857156,0.697601796245087,-2.5119872971027455,-2.5461404584083303,1.6750954192623624e-06,0.0,1.1911092570593418e-06,2.415969021507536e-07,-4.5725624062131764e-07,-1.8650498871952692e-06,-5.028554745933889e-07,-1.589053376438443e-06
1380,0.00011187319571237119,0.0001118731920293104,2.9802322387695312e-08,3.757304033698491,2.285620045331487,1.6287941623121667,3.159880512264261,1.0,-0.21337191354246265,0.8909603559415765,0.17062769028437902,0.6975999392506318,-2.511987797781843,-2.5461420405991886,1.6678570426975625e-06,0.0,1.1859618631315794e-06,2.40554914210378e-07,-4.552841925409279e-07,-1.8569944552071505e-06,-5.006790972927888e-07,-1.5821908583291133e-06
1381,0.00011139047373441429,0.00011139047006775744,0.0,3.7573040337351933,2.2856205280533093,1.6287941626772906,3.1598821729143225,1.0,-0.21337073270566376,0.890960595459005,0.17062723696371407,0.6975980902767016,-2.511988296294032,-2.5461436159572597,1.6606500614635422e-06,0.0,1.1808367988974666e-06,2.395174284464119e-07,-4.5332066495040735e-07,-1.8489739301852381e-06,-4.985121893064104e-07,-1.5753580711042048e-06
1382,0.0001109098394718459,0.00011090983582081029,2.9802322387695312e-08,3.7573040337717347,2.2856210086874174,1.6287941630408345,3.159883826388661,1.0,-0.21336955697169702,0.8909608339434306,0.17062678559809316,0.6975962492885417,-2.5119887926487414,-2.546145184512144,1.6534743383367356e-06,0.0,1.1757339667406441e-06,2.384844256519969e-07,-4.513656209070849e-07,-1.8409881599179556e-06,-4.963547093339571e-07,-1.5685548842014896e-06
1383,0.00011043128385307702,0.0001104312802174994,2.1073424255447017e-08,3.7573040338081185,2.2856214872428824,1.6287941634028058,3.1598854727183983,1.0,-0.2133683863184276,0.8909610713993167,0.17062633617906947,0.6975944162515488,-2.511989286855357,-2.546146746293313,1.6463297374258445e-06,0.0,1.170653269405575e-06,2.374558860651632e-07,-4.4941902369033393e-07,-1.83303699285986e-06,-4.942066156310432e-07,-1.561781169279186e-06
1384,0.00010995479784650953,0.00010995479422726834,2.9802322387695312e-08,3.7573040338443437,2.285621963728735,1.6287941637632113,3.15988711193452,1.0,-0.2133672207238173,0.8909613078311073,0.17062588869823286,0.6975925911312708,-2.5119897789232244,-2.5461483013301103,1.6392161219513923e-06,0.0,1.1655946103028558e-06,2.364317905900748e-07,-4.4748083660728355e-07,-1.82512027802062e-06,-4.920678673414614e-07,-1.5550367971073342e-06
1385,0.00010948037246351968,0.0001094803688599723,2.9802322387695312e-08,3.7573040338804113,2.285622438153965,1.628794164122058,3.159888744067877,1.0,-0.21336606016592433,0.8909615432432271,0.17062544314720962,0.6975907738934057,-2.511990268861647,-2.5461498496517514,1.6321333569102592e-06,0.0,1.1605578929818616e-06,2.3541211979782872e-07,-4.4555102324261853e-07,-1.817237865076038e-06,-4.899384227208259e-07,-1.5483216411205092e-06
1386,0.00010900799874967229,0.00010900799516143802,2.9802322387695312e-08,3.757304033916322,2.285622910527527,1.6287941644793527,3.159890369149185,1.0,-0.21336490462290267,0.8909617776400817,0.17062499951766236,0.6975889645038011,-2.5119907566798885,-2.546151391287324,1.6250813077434145e-06,0.0,1.1555430216581009e-06,2.3439685459258897e-07,-4.436295472642904e-07,-1.8093896045900948e-06,-4.878182413570187e-07,-1.5416355725328401e-06
1387,0.00010853766779335357,0.00010853766422056927,2.1073424255447017e-08,3.7573040339520785,2.285623380858332,1.6287941648351012,3.159891987209025,1.0,-0.2133637540730019,0.8909620110260577,0.1706245578012898,0.6975871629284537,-2.511991242387171,-2.546152926265789,1.618059840335917e-06,0.0,1.1505499007691267e-06,2.333859759895418e-07,-4.4171637256229523e-07,-1.8015753474598384e-06,-4.857072823938324e-07,-1.5349784652229914e-06
1388,0.00010806937072072518,0.00010806936716357221,2.1073424255447017e-08,3.7573040339876798,2.285623849155254,1.6287941651893114,3.1598935982778458,1.0,-0.21336260849456648,0.8909622434055223,0.1706241179898267,0.697585369133508,-2.5119917259926763,-2.5461544546159827,1.6110688205728252e-06,0.0,1.145578435418626e-06,2.323794646708066e-07,-4.3981146308214036e-07,-1.7937949456925395e-06,-4.83605505419149e-07,-1.5283501935137167e-06
1389,0.00010760309869732349,0.0001076030951557344,2.1073424255447017e-08,3.7573040340231243,2.285624315427127,1.628794165541989,3.1598952023859614,1.0,-0.21336146786603552,0.8909624747828242,0.1706236800750437,0.6975835830852564,-2.5119922075055463,-2.5461559763666135,1.6041081156714654e-06,0.0,1.140628530960086e-06,2.3137730187361427e-07,-4.379147830191332e-07,-1.7860482516285359e-06,-4.815128700208504e-07,-1.5217506308395912e-06
1390,0.00010713884292857121,0.00010713883940186604,2.9802322387695312e-08,3.7573040340584165,2.2856247796827467,1.628794165893141,3.159896799563555,1.0,-0.21336033216594247,0.8909627051622929,0.17062324404874696,0.6975818047501383,-2.511992686934882,-2.546157491546266,1.5971775937373422e-06,0.0,1.1357000930523053e-06,2.3037946872417336e-07,-4.3602629673511473e-07,-1.7783351180522544e-06,-4.794293357868185e-07,-1.5151796524115468e-06
1391,0.00010667659465471016,0.0001066765911431924,2.1073424255447017e-08,3.7573040340935573,2.285625241930872,1.628794166242775,3.1598983898406776,1.0,-0.2133592013729144,0.8909629345482394,0.17062280990277828,0.6975800340947393,-2.5119931642897453,-2.5461590001834,1.5902771224318712e-06,0.0,1.1307930280757272e-06,2.2938594645971477e-07,-4.341459686751925e-07,-1.7706553989693674e-06,-4.773548631931135e-07,-1.508637133884605e-06
1392,0.00010621634515864816,0.000106216341662685,2.1073424255447017e-08,3.7573040341285426,2.2856257021802193,1.6287941665908963,3.1598999732472475,1.0,-0.21335807546567157,0.8909631629449558,0.17062237762901492,0.6975782710857906,-2.5119936395791576,-2.5461605023063507,1.583406569860557e-06,0.0,1.1259072428271288e-06,2.2839671642849169e-07,-4.322737633677409e-07,-1.763008948718614e-06,-4.752894122717066e-07,-1.5021229509137868e-06
1393,0.0001057580857572895,0.00010575808227662036,2.1073424255447017e-08,3.7573040341633774,2.285626160439473,1.628794166937512,3.1599015498130543,1.0,-0.21335695442302754,0.8909633903567157,0.1706219472193691,0.6975765156901685,-2.511994112812101,-2.5461619979433308,1.5765658067934396e-06,0.0,1.1210426440200205e-06,2.2741175986773499e-07,-4.3040964581297914e-07,-1.7553956220828226e-06,-4.732329434986582e-07,-1.495636980042292e-06
1394,0.00010530180781078236,0.00010530180434479663,2.1073424255447017e-08,3.7573040341980612,2.285626616717273,1.628794167282628,3.159903119567757,1.0,-0.21335583822388832,0.8909636167877741,0.17062151866578826,0.6975747678748939,-2.511994583997518,-2.54616348712243,1.5697547026682912e-06,0.0,1.1161991392283355e-06,2.2643105845876477e-07,-4.2855358084459283e-07,-1.7478152746219777e-06,-4.711854169059393e-07,-1.4891790991455878e-06
1395,0.00010484750271215144,0.00010484749926076157,2.9802322387695312e-08,3.757304034232594,2.2856270710222257,1.6287941676262525,3.1599046825408843,1.0,-0.2133547268472519,0.8909638422423677,0.1706210919602547,0.697573027607131,-2.511995053144312,-2.5461649698716147,1.5629731273669734e-06,0.0,1.111376636414585e-06,2.2545459354983421e-07,-4.267055335460679e-07,-1.7402677628952645e-06,-4.691467938577887e-07,-1.482749184766874e-06
1396,0.00010439516189402746,0.0001043951584580329,2.1073424255447017e-08,3.757304034266978,2.2856275233628978,1.6287941679683902,3.1599062387618373,1.0,-0.21335362027220808,0.8909640667247147,0.17062066709478552,0.6975712948541875,-2.5119955202613466,-2.5461664462187303,1.5562209529917936e-06,0.0,1.106575043818836e-06,2.2448234704430803e-07,-4.248654691951792e-07,-1.7327529435728906e-06,-4.671170348302667e-07,-1.476347115669796e-06
1397,0.00010394477682868212,0.0001039447734074303,2.1073424255447017e-08,3.757304034301212,2.2856279737478182,1.6287941683090483,3.1599077882598876,1.0,-0.21335251847793787,0.8909642902390151,0.17062024406143242,0.6975695695835131,-2.511995985357448,-2.546167916191501,1.549498050312792e-06,0.0,1.1017942702085115e-06,2.235143004014617e-07,-4.2303335309745727e-07,-1.725270674324264e-06,-4.65096101187612e-07,-1.469972770618e-06
1398,0.00010349633902081491,0.00010349633561396885,2.1073424255447017e-08,3.7573040343352977,2.285628422185482,1.6287941686482332,3.1599093310641795,1.0,-0.21335142144371336,0.8909645127894507,0.17061982285228144,0.6975678517626999,-2.511996448441402,-2.5461693798175293,1.5428042918763651e-06,0.0,1.097034224517568e-06,2.2255043552465992e-07,-4.212091509747662e-07,-1.7178208132628825e-06,-4.6308395429406346e-07,-1.4636260283751312e-06
1399,0.00010304984001749554,0.00010304983662574085,2.9802322387695312e-08,3.757304034369235,2.2856288686843413,1.6287941689859506,3.15991086720373,1.0,-0.213350329148897,0.8909647343801849,0.17061940345945303,0.6975661413594809,-2.511996909521957,-2.5461708371242984,1.5361395506729991e-06,0.0,1.0922948163460955e-06,2.215907342062451e-07,-4.193928284101922e-07,-1.7104032189463325e-06,-4.610805550697705e-07,-1.4573067690371033e-06
1400,0.00010260527140023806,0.00010260526802325502,2.1073424255447017e-08,3.7573040344030253,2.2856293132528154,1.6287941693222088,3.15991239670743,1.0,-0.2133492415729415,0.8909649550153633,0.17061898587510177,0.6975644383417298,-2.5119973686078225,-2.5461722881391715,1.52950369969318e-06,0.0,1.087575955516229e-06,2.206351784606042e-07,-4.175843512643773e-07,-1.7030177511534461e-06,-4.5908586532306117e-07,-1.4510148731439187e-06
1401,0.00010216262478687052,0.00010216262142477067,2.1073424255447017e-08,3.7573040344366695,2.285629755899286,1.628794169657012,3.159913919604043,1.0,-0.21334815869538903,0.8909651746991137,0.1706185700914162,0.6975627426774601,-2.5119978257076694,-2.5461737328893923,1.522896613259661e-06,0.0,1.082877552460726e-06,2.1968375041314658e-07,-4.1578368556449696e-07,-1.6956642696630553e-06,-4.5709984686226335e-07,-1.4447502207914908e-06
1402,0.00010172189183463033,0.00010172188848673642,0.0,3.7573040344701667,2.2856301966320967,1.628794169990368,3.1599154359222084,1.0,-0.2133470804958713,0.8909653934355457,0.17061815610061878,0.697561054334825,-2.5119982808301313,-2.5461751714020866,1.516318165251107e-06,0.0,1.078199517723366e-06,2.187364319672369e-07,-4.139907974209933e-07,-1.6883426351421704e-06,-4.551224619397942e-07,-1.438512694296179e-06
1403,0.000101283064233608,0.0001012830609002417,0.0,3.75730403450352,2.2856306354595564,1.6287941703222817,3.1599169456904397,1.0,-0.2133460069541088,0.8909656112287513,0.1706177438949656,0.697559373282116,-2.5119987339838037,-2.5461766037042617,1.5097682313225391e-06,0.0,1.073541762514063e-06,2.177932055813514e-07,-4.1220565319410873e-07,-1.6810527089239358e-06,-4.5315367236398174e-07,-1.4323021750861642e-06
1404,0.000100846133712737,0.00010084613039367729,0.0,3.757304034536728,2.2856310723899367,1.6287941706527609,3.1599184489371264,1.0,-0.2133449380499106,0.8909658280828044,0.17061733346674635,0.6975576994877631,-2.5119991851772436,-2.5461780298228067,1.5032466866848893e-06,0.0,1.068904198209264e-06,2.1685405315885475e-07,-4.1042821924408557e-07,-1.673794352896607e-06,-4.5119343994315386e-07,-1.4261185450337166e-06
1405,0.00010041109203651851,0.00010041108873185152,0.0,3.757304034569792,2.285631507431473,1.6287941709818106,3.159919945690534,1.0,-0.2133438737631738,0.8909660440017618,0.17061692480828414,0.6975560329203337,-2.511999634418972,-2.5461794497844945,1.496753407437268e-06,0.0,1.0642867367960385e-06,2.1591895738026778e-07,-4.0865846220872193e-07,-1.6665674293925292e-06,-4.492417282619954e-07,-1.4199616877874632e-06
1406,9.99779310066123e-05,9.997792771598614e-05,2.9802322387695312e-08,3.7573040346027122,2.2856319405923635,1.628794171309438,3.159921435978804,1.0,-0.21334281407388334,0.8909662589896623,0.17061651791193533,0.6975543735485322,-2.512000081717471,-2.5461808636159815,1.4902882701228748e-06,0.0,1.0596892904557453e-06,2.149879004820221e-07,-4.0689634880908265e-07,-1.6593718015212033e-06,-4.4729849912883424e-07,-1.4138314869960311e-06
