iteration,err_norm,position_error,orientation_error,tcp_x,tcp_y,tcp_z,q0_dda_joint_linear_track,q1_dda_joint_carriage,q2_dda_joint_base,q3_dda_joint_shoulder,q4_dda_joint_elbow,q5_dda_joint_wrist1,q6_dda_joint_wrist2,q7_dda_joint_wrist3,dq0_dda_joint_linear_track,dq1_dda_joint_carriage,dq2_dda_joint_base,dq3_dda_joint_shoulder,dq4_dda_joint_elbow,dq5_dda_joint_wrist1,dq6_dda_joint_wrist2,dq7_dda_joint_wrist3
0,4.189898617420615,3.171269521628381,2.0943951023903686,0.47255,3.7499999999986655,2.697,0.0,0.0,0.0,0.0,0.0,0.0,0.0,0.0,0.0,0.0,0.0,0.0,0.0,0.0,0.0,0.0
1,3.563967753530233,2.74202249369579,1.8182088358076625,1.2012964904518522,3.8592255401924462,2.690870786482986,0.7162365553071619,0.01434941882976921,-0.11973708525922318,0.07155159033879631,0.06275970141964789,0.05457838027185537,-0.12197918195192262,0.05289734585553704,0.7162365553071619,0.01434941882976921,-0.11973708525922318,0.07155159033879631,0.06275970141964789,0.05457838027185537,-0.12197918195192262,0.05289734585553704
2,2.651777509440682,1.9782790850823755,1.543525418064247,2.046777662987789,3.5053603588238986,2.5399257368366746,1.1462612578367266,-0.2905933116811797,-1.1489667067527305,0.446762055681225,0.1331349029309128,-0.5321200665683795,0.7041791209419868,0.3954035667851794,0.4300247025295647,-0.3049427305109489,-1.0292296214935073,0.3752104653424287,0.0703752015112649,-0.5866984468402349,0.8261583028939093,0.34250622092964234
3,2.1255416633220157,1.6360623131582912,1.2364381425981528,2.4173324201944593,3.3344731755832306,2.3720591188547746,1.3028964845670066,-0.42032473325309544,-1.2897584017861847,0.6327381592416272,0.19933970262468398,-0.5915360202716854,0.6474763236590891,0.45156110108903275,0.15663522673027996,-0.12973142157191575,-0.14079169503345423,0.18597610356040223,0.06620479969377119,-0.05941595370330588,-0.05670279728289762,0.05615753430385334
4,1.7028570042919104,1.3372599846490625,0.990178290617762,2.649434396163178,3.1324999433034346,2.2026027320935393,1.391148422835563,-0.5458923976943026,-1.3973976830936286,0.7950576593571581,0.2427686771541525,-0.6768863535159646,0.5863956429723126,0.529325757087338,0.08825193826855648,-0.1255676644412072,-0.10763928130744382,0.16231950011553087,0.043428974529468534,-0.08535033324427921,-0.06108068068677652,0.07776465599830523
5,1.3650681346074425,1.0866500365785958,0.7924351348467368,2.78708249512679,2.935218432731345,2.060833193184591,1.4484227690404174,-0.6651006451705699,-1.4756598611280638,0.9221437442222855,0.26849450076739717,-0.7580735370015796,0.5201486444715425,0.6108214005176822,0.05727434620485439,-0.11920824747626724,-0.07826217803443525,0.1270860848651274,0.02572582361324466,-0.08118718348561504,-0.0662469985007701,0.08149564343034421
6,1.094307353713911,0.8791980665663954,0.6338954601589164,2.863811468371261,2.7569657686362548,1.9509923139311856,1.4843017039299233,-0.7787689986901478,-1.5312330761419641,1.019021869186034,0.2824586805741094,-0.8292875743853785,0.4543563462297027,0.6880407060279206,0.03587893488950589,-0.11366835351957794,-0.055573215013900334,0.09687812496374848,0.013964179806712218,-0.07121403738379883,-0.0657922982418398,0.07721930551023837
7,0.8770237306422145,0.7090440008686911,0.5069865253099559,2.902682806712218,2.603054264870145,1.8693324253208643,1.5040954803307858,-0.8853461344765448,-1.5690310086275454,1.0917889415402846,0.2890822204794673,-0.889430799875315,0.3922969125869927,0.7578576459841287,0.01979377640086244,-0.10657713578639694,-0.037797932485581276,0.07276707235425062,0.006623539905357911,-0.06014322548993656,-0.06205943364271005,0.06981693995620819
8,0.702666140593054,0.5704650782688363,0.40550316702945555,2.918925675593885,2.4739163555413115,1.810015832691082,1.5121820658187557,-0.983230833594595,-1.592932228629308,1.145895571966481,0.2914688327215279,-0.938851502896898,0.3353667537081271,0.8190040833122575,0.008086585487969922,-0.0978846991180502,-0.023901220001762535,0.054106630426196345,0.002386612242060604,-0.04942070302158297,-0.0569301588788656,0.061146437328128744
9,0.6205152148203253,0.5270353348838155,0.32438911104459134,2.922267656159619,2.4390435399368986,1.767453470890478,1.512314197729423,-1.0,-1.6062345056461915,1.1858180307486534,0.2917096855334936,-0.9784050667844669,0.2839890994808279,0.8710566671369311,0.00013213191066729912,-0.016769166405405045,-0.013302277016883579,0.03992245878217249,0.00024085281196567498,-0.03955356388756892,-0.051377654227299174,0.05205258382467359
10,0.5740733832004323,0.510895350157501,0.259552700276921,2.9201417721111533,2.428749482632705,1.7359709050451586,1.5092100945897404,-1.0,-1.6135303433520896,1.216666940488902,0.29010680326988125,-1.0124307592242272,0.2396960717863703,0.916966936768351,-0.003104103139682568,0.0,-0.007295837705898034,0.030848909740248454,-0.0016028822636123263,-0.03402569243976028,-0.04429302769445759,0.045910269631419864
11,0.5441903557010366,0.5022888020045674,0.2077227151342994,2.9153892613799264,2.423852164655284,1.712620789408226,1.504485094298549,-1.0,-1.616742002367133,1.2407584162461267,0.287284488532408,-1.0420185166309734,0.2019098105534097,0.9576419052632479,-0.0047250002911913835,0.0,-0.0032116590150435,0.02409147575722481,-0.0028223147374732416,-0.02958775740674624,-0.03778626123296061,0.040674968494896935
12,0.5262374855591023,0.49884775365261297,0.1662840868009262,2.9094115803922374,2.422801999558347,1.6954040739571992,1.498921206151785,-1.0,-1.61704964372966,1.2595536306143886,0.28382065209227525,-1.067539828134892,0.16972928884773464,0.9934207846112281,-0.005563888146764118,0.0,-0.00030764136252692253,0.018795214368261925,-0.0034638364401327615,-0.025521311503918565,-0.032180521705675064,0.035778879347980186
13,0.5165521523966903,0.4988320272054565,0.13314727924952627,2.9030453728969925,2.4243563332228795,1.6827891938829826,1.4930665709218371,-1.0,-1.615395812460975,1.2741995547460585,0.2801090820403715,-1.0893927863865078,0.14237176311413124,1.0246621456450993,-0.00585463522994778,0.0,0.0016538312686849022,0.014645924131669874,-0.0037115700519037564,-0.021852958251615817,-0.027357525733603394,0.031241361033871207
14,0.5123647499729026,0.5009772932116221,0.10664394285953703,2.8967753099057685,2.4275529063559924,1.6736139091545552,1.4872866239559286,-1.0,-1.6125131152426844,1.2855944345913635,0.2764098087581964,-1.1079774654671295,0.1191665273332391,1.0517440279610033,-0.005779946965908556,0.0,0.0028826972182907085,0.011394879845304962,-0.0036992732821751195,-0.01858467908062167,-0.023205235780892147,0.027081882315904027
15,0.5116664175804199,0.5043771053284054,0.08544244517148607,2.890868236064583,2.4316698340028307,1.6670005455469368,1.4818099583725401,-1.0,-1.6089543910031594,1.2944422944268905,0.27288611029768456,-1.1236828268395715,0.09953980575615251,1.0750581971716433,-0.00547666558338844,0.0,0.0035587242395249685,0.00884785983552705,-0.003523698460511815,-0.01570536137244205,-0.019626721577086587,0.02331416921064
16,0.5130513958749179,0.5083939576429969,0.0684798977784669,2.885457305704583,2.436183873955457,1.6622880393463884,1.4767665537067574,-1.0,-1.605122521689235,1.3012962014228084,0.26963184525346423,-1.1368791389754946,0.08299794679781847,1.0950015586293402,-0.005043404665782791,0.0,0.0038318693139243187,0.006853906995917924,-0.003254265044220328,-0.013196312135923094,-0.016541858958334044,0.01994336145769693
17,0.5155671555096955,0.5125923660988948,0.05490771314538638,2.8805946436589847,2.4407316153928758,1.658979325957439,1.4722179229590397,-1.0,-1.6012983112544803,1.3065917297339833,0.26669193386268947,-1.1479128612621419,0.06911240893795126,1.1119664414403398,-0.004548630747717608,0.0,0.0038242104347547823,0.0052955283111748574,-0.002939911390774763,-0.01103372228664723,-0.013885537859867209,0.016964882810999615
18,0.5185892266881315,0.5166877865980727,0.04404814395998101,2.8762842757808014,2.445074993821565,1.656701273702871,1.468179894125555,-1.0,-1.5976657800411183,1.3106725291394061,0.2640778876065691,-1.1571027532752614,0.05750794002311853,1.1263310145184517,-0.004038028833484697,0.0,0.0036325312133620447,0.00408079940542283,-0.0026140462561203837,-0.009189892013119483,-0.01160446891483273,0.014364573078111897
19,0.5217241586712926,0.5205068964366051,0.03535966488860931,2.8725026953493606,2.44907137467801,1.6551743779741748,1.4646392398223775,-1.0,-1.5943346070186073,1.3138098399606268,0.26177957231308235,-1.1647370030342648,0.04785408511656962,1.1384509152044298,-0.003540654303177515,0.0,0.003331173022510958,0.003137310821220707,-0.00229831529348673,-0.0076342497590033975,-0.009653854906548909,0.012119900685978013
20,0.5247374088115271,0.5239563807651646,0.02840942981349444,2.869211666974626,2.4526481740255983,1.6541898749126724,1.4615654516820369,-1.0,-1.5913595397243003,1.31621750803604,0.25977395606024367,-1.1710715681270678,0.03985943342842147,1.1486529009477275,-0.0030737881403406497,0.0,0.0029750672943069656,0.0024076680754132607,-0.0020056162528386823,-0.006334565092803057,-0.007994651688148148,0.010201985743297781
21,0.5275011044434211,0.5269984888911176,0.02285136487067677,2.866366143742487,2.4557819374532874,1.6535924416490915,1.45891883470424,-1.0,-1.5887566363244927,1.3180636965661383,0.2580313915054624,-1.176329894166606,0.03326772421025424,1.1572309178804405,-0.0026466169777967785,0.0,0.002602903399807621,0.001846188530098214,-0.0017425645547812785,-0.005258326039538241,-0.0065917092181672285,0.008578016932712984
22,0.5299569034142788,0.5296322303164219,0.01840873640616317,2.8639191001329634,2.458481705501387,1.6532670946547325,1.4566558994999959,-1.0,-1.5865163228406969,1.3194801564167407,0.2565199107126504,-1.180703960716618,0.027854967567200857,1.1644445381307764,-0.002262935204244254,0.0,0.0022403134837958305,0.0014164598506023474,-0.0015114807928119922,-0.004374066550012046,-0.005412756643053386,0.007213620250335895
23,0.5320900641164623,0.5318793226365195,0.014860265370782505,2.8618244149321796,2.4607763299937,1.6531292493840097,1.4547328237037238,-1.0,-1.5846134270287486,1.320569649509354,0.25520797871839646,-1.184356399181044,0.02342695643425557,1.170519387097301,-0.0019230757962720446,0.0,0.0019028958119482464,0.0010894930926133028,-0.0013119319942539454,-0.0036524384644258667,-0.004428011132945286,0.006074848966524549
24,0.5339117139373478,0.5337740717147741,0.012029049437351778,2.860038520497934,2.4627052406435954,1.653117169637338,1.4531075674413148,-1.0,-1.5830145214613516,1.3214119321755562,0.2540661109706065,-1.187423321743663,0.019816812874035635,1.1756490224412908,-0.0016252562624090583,0.0,0.0015989055673970576,0.000842282666202232,-0.0011418677477899597,-0.003066922562618979,-0.003610143560219936,0.005129635343989802
25,0.5354470247735278,0.5353563953012028,0.009773705914835852,2.8585212724285154,2.4643120587368395,1.6531862308397087,1.451741072572376,-1.0,-1.5816830188250284,1.322068584982486,0.2530676984325187,-1.1900174994927888,0.016882434369429253,1.179997718301496,-0.0013664948689386947,0.0,0.0013315026363232008,0.0006566528069298361,-0.0009984125380878006,-0.0025941777491258478,-0.0029343785046063824,0.004348695860205254
26,0.5367275696614463,0.5366672580000874,0.007981267871769863,2.8572363285991624,2.465640435194259,1.6533045649299334,1.4505978531371282,-1.0,-1.5805824968106414,1.322586902271703,0.25218931153498275,-1.1922315932152776,0.014503848858043109,1.1837036928499105,-0.0011432194352478664,0.0,0.0011005220143869288,0.0005183172892169186,-0.0008783868975359432,-0.002214093722488819,-0.0023785855113861443,0.0037059745484144813
27,0.5377865775651325,0.5377458783509256,0.006561459217809959,2.856151222458763,2.466731539375056,1.6534497600188205,1.449646192091298,-1.0,-1.5796787020714569,1.3230030097404284,0.25141068306763453,-1.1941412295884695,0.012580555569618065,1.1868824371261244,-0.000951661045830221,0.0,0.0009037947391845602,0.00041610746872544624,-0.0007786284673482191,-0.0019096363731918586,-0.0019232932884250438,0.003178744276213896
28,0.5386561495331611,0.5386281831251793,0.005442049565032233,2.855237249695439,2.4676227139471276,1.653606366117854,1.4488580920153176,-1.0,-1.5789406177819973,1.3233443486591578,0.25071450923694716,-1.1958077997978362,0.01102894438612508,1.1896299194996982,-0.0007881000759804024,0.0,0.0007380842894595396,0.0003413389187294502,-0.0006961738306873744,-0.00166657020936678,-0.0015516111834929843,0.0027474823735738063
29,0.5393657664547441,0.5393461008456715,0.0045650559212370954,2.8544692455602356,2.4683469131823044,1.6537640167514946,1.4482090795837563,-1.0,-1.5783409007413145,1.3236316431459534,0.25008616079632584,-1.1972809237097408,0.009779872990451762,1.1920255347694027,-0.0006490124315612356,0.0,0.0005997170406828456,0.0002872944867955418,-0.000628348440621318,-0.0014731239119045725,-0.001249071395673318,0.002395615269704443
30,0.5399416203001497,0.5399273922309507,0.0038836255859962766,2.8538253032886107,2.468932638863384,1.653916020536135,1.4476779301968314,-1.0,-1.5778559177105662,1.3238804486015174,0.24951336188297446,-1.1986005681999232,0.008776456226153114,1.1941347354946814,-0.0005311493869248896,0.0,0.0004849830307482872,0.00024880545556404954,-0.00057279891335138,-0.0013196444901824034,-0.0010034167642986487,0.0021092007252787592
31,0.5404064493108682,0.5403958029351157,0.0033595075001855404,2.8532864665801556,2.4694041702481764,1.6540583105975553,1.4472463562249822,-1.0,-1.5774655451343584,1.3241023634574045,0.24898587069279626,-1.1997988360375775,0.007972096521987966,1.19601132854853,-0.00043157397184923063,0.0,0.0003903725762077759,0.00022191485588707316,-0.0005274911901781976,-0.0011982678376543099,-0.0008043597041651473,0.0018765930538486852
32,0.540779664366594,0.54077139218299,0.002961085548548076,2.852836417531815,2.469781949364102,1.6541886656531288,1.446898686686097,-1.0,-1.57715284437636,1.3243059723312796,0.24849518070021354,-1.200901456461082,0.007328763021945102,1.1976994474298466,-0.00034766953888532015,0.0,0.00031270075799838537,0.00020360887387504967,-0.0004906899925827268,-0.0011026204235045078,-0.0006433335000428642,0.0016881188813164805
33,0.5410776286395304,0.5410709414384386,0.002661973445560773,2.8524611736454126,2.47008303123007,1.6543061366006082,1.4466215556023303,-1.0,-1.5769036856436567,1.3244975764081313,0.24803425139597834,-1.2019290145975812,0.006815511746329957,1.1992352258962695,-0.0002771310837665908,0.0,0.0002491587327033695,0.00019160407685170355,-0.0004609293042351914,-0.0010275581364991293,-0.0005132512756151454,0.0015357784664229435
34,0.5413140039740754,0.5413083831865658,0.0024401264614032124,2.8521488022376964,2.4703215430486107,1.6544106279197608,1.446403609179728,-1.0,-1.5767063659149094,1.3246817563271114,0.24759727161440173,-1.2028979575615812,0.006407229373403241,1.2006482052933638,-0.00021794642260219987,0.0,0.00019731972874725834,0.00018417991898012076,-0.000436979781576613,-0.0009689429640000746,-0.0004082823729267158,0.0014129793970942828
35,0.5415001118217466,0.5414952145762646,0.0022773310179228195,2.8518891569537477,2.470509120029906,1.6545025951434593,1.446235237221763,-1.0,-1.5765512470407492,1.324861803963227,0.2471794551141069,-1.2038214127883107,0.006083577993824781,1.2019625097119782,-0.00016837195796504112,0.0,0.00015511887416019832,0.00018004763611556562,-0.00041781650029482087,-0.0009234552267294305,-0.00032365137957846013,0.0013143044186143538
36,0.5416452790928274,0.54164087702744,0.0021588681595709485,2.851673638601203,2.4706553011134735,1.6545828288801951,1.4461083310765601,-1.0,-1.5764304275145677,1.3250400521123957,0.24677686624706763,-1.2047098504538691,0.005828116222364461,1.2031978219479906,-0.00012690614520294297,0.0,0.00012081952618148151,0.0001782481491687804,-0.000402588867039283,-0.0008884376655584614,-0.00025546177146031947,0.0012353122360124758
37,0.5417571536353682,0.5417530933694866,0.0020731747194576823,2.8514949808409984,2.4707678777616042,1.6546523029783349,1.446016068414145,-1.0,-1.576337453358242,1.3252181250438362,0.246386272692488,-1.205571617641812,0.005627572260352383,1.2043701905574848,-9.226266241513237e-05,0.0,9.297415632580908e-05,0.00017807293144045389,-0.00039059355457962686,-0.0008617671879429523,-0.00020054396201207858,0.001172368609494212
38,0.5418419829644777,0.5418381604862303,0.002011425019266764,2.851347060158067,2.470853194994858,1.6547120698860693,1.445952723883084,-1.0,-1.5762670686916995,1.3253971279892311,0.24600502195284815,-1.2064133677665272,0.005471246029534001,1.2054926949582585,-6.334453106093818e-05,0.0,7.038466654241127e-05,0.0001790029453949682,-0.000381250739639849,-0.0008417501247151016,-0.0001563262308183818,0.0011225044007736606
39,0.5419048551306356,0.5419011991436494,0.001967050528445415,2.851224728829904,2.47091640723207,1.6547631904484539,1.4459135039634756,-1.0,-1.5762150037987512,1.325577789711675,0.24563093836055203,-1.2072404049332064,0.005350519722013798,1.206575992037504,-3.921991960842419e-05,0.0,5.20648929482892e-05,0.00018066172244379786,-0.0003740835922961261,-0.0008270371666792009,-0.0001207263075202027,0.0010832970792455932
40,0.5419499035708091,0.5419463646216672,0.0019352564578011108,2.8511236691957826,2.470961693210448,1.6548066885820798,1.4458944039480104,-1.0,-1.576177797113112,1.3257605691719851,0.24526223757036777,-1.208056959522704,0.005258458610821577,1.2076287643721073,-1.910001546523432e-05,0.0,3.7206685639334935e-05,0.00018277946031020065,-0.00036870079018425095,-0.0008165545894975867,-9.206111119222128e-05,0.0010527723346032136
41,0.5419804792690704,0.5419770226140488,0.00191258794118525,2.8510402673195396,2.4709924349304604,1.654843523703648,1.4458920848284638,-1.0,-1.5761526470114293,1.325945734838313,0.24489745582089015,-1.2088664083679215,0.0051894864745566215,1.2086580870984944,-2.3191195466232273e-06,0.0,2.5150101682580583e-05,0.0001851656663278689,-0.0003647817494776273,-0.0008094488452174975,-6.897213626495553e-05,0.0010293227263871163
42,0.5419992941413964,0.5419958950393292,0.0018965729609957864,2.850971504071609,2.4710113656196415,1.6548745756363683,1.4459037678606654,-1.0,-1.5761372892685137,1.3261334232411959,0.24453539158162058,-1.2096714504187642,0.00513912235146859,1.209669727744397,1.168303220167033e-05,0.0,1.535774291561154e-05,0.00018768840288285737,-0.00036206423926957165,-0.0008050420508427525,-5.0364123088031745e-05,0.001011640645902645
43,0.5420085396228305,0.5420051802077996,0.0018854460877672187,2.850914861685176,2.4710206914154798,1.6549006381141065,1.44592714467059,-1.0,-1.5761298962783592,1.3263236818549375,0.24417505752910673,-1.210474246733623,0.005103767472652227,1.21066839096672,2.3376809924480213e-05,0.0,7.392990154508894e-06,0.0001902586137416673,-0.0003603340525138443,-0.0008027963148586892,-3.5354878816363025e-05,0.000998663222322893
44,0.5420099842105713,0.5420066513977851,0.001877943727969004,2.8508682439330646,2.4710221910049537,1.654922418053407,1.4459603009090012,-1.0,-1.5761289945301409,1.326516500200741,0.24381564109902673,-1.211276531935925,0.005080533099128798,1.211657918111865,3.3156238411269356e-05,0.0,9.017482183182324e-07,0.00019281834580353596,-0.0003594164300800007,-0.0008022852023021887,-2.3234373523428782e-05,0.0009895271451449972
45,0.542005053351084,0.5420017374219257,0.001873156648655569,2.8508299082013653,2.471017296933867,1.65494053854982,1.4460016516356076,-1.0,-1.5761333972638425,1.3267118321468443,0.24345647213337984,-1.2120797028826082,0.005067101601851115,1.2126414497975604,4.135072660638173e-05,0.0,-4.402733701613926e-06,0.00019533194610321658,-0.0003591689656468888,-0.0008031709466831405,-1.3431497277682954e-05,0.0009835316856954268
46,0.5419948946418011,0.5419915882780454,0.0018704256636936265,2.850798407885316,2.471007161775227,1.654955544140531,1.4460498867982052,-1.0,-1.5761421496645147,1.326909611669279,0.24309699638071086,-1.2128848891585513,0.005061614492547722,1.213621558273035,4.823516259766514e-05,0.0,-8.752400672218386e-06,0.00019777952243460462,-0.0003594757526689807,-0.0008051862759430595,-5.487109303392926e-06,0.0009801084754745837
47,0.5419804308997712,0.5419771285169798,0.0018692685926663293,2.850772543690029,2.470992711856356,1.654967907308794,1.4461039253561898,-1.0,-1.576154484359745,1.3271097637884328,0.24273675381328877,-1.213693009093326,0.005062582260857767,1.2146003551110096,5.403855798458146e-05,0.0,-1.2334695230320492e-05,0.00020015211915391795,-0.00036024256742209215,-0.0008081199347746981,9.677683100450807e-07,0.0009787968379746381
48,0.5419624032583783,0.5419591005402117,0.0018693293306596376,2.850751322574752,2.4709746908052344,1.6549780355242862,1.44616287677379,-1.0,-1.5761697853485948,1.3273122119753777,0.24237536090076683,-1.2145048142560615,0.005068811826677116,1.215579578785992,5.8951417600150435e-05,0.0,-1.53009888497202e-05,0.00020244818694492572,-0.00036139291252193506,-0.0008118051627354905,6.2295658193487966e-06,0.0009792236749823768
49,0.5419414061021741,0.5419380996708963,0.0018703423222454767,2.8507339232290705,2.470953694793235,1.6549862783458549,1.4462260087721661,-1.0,-1.5761875588076808,1.3275168829995185,0.24201249612820014,-1.2153209247884598,0.005079348203364603,1.2165606658673858,6.313199837615358e-05,0.0,-1.7773459086045662e-05,0.00020467102414079008,-0.0003628647725666956,-0.0008161105323982731,1.0536376687486984e-05,0.0009810870813937722
50,0.5419179153432355,0.541914602523507,0.001872107682098325,2.850719667109186,2.4709302010230383,1.6549929342808303,1.4462927203788623,-1.0,-1.5762074094919123,1.3277237099432162,0.2416478881707489,-1.2161418574579288,0.005093427613043239,1.21754480887522,6.671160669613485e-05,0.0,-1.985068423149272e-05,0.00020682694369766885,-0.0003646079574512462,-0.0008209326694690322,1.4079409678635808e-05,0.0009841430078343372
51,0.5418923112798236,0.5418889899271322,0.0018744736568069111,2.8507079941904583,2.470904590733221,1.6549982572147421,1.446362519447225,-1.0,-1.576229021676979,1.3279326339221635,0.2412813062412264,-1.216968047929998,0.005110439822680474,1.2185330032867958,6.97990683626859e-05,0.0,-2.1612185066688383e-05,0.0002089239789473396,-0.00036658192952249147,-0.0008261904720692215,1.7012209637234932e-05,0.0009881944115757157
52,0.5418648970562044,0.5418615654306286,0.0018773241526393902,2.85069844270784,2.470877167759198,1.65500246230934,1.4464350039373803,-1.0,-1.5762521437826027,1.3281436049088358,0.24091255221290034,-1.2177998684531715,0.005129897899054964,1.2195260857236536,7.248449015540004e-05,0.0,-2.3122105623718525e-05,0.00021097098667222092,-0.00036875402832606263,-0.0008318205231734321,1.945807637449004e-05,0.0009930824368578062
53,0.5418359135569615,0.5418325702291458,0.0018805697769014224,2.8506906322587633,2.4708481734979815,1.6550057313247288,1.4465098463548736,-1.0,-1.5762765759747106,1.3283565819497052,0.24054145419134984,-1.2186376419051295,0.005151413929350307,1.2205247649725655,7.484241749322607e-05,0.0,-2.4432192107903816e-05,0.00021297704086942204,-0.00037109802155049776,-0.0008377734519580127,2.151603029534356e-05,0.000998679248911838
54,0.5418055514152418,0.5418021951955487,0.0018841413327322426,2.85068424973381,2.470817798965789,1.6550082173603056,1.4465867808341515,-1.0,-1.5763021601758673,1.328571532986903,0.24016786126810738,-1.2194816529544654,0.005174679536510835,1.2215296471871133,7.693447927792363e-05,0.0,-2.5584201156725328e-05,0.00021495103719781916,-0.00037359292324246063,-0.0008440110493359576,2.3265607160527328e-05,0.0010048822145478642
55,0.5417739606874546,0.5417705905720223,0.0018879850416997773,2.8506790376199582,2.470786194507581,1.6550100490342694,1.4466655924328848,-1.0,-1.576328772020908,1.3287884344352916,0.23979163923733768,-1.220332156937072,0.005199450246822074,1.2225412563656508,7.881159873335264e-05,0.0,-2.661184504071379e-05,0.0002169014483885956,-0.00037622203076970173,-0.0008505039826065541,2.4770710311238994e-05,0.001011609178537487
56,0.5417412586428758,0.5417378737721493,0.0018920589952977733,2.850674784290188,2.470753477611426,1.6550113341367807,1.446746108270951,-1.0,-1.5763563143826447,1.3290072706215887,0.23941266709668385,-1.2211893869228971,0.005225532951507611,1.2235600509968998,8.051583806611973e-05,0.0,-2.754236173663216e-05,0.0002188361862971444,-0.0003789721406538271,-0.0008572299858251586,2.608270468553754e-05,0.001018794631248987
57,0.5417075360314723,0.5417041356580575,0.0018963304936783429,2.8506713159528343,2.4707197391940765,1.6550121628002181,1.4468281902059592,-1.0,-1.5763847121641636,1.3292280331595263,0.23903083418612955,-1.2220535593506874,0.0052527758527697145,1.2245864375977653,8.208193500824912e-05,0.0,-2.8397781518973986e-05,0.00022076253793756884,-0.00038183291055429724,-0.0008641724277902441,2.724290126210338e-05,0.0010263866008655143
58,0.5416728621239134,0.5416694455874715,0.0019007740272706344,2.850668489985289,2.470685048653823,1.6550126102336373,1.4469117287867124,-1.0,-1.5764139081124626,1.3294507203111314,0.2386460378455351,-1.222924878530381,0.005281060404433197,1.225620781732222,8.35385807531619e-05,0.0,-2.919594829897676e-05,0.00022268715160511654,-0.0003847963405944621,-0.0008713191796936304,2.8284551663482205e-05,0.0010343441344566884
59,0.5416372887613884,0.5416338554688893,0.0019053697333544007,2.8506661894204006,2.470649457929675,1.655012739068982,1.446996638268021,-1.0,-1.5764438594554109,1.329675336366918,0.23825818149344366,-1.2238035402509144,0.005310294853722014,1.2266634169896937,8.490948130868148e-05,0.0,-2.9951342948253412e-05,0.00022461605578660837,-0.0003878563520914313,-0.0008786617205334135,2.9234449288817466e-05,0.0010426352574717246
60,0.5416008536070327,0.5415974030171404,0.0019101022084186303,2.850664318391199,2.470613004759696,1.6550126013649915,1.4470828525058754,-1.0,-1.5764745352022826,1.329901891065382,0.23786717304769006,-1.2246897346820793,0.005340409068221203,1.2277146523115265,8.621423785437621e-05,0.0,-3.067574687176666e-05,0.00022655469846388776,-0.00039100844575359894,-0.0008861944311648884,3.0114214499188732e-05,0.0010512353218328219
61,0.5415635827537684,0.5415601143644201,0.0019149595852133057,2.8506627983712387,2.470575715293982,1.6550122403118859,1.4471703215819978,-1.0,-1.5765059139790638,1.3301303990634503,0.23747292362299327,-1.2255836487200904,0.005371350394395142,1.2287747779811564,8.746907612233734e-05,0.0,-3.137877678116574e-05,0.0002285079980683946,-0.0003942494246967909,-0.0008939140380110899,3.094132617393903e-05,0.0010601256696298744
62,0.5415254928133293,0.5415220061518029,0.0019199328128166918,2.8506615650745535,2.4705376061875413,1.6550116916763546,1.447259009032057,-1.0,-1.576537982294747,1.3303608794634703,0.2370753464526687,-1.226485467895629,0.005403080344117634,1.2298440705342633,8.868745005918832e-05,0.0,-3.20683156831425e-05,0.00023048040001993897,-0.00039757717032457007,-0.0009018191755385541,3.172994972249193e-05,0.0010692925531068376
63,0.5414865925870279,0.5414830872019573,0.0019250150936954424,2.8506605659018223,2.4704986862739826,1.6550109850225316,1.447348889573039,-1.0,-1.5765707331550314,1.3305933553982296,0.23667435599134448,-1.2273953779386335,0.0054355719458999705,1.2309227967970424,8.98805409821346e-05,0.0,-3.275086028442509e-05,0.00023247593475939077,-0.0004009904613242188,-0.0009099100430045581,3.249160178233658e-05,0.0010787262627791616
64,0.5414468843992101,0.5414433598541378,0.0019302014385594744,2.850659757838283,2.470458957901209,1.655010144740736,1.4474399472430286,-1.0,-1.576604164956145,1.3308278536728282,0.23626986716350867,-1.2283135660747135,0.005468807629815926,1.232011217221635,9.105766998951381e-05,0.0,-3.3431801113703585e-05,0.000234498274598538,-0.0004044888278358083,-0.0009181881360800226,3.32356839159555e-05,0.0010884204245926732
65,0.5414063651585896,0.5414028210267232,0.001935488318546004,2.8506591057249007,2.4704184179944653,1.6550091909120084,1.4475321738815088,-1.0,-1.5766382806046562,1.3310644044605655,0.23586179472918156,-1.229240222112704,0.005502777541064125,1.2331095886560475,9.22266384801862e-05,0.0,-3.41156485110794e-05,0.00023655078773732185,-0.0004080724343271114,-0.0009266560379903588,3.396991124819931e-05,0.0010983714344123818
66,0.5413650271998561,0.5413614630597765,0.0019408733867379313,2.8506585808375795,2.4703770588992775,1.6550081400329417,1.4476255678906729,-1.0,-1.5766730868197416,1.3313030410490807,0.2354500527432675,-1.2301755393707317,0.005537478197938757,1.2342181666601708,9.33940091640828e-05,0.0,-3.480621508544779e-05,0.00023863658851519531,-0.00041174198591406586,-0.0009353172580277569,3.470065687463143e-05,0.0011085780041233395
67,0.5413228589476942,0.5413192743798201,0.001946355260364053,2.8506581597203784,2.4703348690465123,1.6550070056220645,1.4477201332285687,-1.0,-1.5767085935829341,1.3315437996325472,0.23503455408941692,-1.231119715478561,0.0055729114266972754,1.2353372074586764,9.456533789586885e-05,0.0,-3.550676319252766e-05,0.00024075858346650492,-0.00041549865385057116,-0.0009441761078292643,3.543322875851872e-05,0.001119040798505555
68,0.5412798454370599,0.5412762400207054,0.0019519333471146253,2.850657823227992,2.470291833473463,1.6550057987261264,1.4478158785934834,-1.0,-1.5767448137072486,1.331786719145631,0.2346152100726999,-1.232072953086402,0.005609083519236442,1.2364669696046795,9.574536491463448e-05,0.0,-3.622012431447885e-05,0.00024291951308375026,-0.0004193440167170326,-0.000953237607841162,3.617209253916655e-05,0.0011297621460031326
69,0.5412359687168692,0.5412323420277687,0.001957607708123185,2.850657555740454,2.470247934228171,1.6550045283420185,1.447912816766101,-1.0,-1.576781762503153,1.3320318411350551,0.2341919300582084,-1.2330354605043912,0.005646004570260372,1.2376077154144085,9.693817261768878e-05,0.0,-3.694879590443456e-05,0.0002451219894241685,-0.00042328001449148944,-0.0009625074179890891,3.6921051023930396e-05,0.0011407458097290046
70,0.5411912081588589,0.541187559767063,0.0019633789500368803,2.850657344519511,2.470203150678789,1.6550032017677712,1.4480109640818968,-1.0,-1.5768194575233185,1.332279209664881,0.23376462114498217,-1.2340074522922386,0.005683687959274482,1.2387597122220702,9.814731579571578e-05,0.0,-3.769502016548465e-05,0.00024736852982587543,-0.000427308913226232,-0.0009719917878474593,3.768338901410928e-05,0.0011519968076616482
71,0.5411455406890548,0.5411418701571088,0.0019692481389442084,2.8506571791813946,2.470157459745439,1.655001824894072,1.4481103400111233,-1.0,-1.5768579183716973,1.3325288712519607,0.23333318786649407,-1.2349891498148566,0.005722149949683259,1.2399232334951864,9.937592922648619e-05,0.0,-3.846084837877406e-05,0.0002496615870797303,-0.00043143327848810253,-0.000981697522618008,3.846199040877761e-05,0.0011635212731162525
72,0.5410989409557384,0.541095247837088,0.001975216734679973,2.850657051265214,2.470110836068482,1.655000402445996,1.4482109668278198,-1.0,-1.5768971665653897,1.3327808748284142,0.2328975319104148,-1.2359807817768824,0.00576140938284962,1.241098559843487,0.00010062681669653628,0.0,-3.924819369238719e-05,0.0002520035764534967,-0.0004356559560792783,-0.0009916319620257852,3.925943316636111e-05,0.0011753263483005316
73,0.5410513814449984,0.541047665282565,0.0019812865373070353,2.8506569538797883,2.470063252124312,1.6549989381831316,1.4483128693526255,-1.0,-1.5769372254401175,1.333035271728376,0.23245755185156597,-1.2369825847467668,0.005801487449455262,1.2422859799486634,0.00010190252480568596,0.0,-4.0058874727799676e-05,0.00025439689996176185,-0.0004399800588488212,-0.001001802969884391,4.0078066605641824e-05,0.0011874201051764732
74,0.5410028325526557,0.5409990928775354,0.0019874596479158542,2.8506568814148396,2.4700146782974564,1.6549974350650238,1.4484160747569674,-1.0,-1.57697812009202,1.3332921156966562,0.23201314289292216,-1.2379948036793638,0.005842407524108701,1.2434857914376505,0.00010320540434194392,0.0,-4.0894651902601e-05,0.00025684396828018485,-0.00044440895864381047,-0.0010122189325969533,4.092007465343866e-05,0.0011998114889870681
75,0.5409532626194764,0.5409494989497383,0.0019937384373476387,2.8506568293049104,2.469965082915931,1.6549958953877162,1.4485206124184888,-1.0,-1.577019877350034,1.333551462917338,0.23156419661027616,-1.239017692444626,0.005884195052047032,1.244698301718395,0.00010453766152140886,0.0,-4.175725801380814e-05,0.0002593472206817715,-0.00044894628264599556,-0.001022888765262131,4.17875279383308e-05,0.0012125102807445387
76,0.540902637935103,0.5408988497746482,0.0020001255238060504,2.850656793836491,2.46991443225527,1.654994320896268,1.4486265138194876,-1.0,-1.57706252577437,1.3338133720606895,0.23111060069677336,-1.240051514369017,0.00592687747912149,1.2459238287941359,0.00010590140099875356,0.0,-4.264842433610028e-05,0.00026190914335155746,-0.00045359591350280226,-0.001033821924391054,4.268242707445875e-05,0.001225527075740862
77,0.5408509227148873,0.5408471095523486,0.002006623756302716,2.850656771990504,2.4698626905154275,1.6549927128773074,1.4487338124817077,-1.0,-1.5771060956776246,1.3340779043470983,0.23065223870397908,-1.241096542795519,0.005970484218142908,1.2471627020698977,0.0001072986622201455,0.0,-4.3569903254603304e-05,0.0002645322864087696,-0.0004583619927942817,-0.0010450284265020038,4.36067390214177e-05,0.001238873275761776
78,0.5407980790528082,0.5407942403604731,0.0020132362027138052,2.8506567613137315,2.4698098197737424,1.6549910722350234,1.448842543932133,-1.0,-1.5771506191658942,1.3343451236270403,0.23018898977648897,-1.2421530616675973,0.00601504664619837,1.2484152631631007,0.00010873145042533672,0.0,-4.4523488269554434e-05,0.00026721927994199923,-0.00046324892749011193,-0.0010565188720783603,4.456242805546146e-05,0.0012525610932030418
79,0.5407440668528278,0.540740202085565,0.0020199661439969582,2.850656759813913,2.469755779916317,1.654989399553422,1.4489527456955111,-1.0,-1.5771961301979593,1.3346150964763792,0.2297207283773448,-1.243221366142157,0.0060605981287931215,1.2496818667288092,0.00011020176337805943,0.0,-4.551103206518192e-05,0.0002699728493389397,-0.00046826139914415976,-0.0010683044745596337,4.555148259475193e-05,0.0012666035657085128
80,0.5406888437403411,0.5406849523345157,0.0020268170701529245,2.850656765874171,2.469700528549472,1.6549876951472025,1.4490644573102396,-1.0,-1.5772426646611757,1.3348878923065477,0.229247324001692,-1.2443017632363325,0.00610717406769255,1.2509628813091143,0.00011171161472844915,0.0,-4.653446321634114e-05,0.00027279583016848186,-0.00047340437565279725,-0.0010803970941755114,4.657593889942878e-05,0.001281014580305051
81,0.5406323649548033,0.5406284463271707,0.0020337926798502876,2.8506567781832612,2.4696440208923622,1.6549859591032123,1.449177720364998,-1.0,-1.5772902604631964,1.3351635834894031,0.22876864087621968,-1.2453945725129032,0.006154811970177271,1.2522586902154214,0.00011326305475845011,0.0,-4.7595802020738986e-05,0.0002756911828554198,-0.0004786831254723345,-0.0010928092765707387,4.7637902484720315e-05,0.0012958089063070943
82,0.5405745832241066,0.5405706367706705,0.0020408968838341876,2.850656795678714,2.4695862096513306,1.6549841913140908,1.4492925785541415,-1.0,-1.5773389576390648,1.335442245496775,0.22828453764197057,-1.2465001268091775,0.006203551538123069,1.2535696924519357,0.00011485818914347412,0.0,-4.8697175868417375e-05,0.00027866200737181046,-0.00048410323424910584,-0.001105554296274347,4.87395679457988e-05,0.0013110022365143692
83,0.5405154486208618,0.5405114737156878,0.0020481338085435266,2.8506568175005227,2.4695270448761493,1.6549823915054551,1.4494090777504067,-1.0,-1.5773887984735802,1.3357239570549329,0.22779486701809967,-1.2476187730143502,0.006253434775906613,1.2548963036883782,0.00011649919626521843,0.0,-4.9840834515313404e-05,0.0002817115581579266,-0.000489670623870897,-0.0011186462051726576,4.988323778354342e-05,0.0013266112364425098
84,0.5404549084003285,0.5404509043943029,0.0020555078038016384,2.850656842953424,2.469466473797902,1.6549805592577247,1.44952726609394,-1.0,-1.577439827639164,1.3360088003144088,0.227299475444105,-1.2487508729005823,0.006304506116642377,1.2562389572899033,0.00011818834353327645,0.0,-5.102916558374915e-05,0.00028484325947597533,-0.000495391573994669,-0.0011320998862320852,5.107134073576401e-05,0.001342653601525079
85,0.5403929068194111,0.5403888730389339,0.0020630234510123106,2.8506568714761844,2.469404440647918,1.6549786940235034,1.4496471940970515,-1.0,-1.57749209234975,1.336296861035803,0.2267982026979515,-1.2498968040133973,0.006356812566698982,1.2575981054122969,0.00011992800311144691,0.0,-5.226471058605853e-05,0.000288060721394201,-0.0005012727461534972,-0.001145931112815024,5.230645005660506e-05,0.001359148122393572
86,0.5403293849357771,0.5403253206813822,0.002070685575037797,2.8506569026166173,2.46934088645682,1.6549767951412662,1.449768914764453,-1.0,-1.5775456425315058,1.3365882287924051,0.2262908814873632,-1.2510569606274113,0.006410403868839181,1.2589742201708018,0.00012172066740157028,0.0,-5.3550181755790405e-05,0.0002913677566021011,-0.0005073212105883018,-0.0011601566140140296,5.359130214019868e-05,0.001376114758504965
87,0.5402642803858404,0.5402601849307305,0.002078499254504368,2.8506569360112493,2.4692757488324197,1.6549748618459694,1.4498924837290452,-1.0,-1.5776005310114671,1.3368829971906577,0.22577733701136793,-1.2522317547739372,0.006465332684696494,1.2603677948913419,0.00012356896459220224,0.0,-5.488847996137913e-05,0.0002947683982525984,-0.0005135444759952756,-0.0011747941465258815,5.4928815857313226e-05,0.001393574720540025
88,0.5401975271400256,0.5401933997285157,0.0020864698377766437,2.8506569713687804,2.4692089617148967,1.6549728932770873,1.4500179594036098,-1.0,-1.577656813725444,1.3371812641096992,0.22525738648894375,-1.2534216173476158,0.006521654797649261,1.2617793454534896,0.00012547567456455688,0.0,-5.6282713976951726e-05,0.00029826691904144553,-0.0005199505224241785,-0.0011898625736785906,5.6322112952767074e-05,0.001411550562147701
89,0.5401290552333851,0.5401248950792384,0.0020946029577307316,2.8506570084566394,2.469140455107301,1.6549708884844845,1.4501454031490388,-1.0,-1.5777145499468432,1.3374831319614369,0.22473083865133284,-1.2546269992999446,0.006579429337498914,1.2632094117352552,0.00012744374542905668,0.0,-5.773622139915169e-05,0.0003018678517376916,-0.0005265478376109134,-0.0012053819523287768,5.777453984965285e-05,0.001430066281765674
90,0.5400587904692818,0.5400545967539344,0.0021029045498503107,2.8506570470900585,2.469070154779125,1.6549688464324595,1.450274879459991,-1.0,-1.5777738025383519,1.3377887079728348,0.22419749319425444,-1.2558483729284033,0.006638719028707744,1.2646585591706567,0.00012947631095205914,0.0,-5.925259150862949e-05,0.00030557601139791224,-0.0005333454570783935,-0.001221373628458755,5.928969120883032e-05,0.0014491474354014766
91,0.5399866540934791,0.5399824259641337,0.0021113808717137025,2.8506570871231873,2.468997981940258,1.654966766002225,1.4504064561691268,-1.0,-1.5778346382287616,1.3380981044923477,0.22365714018585864,-1.257086233270831,0.006699590464317166,1.2661273804320945,0.00013157670913588326,0.0,-6.083569040971071e-05,0.0003093965195128945,-0.0005403530083958052,-0.0012378603424276768,6.0871435609422334e-05,0.0014688212614377694
92,0.539912562435527,0.5399082990031114,0.002120038524400287,2.8506571284418762,2.4689238528822335,1.6549646459930452,1.4505402046713523,-1.0,-1.5778971279175653,1.3384114393227073,0.22310955942581048,-1.2583410996158022,0.006762114408055702,1.2676164972508013,0.00013374850222547252,0.0,-6.248968880373518e-05,0.00031333483035966836,-0.0005475807600481553,-0.0012548663449711839,6.252394373853533e-05,0.0014891168187067816
93,0.5398364265138924,0.5398321268508594,0.0021288844765276482,2.8506571709578137,2.468847678583198,1.654962485122195,1.4506762001697708,-1.0,-1.5779613470103673,1.3387288360825704,0.22255451975037283,-1.2596135171410066,0.0068263661275737506,1.269126562390082,0.00013599549841858405,0.0,-6.42190928019648e-05,0.0003173967598630867,-0.0005550396754376574,-0.0012724175252043501,6.425171951804885e-05,0.0015100651392807585
94,0.5397581516007204,0.5397538147386819,0.002137926088792407,2.8506572146037605,2.4687693642724966,1.6549602820238691,1.4508145219453554,-1.0,-1.5780273757885959,1.339050424599873,0.22199177827775476,-1.2609040586930707,0.006892425762212677,1.2706582617877493,0.00013832177558459335,0.0,-6.602877822858844e-05,0.0003215885173024624,-0.0005627414726180613,-0.001290541552064095,6.605963463892674e-05,0.0015316993976672855
95,0.5396776367415187,0.5396732616686927,0.0021471711447040055,2.8506572593296786,2.468688808950167,1.6549580352471573,1.450955253652676,-1.0,-1.5780952998175324,1.339376341340113,0.22142107958730206,-1.262213326723911,0.0069603787292482665,1.2722123168861004,0.00014073170732054052,0.0,-6.792402893651683e-05,0.0003259167402400731,-0.0005706986904527034,-0.0013092680308404159,6.795296703558922e-05,0.0015540550983510482
96,0.5395947742243613,0.5395903598828128,0.0021566278802258,2.8506573050995807,2.4686059048559286,1.654955743253133,1.4510984836443874,-1.0,-1.5781652103972545,1.339706729873219,0.2208421548253106,-1.2635419554005927,0.007030316173151379,1.2737894871700275,0.00014322999171145767,0.0,-6.991057972216552e-05,0.0003303885331060741,-0.0005789247619914506,-0.001328628676681598,6.993744390311214e-05,0.0015771702839271207
97,0.5395094489923935,0.5395049942750515,0.002166305018392878,2.8506573518889664,2.4685205368814547,1.6549534044111271,1.4512443053275896,-1.0,-1.5782372050617817,1.3400417413831378,0.22025472072932714,-1.2648906129078434,0.007102335463100667,1.2753905729364499,0.00014582168320220745,0.0,-7.199466452711967e-05,0.00033501150991877005,-0.000587434095983469,-0.0013486575072507723,7.201928994928809e-05,0.001601085766422372
98,0.5394215379925089,0.5394170417399319,0.00217621180678996,2.8506573996827322,2.468432581918789,1.6549510169942034,1.451392817555638,-1.0,-1.5783113881325006,1.3403815352248385,0.2196584785617465,-1.2662600039648737,0.007176540744781473,1.2770164183212418,0.00014851222804845854,0.0,-7.418307071893615e-05,0.00033979384170068627,-0.0005962421675806406,-0.001369391057030267,7.420528168080621e-05,0.0016258453847919352
99,0.5393309094519566,0.5393263704488248,0.0021863580597867526,2.8506574484734597,2.4683419081366695,1.6549485791738412,1.451544125059512,-1.0,-1.578387871332873,1.3407262795340689,0.21905311294229393,-1.2676508725810365,0.007253043553431443,1.278667914613303,0.000151307503873932,0.0,-7.64832003723459e-05,0.00034474430923037147,-0.0006053656194525692,-0.001390868616162777,7.65028086499699e-05,0.0016514962920612941
100,0.5392374220734021,0.5392328390447034,0.0021967542029884745,2.85065749826001,2.4682483741752703,1.6549460890138317,1.4516983389234581,-1.0,-1.578466774472503,1.3410761518959244,0.2184382905675685,-1.2690640050781996,0.00733196349617547,1.2803460038894232,0.00015421386394609549,0.0,-7.890313962999329e-05,0.00034987236185557435,-0.0006148223747254322,-0.0014131324971631276,7.891994274402715e-05,0.0016780892761201205
101,0.5391409241374495,0.5391362957443284,0.002207411323664283,2.8506575490463573,2.4681518282483754,1.6549435444633493,1.451855577110333,-1.0,-1.5785482262099162,1.3414313400791509,0.21781365880418607,-1.270500233411575,0.007413429012960765,1.2820516830082491,0.00015723818687485291,0.0,-8.145173741325173e-05,0.0003551881832264403,-0.0006246317633824272,-0.0014362283333753112,8.14655167852953e-05,0.001705679118825909
102,0.5390412524999015,0.5390365773351321,0.0022183412265397253,2.8506576008406177,2.4680521071402466,1.654940943349172,1.4520159650428917,-1.0,-1.5786323649048852,1.341792042844075,0.21717884414015382,-1.2719604388252435,0.007497578226893326,1.2837860080070873,0.000160387932558681,0.0,-8.413869496903814e-05,0.0003607027649241701,-0.0006348146640322572,-0.001460205413668536,8.414921393256041e-05,0.0017343249988381881
103,0.5389382314689493,0.538933508051991,0.002229556494224245,2.8506576536542165,2.4679490350823823,1.65493828336699,1.452179636248221,-1.0,-1.5787193395729089,1.3421584708332082,0.21653345047688638,-1.2734455558838629,0.007584559896542393,1.2855500989515907,0.000163671205329452,0.0,-8.697466802365383e-05,0.00036642798913311125,-0.0006453936632674351,-0.001485117058619423,8.698166964906696e-05,0.0017640909445033603
104,0.5388316715450311,0.538826898316622,0.002241070555792792,2.850657707501173,2.467842422492893,1.6549355620717334,1.4523467330736526,-1.0,-1.5788093109565386,1.3425308475549005,0.21587705724167447,-1.2749565769281765,0.007674534484867285,1.2873451452957758,0.00016709682543147863,0.0,-8.997138362976109e-05,0.0003723767216923246,-0.0006563932352119106,-0.0015110210443136651,8.997458832489275e-05,0.0017950463441851472
105,0.5387213680031859,0.5387165433194117,0.0022528977611320396,2.8506577623974554,2.467732064558317,1.6549327768668438,1.4525174074838032,-1.0,-1.5789024527307463,1.3429094104719863,0.21520921729736683,-1.2764945570091348,0.00776767536191288,1.2891724118184964,0.00017067441015061746,0.0,-9.314177420760572e-05,0.0003785629170858229,-0.0006678399443076355,-0.00153798008095829,9.314087704559437e-05,0.001827266522720583
106,0.5386070992942008,0.5386022214199871,0.002265053464582722,2.8506578183603835,2.467617739634162,1.654929924992376,1.452691821949973,-1.0,-1.578998952862501,1.3432944122092048,0.21452945462243914,-1.2780606193639021,0.007864170161392387,1.2910332452127113,0.00017441446616972556,0.0,-9.650013175477312e-05,0.0003850017372184489,-0.0006797626749276975,-0.0015660623547673058,9.649479947950769e-05,0.0018608333942149446
107,0.5384886252366919,0.5384836923386421,0.0022775541178790067,2.8506578754080514,2.4674992074363127,1.6549270035118164,1.45287015044498,-1.0,-1.5790990151483029,1.3436861218953415,0.21383726173038484,-1.2796559615070158,0.007964222314847709,1.2929290814159475,0.00017832849500698522,0.0,-0.00010006228580183851,0.00039170968613677637,-0.0006921928920542997,-0.0015953421431136316,0.00010005215345532115,0.0018958362032361897
108,0.5383656849671726,0.538360695105674,0.0022904173741443326,2.8506579335587454,2.4673762069903384,1.6549240092974793,1.453052579558741,-1.0,-1.57920286095773,1.344084826658607,0.21313209679234288,-1.2812818620217992,0.008068052791375265,1.2948614537846541,0.0001824291137610956,0.0,-0.00010384580942712773,0.0003987047632654228,-0.0007051649380419578,-0.001625900514783396,0.0001038304765275562,0.0019323723687065808
109,0.5382379946090717,0.5382329457295743,0.002303662203275683,2.8506579928303273,2.467248454299655,1.6549209390143114,1.4532393097525615,-1.0,-1.579310731216267,1.3444908332968146,0.21241338042090627,-1.2829396881512076,0.008175902076109928,1.2968320022321438,0.00018673019382053901,0.0,-0.00010787025853709054,0.0004060066382076677,-0.0007187163714366118,-0.0016578261294084573,0.00010784928473466307,0.001970548447489673
110,0.5381052446142175,0.5381001345375793,0.0023173090219853728,2.8506580532395507,2.4671156396860403,1.6549177891019184,1.453430556773298,-1.0,-1.5794228886670207,1.3449044701475579,0.2116804920659273,-1.2846309043040847,0.008288032426976696,1.298842483470116,0.00019124702073636257,0.0,-0.00011215745075365824,0.00041363685074324863,-0.0007328883549789778,-0.0016912161528770397,0.00011213035086676815,0.002010481237972206
111,0.5379670967212519,0.5379619231330286,0.002331379840053551,2.8506581148012864,2.4669774247469567,1.6549145557545946,1.453626553252412,-1.0,-1.5795396204586498,1.3453260891879348,0.21093276596459187,-1.2863570816129426,0.008404730456935336,1.3008947825180857,0.00019599647911405782,0.0,-0.00011673179162907665,0.00042161904037696374,-0.0007477261013354164,-0.0017261773088579346,0.00011669802995863988,0.0020522990479696634
112,0.5378231804643209,0.5378179409028522,0.0023458984241044195,2.8506581775276163,2.4668334388629956,1.654911234899098,1.4538275505196299,-1.0,-1.57966124111633,1.3457560683986083,0.21016948657775406,-1.288119908703606,0.008526310098400644,1.3029909256743264,0.00020099726721789501,0.0,-0.00012162065768017705,0.0004299792106734479,-0.0007632793868378174,-0.0017628270906633325,0.00012157964146530809,0.0020961431562407373
113,0.5376730891516954,0.5376677809948243,0.002360890483721033,2.8506582414267463,2.4666832751750825,1.654907822169881,1.454033820666613,-1.0,-1.579788095964239,1.3461948144333042,0.2093898834320915,-1.2899212038663443,0.008653116018174542,1.305133095177338,0.00020627014698315627,0.0,-0.00012685484790897483,0.0004387460346959582,-0.0007796031456625552,-0.0018012951627384144,0.00012680591977389834,0.002142169503011715
114,0.5375163752170148,0.5375109956672434,0.0023763838806846486,2.8506583065016873,2.4665264859341045,1.654904312881431,1.4542456589030588,-1.0,-1.5799205650825279,1.3466427656425226,0.2085931252725498,-1.2917629288536765,0.008785527565663606,1.3073236458298432,0.0002118382364457716,0.0,-0.00013246911828890262,0.00044795120921836684,-0.0007967581595416939,-0.0018417249873321495,0.00013241154748906345,0.0021905506525050633
115,0.5373525448247437,0.5373470908925964,0.002392408867920048,2.8506583727486365,2.4663625771045137,1.6549007019973296,1.4544633862562444,-1.0,-1.5800590678997513,1.347100395509579,0.20777831341112662,-1.293647204573402,0.008923963355129601,1.3095651239097823,0.00021772735318559278,0.0,-0.00013850281722338487,0.0004576298670564416,-0.0008148118614231814,-0.0018842757197254922,0.0001384357894659953,0.00224147807993913
116,0.5371810515849811,0.5371755200703074,0.002408998360252832,2.850658440154972,2.4661910020770064,1.6548969840955736,1.4546873526757027,-1.0,-1.5802040685443,1.3475682165685448,0.2069444741354605,-1.295576328998613,0.009068886605235823,1.3118602887571216,0.0002239664194583213,0.0,-0.00014500064454869843,0.0004678210589657006,-0.0008338392756661317,-0.0019291244252110928,0.00014492325010622212,0.0022951648473392705
117,0.5370012891994664,0.5369956766703665,0.002426188244578675,2.850658508696743,2.466011154312074,1.6548931533296165,1.454917940617984,-1.0,-1.5803560821068,1.3480467848877549,0.20609055001284537,-1.297552797681994,0.009220811387515234,1.314212137504617,0.00023058794228125734,0.0,-0.0001520135624999419,0.00047856831921011533,-0.0008539241226151184,-0.001976468683380972,0.00015192478227941085,0.0023518487474953886
118,0.5368125828184116,0.5368068855874096,0.0024440177336424052,2.850658578335522,2.4658223586939925,1.6548892033845257,1.4551555692030933,-1.0,-1.5805156820014865,1.348536705220012,0.20521538989077326,-1.2995793273429819,0.009380309971347141,1.3166239335190353,0.0002376285851093396,0.0,-0.00015959989468661284,0.0004899203322570322,-0.0008751601220721161,-0.002026529660987819,0.0001594985838319074,0.0024117960144183215
119,0.5366141788333763,0.5366083929309411,0.002462529773765065,2.8506586490144166,2.4656238613209416,1.6548851274275163,1.4554006990551622,-1.0,-1.580683508660554,1.349038636942365,0.20431773735206266,-1.301658883097678,0.00954802149892485,1.31909923924198,0.000245129852068926,0.0,-0.0001678266590674493,0.0005019317223531328,-0.0008976525387106027,-0.002079555754696205,0.00016771152757770816,0.002475305722944743
120,0.5364052327660038,0.5363993539081635,0.00248177151418877,2.8506587206530067,2.465414817387719,1.6548809180520312,1.4556538379665183,-1.0,-1.5808602798545963,1.3495533009355931,0.20339621732862556,-1.3037947100284857,0.009724662282680948,1.3216419542733726,0.0002531389113560323,0.0,-0.00017677119404235775,0.0005146639932280817,-0.0009215200234370946,-0.002135826930807605,0.0001766407837560987,0.002542715031392584
121,0.5361847948114056,0.5361788183662266,0.0025017948493783098,2.850658793140858,2.465194276727849,1.654876567214379,1.4559155475583452,-1.0,-1.5810468030088116,1.350081487587903,0.20244932050971617,-1.3059903699509248,0.009911038094030785,1.324256359735015,0.00026170959182691966,0.0,-0.0001865231542153012,0.0005281866523099144,-0.0009468968189093874,-0.002195659922439086,0.00018637581134983705,0.0026144054616423773
122,0.5359517924970629,0.5359457134438438,0.0025226570493689674,2.850658866329175,2.4649611664650446,1.654872066161781,1.4561864511549234,-1.0,-1.581243989984481,1.3506240661510056,0.20147538509379032,-1.308249784439051,0.010108058911923243,1.3269471701987936,0.0002709035965782203,0.0,-0.00019718697566939447,0.0005425785631025803,-0.0009739354159258584,-0.0022594144881262768,0.00019702081789245776,0.0026908104637786145
123,0.5357050097453737,0.5356988226282904,0.002544421491814225,2.8506589400199958,2.4647142700700204,1.654867405350486,1.4564672431453483,-1.0,-1.581452874926743,1.3511819957325797,0.20047257532200607,-1.310577285432153,0.010316756730916374,1.3297195947807194,0.0002807919904248557,0.0,-0.0002088849422618999,0.0005579295815740792,-0.001002809771784241,-0.002327500993101861,0.000208697818993131,0.0027724245819258364
124,0.5354430614351217,0.5354367603096619,0.0025671585203823604,2.8506590139520704,2.464452201914537,1.6548625743523981,1.4567587001810889,-1.0,-1.5816746359541423,1.351756338281109,0.199438856088023,-1.3129776750824675,0.010538307202597927,1.3325794094106398,0.00029145703574062765,0.0,-0.00022176102739934755,0.000574342548529394,-0.0010337192339830714,-0.0024003896503146382,0.00022155047168155237,0.002859814629920354
125,0.53516436227984,0.5351579406506279,0.0025909464487596924,2.850659087782315,2.4641733761409035,1.654857561748399,1.457061694656194,-1.0,-1.5819106216993468,1.3523482740126174,0.19837196273216523,-1.3154562969421912,0.010774056117602345,1.3355330428192955,0.0003029944751051783,0.0,-0.00023598574520455884,0.0005919357315082863,-0.0010668933558577731,-0.0024786218597236953,0.00023574891500441862,0.0029536334086557314
126,0.5348670884712513,0.5348605392195581,0.002615872744696403,2.8506591610612095,2.463875968294806,1.6548523550062815,1.4573772110482586,-1.0,-1.5821623840270815,1.352959119851412,0.19726936488308217,-1.3180191211635182,0.011025552051494011,1.3385876794825355,0.00031551639206450766,0.0,-0.00025176232773471696,0.0006108458387945603,-0.0011025978490830646,-0.0025628242213269203,0.0002514959338916663,0.003054636663240018
127,0.5345491300293804,0.5345424453282013,0.0026420354285346392,2.8506592331998815,2.4635578676626375,1.6548469403409076,1.4577063658753038,-1.0,-1.5824317186886878,1.3535903516191081,0.19612822288554735,-1.32067284714756,0.011294586930291669,1.341751383687439,0.00032915482704520826,0.0,-0.0002693346616062797,0.0006312317676961943,-0.001141141997534817,-0.002653725984041788,0.0002690348787976575,0.003163704204903528
128,0.5342080310996944,0.5342012023137686,0.0026695447306017374,2.8506593034256267,2.4632166175531656,1.6548413025539177,1.4580504322650503,-1.0,-1.5827207162727077,1.3542436309227852,0.19494533491889032,-1.3234250280972513,0.011583246870230497,1.345033250122585,0.00034406638974648907,0.0,-0.00028899758401990105,0.0006532793036770901,-0.0011828879666570258,-0.0027521809496913185,0.0002886599399388283,0.0032818664351459415
129,0.5338409144549422,0.5338339320224265,0.002698525063966747,2.8506593707211416,2.4628493397805222,1.654835424850059,1.4584108704659604,-1.0,-1.583031826651953,1.3549208379854267,0.19371707232359744,-1.3262842233067773,0.011893976485829268,1.3484435880677714,0.00036043820091014034,0.0,-0.00031111037924524965,0.0006772070626415161,-0.0012282625952928783,-0.0028591952095260442,0.0003107296155987708,0.0034103379451864146
130,0.5334443850636879,0.5334372383553638,0.0027291173756277777,2.8506594337405047,2.4624526382096734,1.654829288627103,1.4587893660946023,-1.0,-1.583367941322427,1.355624112060661,0.1924392998511367,-1.3292601859023443,0.01222966105302575,1.3519941485458111,0.000378495628641895,0.0,-0.00033611467047411914,0.0007032740752341837,-0.0012777724724607475,-0.0029759625955669833,0.0003356845671964818,0.0035505604780396993
131,0.533014405576465,0.5330070827272775,0.0027614819577284878,2.8506594906914726,2.462022474214176,1.6548228732364652,1.4591878785729382,-1.0,-1.5837324997518065,1.3563559016245739,0.1911072764417618,-1.3323640963520516,0.012593732633396366,1.3556984069635927,0.00039851247833588843,0.0,-0.0003645584293794357,0.0007317895639129546,-0.0013320234093749106,-0.003103910449707259,0.0003640715803706167,0.0037042584177815474
132,0.5325461336370286,0.5325386213433724,0.0027958018053586406,2.8506595391681593,2.461554003952294,1.6548161557123948,1.4596087031569718,-1.0,-1.5841296283769517,1.3571190273074867,0.1897155305791465,-1.3356088557079995,0.012990308782860612,1.3595719182039057,0.0004208245840335856,0.0,-0.0003971286251451822,0.000763125682912813,-0.0013917458626152845,-0.0032447593559479238,0.0003965761494642457,0.003873511240312988
133,0.5320337065443546,0.5320259898187565,0.002832286626448442,2.8506595759093396,2.4610413629853056,1.654809110469435,1.460054551343685,-1.0,-1.5845643246454413,1.3579167616200263,0.1882577020604754,-1.3390094577186678,0.013424376217540076,1.3636327674280022,0.0004458481867131159,0.0,-0.0004346962684895761,0.0007977343125395997,-0.0014578285186711004,-0.0034006020106682744,0.0004340674346794641,0.004060849224096552
134,0.531469952146222,0.5314620140188359,0.0028711775994270093,2.850659596442993,2.460477377116556,1.6548017089717553,1.4605286565045297,-1.0,-1.585042704193535,1.3587529310969304,0.18672633883496284,-1.342583466402457,0.013902037497777617,1.3679021489257306,0.0004741051608447844,0.0,-0.00047837954809382133,0.000836169476904125,-0.0015313632255125609,-0.0035740086837892093,0.0004776612802375405,0.004269381497728375
135,0.5308459945634456,0.5308378157169914,0.0029127529571581602,2.8506595945530333,2.459853168047464,1.6547939193858088,1.461034914720294,-1.0,-1.5855723380728333,1.35963204877244,0.1851126329007068,-1.3463516365726644,0.014430847597886917,1.3724051186339459,0.0005062582157642215,0.0,-0.0005296338792981636,0.000879117675509633,-0.0016137059342560267,-0.0037681701702074744,0.0005288101001093004,0.0045029697082152875
136,0.5301507070788684,0.5301422654003926,0.0029573343921436685,2.850659561461209,2.459157606181242,1.6547857062429578,1.461578075635303,-1.0,-1.5861627208971663,1.3605594882984622,0.18340607231156858,-1.35033873100404,0.015020281168750524,1.3771715857038993,0.0005431609150090555,0.0,-0.0005903828243329912,0.0009274395260221446,-0.001706560589138234,-0.003987094431375571,0.0005894335708636067,0.004766467069953428
137,0.5293699381633693,0.529361208192693,0.0030052940729865464,2.850659484540115,2.4583765365429437,1.6547770301681182,1.4621640058263257,-1.0,-1.5868259334186594,1.3615417161409387,0.18159397584381995,-1.3545746124202398,0.015682393908251886,1.3822376383971768,0.0005859301910227099,0.0,-0.0006632125214931506,0.0009822278424764797,-0.0018120964677486306,-0.004235881416199794,0.0006621127395013623,0.005066052693277534
138,0.5284853927271187,0.5284763449791261,0.0030570615952528477,2.8506593452303224,2.457491659901187,1.6547678477875138,1.4628000596640067,-1.0,-1.587577600749225,1.3625866061522358,0.17966086069300546,-1.3590957261496999,0.01643277911725985,1.3876473456295837,0.0006360538376810609,0.0,-0.0007516673305656418,0.0010448900112971504,-0.001933115150814485,-0.004521113729460069,0.000750385209007963,0.005409707232406857
139,0.5274729754455939,0.5274635755842315,0.003113129137169125,2.8506591155588676,2.456478875941551,1.654758112041077,1.4634956135119987,-1.0,-1.5884383121379033,1.363703873085383,0.17758756820386404,-1.3639471482390289,0.01729198514571893,1.393455247619833,0.0006955538479920254,0.0,-0.0008607113886782702,0.0011172669331471763,-0.002073292489141426,-0.004851422089328983,0.0008592060284590801,0.005807901990249276
140,0.5263002697449846,0.5262904775980648,0.0031740507379891952,2.850658752101275,2.455305762087185,1.6547477733519735,1.4642628550745385,-1.0,-1.5894357828947296,1.36490568104976,0.17535003221063533,-1.3691854674928974,0.018287674013070816,1.3997298639465994,0.0007672415625397111,0.0,-0.0009974707568263241,0.0012018079643769664,-0.0022375359932287064,-0.005238319253868529,0.0009956888673518863,0.006274616326766402
141,0.5249225813653503,0.5249123498087674,0.0032404263075799414,2.8506581850557473,2.4539276169240924,1.6547367825785158,1.4651179837905015,-1.0,-1.5906082497961496,1.3662075140176593,0.1729175093444246,-1.37488292049051,0.019458012087315464,1.4065587323391566,0.0008551287159630494,0.0,-0.0011724669014199218,0.001301832967899319,-0.0024325228662107345,-0.005697452997612595,0.0011703380742446486,0.006828868392557252
142,0.5232765082230627,0.5232657820769665,0.003312848668098402,2.850657297477064,2.4522810300659943,1.6547250976987438,1.4660830965454887,-1.0,-1.5920099941825492,1.3676294452575186,0.17024998516691786,-1.3811334408430476,0.02085718639946131,1.414055790117224,0.0009651127549872296,0.0,-0.001401744386399617,0.001421931239859342,-0.002667524177506736,-0.006250520352537592,0.001399174312145847,0.0074970577780673064
143,0.5212690676017627,0.521257782991,0.0033917624053699234,2.8506558834848996,2.4502730097969674,1.6547126985106138,1.4671892600012133,-1.0,-1.5937206906354313,1.3691980199237939,0.1672943030125766,-1.3880616636486893,0.0225647437081215,1.422372380824631,0.0011061634557245625,0.0,-0.0017106964528821322,0.0015685746662752464,-0.0029556821543412493,-0.006928222805641759,0.0017075573086601896,0.008316590707406979
144,0.5187584747897209,0.5187465602585055,0.003477109472589448,2.850653558356563,2.4477617634459863,1.6546996192519356,1.4684817225410312,-1.0,-1.595861954699705,1.37094907248966,0.16397832136750023,-1.3958364627067807,0.024702125315306096,1.4317138415880202,0.0012924625398178513,0.0,-0.002141264064273729,0.0017510525658661624,-0.003315981645076377,-0.0077747990580914195,0.002137381607184595,0.009341460763389264
145,0.5155184703236534,0.5155058533012739,0.003567443204347211,2.8506495495240873,2.444521029956078,1.6546860234966967,1.4700291435944066,-1.0,-1.598628102790261,1.3729318875949748,0.16020217439771303,-1.4046910668465282,0.027463412719270403,1.4423642459477781,0.001547421053375464,0.0,-0.0027661480905558644,0.001982815105314728,-0.003776146969787203,-0.00885460413974748,0.0027612874039643076,0.010650404359757948
146,0.5111687897582312,0.5111554184853889,0.0036576660244087037,2.8506421660121912,2.4401705650598235,1.6546723854048957,1.471940609653363,-1.0,-1.6023462359543263,1.3752148503646688,0.15582610764882493,-1.4149506700257768,0.031175408816297018,1.4547206237119585,0.0019114660589563126,0.0,-0.0037181331640654403,0.0022829627696940857,-0.004376066748888102,-0.010259603179248566,0.0037119960970266146,0.012356377764180415
147,0.505034615028367,0.5050205244689054,0.0037331080733401757,2.850627321044134,2.4340356364172395,1.6546599558911743,1.4743976726568473,-1.0,-1.607598079566857,1.3778904691976337,0.15065862001761413,-1.4270578910412526,0.036419545712984495,1.4693254512261142,0.002457063003484361,0.0,-0.005251843612530616,0.0026756188329648545,-0.005167487631210804,-0.012107221015475789,0.005244136896687478,0.014604827514155705
148,0.4958687173574116,0.49585421378995537,0.0037543025965057638,2.8505941200509155,2.4248692839386257,1.6546520050753994,1.4777112328154518,-1.0,-1.6154621945111587,1.38106582640752,0.1444719278335735,-1.4415302199924047,0.04427447430713489,1.4868185533908551,0.0033135601586045116,0.0,-0.007864114944301726,0.003175357209886265,-0.0061866921840406375,-0.014472328951152136,0.007854928594150393,0.01749310216474087
149,0.4814433319863156,0.4814294123010351,0.003626152867796331,2.850512492157926,2.41044442015113,1.6546567417535036,1.4823842263537579,-1.0,-1.6278752883074905,1.3847751872734908,0.1371714635913273,-1.458546431813798,0.05667889146045779,1.5074417894575398,0.0046729935383060806,0.0,-0.01241309379633182,0.0037093608659708455,-0.007300464242246202,-0.017016211821393235,0.012404417153322904,0.020623236066684703
150,0.4589561737261736,0.45894478072721057,0.0032058232663482694,2.8503187243523054,2.3879596289966987,1.6546889279273007,1.4889487050887782,-1.0,-1.647304764041313,1.3886549041209342,0.1294507814031535,-1.4763851004626605,0.07610790039900758,1.5291459959772429,0.006564478735020307,0.0,-0.019429475733822477,0.0038797168474433708,-0.007720682188173789,-0.01783866864886252,0.01942900893854979,0.021704206519703062
151,0.4290736899298838,0.42906595732100034,0.002556446006848939,2.8499999208952973,2.3580803473344485,1.6547508197616427,1.4971284491948336,-1.0,-1.6732588920530336,1.391707193027681,0.12330677858944068,-1.4902552106839995,0.10208131302973483,1.546134262259569,0.008179744106055375,0.0,-0.02595412801172059,0.003052288906746803,-0.006144002813712815,-0.013870110221338994,0.02597341263072725,0.016988266282326192
152,0.39749798584740204,0.3974930311570823,0.0019717377973874515,2.8497033665933564,2.3265067020759007,1.6548231081505902,1.5058695081140552,-1.0,-1.7008525703417596,1.393518483948405,0.11960911191273209,-1.4981408359213284,0.12970994825527624,1.5559217492021913,0.008741058919221611,0.0,-0.027593678288726053,0.0018112909207239625,-0.003697666676708594,-0.007885625237328941,0.027628635225541404,0.009787486942622214
153,0.36764304641460877,0.3676398235322222,0.0015307962139342397,2.8495137620722892,2.296652814335303,1.6548972620776818,1.514682314748645,-1.0,-1.7271220363559077,1.3945697281770302,0.11741714347853223,-1.5023463408475146,0.15601755596483063,1.5612714475782832,0.008812806634589831,0.0,-0.026269466014148035,0.0010512442286252366,-0.002191968434199859,-0.00420550492618621,0.026307607709554398,0.005349698376091894
154,0.34018546535064637,0.34018332196714246,0.001201816208839923,2.8494230707055204,2.2691958388794795,1.6549702333980323,1.5234386729266094,-1.0,-1.7514569045926747,1.395240331810215,0.11597983551659712,-1.504700812948471,0.180388144562302,1.5643883844482211,0.008756358177964385,0.0,-0.024334868236767004,0.0006706036331847187,-0.0014373079619351137,-0.0023544721009562952,0.024370588597471377,0.0031169368699379696
155,0.31508241917936974,0.3150809670394215,0.0009526684988501163,2.8494056439064055,2.2440932479184807,1.6550394560237864,1.5320616228888415,-1.0,-1.7738686139272413,1.3957111114673253,0.11494136519232216,-1.5060794937141593,0.2028316740119685,1.5663263556877973,0.008622949962232118,0.0,-0.0224117093345666,0.0004707796571103984,-0.0010384703242749538,-0.001378680765688367,0.02244352944966649,0.001937971239576175
156,0.2921504697002874,0.2921494707804649,0.0007612799074160705,2.849438475517425,2.2211617227442213,1.6551031433621581,1.5404870313707064,-1.0,-1.7944921418142146,1.3960687481837126,0.1141326683083954,-1.5069052688529168,0.22348302575119816,1.5675929166081817,0.008425408481864904,0.0,-0.020623527886973303,0.00035763671638733285,-0.0008086968839267628,-0.0008257751387574785,0.020651351739229662,0.001266560920384352
157,0.27118767946827016,0.2711869831862798,0.0006126547260009807,2.849503821704716,2.2001993621535485,1.6551603615096404,1.5486643357615906,-1.0,-1.8134810232598473,1.3963578663537222,0.11346721676382673,-1.507398991891006,0.24249606607610166,1.5684522104564624,0.008177304390884155,0.0,-0.01898888144563271,0.0002891181700095391,-0.0006654515445686654,-0.0004937230380892554,0.019013040324903502,0.0008592938482807622
158,0.2520021145372227,0.2520016232539388,0.0004962917611210918,2.8495886431699287,2.181014233407985,1.655210840043623,1.5565568121502118,-1.0,-1.8309828608232015,1.3966029711631098,0.11289743773101481,-1.5076846206336736,0.2600188370251464,1.5690520658005376,0.007892476388621228,0.0,-0.017501837563354217,0.000245104809387664,-0.0005697790328119262,-0.0002856287426675763,0.017522770949044725,0.0005998553440751397
159,0.2344186753594463,0.2344183245761692,0.00040461188543583975,2.8496836159148784,2.1634312261110376,1.6552547518652678,1.5641400151411082,-1.0,-1.8471333450995446,1.3968182177676969,0.11239554433392972,-1.5078358675437378,0.2761874662075181,1.5694802610726772,0.007583202990896432,0.0,-0.016150484276343136,0.00021524660458704936,-0.0005018933970850903,-0.00015124691006418445,0.01616862918237172,0.00042819527213966424
160,0.2182799858955964,0.21827973239243723,0.0003320117431539556,2.849782232324125,2.1472929516485006,1.6552925347962437,1.571399585846738,-1.0,-1.8620552929992704,1.3970121104452067,0.111944453282675,-1.507898590921764,0.29112516775336217,1.5697914377284914,0.00725957070562977,0.0,-0.014921947899725785,0.00019389267750979933,-0.0004510910512547234,-6.272337802615269e-05,0.014937701545844062,0.00031117665581414933
161,0.20344546011327258,0.20344527459758624,0.00027427229256474277,2.849880076649721,2.1324588137956866,1.6553247639655102,1.57832908694293,-1.0,-1.8758592072229767,1.3971899229554365,0.11153318082823313,-1.5079023416878468,0.3049427919435957,1.5700209202176691,0.006929501096192059,0.0,-0.013803914223706304,0.00017781251022985778,-0.00041127245444186333,-3.750766082832868e-06,0.013817624190233524,0.00022948248917775693
162,0.1897898161082341,0.18978967853765885,0.00022817271546902553,2.849974264557533,2.1188035239770326,1.6553520665562298,1.5849281137075917,-1.0,-1.8886442974799509,1.3973550166759245,0.11115437216012565,-1.5078666914967256,0.317739847116707,1.5701922541958924,0.00659902676466162,0.0,-0.012785090256974163,0.00016509372048800763,-0.0003788086681074804,3.5650191121172625e-05,0.012797055173111305,0.00017133397822322038
163,0.17720148262416857,0.17720137917145085,0.0001912284278067773,2.8500630179088695,2.106215507606367,1.6553750679429209,1.5912007392627734,-1.0,-1.9004996010705915,1.3975095909210122,0.11080291142067555,-1.5078048815122282,0.329605624773818,1.5703215318788757,0.00627262555518171,0.0,-0.011855303590640576,0.0001545742450876908,-0.00035146073945009626,6.180998449734076e-05,0.011865777657110999,0.00012927768298331976
164,0.1655810658690245,0.16558098692201226,0.000161507571938373,2.8501453459850103,2.0945953702338818,1.6553943598049656,1.5971542754091255,-1.0,-1.9115050694258116,1.3976551250505953,0.11047510821795332,-1.507726017282486,0.34062029172172487,1.570419981673064,0.005953536146352079,0.0,-0.011005468355220094,0.00014553412958306922,-0.0003278032027222294,7.886422974223706e-05,0.01101466694790687,9.844979418827116e-05
165,0.15483993950121963,0.15483987832914395,0.00013749911963406407,2.850220808724488,2.0838544867701314,1.6554104830652183,1.6027983046302174,-1.0,-1.9217325716272262,1.3977926459839607,0.11016820545486034,-1.5076364366363175,0.3508558991433672,1.5704955752435474,0.005644029221091973,0.0,-0.010227502201414662,0.00013752093336538707,-0.00030690276309298936,8.95806461684856e-05,0.010235607421642312,7.55935704834787e-05
166,0.14489897691421036,0.1448989287697424,0.00011801615062750579,2.8502893423862647,2.0739137330882436,1.6554239205095298,1.6081439345566415,-1.0,-1.9312467999684515,1.3979228933346564,0.10988007300855535,-1.5075405879322734,0.3603772932159992,1.5705540556710915,0.005345629926424067,0.0,-0.009514228341225284,0.00013024735069566695,-0.00028813244630498946,9.584870404411028e-05,0.009521394072632028,5.8480427544083113e-05
167,0.13568742569094736,0.13568738720085663,0.00010212369257388162,2.850351132335214,2.0647023599348833,1.6554350955007022,1.6132032302637909,-1.0,-1.9401060771143184,1.398046422831744,0.10960901235734673,-1.5074416082727602,0.36924292669825165,1.570599612579333,0.005059295707149358,0.0,-0.008859277145866873,0.0001235294970876044,-0.00027106065120861833,9.897965951322085e-05,0.008865633482252444,4.555690824137315e-05
168,0.12714191559902271,0.12714188434788207,8.908407948204169e-05,2.8504065211601652,2.056157000525359,1.6554443743424925,1.617988786494397,-1.0,-1.948363070624461,1.3981636717225414,0.10935362926260485,-1.507341712377719,0.37750557724944767,1.5706353354718814,0.004785556230606058,0.0,-0.00825699351014264,0.00011724889079745004,-0.0002553830947418789,9.989589504111329e-05,0.008262650551196016,3.5722892548495366e-05
169,0.11920558806589536,0.11920556230996616,7.831500868421238e-05,2.8504559431224346,2.048220799743812,1.6554520706619078,1.6225134088321147,-1.0,-1.9560654230511885,1.3982750003593512,0.10911274918821111,-1.5072424589057352,0.38521298074240506,1.5706635240766293,0.004524622337717776,0.0,-0.007702352426727455,0.0001113286368097377,-0.00024088007439374004,9.925347198391776e-05,0.007707403492957399,2.818860474795848e-05
170,0.11182733413315041,0.11182731260264851,6.935694535764715e-05,2.8504998781052757,2.0408426519218215,1.65545845074515,1.6267898790770474,-1.0,-1.9632563064766269,1.3983807186821398,0.10888536011465771,-1.5071449356951252,0.3924083885045055,1.5706859043921566,0.0042764702449327174,0.0,-0.007190883425438388,0.00010571832278860605,-0.000227389073553394,9.752321060996216e-05,0.007195407762100425,2.2380315527259498e-05
171,0.10496112818191135,0.10496110994363421,6.184746655731034e-05,2.850538819909809,2.033976534462397,1.655463739152596,1.6308307853163868,-1.0,-1.9699749101502844,1.3984811030418518,0.1086705732327818,-1.5070498903342622,0.39913105722008296,1.5707037813039944,0.004040906239339392,0.0,-0.006718603673657508,0.00010038435971204684,-0.0002147868818759141,9.504536086302195e-05,0.006722668715577473,1.7876911837744203e-05
172,0.09856544560171704,0.09856542996310302,5.5500990692878984e-05,2.850573255025328,2.0275809254600867,1.6554681242026261,1.6346484014501008,-1.0,-1.9762568692867903,1.3985764068176116,0.10846759549537624,-1.5069578232538667,0.40541667962081945,1.5707181477837193,0.003817616133714008,0.0,-0.006281959136505977,9.530377575983628e-05,-0.00020297773740556024,9.206708039544154e-05,0.00628562240073649,1.436647972496985e-05
173,0.09260275369926635,0.0926027401410345,5.009257115231699e-05,2.850603648978354,2.021618294596445,1.6554717630907558,1.6382546043354607,-1.0,-1.982134642321836,1.3986668670427023,0.10827571014672155,-1.506869054753543,0.41129776332151785,1.570729763908495,0.003606202885359844,0.0,-0.005877773035045664,9.046022509062723e-05,-0.0001918853486546912,8.876850032368822e-05,0.005881083700698397,1.1616124775626346e-05
174,0.08703906632787008,0.08703905445646773,4.544498965579132e-05,2.850630438105226,2.0160546577787937,1.6554747865262598,1.6416608193962268,-1.0,-1.9876378431258888,1.3987527084713307,0.10809426268995614,-1.506783773668807,0.4168039643520357,1.5707392146146446,0.0034062150607661046,0.0,-0.005503200804052755,8.584142862844146e-05,-0.00018144745676540452,8.528108473604412e-05,0.005506201030517854,9.450706149660704e-06
175,0.08184355386673832,0.08184354338057533,4.1418495251521185e-05,2.8506540251523607,2.010859187142059,1.655477302842512,1.6448779876388426,-1.0,-1.9927935339034561,1.3988341460165783,0.10792265060558548,-1.5067020729617884,0.4219623811566677,1.5707469522835884,0.0032171682426158643,0.0,-0.00515569077756739,8.143754524758684e-05,-0.00017161208437066477,8.17007070186282e-05,0.005158416804631971,7.737668943796905e-06
176,0.07698820124370458,0.07698819190903021,3.7902637669298506e-05,2.8506747775293664,2.0060038691008355,1.6554794015829242,1.6479165486483518,-1.0,-1.9976264837911781,1.3989113861651545,0.10776031568677073,-1.5066239759066085,0.4267978141108504,1.5707533283923067,0.0030385610095091664,0.0,-0.004832949887721982,7.724014857624084e-05,-0.0001623349188147466,7.809705517991539e-05,0.004835432954182706,6.376108718342266e-06
177,0.0724475076555948,0.07244749928915377,3.480983974006866e-05,2.850693027356087,2.00146320410155,1.6554811565910574,1.6507864354002237,-1.0,-2.0021593975233083,1.3989846277626192,0.10760673821973232,-1.5065494554508998,0.43133299495435606,1.5707586172032,0.0028698867518719418,0.0,-0.004532913732130162,7.32415974646905e-05,-0.0001535774670384099,7.452045570865984e-05,0.004535180843505682,5.288810893233631e-06
178,0.06819822249240898,0.06819821494888101,3.207040084097637e-05,2.85070907268071,1.997213942578176,1.6554826286476474,1.653497077701127,-1.0,-2.00641311796083,1.3990540624236738,0.10746143247888279,-1.506478448588227,0.43558878996270495,1.5707630336086205,0.002710642300903343,0.0,-0.004253720437521924,6.94346610545793e-05,-0.00014530574084953285,7.100686267280665e-05,0.004255795008348884,4.41640542048205e-06
179,0.0642191127184591,0.06421910588129867,2.9628537544247113e-05,2.850723179421791,1.9932348523630177,1.6554838677033368,1.6560574118257143,-1.0,-2.0104068057778193,1.3991198747306335,0.10732394316870614,-1.5064108670579595,0.4395843801715793,1.570766746649802,0.002560334124587227,0.0,-0.0039936878169890555,6.581230695967832e-05,-0.00013748931017665278,6.758153026753533e-05,0.0039955902088743556,3.7130411816299613e-06
180,0.06049075761341386,0.06049075138811705,2.743930589073244e-05,2.8507355837172867,1.9895065134546601,1.6554849147569466,1.6584758944978084,-1.0,-2.0141580991603947,1.3991822423229663,0.1071938425548734,-1.5063466053254326,0.4433374215271508,1.5707698898122875,0.002418482672094102,0.0,-0.0037512933825754047,6.236759233280154e-05,-0.00013010061383274263,6.426173252682688e-05,0.0037530413555714737,3.143162485397255e-06
181,0.05699536733850885,0.056995361647624,2.546628938201493e-05,2.8507464944596137,1.9860111366079969,1.6554858034271018,1.6607605198121185,-1.0,-2.0176832559933127,1.3992413359412645,0.10707072810295633,-1.5062855465373353,0.44686418745192874,1.5707725689038805,0.0022846253143100625,0.0,-0.003525156832917986,5.909361829825599e-05,-0.00012311445191706683,6.105878809736787e-05,0.0035267659247779637,2.6790915930163806e-06
182,0.05371662227795138,0.05371661705734979,2.3679750275520488e-05,2.850756095866035,1.9827324026963267,1.6554865612613539,1.6629188380371474,-1.0,-2.0209972806802985,1.399297319463215,0.10695422049565953,-1.506227566962716,0.4501796959842914,1.5707748681091431,0.002158318225028877,0.0,-0.003314024686985828,5.598352195046452e-05,-0.00011650760729679799,5.797957461917136e-05,0.0033155085323626765,2.299205262623616e-06
183,0.05063953052260956,0.05063952571867663,2.2055228768457247e-05,2.8507645499847953,1.9796553202127725,1.6554872108224776,1.6649579755048214,-1.0,-2.0241140374602287,1.399350349952474,0.10684396193618695,-1.5061725392968268,0.45329782336380886,1.5707768546612766,0.002039137467674035,0.0,-0.0031167567799301743,5.303048925897613e-05,-0.00011025855947258134,5.5027665889273436e-05,0.0031181273795174436,1.9865521334594405e-06
184,0.04775030122129365,0.0477502967887911,2.0572444062313632e-05,2.850771999074126,1.9767660986365814,1.6554877705869302,1.6668846549957275,-1.0,-2.0270463518363995,1.3994005777307532,0.10673961467116025,-1.5061203351081893,0.4562314056878731,1.570778582460613,0.0019266794909060803,0.0,-0.002932314376170808,5.022777827923264e-05,-0.00010434726502669966,5.220418863749465e-05,0.0029335823240642656,1.727799336492808e-06
185,0.045036231832465204,0.045036227732893695,1.9214456562105724e-05,2.8507785678175095,1.9740520356974534,1.6554882556858566,1.668705216184785,-1.0,-2.0298061015250166,1.3994481464768433,0.10664085968476397,-1.5060708266383867,0.45899233005264783,1.5707800948870234,0.0018205611890576012,0.0,-0.0027597496886171413,4.756874609013195e-05,-9.875498639627667e-05,4.950846980267265e-05,0.0027609243647747084,1.512426410332779e-06
186,0.04248560757315589,0.04248560377348515,1.796701911055957e-05,2.850784365356867,1.9715014168349816,1.6554886785147618,1.6704256358314855,-1.0,-2.0324042981471018,1.3994931933523669,0.10654739552878795,-1.50602388811184,0.4615916164082262,1.570781426992984,0.001720419646700444,0.0,-0.0025981966220851582,4.504687552353559e-05,-9.34641559760252e-05,4.6938526546691506e-05,0.0025992863555783785,1.3321059606496988e-06
187,0.040087611588470864,0.040087608060149445,1.6818005313992502e-05,2.8507894871379658,1.9691034253768882,1.655489049234077,1.6720515474899258,-1.0,-2.0348511607310806,1.3995358491518377,0.10645893726253565,-1.505979396674125,0.46403949119999915,1.5707826072190045,0.0016259116584402822,0.0,-0.0024468625839788594,4.265579947082543e-05,-8.845826625229758e-05,4.449143771489972e-05,0.0024478747917729415,1.1802260204696324e-06
188,0.03783224455972255,0.03783224127789872,1.575714481424373e-05,2.8507940165707613,1.9668480621543696,1.655489376179387,1.6735882605831642,-1.0,-2.0371561819578945,1.3995762384735042,0.10637521548325332,-1.5059372330485457,0.46634545373201075,1.5707836587394144,0.0015367130932384399,0.0,-0.0023050212268138637,4.038932166650078e-05,-8.372177928232805e-05,4.216362557940556e-05,0.002305962532011596,1.0515204098560105e-06
189,0.035710252636593255,0.03571024957949543,1.4775521375677476e-05,2.8507980265127872,1.9647260734401928,1.65548966619711,1.6750407787389425,-1.0,-2.0393281879634952,1.399614479907034,0.10629597543256378,-1.5058972819790826,0.46851833607043003,1.5707846005211623,0.001452518155778293,0.0,-0.002172006005600746,3.824143352981757e-05,-7.92400506895441e-05,3.9951069463084465e-05,0.0021728823384192797,9.417817479207002e-07
190,0.033713062722742,0.033713059871183046,1.3865432404006042e-05,2.850801580586944,1.9627288862391739,1.6554899249187973,1.6764138173233938,-1.0,-2.041375392412401,1.3996506862341158,0.10622097616789276,-1.5058594325116004,0.4705663572035462,1.5707854481591175,0.0013730385844512583,0.0,-0.002047204448905937,3.620632708178917e-05,-7.499926467101348e-05,3.784946748219831e-05,0.0020480211331161957,8.476379551591862e-07
191,0.03183272426838309,0.03183272160536054,1.3020272775521162e-05,2.850804734346757,1.9608485500847461,1.6554901569850198,1.6777118201389707,-1.0,-2.0433054454683854,1.3996849646383032,0.106149989790428,-1.5058235781529279,0.4724971720866317,1.5707862145368225,0.0012980028155769041,0.0,-0.00193005305598426,3.4278404187348954e-05,-7.098637746476288e-05,3.5854358672482434e-05,0.0019308148830854965,7.663777050748166e-07
192,0.030061856830414603,0.030061854340784993,1.2234134662202005e-05,2.850807536302861,1.9590776846023505,1.6554903662279263,1.6789389752747828,-1.0,-2.045125478212403,1.3997174169208022,0.10608280072301932,-1.505789616938124,0.47431791612367574,1.5707869103505527,0.0012271551358120636,0.0,-0.0018200327440176522,3.245228249904031e-05,-6.718906740868502e-05,3.396121480392367e-05,0.0018207440370440198,6.95813730189343e-07
193,0.02839360275315957,0.028393600423372432,1.1501843298313218e-05,2.850810028824412,1.9574094321928426,1.6554905558199875,1.680099230113602,-1.0,-2.0468421429918946,1.3997481397193328,0.10601920503280145,-1.5057574514291687,0.4760352455717162,1.5707875445260484,0.001160254838819208,0.0,-0.0017166647794915058,3.072279853055804e-05,-6.35956902178686e-05,3.216550895523973e-05,0.0017173294480404833,6.341754956729062e-07
194,0.026821584402810038,0.0268215822206874,1.081887928355395e-05,2.8508122489286403,1.9558374152691103,1.655490728395103,1.6811963055113681,-1.0,-2.0484616501282433,1.399777224727631,0.10595900979433623,-1.5057269886629112,0.47765537429587357,1.570788124550772,0.0010970753977661563,0.0,-0.0016195071363487301,2.9085008298235238e-05,-6.019523846521879e-05,3.0462766257510765e-05,0.0016201287241573437,5.800247235843159e-07
195,0.025339865457965998,0.025339863412521136,1.0181168633296869e-05,2.850814228970971,1.95435569754839,1.655490886147164,1.6822337091731512,-1.0,-2.049989801359198,1.3998047589135694,0.1059020324898252,-1.5056981400619744,0.47918410725301425,1.5707886567395093,0.001037403661783065,0.0,-0.001528151230954844,2.7534185938371536e-05,-5.697730451102723e-05,2.8848600936770552e-05,0.0015287329571406771,5.321887373010981e-07
196,0.023942915818836036,0.02394291390012053,9.585095926119052e-06,2.85081599724722,1.9529587489629137,1.6554910309102338,1.6832147482550393,-1.0,-2.0514320203494947,1.3998308247342517,0.10584810044350908,-1.505670821319136,0.4806268710382123,1.5707891464472594,0.0009810390818880688,0.0,-0.0014422189902965066,2.606582068231944e-05,-5.393204631612414e-05,2.731874283834479e-05,0.0014427637851980313,4.897077501286873e-07
197,0.02262557974991407,0.022625577948889763,9.027423043755542e-06,2.850817578518337,1.9516414138037677,1.6554911642237642,1.6841425412249504,-1.0,-2.0527933805648324,1.399855500346775,0.10579705028779725,-1.5056449522632607,0.48198874178995454,1.5707895982403373,0.0009277929699111898,0.0,-0.0013613602153377258,2.4675612523283874e-05,-5.105015571182925e-05,2.5869055875427094e-05,0.0013618707517422668,4.5179307783804745e-07
198,0.02138304691645699,0.021383045224887445,8.505182860004988e-06,2.850818994467168,1.950398881758335,1.655491287385638,1.6850200290174067,-1.0,-2.0540786307710506,1.399878859813643,0.10574872745899615,-1.5056204567129734,0.4832744707165968,1.5707900160342798,0.0008774877924562219,0.0,-0.0012852502062181692,2.3359466867933776e-05,-4.8322828801100615e-05,2.449555028727346e-05,0.001285728926642249,4.177939425531463e-07
199,0.020210826014742413,0.020210824425100724,8.015799855753657e-06,2.8508202640957174,1.9492266615413418,1.6554914014953122,1.685849985518239,-1.0,-2.055292218391151,1.3999009733020655,0.10570298572075698,-1.5055972623228058,0.4844885074772782,1.570790403205318,0.0008299565008322851,0.0,-0.001213587620100487,2.211348842262595e-05,-4.574173823916616e-05,2.319439016762459e-05,0.0012140367606813807,3.8717103811869436e-07
200,0.01910472073068879,0.019104719236078874,7.556872347294945e-06,2.8508214040704476,1.948120556854121,1.65549150748892,1.6866350274153015,-1.0,-2.056438310927192,1.3999219072765903,0.10565968671356092,-1.5055753004254162,0.4856350216247924,1.5707907626807491,0.0007850418970625217,0.0,-0.0011460925360409213,2.093397452473944e-05,-4.3299007196059836e-05,2.196189738956633e-05,0.0011465141475142104,3.5947543119974057e-07
201,0.018060807791712423,0.01806080638580147,7.126121044900203e-06,2.850822429022301,1.947076644436998,1.6554916061678404,1.687377623450788,-1.0,-2.0575208156315488,1.399941724684688,0.10561869952871733,-1.5055545058726136,0.4867179222953147,1.5707910970124368,0.0007425960354865424,0.0,-0.0010825047043567793,1.9817408097644318e-05,-4.0987184843591096e-05,2.079455280257214e-05,0.001082900670522302,3.3433168766805466e-07
202,0.017075416903187906,0.01707541558014704,6.721662594321124e-06,2.8508233518073007,1.946091254006181,1.6554916982219685,1.6880801031098382,-1.0,-2.0585433975922096,1.3999604851350582,0.10557990030547823,-1.5055348168772333,0.4877408763099943,1.5707914084367771,0.0007024796590502369,0.0,-0.001022581960660851,1.876045037030316e-05,-3.87992232390999e-05,1.9688995380295893e-05,0.0010229540146796112,3.1142434031572463e-07
203,0.01614511238411176,0.016145111138566422,6.3417353321134554e-06,2.8508241837329003,1.945160949889782,1.6554917842486807,1.6887446647789242,-1.0,-2.059509496379294,1.3999782450685416,0.10554317184997877,-1.5055161748573884,0.48870732483588647,1.5707916989237931,0.0006645616690859057,0.0,-0.000966098787084313,1.7759933483407764e-05,-3.672845549945736e-05,1.8642019844916646e-05,0.0009664485258921718,2.9048701599698745e-07
204,0.015266676337014212,0.01526667516399854,5.984555672403319e-06,2.850824934754603,1.9442825141980167,1.6554918647683086,1.6893733834061133,-1.0,-2.060422341384533,1.399995057921617,0.10550840327480306,-1.5054985242842096,0.48962049873821756,1.5707919702174682,0.000628718627189162,0.0,-0.0009128450052391379,1.6812853075309775e-05,-3.4768575175717076e-05,1.7650573178817908e-05,0.0009131739023310881,2.7129367508038627e-07
205,0.014437093205079344,0.014437092099997412,5.6486605172024625e-06,2.8508256136467636,1.943452931380566,1.65549194023678,1.6899682176938047,-1.0,-2.061284965971813,1.4000109742825393,0.1054754896580521,-1.5054818125338736,0.490483432742291,1.5707922238690042,0.0005948342876913593,0.0,-0.0008626245872798144,1.591636092235227e-05,-3.291361675095139e-05,1.6711750336018127e-05,0.0008629340040734457,2.536515359974345e-07
206,0.013653535585276523,0.013653534543869594,5.332617412078828e-06,2.850826228151018,1.9426693740399057,1.6554920110559574,1.690531016852959,-1.0,-2.062100220544787,1.4000260420402346,0.10544433172085951,-1.5054659897444687,0.4912989785112214,1.5707924612643507,0.0005627991591543591,0.0,-0.0008152545729740446,1.5067757695330641e-05,-3.11579371925913e-05,1.5822789404928983e-05,0.0008155457689303924,2.3739534649180882e-07
207,0.012913351180250537,0.012913350198565005,5.035137426246059e-06,2.8508267851053217,1.9419291898833566,1.6554920775821151,1.691063526946272,-1.0,-2.0628707846268397,1.4000403065261071,0.10541483552236092,-1.5054510086780615,0.4920698167349404,1.5707926836470836,0.000532510093312899,0.0,-0.0007705640820527826,1.4264485872494959e-05,-2.9496198498596415e-05,1.4981066407182553e-05,0.0007708382237189837,2.223827328950989e-07
208,0.012214050784022785,0.012214049858384665,4.75503501883516e-06,2.850827290556175,1.9412298897089233,1.6554921401328937,1.6915673968461558,-1.0,-2.0635991780391785,1.4000538106489588,0.10538691217117928,-1.5054368245881828,0.49279846831637625,1.5707928921374947,0.0005038698998838242,0.0,-0.0007283934123387681,1.3504122851726308e-05,-2.7923351181638467e-05,1.4184089878632733e-05,0.0007286515814358685,2.0849041115766909e-07
209,0.011553297207475109,0.0115532963344656,4.491260412160872e-06,2.850827749856275,1.9405691363308877,1.6554921989930291,1.692044183831865,-1.0,-2.064287771254351,1.400066595023234,0.10536047755253918,-1.5054233950928335,0.4934873047322275,1.5707930877485912,0.00047678698570918776,0.0,-0.0006885932151723395,1.2784374275209842e-05,-2.6434618640103213e-05,1.3429495349326359e-05,0.0006888364158512683,1.9561109643184693e-07
210,0.010928895059227362,0.010928894235661676,4.242672264372961e-06,2.8508281677495595,1.9399447343607799,1.655492254419075,1.6924953588486131,-1.0,-2.064938794994959,1.4000786980908297,0.10533545207017016,-1.5054106800530327,0.4941385576381967,1.5707932713995598,0.0004511750167481843,0.0,-0.0006510237406081032,1.2103067595692352e-05,-2.5025482369017693e-05,1.2715039800825778e-05,0.0006512529059691796,1.8365096865480268e-07
211,0.010338781306082925,0.010338780528991443,4.008440058377651e-06,2.850828548445289,1.9393546207679007,1.655492306643313,1.6929223114500966,-1.0,-2.065554349140615,1.4000901562367147,0.10531176040220434,-1.5053986414568614,0.49475432778181916,1.5707934439271518,0.0004269526014835101,0.0,-0.000615554145656283,1.14581458849905e-05,-2.36916679658139e-05,1.203859617127101e-05,0.0006157701436224627,1.7252759199060108e-07
212,0.009781016544830618,0.009781015811441347,3.7875926173512342e-06,2.8508288956826653,1.938796856151187,1.6554923558769996,1.693326354444487,-1.0,-2.0661364110001905,1.4001010038986137,0.10528933127031455,-1.50538724330891,0.4953365932800092,1.5707936060953507,0.0004040429943903412,0.0,-0.0005820618595753224,1.0847661898960581e-05,-2.2429131889795118e-05,1.1398147951480198e-05,0.0005822654981900155,1.6216819886949452e-07
213,0.009253776923923311,0.009253776231646553,3.579381748876192e-06,2.850829212787193,1.9382696166609445,1.6554924023130695,1.6937087282626546,-1.0,-2.06668684300104,1.40011127367101,0.10526809722137909,-1.505376451524999,0.49588721731307495,1.5707937586036218,0.00038237381816763616,0.0,-0.0005504320008493657,1.0269772396265253e-05,-2.123404893546177e-05,1.0791783910946151e-05,0.0005506240330657719,1.5250827112289755e-07
214,0.0087553466596145,0.008755346006029048,3.382924613089542e-06,2.850829502719933,1.9377711865150289,1.6554924461283993,1.694070605066176,-1.0,-2.067207399842088,1.400120996403722,0.10524799442099654,-1.505366233832022,0.49640795528214376,1.5707939020939823,0.0003618768035213993,0.0,-0.0005205568410482364,9.722732712047488e-06,-2.010280038254597e-05,1.0217692977043669e-05,0.0005207379690688185,1.4349036048244557e-07
215,0.008284111096462677,0.00828411047930293,3.197610039951175e-06,2.850829768120527,1.9372999510593871,1.6554924874857058,1.6944130926115204,-1.0,-2.067699735153363,1.4001302012953056,0.10522896245820933,-1.505356559672737,0.49690046147263084,1.5707940371570908,0.0003424875453443832,0.0,-0.0004923353112746831,9.204891583625141e-06,-1.9031962787213752e-05,9.674159284989159e-06,0.0004925061904870742,1.350631084751086e-07
216,0.007838550266928023,0.007838549684072764,3.02269604880513e-06,2.8508300113448652,1.9368543903276865,1.6554925265351523,1.69473723788574,-1.0,-2.0681654077006972,1.400138915981527,0.10521094416082857,-1.505347400115327,0.49736629526251835,1.5707941643375143,0.0003241452742195339,0.0,-0.0004656725473344281,8.714686221322765e-06,-1.8018297380753556e-05,9.15955740987684e-06,0.00046583378988751534,1.2718042352588554e-07
217,0.007417232909058042,0.007417232358519272,2.8576837613596015e-06,2.85083023449805,1.9364330730590253,1.65549256341571,1.6950440305279728,-1.0,-2.068605887170855,1.4001471666191478,0.10519388542078512,-1.5053387277675383,0.497806926910739,1.570794284138306,0.00030679264223287817,0.0,-0.00044047947015757316,8.250637620887957e-06,-1.705874004345742e-05,8.672347788785117e-06,0.00044063164822066847,1.1980079173135039e-07
218,0.007018810905086987,0.007018810385000804,2.701757639446943e-06,2.850830439463304,1.9360346511365563,1.655492598256315,1.6953344060501274,-1.0,-2.069022559569217,1.4001549779652556,0.10517773502896145,-1.505330516695204,0.49822374295783267,1.5707943970250022,0.0002903755221546067,0.0,-0.0004166723983622944,7.811346107722272e-06,-1.615039182366329e-05,8.211072334285419e-06,0.00041681604709364883,1.128866962130104e-07
219,0.006642014107220949,0.0066420136158395855,2.5547561756789863e-06,2.850830627927327,1.93565785441329,1.655492631176865,1.695609248869228,-1.0,-2.069416732259357,1.4001623734523607,0.10516244451898892,-1.505322742344964,0.49861805126823255,1.5707945034291253,0.00027484281910061803,0.0,-0.00039417269013997114,7.395487105155141e-06,-1.5290509972537558e-05,7.7743502400196e-06,0.00039430831039988234,1.0640412306806013e-07
220,0.006285645519941387,0.006285645055623569,2.415827062488613e-06,2.850830801402571,1.935301485894413,1.6554926622890762,1.6958693951630845,-1.0,-2.0697896386712933,1.4001693752594815,0.10514796801952181,-1.505315381470986,0.4989910857410012,1.5707946037512697,0.00026014629385651133,0.0,-0.00037290641193621354,7.001807120765591e-06,-1.4476499467105941e-05,7.360873977901861e-06,0.00037303447276865187,1.003221443696134e-07
221,0.005948576810934962,0.005948576372139777,2.284693540188685e-06,2.8508309612468103,1.9349644172482332,1.6554926916972268,1.696115635560173,-1.0,-2.070142442702934,1.4001760043794187,0.10513426211452621,-1.5053084120655043,0.4993440107135454,1.5707946983638295,0.0002462403970884264,0.0,-0.00035280403164072993,6.629119937207051e-06,-1.3705904995595097e-05,6.969405481838109e-06,0.00035292497254418853,9.46125597867109e-08
222,0.005629744125246683,0.005629743710526378,2.1606169891828755e-06,2.8508311086803775,1.934645584620343,1.6554927194988043,1.6963487176739072,-1.0,-2.070476242837146,1.400182280682423,0.10512128571114639,-1.5053018132929905,0.4996779250807713,1.57079478761342,0.0002330821137341843,0.0,-0.0003338001342121366,6.276303004204564e-06,-1.2976403379827417e-05,6.598772513743967e-06,0.00033391436722590706,8.924959060685467e-08
223,0.0053281441794839025,0.005328143787477728,2.0437962491038933e-06,2.8508312448013395,1.9343439847278339,1.655492745785075,1.6965693484908038,-1.0,-2.070792075995025,1.40018822297644,0.10510899991473516,-1.5052955654277833,0.49999386615026786,1.5707948718230358,0.00022063081689660535,0.0,-0.0003158331578787532,5.942294017069472e-06,-1.22857964112294e-05,6.247865207198444e-06,0.0003159410694965614,8.420961572497276e-08
224,0.0050428306149211425,0.005042830244349261,1.9330200753431377e-06,2.8508313705988804,1.934058671212409,1.6554927706415838,1.696778196621432,-1.0,-2.071090921144238,1.4001938490641193,0.10509736791065727,-1.505289649795001,0.5002928132524114,1.5707949512939794,0.00020884813062815866,0.0,-0.0002988451492131894,5.626087679289071e-06,-1.1632004077888336e-05,5.915632782294011e-06,0.0002989471021435097,7.947094360361007e-08
225,0.004772910590170973,0.0047729102398301245,1.8285370275064307e-06,2.850831486965112,1.9337887512330627,1.6554927941486017,1.6969758944224536,-1.0,-2.0713737026797845,1.4001991757967527,0.10508635485249557,-1.505284048714575,0.5005756911227461,1.5707950263075932,0.0001976978010216346,0.0,-0.00028278153554639474,5.32673263342609e-06,-1.1013058161701839e-05,5.601080425909899e-06,0.0002828778703347634,7.501361376505145e-08
226,0.004517541595741564,0.004517541264498856,1.729818804375322e-06,2.8508315947055167,1.9335333822806415,1.6554928163815201,1.6971630399975262,-1.0,-2.071641293593114,1.400204219125311,0.10507592775631062,-1.5052787454482464,0.5008433730725985,1.5707950971268179,0.00018714557507260032,0.0,-0.00026759091332939633,5.043328558329563e-06,-1.0427096184942308e-05,5.30326632874889e-06,0.00026768194985238303,7.081922470675295e-08
227,0.0042759284742666165,0.004275928161055615,1.6364161864869448e-06,2.8508316945481735,1.9332917691980818,1.6554928374112063,1.6973401990843373,-1.0,-2.0718945184442847,1.400208994148732,0.10506605540062305,-1.5052737241493706,0.5010966839626154,1.5707951639976,0.00017715908681115167,0.0,-0.00025322485117085236,4.775023420888758e-06,-9.872355687570722e-06,5.021298875806934e-06,0.0002533108900169001,6.687078224487664e-08
228,0.004047320631562505,0.00404732033537933,1.54828729723237e-06,2.8508317871519426,1.9330631613914706,1.655492857304326,1.697507906834573,-1.0,-2.072134156150686,1.400213515159606,0.10505670823180603,-1.5052689698153898,0.5013364029927599,1.5707952271501675,0.00016770775023577933,0.0,-0.00023963770640111903,4.521010874114495e-06,-9.347168817022689e-06,4.754333980727665e-06,0.00023971903014452511,6.315256739775066e-08
229,0.0038310094248752155,0.003831009144774392,1.4648682746226317e-06,2.8508318731136986,1.9328468502182965,1.6554928761236312,1.697666669493188,-1.0,-2.0723609426047958,1.400217795687403,0.10504785827459284,-1.5052644682428307,0.5015632663212491,1.570795286800185,0.00015876265861480832,0.0,-0.00022678645410989517,4.280527796884925e-06,-8.84995721318893e-06,4.501572559156841e-06,0.00022686332848920188,5.965001759200561e-08
230,0.003626325715785239,0.0036263254508752426,1.3857278749422551e-06,2.8508319529747688,1.9326421665403568,1.6554928939282236,1.697816965982943,-1.0,-2.072575573132492,1.400221848539369,0.10503947904742014,-1.505260205984697,0.5017779695239566,1.5707953431498098,0.00015029648975506404,0.0,-0.00021463052769643554,4.052851966029891e-06,-8.379227172700121e-06,4.262258133769237e-06,0.0002147032027074447,5.634962474410088e-08
231,0.0034326375762459777,0.0034326373256871245,1.3113021850586878e-06,2.850832027226633,1.9324484784298013,1.6554929107737963,1.697959249399795,-1.0,-2.0727787048025563,1.400225685839221,0.10503154548234314,-1.5052561703101328,0.5019811699049288,1.570795396388652,0.00014228341685207369,0.0,-0.00020313167006413835,3.837299852094134e-06,-7.933565077000715e-06,4.0356745640846015e-06,0.0002032003809722127,5.3238842223635174e-08
232,0.0032493481371541014,0.0032493479001540664,1.2408292753438584e-06,2.850832096316008,1.9322651890177023,1.6554929267128522,1.698093948424375,-1.0,-2.072970958597213,1.400229319063758,0.10502403384927361,-1.5052523491662346,0.5021734886678627,1.5707954466946548,0.0001346990245800761,0.0,-0.00019225379465659387,3.633224537002988e-06,-7.511633069529067e-06,3.821143898186108e-06,0.00019231876293390737,5.030600269684271e-08
233,0.0030758935696611795,0.003075893345473897,1.1740753414388502e-06,2.8508321606493543,1.9320917344753719,1.6554929417949078,1.698221468654463,-1.0,-2.073152921452814,1.4002327590774999,0.10501692168430495,-1.5052487311419003,0.5023555129576632,1.570795494234899,0.00012752023008788527,0.0,-0.00018196285560101444,3.4400137418622023e-06,-7.112164968667289e-06,3.6180243343508778e-06,0.00018202428980051977,4.7540244185739766e-08
234,0.0029117411902201615,0.002911740978141876,1.11111115707804e-06,2.8508322205969048,1.931927582119407,1.6554929560666787,1.6983421938630605,-1.0,-2.073325148179112,1.4002360161654637,0.10501018772190177,-1.505245305433607,0.502527797780525,1.5707955391663442,0.00012072520859751634,0.0,-0.00017222672629824132,3.2570879637816574e-06,-6.733962403179805e-06,3.4257082932587224e-06,0.00017228482286180125,4.493144523110004e-08
235,0.002756387681029162,0.00275638748039558,1.0515617587791778e-06,2.850832276496255,1.9317722286321364,1.6554929695722516,1.698456487186383,-1.0,-2.073488163264945,1.4002391000641745,0.10500381183074374,-1.5052420618130147,0.502690867810372,1.5707955816365091,0.00011429332332246744,0.0,-0.0001630150858327184,3.083898710842803e-06,-6.375891158025282e-06,3.2436205923414008e-06,0.00016307002984694563,4.247016494041134e-08
236,0.00260935741818151,0.002609357228365389,9.949245442524127e-07,2.850832328655553,1.9316251983897714,1.6554929823532438,1.6985646922458169,-1.0,-2.0736424625775993,1.4002420199910097,0.10499777495302474,-1.5052389905962993,0.5028452190889229,1.5707956217840982,0.0001082050594338746,0.0,-0.00015429931265442676,2.9199268352098073e-06,-6.036877718995637e-06,3.0712167153890135e-06,0.00015435127855090158,4.0147589031036546e-08
237,0.0024702009003955347,0.00247020072080579,9.414892792065083e-07,2.8508323773563724,1.9314860418911395,1.6554929944489518,1.6986671342076538,-1.0,-2.0737885149626014,1.4002447846719643,0.10499205904701958,-1.5052360826151236,0.502991320626134,1.5707956597395811,0.00010244196183695209,0.0,-0.0001460523850020934,2.7646809546144624e-06,-5.7159060051631405e-06,2.9079811756371754e-06,0.00014610153721117403,3.7955482978802024e-08
238,0.0023384932717462094,0.0023384931018247514,8.910844557122319e-07,2.8508324228562607,1.9313543342804138,1.6554930058964883,1.6987641207841664,-1.0,-2.0739267637502006,1.4002474023679246,0.10498664703274078,-1.5052333291891575,0.503129615907294,1.570795695625727,9.698657651258102e-05,0.0,-0.00013824878759916004,2.6176959602164374e-06,-5.412014278796673e-06,2.7534259661177174e-06,0.00013829528115993917,3.588614583271976e-08
239,0.0022138329322795233,0.0022138327714993603,8.432003468749242e-07,2.8508324653910346,1.9312296739577302,1.655493016730912,1.6988559431793875,-1.0,-2.0740576281743848,1.4002498808995292,0.10498152274051772,-1.5052307221000654,0.5032605243126074,1.5707957295580994,9.182239522109725e-05,0.0,-0.00013086442418419608,2.4785316046216366e-06,-5.124292223060434e-06,2.607089092165893e-06,0.0001309084053133791,3.393237246740455e-08
240,0.002095840230846319,0.0020958400787093657,7.980124854443216e-07,2.850832505176829,1.931111681272021,1.655493026985345,1.6989428769827413,-1.0,-2.0741815047098564,1.4002522276706963,0.10497667086233944,-1.5052282535668833,0.5033844424547016,1.570795761645516,8.693380335378365e-05,0.0,-0.00012387653547163424,2.3467711671720792e-06,-4.851878178280256e-06,2.4685331820872847e-06,0.00012391814209422591,3.2087416501624944e-08
241,0.001984156234905551,0.0019841560909423443,7.551228677821295e-07,2.8508325424119354,1.9309999972908216,1.6554930366910865,1.6990251830134935,-1.0,-2.0742987683320275,1.4002544496908869,0.10497207690581149,-1.5052259162227097,0.5035017454391176,1.5707957919904723,8.230603075221055e-05,0.0,-0.00011726362217112651,2.2220201905120973e-06,-4.5939565279512484e-06,2.337344173541922e-06,0.00011730298441603448,3.0344956325478734e-08
242,0.00187844157241287,0.001878441436179296,7.152557373047027e-07,2.850832577278458,1.9308942826421558,1.6554930458777173,1.699103108118807,-1.0,-2.0744097737047493,1.4002565535961724,0.10496772715058504,-1.5052237030926425,0.503612788052504,1.5707958206895387,7.792510531356989e-05,0.0,-0.00011100537272179523,2.103905285544272e-06,-4.349755226451535e-06,2.2131300672079135e-06,0.00011104261338634736,2.869906645663889e-08
243,0.0017783753412472512,0.0017783752123245015,6.766505563105908e-07,2.85083260994379,1.9307942164239666,1.6554930545731978,1.699176885928023,-1.0,-2.0745148563001763,1.4002585456691743,0.10496360860712461,-1.5052216075728924,0.5037179058829142,1.570795847833727,7.377780921591359e-05,0.0,-0.00010508259542696408,1.992073001888528e-06,-4.118543460426838e-06,2.0955197501670852e-06,0.00010511783041022849,2.7144188230465716e-08
244,0.0016836540819688225,0.0016836539599601184,6.40229912368691e-07,2.8508326405619573,1.9306994951768714,1.6554930628039592,1.6992467375656348,-1.0,-2.07461433345487,1.4002604318579328,0.1049597089776877,-1.5052196234110113,0.5038174163763175,1.5707958735088319,6.985163761186186e-05,0.0,-9.947715469360574e-05,1.886188758515317e-06,-3.899629436920904e-06,1.98416188101902e-06,9.951049340328755e-05,2.5675104931011106e-08
245,0.0015939908099545823,0.0015939906944864384,6.060212674040516e-07,2.850832669274812,1.9306098319163023,1.6554930705949913,1.6993128723252768,-1.0,-2.0747085053659795,1.4002622177937643,0.10495601661939681,-1.505217744687178,0.5039116198331577,1.570795897795751,6.613475964201143e-05,0.0,-9.417191110960843e-05,1.785935831444263e-06,-3.692358290882658e-06,1.8787238333928258e-06,9.420345684019171e-05,2.4286919142468832e-08
246,0.0015091141032806915,0.001509113993999163,5.74033268817022e-07,2.850832696213117,1.9305249552203838,1.655493077969922,1.6993754883069092,-1.0,-2.074797656031078,1.400263908808162,0.10495252050929108,-1.50521596579648,0.504000800348548,1.5707959207707805,6.261598163237458e-05,0.0,-8.915066509862513e-05,1.6910143978421388e-06,-3.4961101057356947e-06,1.7788906978566388e-06,8.918051539030802e-05,2.2975029434491034e-08
247,0.001428767242905421,0.0014287671394766514,5.430241572346932e-07,2.8508327214975275,1.9304446083701206,1.6554930849510943,1.699434773019261,-1.0,-2.0748820541350135,1.400265509948793,0.10494921021125016,-1.5052142814321434,0.504085226699454,1.5707959425058928,5.928471235172594e-05,0.0,-8.439810393534586e-05,1.6011406309690557e-06,-3.3102980409177585e-06,1.6843643366737382e-06,8.442635090599726e-05,2.1735112376575216e-08
248,0.0013527074019939402,0.00135270730410168,5.140360686379829e-07,2.8508327452394644,1.9303685485387192,1.6554930915596389,1.6994909039494628,-1.0,-2.0749619538869015,1.4002670259946357,0.10494607584468983,-1.505212686569655,0.5041651531820017,1.5707959630689958,5.613093020184756e-05,0.0,-7.989975188804621e-05,1.5160458426421997e-06,-3.1343665603256188e-06,1.5948624885187002e-06,7.992648254773194e-05,2.0563102998139016e-08
249,0.001280704881393342,0.0012807047887396443,4.865177785549959e-07,2.8508327675419154,1.930296546027067,1.6554930978155404,1.6995440491017013,-1.0,-2.0750375958102034,1.400268461470309,0.10494310805493345,-1.505211176451734,0.5042408204018478,1.5707959825241737,5.314515223853178e-05,0.0,-7.564192330189456e-05,1.4354756732171126e-06,-2.967789756377903e-06,1.5101179209331406e-06,7.566721984608726e-05,1.9455177913130228e-08
250,0.0012125423884994278,0.0012125423008016395,4.6073272328795325e-07,2.850832788500155,1.9302283835425946,1.6554931037377003,1.6995943675066092,-1.0,-2.0751092074886324,1.400269820659635,0.10494029798516921,-1.505209746574104,0.5043124560203623,1.5707960009319142,5.0318404907878644e-05,0.0,-7.161167842895111e-05,1.3591893259778942e-06,-2.810069764241918e-06,1.429877630076959e-06,7.163561851453171e-05,1.840774044303828e-08
251,0.0011480143569053498,0.0011480142738964924,4.3546078193791427e-07,2.850832808202395,1.9301638555189293,1.6554931093439986,1.6996420097030145,-1.0,-2.075177004270467,1.400271107618475,0.1049376372499076,-1.5052083926720237,0.5043802754592022,1.5707960183493195,4.764219640529532e-05,0.0,-6.779678183477245e-05,1.286958840163166e-06,-2.660735261617031e-06,1.3539020802255664e-06,6.781943883982233e-05,1.741740529581648e-08
252,0.0010869263044124766,0.0010869262258403536,4.1187628987685893e-07,2.8508328267303735,1.9301027674739037,1.655493114651349,1.6996871181935786,-1.0,-2.0752411899336884,1.4002723261868804,0.10493511790985846,-1.5052071107075369,0.5044444825656894,1.5707960348303045,4.5108490564160775e-05,0.0,-6.418566322130559e-05,1.2185684052923307e-06,-2.5193400491341222e-06,1.2819644867878566e-06,6.420710648724626e-05,1.6480985021161132e-08
253,0.0010290942271357405,0.0010290941527621006,3.908537938774849e-07,2.8508328441598962,1.930044935403662,1.6554931196757523,1.69972982787576,-1.0,-2.075301957314201,1.4002734800005923,0.10493273244815132,-1.505205896857401,0.504505270241264,1.5707960504257832,4.270968218134108e-05,0.0,-6.076738051241648e-05,1.1538137119071479e-06,-2.385461707138381e-06,1.2138501359615361e-06,6.078767557460285e-05,1.5595478686236675e-08
254,0.0009743440275731765,0.0009743439571722584,3.6983709472390795e-07,2.850832860561319,1.9299901852107284,1.655493124432346,1.6997702664494647,-1.0,-2.07535948889927,1.4002745725019288,0.10493047374782657,-1.5052047475016601,0.5045628210351346,1.5707960651838413,4.0438573704726366e-05,0.0,-5.7531585069270363e-05,1.0925013365081782e-06,-2.25870032474762e-06,1.1493557408037702e-06,5.7550793870597694e-05,1.4758058108910177e-08
255,0.0009225109746514497,0.0009225109080101286,3.500980175873873e-07,2.8508328759999877,1.9299383521640552,1.655493128935453,1.6998085548026662,-1.0,-2.075413957388167,1.4002756069500888,0.10492833507052947,-1.5052036592128268,0.5046173077051258,1.5707960791499007,3.828835320152102e-05,0.0,-5.446848889700817e-05,1.0344481600199629e-06,-2.1386772971060397e-06,1.0882888332730545e-06,5.448666999119389e-05,1.3966059420056354e-08
256,0.0008734391938855332,0.0008734391308017371,3.3119485930938973e-07,2.8508328905366436,1.92988928038918,1.655493133198624,1.6998448073762018,-1.0,-2.0754655262218953,1.4002765864309064,0.10492631003634217,-1.5052026287456404,0.5046688937475954,1.5707960923668722,3.625257353556677e-05,0.0,-5.1568833728143915e-05,9.794808175644931e-07,-2.0250341872946054e-06,1.0304671864691528e-06,5.1586042469575766e-05,1.3216971517238107e-08
257,0.0008269811858957194,0.000826981126178882,3.132789737228859e-07,2.8508329042277887,1.9298428223867456,1.6554931372346806,1.6998791325088867,-1.0,-2.075514350083761,1.4002775138660841,0.10492439260469286,-1.5052016530273713,0.5047177338981848,1.5707961048752994,3.432513268486481e-05,0.0,-4.882386186588761e-05,9.274351777666112e-07,-1.917431649317569e-06,9.757182690695032e-07,4.884015058936875e-05,1.2508427182922333e-08
258,0.0007829973716530371,0.0007829973151223711,2.965293637235831e-07,2.850832917126018,1.9297988385777427,1.6554931410557567,1.699911632764024,-1.0,-2.075560575372443,1.4002783920219333,0.1049225770562841,-1.5052007291486416,0.5047639746050557,1.570796116713493,3.2500255137346556e-05,0.0,-4.6225288681700505e-05,8.781558491488539e-07,-1.8155484087511997e-06,9.238787297416451e-07,4.624070687098136e-05,1.1838193536561903e-08
259,0.0007413556629003244,0.0007413556093853493,2.8036367479304735e-07,2.8508329292803207,1.9297571968739335,1.655493144673333,1.6999424052383252,-1.0,-2.0756043406491136,1.4002792235176478,0.10492085797598581,-1.505199854354735,0.5048077544761723,1.5707961279176588,3.077247430116614e-05,0.0,-4.376527667071528e-05,8.314957145039159e-07,-1.7190802982930409e-06,8.74793906646687e-07,4.377987111658932e-05,1.1204165817346734e-08
260,0.0007019310563211977,0.0007019310056600818,2.6572576910446673e-07,2.8508329407363653,1.929717772272019,1.655493148098274,1.699971541854202,-1.0,-2.0756457770600796,1.4002800108331366,0.10491923023664101,-1.5051990260373689,0.50484920470209,1.570796138522016,2.9136615876890204e-05,0.0,-4.143641096598927e-05,7.873154888038414e-07,-1.6277393447977628e-06,8.283173660306176e-07,4.14502259177274e-05,1.0604357170151957e-08
261,0.000664605250083359,0.0006646052021239591,2.511188320272082e-07,2.8508329515367437,1.929680446470184,1.655493151340863,1.6999991296363346,-1.0,-2.0756850087363157,1.4002807563164381,0.10491768898373571,-1.5051982417269067,0.5048884494556305,1.57079614855891,2.7587782132521e-05,0.0,-3.923167623609558e-05,7.454833015341222e-07,-1.5412529053016044e-06,7.843104621318986e-07,3.92447535404461e-05,1.0036893982601214e-08
262,0.0006292662814919151,0.0006292662360890677,2.384185791015631e-07,2.850832961721208,1.9296451075057481,1.655493154410829,1.7000252509733715,-1.0,-2.075722153171187,1.4002814621907402,0.10491622962088644,-1.505197499084982,0.5049256062697373,1.5707961580589171,2.612133703694397e-05,0.0,-3.714443487146113e-05,7.05874302120435e-07,-1.4593628492737265e-06,7.426419248446336e-07,3.7156814106764635e-05,9.500007225327067e-09
263,0.0005958081845518837,0.0005958081415689461,2.2401357260902137e-07,2.8508329713268834,1.9296116494127316,1.6554931573173817,1.7000499838655718,-1.0,-2.075757321577582,1.4002821305610236,0.10491484779610158,-1.5051967958975174,0.5049607863947331,1.570796167050945,2.4732892200285406e-05,0.0,-3.516840639505858e-05,6.68370283340991e-07,-1.3818247848601528e-06,7.031874644791714e-07,3.518012499581502e-05,8.992027789034296e-09
264,0.0005641306663141298,0.0005641306256221035,2.11785292678355e-07,2.8508329803884607,1.929579971898199,1.6554931600692369,1.7000734021591475,-1.0,-2.0757906192256006,1.4002827634203532,0.10491353938877546,-1.5051961300681151,0.5049940951361281,1.5707961755623243,2.3418293575661053e-05,0.0,-3.32976480184044e-05,6.328593296078822e-07,-1.3084073261226958e-06,6.658294022798827e-07,3.330874139506612e-05,8.511379379072537e-09
265,0.0005341388009409135,0.0005341387624171482,2.0102765505361653e-07,2.8508329889383717,1.9295499800363247,1.6554931626746436,1.7000955757680325,-1.0,-2.075822145761885,1.4002833626558333,0.1049123004973756,-1.5051954996117984,0.5050256321740599,1.5707961836188988,2.2173608885012186e-05,0.0,-3.152653628424318e-05,5.992354801254152e-07,-1.2388913998573337e-06,6.304563167081056e-07,3.153703793179474e-05,8.056574518633397e-09
266,0.0005057427405042745,0.0005057427040325272,1.9082797281243975e-07,2.850832997006959,1.9295215839791926,1.655493165141409,1.7001165708837567,-1.0,-2.0758519955116053,1.4002839300542456,0.10491112742778623,-1.5051949026490867,0.5050554918653865,1.5707961912451063,2.0995115724176117e-05,0.0,-2.984974972042309e-05,5.67398412254505e-07,-1.1730695893691356e-06,5.969627117075049e-07,2.9859691326517e-05,7.626207443323096e-09
267,0.00047885744156558055,0.0004788574070365408,1.8005141576520485e-07,2.8508330046226207,1.9294946986833759,1.6554931674769235,1.7001364501740681,-1.0,-2.075880257764069,1.400284467307386,0.10491001668227302,-1.5051943374003864,0.5050837635293917,1.5707961984640575,1.9879290311441977e-05,0.0,-2.8262252463662207e-05,5.372531404201908e-07,-1.1107455132053357e-06,5.652487002905104e-07,2.8271664005208308e-05,7.218951214582603e-09
268,0.0004534024066682605,0.00045340237397809794,1.698993779866605e-07,2.8508330118119507,1.929469243651428,1.6554931696881816,1.7001552729709133,-1.0,-2.0759070170428493,1.4002849760171183,0.10490896494903579,-1.5051938021806792,0.5051105317180107,1.5707962052976094,1.882279684517485e-05,0.0,-2.6759278780374984e-05,5.087097323386303e-07,-1.0517332372367294e-06,5.352197072205911e-07,2.676818861901964e-05,6.833551946527905e-09
269,0.0004293014398983991,0.0004293014089488845,1.6186804311275822e-07,2.850833018599864,1.929445142687445,1.6554931717818038,1.7001730954483498,-1.0,-2.075932353361297,1.4002854577001576,0.10490796909231762,-1.5051932953944944,0.5051358764714273,1.5707962117664354,1.7822477436535422e-05,0.0,-2.533631844769957e-05,4.816830392329052e-07,-9.95856718172261e-07,5.067861847951605e-07,2.5344753416645105e-05,6.468825919370147e-09
270,0.0004064824157411455,0.0004064823864393446,1.5196262340524166e-07,2.8508330250097162,1.9294223236659214,1.6554931737640577,1.7001899707909331,-1.0,-2.0759563424642313,1.4002859137925994,0.10490702614304107,-1.5051928155311478,0.5051598735598499,1.5707962178900887,1.687534258332235e-05,0.0,-2.3989102934329765e-05,4.5609244181399333e-07,-9.429492765500314e-07,4.798633466140956e-07,2.39970884226004e-05,6.123653362166692e-09
271,0.00038487706048730575,0.0003848770327455136,1.429269171748377e-07,2.8508330310634125,1.9294007183131567,1.6554931756408744,1.700205949353094,-1.0,-2.075979056056576,1.4002863456542078,0.10490613328994286,-1.5051923611602342,0.5051825947122255,1.5707962236870663,1.59785621609565e-05,0.0,-2.2713592344736355e-05,4.318616084741933e-07,-8.92853098205526e-07,4.543709135607088e-07,2.272115237555994e-05,5.7969775646427024e-09
272,0.0003644207455004548,0.00036442071923548005,1.3493575361575816e-07,2.8508330367814985,1.9293802620005227,1.65549317741787,1.7002210788099892,-1.0,-2.0760005620196518,1.4002867545724749,0.10490528787118075,-1.5051919309273598,0.5052041078326073,1.570796229174865,1.512945689507994e-05,0.0,-2.1505963075707513e-05,4.089182670252711e-07,-8.454187621076414e-07,4.302328744376638e-07,2.1513120381788653e-05,5.4877986599422e-09
273,0.00034505229168286687,0.00034505226681555185,1.2818463544611084e-07,2.850833042183264,1.9293608935489288,1.65549317910036,1.7002354043002859,-1.0,-2.076020924615807,1.4002871417664637,0.10490448736638723,-1.5051915235501014,0.5052244772048536,1.5707962343700377,1.4325490296673848e-05,0.0,-2.0362596155010237e-05,3.87193988871104e-07,-8.005047935216725e-07,4.073772583712554e-07,2.0369372246364925e-05,5.195172736449649e-09
274,0.00032671378452698397,0.00032671376098307247,1.2105760581248948e-07,2.8508330472868195,1.9293425550438754,1.655493180693376,1.7002489685613142,-1.0,-2.076040204682016,1.4002875083904478,0.10490372938914631,-1.5051911378141807,0.5052437636862959,1.5707962392882446,1.3564261028387037e-05,0.0,-1.9280066209326208e-05,3.666239840605101e-07,-7.579772409171959e-07,3.857359207604105e-07,1.9286481442226666e-05,4.918206952808646e-09
275,0.00030935039917177046,0.00030935037688101214,1.1542389828584848e-07,2.8508330521091776,1.9293251916605083,1.655493182201681,1.700261812056997,-1.0,-2.076058459813058,1.4002878555373557,0.10490301167987073,-1.5051907725698421,0.5052620248909759,1.5707962439443017,1.2843495682757222e-05,0.0,-1.8255131041922112e-05,3.4714690788639757e-07,-7.177092755800141e-07,3.6524433855156246e-07,1.8261204680070087e-05,4.656057095431265e-09
276,0.00029291023490906774,0.0002929102138043352,1.0950072449966577e-07,2.8508330566663234,1.929308751498125,1.6554931836297853,1.7002739730989456,-1.0,-2.0760757445348337,1.400288184242033,0.10490233209905833,-1.5051904267284235,0.5052793153630252,1.5707962483522273,1.2161041948566265e-05,0.0,-1.728472177564555e-05,3.287046772548763e-07,-6.795808124016034e-07,3.4584141861415674e-07,1.7290472049236172e-05,4.407925580096617e-09
277,0.00027734415861836205,0.00027734413863633435,1.0323827311807144e-07,2.850833060973287,1.9292931854236115,1.6554931849819565,1.7002854879610891,-1.0,-2.0760921104683647,1.4002884954843307,0.10490168862090726,-1.5051900992591085,0.5052956867407189,1.5707962525252857,1.1514862143569005e-05,0.0,-1.6365933531048427e-05,3.1124229771251066e-07,-6.434781510689103e-07,3.274693149979413e-07,1.6371377693724654e-05,4.173058343326375e-09
278,0.00026260565665346333,0.00026260563773465454,9.65705618025044e-08,2.850833065044199,1.9292784469233275,1.6554931862622364,1.700296390988183,-1.0,-2.0761076064849804,1.4002887901920282,0.10490107932727102,-1.5051897891858521,0.5053111879117149,1.5707962564760272,1.0903027093833728e-05,0.0,-1.5496016615657027e-05,2.9470769757899973e-07,-6.092936362389612e-07,3.100732564043085e-07,1.5501170996023994e-05,3.950741511715705e-09
279,0.0002486506947094659,0.00024865067679693154,8.940696716308596e-08,2.850833068892354,1.929264491962973,1.6554931874744496,1.7003067146985262,-1.0,-2.076122278853167,1.400289069243603,0.10490050240193509,-1.50518949558447,0.5053258651599543,1.5707962602163286,1.032371034326296e-05,0.0,-1.4672368186641194e-05,2.7905157473639974e-07,-5.769253359350079e-07,2.9360138209533204e-07,1.4677248239336471e-05,3.740301401933266e-09
280,0.00023543758522879247,0.00023543756826928904,8.429369702178808e-08,2.85083307253026,1.9292512788549958,1.655493188622219,1.7003164898811978,-1.0,-2.0761361713775384,1.4002893334708497,0.10489995612519806,-1.505189217579882,0.5053397623046773,1.5707962637574282,9.77518267153421e-06,0.0,-1.3892524371339476e-05,2.642272467490159e-07,-5.4627673702623e-07,2.780045880168558e-07,1.3897144722996302e-05,3.541099635739897e-09
281,0.0002229268619552994,0.00022292684589756646,7.884953353001449e-08,2.850833075969691,1.929238768133144,1.6554931897089724,1.7003257456881045,-1.0,-2.0761493255303476,1.4002895836613636,0.10489943886874119,-1.5051889543435026,0.5053529208319817,1.5707962671099613,9.25580690669392e-06,0.0,-1.315415280922494e-05,2.5019051386188096e-07,-5.172564568750593e-07,2.6323637936087607e-07,1.3158527304435452e-05,3.3525331399886227e-09
282,0.0002110811612216621,0.00021108114601804461,7.300048299977716e-08,2.8508330792217347,1.9292269224337555,1.6554931907379562,1.700334509721121,-1.0,-2.0761617805759496,1.4002898205608885,0.10489894909077066,-1.5051887050907704,0.5053653800193267,1.5707962702839928,8.764033016639416e-06,0.0,-1.2455045601988957e-05,2.3689952488581412e-07,-4.897779705276273e-07,2.492527322317528e-07,1.2459187345048583e-05,3.17403148208939e-09
283,0.00019986510962609984,0.00019986509523084697,7.300048299977716e-08,2.850833082296829,1.929215706383432,1.6554931917122433,1.7003428081145817,-1.0,-2.0761735736885933,1.4002900448755424,0.10489848533141846,-1.5051884690788078,0.5053771770533643,1.570796273289048,8.298393460615117e-06,0.0,-1.1793112643765369e-05,2.2431465396266503e-07,-4.637593521983341e-07,2.3601196263989266e-07,1.179703403753063e-05,3.0050550936522313e-09
284,0.00018924521773405357,0.0001892452041042911,6.664001874625058e-08,2.8508330852048114,1.9292050864927437,1.655493192634743,1.7003506656133744,-1.0,-2.076184740063903,1.4002902572739233,0.10489804620838769,-1.5051882456042063,0.5053883471414587,1.5707962761341412,7.857498792729345e-06,0.0,-1.1166375309734633e-05,2.123983808832719e-07,-4.391230307709826e-07,2.2347460149063636e-07,1.1170088094480946e-05,2.845093272085819e-09
285,0.00017918977949485433,0.00017918976659000998,6.322027276634106e-08,2.850833087954947,1.9291950310556434,1.65549319350821,1.7003581056468728,-1.0,-2.0761953130243906,1.4002904583891036,0.1048976304128296,-1.5051880340009292,0.5053989236172354,1.5707962788278045,7.440033498395948e-06,0.0,-1.0572960487564842e-05,2.0111518028720354e-07,-4.157955580952333e-07,2.116032771226628e-07,1.0576475776624683e-05,2.6936632924190462e-09
286,0.00016966877704408006,0.0001696687648253157,5.575503985246929e-08,2.8508330905559736,1.9291855100542699,1.6554931943352518,1.7003651503989277,-1.0,-2.076205324119322,1.400290648820518,0.1048972367054398,-1.5051878336383255,0.5054089380404794,1.5707962813781127,7.044752054818915e-06,0.0,-1.001109493126151e-05,1.9043141441521527e-07,-3.9370738980082365e-07,2.0036260361955271e-07,1.0014423243998039e-05,2.550308186854977e-09
287,0.0001606537906180511,0.00016065377904881205,5.575503985246929e-08,2.8508330930161225,1.929176495068863,1.6554931951183376,1.7003718208741279,-1.0,-2.07621480321924,1.4002908291357512,0.10489686391276216,-1.50518764391925,0.5054184202916907,1.5707962837927087,6.670475200198922e-06,0.0,-9.479099917886202e-06,1.8031523318917664e-07,-3.727926776303514e-07,1.8971907556064593e-07,9.482251211334614e-06,2.4145960786370324e-09
288,0.00015211791329312855,0.00015211790233903268,4.712160915387242e-08,2.85083309534316,1.9291679591925026,1.6554931958598045,1.7003781369605335,-1.0,-2.07622377860543,1.4002909998722313,0.10489651092368923,-1.5051874642782819,0.5054273986615817,1.5707962860788267,6.31608640566661e-06,0.0,-8.975386190268608e-06,1.7073648006515896e-07,-3.529890729297991e-07,1.796409681009692e-07,8.978369890999538e-06,2.2861179616029403e-09
289,0.00014403567029513907,0.00014403565992342877,5.16191365590357e-08,2.8508330975444083,1.9291598769504172,1.6554931965618656,1.700384117489065,-1.0,-2.0762322770546078,1.4002911615388316,0.10489617668614865,-1.5051872941800404,0.5054358999357903,1.5707962882433135,5.980528531512874e-06,0.0,-8.49844917771847e-06,1.6166660032901348e-07,-3.34237540589033e-07,1.70098241492056e-07,8.501274208594367e-06,2.1644868120063165e-09
290,0.0001363829426240137,0.00013638293280367848,4.2146848510894035e-08,2.850833099626775,1.9291522242236097,1.655493197226616,1.7003897802897305,-1.0,-2.0762403239190754,1.4002913146173885,0.10489586020396581,-1.5051871331175875,0.505443949475066,1.5707962902926504,5.6628006654957375e-06,0.0,-8.046864467647907e-06,1.530785569414661e-07,-3.164821828355313e-07,1.6106245293023846e-07,8.049539275689632e-06,2.0493369223828495e-09
291,0.00012913689477137583,0.00012913688547305907,4.2146848510894035e-08,2.850833101596778,1.9291449781765742,1.65549319785604,1.7003951422448584,-1.0,-2.0762479432026,1.4002914595641383,0.10489556053389337,-1.5051869806109168,0.5054515712911716,1.5707962922329721,5.361955127902718e-06,0.0,-7.6192835245514345e-06,1.4494674971388122e-07,-2.996700724372525e-07,1.5250667062538525e-07,7.621816105585211e-06,1.940321681104251e-09
292,0.00012227590630370461,0.0001222758974996151,4.2146848510894035e-08,2.8508331034605665,1.9291381171888797,1.6554931984520151,1.7004002193394958,-1.0,-2.076255157632235,1.4002915968110776,0.10489527678279861,-1.5051868362055236,0.505458788118731,1.5707962940700855,5.0770946373734915e-06,0.0,-7.214429635027386e-06,1.3724693936900678e-07,-2.837510947595323e-07,1.4440539319870993e-07,7.216827559441974e-06,1.8371133503336523e-09
293,0.00011577950710323986,0.00011577949876706745,3.6500241499888574e-08,2.850833105223945,1.929131620790411,1.65549319901632,1.7004050267091237,-1.0,-2.076261988726312,1.4002917267672514,0.10489500810500033,-1.5051866994710486,0.5054656214832413,1.5707962958094872,4.807369627934932e-06,0.0,-6.831094077064392e-06,1.299561738221655e-07,-2.686777982874311e-07,1.3673447507578373e-07,6.833364510239193e-06,1.7394017337579726e-09
294,0.0001096283160718925,0.00010962830817895177,3.6500241499888574e-08,2.8508331068923947,1.9291254696000724,1.6554931995506381,1.7004095786848323,-1.0,-2.0762684568587977,1.4002918498199728,0.1048947536997473,-1.5051865699999956,0.5054720917654537,1.570796297456381,4.551975708588785e-06,0.0,-6.4681324856152855e-06,1.2305272134582879e-07,-2.544052530306651e-07,1.2947105298977135e-07,6.470282212456269e-06,1.646893732498711e-09
295,0.00010380398311298388,0.00010380397563947236,2.9802322387695312e-08,2.8508331084710865,1.9291196452677688,1.6554932000565634,1.7004138888360913,-1.0,-2.076274581320221,1.4002919663359774,0.10489451280883087,-1.5051864474065166,0.5054782182623194,1.570796299015692,4.3101512590126845e-06,0.0,-6.124461423340222e-06,1.16516004622369e-07,-2.4089091642254257e-07,1.2259347892396022e-07,6.126496865710429e-06,1.5593111246658964e-09
296,9.828913420894663e-05,9.828912713254008e-05,2.1073424255447017e-08,2.8508331099649062,1.929114130419485,1.6554932005356051,1.7004179700112447,-1.0,-2.076280380375346,1.400292076662517,0.1048942847143243,-1.505186331325262,0.505484019244683,1.5707963004920835,4.0811751533809115e-06,0.0,-5.7990551249886835e-06,1.1032653968179318e-07,-2.28094506574128e-07,1.1608125460860208e-07,5.800982363579621e-06,1.4763914535365075e-09
